// Created by Tree IT
mtllib Resinwood_Tree_L_leaves_LOD1.mtl
o tree
# Position
v -0.92859 24.92170 14.27549 0.49412 0.50588 0.49804 1.00000
v -1.44112 17.99218 12.80828 0.49412 0.50588 0.49804 1.00000
v 1.11282 21.46915 10.55015 0.49412 0.50588 0.49804 1.00000
v 3.32287 18.51189 6.99127 0.49412 0.50588 0.49804 1.00000
v 3.83540 25.44141 8.45847 0.49412 0.50588 0.49804 1.00000
v -1.44112 17.99218 12.80828 0.49412 0.50588 0.49804 1.00000
v -0.92859 24.92170 14.27549 0.49412 0.50588 0.49804 1.00000
v 1.11282 21.46915 10.55015 0.49412 0.50588 0.49804 1.00000
v 3.32287 18.51189 6.99127 0.49412 0.50588 0.49804 1.00000
v 3.83540 25.44141 8.45847 0.49412 0.50588 0.49804 1.00000
v 1.65347 24.92101 15.81581 0.49412 0.50588 0.49804 1.00000
v 0.49749 18.60684 15.68518 0.49412 0.50588 0.49804 1.00000
v 2.77665 21.57778 12.79479 0.49412 0.50588 0.49804 1.00000
v 3.86442 18.67004 9.75664 0.49412 0.50588 0.49804 1.00000
v 5.02039 24.98421 9.88726 0.49412 0.50588 0.49804 1.00000
v 0.49749 18.60684 15.68518 0.49412 0.50588 0.49804 1.00000
v 1.65347 24.92101 15.81581 0.49412 0.50588 0.49804 1.00000
v 2.77665 21.57778 12.79479 0.49412 0.50588 0.49804 1.00000
v 3.86442 18.67004 9.75664 0.49412 0.50588 0.49804 1.00000
v 5.02039 24.98421 9.88726 0.49412 0.50588 0.49804 1.00000
v 11.49641 24.23094 12.54904 0.49412 0.50588 0.49804 1.00000
v 11.38132 30.55533 13.64947 0.49412 0.50588 0.49804 1.00000
v 8.25137 27.89124 12.01009 0.49412 0.50588 0.49804 1.00000
v 4.90931 31.26019 11.64619 0.49412 0.50588 0.49804 1.00000
v 5.02440 24.93581 10.54577 0.49412 0.50588 0.49804 1.00000
v 11.38132 30.55533 13.64947 0.49412 0.50588 0.49804 1.00000
v 11.49641 24.23094 12.54904 0.49412 0.50588 0.49804 1.00000
v 8.25137 27.89124 12.01009 0.49412 0.50588 0.49804 1.00000
v 4.90931 31.26019 11.64619 0.49412 0.50588 0.49804 1.00000
v 5.02440 24.93581 10.54577 0.49412 0.50588 0.49804 1.00000
v -1.70542 21.27629 14.31157 0.49412 0.50588 0.49804 1.00000
v -1.06998 16.28932 12.02913 0.49412 0.50588 0.49804 1.00000
v 1.37799 19.46350 12.43544 0.49412 0.50588 0.49804 1.00000
v 4.31953 18.11598 10.64169 0.49412 0.50588 0.49804 1.00000
v 3.68408 23.10296 12.92413 0.49412 0.50588 0.49804 1.00000
v -1.06998 16.28932 12.02913 0.49412 0.50588 0.49804 1.00000
v -1.70542 21.27629 14.31157 0.49412 0.50588 0.49804 1.00000
v 1.37799 19.46350 12.43544 0.49412 0.50588 0.49804 1.00000
v 4.31953 18.11598 10.64169 0.49412 0.50588 0.49804 1.00000
v 3.68408 23.10296 12.92413 0.49412 0.50588 0.49804 1.00000
v 3.41244 17.91529 17.24964 0.49412 0.50588 0.49804 1.00000
v 6.51948 21.21022 20.40765 0.49412 0.50588 0.49804 1.00000
v 4.57132 21.62203 16.76919 0.49412 0.50588 0.49804 1.00000
v 6.20579 25.66381 16.65319 0.49412 0.50588 0.49804 1.00000
v 3.09875 22.36889 13.49518 0.49412 0.50588 0.49804 1.00000
v 6.51948 21.21022 20.40765 0.49412 0.50588 0.49804 1.00000
v 3.41244 17.91529 17.24964 0.49412 0.50588 0.49804 1.00000
v 4.57132 21.62203 16.76919 0.49412 0.50588 0.49804 1.00000
v 6.20579 25.66381 16.65319 0.49412 0.50588 0.49804 1.00000
v 3.09875 22.36889 13.49518 0.49412 0.50588 0.49804 1.00000
v 1.91162 21.32363 17.97716 0.49412 0.50588 0.49804 1.00000
v -3.25872 23.22927 17.63180 0.49412 0.50588 0.49804 1.00000
v -0.20421 23.21117 15.05458 0.49412 0.50588 0.49804 1.00000
v -1.88439 24.96917 12.20927 0.49412 0.50588 0.49804 1.00000
v 3.28595 23.06352 12.55463 0.49412 0.50588 0.49804 1.00000
v -3.25872 23.22927 17.63180 0.49412 0.50588 0.49804 1.00000
v 1.91162 21.32363 17.97716 0.49412 0.50588 0.49804 1.00000
v -0.20421 23.21117 15.05458 0.49412 0.50588 0.49804 1.00000
v -1.88439 24.96917 12.20927 0.49412 0.50588 0.49804 1.00000
v 3.28595 23.06352 12.55463 0.49412 0.50588 0.49804 1.00000
v 0.55361 26.07477 22.75734 0.49412 0.50588 0.49804 1.00000
v 0.16932 21.47552 24.07823 0.49412 0.50588 0.49804 1.00000
v 1.91888 23.38967 21.43731 0.49412 0.50588 0.49804 1.00000
v 3.29485 20.30531 20.23458 0.49412 0.50588 0.49804 1.00000
v 3.67913 24.90456 18.91369 0.49412 0.50588 0.49804 1.00000
v 0.16932 21.47552 24.07823 0.49412 0.50588 0.49804 1.00000
v 0.55361 26.07477 22.75734 0.49412 0.50588 0.49804 1.00000
v 1.91888 23.38967 21.43731 0.49412 0.50588 0.49804 1.00000
v 3.29485 20.30531 20.23458 0.49412 0.50588 0.49804 1.00000
v 3.67913 24.90456 18.91369 0.49412 0.50588 0.49804 1.00000
v 9.96599 27.00845 9.18294 0.49412 0.50588 0.49804 1.00000
v 10.14809 19.75415 9.55987 0.49412 0.50588 0.49804 1.00000
v 9.25728 23.73293 5.62576 0.49412 0.50588 0.49804 1.00000
v 8.79343 19.88780 1.98982 0.49412 0.50588 0.49804 1.00000
v 8.61133 27.14210 1.61288 0.49412 0.50588 0.49804 1.00000
v 10.14809 19.75415 9.55987 0.49412 0.50588 0.49804 1.00000
v 9.96599 27.00845 9.18294 0.49412 0.50588 0.49804 1.00000
v 9.25728 23.73293 5.62576 0.49412 0.50588 0.49804 1.00000
v 8.79343 19.88780 1.98982 0.49412 0.50588 0.49804 1.00000
v 8.61133 27.14210 1.61288 0.49412 0.50588 0.49804 1.00000
v 12.71290 28.42992 8.07372 0.49412 0.50588 0.49804 1.00000
v 13.49590 22.18515 9.71682 0.49412 0.50588 0.49804 1.00000
v 12.17295 24.25979 5.72685 0.49412 0.50588 0.49804 1.00000
v 11.27508 20.82026 3.35662 0.49412 0.50588 0.49804 1.00000
v 10.49208 27.06503 1.71352 0.49412 0.50588 0.49804 1.00000
v 13.49590 22.18515 9.71682 0.49412 0.50588 0.49804 1.00000
v 12.71290 28.42992 8.07372 0.49412 0.50588 0.49804 1.00000
v 12.17295 24.25979 5.72685 0.49412 0.50588 0.49804 1.00000
v 11.27508 20.82026 3.35662 0.49412 0.50588 0.49804 1.00000
v 10.49208 27.06503 1.71352 0.49412 0.50588 0.49804 1.00000
v 16.83263 27.53204 -1.50335 0.49412 0.50588 0.49804 1.00000
v 16.15564 33.99231 -1.16172 0.49412 0.50588 0.49804 1.00000
v 13.59443 30.76164 0.54087 0.49412 0.50588 0.49804 1.00000
v 10.41989 33.67605 2.66377 0.49412 0.50588 0.49804 1.00000
v 11.09688 27.21579 2.32214 0.49412 0.50588 0.49804 1.00000
v 16.15564 33.99231 -1.16172 0.49412 0.50588 0.49804 1.00000
v 16.83263 27.53204 -1.50335 0.49412 0.50588 0.49804 1.00000
v 13.59443 30.76164 0.54087 0.49412 0.50588 0.49804 1.00000
v 10.41989 33.67605 2.66377 0.49412 0.50588 0.49804 1.00000
v 11.09688 27.21579 2.32214 0.49412 0.50588 0.49804 1.00000
v 15.68129 23.21083 9.85957 0.49412 0.50588 0.49804 1.00000
v 13.49794 18.51752 7.80417 0.49412 0.50588 0.49804 1.00000
v 13.78587 22.14256 6.28709 0.49412 0.50588 0.49804 1.00000
v 11.82299 20.90735 2.65477 0.49412 0.50588 0.49804 1.00000
v 14.00634 25.60066 4.71017 0.49412 0.50588 0.49804 1.00000
v 13.49794 18.51752 7.80417 0.49412 0.50588 0.49804 1.00000
v 15.68129 23.21083 9.85957 0.49412 0.50588 0.49804 1.00000
v 13.78587 22.14256 6.28709 0.49412 0.50588 0.49804 1.00000
v 11.82299 20.90735 2.65477 0.49412 0.50588 0.49804 1.00000
v 14.00634 25.60066 4.71017 0.49412 0.50588 0.49804 1.00000
v 17.48946 21.05463 4.31538 0.49412 0.50588 0.49804 1.00000
v 20.74077 23.77781 0.70537 0.49412 0.50588 0.49804 1.00000
v 17.40867 24.81662 2.26645 0.49412 0.50588 0.49804 1.00000
v 17.15270 28.46572 0.60619 0.49412 0.50588 0.49804 1.00000
v 13.90140 25.74254 4.21620 0.49412 0.50588 0.49804 1.00000
v 20.74077 23.77781 0.70537 0.49412 0.50588 0.49804 1.00000
v 17.48946 21.05463 4.31538 0.49412 0.50588 0.49804 1.00000
v 17.40867 24.81662 2.26645 0.49412 0.50588 0.49804 1.00000
v 17.15270 28.46572 0.60619 0.49412 0.50588 0.49804 1.00000
v 13.90140 25.74254 4.21620 0.49412 0.50588 0.49804 1.00000
v 19.63038 26.21329 5.85588 0.49412 0.50588 0.49804 1.00000
v 17.93086 28.74066 10.51881 0.49412 0.50588 0.49804 1.00000
v 15.90142 27.46826 7.49015 0.49412 0.50588 0.49804 1.00000
v 12.25406 28.36782 8.91305 0.49412 0.50588 0.49804 1.00000
v 13.95359 25.84046 4.25012 0.49412 0.50588 0.49804 1.00000
v 17.93086 28.74066 10.51881 0.49412 0.50588 0.49804 1.00000
v 19.63038 26.21329 5.85588 0.49412 0.50588 0.49804 1.00000
v 15.90142 27.46826 7.49015 0.49412 0.50588 0.49804 1.00000
v 12.25406 28.36782 8.91305 0.49412 0.50588 0.49804 1.00000
v 13.95359 25.84046 4.25012 0.49412 0.50588 0.49804 1.00000
v 17.68010 32.79528 11.46341 0.49412 0.50588 0.49804 1.00000
v 19.04453 29.40894 14.58063 0.49412 0.50588 0.49804 1.00000
v 18.14227 29.43056 11.10779 0.49412 0.50588 0.49804 1.00000
v 18.57496 26.23526 10.61803 0.49412 0.50588 0.49804 1.00000
v 17.21054 29.62160 7.50081 0.49412 0.50588 0.49804 1.00000
v 19.04453 29.40894 14.58063 0.49412 0.50588 0.49804 1.00000
v 17.68010 32.79528 11.46341 0.49412 0.50588 0.49804 1.00000
v 18.14227 29.43056 11.10779 0.49412 0.50588 0.49804 1.00000
v 18.57496 26.23526 10.61803 0.49412 0.50588 0.49804 1.00000
v 17.21054 29.62160 7.50081 0.49412 0.50588 0.49804 1.00000
v 13.29625 27.84224 -3.17300 0.49412 0.50588 0.49804 1.00000
v 13.35408 20.62720 -2.88737 0.49412 0.50588 0.49804 1.00000
v 9.71297 24.63629 -4.23511 0.49412 0.50588 0.49804 1.00000
v 6.18509 20.87455 -5.54680 0.49412 0.50588 0.49804 1.00000
v 6.12726 28.08957 -5.83243 0.49412 0.50588 0.49804 1.00000
v 13.35408 20.62720 -2.88737 0.49412 0.50588 0.49804 1.00000
v 13.29625 27.84224 -3.17300 0.49412 0.50588 0.49804 1.00000
v 9.71297 24.63629 -4.23511 0.49412 0.50588 0.49804 1.00000
v 6.18509 20.87455 -5.54680 0.49412 0.50588 0.49804 1.00000
v 6.12726 28.08957 -5.83243 0.49412 0.50588 0.49804 1.00000
v 14.71480 27.89963 -5.45404 0.49412 0.50588 0.49804 1.00000
v 14.18252 21.44188 -5.42033 0.49412 0.50588 0.49804 1.00000
v 11.08707 24.54095 -6.13796 0.49412 0.50588 0.49804 1.00000
v 7.52167 21.54838 -7.09842 0.49412 0.50588 0.49804 1.00000
v 8.05396 28.00613 -7.13213 0.49412 0.50588 0.49804 1.00000
v 14.18252 21.44188 -5.42033 0.49412 0.50588 0.49804 1.00000
v 14.71480 27.89963 -5.45404 0.49412 0.50588 0.49804 1.00000
v 11.08707 24.54095 -6.13796 0.49412 0.50588 0.49804 1.00000
v 7.52167 21.54838 -7.09842 0.49412 0.50588 0.49804 1.00000
v 8.05396 28.00613 -7.13213 0.49412 0.50588 0.49804 1.00000
v 7.67857 27.73517 -13.78986 0.49412 0.50588 0.49804 1.00000
v 7.81208 34.17737 -14.47340 0.49412 0.50588 0.49804 1.00000
v 7.74921 30.94858 -10.69093 0.49412 0.50588 0.49804 1.00000
v 8.02475 34.47416 -7.60574 0.49412 0.50588 0.49804 1.00000
v 7.89124 28.03195 -6.92221 0.49412 0.50588 0.49804 1.00000
v 7.81208 34.17737 -14.47340 0.49412 0.50588 0.49804 1.00000
v 7.67857 27.73517 -13.78986 0.49412 0.50588 0.49804 1.00000
v 7.74921 30.94858 -10.69093 0.49412 0.50588 0.49804 1.00000
v 8.02475 34.47416 -7.60574 0.49412 0.50588 0.49804 1.00000
v 7.89124 28.03195 -6.92221 0.49412 0.50588 0.49804 1.00000
v 16.74395 27.62298 -7.02049 0.49412 0.50588 0.49804 1.00000
v 16.83127 22.09545 -6.75310 0.49412 0.50588 0.49804 1.00000
v 14.01210 25.12296 -7.80926 0.49412 0.50588 0.49804 1.00000
v 11.29427 22.27796 -8.69785 0.49412 0.50588 0.49804 1.00000
v 11.20695 27.80550 -8.96524 0.49412 0.50588 0.49804 1.00000
v 16.83127 22.09545 -6.75310 0.49412 0.50588 0.49804 1.00000
v 16.74395 27.62298 -7.02049 0.49412 0.50588 0.49804 1.00000
v 14.01210 25.12296 -7.80926 0.49412 0.50588 0.49804 1.00000
v 11.29427 22.27796 -8.69785 0.49412 0.50588 0.49804 1.00000
v 11.20695 27.80550 -8.96524 0.49412 0.50588 0.49804 1.00000
v 14.94794 24.85286 -11.52499 0.49412 0.50588 0.49804 1.00000
v 13.80492 27.00036 -16.49636 0.49412 0.50588 0.49804 1.00000
v 12.39396 27.61708 -12.64178 0.49412 0.50588 0.49804 1.00000
v 9.86736 30.26030 -13.58353 0.49412 0.50588 0.49804 1.00000
v 11.01038 28.11281 -8.61215 0.49412 0.50588 0.49804 1.00000
v 13.80492 27.00036 -16.49636 0.49412 0.50588 0.49804 1.00000
v 14.94794 24.85286 -11.52499 0.49412 0.50588 0.49804 1.00000
v 12.39396 27.61708 -12.64178 0.49412 0.50588 0.49804 1.00000
v 9.86736 30.26030 -13.58353 0.49412 0.50588 0.49804 1.00000
v 11.01038 28.11281 -8.61215 0.49412 0.50588 0.49804 1.00000
v 15.61720 30.20918 -12.51715 0.49412 0.50588 0.49804 1.00000
v 17.52332 32.80503 -8.01592 0.49412 0.50588 0.49804 1.00000
v 14.54372 30.48102 -8.40448 0.49412 0.50588 0.49804 1.00000
v 13.42590 30.48448 -4.50700 0.49412 0.50588 0.49804 1.00000
v 11.51978 27.88863 -9.00823 0.49412 0.50588 0.49804 1.00000
v 17.52332 32.80503 -8.01592 0.49412 0.50588 0.49804 1.00000
v 15.61720 30.20918 -12.51715 0.49412 0.50588 0.49804 1.00000
v 14.54372 30.48102 -8.40448 0.49412 0.50588 0.49804 1.00000
v 13.42590 30.48448 -4.50700 0.49412 0.50588 0.49804 1.00000
v 11.51978 27.88863 -9.00823 0.49412 0.50588 0.49804 1.00000
v 20.88888 34.13538 -8.81326 0.49412 0.50588 0.49804 1.00000
v 22.49137 29.63229 -9.26013 0.49412 0.50588 0.49804 1.00000
v 19.36510 30.98936 -9.60434 0.49412 0.50588 0.49804 1.00000
v 17.92176 27.63751 -10.34997 0.49412 0.50588 0.49804 1.00000
v 16.31927 32.14061 -9.90310 0.49412 0.50588 0.49804 1.00000
v 22.49137 29.63229 -9.26013 0.49412 0.50588 0.49804 1.00000
v 20.88888 34.13538 -8.81326 0.49412 0.50588 0.49804 1.00000
v 19.36510 30.98936 -9.60434 0.49412 0.50588 0.49804 1.00000
v 17.92176 27.63751 -10.34997 0.49412 0.50588 0.49804 1.00000
v 16.31927 32.14061 -9.90310 0.49412 0.50588 0.49804 1.00000
v 4.11631 24.68372 -15.41311 0.49412 0.50588 0.49804 1.00000
v 5.59448 17.49352 -14.92219 0.49412 0.50588 0.49804 1.00000
v 2.35439 21.02781 -12.16524 0.49412 0.50588 0.49804 1.00000
v 0.53322 17.62391 -8.96818 0.49412 0.50588 0.49804 1.00000
v -0.94495 24.81411 -9.45909 0.49412 0.50588 0.49804 1.00000
v 5.59448 17.49352 -14.92219 0.49412 0.50588 0.49804 1.00000
v 4.11631 24.68372 -15.41311 0.49412 0.50588 0.49804 1.00000
v 2.35439 21.02781 -12.16524 0.49412 0.50588 0.49804 1.00000
v 0.53322 17.62391 -8.96818 0.49412 0.50588 0.49804 1.00000
v -0.94495 24.81411 -9.45909 0.49412 0.50588 0.49804 1.00000
v 5.41573 24.61693 -17.10380 0.49412 0.50588 0.49804 1.00000
v 4.46978 18.08582 -16.90618 0.49412 0.50588 0.49804 1.00000
v 2.21297 21.68857 -14.81446 0.49412 0.50588 0.49804 1.00000
v -0.93873 18.45895 -12.44119 0.49412 0.50588 0.49804 1.00000
v 0.00723 24.99006 -12.63881 0.49412 0.50588 0.49804 1.00000
v 4.46978 18.08582 -16.90618 0.49412 0.50588 0.49804 1.00000
v 5.41573 24.61693 -17.10380 0.49412 0.50588 0.49804 1.00000
v 2.21297 21.68857 -14.81446 0.49412 0.50588 0.49804 1.00000
v -0.93873 18.45895 -12.44119 0.49412 0.50588 0.49804 1.00000
v 0.00723 24.99006 -12.63881 0.49412 0.50588 0.49804 1.00000
v -6.23881 25.70991 -16.68132 0.49412 0.50588 0.49804 1.00000
v -5.76087 32.22676 -15.73712 0.49412 0.50588 0.49804 1.00000
v -3.23957 28.69685 -14.05273 0.49412 0.50588 0.49804 1.00000
v -0.21801 31.55830 -11.47330 0.49412 0.50588 0.49804 1.00000
v -0.69594 25.04146 -12.41750 0.49412 0.50588 0.49804 1.00000
v -5.76087 32.22676 -15.73712 0.49412 0.50588 0.49804 1.00000
v -6.23881 25.70991 -16.68132 0.49412 0.50588 0.49804 1.00000
v -3.23957 28.69685 -14.05273 0.49412 0.50588 0.49804 1.00000
v -0.21801 31.55830 -11.47330 0.49412 0.50588 0.49804 1.00000
v -0.69594 25.04146 -12.41750 0.49412 0.50588 0.49804 1.00000
v 3.95634 23.43217 -18.58506 0.49412 0.50588 0.49804 1.00000
v 4.02873 17.86288 -18.40711 0.49412 0.50588 0.49804 1.00000
v 1.40707 20.92838 -17.07974 0.49412 0.50588 0.49804 1.00000
v -1.15313 18.10311 -15.55077 0.49412 0.50588 0.49804 1.00000
v -1.22552 23.67239 -15.72872 0.49412 0.50588 0.49804 1.00000
v 4.02873 17.86288 -18.40711 0.49412 0.50588 0.49804 1.00000
v 3.95634 23.43217 -18.58506 0.49412 0.50588 0.49804 1.00000
v 1.40707 20.92838 -17.07974 0.49412 0.50588 0.49804 1.00000
v -1.15313 18.10311 -15.55077 0.49412 0.50588 0.49804 1.00000
v -1.22552 23.67239 -15.72872 0.49412 0.50588 0.49804 1.00000
v -1.50671 20.60106 -20.73727 0.49412 0.50588 0.49804 1.00000
v -6.10128 23.30604 -22.35801 0.49412 0.50588 0.49804 1.00000
v -3.54194 23.35332 -18.94911 0.49412 0.50588 0.49804 1.00000
v -5.74088 26.41515 -17.33262 0.49412 0.50588 0.49804 1.00000
v -1.14630 23.71017 -15.71188 0.49412 0.50588 0.49804 1.00000
v -6.10128 23.30604 -22.35801 0.49412 0.50588 0.49804 1.00000
v -1.50671 20.60106 -20.73727 0.49412 0.50588 0.49804 1.00000
v -3.54194 23.35332 -18.94911 0.49412 0.50588 0.49804 1.00000
v -5.74088 26.41515 -17.33262 0.49412 0.50588 0.49804 1.00000
v -1.14630 23.71017 -15.71188 0.49412 0.50588 0.49804 1.00000
v -0.14215 26.07824 -21.65413 0.49412 0.50588 0.49804 1.00000
v 4.36407 28.48791 -19.43122 0.49412 0.50588 0.49804 1.00000
v 1.53363 26.10839 -17.88217 0.49412 0.50588 0.49804 1.00000
v 3.43039 26.26749 -14.01868 0.49412 0.50588 0.49804 1.00000
v -1.07583 23.85783 -16.24159 0.49412 0.50588 0.49804 1.00000
v 4.36407 28.48791 -19.43122 0.49412 0.50588 0.49804 1.00000
v -0.14215 26.07824 -21.65413 0.49412 0.50588 0.49804 1.00000
v 1.53363 26.10839 -17.88217 0.49412 0.50588 0.49804 1.00000
v 3.43039 26.26749 -14.01868 0.49412 0.50588 0.49804 1.00000
v -1.07583 23.85783 -16.24159 0.49412 0.50588 0.49804 1.00000
v 8.21166 30.93422 -22.17663 0.49412 0.50588 0.49804 1.00000
v 10.59622 27.13661 -23.89107 0.49412 0.50588 0.49804 1.00000
v 7.39164 27.60251 -22.38296 0.49412 0.50588 0.49804 1.00000
v 6.51578 24.43064 -22.44366 0.49412 0.50588 0.49804 1.00000
v 4.13122 28.22826 -20.72922 0.49412 0.50588 0.49804 1.00000
v 10.59622 27.13661 -23.89107 0.49412 0.50588 0.49804 1.00000
v 8.21166 30.93422 -22.17663 0.49412 0.50588 0.49804 1.00000
v 7.39164 27.60251 -22.38296 0.49412 0.50588 0.49804 1.00000
v 6.51578 24.43064 -22.44366 0.49412 0.50588 0.49804 1.00000
v 4.13122 28.22826 -20.72922 0.49412 0.50588 0.49804 1.00000
v -1.67846 25.99547 -14.40188 0.49412 0.50588 0.49804 1.00000
v -1.24417 18.69550 -14.59622 0.49412 0.50588 0.49804 1.00000
v -3.70998 22.54922 -11.33988 0.49412 0.50588 0.49804 1.00000
v -5.87408 18.73775 -8.36024 0.49412 0.50588 0.49804 1.00000
v -6.30838 26.03773 -8.16590 0.49412 0.50588 0.49804 1.00000
v -1.24417 18.69550 -14.59622 0.49412 0.50588 0.49804 1.00000
v -1.67846 25.99547 -14.40188 0.49412 0.50588 0.49804 1.00000
v -3.70998 22.54922 -11.33988 0.49412 0.50588 0.49804 1.00000
v -5.87408 18.73775 -8.36024 0.49412 0.50588 0.49804 1.00000
v -6.30838 26.03773 -8.16590 0.49412 0.50588 0.49804 1.00000
v -2.55822 26.23072 -16.73362 0.49412 0.50588 0.49804 1.00000
v -3.48563 19.67695 -16.53303 0.49412 0.50588 0.49804 1.00000
v -4.94271 23.09085 -13.69281 0.49412 0.50588 0.49804 1.00000
v -7.35664 19.75999 -10.65672 0.49412 0.50588 0.49804 1.00000
v -6.42923 26.31377 -10.85731 0.49412 0.50588 0.49804 1.00000
v -3.48563 19.67695 -16.53303 0.49412 0.50588 0.49804 1.00000
v -2.55822 26.23072 -16.73362 0.49412 0.50588 0.49804 1.00000
v -4.94271 23.09085 -13.69281 0.49412 0.50588 0.49804 1.00000
v -7.35664 19.75999 -10.65672 0.49412 0.50588 0.49804 1.00000
v -6.42923 26.31377 -10.85731 0.49412 0.50588 0.49804 1.00000
v -13.21835 26.67141 -13.10442 0.49412 0.50588 0.49804 1.00000
v -12.93178 33.24110 -12.32385 0.49412 0.50588 0.49804 1.00000
v -9.90508 30.05676 -11.19972 0.49412 0.50588 0.49804 1.00000
v -6.49347 32.88961 -9.56074 0.49412 0.50588 0.49804 1.00000
v -6.78004 26.31992 -10.34131 0.49412 0.50588 0.49804 1.00000
v -12.93178 33.24110 -12.32385 0.49412 0.50588 0.49804 1.00000
v -13.21835 26.67141 -13.10442 0.49412 0.50588 0.49804 1.00000
v -9.90508 30.05676 -11.19972 0.49412 0.50588 0.49804 1.00000
v -6.49347 32.88961 -9.56074 0.49412 0.50588 0.49804 1.00000
v -6.78004 26.31992 -10.34131 0.49412 0.50588 0.49804 1.00000
v -4.38187 24.98751 -18.22000 0.49412 0.50588 0.49804 1.00000
v -3.92476 19.43964 -17.61895 0.49412 0.50588 0.49804 1.00000
v -6.07371 22.67259 -15.70437 0.49412 0.50588 0.49804 1.00000
v -7.89595 20.04582 -13.25183 0.49412 0.50588 0.49804 1.00000
v -8.35306 25.59369 -13.85288 0.49412 0.50588 0.49804 1.00000
v -3.92476 19.43964 -17.61895 0.49412 0.50588 0.49804 1.00000
v -4.38187 24.98751 -18.22000 0.49412 0.50588 0.49804 1.00000
v -6.07371 22.67259 -15.70437 0.49412 0.50588 0.49804 1.00000
v -7.89595 20.04582 -13.25183 0.49412 0.50588 0.49804 1.00000
v -8.35306 25.59369 -13.85288 0.49412 0.50588 0.49804 1.00000
v -10.44043 21.57279 -18.25509 0.49412 0.50588 0.49804 1.00000
v -15.08185 24.70320 -18.17173 0.49412 0.50588 0.49804 1.00000
v -11.79335 25.04109 -16.15081 0.49412 0.50588 0.49804 1.00000
v -12.90217 28.51313 -14.16898 0.49412 0.50588 0.49804 1.00000
v -8.26076 25.38273 -14.25234 0.49412 0.50588 0.49804 1.00000
v -15.08185 24.70320 -18.17173 0.49412 0.50588 0.49804 1.00000
v -10.44043 21.57279 -18.25509 0.49412 0.50588 0.49804 1.00000
v -11.79335 25.04109 -16.15081 0.49412 0.50588 0.49804 1.00000
v -12.90217 28.51313 -14.16898 0.49412 0.50588 0.49804 1.00000
v -8.26076 25.38273 -14.25234 0.49412 0.50588 0.49804 1.00000
v -9.80544 27.29700 -19.47757 0.49412 0.50588 0.49804 1.00000
v -5.00848 30.08613 -20.22532 0.49412 0.50588 0.49804 1.00000
v -6.79295 27.72884 -17.10763 0.49412 0.50588 0.49804 1.00000
v -3.33911 28.34250 -14.80523 0.49412 0.50588 0.49804 1.00000
v -8.13606 25.55337 -14.05749 0.49412 0.50588 0.49804 1.00000
v -5.00848 30.08613 -20.22532 0.49412 0.50588 0.49804 1.00000
v -9.80544 27.29700 -19.47757 0.49412 0.50588 0.49804 1.00000
v -6.79295 27.72884 -17.10763 0.49412 0.50588 0.49804 1.00000
v -3.33911 28.34250 -14.80523 0.49412 0.50588 0.49804 1.00000
v -8.13606 25.55337 -14.05749 0.49412 0.50588 0.49804 1.00000
v -2.34321 29.55271 -24.70723 0.49412 0.50588 0.49804 1.00000
v -2.29324 24.83365 -25.58768 0.49412 0.50588 0.49804 1.00000
v -4.04235 26.83222 -23.29371 0.49412 0.50588 0.49804 1.00000
v -5.60673 23.69917 -21.89320 0.49412 0.50588 0.49804 1.00000
v -5.65670 28.41823 -21.01274 0.49412 0.50588 0.49804 1.00000
v -2.29324 24.83365 -25.58768 0.49412 0.50588 0.49804 1.00000
v -2.34321 29.55271 -24.70723 0.49412 0.50588 0.49804 1.00000
v -4.04235 26.83222 -23.29371 0.49412 0.50588 0.49804 1.00000
v -5.60673 23.69917 -21.89320 0.49412 0.50588 0.49804 1.00000
v -5.65670 28.41823 -21.01274 0.49412 0.50588 0.49804 1.00000
v -17.35756 20.60158 -6.85812 0.49412 0.50588 0.49804 1.00000
v -15.47897 13.13998 -5.90917 0.49412 0.50588 0.49804 1.00000
v -13.57900 17.79613 -3.53869 0.49412 0.50588 0.49804 1.00000
v -9.73713 14.61152 -0.18875 0.49412 0.50588 0.49804 1.00000
v -11.61573 22.07311 -1.13770 0.49412 0.50588 0.49804 1.00000
v -15.47897 13.13998 -5.90917 0.49412 0.50588 0.49804 1.00000
v -17.35756 20.60158 -6.85812 0.49412 0.50588 0.49804 1.00000
v -13.57900 17.79613 -3.53869 0.49412 0.50588 0.49804 1.00000
v -9.73713 14.61152 -0.18875 0.49412 0.50588 0.49804 1.00000
v -11.61573 22.07311 -1.13770 0.49412 0.50588 0.49804 1.00000
v -17.47659 22.48568 -7.21701 0.49412 0.50588 0.49804 1.00000
v -17.37928 15.61841 -7.17751 0.49412 0.50588 0.49804 1.00000
v -15.49876 18.67113 -4.13121 0.49412 0.50588 0.49804 1.00000
v -13.51499 15.43406 -1.01162 0.49412 0.50588 0.49804 1.00000
v -13.61230 22.30132 -1.05112 0.49412 0.50588 0.49804 1.00000
v -17.37928 15.61841 -7.17751 0.49412 0.50588 0.49804 1.00000
v -17.47659 22.48568 -7.21701 0.49412 0.50588 0.49804 1.00000
v -15.49876 18.67113 -4.13121 0.49412 0.50588 0.49804 1.00000
v -13.51499 15.43406 -1.01162 0.49412 0.50588 0.49804 1.00000
v -13.61230 22.30132 -1.05112 0.49412 0.50588 0.49804 1.00000
v -18.50586 22.36177 4.28975 0.49412 0.50588 0.49804 1.00000
v -18.66887 29.22708 4.39688 0.49412 0.50588 0.49804 1.00000
v -16.01824 25.51188 1.76381 0.49412 0.50588 0.49804 1.00000
v -13.75228 29.16757 -0.97986 0.49412 0.50588 0.49804 1.00000
v -13.58927 22.30228 -1.08699 0.49412 0.50588 0.49804 1.00000
v -18.66887 29.22708 4.39688 0.49412 0.50588 0.49804 1.00000
v -18.50586 22.36177 4.28975 0.49412 0.50588 0.49804 1.00000
v -16.01824 25.51188 1.76381 0.49412 0.50588 0.49804 1.00000
v -13.75228 29.16757 -0.97986 0.49412 0.50588 0.49804 1.00000
v -13.58927 22.30228 -1.08699 0.49412 0.50588 0.49804 1.00000
v -22.28609 21.02238 1.72240 0.49412 0.50588 0.49804 1.00000
v -21.58645 15.39834 1.33836 0.49412 0.50588 0.49804 1.00000
v -18.96599 18.25909 2.05538 0.49412 0.50588 0.49804 1.00000
v -15.66929 15.87319 2.39991 0.49412 0.50588 0.49804 1.00000
v -16.36893 21.49723 2.78396 0.49412 0.50588 0.49804 1.00000
v -21.58645 15.39834 1.33836 0.49412 0.50588 0.49804 1.00000
v -22.28609 21.02238 1.72240 0.49412 0.50588 0.49804 1.00000
v -18.96599 18.25909 2.05538 0.49412 0.50588 0.49804 1.00000
v -15.66929 15.87319 2.39991 0.49412 0.50588 0.49804 1.00000
v -16.36893 21.49723 2.78396 0.49412 0.50588 0.49804 1.00000
v -19.09271 18.27449 7.86008 0.49412 0.50588 0.49804 1.00000
v -16.02407 21.66230 11.23247 0.49412 0.50588 0.49804 1.00000
v -16.52306 21.35170 7.06089 0.49412 0.50588 0.49804 1.00000
v -13.52614 24.60384 6.60896 0.49412 0.50588 0.49804 1.00000
v -16.59479 21.21604 3.23658 0.49412 0.50588 0.49804 1.00000
v -16.02407 21.66230 11.23247 0.49412 0.50588 0.49804 1.00000
v -19.09271 18.27449 7.86008 0.49412 0.50588 0.49804 1.00000
v -16.52306 21.35170 7.06089 0.49412 0.50588 0.49804 1.00000
v -13.52614 24.60384 6.60896 0.49412 0.50588 0.49804 1.00000
v -16.59479 21.21604 3.23658 0.49412 0.50588 0.49804 1.00000
v -20.06485 23.46833 7.01378 0.49412 0.50588 0.49804 1.00000
v -23.24120 26.32954 3.27331 0.49412 0.50588 0.49804 1.00000
v -19.62670 23.83145 3.18219 0.49412 0.50588 0.49804 1.00000
v -19.46648 24.34054 -0.97981 0.49412 0.50588 0.49804 1.00000
v -16.29013 21.47933 2.76065 0.49412 0.50588 0.49804 1.00000
v -23.24120 26.32954 3.27331 0.49412 0.50588 0.49804 1.00000
v -20.06485 23.46833 7.01378 0.49412 0.50588 0.49804 1.00000
v -19.62670 23.83145 3.18219 0.49412 0.50588 0.49804 1.00000
v -19.46648 24.34054 -0.97981 0.49412 0.50588 0.49804 1.00000
v -16.29013 21.47933 2.76065 0.49412 0.50588 0.49804 1.00000
v -26.26825 25.27963 -7.40589 0.49412 0.50588 0.49804 1.00000
v -27.55973 20.93303 -8.98360 0.49412 0.50588 0.49804 1.00000
v -25.87604 22.05399 -6.10646 0.49412 0.50588 0.49804 1.00000
v -25.26885 19.19103 -4.77935 0.49412 0.50588 0.49804 1.00000
v -23.97737 23.53763 -3.20165 0.49412 0.50588 0.49804 1.00000
v -27.55973 20.93303 -8.98360 0.49412 0.50588 0.49804 1.00000
v -26.26825 25.27963 -7.40589 0.49412 0.50588 0.49804 1.00000
v -25.87604 22.05399 -6.10646 0.49412 0.50588 0.49804 1.00000
v -25.26885 19.19103 -4.77935 0.49412 0.50588 0.49804 1.00000
v -23.97737 23.53763 -3.20165 0.49412 0.50588 0.49804 1.00000
v -15.39902 28.31430 2.06822 0.49412 0.50588 0.49804 1.00000
v -16.62896 21.26034 4.35809 0.49412 0.50588 0.49804 1.00000
v -12.34974 24.47210 4.76914 0.49412 0.50588 0.49804 1.00000
v -9.38924 20.29589 7.57911 0.49412 0.50588 0.49804 1.00000
v -8.15930 27.34985 5.28924 0.49412 0.50588 0.49804 1.00000
v -16.62896 21.26034 4.35809 0.49412 0.50588 0.49804 1.00000
v -15.39902 28.31430 2.06822 0.49412 0.50588 0.49804 1.00000
v -12.34974 24.47210 4.76914 0.49412 0.50588 0.49804 1.00000
v -9.38924 20.29589 7.57911 0.49412 0.50588 0.49804 1.00000
v -8.15930 27.34985 5.28924 0.49412 0.50588 0.49804 1.00000
v -14.40738 29.82194 0.10834 0.49412 0.50588 0.49804 1.00000
v -16.81886 23.56921 0.64646 0.49412 0.50588 0.49804 1.00000
v -13.38636 25.54745 2.91345 0.49412 0.50588 0.49804 1.00000
v -12.30337 21.84239 5.87546 0.49412 0.50588 0.49804 1.00000
v -9.89189 28.09511 5.33734 0.49412 0.50588 0.49804 1.00000
v -16.81886 23.56921 0.64646 0.49412 0.50588 0.49804 1.00000
v -14.40738 29.82194 0.10834 0.49412 0.50588 0.49804 1.00000
v -13.38636 25.54745 2.91345 0.49412 0.50588 0.49804 1.00000
v -12.30337 21.84239 5.87546 0.49412 0.50588 0.49804 1.00000
v -9.89189 28.09511 5.33734 0.49412 0.50588 0.49804 1.00000
v -13.40372 29.72427 11.48542 0.49412 0.50588 0.49804 1.00000
v -10.79914 35.89696 10.92390 0.49412 0.50588 0.49804 1.00000
v -10.17164 32.18862 8.26828 0.49412 0.50588 0.49804 1.00000
v -7.27377 34.27562 4.94084 0.49412 0.50588 0.49804 1.00000
v -9.87835 28.10293 5.50236 0.49412 0.50588 0.49804 1.00000
v -10.79914 35.89696 10.92390 0.49412 0.50588 0.49804 1.00000
v -13.40372 29.72427 11.48542 0.49412 0.50588 0.49804 1.00000
v -10.17164 32.18862 8.26828 0.49412 0.50588 0.49804 1.00000
v -7.27377 34.27562 4.94084 0.49412 0.50588 0.49804 1.00000
v -9.87835 28.10293 5.50236 0.49412 0.50588 0.49804 1.00000
v -17.25142 30.00878 11.81462 0.49412 0.50588 0.49804 1.00000
v -17.94458 24.56330 13.06091 0.49412 0.50588 0.49804 1.00000
v -14.83331 27.03411 11.33140 0.49412 0.50588 0.49804 1.00000
v -12.42863 23.64596 10.96803 0.49412 0.50588 0.49804 1.00000
v -11.73547 29.09144 9.72174 0.49412 0.50588 0.49804 1.00000
v -17.94458 24.56330 13.06091 0.49412 0.50588 0.49804 1.00000
v -17.25142 30.00878 11.81462 0.49412 0.50588 0.49804 1.00000
v -14.83331 27.03411 11.33140 0.49412 0.50588 0.49804 1.00000
v -12.42863 23.64596 10.96803 0.49412 0.50588 0.49804 1.00000
v -11.73547 29.09144 9.72174 0.49412 0.50588 0.49804 1.00000
v -12.43984 27.09060 15.40163 0.49412 0.50588 0.49804 1.00000
v -7.71257 29.88943 16.62897 0.49412 0.50588 0.49804 1.00000
v -9.54866 29.55152 13.27426 0.49412 0.50588 0.49804 1.00000
v -7.08868 31.87221 11.03626 0.49412 0.50588 0.49804 1.00000
v -11.81595 29.07338 9.80892 0.49412 0.50588 0.49804 1.00000
v -7.71257 29.88943 16.62897 0.49412 0.50588 0.49804 1.00000
v -12.43984 27.09060 15.40163 0.49412 0.50588 0.49804 1.00000
v -9.54866 29.55152 13.27426 0.49412 0.50588 0.49804 1.00000
v -7.08868 31.87221 11.03626 0.49412 0.50588 0.49804 1.00000
v -11.81595 29.07338 9.80892 0.49412 0.50588 0.49804 1.00000
v -11.74729 31.62272 14.40179 0.49412 0.50588 0.49804 1.00000
v -16.04400 34.97599 12.99442 0.49412 0.50588 0.49804 1.00000
v -14.19800 31.99438 11.01604 0.49412 0.50588 0.49804 1.00000
v -16.06108 32.14943 7.75171 0.49412 0.50588 0.49804 1.00000
v -11.76437 28.79616 9.15908 0.49412 0.50588 0.49804 1.00000
v -16.04400 34.97599 12.99442 0.49412 0.50588 0.49804 1.00000
v -11.74729 31.62272 14.40179 0.49412 0.50588 0.49804 1.00000
v -14.19800 31.99438 11.01604 0.49412 0.50588 0.49804 1.00000
v -16.06108 32.14943 7.75171 0.49412 0.50588 0.49804 1.00000
v -11.76437 28.79616 9.15908 0.49412 0.50588 0.49804 1.00000
v -25.99364 30.27220 9.51691 0.49412 0.50588 0.49804 1.00000
v -25.42869 25.50613 9.63791 0.49412 0.50588 0.49804 1.00000
v -23.19634 28.33189 9.69092 0.49412 0.50588 0.49804 1.00000
v -20.36752 25.80615 9.68125 0.49412 0.50588 0.49804 1.00000
v -20.93246 30.57223 9.56025 0.49412 0.50588 0.49804 1.00000
v -25.42869 25.50613 9.63791 0.49412 0.50588 0.49804 1.00000
v -25.99364 30.27220 9.51691 0.49412 0.50588 0.49804 1.00000
v -23.19634 28.33189 9.69092 0.49412 0.50588 0.49804 1.00000
v -20.36752 25.80615 9.68125 0.49412 0.50588 0.49804 1.00000
v -20.93246 30.57223 9.56025 0.49412 0.50588 0.49804 1.00000
v 7.16145 39.44322 11.45727 0.49412 0.50588 0.49804 1.00000
v 9.75531 32.68365 11.02619 0.49412 0.50588 0.49804 1.00000
v 7.54847 35.79634 7.50556 0.49412 0.50588 0.49804 1.00000
v 8.13459 31.77481 3.55733 0.49412 0.50588 0.49804 1.00000
v 5.54074 38.53437 3.98841 0.49412 0.50588 0.49804 1.00000
v 9.75531 32.68365 11.02619 0.49412 0.50588 0.49804 1.00000
v 7.16145 39.44322 11.45727 0.49412 0.50588 0.49804 1.00000
v 7.54847 35.79634 7.50556 0.49412 0.50588 0.49804 1.00000
v 8.13459 31.77481 3.55733 0.49412 0.50588 0.49804 1.00000
v 5.54074 38.53437 3.98841 0.49412 0.50588 0.49804 1.00000
v 7.90679 40.70065 10.05861 0.49412 0.50588 0.49804 1.00000
v 10.41661 35.15862 11.23536 0.49412 0.50588 0.49804 1.00000
v 8.49620 37.40413 7.47086 0.49412 0.50588 0.49804 1.00000
v 9.43690 33.68365 4.91456 0.49412 0.50588 0.49804 1.00000
v 6.92707 39.22568 3.73781 0.49412 0.50588 0.49804 1.00000
v 10.41661 35.15862 11.23536 0.49412 0.50588 0.49804 1.00000
v 7.90679 40.70065 10.05861 0.49412 0.50588 0.49804 1.00000
v 8.49620 37.40413 7.47086 0.49412 0.50588 0.49804 1.00000
v 9.43690 33.68365 4.91456 0.49412 0.50588 0.49804 1.00000
v 6.92707 39.22568 3.73781 0.49412 0.50588 0.49804 1.00000
v 12.16700 40.93336 0.77051 0.49412 0.50588 0.49804 1.00000
v 10.10452 46.62484 -0.55283 0.49412 0.50588 0.49804 1.00000
v 8.41621 42.75031 1.63183 0.49412 0.50588 0.49804 1.00000
v 4.63045 44.86548 2.62718 0.49412 0.50588 0.49804 1.00000
v 6.69293 39.17400 3.95051 0.49412 0.50588 0.49804 1.00000
v 10.10452 46.62484 -0.55283 0.49412 0.50588 0.49804 1.00000
v 12.16700 40.93336 0.77051 0.49412 0.50588 0.49804 1.00000
v 8.41621 42.75031 1.63183 0.49412 0.50588 0.49804 1.00000
v 4.63045 44.86548 2.62718 0.49412 0.50588 0.49804 1.00000
v 6.69293 39.17400 3.95051 0.49412 0.50588 0.49804 1.00000
v 12.99862 42.79198 7.70870 0.49412 0.50588 0.49804 1.00000
v 15.72230 38.35504 8.79698 0.49412 0.50588 0.49804 1.00000
v 12.99292 39.04419 6.30280 0.49412 0.50588 0.49804 1.00000
v 12.53365 35.82555 4.93113 0.49412 0.50588 0.49804 1.00000
v 9.80998 40.26249 3.84285 0.49412 0.50588 0.49804 1.00000
v 15.72230 38.35504 8.79698 0.49412 0.50588 0.49804 1.00000
v 12.99862 42.79198 7.70870 0.49412 0.50588 0.49804 1.00000
v 12.99292 39.04419 6.30280 0.49412 0.50588 0.49804 1.00000
v 12.53365 35.82555 4.93113 0.49412 0.50588 0.49804 1.00000
v 9.80998 40.26249 3.84285 0.49412 0.50588 0.49804 1.00000
v 16.20456 40.46182 2.44834 0.49412 0.50588 0.49804 1.00000
v 14.59318 42.92559 -1.98138 0.49412 0.50588 0.49804 1.00000
v 12.82454 41.62781 1.40032 0.49412 0.50588 0.49804 1.00000
v 9.24726 43.00356 -0.29151 0.49412 0.50588 0.49804 1.00000
v 10.85863 40.53979 4.13821 0.49412 0.50588 0.49804 1.00000
v 14.59318 42.92559 -1.98138 0.49412 0.50588 0.49804 1.00000
v 16.20456 40.46182 2.44834 0.49412 0.50588 0.49804 1.00000
v 12.82454 41.62781 1.40032 0.49412 0.50588 0.49804 1.00000
v 9.24726 43.00356 -0.29151 0.49412 0.50588 0.49804 1.00000
v 10.85863 40.53979 4.13821 0.49412 0.50588 0.49804 1.00000
v 14.55744 45.04898 4.46561 0.49412 0.50588 0.49804 1.00000
v 12.11171 46.68639 8.89579 0.49412 0.50588 0.49804 1.00000
v 11.55633 43.67906 6.39570 0.49412 0.50588 0.49804 1.00000
v 8.24989 42.59038 8.70793 0.49412 0.50588 0.49804 1.00000
v 10.69562 40.95298 4.27775 0.49412 0.50588 0.49804 1.00000
v 12.11171 46.68639 8.89579 0.49412 0.50588 0.49804 1.00000
v 14.55744 45.04898 4.46561 0.49412 0.50588 0.49804 1.00000
v 11.55633 43.67906 6.39570 0.49412 0.50588 0.49804 1.00000
v 8.24989 42.59038 8.70793 0.49412 0.50588 0.49804 1.00000
v 10.69562 40.95298 4.27775 0.49412 0.50588 0.49804 1.00000
v 15.47799 43.27253 13.77001 0.49412 0.50588 0.49804 1.00000
v 16.67094 38.79551 15.02569 0.49412 0.50588 0.49804 1.00000
v 15.02719 40.42150 12.15695 0.49412 0.50588 0.49804 1.00000
v 14.67914 37.35058 10.56183 0.49412 0.50588 0.49804 1.00000
v 13.48618 41.82760 9.30615 0.49412 0.50588 0.49804 1.00000
v 16.67094 38.79551 15.02569 0.49412 0.50588 0.49804 1.00000
v 15.47799 43.27253 13.77001 0.49412 0.50588 0.49804 1.00000
v 15.02719 40.42150 12.15695 0.49412 0.50588 0.49804 1.00000
v 14.67914 37.35058 10.56183 0.49412 0.50588 0.49804 1.00000
v 13.48618 41.82760 9.30615 0.49412 0.50588 0.49804 1.00000
v 5.42302 40.76573 -10.94578 0.49412 0.50588 0.49804 1.00000
v 4.94413 34.93996 -14.13877 0.49412 0.50588 0.49804 1.00000
v 2.38212 36.64718 -10.75169 0.49412 0.50588 0.49804 1.00000
v -0.74677 33.09672 -10.38806 0.49412 0.50588 0.49804 1.00000
v -0.26788 38.92250 -7.19507 0.49412 0.50588 0.49804 1.00000
v 4.94413 34.93996 -14.13877 0.49412 0.50588 0.49804 1.00000
v 5.42302 40.76573 -10.94578 0.49412 0.50588 0.49804 1.00000
v 2.38212 36.64718 -10.75169 0.49412 0.50588 0.49804 1.00000
v -0.74677 33.09672 -10.38806 0.49412 0.50588 0.49804 1.00000
v -0.26788 38.92250 -7.19507 0.49412 0.50588 0.49804 1.00000
v 6.45787 42.42592 -8.14104 0.49412 0.50588 0.49804 1.00000
v 9.27730 37.60479 -10.77211 0.49412 0.50588 0.49804 1.00000
v 5.10643 38.26042 -9.73751 0.49412 0.50588 0.49804 1.00000
v 3.47292 34.63626 -10.88287 0.49412 0.50588 0.49804 1.00000
v 0.65349 39.45739 -8.25181 0.49412 0.50588 0.49804 1.00000
v 9.27730 37.60479 -10.77211 0.49412 0.50588 0.49804 1.00000
v 6.45787 42.42592 -8.14104 0.49412 0.50588 0.49804 1.00000
v 5.10643 38.26042 -9.73751 0.49412 0.50588 0.49804 1.00000
v 3.47292 34.63626 -10.88287 0.49412 0.50588 0.49804 1.00000
v 0.65349 39.45739 -8.25181 0.49412 0.50588 0.49804 1.00000
v -0.09922 40.82969 -13.89812 0.49412 0.50588 0.49804 1.00000
v -1.94405 46.58889 -12.65585 0.49412 0.50588 0.49804 1.00000
v -0.26151 43.40053 -10.09249 0.49412 0.50588 0.49804 1.00000
v -0.44018 45.33221 -6.41776 0.49412 0.50588 0.49804 1.00000
v 1.40465 39.57302 -7.66003 0.49412 0.50588 0.49804 1.00000
v -1.94405 46.58889 -12.65585 0.49412 0.50588 0.49804 1.00000
v -0.09922 40.82969 -13.89812 0.49412 0.50588 0.49804 1.00000
v -0.26151 43.40053 -10.09249 0.49412 0.50588 0.49804 1.00000
v -0.44018 45.33221 -6.41776 0.49412 0.50588 0.49804 1.00000
v 1.40465 39.57302 -7.66003 0.49412 0.50588 0.49804 1.00000
v 3.50274 43.83649 -14.10680 0.49412 0.50588 0.49804 1.00000
v 4.16642 39.72180 -17.53307 0.49412 0.50588 0.49804 1.00000
v 1.60581 40.68326 -14.39607 0.49412 0.50588 0.49804 1.00000
v -0.28447 37.22062 -14.94805 0.49412 0.50588 0.49804 1.00000
v -0.94816 41.33532 -11.52177 0.49412 0.50588 0.49804 1.00000
v 4.16642 39.72180 -17.53307 0.49412 0.50588 0.49804 1.00000
v 3.50274 43.83649 -14.10680 0.49412 0.50588 0.49804 1.00000
v 1.60581 40.68326 -14.39607 0.49412 0.50588 0.49804 1.00000
v -0.28447 37.22062 -14.94805 0.49412 0.50588 0.49804 1.00000
v -0.94816 41.33532 -11.52177 0.49412 0.50588 0.49804 1.00000
v -1.71406 41.98663 -17.29528 0.49412 0.50588 0.49804 1.00000
v -6.54859 44.07148 -16.11576 0.49412 0.50588 0.49804 1.00000
v -3.94009 42.70687 -13.86575 0.49412 0.50588 0.49804 1.00000
v -5.74090 43.45697 -10.48526 0.49412 0.50588 0.49804 1.00000
v -0.90638 41.37213 -11.66478 0.49412 0.50588 0.49804 1.00000
v -6.54859 44.07148 -16.11576 0.49412 0.50588 0.49804 1.00000
v -1.71406 41.98663 -17.29528 0.49412 0.50588 0.49804 1.00000
v -3.94009 42.70687 -13.86575 0.49412 0.50588 0.49804 1.00000
v -5.74090 43.45697 -10.48526 0.49412 0.50588 0.49804 1.00000
v -0.90638 41.37213 -11.66478 0.49412 0.50588 0.49804 1.00000
v -2.03501 46.17823 -13.94974 0.49412 0.50588 0.49804 1.00000
v 2.20063 48.67409 -11.72701 0.49412 0.50588 0.49804 1.00000
v 0.54189 44.89096 -11.58569 0.49412 0.50588 0.49804 1.00000
v 3.40927 43.66249 -9.23302 0.49412 0.50588 0.49804 1.00000
v -0.82637 41.16662 -11.45574 0.49412 0.50588 0.49804 1.00000
v 2.20063 48.67409 -11.72701 0.49412 0.50588 0.49804 1.00000
v -2.03501 46.17823 -13.94974 0.49412 0.50588 0.49804 1.00000
v 0.54189 44.89096 -11.58569 0.49412 0.50588 0.49804 1.00000
v 3.40927 43.66249 -9.23302 0.49412 0.50588 0.49804 1.00000
v -0.82637 41.16662 -11.45574 0.49412 0.50588 0.49804 1.00000
v 10.80059 46.95057 -13.25333 0.49412 0.50588 0.49804 1.00000
v 13.79167 43.39945 -14.47280 0.49412 0.50588 0.49804 1.00000
v 10.36319 43.50236 -13.78082 0.49412 0.50588 0.49804 1.00000
v 9.73629 40.33558 -14.11622 0.49412 0.50588 0.49804 1.00000
v 6.74521 43.88670 -12.89676 0.49412 0.50588 0.49804 1.00000
v 13.79167 43.39945 -14.47280 0.49412 0.50588 0.49804 1.00000
v 10.80059 46.95057 -13.25333 0.49412 0.50588 0.49804 1.00000
v 10.36319 43.50236 -13.78082 0.49412 0.50588 0.49804 1.00000
v 9.73629 40.33558 -14.11622 0.49412 0.50588 0.49804 1.00000
v 6.74521 43.88670 -12.89676 0.49412 0.50588 0.49804 1.00000
v -2.14284 44.42633 -10.94072 0.49412 0.50588 0.49804 1.00000
v -4.81808 38.57455 -13.87880 0.49412 0.50588 0.49804 1.00000
v -5.21075 40.23061 -9.32780 0.49412 0.50588 0.49804 1.00000
v -8.26885 36.50460 -7.54238 0.49412 0.50588 0.49804 1.00000
v -5.59361 42.35640 -4.60431 0.49412 0.50588 0.49804 1.00000
v -4.81808 38.57455 -13.87880 0.49412 0.50588 0.49804 1.00000
v -2.14284 44.42633 -10.94072 0.49412 0.50588 0.49804 1.00000
v -5.21075 40.23061 -9.32780 0.49412 0.50588 0.49804 1.00000
v -8.26885 36.50460 -7.54238 0.49412 0.50588 0.49804 1.00000
v -5.59361 42.35640 -4.60431 0.49412 0.50588 0.49804 1.00000
v -4.05014 45.50440 -11.10876 0.49412 0.50588 0.49804 1.00000
v -6.23061 40.56261 -13.94929 0.49412 0.50588 0.49804 1.00000
v -6.44059 41.70935 -9.86979 0.49412 0.50588 0.49804 1.00000
v -8.73594 38.36580 -8.39968 0.49412 0.50588 0.49804 1.00000
v -6.55546 43.30758 -5.55915 0.49412 0.50588 0.49804 1.00000
v -6.23061 40.56261 -13.94929 0.49412 0.50588 0.49804 1.00000
v -4.05014 45.50440 -11.10876 0.49412 0.50588 0.49804 1.00000
v -6.44059 41.70935 -9.86979 0.49412 0.50588 0.49804 1.00000
v -8.73594 38.36580 -8.39968 0.49412 0.50588 0.49804 1.00000
v -6.55546 43.30758 -5.55915 0.49412 0.50588 0.49804 1.00000
v -12.70151 46.93388 -5.40806 0.49412 0.50588 0.49804 1.00000
v -9.41197 51.28309 -2.66805 0.49412 0.50588 0.49804 1.00000
v -8.32947 47.36113 -4.18817 0.49412 0.50588 0.49804 1.00000
v -3.82511 48.00090 -2.85009 0.49412 0.50588 0.49804 1.00000
v -7.11465 43.65170 -5.59010 0.49412 0.50588 0.49804 1.00000
v -9.41197 51.28309 -2.66805 0.49412 0.50588 0.49804 1.00000
v -12.70151 46.93388 -5.40806 0.49412 0.50588 0.49804 1.00000
v -8.32947 47.36113 -4.18817 0.49412 0.50588 0.49804 1.00000
v -3.82511 48.00090 -2.85009 0.49412 0.50588 0.49804 1.00000
v -7.11465 43.65170 -5.59010 0.49412 0.50588 0.49804 1.00000
v -7.93668 47.26973 -13.00859 0.49412 0.50588 0.49804 1.00000
v -9.82415 42.78199 -15.06330 0.49412 0.50588 0.49804 1.00000
v -8.99054 44.20262 -11.35708 0.49412 0.50588 0.49804 1.00000
v -10.32519 40.75428 -9.86916 0.49412 0.50588 0.49804 1.00000
v -8.43771 45.24203 -7.81445 0.49412 0.50588 0.49804 1.00000
v -9.82415 42.78199 -15.06330 0.49412 0.50588 0.49804 1.00000
v -7.93668 47.26973 -13.00859 0.49412 0.50588 0.49804 1.00000
v -8.99054 44.20262 -11.35708 0.49412 0.50588 0.49804 1.00000
v -10.32519 40.75428 -9.86916 0.49412 0.50588 0.49804 1.00000
v -8.43771 45.24203 -7.81445 0.49412 0.50588 0.49804 1.00000
v -12.01923 45.21222 -11.13971 0.49412 0.50588 0.49804 1.00000
v -15.48448 47.54126 -7.90059 0.49412 0.50588 0.49804 1.00000
v -11.85997 46.55536 -7.44398 0.49412 0.50588 0.49804 1.00000
v -11.40713 47.47657 -4.07972 0.49412 0.50588 0.49804 1.00000
v -7.94188 45.14753 -7.31885 0.49412 0.50588 0.49804 1.00000
v -15.48448 47.54126 -7.90059 0.49412 0.50588 0.49804 1.00000
v -12.01923 45.21222 -11.13971 0.49412 0.50588 0.49804 1.00000
v -11.85997 46.55536 -7.44398 0.49412 0.50588 0.49804 1.00000
v -11.40713 47.47657 -4.07972 0.49412 0.50588 0.49804 1.00000
v -7.94188 45.14753 -7.31885 0.49412 0.50588 0.49804 1.00000
v -11.58538 48.86514 -8.83991 0.49412 0.50588 0.49804 1.00000
v -8.00092 52.04501 -11.06798 0.49412 0.50588 0.49804 1.00000
v -7.89709 48.44965 -9.44313 0.49412 0.50588 0.49804 1.00000
v -4.43581 47.90199 -9.82415 0.49412 0.50588 0.49804 1.00000
v -8.02027 44.72211 -7.59608 0.49412 0.50588 0.49804 1.00000
v -8.00092 52.04501 -11.06798 0.49412 0.50588 0.49804 1.00000
v -11.58538 48.86514 -8.83991 0.49412 0.50588 0.49804 1.00000
v -7.89709 48.44965 -9.44313 0.49412 0.50588 0.49804 1.00000
v -4.43581 47.90199 -9.82415 0.49412 0.50588 0.49804 1.00000
v -8.02027 44.72211 -7.59608 0.49412 0.50588 0.49804 1.00000
v -9.07371 49.50816 -17.50125 0.49412 0.50588 0.49804 1.00000
v -9.66667 45.73552 -20.40966 0.49412 0.50588 0.49804 1.00000
v -9.50375 46.19619 -16.84259 0.49412 0.50588 0.49804 1.00000
v -9.83165 43.09293 -16.05624 0.49412 0.50588 0.49804 1.00000
v -9.23869 46.86557 -13.14783 0.49412 0.50588 0.49804 1.00000
v -9.66667 45.73552 -20.40966 0.49412 0.50588 0.49804 1.00000
v -9.07371 49.50816 -17.50125 0.49412 0.50588 0.49804 1.00000
v -9.50375 46.19619 -16.84259 0.49412 0.50588 0.49804 1.00000
v -9.83165 43.09293 -16.05624 0.49412 0.50588 0.49804 1.00000
v -9.23869 46.86557 -13.14783 0.49412 0.50588 0.49804 1.00000
v -13.12241 43.42818 -6.56591 0.49412 0.50588 0.49804 1.00000
v -16.54191 37.37237 -5.32850 0.49412 0.50588 0.49804 1.00000
v -12.75319 39.99526 -2.83666 0.49412 0.50588 0.49804 1.00000
v -12.63671 35.91198 0.88470 0.49412 0.50588 0.49804 1.00000
v -9.21722 41.96779 -0.35272 0.49412 0.50588 0.49804 1.00000
v -16.54191 37.37237 -5.32850 0.49412 0.50588 0.49804 1.00000
v -13.12241 43.42818 -6.56591 0.49412 0.50588 0.49804 1.00000
v -12.75319 39.99526 -2.83666 0.49412 0.50588 0.49804 1.00000
v -12.63671 35.91198 0.88470 0.49412 0.50588 0.49804 1.00000
v -9.21722 41.96779 -0.35272 0.49412 0.50588 0.49804 1.00000
v -13.13949 45.00372 -5.11537 0.49412 0.50588 0.49804 1.00000
v -16.81387 40.19747 -5.24045 0.49412 0.50588 0.49804 1.00000
v -13.45385 41.72933 -2.48003 0.49412 0.50588 0.49804 1.00000
v -14.03129 38.14133 0.17836 0.49412 0.50588 0.49804 1.00000
v -10.35691 42.94759 0.30344 0.49412 0.50588 0.49804 1.00000
v -16.81387 40.19747 -5.24045 0.49412 0.50588 0.49804 1.00000
v -13.13949 45.00372 -5.11537 0.49412 0.50588 0.49804 1.00000
v -13.45385 41.72933 -2.48003 0.49412 0.50588 0.49804 1.00000
v -14.03129 38.14133 0.17836 0.49412 0.50588 0.49804 1.00000
v -10.35691 42.94759 0.30344 0.49412 0.50588 0.49804 1.00000
v -13.78818 45.44338 5.26996 0.49412 0.50588 0.49804 1.00000
v -9.99552 50.15659 5.13495 0.49412 0.50588 0.49804 1.00000
v -10.05378 46.72050 2.79872 0.49412 0.50588 0.49804 1.00000
v -6.62654 47.71080 0.24610 0.49412 0.50588 0.49804 1.00000
v -10.41919 42.99759 0.38110 0.49412 0.50588 0.49804 1.00000
v -9.99552 50.15659 5.13495 0.49412 0.50588 0.49804 1.00000
v -13.78818 45.44338 5.26996 0.49412 0.50588 0.49804 1.00000
v -10.05378 46.72050 2.79872 0.49412 0.50588 0.49804 1.00000
v -6.62654 47.71080 0.24610 0.49412 0.50588 0.49804 1.00000
v -10.41919 42.99759 0.38110 0.49412 0.50588 0.49804 1.00000
v -16.34283 48.71456 -0.50765 0.49412 0.50588 0.49804 1.00000
v -19.75967 45.36937 1.69054 0.49412 0.50588 0.49804 1.00000
v -16.12181 45.26120 1.54805 0.49412 0.50588 0.49804 1.00000
v -15.61380 42.12808 3.55119 0.49412 0.50588 0.49804 1.00000
v -12.19696 45.47328 1.35299 0.49412 0.50588 0.49804 1.00000
v -19.75967 45.36937 1.69054 0.49412 0.50588 0.49804 1.00000
v -16.34283 48.71456 -0.50765 0.49412 0.50588 0.49804 1.00000
v -16.12181 45.26120 1.54805 0.49412 0.50588 0.49804 1.00000
v -15.61380 42.12808 3.55119 0.49412 0.50588 0.49804 1.00000
v -12.19696 45.47328 1.35299 0.49412 0.50588 0.49804 1.00000
v -15.30323 47.97499 6.03943 0.49412 0.50588 0.49804 1.00000
v -10.56570 49.20033 7.97631 0.49412 0.50588 0.49804 1.00000
v -11.66290 47.43930 4.79134 0.49412 0.50588 0.49804 1.00000
v -7.75300 46.93836 3.70606 0.49412 0.50588 0.49804 1.00000
v -12.49053 45.71302 1.76917 0.49412 0.50588 0.49804 1.00000
v -10.56570 49.20033 7.97631 0.49412 0.50588 0.49804 1.00000
v -15.30323 47.97499 6.03943 0.49412 0.50588 0.49804 1.00000
v -11.66290 47.43930 4.79134 0.49412 0.50588 0.49804 1.00000
v -7.75300 46.93836 3.70606 0.49412 0.50588 0.49804 1.00000
v -12.49053 45.71302 1.76917 0.49412 0.50588 0.49804 1.00000
v -12.49329 51.04633 3.10617 0.49412 0.50588 0.49804 1.00000
v -13.23101 52.25933 -1.96154 0.49412 0.50588 0.49804 1.00000
v -12.67786 49.01996 -0.34438 0.49412 0.50588 0.49804 1.00000
v -12.94598 46.93219 -3.63605 0.49412 0.50588 0.49804 1.00000
v -12.20826 45.71919 1.43165 0.49412 0.50588 0.49804 1.00000
v -13.23101 52.25933 -1.96154 0.49412 0.50588 0.49804 1.00000
v -12.49329 51.04633 3.10617 0.49412 0.50588 0.49804 1.00000
v -12.67786 49.01996 -0.34438 0.49412 0.50588 0.49804 1.00000
v -12.94598 46.93219 -3.63605 0.49412 0.50588 0.49804 1.00000
v -12.20826 45.71919 1.43165 0.49412 0.50588 0.49804 1.00000
v -19.80287 48.37898 -5.60618 0.49412 0.50588 0.49804 1.00000
v -22.12984 44.41232 -6.98241 0.49412 0.50588 0.49804 1.00000
v -19.51459 44.98280 -4.73290 0.49412 0.50588 0.49804 1.00000
v -19.00206 41.87943 -3.85405 0.49412 0.50588 0.49804 1.00000
v -16.67509 45.84609 -2.47782 0.49412 0.50588 0.49804 1.00000
v -22.12984 44.41232 -6.98241 0.49412 0.50588 0.49804 1.00000
v -19.80287 48.37898 -5.60618 0.49412 0.50588 0.49804 1.00000
v -19.51459 44.98280 -4.73290 0.49412 0.50588 0.49804 1.00000
v -19.00206 41.87943 -3.85405 0.49412 0.50588 0.49804 1.00000
v -16.67509 45.84609 -2.47782 0.49412 0.50588 0.49804 1.00000
v -9.94744 43.83855 5.23295 0.49412 0.50588 0.49804 1.00000
v -13.20352 39.18570 9.49826 0.49412 0.50588 0.49804 1.00000
v -8.35772 39.58089 7.86449 0.49412 0.50588 0.49804 1.00000
v -6.54657 35.69252 9.94384 0.49412 0.50588 0.49804 1.00000
v -3.29050 40.34538 5.67853 0.49412 0.50588 0.49804 1.00000
v -13.20352 39.18570 9.49826 0.49412 0.50588 0.49804 1.00000
v -9.94744 43.83855 5.23295 0.49412 0.50588 0.49804 1.00000
v -8.35772 39.58089 7.86449 0.49412 0.50588 0.49804 1.00000
v -6.54657 35.69252 9.94384 0.49412 0.50588 0.49804 1.00000
v -3.29050 40.34538 5.67853 0.49412 0.50588 0.49804 1.00000
v -10.96092 44.15648 7.94337 0.49412 0.50588 0.49804 1.00000
v -13.63231 39.64579 11.00816 0.49412 0.50588 0.49804 1.00000
v -9.49729 40.27988 9.46111 0.49412 0.50588 0.49804 1.00000
v -7.91266 36.65907 10.79123 0.49412 0.50588 0.49804 1.00000
v -5.24127 41.16975 7.72644 0.49412 0.50588 0.49804 1.00000
v -13.63231 39.64579 11.00816 0.49412 0.50588 0.49804 1.00000
v -10.96092 44.15648 7.94337 0.49412 0.50588 0.49804 1.00000
v -9.49729 40.27988 9.46111 0.49412 0.50588 0.49804 1.00000
v -7.91266 36.65907 10.79123 0.49412 0.50588 0.49804 1.00000
v -5.24127 41.16975 7.72644 0.49412 0.50588 0.49804 1.00000
v -3.82509 43.31779 13.08815 0.49412 0.50588 0.49804 1.00000
v -1.85863 48.66015 10.97445 0.49412 0.50588 0.49804 1.00000
v -3.87559 45.06398 9.11402 0.49412 0.50588 0.49804 1.00000
v -3.94425 46.60829 5.21412 0.49412 0.50588 0.49804 1.00000
v -5.91071 41.26592 7.32783 0.49412 0.50588 0.49804 1.00000
v -1.85863 48.66015 10.97445 0.49412 0.50588 0.49804 1.00000
v -3.82509 43.31779 13.08815 0.49412 0.50588 0.49804 1.00000
v -3.87559 45.06398 9.11402 0.49412 0.50588 0.49804 1.00000
v -3.94425 46.60829 5.21412 0.49412 0.50588 0.49804 1.00000
v -5.91071 41.26592 7.32783 0.49412 0.50588 0.49804 1.00000
v -9.03972 47.85547 10.67031 0.49412 0.50588 0.49804 1.00000
v -9.78431 44.86082 14.94325 0.49412 0.50588 0.49804 1.00000
v -7.29966 44.87866 11.72642 0.49412 0.50588 0.49804 1.00000
v -5.57857 41.65992 13.12528 0.49412 0.50588 0.49804 1.00000
v -4.83399 44.65456 8.85233 0.49412 0.50588 0.49804 1.00000
v -9.78431 44.86082 14.94325 0.49412 0.50588 0.49804 1.00000
v -9.03972 47.85547 10.67031 0.49412 0.50588 0.49804 1.00000
v -7.29966 44.87866 11.72642 0.49412 0.50588 0.49804 1.00000
v -5.57857 41.65992 13.12528 0.49412 0.50588 0.49804 1.00000
v -4.83399 44.65456 8.85233 0.49412 0.50588 0.49804 1.00000
v -3.18173 47.46611 14.08689 0.49412 0.50588 0.49804 1.00000
v 1.42034 48.40096 11.69370 0.49412 0.50588 0.49804 1.00000
v -1.95668 46.71804 10.59957 0.49412 0.50588 0.49804 1.00000
v -0.12925 45.88760 6.96232 0.49412 0.50588 0.49804 1.00000
v -4.73132 44.95275 9.35551 0.49412 0.50588 0.49804 1.00000
v 1.42034 48.40096 11.69370 0.49412 0.50588 0.49804 1.00000
v -3.18173 47.46611 14.08689 0.49412 0.50588 0.49804 1.00000
v -1.95668 46.71804 10.59957 0.49412 0.50588 0.49804 1.00000
v -0.12925 45.88760 6.96232 0.49412 0.50588 0.49804 1.00000
v -4.73132 44.95275 9.35551 0.49412 0.50588 0.49804 1.00000
v -3.64576 50.27752 9.81204 0.49412 0.50588 0.49804 1.00000
v -7.90245 51.33113 6.88786 0.49412 0.50588 0.49804 1.00000
v -6.40329 48.15539 7.72417 0.49412 0.50588 0.49804 1.00000
v -9.06323 45.94698 5.95932 0.49412 0.50588 0.49804 1.00000
v -4.80654 44.89337 8.88350 0.49412 0.50588 0.49804 1.00000
v -7.90245 51.33113 6.88786 0.49412 0.50588 0.49804 1.00000
v -3.64576 50.27752 9.81204 0.49412 0.50588 0.49804 1.00000
v -6.40329 48.15539 7.72417 0.49412 0.50588 0.49804 1.00000
v -9.06323 45.94698 5.95932 0.49412 0.50588 0.49804 1.00000
v -4.80654 44.89337 8.88350 0.49412 0.50588 0.49804 1.00000
v -14.58004 48.12923 16.85433 0.49412 0.50588 0.49804 1.00000
v -16.70335 44.40398 19.01242 0.49412 0.50588 0.49804 1.00000
v -13.82587 44.77722 16.93138 0.49412 0.50588 0.49804 1.00000
v -13.01272 41.68015 16.79795 0.49412 0.50588 0.49804 1.00000
v -10.88942 45.40540 14.63987 0.49412 0.50588 0.49804 1.00000
v -16.70335 44.40398 19.01242 0.49412 0.50588 0.49804 1.00000
v -14.58004 48.12923 16.85433 0.49412 0.50588 0.49804 1.00000
v -13.82587 44.77722 16.93138 0.49412 0.50588 0.49804 1.00000
v -13.01272 41.68015 16.79795 0.49412 0.50588 0.49804 1.00000
v -10.88942 45.40540 14.63987 0.49412 0.50588 0.49804 1.00000
v -2.71902 45.50056 14.08820 0.49412 0.50588 0.49804 1.00000
v -0.29763 39.41459 16.18894 0.49412 0.50588 0.49804 1.00000
v 0.29858 42.15796 11.96482 0.49412 0.50588 0.49804 1.00000
v 3.41341 38.19495 10.03528 0.49412 0.50588 0.49804 1.00000
v 0.99201 44.28091 7.93453 0.49412 0.50588 0.49804 1.00000
v -0.29763 39.41459 16.18894 0.49412 0.50588 0.49804 1.00000
v -2.71902 45.50056 14.08820 0.49412 0.50588 0.49804 1.00000
v 0.29858 42.15796 11.96482 0.49412 0.50588 0.49804 1.00000
v 3.41341 38.19495 10.03528 0.49412 0.50588 0.49804 1.00000
v 0.99201 44.28091 7.93453 0.49412 0.50588 0.49804 1.00000
v -1.57144 47.18192 13.69387 0.49412 0.50588 0.49804 1.00000
v 0.07716 42.13214 16.37166 0.49412 0.50588 0.49804 1.00000
v 0.98235 43.47425 12.67781 0.49412 0.50588 0.49804 1.00000
v 3.58891 40.16051 11.52024 0.49412 0.50588 0.49804 1.00000
v 1.94031 45.21029 8.84245 0.49412 0.50588 0.49804 1.00000
v 0.07716 42.13214 16.37166 0.49412 0.50588 0.49804 1.00000
v -1.57144 47.18192 13.69387 0.49412 0.50588 0.49804 1.00000
v 0.98235 43.47425 12.67781 0.49412 0.50588 0.49804 1.00000
v 3.58891 40.16051 11.52024 0.49412 0.50588 0.49804 1.00000
v 1.94031 45.21029 8.84245 0.49412 0.50588 0.49804 1.00000
v 7.80791 47.10032 9.89874 0.49412 0.50588 0.49804 1.00000
v 6.58396 52.13546 6.97675 0.49412 0.50588 0.49804 1.00000
v 4.24387 48.85513 7.61488 0.49412 0.50588 0.49804 1.00000
v 0.74298 50.14182 5.71881 0.49412 0.50588 0.49804 1.00000
v 1.96693 45.10669 8.64079 0.49412 0.50588 0.49804 1.00000
v 6.58396 52.13546 6.97675 0.49412 0.50588 0.49804 1.00000
v 7.80791 47.10032 9.89874 0.49412 0.50588 0.49804 1.00000
v 4.24387 48.85513 7.61488 0.49412 0.50588 0.49804 1.00000
v 0.74298 50.14182 5.71881 0.49412 0.50588 0.49804 1.00000
v 1.96693 45.10669 8.64079 0.49412 0.50588 0.49804 1.00000
v 2.40985 51.21801 14.16295 0.49412 0.50588 0.49804 1.00000
v 5.67291 48.50498 17.21123 0.49412 0.50588 0.49804 1.00000
v 4.37669 48.24734 13.45231 0.49412 0.50588 0.49804 1.00000
v 6.65474 45.15061 12.90524 0.49412 0.50588 0.49804 1.00000
v 3.39167 47.86364 9.85696 0.49412 0.50588 0.49804 1.00000
v 5.67291 48.50498 17.21123 0.49412 0.50588 0.49804 1.00000
v 2.40985 51.21801 14.16295 0.49412 0.50588 0.49804 1.00000
v 4.37669 48.24734 13.45231 0.49412 0.50588 0.49804 1.00000
v 6.65474 45.15061 12.90524 0.49412 0.50588 0.49804 1.00000
v 3.39167 47.86364 9.85696 0.49412 0.50588 0.49804 1.00000
v 8.32707 50.14315 11.80889 0.49412 0.50588 0.49804 1.00000
v 9.28642 51.37364 6.82234 0.49412 0.50588 0.49804 1.00000
v 6.49251 49.65510 8.25846 0.49412 0.50588 0.49804 1.00000
v 4.52109 49.21031 4.99530 0.49412 0.50588 0.49804 1.00000
v 3.56174 47.97982 9.98185 0.49412 0.50588 0.49804 1.00000
v 9.28642 51.37364 6.82234 0.49412 0.50588 0.49804 1.00000
v 8.32707 50.14315 11.80889 0.49412 0.50588 0.49804 1.00000
v 6.49251 49.65510 8.25846 0.49412 0.50588 0.49804 1.00000
v 4.52109 49.21031 4.99530 0.49412 0.50588 0.49804 1.00000
v 3.56174 47.97982 9.98185 0.49412 0.50588 0.49804 1.00000
v 4.83989 53.23512 9.31578 0.49412 0.50588 0.49804 1.00000
v 0.18346 54.58961 11.26082 0.49412 0.50588 0.49804 1.00000
v 1.58309 51.30651 10.55282 0.49412 0.50588 0.49804 1.00000
v -1.28747 49.27230 11.84800 0.49412 0.50588 0.49804 1.00000
v 3.36896 47.91781 9.90296 0.49412 0.50588 0.49804 1.00000
v 0.18346 54.58961 11.26082 0.49412 0.50588 0.49804 1.00000
v 4.83989 53.23512 9.31578 0.49412 0.50588 0.49804 1.00000
v 1.58309 51.30651 10.55282 0.49412 0.50588 0.49804 1.00000
v -1.28747 49.27230 11.84800 0.49412 0.50588 0.49804 1.00000
v 3.36896 47.91781 9.90296 0.49412 0.50588 0.49804 1.00000
v 2.70616 50.66301 19.41633 0.49412 0.50588 0.49804 1.00000
v 3.10244 46.57873 21.90723 0.49412 0.50588 0.49804 1.00000
v 3.39713 47.51113 18.41516 0.49412 0.50588 0.49804 1.00000
v 4.15934 44.28830 17.46918 0.49412 0.50588 0.49804 1.00000
v 3.76306 48.37257 14.97829 0.49412 0.50588 0.49804 1.00000
v 3.10244 46.57873 21.90723 0.49412 0.50588 0.49804 1.00000
v 2.70616 50.66301 19.41633 0.49412 0.50588 0.49804 1.00000
v 3.39713 47.51113 18.41516 0.49412 0.50588 0.49804 1.00000
v 4.15934 44.28830 17.46918 0.49412 0.50588 0.49804 1.00000
v 3.76306 48.37257 14.97829 0.49412 0.50588 0.49804 1.00000
v -3.64247 54.17973 -8.66252 0.49412 0.50588 0.49804 1.00000
v -7.44802 49.60318 -11.78755 0.49412 0.50588 0.49804 1.00000
v -6.85626 50.50922 -7.20130 0.49412 0.50588 0.49804 1.00000
v -9.91425 47.10734 -5.56086 0.49412 0.50588 0.49804 1.00000
v -6.10870 51.68389 -2.43583 0.49412 0.50588 0.49804 1.00000
v -7.44802 49.60318 -11.78755 0.49412 0.50588 0.49804 1.00000
v -3.64247 54.17973 -8.66252 0.49412 0.50588 0.49804 1.00000
v -6.85626 50.50922 -7.20130 0.49412 0.50588 0.49804 1.00000
v -9.91425 47.10734 -5.56086 0.49412 0.50588 0.49804 1.00000
v -6.10870 51.68389 -2.43583 0.49412 0.50588 0.49804 1.00000
v -5.77372 55.93740 -7.98803 0.49412 0.50588 0.49804 1.00000
v -8.85961 52.39515 -11.49512 0.49412 0.50588 0.49804 1.00000
v -7.96144 52.51532 -7.18072 0.49412 0.50588 0.49804 1.00000
v -10.20581 49.19886 -6.31315 0.49412 0.50588 0.49804 1.00000
v -7.11992 52.74112 -2.80607 0.49412 0.50588 0.49804 1.00000
v -8.85961 52.39515 -11.49512 0.49412 0.50588 0.49804 1.00000
v -5.77372 55.93740 -7.98803 0.49412 0.50588 0.49804 1.00000
v -7.96144 52.51532 -7.18072 0.49412 0.50588 0.49804 1.00000
v -10.20581 49.19886 -6.31315 0.49412 0.50588 0.49804 1.00000
v -7.11992 52.74112 -2.80607 0.49412 0.50588 0.49804 1.00000
v -12.03725 55.14072 -2.07989 0.49412 0.50588 0.49804 1.00000
v -9.90241 59.66407 0.97817 0.49412 0.50588 0.49804 1.00000
v -8.05238 56.43289 -1.11246 0.49412 0.50588 0.49804 1.00000
v -4.32150 57.19316 -0.20962 0.49412 0.50588 0.49804 1.00000
v -6.45634 52.66982 -3.26769 0.49412 0.50588 0.49804 1.00000
v -9.90241 59.66407 0.97817 0.49412 0.50588 0.49804 1.00000
v -12.03725 55.14072 -2.07989 0.49412 0.50588 0.49804 1.00000
v -8.05238 56.43289 -1.11246 0.49412 0.50588 0.49804 1.00000
v -4.32150 57.19316 -0.20962 0.49412 0.50588 0.49804 1.00000
v -6.45634 52.66982 -3.26769 0.49412 0.50588 0.49804 1.00000
v -7.58928 59.30293 -7.57451 0.49412 0.50588 0.49804 1.00000
v -12.18886 57.72328 -9.39559 0.49412 0.50588 0.49804 1.00000
v -9.82828 56.71777 -6.39276 0.49412 0.50588 0.49804 1.00000
v -12.44557 54.02578 -5.32162 0.49412 0.50588 0.49804 1.00000
v -7.84598 55.60543 -3.50055 0.49412 0.50588 0.49804 1.00000
v -12.18886 57.72328 -9.39559 0.49412 0.50588 0.49804 1.00000
v -7.58928 59.30293 -7.57451 0.49412 0.50588 0.49804 1.00000
v -9.82828 56.71777 -6.39276 0.49412 0.50588 0.49804 1.00000
v -12.44557 54.02578 -5.32162 0.49412 0.50588 0.49804 1.00000
v -7.84598 55.60543 -3.50055 0.49412 0.50588 0.49804 1.00000
v -11.53185 58.71257 -4.33176 0.49412 0.50588 0.49804 1.00000
v -11.71841 60.30129 0.60879 0.49412 0.50588 0.49804 1.00000
v -9.50887 57.86514 -1.16531 0.49412 0.50588 0.49804 1.00000
v -7.59941 56.76969 1.51073 0.49412 0.50588 0.49804 1.00000
v -7.41285 55.18097 -3.42982 0.49412 0.50588 0.49804 1.00000
v -11.71841 60.30129 0.60879 0.49412 0.50588 0.49804 1.00000
v -11.53185 58.71257 -4.33176 0.49412 0.50588 0.49804 1.00000
v -9.50887 57.86514 -1.16531 0.49412 0.50588 0.49804 1.00000
v -7.59941 56.76969 1.51073 0.49412 0.50588 0.49804 1.00000
v -7.41285 55.18097 -3.42982 0.49412 0.50588 0.49804 1.00000
v -7.70120 60.82014 -1.75524 0.49412 0.50588 0.49804 1.00000
v -3.75903 61.58140 -5.04881 0.49412 0.50588 0.49804 1.00000
v -5.64528 58.63180 -4.40120 0.49412 0.50588 0.49804 1.00000
v -3.89208 56.35596 -6.79279 0.49412 0.50588 0.49804 1.00000
v -7.83425 55.59470 -3.49923 0.49412 0.50588 0.49804 1.00000
v -3.75903 61.58140 -5.04881 0.49412 0.50588 0.49804 1.00000
v -7.70120 60.82014 -1.75524 0.49412 0.50588 0.49804 1.00000
v -5.64528 58.63180 -4.40120 0.49412 0.50588 0.49804 1.00000
v -3.89208 56.35596 -6.79279 0.49412 0.50588 0.49804 1.00000
v -7.83425 55.59470 -3.49923 0.49412 0.50588 0.49804 1.00000
v -12.07235 62.20559 -7.53111 0.49412 0.50588 0.49804 1.00000
v -15.71770 60.01052 -9.75280 0.49412 0.50588 0.49804 1.00000
v -13.46795 58.91392 -7.40097 0.49412 0.50588 0.49804 1.00000
v -14.39427 55.81776 -7.19890 0.49412 0.50588 0.49804 1.00000
v -10.74893 58.01282 -4.97721 0.49412 0.50588 0.49804 1.00000
v -15.71770 60.01052 -9.75280 0.49412 0.50588 0.49804 1.00000
v -12.07235 62.20559 -7.53111 0.49412 0.50588 0.49804 1.00000
v -13.46795 58.91392 -7.40097 0.49412 0.50588 0.49804 1.00000
v -14.39427 55.81776 -7.19890 0.49412 0.50588 0.49804 1.00000
v -10.74893 58.01282 -4.97721 0.49412 0.50588 0.49804 1.00000
v -11.07656 57.52923 6.37774 0.49412 0.50588 0.49804 1.00000
v -10.75605 52.84766 12.37869 0.49412 0.50588 0.49804 1.00000
v -7.21005 53.89161 8.36848 0.49412 0.50588 0.49804 1.00000
v -3.47021 49.81078 10.61748 0.49412 0.50588 0.49804 1.00000
v -3.79072 54.49236 4.61653 0.49412 0.50588 0.49804 1.00000
v -10.75605 52.84766 12.37869 0.49412 0.50588 0.49804 1.00000
v -11.07656 57.52923 6.37774 0.49412 0.50588 0.49804 1.00000
v -7.21005 53.89161 8.36848 0.49412 0.50588 0.49804 1.00000
v -3.47021 49.81078 10.61748 0.49412 0.50588 0.49804 1.00000
v -3.79072 54.49236 4.61653 0.49412 0.50588 0.49804 1.00000
v -9.85845 57.04475 10.35991 0.49412 0.50588 0.49804 1.00000
v -9.38974 51.58995 14.39263 0.49412 0.50588 0.49804 1.00000
v -6.61399 53.33005 10.61730 0.49412 0.50588 0.49804 1.00000
v -3.40055 49.16218 11.18793 0.49412 0.50588 0.49804 1.00000
v -3.86926 54.61698 7.15521 0.49412 0.50588 0.49804 1.00000
v -9.38974 51.58995 14.39263 0.49412 0.50588 0.49804 1.00000
v -9.85845 57.04475 10.35991 0.49412 0.50588 0.49804 1.00000
v -6.61399 53.33005 10.61730 0.49412 0.50588 0.49804 1.00000
v -3.40055 49.16218 11.18793 0.49412 0.50588 0.49804 1.00000
v -3.86926 54.61698 7.15521 0.49412 0.50588 0.49804 1.00000
v 0.77184 56.90601 11.25909 0.49412 0.50588 0.49804 1.00000
v 2.39126 62.33036 7.49197 0.49412 0.50588 0.49804 1.00000
v -0.67587 58.36866 6.84252 0.49412 0.50588 0.49804 1.00000
v -2.05628 59.45031 2.58294 0.49412 0.50588 0.49804 1.00000
v -3.67571 54.02596 6.35006 0.49412 0.50588 0.49804 1.00000
v 2.39126 62.33036 7.49197 0.49412 0.50588 0.49804 1.00000
v 0.77184 56.90601 11.25909 0.49412 0.50588 0.49804 1.00000
v -0.67587 58.36866 6.84252 0.49412 0.50588 0.49804 1.00000
v -2.05628 59.45031 2.58294 0.49412 0.50588 0.49804 1.00000
v -3.67571 54.02596 6.35006 0.49412 0.50588 0.49804 1.00000
v -6.91703 61.78038 7.45600 0.49412 0.50588 0.49804 1.00000
v -8.60133 59.75106 12.35413 0.49412 0.50588 0.49804 1.00000
v -5.85135 58.51715 9.60924 0.49412 0.50588 0.49804 1.00000
v -4.74502 55.37347 11.41251 0.49412 0.50588 0.49804 1.00000
v -3.06072 57.40278 6.51438 0.49412 0.50588 0.49804 1.00000
v -8.60133 59.75106 12.35413 0.49412 0.50588 0.49804 1.00000
v -6.91703 61.78038 7.45600 0.49412 0.50588 0.49804 1.00000
v -5.85135 58.51715 9.60924 0.49412 0.50588 0.49804 1.00000
v -4.74502 55.37347 11.41251 0.49412 0.50588 0.49804 1.00000
v -3.06072 57.40278 6.51438 0.49412 0.50588 0.49804 1.00000
v -2.24328 61.08091 12.05536 0.49412 0.50588 0.49804 1.00000
v 2.75804 62.00888 9.80319 0.49412 0.50588 0.49804 1.00000
v -0.36058 60.02880 8.47026 0.49412 0.50588 0.49804 1.00000
v 1.66570 59.01993 4.82097 0.49412 0.50588 0.49804 1.00000
v -3.33563 58.09195 7.07314 0.49412 0.50588 0.49804 1.00000
v 2.75804 62.00888 9.80319 0.49412 0.50588 0.49804 1.00000
v -2.24328 61.08091 12.05536 0.49412 0.50588 0.49804 1.00000
v -0.36058 60.02880 8.47026 0.49412 0.50588 0.49804 1.00000
v 1.66570 59.01993 4.82097 0.49412 0.50588 0.49804 1.00000
v -3.33563 58.09195 7.07314 0.49412 0.50588 0.49804 1.00000
v -2.18956 63.79188 7.37433 0.49412 0.50588 0.49804 1.00000
v -6.53992 64.79581 4.05573 0.49412 0.50588 0.49804 1.00000
v -4.98653 61.45532 5.18138 0.49412 0.50588 0.49804 1.00000
v -7.73216 59.05790 3.33242 0.49412 0.50588 0.49804 1.00000
v -3.38179 58.05397 6.65103 0.49412 0.50588 0.49804 1.00000
v -6.53992 64.79581 4.05573 0.49412 0.50588 0.49804 1.00000
v -2.18956 63.79188 7.37433 0.49412 0.50588 0.49804 1.00000
v -4.98653 61.45532 5.18138 0.49412 0.50588 0.49804 1.00000
v -7.73216 59.05790 3.33242 0.49412 0.50588 0.49804 1.00000
v -3.38179 58.05397 6.65103 0.49412 0.50588 0.49804 1.00000
v -6.84691 63.12587 15.58287 0.49412 0.50588 0.49804 1.00000
v -7.14202 59.42112 18.62144 0.49412 0.50588 0.49804 1.00000
v -5.75794 59.63389 15.59183 0.49412 0.50588 0.49804 1.00000
v -4.57495 56.27079 15.54027 0.49412 0.50588 0.49804 1.00000
v -4.27985 59.97555 12.50169 0.49412 0.50588 0.49804 1.00000
v -7.14202 59.42112 18.62144 0.49412 0.50588 0.49804 1.00000
v -6.84691 63.12587 15.58287 0.49412 0.50588 0.49804 1.00000
v -5.75794 59.63389 15.59183 0.49412 0.50588 0.49804 1.00000
v -4.57495 56.27079 15.54027 0.49412 0.50588 0.49804 1.00000
v -4.27985 59.97555 12.50169 0.49412 0.50588 0.49804 1.00000
v 4.91793 56.18468 3.51072 0.49412 0.50588 0.49804 1.00000
v 10.49191 52.86872 1.88030 0.49412 0.50588 0.49804 1.00000
v 5.76556 52.65631 0.37250 0.49412 0.50588 0.49804 1.00000
v 6.34684 49.26802 -2.63419 0.49412 0.50588 0.49804 1.00000
v 0.77287 52.58398 -1.00377 0.49412 0.50588 0.49804 1.00000
v 10.49191 52.86872 1.88030 0.49412 0.50588 0.49804 1.00000
v 4.91793 56.18468 3.51072 0.49412 0.50588 0.49804 1.00000
v 5.76556 52.65631 0.37250 0.49412 0.50588 0.49804 1.00000
v 6.34684 49.26802 -2.63419 0.49412 0.50588 0.49804 1.00000
v 0.77287 52.58398 -1.00377 0.49412 0.50588 0.49804 1.00000
v 8.31284 56.67715 1.81359 0.49412 0.50588 0.49804 1.00000
v 11.24887 52.28218 -0.67786 0.49412 0.50588 0.49804 1.00000
v 7.22753 53.43398 -0.86033 0.49412 0.50588 0.49804 1.00000
v 6.30562 49.92688 -3.60254 0.49412 0.50588 0.49804 1.00000
v 3.36959 54.32185 -1.11108 0.49412 0.50588 0.49804 1.00000
v 11.24887 52.28218 -0.67786 0.49412 0.50588 0.49804 1.00000
v 8.31284 56.67715 1.81359 0.49412 0.50588 0.49804 1.00000
v 7.22753 53.43398 -0.86033 0.49412 0.50588 0.49804 1.00000
v 6.30562 49.92688 -3.60254 0.49412 0.50588 0.49804 1.00000
v 3.36959 54.32185 -1.11108 0.49412 0.50588 0.49804 1.00000
v 3.17481 57.08370 -6.72655 0.49412 0.50588 0.49804 1.00000
v -0.71609 61.06239 -4.94490 0.49412 0.50588 0.49804 1.00000
v 1.15338 57.37178 -3.23674 0.49412 0.50588 0.49804 1.00000
v -0.99131 58.03160 0.46071 0.49412 0.50588 0.49804 1.00000
v 2.89959 54.05292 -1.32094 0.49412 0.50588 0.49804 1.00000
v -0.71609 61.06239 -4.94490 0.49412 0.50588 0.49804 1.00000
v 3.17481 57.08370 -6.72655 0.49412 0.50588 0.49804 1.00000
v 1.15338 57.37178 -3.23674 0.49412 0.50588 0.49804 1.00000
v -0.99131 58.03160 0.46071 0.49412 0.50588 0.49804 1.00000
v 2.89959 54.05292 -1.32094 0.49412 0.50588 0.49804 1.00000
v 5.75170 60.57244 1.20638 0.49412 0.50588 0.49804 1.00000
v 10.06771 59.03146 -1.22072 0.49412 0.50588 0.49804 1.00000
v 6.26665 57.98260 -1.26714 0.49412 0.50588 0.49804 1.00000
v 7.03599 55.29619 -3.90681 0.49412 0.50588 0.49804 1.00000
v 2.71998 56.83718 -1.47970 0.49412 0.50588 0.49804 1.00000
v 10.06771 59.03146 -1.22072 0.49412 0.50588 0.49804 1.00000
v 5.75170 60.57244 1.20638 0.49412 0.50588 0.49804 1.00000
v 6.26665 57.98260 -1.26714 0.49412 0.50588 0.49804 1.00000
v 7.03599 55.29619 -3.90681 0.49412 0.50588 0.49804 1.00000
v 2.71998 56.83718 -1.47970 0.49412 0.50588 0.49804 1.00000
v 5.60546 60.09756 -4.05164 0.49412 0.50588 0.49804 1.00000
v 1.72596 61.52281 -7.18399 0.49412 0.50588 0.49804 1.00000
v 1.97720 59.10629 -4.24752 0.49412 0.50588 0.49804 1.00000
v -1.39068 57.97271 -4.33980 0.49412 0.50588 0.49804 1.00000
v 2.48883 56.54744 -1.20746 0.49412 0.50588 0.49804 1.00000
v 1.72596 61.52281 -7.18399 0.49412 0.50588 0.49804 1.00000
v 5.60546 60.09756 -4.05164 0.49412 0.50588 0.49804 1.00000
v 1.97720 59.10629 -4.24752 0.49412 0.50588 0.49804 1.00000
v -1.39068 57.97271 -4.33980 0.49412 0.50588 0.49804 1.00000
v 2.48883 56.54744 -1.20746 0.49412 0.50588 0.49804 1.00000
v 1.40299 62.05664 -2.43461 0.49412 0.50588 0.49804 1.00000
v 1.52020 62.96310 2.67009 0.49412 0.50588 0.49804 1.00000
v 2.13371 59.92240 0.79178 0.49412 0.50588 0.49804 1.00000
v 2.86530 57.71331 3.66116 0.49412 0.50588 0.49804 1.00000
v 2.74808 56.80684 -1.44355 0.49412 0.50588 0.49804 1.00000
v 1.52020 62.96310 2.67009 0.49412 0.50588 0.49804 1.00000
v 1.40299 62.05664 -2.43461 0.49412 0.50588 0.49804 1.00000
v 2.13371 59.92240 0.79178 0.49412 0.50588 0.49804 1.00000
v 2.86530 57.71331 3.66116 0.49412 0.50588 0.49804 1.00000
v 2.74808 56.80684 -1.44355 0.49412 0.50588 0.49804 1.00000
v 11.33185 64.71379 -3.90612 0.49412 0.50588 0.49804 1.00000
v 14.12014 61.23367 -5.68286 0.49412 0.50588 0.49804 1.00000
v 10.71121 61.39922 -4.72300 0.49412 0.50588 0.49804 1.00000
v 10.38993 57.76757 -5.52512 0.49412 0.50588 0.49804 1.00000
v 7.60164 61.24769 -3.74839 0.49412 0.50588 0.49804 1.00000
v 14.12014 61.23367 -5.68286 0.49412 0.50588 0.49804 1.00000
v 11.33185 64.71379 -3.90612 0.49412 0.50588 0.49804 1.00000
v 10.71121 61.39922 -4.72300 0.49412 0.50588 0.49804 1.00000
v 10.38993 57.76757 -5.52512 0.49412 0.50588 0.49804 1.00000
v 7.60164 61.24769 -3.74839 0.49412 0.50588 0.49804 1.00000
# Normals
vn -43.82157 19.54222 -17.28500
vn -47.23987 10.32654 -16.20977
vn -41.80970 13.65098 -25.81858
vn -42.16410 14.56616 -24.71874
vn -37.73679 24.67377 -23.83567
vn 31.47271 -7.34980 39.45185
vn 33.01189 -1.72861 38.83590
vn 36.44975 -5.93301 35.17407
vn 36.64188 -5.93563 34.97342
vn 37.15855 0.89185 34.92056
vn -46.92712 16.68409 -10.97665
vn -49.03470 10.39020 -9.41496
vn -46.01438 11.70074 -18.62173
vn -48.03397 12.09854 -12.13928
vn -44.21850 20.68354 -14.76194
vn 36.75364 -7.37270 34.58053
vn 38.16803 -1.22495 33.80386
vn 41.28377 -5.87704 29.36171
vn 40.08741 -6.93257 30.75612
vn 41.57635 0.56562 29.53111
vn 31.50892 8.36344 -39.22041
vn 29.55314 16.45722 -38.16766
vn 22.38933 11.56323 -44.33970
vn 24.55851 20.76026 -39.58397
vn 28.49349 10.73437 -40.91325
vn -4.87497 -3.20596 50.66513
vn -3.62078 -6.49563 50.45489
vn -9.71179 -5.95659 49.71116
vn -6.82247 -0.81820 50.53497
vn -5.02362 -5.32327 50.47203
vn -22.39682 28.99594 -35.47700
vn -24.28598 25.52900 -36.87088
vn -18.52142 23.27612 -41.42679
vn -14.56000 29.07660 -39.28812
vn -15.92173 31.14020 -37.11854
vn 12.56229 -14.54955 47.23875
vn 12.37753 -9.39329 48.57533
vn 16.64479 -13.96610 46.13999
vn 19.89526 -12.10977 45.37104
vn 18.44789 -7.46355 46.95712
vn 47.62573 -16.74196 -7.24543
vn 48.17292 -14.39203 -8.55794
vn 45.84124 -15.48671 -16.11653
vn 48.93537 -10.74258 -9.53553
vn 48.95593 -11.98117 -7.79535
vn -32.02461 17.41156 35.66878
vn -33.76387 14.36396 35.42141
vn -37.36588 17.78304 29.80861
vn -31.61459 21.84097 33.53341
vn -33.04599 19.64452 33.51200
vn 15.06098 38.52708 29.83002
vn 10.97502 39.97946 29.70170
vn 14.29871 42.34770 24.56052
vn 11.11928 40.95485 28.28535
vn 16.78813 38.95695 28.31102
vn -19.96752 -46.89941 -1.65637
vn -13.90668 -49.04650 -1.42966
vn -16.31140 -47.13095 -10.65883
vn -20.53994 -46.58879 -2.93188
vn -11.48829 -49.60199 -2.94301
vn -47.86807 -1.12858 -17.56056
vn -47.86558 -5.77898 -16.62796
vn -43.96399 -4.78482 -25.40221
vn -46.99219 -7.36620 -18.39761
vn -47.05698 -1.63063 -19.59543
vn 32.94586 5.26798 38.57225
vn 33.05077 7.75817 38.05859
vn 36.61772 6.03463 34.98178
vn 34.16233 4.53503 37.59479
vn 34.31915 7.44821 36.98269
vn -44.61629 9.36289 22.86312
vn -44.28392 -1.81936 25.23141
vn -48.74314 2.47413 14.79812
vn -47.99014 -1.97255 17.14805
vn -47.19213 13.90141 13.44073
vn 50.95882 1.26684 1.61043
vn 50.58519 6.48139 0.36077
vn 50.71846 3.25101 -4.25068
vn 50.87744 1.44031 -3.22658
vn 50.06298 8.62858 -4.49950
vn -41.73343 5.60337 28.77363
vn -40.95370 1.04958 30.37586
vn -45.45638 0.81261 23.10967
vn -41.26877 0.18117 29.96423
vn -42.61145 8.19367 26.79791
vn 50.75346 1.54063 -4.76570
vn 49.83500 8.62431 -6.56455
vn 49.45674 3.10939 -12.05663
vn 49.99282 -0.10795 -10.08494
vn 48.71052 8.55507 -12.45371
vn -12.50275 1.21324 -49.42883
vn -14.36399 8.49494 -48.19244
vn -22.18846 2.63185 -45.84480
vn -18.45167 11.86843 -46.03993
vn -15.25579 1.94996 -48.62569
vn 36.28650 6.96599 35.15343
vn 37.46511 2.64089 34.50204
vn 32.83941 3.46301 38.86619
vn 33.83570 8.72025 37.14972
vn 35.65499 3.00638 36.34119
vn -34.83821 18.16470 32.51680
vn -35.57233 14.10222 33.71553
vn -41.11332 15.38159 25.96345
vn -36.28995 19.31411 30.18285
vn -35.33630 22.45202 29.12477
vn 49.09052 -9.92149 -9.62729
vn 49.62855 -6.68264 -9.66173
vn 47.78006 -9.19885 -15.27895
vn 48.78202 -7.00298 -13.12526
vn 49.24577 -3.95549 -12.65733
vn -11.48345 -26.39419 -42.10079
vn -9.41938 -21.67969 -45.19144
vn -19.62018 -20.98739 -42.13760
vn -12.37199 -15.70447 -46.91805
vn -14.90078 -20.06779 -44.45503
vn 34.22671 18.85005 32.77509
vn 33.86511 17.17615 34.04605
vn 30.42639 19.98589 35.71832
vn 33.33734 21.30569 32.18212
vn 32.80849 19.92272 33.58107
vn 19.97626 43.38265 -17.88560
vn 17.71290 46.07492 -12.82009
vn 11.10437 45.86042 -19.35236
vn 15.29607 47.08731 -12.23992
vn 18.55220 43.72549 -18.57140
vn 9.71515 -40.82513 28.98144
vn 10.91157 -41.82026 27.07402
vn 3.97066 -43.50278 26.31998
vn 10.28916 -39.64524 30.38729
vn 12.35839 -41.24887 27.32766
vn -43.67907 -2.96383 26.16015
vn -42.50639 -6.58094 27.40250
vn -46.79282 -7.50225 18.84536
vn -42.66003 -9.83640 26.16040
vn -44.17946 -5.93334 24.77842
vn 50.17110 8.95532 -1.91365
vn 49.73872 10.89364 -2.89616
vn 49.73633 8.75099 -7.12163
vn 50.38564 7.26420 -3.08509
vn 49.95683 9.32891 -4.27633
vn -2.04750 11.60747 49.61929
vn -0.00474 0.97561 50.99067
vn -11.02268 5.28945 49.51284
vn -6.19357 1.83143 50.58938
vn -9.99298 16.87014 47.08013
vn 28.31967 -0.73649 -42.40817
vn 26.99865 4.32711 -43.05053
vn 22.88098 1.08600 -45.56622
vn 25.17257 -0.23902 -44.35408
vn 23.22386 7.16459 -44.83660
vn 4.04207 9.60960 49.92311
vn 5.44473 0.06408 50.70848
vn -5.38592 3.58634 50.58784
vn -0.01275 0.52435 50.99730
vn -2.15969 13.83322 49.04057
vn 23.07634 -0.04704 -45.48054
vn 22.36938 3.58851 -45.69172
vn 18.02127 0.74409 -47.70409
vn 20.94285 -0.02656 -46.50157
vn 20.16775 5.41033 -46.52945
vn -48.51491 1.00413 -15.69377
vn -48.03851 9.77360 -14.06336
vn -50.57534 3.94943 -5.24757
vn -48.38449 14.05278 -7.90318
vn -49.90475 2.39521 -10.23617
vn 49.44106 4.16119 -11.80105
vn 49.43104 0.18526 -12.55139
vn 50.50461 1.09026 -7.00681
vn 49.86681 6.04528 -8.81790
vn 50.11182 0.64556 -9.45457
vn -1.17450 8.90280 50.20319
vn -0.31156 1.88652 50.96415
vn -10.37366 4.12057 49.76352
vn -4.13051 2.34290 50.77843
vn -5.46146 11.42696 49.40240
vn 26.40408 -1.28909 -43.61378
vn 25.90534 1.91071 -43.88921
vn 21.74619 -0.44669 -46.12920
vn 24.53560 -1.03973 -44.69813
vn 23.88625 3.01547 -44.95947
vn -24.27040 -40.45139 -19.38124
vn -26.47090 -37.79642 -21.71915
vn -31.51245 -37.51234 -14.17001
vn -28.72314 -35.42018 -22.83400
vn -26.02778 -38.81308 -20.42298
vn 39.54446 31.89285 -4.48115
vn 41.28359 29.89172 -1.77484
vn 37.88507 34.10464 1.61049
vn 37.43023 34.37438 -4.28712
vn 39.49020 32.24835 -1.25208
vn -17.35984 43.12305 -20.97709
vn -15.21424 45.99100 -15.94849
vn -24.12978 42.70358 -13.96986
vn -15.88951 46.42014 -13.91741
vn -18.62402 42.64681 -20.86610
vn 40.09600 -31.35570 3.18276
vn 39.11892 -32.71532 0.64571
vn 35.97513 -35.70244 5.66789
vn 40.42601 -30.81699 4.12928
vn 39.05699 -32.79388 0.33594
vn 7.68615 -3.86425 50.26918
vn 8.06270 -6.89125 49.88490
vn -0.77546 -7.05655 50.50350
vn 8.14436 -8.50977 49.62109
vn 7.84485 -4.63274 50.17963
vn 20.54166 7.79578 -46.02462
vn 19.71289 11.00510 -45.73061
vn 14.57260 8.51875 -48.12556
vn 19.03600 6.39623 -46.87983
vn 18.19902 10.04723 -46.57090
vn 44.29990 17.68422 18.04955
vn 46.86074 10.20028 17.35009
vn 42.24041 13.00876 25.44641
vn 46.53052 11.37768 17.50595
vn 40.76378 22.61022 20.69038
vn -27.31660 -8.85460 -42.14735
vn -29.37205 -2.58335 -41.61260
vn -33.63288 -7.13134 -37.66925
vn -29.00112 -8.13960 -41.15436
vn -32.73990 0.94984 -39.09215
vn 42.59009 2.36952 27.95477
vn 43.11845 -3.41851 27.02060
vn 37.59328 -1.53070 34.42966
vn 42.29107 -3.25438 28.31738
vn 41.11204 5.68447 29.63927
vn -21.70663 2.47708 -46.08347
vn -21.58773 8.29685 -45.45472
vn -27.32540 5.06436 -42.76300
vn -25.36564 2.88349 -44.15053
vn -25.02012 10.27239 -43.23737
vn -42.66017 -2.15371 27.86522
vn -41.17824 5.46747 29.58815
vn -36.22912 -0.68855 35.88838
vn -37.57028 8.39969 33.45023
vn -40.42848 -2.77155 30.96541
vn 22.27348 9.43187 -44.89913
vn 21.50365 4.48945 -46.02649
vn 26.87849 5.73690 -42.96085
vn 25.73400 10.63667 -42.72730
vn 24.80565 4.13917 -44.36830
vn 35.73738 8.18638 35.45169
vn 36.79096 2.19494 35.25062
vn 29.59365 3.78809 41.36261
vn 33.99261 2.81399 37.91547
vn 32.44893 10.54952 37.90480
vn -15.71049 -1.40587 -48.49952
vn -16.08704 2.61176 -48.32582
vn -20.58869 -0.14041 -46.65925
vn -18.93020 -1.13851 -47.34291
vn -19.26671 3.56135 -47.08620
vn -31.37087 -39.63290 6.78979
vn -36.06890 -35.42171 6.73319
vn -32.10540 -36.06175 16.42538
vn -38.36852 -32.14421 9.77784
vn -33.37959 -37.37651 9.47620
vn 22.01812 31.58832 -33.44218
vn 23.41376 30.14480 -33.82434
vn 25.38661 33.13547 -29.30120
vn 20.93702 32.84064 -32.92618
vn 22.75101 31.11709 -33.39338
vn -27.04948 42.96231 -4.85436
vn -23.20082 45.25766 -3.80333
vn -27.07850 43.05177 3.78147
vn -22.92411 45.39143 -3.88623
vn -28.38930 42.05734 -5.12122
vn 29.41828 -33.28606 -25.05200
vn 25.90273 -35.34486 -26.09193
vn 27.86946 -38.05243 -19.39859
vn 29.58218 -33.56770 -24.47659
vn 24.80897 -36.38222 -25.72641
vn 33.91552 -3.77929 37.90058
vn 34.13478 -6.20671 37.38038
vn 27.21279 -6.77120 42.59829
vn 33.81611 -7.99555 37.33017
vn 33.57331 -5.16658 38.04128
vn -10.39568 7.55553 -49.35426
vn -11.51938 10.36575 -48.58862
vn -16.04557 7.76928 -47.78261
vn -12.31050 5.64891 -49.16849
vn -13.58446 8.64319 -48.39171
vn 46.73214 11.62773 16.78994
vn 48.74283 1.26940 14.95076
vn 44.15165 5.09098 25.01427
vn 46.00302 1.57504 21.95999
vn 41.78217 16.42317 24.19772
vn -33.19474 -0.90890 -38.70765
vn -34.15712 4.88012 -37.55630
vn -37.76040 1.13381 -34.26173
vn -36.96197 -0.72856 -35.13234
vn -37.72853 7.21523 -33.54844
vn 48.92501 1.64046 14.30563
vn 48.87750 -6.18728 13.17981
vn 45.66350 -3.36506 22.46154
vn 47.20676 -6.94729 18.00711
vn 47.08512 4.87377 18.97992
vn -35.53879 4.18505 -36.33840
vn -35.09896 9.52023 -35.75512
vn -39.20910 6.46808 -31.96576
vn -38.71533 4.06021 -32.94901
vn -37.81733 10.98092 -32.40784
vn -35.27838 -4.02886 36.60880
vn -33.69571 4.57561 38.00872
vn -26.92038 -1.59600 43.28678
vn -29.50747 8.06428 40.80779
vn -32.96796 -4.22305 38.68176
vn 9.11160 9.86344 -49.20052
vn 8.17852 6.03403 -49.97701
vn 14.15719 7.02411 -48.48954
vn 11.06058 11.90440 -48.34200
vn 9.58146 6.11427 -49.71731
vn 44.11388 15.51815 20.35075
vn 46.14025 7.52779 20.38159
vn 40.75524 9.76205 29.06394
vn 42.47866 9.53012 26.56578
vn 39.76390 18.67552 25.90476
vn -31.87737 -4.71706 -39.52951
vn -32.53073 -1.94748 -39.22955
vn -35.26975 -4.43324 -36.57034
vn -34.02555 -3.99780 -37.77934
vn -34.53056 -0.72122 -37.52491
vn -29.24169 -33.67478 24.73725
vn -32.92113 -29.01230 25.99010
vn -25.20804 -29.45107 33.13893
vn -33.36014 -24.60979 29.70620
vn -30.08435 -29.85506 28.36559
vn 8.21011 26.50067 -42.79379
vn 9.16427 24.72849 -43.65223
vn 13.03952 27.74092 -40.76041
vn 7.61020 28.39017 -41.67833
vn 8.68649 26.53661 -42.67731
vn -27.47254 42.77116 4.10933
vn -23.06276 45.36110 3.38817
vn -23.75732 43.49638 12.02722
vn -22.34373 45.69347 3.72338
vn -28.40929 42.07910 4.82300
vn 17.12302 -34.77834 -33.14014
vn 13.86413 -36.70548 -32.58056
vn 18.25681 -39.14198 -27.12183
vn 17.60460 -34.42351 -33.25808
vn 12.95169 -37.20818 -32.38525
vn 46.62005 -3.12309 20.44056
vn 46.48775 -5.36167 20.27663
vn 42.62331 -5.18663 27.52003
vn 46.41091 -6.35311 20.16593
vn 46.63350 -3.31524 20.37953
vn -30.64374 4.75963 -40.48836
vn -30.72927 8.55207 -39.79413
vn -34.94762 6.18217 -36.62573
vn -32.91557 3.89717 -38.76051
vn -32.99605 8.04379 -38.04678
vn 21.88208 11.45183 -44.62096
vn 21.03385 4.47443 -46.24453
vn 29.24443 7.61360 -41.08280
vn 22.41305 8.74878 -44.96792
vn 24.60861 16.86201 -41.36531
vn -43.94580 -3.63774 25.62290
vn -43.52357 2.19566 26.49297
vn -39.90197 -1.18407 31.74005
vn -42.07494 -0.94395 28.80639
vn -40.98033 6.01428 29.75635
vn 32.77637 7.75541 -38.29573
vn 32.09920 0.69841 -39.62516
vn 39.04780 2.55314 -32.70704
vn 34.38247 0.55596 -37.66345
vn 35.17133 10.99888 -35.25624
vn -48.30630 -0.20158 16.35418
vn -47.84826 4.90084 16.95660
vn -45.95391 1.25850 22.08288
vn -47.01923 -0.33284 19.75047
vn -46.31936 6.37350 20.36896
vn 23.63247 1.41398 45.17197
vn 24.83956 10.29068 43.33702
vn 32.77587 3.55949 38.91107
vn 29.87942 13.97657 38.89570
vn 28.72273 2.81401 42.04861
vn -43.24443 5.39331 -26.49208
vn -43.94145 2.50099 -25.76613
vn -41.01414 2.41365 -30.21613
vn -41.90252 7.00621 -28.21508
vn -42.78233 2.96840 -27.60182
vn -7.76867 9.02244 -49.59076
vn -8.45002 4.67584 -50.07727
vn 0.28840 6.05164 -50.63886
vn -8.68384 5.40843 -49.96338
vn -7.21278 11.26652 -49.21423
vn -22.85615 -4.08392 45.40834
vn -22.41021 0.03903 45.81245
vn -16.08492 -2.95398 48.30682
vn -22.05311 -3.48083 45.85350
vn -21.14059 1.78780 46.37757
vn 29.33324 -41.05313 7.42976
vn 31.41230 -38.83821 10.28885
vn 35.13172 -36.83911 3.10511
vn 33.01445 -37.78547 9.12709
vn 29.79292 -41.07837 5.09405
vn -40.63831 29.26064 9.66140
vn -43.39573 26.08260 6.12441
vn -40.29909 31.02988 3.75889
vn -39.13812 32.12089 6.12009
vn -42.28331 28.43193 2.17859
vn 14.43716 46.89200 13.91792
vn 13.26244 48.33582 9.42102
vn 22.15885 45.14412 8.48492
vn 13.80038 48.79377 5.45135
vn 14.61495 47.65631 10.78328
vn -39.34935 -32.21277 -3.86857
vn -38.81498 -33.05821 -1.24552
vn -34.92663 -36.82648 -4.99403
vn -39.19550 -32.02451 -6.25641
vn -38.77932 -32.96837 -3.20164
vn 34.96340 -1.04949 -37.11413
vn 34.80321 -2.73032 -37.17904
vn 40.28568 -3.11292 -31.11871
vn 34.54559 -3.43251 -37.36066
vn 34.83209 -1.21182 -37.23246
vn -48.52938 3.52228 15.28046
vn -47.87192 6.93461 16.16136
vn -46.38220 4.18159 20.78955
vn -47.79432 2.13729 17.66734
vn -47.11077 5.79236 18.65539
vn 3.18087 -10.42621 -49.82144
vn 1.07310 -19.13683 -47.26129
vn 11.17904 -16.43072 -46.96871
vn 6.03696 -23.44896 -44.88541
vn 9.00229 -8.33832 -49.50182
vn -27.96172 15.30166 39.81208
vn -26.58448 21.39490 37.90150
vn -22.29909 18.16467 42.11644
vn -23.68452 13.62201 43.06372
vn -22.01949 22.32674 40.22012
vn 23.82047 -7.39020 -44.48561
vn 19.71320 -17.95293 -43.47506
vn 29.87604 -15.54151 -38.29991
vn 25.90475 -23.29649 -37.24537
vn 31.81955 -8.34948 -38.97181
vn -39.84028 15.20240 27.97568
vn -38.34925 19.32652 27.51037
vn -36.61909 16.42378 31.46906
vn -37.89094 13.41726 31.38875
vn -35.92044 18.99165 30.82271
vn 29.91166 -7.69628 40.58398
vn 33.52075 -1.24264 38.41633
vn 37.44761 -9.12597 33.39750
vn 37.32449 1.02145 34.73957
vn 32.24782 -6.78994 38.92267
vn -42.36639 22.54621 -17.25563
vn -44.27500 19.70281 -15.89098
vn -41.98326 18.81061 -22.01287
vn -40.63560 24.36525 -18.87012
vn -43.55209 20.58810 -16.74350
vn -32.98000 -1.24528 -38.88146
vn -33.80652 -6.10097 -37.69478
vn -26.41742 -5.84779 -43.23104
vn -33.60875 -6.52834 -37.79989
vn -32.24048 0.13636 -39.51623
vn 5.00579 9.54185 49.84872
vn 5.62823 13.11266 48.96305
vn 11.91819 10.18387 48.53086
vn 5.58873 9.25108 49.84158
vn 6.54088 14.05365 48.58715
vn 21.70686 -46.10364 2.06547
vn 27.90746 -42.51007 3.88160
vn 26.91046 -42.88828 -6.11731
vn 30.02938 -41.20956 -1.00411
vn 21.92025 -45.93472 -3.24088
vn -26.58734 38.63750 20.03138
vn -29.35618 36.98354 19.27257
vn -27.76299 39.81163 15.66047
vn -26.16871 40.07264 17.61763
vn -29.55451 38.04542 16.73550
vn 24.00199 44.25739 -8.13555
vn 23.34579 44.14077 -10.37138
vn 28.13201 39.98221 -14.52628
vn 21.38589 44.75401 -11.86263
vn 21.62486 45.26885 -9.17039
vn -39.32597 -20.96983 24.79383
vn -36.35983 -22.76189 27.58367
vn -36.52753 -28.11904 21.81876
vn -41.06054 -21.89815 20.86868
vn -38.37874 -23.53851 23.95852
vn -14.60889 3.28707 -48.75218
vn -15.40827 2.58721 -48.54782
vn -7.44054 1.03915 -50.44362
vn -17.07457 3.23161 -47.94805
vn -15.95523 4.38574 -48.24101
vn -14.79282 2.37681 48.74959
vn -14.44582 6.62748 48.46023
vn -7.52766 3.45873 50.32267
vn -12.39071 3.22512 49.36667
vn -11.87519 7.81544 48.97855
vn -41.99630 -10.36292 27.01702
vn -38.22904 -19.46718 27.57841
vn -44.18288 -16.70787 19.22811
vn -38.80230 -24.17527 22.60393
vn -45.39266 -7.02657 22.16153
vn 48.25837 16.49631 -0.02235
vn 45.56037 22.91751 -0.19988
vn 46.70059 19.50872 -6.28206
vn 48.59845 14.51909 -5.32795
vn 44.39846 24.56499 -5.13206
vn -42.32413 -10.30725 26.52221
vn -38.42414 -19.38082 27.36728
vn -44.35936 -17.31373 18.26147
vn -38.69430 -24.43161 22.51326
vn -45.29013 -10.10617 21.15820
vn 48.03990 17.12186 -0.09504
vn 46.11443 21.77331 -0.61785
vn 46.95684 19.03252 -5.81525
vn 48.59269 15.11190 -3.37349
vn 45.78783 22.02963 -4.37831
vn -3.63090 -12.31777 -49.35675
vn -8.89438 -4.17564 -50.04451
vn -14.62827 -12.85155 -47.13652
vn -16.16832 -1.86613 -48.33324
vn -8.31521 -13.98371 -48.33542
vn 26.14903 24.74828 36.12133
vn 28.77514 20.87473 36.56825
vn 23.73384 20.81462 40.05566
vn 22.73297 25.99752 37.52787
vn 26.47313 20.21030 38.62275
vn -22.09269 -6.07926 45.56264
vn -21.29778 -9.47087 45.36196
vn -27.96955 -10.47382 41.34009
vn -19.62446 -11.41104 45.66912
vn -20.64141 -5.81376 46.27237
vn 43.34094 12.31117 -23.89555
vn 40.98755 17.95903 -24.46413
vn 38.76976 13.02027 -30.46930
vn 42.60394 9.25435 -26.46244
vn 40.04314 16.33074 -27.03430
vn 8.63567 -44.37932 -23.59874
vn 7.55848 -42.19682 -27.62784
vn -0.07445 -44.98946 -24.01962
vn 7.20365 -41.55506 -28.67549
vn 8.94335 -45.04469 -22.18090
vn 19.32245 44.54259 15.60769
vn 20.73921 41.90533 20.36732
vn 14.03168 44.48027 20.63050
vn 16.26587 45.48582 16.35424
vn 18.08928 42.10181 22.38781
vn -17.99652 40.65797 -24.98109
vn -20.23900 41.39406 -21.86125
vn -25.07072 36.13231 -25.82470
vn -20.85126 42.18270 -19.66836
vn -17.05938 41.35063 -24.49699
vn 36.59085 -16.51985 31.45161
vn 39.43525 -18.01532 26.85720
vn 34.58289 -23.79630 28.96134
vn 34.44154 -18.19188 32.92165
vn 38.33946 -19.85381 27.14612
vn -36.45347 0.68143 35.66062
vn -35.45761 -3.93083 36.44593
vn -41.69641 -4.01293 29.09133
vn -35.91795 -5.24320 35.82470
vn -37.20066 0.68048 34.88047
vn 49.50178 7.27999 -9.87804
vn 48.95533 9.84875 -10.36228
vn 47.90472 7.37134 -15.86825
vn 49.46716 6.60400 -10.50649
vn 48.77931 9.87738 -11.13624
vn 42.31414 -12.69561 25.48203
vn 41.18332 -21.76513 20.76567
vn 35.80951 -20.56385 29.93002
vn 36.89306 -27.47555 22.02262
vn 39.53850 -11.77158 29.98560
vn -19.89518 20.71653 -42.14270
vn -19.23478 25.74776 -39.59894
vn -24.80696 22.29400 -38.58228
vn -23.20947 18.00684 -41.69021
vn -22.12388 26.29341 -37.68540
vn 22.68853 -12.08814 44.04664
vn 24.12950 -18.55680 40.91958
vn 15.71293 -19.01886 44.63615
vn 21.34653 -24.09519 39.55688
vn 18.72621 -14.50714 45.16494
vn 3.17632 18.90077 -47.26173
vn 0.86002 24.99086 -44.44904
vn -3.94019 19.99912 -46.74943
vn -1.67160 14.93332 -48.73603
vn -5.00176 22.51634 -45.48622
vn -49.60338 -9.71538 -6.79085
vn -50.52870 -6.01286 -3.41988
vn -49.59026 -11.73371 2.03122
vn -50.92984 -2.63682 -0.44526
vn -50.01475 -7.53016 -6.54377
vn 40.03261 26.18045 -17.69107
vn 41.85637 20.27175 -20.93084
vn 44.48265 21.25734 -13.05445
vn 40.88437 27.93934 -12.20090
vn 43.31970 21.07297 -16.74314
vn 42.91854 -15.03000 23.08891
vn 42.31561 -20.38764 19.86790
vn 36.94704 -21.04773 28.15864
vn 40.15556 -24.23795 20.02629
vn 41.32673 -17.18591 24.44884
vn -22.20472 22.38526 -40.08554
vn -22.14684 25.82751 -37.99284
vn -27.09661 23.11713 -36.50167
vn -24.57047 20.32727 -39.80067
vn -24.65779 24.61270 -37.24524
vn -21.61198 -41.84389 -19.57066
vn -27.89019 -39.05095 -17.26733
vn -23.41954 -44.26218 -9.66350
vn -29.96095 -38.84079 -13.95470
vn -21.77751 -42.57182 -17.73075
vn 14.52539 47.93340 -9.61260
vn 16.89333 46.89008 -10.81368
vn 17.77217 47.57864 -4.62845
vn 13.05366 48.48834 -8.91529
vn 16.65378 46.96374 -10.86546
vn -32.75935 26.46481 28.76523
vn -26.87889 29.13627 32.08743
vn -29.62803 20.17134 36.28080
vn -25.06109 28.07306 34.42157
vn -33.44026 24.46326 29.73714
vn 27.13310 -0.48611 -43.18053
vn 24.50499 -1.69239 -44.69497
vn 27.38069 -6.55347 -42.52469
vn 28.15951 -0.74311 -42.51458
vn 24.24177 -2.58224 -44.79585
vn 23.20022 1.23991 45.40057
vn 24.53092 -1.46138 44.68890
vn 17.04505 -4.61265 47.84547
vn 25.09320 -2.45951 44.33149
vn 23.29704 1.27803 45.34991
vn 1.64387 12.15784 -49.50237
vn -0.49080 15.45608 -48.59906
vn -4.79690 10.79439 -49.61321
vn -0.04288 10.17489 -49.97468
vn -2.50358 13.97261 -48.98467
vn 48.23367 -16.55774 0.59521
vn 43.52985 -26.30057 -3.79893
vn 43.81330 -25.10337 7.15650
vn 38.39110 -33.55718 1.01885
vn 47.65320 -16.09383 8.43562
vn -36.85134 24.61555 -25.23990
vn -34.17544 30.19947 -22.82610
vn -38.97616 26.49447 -19.49107
vn -40.75878 21.26556 -22.07935
vn -36.55818 30.51480 -18.25777
vn 48.00226 -16.54935 -4.78559
vn 43.93053 -24.69468 -7.82820
vn 44.80467 -24.23717 2.46999
vn 40.34588 -30.85968 -4.57046
vn 47.71140 -18.01630 -0.18601
vn -39.83588 23.41591 -21.58235
vn -37.47541 28.47055 -19.64742
vn -41.65603 24.93478 -15.62151
vn -42.78904 20.29486 -18.92659
vn -39.63661 27.75970 -16.10396
vn -25.09643 -11.58330 42.86018
vn -19.86011 -6.04416 46.58373
vn -16.14493 -14.92598 46.01691
vn -13.82269 -4.73513 48.86217
vn -24.13220 -13.42590 42.87635
vn 2.41772 30.42651 -40.85807
vn -1.55465 26.05796 -43.81285
vn 5.73177 25.00817 -44.07650
vn 7.65095 30.38719 -40.23780
vn 1.32298 24.29387 -44.82250
vn 46.58469 -10.05848 -18.15746
vn 43.81978 -16.66226 -20.07972
vn 47.06450 -16.68841 -10.36482
vn 43.03751 -20.27837 -18.37279
vn 47.22355 -10.68656 -16.02288
vn -46.20461 19.17550 -9.92139
vn -44.80083 22.67636 -8.92571
vn -46.78753 19.93295 -3.82155
vn -47.11366 17.43466 -8.79401
vn -45.17936 22.47603 -7.39283
vn -28.18777 -42.09941 5.83855
vn -29.46923 -40.55408 9.37708
vn -22.80363 -43.87397 12.49279
vn -30.79480 -38.98169 11.53721
vn -29.23817 -41.39384 5.71658
vn 1.52180 46.90916 -19.95531
vn 4.65847 44.38892 -24.67635
vn 9.25578 46.55304 -18.65864
vn 3.39118 48.26778 -16.11587
vn 7.06500 45.39695 -22.14052
vn 0.27324 33.88254 38.11690
vn 4.40734 34.95987 36.86980
vn 6.38957 28.53396 41.78500
vn 7.19195 35.68063 35.72349
vn 0.88039 34.79453 37.27687
vn -12.20172 -7.16663 -48.99752
vn -16.85702 -9.23655 -47.23904
vn -11.33374 -14.65270 -47.51677
vn -8.69467 -8.43124 -49.54106
vn -14.72528 -10.74880 -47.63013
vn 48.17006 1.64199 -16.67179
vn 47.78536 -1.32994 -17.77049
vn 49.94071 -3.41198 -9.76131
vn 47.42822 -2.30461 -18.60786
vn 47.95651 1.83197 -17.25736
vn -48.54465 9.87101 -12.12349
vn -48.09951 13.37939 -10.41287
vn -49.96253 8.92039 -5.01711
vn -49.06011 8.22518 -11.24508
vn -48.57017 12.48574 -9.27601
vn 25.68195 -18.77043 -39.86361
vn 21.97710 -25.86449 -38.06619
vn 29.98096 -24.28294 -33.35387
vn 22.06121 -30.92626 -34.02748
vn 28.94965 -17.39603 -38.21382
vn -42.49794 22.28104 17.27656
vn -38.73845 29.18715 15.76205
vn -37.82123 25.65611 22.63444
vn -40.96448 19.62260 23.19191
vn -35.82058 29.69849 20.87786
vn 25.34305 -19.02791 -39.95833
vn 21.21139 -26.14250 -38.30986
vn 29.70238 -25.29911 -32.84393
vn 21.45627 -31.49990 -33.88781
vn 27.98946 -21.25258 -36.95831
vn -41.66267 23.56027 17.61064
vn -38.81933 28.43727 16.89321
vn -37.86756 25.55068 22.67621
vn -41.21492 20.78466 21.68703
vn -37.51106 27.37361 21.08566
vn 19.41890 -16.45242 44.19529
vn 25.52825 -10.04088 42.99405
vn 28.10542 -18.75855 38.19950
vn 31.20622 -8.95626 39.33137
vn 21.63427 -18.59831 42.27364
vn -32.48014 31.54143 -23.47718
vn -36.17879 27.77425 -22.81853
vn -32.38568 27.46899 -28.24220
vn -29.48554 32.04115 -26.55121
vn -34.99973 26.79230 -25.65524
vn -15.19006 -15.82605 -46.04127
vn -18.38805 -20.48815 -42.93151
vn -9.31341 -23.59022 -44.24660
vn -18.31874 -23.83912 -41.19611
vn -14.84787 -17.31064 -45.61669
vn -11.52359 30.09945 39.52505
vn -10.11844 32.63062 37.86633
vn -5.42755 29.26025 41.41714
vn -12.15588 28.40919 40.57281
vn -10.40014 32.16417 38.18773
vn -11.25575 -37.28086 32.93090
vn -7.19023 -35.48672 35.91646
vn -4.05884 -41.41822 29.47977
vn -6.97589 -35.68083 35.76611
vn -12.91065 -38.44632 30.92241
vn -7.89700 48.56465 -13.42059
vn -12.03194 46.92307 -15.95173
vn -6.21614 46.50562 -19.98967
vn -6.65942 48.07917 -15.65394
vn -11.99893 45.79984 -18.95786
vn 46.28214 21.20420 -3.05703
vn 45.27908 21.30273 -9.84874
vn 48.99610 12.16232 -7.24294
vn 45.51989 18.26219 -13.97968
vn 47.06373 18.91117 -5.32656
vn -50.35183 7.22395 3.67519
vn -49.97184 7.28965 7.11872
vn -50.69718 1.66470 5.29376
vn -50.67837 5.50831 1.53652
vn -50.33720 5.65827 5.92875
vn 21.05902 1.85516 -46.41202
vn 20.05989 -0.90318 -46.88054
vn 27.24826 -3.11697 -42.99787
vn 19.03154 -1.62004 -47.28822
vn 20.39777 2.36775 -46.68323
vn -41.97418 9.54991 27.34898
vn -40.26247 13.38644 28.29729
vn -37.71366 8.71702 33.20683
vn -41.40197 7.86065 28.72432
vn -39.43984 12.45286 29.83999
vn -25.78276 -19.24580 -39.57080
vn -27.21794 -26.11525 -34.32458
vn -19.42091 -27.25655 -38.48257
vn -24.08120 -32.87941 -30.66008
vn -21.25286 -21.20312 -41.22794
vn -1.73674 27.83631 42.69805
vn 0.77288 34.56516 37.49203
vn 6.10839 29.00666 41.50061
vn 3.80847 22.54212 45.58890
vn 8.17390 32.12870 38.75478
vn -27.54042 -13.74361 -40.66495
vn -28.63152 -20.40736 -36.94287
vn -20.43974 -21.01929 -41.73016
vn -26.31507 -26.02335 -35.08990
vn -25.34444 -16.00184 -41.26257
vn 0.10573 21.64333 46.17959
vn 1.55576 26.88352 43.31114
vn 6.97214 22.59927 45.18475
vn 3.46007 17.89965 47.63013
vn 5.64752 25.00075 44.09158
vn 48.76043 -13.72194 5.92699
vn 50.34150 -8.06882 1.27592
vn 48.42385 -15.52982 -3.86714
vn 50.52775 -5.55393 -4.13520
vn 48.73506 -14.54706 3.77834
vn -38.31616 29.06952 16.96569
vn -40.08039 23.91474 20.55838
vn -42.70285 24.33112 13.61849
vn -39.56113 29.93736 11.81825
vn -42.33220 22.99506 16.73953
vn -44.17431 -18.30014 -17.74077
vn -43.64611 -22.64147 -13.54182
vn -38.75380 -25.59199 -21.07588
vn -42.23096 -25.98129 -11.93811
vn -43.65975 -19.72046 -17.49082
vn 22.14605 31.36365 33.56894
vn 21.98834 34.48805 30.46451
vn 27.62809 30.96262 29.64800
vn 23.96753 29.07228 34.37091
vn 23.72177 33.31515 30.46931
vn 19.25098 -35.63468 30.99305
vn 22.60416 -34.71706 29.74521
vn 19.64681 -40.12950 24.58912
vn 24.06385 -33.16883 30.36049
vn 17.77479 -34.91474 32.64992
vn -10.80759 49.54395 -5.43992
vn -17.05063 47.98664 -2.74905
vn -16.64384 46.94375 -10.96661
vn -11.44811 48.89564 -8.89701
vn -19.57031 46.78373 -5.41151
vn 31.56677 17.85958 -35.85490
vn 24.50112 18.87840 -40.54998
vn 28.55339 8.82432 -41.32596
vn 21.60183 15.36641 -43.56873
vn 31.64419 14.74141 -37.17977
vn -29.06064 10.94268 40.45660
vn -26.43217 10.87325 42.23876
vn -28.82737 5.63213 41.69247
vn -30.75873 10.07161 39.41400
vn -26.83110 10.02184 42.19780
vn -40.62535 0.80150 -30.82106
vn -41.09894 -1.58388 -30.15572
vn -35.81740 -3.83082 -36.10316
vn -41.75760 -2.23995 -29.19393
vn -41.20717 1.09452 -30.02949
vn 16.35225 10.36592 47.18211
vn 17.55308 13.90619 45.82037
vn 23.31105 9.33558 44.38966
vn 17.43244 8.64247 47.14252
vn 18.76787 12.83977 45.64983
vn -47.95359 -15.93466 -6.89490
vn -45.06768 -23.53122 -4.02310
vn -44.16866 -21.67142 -13.43423
vn -41.78209 -28.61836 -6.02042
vn -47.95245 -13.25763 -11.21595
vn 34.35416 20.54720 31.60069
vn 31.58453 27.75295 28.86504
vn 37.33683 24.04566 25.07522
vn 38.94772 18.00008 27.56939
vn 34.59784 28.98560 23.74499
vn -48.23058 -15.42288 -6.07831
vn -44.84960 -24.18059 -2.19358
vn -43.54789 -23.17668 -12.93917
vn -40.65299 -30.30088 -5.49452
vn -46.93470 -16.66983 -10.96587
vn 34.69422 22.41650 29.91339
vn 32.95000 26.93559 28.10287
vn 37.53489 23.86957 24.94745
vn 37.67007 19.60909 28.23912
vn 35.20032 26.49490 25.68964
vn 31.49103 -14.09287 -37.55937
vn 27.64294 -7.16791 -42.25504
vn 22.09732 -15.74035 -43.18506
vn 21.09323 -5.40427 -46.11799
vn 27.96528 -15.29454 -39.81231
vn -7.18144 29.29617 41.12373
vn -4.98266 25.26161 44.02299
vn -11.63240 25.18793 42.79316
vn -11.55745 30.21647 39.42574
vn -8.60588 24.73680 43.76104
vn -38.02245 -18.84925 28.28424
vn -33.73711 -23.17883 30.42283
vn -37.48728 -26.59414 22.10102
vn -31.40894 -26.87449 29.87039
vn -37.11123 -20.89666 28.05505
vn 38.83909 33.03364 -1.14133
vn 36.54841 35.50519 -2.14348
vn 38.71708 32.32796 -7.54258
vn 40.39091 31.11391 -1.22395
vn 37.37658 34.61745 -2.37118
vn 35.02530 -36.85923 3.95288
vn 37.24512 -34.70813 -3.02435
vn 29.51726 -41.45624 -3.33330
vn 36.05289 -35.74557 -4.84171
vn 32.53048 -38.90522 5.39918
vn -10.93802 48.81567 9.91919
vn -12.02782 47.70926 13.42229
vn -16.91567 47.16383 9.50961
vn -11.77125 48.81355 8.92606
vn -13.38733 47.09865 14.26520
vn -14.39563 17.17184 -45.81368
vn -22.01123 17.85977 -42.39732
vn -20.17594 7.77765 -46.18917
vn -26.52564 13.73117 -41.33818
vn -16.68225 13.49655 -46.26603
vn 17.51742 11.08241 46.59742
vn 20.30553 11.13323 45.43937
vn 18.90463 5.98315 46.98741
vn 15.71133 9.84275 47.51077
vn 19.65136 9.83546 46.02268
vn -50.38924 0.02701 7.86916
vn -49.81373 -4.59449 9.92381
vn -50.62753 -6.13101 0.51323
vn -49.69557 -6.33302 9.55213
vn -50.51829 -0.21634 6.98967
vn 45.44932 12.31713 19.58691
vn 45.14658 14.98502 18.39116
vn 47.75818 11.59050 13.63143
vn 45.79641 11.36467 19.35286
vn 45.41264 14.89225 17.80203
vn 43.25857 -24.14941 -12.10380
vn 36.55254 -32.03868 -15.44132
vn 38.99533 -32.34966 -5.81918
vn 30.47135 -39.27753 -11.39177
vn 44.00569 -25.01406 -6.22861
vn -36.86553 31.77568 -15.23939
vn -32.06677 37.60016 -12.60753
vn -37.45957 33.59365 -8.32145
vn -41.50362 27.45286 -11.17091
vn -34.28808 37.10600 -6.96222
vn 42.94049 -17.94821 -20.85608
vn 37.34264 -25.01925 -24.09489
vn 40.77140 -26.82767 -14.79760
vn 33.37489 -31.73956 -21.90243
vn 43.11000 -20.55316 -17.89121
vn -40.87490 29.86229 -6.20367
vn -37.49166 34.33765 -4.03730
vn -41.05744 30.25007 0.46843
vn -43.68340 25.98064 -4.21504
vn -38.95666 32.90754 -0.68650
vn -15.89869 -17.87136 45.04272
vn -10.95908 -14.70644 47.58801
vn -7.20138 -21.59502 45.63765
vn -5.18890 -12.74070 49.10957
vn -13.14191 -17.76742 45.96312
vn -4.08196 37.43370 -34.39557
vn -9.07358 32.04955 -38.61990
vn -0.36114 32.10246 -39.62703
vn 3.77687 37.11079 -34.77822
vn -2.11016 30.67085 -40.69209
vn 20.85797 -21.58391 -41.23202
vn 15.30795 -24.82472 -41.83778
vn 20.63189 -29.74107 -35.92762
vn 11.99365 -28.13948 -40.80835
vn 19.39561 -23.11297 -41.11691
vn -28.00491 39.01323 17.16662
vn -23.97746 41.35599 17.76974
vn -25.50505 37.46015 23.39293
vn -30.27671 36.62127 18.52574
vn -25.14346 40.05550 19.08827
vn -44.20007 -24.61848 6.42527
vn -43.68261 -23.74344 11.36125
vn -39.51194 -30.58779 10.20748
vn -43.55439 -22.60094 13.90007
vn -44.76653 -23.93071 4.92725
vn 21.46094 45.61168 -7.74608
vn 21.09137 44.11571 -14.48992
vn 27.88884 41.40442 -10.43486
vn 24.25568 44.54255 -5.35002
vn 23.63149 42.67920 -14.86737
vn 32.48162 3.66355 39.14744
vn 37.56104 3.22516 34.34771
vn 35.08268 -5.68984 36.57637
vn 40.45071 0.23698 31.05934
vn 33.41639 1.59304 38.49424
vn -27.17308 24.44503 -35.56773
vn -31.22279 24.49307 -32.03476
vn -30.83935 18.91906 -35.94445
vn -26.15299 21.24444 -38.28439
vn -31.52318 21.52540 -33.82227
vn 23.37774 -1.01821 -45.31494
vn 22.06839 -3.01460 -45.87917
vn 26.85533 -7.66703 -42.67327
vn 20.11813 -3.10856 -46.76107
vn 22.03561 0.18921 -45.99343
vn -38.26569 21.72855 25.77995
vn -34.44602 25.26563 27.85892
vn -34.66317 18.20038 32.68349
vn -39.19093 18.74902 26.71226
vn -34.83738 23.34355 29.02473
vn -35.17876 -27.50668 -24.63406
vn -34.11386 -33.78660 -17.19622
vn -28.94466 -34.43245 -24.03358
vn -27.76813 -40.91325 -12.49143
vn -32.57669 -25.43282 -29.88194
vn 8.71989 35.80231 35.25843
vn 8.01107 42.66041 26.77521
vn 15.60352 38.20622 29.96355
vn 17.29654 30.11684 37.34708
vn 15.18773 42.79533 23.21404
vn -40.57619 -17.24782 -25.63367
vn -39.65344 -24.89076 -20.22509
vn -34.62323 -24.43014 -28.37957
vn -35.58510 -31.31156 -18.82248
vn -38.68124 -15.22246 -29.54721
vn 16.66121 25.82752 40.69820
vn 15.94741 32.55215 35.87529
vn 22.57874 28.19222 36.00554
vn 22.00843 21.63077 40.60465
vn 20.48050 33.08148 32.97217
vn 47.44246 -16.11793 -9.50918
vn 46.82176 -11.95818 -16.30105
vn 43.56250 -19.13924 -18.35749
vn 43.96206 -10.10945 -23.79362
vn 46.70728 -15.26460 -13.65363
vn -28.09499 36.49968 21.89622
vn -28.50713 30.92625 28.84285
vn -34.28712 31.03942 21.49296
vn -32.49479 36.60669 14.31919
vn -33.93137 30.01338 23.42772
vn -45.12410 -12.92698 -19.94263
vn -45.99826 -16.73362 -14.32290
vn -41.51788 -21.70968 -20.14833
vn -45.52230 -20.12268 -11.12644
vn -44.76065 -13.11343 -20.62818
vn 24.86134 33.08323 29.80627
vn 26.11421 36.48336 24.24895
vn 31.05774 30.82569 26.19529
vn 27.15924 29.37787 31.62778
vn 28.97962 34.53113 23.84916
vn 19.72568 -31.59308 34.83926
vn 26.25609 -30.81450 31.01748
vn 20.98685 -37.72309 27.15732
vn 29.51264 -31.87143 26.72481
vn 19.60375 -32.54466 34.02261
vn -9.47725 48.52973 -12.49186
vn -14.56279 47.91252 -9.65999
vn -14.49770 45.99343 -16.59580
vn -8.09192 47.55801 -16.54556
vn -15.28095 47.11383 -12.15645
vn 32.56587 16.04910 -35.81745
vn 25.47761 16.42085 -41.01520
vn 29.72638 7.21524 -40.80787
vn 21.76850 13.05013 -44.23602
vn 32.21672 14.37086 -36.83152
vn -31.21461 14.83312 37.50502
vn -27.94683 15.22724 39.85104
vn -30.83772 9.04432 39.60094
vn -33.69389 14.52639 35.42181
vn -28.15010 15.81183 39.47857
vn -49.79087 -1.79582 -10.89239
vn -50.08496 -6.32320 -7.24666
vn -47.49538 -9.74115 -15.82084
vn -49.80178 -8.38899 -7.09977
vn -49.55256 -2.08078 -11.88332
vn 35.05534 20.13570 31.09142
vn 35.16844 22.70729 29.13005
vn 39.48000 18.24400 26.63617
vn 35.22941 19.03916 31.58162
vn 35.34566 22.75090 28.88045
vn -0.62721 -23.16992 45.42863
vn 5.99334 -30.00205 40.80388
vn -2.63371 -32.11333 39.53223
vn 6.63022 -37.74146 33.65445
vn -7.38497 -24.92374 43.87789
vn 22.77937 34.97772 -29.30288
vn 16.38428 40.95381 -25.59963
vn 15.79266 35.58338 -32.94563
vn 21.70735 28.82259 -36.04232
vn 10.54369 38.85145 -31.31125
vn 3.35270 -20.76973 46.45834
vn 6.80666 -27.66935 42.29747
vn -2.38224 -27.80802 42.68534
vn 5.98819 -33.81861 37.70202
vn 1.11621 -20.46667 46.69978
vn 23.18124 28.32483 -35.51526
vn 19.70051 34.59427 -31.87672
vn 16.01487 30.38808 -37.69732
vn 20.36223 24.04016 -40.10548
vn 15.76487 34.10454 -34.48693
vn -34.34388 -18.84524 -32.65508
vn -41.38000 -13.14184 -26.75793
vn -39.32154 -22.84458 -23.08553
vn -45.77250 -13.50302 -17.98738
vn -36.08572 -21.98075 -28.55988
vn 32.55885 37.89568 10.23905
vn 36.49209 34.94608 6.93530
vn 35.85931 33.60499 13.63136
vn 30.39630 37.95531 15.37724
vn 36.84156 33.57793 10.78061
vn 18.56117 -20.77557 42.71836
vn 23.17668 -24.27202 38.40196
vn 15.14551 -29.29383 38.90353
vn 24.49713 -28.18986 34.73071
vn 18.55053 -22.58014 41.79730
vn 3.30380 38.68892 -33.06436
vn -0.47165 41.25216 -29.98393
vn -3.20430 37.05562 -34.89431
vn 3.16258 35.73819 -36.24609
vn -1.83607 39.51053 -32.19544
vn 20.78058 -24.35963 -39.69604
vn 15.53028 -24.01665 -42.22571
vn 15.04387 -30.95565 -37.63548
vn 11.71450 -23.86850 -43.52085
vn 21.05207 -23.71679 -39.94150
vn -9.25070 45.79630 20.44806
vn -3.50878 44.98237 23.77549
vn -10.22499 41.89030 27.23329
vn -13.55272 44.42796 21.05893
vn -5.29489 43.83520 25.52330
vn -50.76692 4.86951 0.08398
vn -50.24742 4.73386 7.33393
vn -50.65480 -4.03928 4.33308
vn -49.53426 2.58842 11.85991
vn -50.84529 3.95538 0.33355
vn 44.62231 24.69362 0.27224
vn 44.32487 24.61497 -5.51437
vn 47.37307 18.74915 -2.29373
vn 45.87246 22.05048 3.23940
vn 45.54080 22.39127 -5.06614
vn 24.77665 -1.07408 44.56416
vn 26.18365 -2.92452 43.66764
vn 20.28695 -7.28343 46.22111
vn 27.85686 -2.57043 42.64256
vn 25.58879 0.49677 44.11311
vn 0.00132 20.35947 -46.75994
vn -3.29766 24.28299 -44.72652
vn -7.98698 17.89912 -47.08322
vn -1.29272 18.48799 -47.51340
vn -5.27095 23.36905 -45.02337
# Uv
vt 0.00000 1.00000
vt 1.00000 1.00000
vt 0.50000 0.50000
vt 1.00000 0.00000
vt 0.00000 0.00000
vt 1.00000 1.00000
vt 0.00000 1.00000
vt 0.50000 0.50000
vt 1.00000 0.00000
vt 0.00000 0.00000
vt 0.00000 1.00000
vt 1.00000 1.00000
vt 0.50000 0.50000
vt 1.00000 0.00000
vt 0.00000 0.00000
vt 1.00000 1.00000
vt 0.00000 1.00000
vt 0.50000 0.50000
vt 1.00000 0.00000
vt 0.00000 0.00000
vt 0.00000 1.00000
vt 1.00000 1.00000
vt 0.50000 0.50000
vt 1.00000 0.00000
vt 0.00000 0.00000
vt 1.00000 1.00000
vt 0.00000 1.00000
vt 0.50000 0.50000
vt 1.00000 0.00000
vt 0.00000 0.00000
vt 0.00000 1.00000
vt 1.00000 1.00000
vt 0.50000 0.50000
vt 1.00000 0.00000
vt 0.00000 0.00000
vt 1.00000 1.00000
vt 0.00000 1.00000
vt 0.50000 0.50000
vt 1.00000 0.00000
vt 0.00000 0.00000
vt 0.00000 1.00000
vt 1.00000 1.00000
vt 0.50000 0.50000
vt 1.00000 0.00000
vt 0.00000 0.00000
vt 1.00000 1.00000
vt 0.00000 1.00000
vt 0.50000 0.50000
vt 1.00000 0.00000
vt 0.00000 0.00000
vt 0.00000 1.00000
vt 1.00000 1.00000
vt 0.50000 0.50000
vt 1.00000 0.00000
vt 0.00000 0.00000
vt 1.00000 1.00000
vt 0.00000 1.00000
vt 0.50000 0.50000
vt 1.00000 0.00000
vt 0.00000 0.00000
vt 0.00000 1.00000
vt 1.00000 1.00000
vt 0.50000 0.50000
vt 1.00000 0.00000
vt 0.00000 0.00000
vt 1.00000 1.00000
vt 0.00000 1.00000
vt 0.50000 0.50000
vt 1.00000 0.00000
vt 0.00000 0.00000
vt 0.00000 1.00000
vt 1.00000 1.00000
vt 0.50000 0.50000
vt 1.00000 0.00000
vt 0.00000 0.00000
vt 1.00000 1.00000
vt 0.00000 1.00000
vt 0.50000 0.50000
vt 1.00000 0.00000
vt 0.00000 0.00000
vt 0.00000 1.00000
vt 1.00000 1.00000
vt 0.50000 0.50000
vt 1.00000 0.00000
vt 0.00000 0.00000
vt 1.00000 1.00000
vt 0.00000 1.00000
vt 0.50000 0.50000
vt 1.00000 0.00000
vt 0.00000 0.00000
vt 0.00000 1.00000
vt 1.00000 1.00000
vt 0.50000 0.50000
vt 1.00000 0.00000
vt 0.00000 0.00000
vt 1.00000 1.00000
vt 0.00000 1.00000
vt 0.50000 0.50000
vt 1.00000 0.00000
vt 0.00000 0.00000
vt 0.00000 1.00000
vt 1.00000 1.00000
vt 0.50000 0.50000
vt 1.00000 0.00000
vt 0.00000 0.00000
vt 1.00000 1.00000
vt 0.00000 1.00000
vt 0.50000 0.50000
vt 1.00000 0.00000
vt 0.00000 0.00000
vt 0.00000 1.00000
vt 1.00000 1.00000
vt 0.50000 0.50000
vt 1.00000 0.00000
vt 0.00000 0.00000
vt 1.00000 1.00000
vt 0.00000 1.00000
vt 0.50000 0.50000
vt 1.00000 0.00000
vt 0.00000 0.00000
vt 0.00000 1.00000
vt 1.00000 1.00000
vt 0.50000 0.50000
vt 1.00000 0.00000
vt 0.00000 0.00000
vt 1.00000 1.00000
vt 0.00000 1.00000
vt 0.50000 0.50000
vt 1.00000 0.00000
vt 0.00000 0.00000
vt 0.00000 1.00000
vt 1.00000 1.00000
vt 0.50000 0.50000
vt 1.00000 0.00000
vt 0.00000 0.00000
vt 1.00000 1.00000
vt 0.00000 1.00000
vt 0.50000 0.50000
vt 1.00000 0.00000
vt 0.00000 0.00000
vt 0.00000 1.00000
vt 1.00000 1.00000
vt 0.50000 0.50000
vt 1.00000 0.00000
vt 0.00000 0.00000
vt 1.00000 1.00000
vt 0.00000 1.00000
vt 0.50000 0.50000
vt 1.00000 0.00000
vt 0.00000 0.00000
vt 0.00000 1.00000
vt 1.00000 1.00000
vt 0.50000 0.50000
vt 1.00000 0.00000
vt 0.00000 0.00000
vt 1.00000 1.00000
vt 0.00000 1.00000
vt 0.50000 0.50000
vt 1.00000 0.00000
vt 0.00000 0.00000
vt 0.00000 1.00000
vt 1.00000 1.00000
vt 0.50000 0.50000
vt 1.00000 0.00000
vt 0.00000 0.00000
vt 1.00000 1.00000
vt 0.00000 1.00000
vt 0.50000 0.50000
vt 1.00000 0.00000
vt 0.00000 0.00000
vt 0.00000 1.00000
vt 1.00000 1.00000
vt 0.50000 0.50000
vt 1.00000 0.00000
vt 0.00000 0.00000
vt 1.00000 1.00000
vt 0.00000 1.00000
vt 0.50000 0.50000
vt 1.00000 0.00000
vt 0.00000 0.00000
vt 0.00000 1.00000
vt 1.00000 1.00000
vt 0.50000 0.50000
vt 1.00000 0.00000
vt 0.00000 0.00000
vt 1.00000 1.00000
vt 0.00000 1.00000
vt 0.50000 0.50000
vt 1.00000 0.00000
vt 0.00000 0.00000
vt 0.00000 1.00000
vt 1.00000 1.00000
vt 0.50000 0.50000
vt 1.00000 0.00000
vt 0.00000 0.00000
vt 1.00000 1.00000
vt 0.00000 1.00000
vt 0.50000 0.50000
vt 1.00000 0.00000
vt 0.00000 0.00000
vt 0.00000 1.00000
vt 1.00000 1.00000
vt 0.50000 0.50000
vt 1.00000 0.00000
vt 0.00000 0.00000
vt 1.00000 1.00000
vt 0.00000 1.00000
vt 0.50000 0.50000
vt 1.00000 0.00000
vt 0.00000 0.00000
vt 0.00000 1.00000
vt 1.00000 1.00000
vt 0.50000 0.50000
vt 1.00000 0.00000
vt 0.00000 0.00000
vt 1.00000 1.00000
vt 0.00000 1.00000
vt 0.50000 0.50000
vt 1.00000 0.00000
vt 0.00000 0.00000
vt 0.00000 1.00000
vt 1.00000 1.00000
vt 0.50000 0.50000
vt 1.00000 0.00000
vt 0.00000 0.00000
vt 1.00000 1.00000
vt 0.00000 1.00000
vt 0.50000 0.50000
vt 1.00000 0.00000
vt 0.00000 0.00000
vt 0.00000 1.00000
vt 1.00000 1.00000
vt 0.50000 0.50000
vt 1.00000 0.00000
vt 0.00000 0.00000
vt 1.00000 1.00000
vt 0.00000 1.00000
vt 0.50000 0.50000
vt 1.00000 0.00000
vt 0.00000 0.00000
vt 0.00000 1.00000
vt 1.00000 1.00000
vt 0.50000 0.50000
vt 1.00000 0.00000
vt 0.00000 0.00000
vt 1.00000 1.00000
vt 0.00000 1.00000
vt 0.50000 0.50000
vt 1.00000 0.00000
vt 0.00000 0.00000
vt 0.00000 1.00000
vt 1.00000 1.00000
vt 0.50000 0.50000
vt 1.00000 0.00000
vt 0.00000 0.00000
vt 1.00000 1.00000
vt 0.00000 1.00000
vt 0.50000 0.50000
vt 1.00000 0.00000
vt 0.00000 0.00000
vt 0.00000 1.00000
vt 1.00000 1.00000
vt 0.50000 0.50000
vt 1.00000 0.00000
vt 0.00000 0.00000
vt 1.00000 1.00000
vt 0.00000 1.00000
vt 0.50000 0.50000
vt 1.00000 0.00000
vt 0.00000 0.00000
vt 0.00000 1.00000
vt 1.00000 1.00000
vt 0.50000 0.50000
vt 1.00000 0.00000
vt 0.00000 0.00000
vt 1.00000 1.00000
vt 0.00000 1.00000
vt 0.50000 0.50000
vt 1.00000 0.00000
vt 0.00000 0.00000
vt 0.00000 1.00000
vt 1.00000 1.00000
vt 0.50000 0.50000
vt 1.00000 0.00000
vt 0.00000 0.00000
vt 1.00000 1.00000
vt 0.00000 1.00000
vt 0.50000 0.50000
vt 1.00000 0.00000
vt 0.00000 0.00000
vt 0.00000 1.00000
vt 1.00000 1.00000
vt 0.50000 0.50000
vt 1.00000 0.00000
vt 0.00000 0.00000
vt 1.00000 1.00000
vt 0.00000 1.00000
vt 0.50000 0.50000
vt 1.00000 0.00000
vt 0.00000 0.00000
vt 0.00000 1.00000
vt 1.00000 1.00000
vt 0.50000 0.50000
vt 1.00000 0.00000
vt 0.00000 0.00000
vt 1.00000 1.00000
vt 0.00000 1.00000
vt 0.50000 0.50000
vt 1.00000 0.00000
vt 0.00000 0.00000
vt 0.00000 1.00000
vt 1.00000 1.00000
vt 0.50000 0.50000
vt 1.00000 0.00000
vt 0.00000 0.00000
vt 1.00000 1.00000
vt 0.00000 1.00000
vt 0.50000 0.50000
vt 1.00000 0.00000
vt 0.00000 0.00000
vt 0.00000 1.00000
vt 1.00000 1.00000
vt 0.50000 0.50000
vt 1.00000 0.00000
vt 0.00000 0.00000
vt 1.00000 1.00000
vt 0.00000 1.00000
vt 0.50000 0.50000
vt 1.00000 0.00000
vt 0.00000 0.00000
vt 0.00000 1.00000
vt 1.00000 1.00000
vt 0.50000 0.50000
vt 1.00000 0.00000
vt 0.00000 0.00000
vt 1.00000 1.00000
vt 0.00000 1.00000
vt 0.50000 0.50000
vt 1.00000 0.00000
vt 0.00000 0.00000
vt 0.00000 1.00000
vt 1.00000 1.00000
vt 0.50000 0.50000
vt 1.00000 0.00000
vt 0.00000 0.00000
vt 1.00000 1.00000
vt 0.00000 1.00000
vt 0.50000 0.50000
vt 1.00000 0.00000
vt 0.00000 0.00000
vt 0.00000 1.00000
vt 1.00000 1.00000
vt 0.50000 0.50000
vt 1.00000 0.00000
vt 0.00000 0.00000
vt 1.00000 1.00000
vt 0.00000 1.00000
vt 0.50000 0.50000
vt 1.00000 0.00000
vt 0.00000 0.00000
vt 0.00000 1.00000
vt 1.00000 1.00000
vt 0.50000 0.50000
vt 1.00000 0.00000
vt 0.00000 0.00000
vt 1.00000 1.00000
vt 0.00000 1.00000
vt 0.50000 0.50000
vt 1.00000 0.00000
vt 0.00000 0.00000
vt 0.00000 1.00000
vt 1.00000 1.00000
vt 0.50000 0.50000
vt 1.00000 0.00000
vt 0.00000 0.00000
vt 1.00000 1.00000
vt 0.00000 1.00000
vt 0.50000 0.50000
vt 1.00000 0.00000
vt 0.00000 0.00000
vt 0.00000 1.00000
vt 1.00000 1.00000
vt 0.50000 0.50000
vt 1.00000 0.00000
vt 0.00000 0.00000
vt 1.00000 1.00000
vt 0.00000 1.00000
vt 0.50000 0.50000
vt 1.00000 0.00000
vt 0.00000 0.00000
vt 0.00000 1.00000
vt 1.00000 1.00000
vt 0.50000 0.50000
vt 1.00000 0.00000
vt 0.00000 0.00000
vt 1.00000 1.00000
vt 0.00000 1.00000
vt 0.50000 0.50000
vt 1.00000 0.00000
vt 0.00000 0.00000
vt 0.00000 1.00000
vt 1.00000 1.00000
vt 0.50000 0.50000
vt 1.00000 0.00000
vt 0.00000 0.00000
vt 1.00000 1.00000
vt 0.00000 1.00000
vt 0.50000 0.50000
vt 1.00000 0.00000
vt 0.00000 0.00000
vt 0.00000 1.00000
vt 1.00000 1.00000
vt 0.50000 0.50000
vt 1.00000 0.00000
vt 0.00000 0.00000
vt 1.00000 1.00000
vt 0.00000 1.00000
vt 0.50000 0.50000
vt 1.00000 0.00000
vt 0.00000 0.00000
vt 0.00000 1.00000
vt 1.00000 1.00000
vt 0.50000 0.50000
vt 1.00000 0.00000
vt 0.00000 0.00000
vt 1.00000 1.00000
vt 0.00000 1.00000
vt 0.50000 0.50000
vt 1.00000 0.00000
vt 0.00000 0.00000
vt 0.00000 1.00000
vt 1.00000 1.00000
vt 0.50000 0.50000
vt 1.00000 0.00000
vt 0.00000 0.00000
vt 1.00000 1.00000
vt 0.00000 1.00000
vt 0.50000 0.50000
vt 1.00000 0.00000
vt 0.00000 0.00000
vt 0.00000 1.00000
vt 1.00000 1.00000
vt 0.50000 0.50000
vt 1.00000 0.00000
vt 0.00000 0.00000
vt 1.00000 1.00000
vt 0.00000 1.00000
vt 0.50000 0.50000
vt 1.00000 0.00000
vt 0.00000 0.00000
vt 0.00000 1.00000
vt 1.00000 1.00000
vt 0.50000 0.50000
vt 1.00000 0.00000
vt 0.00000 0.00000
vt 1.00000 1.00000
vt 0.00000 1.00000
vt 0.50000 0.50000
vt 1.00000 0.00000
vt 0.00000 0.00000
vt 0.00000 1.00000
vt 1.00000 1.00000
vt 0.50000 0.50000
vt 1.00000 0.00000
vt 0.00000 0.00000
vt 1.00000 1.00000
vt 0.00000 1.00000
vt 0.50000 0.50000
vt 1.00000 0.00000
vt 0.00000 0.00000
vt 0.00000 1.00000
vt 1.00000 1.00000
vt 0.50000 0.50000
vt 1.00000 0.00000
vt 0.00000 0.00000
vt 1.00000 1.00000
vt 0.00000 1.00000
vt 0.50000 0.50000
vt 1.00000 0.00000
vt 0.00000 0.00000
vt 0.00000 1.00000
vt 1.00000 1.00000
vt 0.50000 0.50000
vt 1.00000 0.00000
vt 0.00000 0.00000
vt 1.00000 1.00000
vt 0.00000 1.00000
vt 0.50000 0.50000
vt 1.00000 0.00000
vt 0.00000 0.00000
vt 0.00000 1.00000
vt 1.00000 1.00000
vt 0.50000 0.50000
vt 1.00000 0.00000
vt 0.00000 0.00000
vt 1.00000 1.00000
vt 0.00000 1.00000
vt 0.50000 0.50000
vt 1.00000 0.00000
vt 0.00000 0.00000
vt 0.00000 1.00000
vt 1.00000 1.00000
vt 0.50000 0.50000
vt 1.00000 0.00000
vt 0.00000 0.00000
vt 1.00000 1.00000
vt 0.00000 1.00000
vt 0.50000 0.50000
vt 1.00000 0.00000
vt 0.00000 0.00000
vt 0.00000 1.00000
vt 1.00000 1.00000
vt 0.50000 0.50000
vt 1.00000 0.00000
vt 0.00000 0.00000
vt 1.00000 1.00000
vt 0.00000 1.00000
vt 0.50000 0.50000
vt 1.00000 0.00000
vt 0.00000 0.00000
vt 0.00000 1.00000
vt 1.00000 1.00000
vt 0.50000 0.50000
vt 1.00000 0.00000
vt 0.00000 0.00000
vt 1.00000 1.00000
vt 0.00000 1.00000
vt 0.50000 0.50000
vt 1.00000 0.00000
vt 0.00000 0.00000
vt 0.00000 1.00000
vt 1.00000 1.00000
vt 0.50000 0.50000
vt 1.00000 0.00000
vt 0.00000 0.00000
vt 1.00000 1.00000
vt 0.00000 1.00000
vt 0.50000 0.50000
vt 1.00000 0.00000
vt 0.00000 0.00000
vt 0.00000 1.00000
vt 1.00000 1.00000
vt 0.50000 0.50000
vt 1.00000 0.00000
vt 0.00000 0.00000
vt 1.00000 1.00000
vt 0.00000 1.00000
vt 0.50000 0.50000
vt 1.00000 0.00000
vt 0.00000 0.00000
vt 0.00000 1.00000
vt 1.00000 1.00000
vt 0.50000 0.50000
vt 1.00000 0.00000
vt 0.00000 0.00000
vt 1.00000 1.00000
vt 0.00000 1.00000
vt 0.50000 0.50000
vt 1.00000 0.00000
vt 0.00000 0.00000
vt 0.00000 1.00000
vt 1.00000 1.00000
vt 0.50000 0.50000
vt 1.00000 0.00000
vt 0.00000 0.00000
vt 1.00000 1.00000
vt 0.00000 1.00000
vt 0.50000 0.50000
vt 1.00000 0.00000
vt 0.00000 0.00000
vt 0.00000 1.00000
vt 1.00000 1.00000
vt 0.50000 0.50000
vt 1.00000 0.00000
vt 0.00000 0.00000
vt 1.00000 1.00000
vt 0.00000 1.00000
vt 0.50000 0.50000
vt 1.00000 0.00000
vt 0.00000 0.00000
vt 0.00000 1.00000
vt 1.00000 1.00000
vt 0.50000 0.50000
vt 1.00000 0.00000
vt 0.00000 0.00000
vt 1.00000 1.00000
vt 0.00000 1.00000
vt 0.50000 0.50000
vt 1.00000 0.00000
vt 0.00000 0.00000
vt 0.00000 1.00000
vt 1.00000 1.00000
vt 0.50000 0.50000
vt 1.00000 0.00000
vt 0.00000 0.00000
vt 1.00000 1.00000
vt 0.00000 1.00000
vt 0.50000 0.50000
vt 1.00000 0.00000
vt 0.00000 0.00000
vt 0.00000 1.00000
vt 1.00000 1.00000
vt 0.50000 0.50000
vt 1.00000 0.00000
vt 0.00000 0.00000
vt 1.00000 1.00000
vt 0.00000 1.00000
vt 0.50000 0.50000
vt 1.00000 0.00000
vt 0.00000 0.00000
vt 0.00000 1.00000
vt 1.00000 1.00000
vt 0.50000 0.50000
vt 1.00000 0.00000
vt 0.00000 0.00000
vt 1.00000 1.00000
vt 0.00000 1.00000
vt 0.50000 0.50000
vt 1.00000 0.00000
vt 0.00000 0.00000
vt 0.00000 1.00000
vt 1.00000 1.00000
vt 0.50000 0.50000
vt 1.00000 0.00000
vt 0.00000 0.00000
vt 1.00000 1.00000
vt 0.00000 1.00000
vt 0.50000 0.50000
vt 1.00000 0.00000
vt 0.00000 0.00000
vt 0.00000 1.00000
vt 1.00000 1.00000
vt 0.50000 0.50000
vt 1.00000 0.00000
vt 0.00000 0.00000
vt 1.00000 1.00000
vt 0.00000 1.00000
vt 0.50000 0.50000
vt 1.00000 0.00000
vt 0.00000 0.00000
vt 0.00000 1.00000
vt 1.00000 1.00000
vt 0.50000 0.50000
vt 1.00000 0.00000
vt 0.00000 0.00000
vt 1.00000 1.00000
vt 0.00000 1.00000
vt 0.50000 0.50000
vt 1.00000 0.00000
vt 0.00000 0.00000
vt 0.00000 1.00000
vt 1.00000 1.00000
vt 0.50000 0.50000
vt 1.00000 0.00000
vt 0.00000 0.00000
vt 1.00000 1.00000
vt 0.00000 1.00000
vt 0.50000 0.50000
vt 1.00000 0.00000
vt 0.00000 0.00000
vt 0.00000 1.00000
vt 1.00000 1.00000
vt 0.50000 0.50000
vt 1.00000 0.00000
vt 0.00000 0.00000
vt 1.00000 1.00000
vt 0.00000 1.00000
vt 0.50000 0.50000
vt 1.00000 0.00000
vt 0.00000 0.00000
vt 0.00000 1.00000
vt 1.00000 1.00000
vt 0.50000 0.50000
vt 1.00000 0.00000
vt 0.00000 0.00000
vt 1.00000 1.00000
vt 0.00000 1.00000
vt 0.50000 0.50000
vt 1.00000 0.00000
vt 0.00000 0.00000
vt 0.00000 1.00000
vt 1.00000 1.00000
vt 0.50000 0.50000
vt 1.00000 0.00000
vt 0.00000 0.00000
vt 1.00000 1.00000
vt 0.00000 1.00000
vt 0.50000 0.50000
vt 1.00000 0.00000
vt 0.00000 0.00000
vt 0.00000 1.00000
vt 1.00000 1.00000
vt 0.50000 0.50000
vt 1.00000 0.00000
vt 0.00000 0.00000
vt 1.00000 1.00000
vt 0.00000 1.00000
vt 0.50000 0.50000
vt 1.00000 0.00000
vt 0.00000 0.00000
vt 0.00000 1.00000
vt 1.00000 1.00000
vt 0.50000 0.50000
vt 1.00000 0.00000
vt 0.00000 0.00000
vt 1.00000 1.00000
vt 0.00000 1.00000
vt 0.50000 0.50000
vt 1.00000 0.00000
vt 0.00000 0.00000
vt 0.00000 1.00000
vt 1.00000 1.00000
vt 0.50000 0.50000
vt 1.00000 0.00000
vt 0.00000 0.00000
vt 1.00000 1.00000
vt 0.00000 1.00000
vt 0.50000 0.50000
vt 1.00000 0.00000
vt 0.00000 0.00000
vt 0.00000 1.00000
vt 1.00000 1.00000
vt 0.50000 0.50000
vt 1.00000 0.00000
vt 0.00000 0.00000
vt 1.00000 1.00000
vt 0.00000 1.00000
vt 0.50000 0.50000
vt 1.00000 0.00000
vt 0.00000 0.00000
vt 0.00000 1.00000
vt 1.00000 1.00000
vt 0.50000 0.50000
vt 1.00000 0.00000
vt 0.00000 0.00000
vt 1.00000 1.00000
vt 0.00000 1.00000
vt 0.50000 0.50000
vt 1.00000 0.00000
vt 0.00000 0.00000
vt 0.00000 1.00000
vt 1.00000 1.00000
vt 0.50000 0.50000
vt 1.00000 0.00000
vt 0.00000 0.00000
vt 1.00000 1.00000
vt 0.00000 1.00000
vt 0.50000 0.50000
vt 1.00000 0.00000
vt 0.00000 0.00000
vt 0.00000 1.00000
vt 1.00000 1.00000
vt 0.50000 0.50000
vt 1.00000 0.00000
vt 0.00000 0.00000
vt 1.00000 1.00000
vt 0.00000 1.00000
vt 0.50000 0.50000
vt 1.00000 0.00000
vt 0.00000 0.00000
vt 0.00000 1.00000
vt 1.00000 1.00000
vt 0.50000 0.50000
vt 1.00000 0.00000
vt 0.00000 0.00000
vt 1.00000 1.00000
vt 0.00000 1.00000
vt 0.50000 0.50000
vt 1.00000 0.00000
vt 0.00000 0.00000
vt 0.00000 1.00000
vt 1.00000 1.00000
vt 0.50000 0.50000
vt 1.00000 0.00000
vt 0.00000 0.00000
vt 1.00000 1.00000
vt 0.00000 1.00000
vt 0.50000 0.50000
vt 1.00000 0.00000
vt 0.00000 0.00000
vt 0.00000 1.00000
vt 1.00000 1.00000
vt 0.50000 0.50000
vt 1.00000 0.00000
vt 0.00000 0.00000
vt 1.00000 1.00000
vt 0.00000 1.00000
vt 0.50000 0.50000
vt 1.00000 0.00000
vt 0.00000 0.00000
vt 0.00000 1.00000
vt 1.00000 1.00000
vt 0.50000 0.50000
vt 1.00000 0.00000
vt 0.00000 0.00000
vt 1.00000 1.00000
vt 0.00000 1.00000
vt 0.50000 0.50000
vt 1.00000 0.00000
vt 0.00000 0.00000
vt 0.00000 1.00000
vt 1.00000 1.00000
vt 0.50000 0.50000
vt 1.00000 0.00000
vt 0.00000 0.00000
vt 1.00000 1.00000
vt 0.00000 1.00000
vt 0.50000 0.50000
vt 1.00000 0.00000
vt 0.00000 0.00000
vt 0.00000 1.00000
vt 1.00000 1.00000
vt 0.50000 0.50000
vt 1.00000 0.00000
vt 0.00000 0.00000
vt 1.00000 1.00000
vt 0.00000 1.00000
vt 0.50000 0.50000
vt 1.00000 0.00000
vt 0.00000 0.00000
vt 0.00000 1.00000
vt 1.00000 1.00000
vt 0.50000 0.50000
vt 1.00000 0.00000
vt 0.00000 0.00000
vt 1.00000 1.00000
vt 0.00000 1.00000
vt 0.50000 0.50000
vt 1.00000 0.00000
vt 0.00000 0.00000
vt 0.00000 1.00000
vt 1.00000 1.00000
vt 0.50000 0.50000
vt 1.00000 0.00000
vt 0.00000 0.00000
vt 1.00000 1.00000
vt 0.00000 1.00000
vt 0.50000 0.50000
vt 1.00000 0.00000
vt 0.00000 0.00000
vt 0.00000 1.00000
vt 1.00000 1.00000
vt 0.50000 0.50000
vt 1.00000 0.00000
vt 0.00000 0.00000
vt 1.00000 1.00000
vt 0.00000 1.00000
vt 0.50000 0.50000
vt 1.00000 0.00000
vt 0.00000 0.00000
vt 0.00000 1.00000
vt 1.00000 1.00000
vt 0.50000 0.50000
vt 1.00000 0.00000
vt 0.00000 0.00000
vt 1.00000 1.00000
vt 0.00000 1.00000
vt 0.50000 0.50000
vt 1.00000 0.00000
vt 0.00000 0.00000
vt 0.00000 1.00000
vt 1.00000 1.00000
vt 0.50000 0.50000
vt 1.00000 0.00000
vt 0.00000 0.00000
vt 1.00000 1.00000
vt 0.00000 1.00000
vt 0.50000 0.50000
vt 1.00000 0.00000
vt 0.00000 0.00000
vt 0.00000 1.00000
vt 1.00000 1.00000
vt 0.50000 0.50000
vt 1.00000 0.00000
vt 0.00000 0.00000
vt 1.00000 1.00000
vt 0.00000 1.00000
vt 0.50000 0.50000
vt 1.00000 0.00000
vt 0.00000 0.00000
vt 0.00000 1.00000
vt 1.00000 1.00000
vt 0.50000 0.50000
vt 1.00000 0.00000
vt 0.00000 0.00000
vt 1.00000 1.00000
vt 0.00000 1.00000
vt 0.50000 0.50000
vt 1.00000 0.00000
vt 0.00000 0.00000
vt 0.00000 1.00000
vt 1.00000 1.00000
vt 0.50000 0.50000
vt 1.00000 0.00000
vt 0.00000 0.00000
vt 1.00000 1.00000
vt 0.00000 1.00000
vt 0.50000 0.50000
vt 1.00000 0.00000
vt 0.00000 0.00000
vt 0.00000 1.00000
vt 1.00000 1.00000
vt 0.50000 0.50000
vt 1.00000 0.00000
vt 0.00000 0.00000
vt 1.00000 1.00000
vt 0.00000 1.00000
vt 0.50000 0.50000
vt 1.00000 0.00000
vt 0.00000 0.00000
vt 0.00000 1.00000
vt 1.00000 1.00000
vt 0.50000 0.50000
vt 1.00000 0.00000
vt 0.00000 0.00000
vt 1.00000 1.00000
vt 0.00000 1.00000
vt 0.50000 0.50000
vt 1.00000 0.00000
vt 0.00000 0.00000
vt 0.00000 1.00000
vt 1.00000 1.00000
vt 0.50000 0.50000
vt 1.00000 0.00000
vt 0.00000 0.00000
vt 1.00000 1.00000
vt 0.00000 1.00000
vt 0.50000 0.50000
vt 1.00000 0.00000
vt 0.00000 0.00000
vt 0.00000 1.00000
vt 1.00000 1.00000
vt 0.50000 0.50000
vt 1.00000 0.00000
vt 0.00000 0.00000
vt 1.00000 1.00000
vt 0.00000 1.00000
vt 0.50000 0.50000
vt 1.00000 0.00000
vt 0.00000 0.00000
vt 0.00000 1.00000
vt 1.00000 1.00000
vt 0.50000 0.50000
vt 1.00000 0.00000
vt 0.00000 0.00000
vt 1.00000 1.00000
vt 0.00000 1.00000
vt 0.50000 0.50000
vt 1.00000 0.00000
vt 0.00000 0.00000
vt 0.00000 1.00000
vt 1.00000 1.00000
vt 0.50000 0.50000
vt 1.00000 0.00000
vt 0.00000 0.00000
vt 1.00000 1.00000
vt 0.00000 1.00000
vt 0.50000 0.50000
vt 1.00000 0.00000
vt 0.00000 0.00000
vt 0.00000 1.00000
vt 1.00000 1.00000
vt 0.50000 0.50000
vt 1.00000 0.00000
vt 0.00000 0.00000
vt 1.00000 1.00000
vt 0.00000 1.00000
vt 0.50000 0.50000
vt 1.00000 0.00000
vt 0.00000 0.00000
vt 0.00000 1.00000
vt 1.00000 1.00000
vt 0.50000 0.50000
vt 1.00000 0.00000
vt 0.00000 0.00000
vt 1.00000 1.00000
vt 0.00000 1.00000
vt 0.50000 0.50000
vt 1.00000 0.00000
vt 0.00000 0.00000
vt 0.00000 1.00000
vt 1.00000 1.00000
vt 0.50000 0.50000
vt 1.00000 0.00000
vt 0.00000 0.00000
vt 1.00000 1.00000
vt 0.00000 1.00000
vt 0.50000 0.50000
vt 1.00000 0.00000
vt 0.00000 0.00000
vt 0.00000 1.00000
vt 1.00000 1.00000
vt 0.50000 0.50000
vt 1.00000 0.00000
vt 0.00000 0.00000
vt 1.00000 1.00000
vt 0.00000 1.00000
vt 0.50000 0.50000
vt 1.00000 0.00000
vt 0.00000 0.00000
vt 0.00000 1.00000
vt 1.00000 1.00000
vt 0.50000 0.50000
vt 1.00000 0.00000
vt 0.00000 0.00000
vt 1.00000 1.00000
vt 0.00000 1.00000
vt 0.50000 0.50000
vt 1.00000 0.00000
vt 0.00000 0.00000
vt 0.00000 1.00000
vt 1.00000 1.00000
vt 0.50000 0.50000
vt 1.00000 0.00000
vt 0.00000 0.00000
vt 1.00000 1.00000
vt 0.00000 1.00000
vt 0.50000 0.50000
vt 1.00000 0.00000
vt 0.00000 0.00000
vt 0.00000 1.00000
vt 1.00000 1.00000
vt 0.50000 0.50000
vt 1.00000 0.00000
vt 0.00000 0.00000
vt 1.00000 1.00000
vt 0.00000 1.00000
vt 0.50000 0.50000
vt 1.00000 0.00000
vt 0.00000 0.00000
vt 0.00000 1.00000
vt 1.00000 1.00000
vt 0.50000 0.50000
vt 1.00000 0.00000
vt 0.00000 0.00000
vt 1.00000 1.00000
vt 0.00000 1.00000
vt 0.50000 0.50000
vt 1.00000 0.00000
vt 0.00000 0.00000
vt 0.00000 1.00000
vt 1.00000 1.00000
vt 0.50000 0.50000
vt 1.00000 0.00000
vt 0.00000 0.00000
vt 1.00000 1.00000
vt 0.00000 1.00000
vt 0.50000 0.50000
vt 1.00000 0.00000
vt 0.00000 0.00000
vt 0.00000 1.00000
vt 1.00000 1.00000
vt 0.50000 0.50000
vt 1.00000 0.00000
vt 0.00000 0.00000
vt 1.00000 1.00000
vt 0.00000 1.00000
vt 0.50000 0.50000
vt 1.00000 0.00000
vt 0.00000 0.00000
vt 0.00000 1.00000
vt 1.00000 1.00000
vt 0.50000 0.50000
vt 1.00000 0.00000
vt 0.00000 0.00000
vt 1.00000 1.00000
vt 0.00000 1.00000
vt 0.50000 0.50000
vt 1.00000 0.00000
vt 0.00000 0.00000
vt 0.00000 1.00000
vt 1.00000 1.00000
vt 0.50000 0.50000
vt 1.00000 0.00000
vt 0.00000 0.00000
vt 1.00000 1.00000
vt 0.00000 1.00000
vt 0.50000 0.50000
vt 1.00000 0.00000
vt 0.00000 0.00000
vt 0.00000 1.00000
vt 1.00000 1.00000
vt 0.50000 0.50000
vt 1.00000 0.00000
vt 0.00000 0.00000
vt 1.00000 1.00000
vt 0.00000 1.00000
vt 0.50000 0.50000
vt 1.00000 0.00000
vt 0.00000 0.00000
vt 0.00000 1.00000
vt 1.00000 1.00000
vt 0.50000 0.50000
vt 1.00000 0.00000
vt 0.00000 0.00000
vt 1.00000 1.00000
vt 0.00000 1.00000
vt 0.50000 0.50000
vt 1.00000 0.00000
vt 0.00000 0.00000
vt 0.00000 1.00000
vt 1.00000 1.00000
vt 0.50000 0.50000
vt 1.00000 0.00000
vt 0.00000 0.00000
vt 1.00000 1.00000
vt 0.00000 1.00000
vt 0.50000 0.50000
vt 1.00000 0.00000
vt 0.00000 0.00000
vt 0.00000 1.00000
vt 1.00000 1.00000
vt 0.50000 0.50000
vt 1.00000 0.00000
vt 0.00000 0.00000
vt 1.00000 1.00000
vt 0.00000 1.00000
vt 0.50000 0.50000
vt 1.00000 0.00000
vt 0.00000 0.00000

g branch04
usemtl branch04
f 2/2/2 1/1/1 3/3/3
f 4/4/4 2/2/2 3/3/3
f 5/5/5 4/4/4 3/3/3
f 1/1/1 5/5/5 3/3/3
f 7/7/7 6/6/6 8/8/8
f 6/6/6 9/9/9 8/8/8
f 9/9/9 10/10/10 8/8/8
f 10/10/10 7/7/7 8/8/8
f 12/12/12 11/11/11 13/13/13
f 14/14/14 12/12/12 13/13/13
f 15/15/15 14/14/14 13/13/13
f 11/11/11 15/15/15 13/13/13
f 17/17/17 16/16/16 18/18/18
f 16/16/16 19/19/19 18/18/18
f 19/19/19 20/20/20 18/18/18
f 20/20/20 17/17/17 18/18/18
f 22/22/22 21/21/21 23/23/23
f 24/24/24 22/22/22 23/23/23
f 25/25/25 24/24/24 23/23/23
f 21/21/21 25/25/25 23/23/23
f 27/27/27 26/26/26 28/28/28
f 26/26/26 29/29/29 28/28/28
f 29/29/29 30/30/30 28/28/28
f 30/30/30 27/27/27 28/28/28
f 32/32/32 31/31/31 33/33/33
f 34/34/34 32/32/32 33/33/33
f 35/35/35 34/34/34 33/33/33
f 31/31/31 35/35/35 33/33/33
f 37/37/37 36/36/36 38/38/38
f 36/36/36 39/39/39 38/38/38
f 39/39/39 40/40/40 38/38/38
f 40/40/40 37/37/37 38/38/38
f 42/42/42 41/41/41 43/43/43
f 44/44/44 42/42/42 43/43/43
f 45/45/45 44/44/44 43/43/43
f 41/41/41 45/45/45 43/43/43
f 47/47/47 46/46/46 48/48/48
f 46/46/46 49/49/49 48/48/48
f 49/49/49 50/50/50 48/48/48
f 50/50/50 47/47/47 48/48/48
f 52/52/52 51/51/51 53/53/53
f 54/54/54 52/52/52 53/53/53
f 55/55/55 54/54/54 53/53/53
f 51/51/51 55/55/55 53/53/53
f 57/57/57 56/56/56 58/58/58
f 56/56/56 59/59/59 58/58/58
f 59/59/59 60/60/60 58/58/58
f 60/60/60 57/57/57 58/58/58
f 62/62/62 61/61/61 63/63/63
f 64/64/64 62/62/62 63/63/63
f 65/65/65 64/64/64 63/63/63
f 61/61/61 65/65/65 63/63/63
f 67/67/67 66/66/66 68/68/68
f 66/66/66 69/69/69 68/68/68
f 69/69/69 70/70/70 68/68/68
f 70/70/70 67/67/67 68/68/68
f 72/72/72 71/71/71 73/73/73
f 74/74/74 72/72/72 73/73/73
f 75/75/75 74/74/74 73/73/73
f 71/71/71 75/75/75 73/73/73
f 77/77/77 76/76/76 78/78/78
f 76/76/76 79/79/79 78/78/78
f 79/79/79 80/80/80 78/78/78
f 80/80/80 77/77/77 78/78/78
f 82/82/82 81/81/81 83/83/83
f 84/84/84 82/82/82 83/83/83
f 85/85/85 84/84/84 83/83/83
f 81/81/81 85/85/85 83/83/83
f 87/87/87 86/86/86 88/88/88
f 86/86/86 89/89/89 88/88/88
f 89/89/89 90/90/90 88/88/88
f 90/90/90 87/87/87 88/88/88
f 92/92/92 91/91/91 93/93/93
f 94/94/94 92/92/92 93/93/93
f 95/95/95 94/94/94 93/93/93
f 91/91/91 95/95/95 93/93/93
f 97/97/97 96/96/96 98/98/98
f 96/96/96 99/99/99 98/98/98
f 99/99/99 100/100/100 98/98/98
f 100/100/100 97/97/97 98/98/98
f 102/102/102 101/101/101 103/103/103
f 104/104/104 102/102/102 103/103/103
f 105/105/105 104/104/104 103/103/103
f 101/101/101 105/105/105 103/103/103
f 107/107/107 106/106/106 108/108/108
f 106/106/106 109/109/109 108/108/108
f 109/109/109 110/110/110 108/108/108
f 110/110/110 107/107/107 108/108/108
f 112/112/112 111/111/111 113/113/113
f 114/114/114 112/112/112 113/113/113
f 115/115/115 114/114/114 113/113/113
f 111/111/111 115/115/115 113/113/113
f 117/117/117 116/116/116 118/118/118
f 116/116/116 119/119/119 118/118/118
f 119/119/119 120/120/120 118/118/118
f 120/120/120 117/117/117 118/118/118
f 122/122/122 121/121/121 123/123/123
f 124/124/124 122/122/122 123/123/123
f 125/125/125 124/124/124 123/123/123
f 121/121/121 125/125/125 123/123/123
f 127/127/127 126/126/126 128/128/128
f 126/126/126 129/129/129 128/128/128
f 129/129/129 130/130/130 128/128/128
f 130/130/130 127/127/127 128/128/128
f 132/132/132 131/131/131 133/133/133
f 134/134/134 132/132/132 133/133/133
f 135/135/135 134/134/134 133/133/133
f 131/131/131 135/135/135 133/133/133
f 137/137/137 136/136/136 138/138/138
f 136/136/136 139/139/139 138/138/138
f 139/139/139 140/140/140 138/138/138
f 140/140/140 137/137/137 138/138/138
f 142/142/142 141/141/141 143/143/143
f 144/144/144 142/142/142 143/143/143
f 145/145/145 144/144/144 143/143/143
f 141/141/141 145/145/145 143/143/143
f 147/147/147 146/146/146 148/148/148
f 146/146/146 149/149/149 148/148/148
f 149/149/149 150/150/150 148/148/148
f 150/150/150 147/147/147 148/148/148
f 152/152/152 151/151/151 153/153/153
f 154/154/154 152/152/152 153/153/153
f 155/155/155 154/154/154 153/153/153
f 151/151/151 155/155/155 153/153/153
f 157/157/157 156/156/156 158/158/158
f 156/156/156 159/159/159 158/158/158
f 159/159/159 160/160/160 158/158/158
f 160/160/160 157/157/157 158/158/158
f 162/162/162 161/161/161 163/163/163
f 164/164/164 162/162/162 163/163/163
f 165/165/165 164/164/164 163/163/163
f 161/161/161 165/165/165 163/163/163
f 167/167/167 166/166/166 168/168/168
f 166/166/166 169/169/169 168/168/168
f 169/169/169 170/170/170 168/168/168
f 170/170/170 167/167/167 168/168/168
f 172/172/172 171/171/171 173/173/173
f 174/174/174 172/172/172 173/173/173
f 175/175/175 174/174/174 173/173/173
f 171/171/171 175/175/175 173/173/173
f 177/177/177 176/176/176 178/178/178
f 176/176/176 179/179/179 178/178/178
f 179/179/179 180/180/180 178/178/178
f 180/180/180 177/177/177 178/178/178
f 182/182/182 181/181/181 183/183/183
f 184/184/184 182/182/182 183/183/183
f 185/185/185 184/184/184 183/183/183
f 181/181/181 185/185/185 183/183/183
f 187/187/187 186/186/186 188/188/188
f 186/186/186 189/189/189 188/188/188
f 189/189/189 190/190/190 188/188/188
f 190/190/190 187/187/187 188/188/188
f 192/192/192 191/191/191 193/193/193
f 194/194/194 192/192/192 193/193/193
f 195/195/195 194/194/194 193/193/193
f 191/191/191 195/195/195 193/193/193
f 197/197/197 196/196/196 198/198/198
f 196/196/196 199/199/199 198/198/198
f 199/199/199 200/200/200 198/198/198
f 200/200/200 197/197/197 198/198/198
f 202/202/202 201/201/201 203/203/203
f 204/204/204 202/202/202 203/203/203
f 205/205/205 204/204/204 203/203/203
f 201/201/201 205/205/205 203/203/203
f 207/207/207 206/206/206 208/208/208
f 206/206/206 209/209/209 208/208/208
f 209/209/209 210/210/210 208/208/208
f 210/210/210 207/207/207 208/208/208
f 212/212/212 211/211/211 213/213/213
f 214/214/214 212/212/212 213/213/213
f 215/215/215 214/214/214 213/213/213
f 211/211/211 215/215/215 213/213/213
f 217/217/217 216/216/216 218/218/218
f 216/216/216 219/219/219 218/218/218
f 219/219/219 220/220/220 218/218/218
f 220/220/220 217/217/217 218/218/218
f 222/222/222 221/221/221 223/223/223
f 224/224/224 222/222/222 223/223/223
f 225/225/225 224/224/224 223/223/223
f 221/221/221 225/225/225 223/223/223
f 227/227/227 226/226/226 228/228/228
f 226/226/226 229/229/229 228/228/228
f 229/229/229 230/230/230 228/228/228
f 230/230/230 227/227/227 228/228/228
f 232/232/232 231/231/231 233/233/233
f 234/234/234 232/232/232 233/233/233
f 235/235/235 234/234/234 233/233/233
f 231/231/231 235/235/235 233/233/233
f 237/237/237 236/236/236 238/238/238
f 236/236/236 239/239/239 238/238/238
f 239/239/239 240/240/240 238/238/238
f 240/240/240 237/237/237 238/238/238
f 242/242/242 241/241/241 243/243/243
f 244/244/244 242/242/242 243/243/243
f 245/245/245 244/244/244 243/243/243
f 241/241/241 245/245/245 243/243/243
f 247/247/247 246/246/246 248/248/248
f 246/246/246 249/249/249 248/248/248
f 249/249/249 250/250/250 248/248/248
f 250/250/250 247/247/247 248/248/248
f 252/252/252 251/251/251 253/253/253
f 254/254/254 252/252/252 253/253/253
f 255/255/255 254/254/254 253/253/253
f 251/251/251 255/255/255 253/253/253
f 257/257/257 256/256/256 258/258/258
f 256/256/256 259/259/259 258/258/258
f 259/259/259 260/260/260 258/258/258
f 260/260/260 257/257/257 258/258/258
f 262/262/262 261/261/261 263/263/263
f 264/264/264 262/262/262 263/263/263
f 265/265/265 264/264/264 263/263/263
f 261/261/261 265/265/265 263/263/263
f 267/267/267 266/266/266 268/268/268
f 266/266/266 269/269/269 268/268/268
f 269/269/269 270/270/270 268/268/268
f 270/270/270 267/267/267 268/268/268
f 272/272/272 271/271/271 273/273/273
f 274/274/274 272/272/272 273/273/273
f 275/275/275 274/274/274 273/273/273
f 271/271/271 275/275/275 273/273/273
f 277/277/277 276/276/276 278/278/278
f 276/276/276 279/279/279 278/278/278
f 279/279/279 280/280/280 278/278/278
f 280/280/280 277/277/277 278/278/278
f 282/282/282 281/281/281 283/283/283
f 284/284/284 282/282/282 283/283/283
f 285/285/285 284/284/284 283/283/283
f 281/281/281 285/285/285 283/283/283
f 287/287/287 286/286/286 288/288/288
f 286/286/286 289/289/289 288/288/288
f 289/289/289 290/290/290 288/288/288
f 290/290/290 287/287/287 288/288/288
f 292/292/292 291/291/291 293/293/293
f 294/294/294 292/292/292 293/293/293
f 295/295/295 294/294/294 293/293/293
f 291/291/291 295/295/295 293/293/293
f 297/297/297 296/296/296 298/298/298
f 296/296/296 299/299/299 298/298/298
f 299/299/299 300/300/300 298/298/298
f 300/300/300 297/297/297 298/298/298
f 302/302/302 301/301/301 303/303/303
f 304/304/304 302/302/302 303/303/303
f 305/305/305 304/304/304 303/303/303
f 301/301/301 305/305/305 303/303/303
f 307/307/307 306/306/306 308/308/308
f 306/306/306 309/309/309 308/308/308
f 309/309/309 310/310/310 308/308/308
f 310/310/310 307/307/307 308/308/308
f 312/312/312 311/311/311 313/313/313
f 314/314/314 312/312/312 313/313/313
f 315/315/315 314/314/314 313/313/313
f 311/311/311 315/315/315 313/313/313
f 317/317/317 316/316/316 318/318/318
f 316/316/316 319/319/319 318/318/318
f 319/319/319 320/320/320 318/318/318
f 320/320/320 317/317/317 318/318/318
f 322/322/322 321/321/321 323/323/323
f 324/324/324 322/322/322 323/323/323
f 325/325/325 324/324/324 323/323/323
f 321/321/321 325/325/325 323/323/323
f 327/327/327 326/326/326 328/328/328
f 326/326/326 329/329/329 328/328/328
f 329/329/329 330/330/330 328/328/328
f 330/330/330 327/327/327 328/328/328
f 332/332/332 331/331/331 333/333/333
f 334/334/334 332/332/332 333/333/333
f 335/335/335 334/334/334 333/333/333
f 331/331/331 335/335/335 333/333/333
f 337/337/337 336/336/336 338/338/338
f 336/336/336 339/339/339 338/338/338
f 339/339/339 340/340/340 338/338/338
f 340/340/340 337/337/337 338/338/338
f 342/342/342 341/341/341 343/343/343
f 344/344/344 342/342/342 343/343/343
f 345/345/345 344/344/344 343/343/343
f 341/341/341 345/345/345 343/343/343
f 347/347/347 346/346/346 348/348/348
f 346/346/346 349/349/349 348/348/348
f 349/349/349 350/350/350 348/348/348
f 350/350/350 347/347/347 348/348/348
f 352/352/352 351/351/351 353/353/353
f 354/354/354 352/352/352 353/353/353
f 355/355/355 354/354/354 353/353/353
f 351/351/351 355/355/355 353/353/353
f 357/357/357 356/356/356 358/358/358
f 356/356/356 359/359/359 358/358/358
f 359/359/359 360/360/360 358/358/358
f 360/360/360 357/357/357 358/358/358
f 362/362/362 361/361/361 363/363/363
f 364/364/364 362/362/362 363/363/363
f 365/365/365 364/364/364 363/363/363
f 361/361/361 365/365/365 363/363/363
f 367/367/367 366/366/366 368/368/368
f 366/366/366 369/369/369 368/368/368
f 369/369/369 370/370/370 368/368/368
f 370/370/370 367/367/367 368/368/368
f 372/372/372 371/371/371 373/373/373
f 374/374/374 372/372/372 373/373/373
f 375/375/375 374/374/374 373/373/373
f 371/371/371 375/375/375 373/373/373
f 377/377/377 376/376/376 378/378/378
f 376/376/376 379/379/379 378/378/378
f 379/379/379 380/380/380 378/378/378
f 380/380/380 377/377/377 378/378/378
f 382/382/382 381/381/381 383/383/383
f 384/384/384 382/382/382 383/383/383
f 385/385/385 384/384/384 383/383/383
f 381/381/381 385/385/385 383/383/383
f 387/387/387 386/386/386 388/388/388
f 386/386/386 389/389/389 388/388/388
f 389/389/389 390/390/390 388/388/388
f 390/390/390 387/387/387 388/388/388
f 392/392/392 391/391/391 393/393/393
f 394/394/394 392/392/392 393/393/393
f 395/395/395 394/394/394 393/393/393
f 391/391/391 395/395/395 393/393/393
f 397/397/397 396/396/396 398/398/398
f 396/396/396 399/399/399 398/398/398
f 399/399/399 400/400/400 398/398/398
f 400/400/400 397/397/397 398/398/398
f 402/402/402 401/401/401 403/403/403
f 404/404/404 402/402/402 403/403/403
f 405/405/405 404/404/404 403/403/403
f 401/401/401 405/405/405 403/403/403
f 407/407/407 406/406/406 408/408/408
f 406/406/406 409/409/409 408/408/408
f 409/409/409 410/410/410 408/408/408
f 410/410/410 407/407/407 408/408/408
f 412/412/412 411/411/411 413/413/413
f 414/414/414 412/412/412 413/413/413
f 415/415/415 414/414/414 413/413/413
f 411/411/411 415/415/415 413/413/413
f 417/417/417 416/416/416 418/418/418
f 416/416/416 419/419/419 418/418/418
f 419/419/419 420/420/420 418/418/418
f 420/420/420 417/417/417 418/418/418
f 422/422/422 421/421/421 423/423/423
f 424/424/424 422/422/422 423/423/423
f 425/425/425 424/424/424 423/423/423
f 421/421/421 425/425/425 423/423/423
f 427/427/427 426/426/426 428/428/428
f 426/426/426 429/429/429 428/428/428
f 429/429/429 430/430/430 428/428/428
f 430/430/430 427/427/427 428/428/428
f 432/432/432 431/431/431 433/433/433
f 434/434/434 432/432/432 433/433/433
f 435/435/435 434/434/434 433/433/433
f 431/431/431 435/435/435 433/433/433
f 437/437/437 436/436/436 438/438/438
f 436/436/436 439/439/439 438/438/438
f 439/439/439 440/440/440 438/438/438
f 440/440/440 437/437/437 438/438/438
f 442/442/442 441/441/441 443/443/443
f 444/444/444 442/442/442 443/443/443
f 445/445/445 444/444/444 443/443/443
f 441/441/441 445/445/445 443/443/443
f 447/447/447 446/446/446 448/448/448
f 446/446/446 449/449/449 448/448/448
f 449/449/449 450/450/450 448/448/448
f 450/450/450 447/447/447 448/448/448
f 452/452/452 451/451/451 453/453/453
f 454/454/454 452/452/452 453/453/453
f 455/455/455 454/454/454 453/453/453
f 451/451/451 455/455/455 453/453/453
f 457/457/457 456/456/456 458/458/458
f 456/456/456 459/459/459 458/458/458
f 459/459/459 460/460/460 458/458/458
f 460/460/460 457/457/457 458/458/458
f 462/462/462 461/461/461 463/463/463
f 464/464/464 462/462/462 463/463/463
f 465/465/465 464/464/464 463/463/463
f 461/461/461 465/465/465 463/463/463
f 467/467/467 466/466/466 468/468/468
f 466/466/466 469/469/469 468/468/468
f 469/469/469 470/470/470 468/468/468
f 470/470/470 467/467/467 468/468/468
f 472/472/472 471/471/471 473/473/473
f 474/474/474 472/472/472 473/473/473
f 475/475/475 474/474/474 473/473/473
f 471/471/471 475/475/475 473/473/473
f 477/477/477 476/476/476 478/478/478
f 476/476/476 479/479/479 478/478/478
f 479/479/479 480/480/480 478/478/478
f 480/480/480 477/477/477 478/478/478
f 482/482/482 481/481/481 483/483/483
f 484/484/484 482/482/482 483/483/483
f 485/485/485 484/484/484 483/483/483
f 481/481/481 485/485/485 483/483/483
f 487/487/487 486/486/486 488/488/488
f 486/486/486 489/489/489 488/488/488
f 489/489/489 490/490/490 488/488/488
f 490/490/490 487/487/487 488/488/488
f 492/492/492 491/491/491 493/493/493
f 494/494/494 492/492/492 493/493/493
f 495/495/495 494/494/494 493/493/493
f 491/491/491 495/495/495 493/493/493
f 497/497/497 496/496/496 498/498/498
f 496/496/496 499/499/499 498/498/498
f 499/499/499 500/500/500 498/498/498
f 500/500/500 497/497/497 498/498/498
f 502/502/502 501/501/501 503/503/503
f 504/504/504 502/502/502 503/503/503
f 505/505/505 504/504/504 503/503/503
f 501/501/501 505/505/505 503/503/503
f 507/507/507 506/506/506 508/508/508
f 506/506/506 509/509/509 508/508/508
f 509/509/509 510/510/510 508/508/508
f 510/510/510 507/507/507 508/508/508
f 512/512/512 511/511/511 513/513/513
f 514/514/514 512/512/512 513/513/513
f 515/515/515 514/514/514 513/513/513
f 511/511/511 515/515/515 513/513/513
f 517/517/517 516/516/516 518/518/518
f 516/516/516 519/519/519 518/518/518
f 519/519/519 520/520/520 518/518/518
f 520/520/520 517/517/517 518/518/518
f 522/522/522 521/521/521 523/523/523
f 524/524/524 522/522/522 523/523/523
f 525/525/525 524/524/524 523/523/523
f 521/521/521 525/525/525 523/523/523
f 527/527/527 526/526/526 528/528/528
f 526/526/526 529/529/529 528/528/528
f 529/529/529 530/530/530 528/528/528
f 530/530/530 527/527/527 528/528/528
f 532/532/532 531/531/531 533/533/533
f 534/534/534 532/532/532 533/533/533
f 535/535/535 534/534/534 533/533/533
f 531/531/531 535/535/535 533/533/533
f 537/537/537 536/536/536 538/538/538
f 536/536/536 539/539/539 538/538/538
f 539/539/539 540/540/540 538/538/538
f 540/540/540 537/537/537 538/538/538
f 542/542/542 541/541/541 543/543/543
f 544/544/544 542/542/542 543/543/543
f 545/545/545 544/544/544 543/543/543
f 541/541/541 545/545/545 543/543/543
f 547/547/547 546/546/546 548/548/548
f 546/546/546 549/549/549 548/548/548
f 549/549/549 550/550/550 548/548/548
f 550/550/550 547/547/547 548/548/548
f 552/552/552 551/551/551 553/553/553
f 554/554/554 552/552/552 553/553/553
f 555/555/555 554/554/554 553/553/553
f 551/551/551 555/555/555 553/553/553
f 557/557/557 556/556/556 558/558/558
f 556/556/556 559/559/559 558/558/558
f 559/559/559 560/560/560 558/558/558
f 560/560/560 557/557/557 558/558/558
f 562/562/562 561/561/561 563/563/563
f 564/564/564 562/562/562 563/563/563
f 565/565/565 564/564/564 563/563/563
f 561/561/561 565/565/565 563/563/563
f 567/567/567 566/566/566 568/568/568
f 566/566/566 569/569/569 568/568/568
f 569/569/569 570/570/570 568/568/568
f 570/570/570 567/567/567 568/568/568
f 572/572/572 571/571/571 573/573/573
f 574/574/574 572/572/572 573/573/573
f 575/575/575 574/574/574 573/573/573
f 571/571/571 575/575/575 573/573/573
f 577/577/577 576/576/576 578/578/578
f 576/576/576 579/579/579 578/578/578
f 579/579/579 580/580/580 578/578/578
f 580/580/580 577/577/577 578/578/578
f 582/582/582 581/581/581 583/583/583
f 584/584/584 582/582/582 583/583/583
f 585/585/585 584/584/584 583/583/583
f 581/581/581 585/585/585 583/583/583
f 587/587/587 586/586/586 588/588/588
f 586/586/586 589/589/589 588/588/588
f 589/589/589 590/590/590 588/588/588
f 590/590/590 587/587/587 588/588/588
f 592/592/592 591/591/591 593/593/593
f 594/594/594 592/592/592 593/593/593
f 595/595/595 594/594/594 593/593/593
f 591/591/591 595/595/595 593/593/593
f 597/597/597 596/596/596 598/598/598
f 596/596/596 599/599/599 598/598/598
f 599/599/599 600/600/600 598/598/598
f 600/600/600 597/597/597 598/598/598
f 602/602/602 601/601/601 603/603/603
f 604/604/604 602/602/602 603/603/603
f 605/605/605 604/604/604 603/603/603
f 601/601/601 605/605/605 603/603/603
f 607/607/607 606/606/606 608/608/608
f 606/606/606 609/609/609 608/608/608
f 609/609/609 610/610/610 608/608/608
f 610/610/610 607/607/607 608/608/608
f 612/612/612 611/611/611 613/613/613
f 614/614/614 612/612/612 613/613/613
f 615/615/615 614/614/614 613/613/613
f 611/611/611 615/615/615 613/613/613
f 617/617/617 616/616/616 618/618/618
f 616/616/616 619/619/619 618/618/618
f 619/619/619 620/620/620 618/618/618
f 620/620/620 617/617/617 618/618/618
f 622/622/622 621/621/621 623/623/623
f 624/624/624 622/622/622 623/623/623
f 625/625/625 624/624/624 623/623/623
f 621/621/621 625/625/625 623/623/623
f 627/627/627 626/626/626 628/628/628
f 626/626/626 629/629/629 628/628/628
f 629/629/629 630/630/630 628/628/628
f 630/630/630 627/627/627 628/628/628
f 632/632/632 631/631/631 633/633/633
f 634/634/634 632/632/632 633/633/633
f 635/635/635 634/634/634 633/633/633
f 631/631/631 635/635/635 633/633/633
f 637/637/637 636/636/636 638/638/638
f 636/636/636 639/639/639 638/638/638
f 639/639/639 640/640/640 638/638/638
f 640/640/640 637/637/637 638/638/638
f 642/642/642 641/641/641 643/643/643
f 644/644/644 642/642/642 643/643/643
f 645/645/645 644/644/644 643/643/643
f 641/641/641 645/645/645 643/643/643
f 647/647/647 646/646/646 648/648/648
f 646/646/646 649/649/649 648/648/648
f 649/649/649 650/650/650 648/648/648
f 650/650/650 647/647/647 648/648/648
f 652/652/652 651/651/651 653/653/653
f 654/654/654 652/652/652 653/653/653
f 655/655/655 654/654/654 653/653/653
f 651/651/651 655/655/655 653/653/653
f 657/657/657 656/656/656 658/658/658
f 656/656/656 659/659/659 658/658/658
f 659/659/659 660/660/660 658/658/658
f 660/660/660 657/657/657 658/658/658
f 662/662/662 661/661/661 663/663/663
f 664/664/664 662/662/662 663/663/663
f 665/665/665 664/664/664 663/663/663
f 661/661/661 665/665/665 663/663/663
f 667/667/667 666/666/666 668/668/668
f 666/666/666 669/669/669 668/668/668
f 669/669/669 670/670/670 668/668/668
f 670/670/670 667/667/667 668/668/668
f 672/672/672 671/671/671 673/673/673
f 674/674/674 672/672/672 673/673/673
f 675/675/675 674/674/674 673/673/673
f 671/671/671 675/675/675 673/673/673
f 677/677/677 676/676/676 678/678/678
f 676/676/676 679/679/679 678/678/678
f 679/679/679 680/680/680 678/678/678
f 680/680/680 677/677/677 678/678/678
f 682/682/682 681/681/681 683/683/683
f 684/684/684 682/682/682 683/683/683
f 685/685/685 684/684/684 683/683/683
f 681/681/681 685/685/685 683/683/683
f 687/687/687 686/686/686 688/688/688
f 686/686/686 689/689/689 688/688/688
f 689/689/689 690/690/690 688/688/688
f 690/690/690 687/687/687 688/688/688
f 692/692/692 691/691/691 693/693/693
f 694/694/694 692/692/692 693/693/693
f 695/695/695 694/694/694 693/693/693
f 691/691/691 695/695/695 693/693/693
f 697/697/697 696/696/696 698/698/698
f 696/696/696 699/699/699 698/698/698
f 699/699/699 700/700/700 698/698/698
f 700/700/700 697/697/697 698/698/698
f 702/702/702 701/701/701 703/703/703
f 704/704/704 702/702/702 703/703/703
f 705/705/705 704/704/704 703/703/703
f 701/701/701 705/705/705 703/703/703
f 707/707/707 706/706/706 708/708/708
f 706/706/706 709/709/709 708/708/708
f 709/709/709 710/710/710 708/708/708
f 710/710/710 707/707/707 708/708/708
f 712/712/712 711/711/711 713/713/713
f 714/714/714 712/712/712 713/713/713
f 715/715/715 714/714/714 713/713/713
f 711/711/711 715/715/715 713/713/713
f 717/717/717 716/716/716 718/718/718
f 716/716/716 719/719/719 718/718/718
f 719/719/719 720/720/720 718/718/718
f 720/720/720 717/717/717 718/718/718
f 722/722/722 721/721/721 723/723/723
f 724/724/724 722/722/722 723/723/723
f 725/725/725 724/724/724 723/723/723
f 721/721/721 725/725/725 723/723/723
f 727/727/727 726/726/726 728/728/728
f 726/726/726 729/729/729 728/728/728
f 729/729/729 730/730/730 728/728/728
f 730/730/730 727/727/727 728/728/728
f 732/732/732 731/731/731 733/733/733
f 734/734/734 732/732/732 733/733/733
f 735/735/735 734/734/734 733/733/733
f 731/731/731 735/735/735 733/733/733
f 737/737/737 736/736/736 738/738/738
f 736/736/736 739/739/739 738/738/738
f 739/739/739 740/740/740 738/738/738
f 740/740/740 737/737/737 738/738/738
f 742/742/742 741/741/741 743/743/743
f 744/744/744 742/742/742 743/743/743
f 745/745/745 744/744/744 743/743/743
f 741/741/741 745/745/745 743/743/743
f 747/747/747 746/746/746 748/748/748
f 746/746/746 749/749/749 748/748/748
f 749/749/749 750/750/750 748/748/748
f 750/750/750 747/747/747 748/748/748
f 752/752/752 751/751/751 753/753/753
f 754/754/754 752/752/752 753/753/753
f 755/755/755 754/754/754 753/753/753
f 751/751/751 755/755/755 753/753/753
f 757/757/757 756/756/756 758/758/758
f 756/756/756 759/759/759 758/758/758
f 759/759/759 760/760/760 758/758/758
f 760/760/760 757/757/757 758/758/758
f 762/762/762 761/761/761 763/763/763
f 764/764/764 762/762/762 763/763/763
f 765/765/765 764/764/764 763/763/763
f 761/761/761 765/765/765 763/763/763
f 767/767/767 766/766/766 768/768/768
f 766/766/766 769/769/769 768/768/768
f 769/769/769 770/770/770 768/768/768
f 770/770/770 767/767/767 768/768/768
f 772/772/772 771/771/771 773/773/773
f 774/774/774 772/772/772 773/773/773
f 775/775/775 774/774/774 773/773/773
f 771/771/771 775/775/775 773/773/773
f 777/777/777 776/776/776 778/778/778
f 776/776/776 779/779/779 778/778/778
f 779/779/779 780/780/780 778/778/778
f 780/780/780 777/777/777 778/778/778
f 782/782/782 781/781/781 783/783/783
f 784/784/784 782/782/782 783/783/783
f 785/785/785 784/784/784 783/783/783
f 781/781/781 785/785/785 783/783/783
f 787/787/787 786/786/786 788/788/788
f 786/786/786 789/789/789 788/788/788
f 789/789/789 790/790/790 788/788/788
f 790/790/790 787/787/787 788/788/788
f 792/792/792 791/791/791 793/793/793
f 794/794/794 792/792/792 793/793/793
f 795/795/795 794/794/794 793/793/793
f 791/791/791 795/795/795 793/793/793
f 797/797/797 796/796/796 798/798/798
f 796/796/796 799/799/799 798/798/798
f 799/799/799 800/800/800 798/798/798
f 800/800/800 797/797/797 798/798/798
f 802/802/802 801/801/801 803/803/803
f 804/804/804 802/802/802 803/803/803
f 805/805/805 804/804/804 803/803/803
f 801/801/801 805/805/805 803/803/803
f 807/807/807 806/806/806 808/808/808
f 806/806/806 809/809/809 808/808/808
f 809/809/809 810/810/810 808/808/808
f 810/810/810 807/807/807 808/808/808
f 812/812/812 811/811/811 813/813/813
f 814/814/814 812/812/812 813/813/813
f 815/815/815 814/814/814 813/813/813
f 811/811/811 815/815/815 813/813/813
f 817/817/817 816/816/816 818/818/818
f 816/816/816 819/819/819 818/818/818
f 819/819/819 820/820/820 818/818/818
f 820/820/820 817/817/817 818/818/818
f 822/822/822 821/821/821 823/823/823
f 824/824/824 822/822/822 823/823/823
f 825/825/825 824/824/824 823/823/823
f 821/821/821 825/825/825 823/823/823
f 827/827/827 826/826/826 828/828/828
f 826/826/826 829/829/829 828/828/828
f 829/829/829 830/830/830 828/828/828
f 830/830/830 827/827/827 828/828/828
f 832/832/832 831/831/831 833/833/833
f 834/834/834 832/832/832 833/833/833
f 835/835/835 834/834/834 833/833/833
f 831/831/831 835/835/835 833/833/833
f 837/837/837 836/836/836 838/838/838
f 836/836/836 839/839/839 838/838/838
f 839/839/839 840/840/840 838/838/838
f 840/840/840 837/837/837 838/838/838
f 842/842/842 841/841/841 843/843/843
f 844/844/844 842/842/842 843/843/843
f 845/845/845 844/844/844 843/843/843
f 841/841/841 845/845/845 843/843/843
f 847/847/847 846/846/846 848/848/848
f 846/846/846 849/849/849 848/848/848
f 849/849/849 850/850/850 848/848/848
f 850/850/850 847/847/847 848/848/848
f 852/852/852 851/851/851 853/853/853
f 854/854/854 852/852/852 853/853/853
f 855/855/855 854/854/854 853/853/853
f 851/851/851 855/855/855 853/853/853
f 857/857/857 856/856/856 858/858/858
f 856/856/856 859/859/859 858/858/858
f 859/859/859 860/860/860 858/858/858
f 860/860/860 857/857/857 858/858/858
f 862/862/862 861/861/861 863/863/863
f 864/864/864 862/862/862 863/863/863
f 865/865/865 864/864/864 863/863/863
f 861/861/861 865/865/865 863/863/863
f 867/867/867 866/866/866 868/868/868
f 866/866/866 869/869/869 868/868/868
f 869/869/869 870/870/870 868/868/868
f 870/870/870 867/867/867 868/868/868
f 872/872/872 871/871/871 873/873/873
f 874/874/874 872/872/872 873/873/873
f 875/875/875 874/874/874 873/873/873
f 871/871/871 875/875/875 873/873/873
f 877/877/877 876/876/876 878/878/878
f 876/876/876 879/879/879 878/878/878
f 879/879/879 880/880/880 878/878/878
f 880/880/880 877/877/877 878/878/878
f 882/882/882 881/881/881 883/883/883
f 884/884/884 882/882/882 883/883/883
f 885/885/885 884/884/884 883/883/883
f 881/881/881 885/885/885 883/883/883
f 887/887/887 886/886/886 888/888/888
f 886/886/886 889/889/889 888/888/888
f 889/889/889 890/890/890 888/888/888
f 890/890/890 887/887/887 888/888/888
f 892/892/892 891/891/891 893/893/893
f 894/894/894 892/892/892 893/893/893
f 895/895/895 894/894/894 893/893/893
f 891/891/891 895/895/895 893/893/893
f 897/897/897 896/896/896 898/898/898
f 896/896/896 899/899/899 898/898/898
f 899/899/899 900/900/900 898/898/898
f 900/900/900 897/897/897 898/898/898
f 902/902/902 901/901/901 903/903/903
f 904/904/904 902/902/902 903/903/903
f 905/905/905 904/904/904 903/903/903
f 901/901/901 905/905/905 903/903/903
f 907/907/907 906/906/906 908/908/908
f 906/906/906 909/909/909 908/908/908
f 909/909/909 910/910/910 908/908/908
f 910/910/910 907/907/907 908/908/908
f 912/912/912 911/911/911 913/913/913
f 914/914/914 912/912/912 913/913/913
f 915/915/915 914/914/914 913/913/913
f 911/911/911 915/915/915 913/913/913
f 917/917/917 916/916/916 918/918/918
f 916/916/916 919/919/919 918/918/918
f 919/919/919 920/920/920 918/918/918
f 920/920/920 917/917/917 918/918/918
f 922/922/922 921/921/921 923/923/923
f 924/924/924 922/922/922 923/923/923
f 925/925/925 924/924/924 923/923/923
f 921/921/921 925/925/925 923/923/923
f 927/927/927 926/926/926 928/928/928
f 926/926/926 929/929/929 928/928/928
f 929/929/929 930/930/930 928/928/928
f 930/930/930 927/927/927 928/928/928
f 932/932/932 931/931/931 933/933/933
f 934/934/934 932/932/932 933/933/933
f 935/935/935 934/934/934 933/933/933
f 931/931/931 935/935/935 933/933/933
f 937/937/937 936/936/936 938/938/938
f 936/936/936 939/939/939 938/938/938
f 939/939/939 940/940/940 938/938/938
f 940/940/940 937/937/937 938/938/938
f 942/942/942 941/941/941 943/943/943
f 944/944/944 942/942/942 943/943/943
f 945/945/945 944/944/944 943/943/943
f 941/941/941 945/945/945 943/943/943
f 947/947/947 946/946/946 948/948/948
f 946/946/946 949/949/949 948/948/948
f 949/949/949 950/950/950 948/948/948
f 950/950/950 947/947/947 948/948/948
f 952/952/952 951/951/951 953/953/953
f 954/954/954 952/952/952 953/953/953
f 955/955/955 954/954/954 953/953/953
f 951/951/951 955/955/955 953/953/953
f 957/957/957 956/956/956 958/958/958
f 956/956/956 959/959/959 958/958/958
f 959/959/959 960/960/960 958/958/958
f 960/960/960 957/957/957 958/958/958
f 962/962/962 961/961/961 963/963/963
f 964/964/964 962/962/962 963/963/963
f 965/965/965 964/964/964 963/963/963
f 961/961/961 965/965/965 963/963/963
f 967/967/967 966/966/966 968/968/968
f 966/966/966 969/969/969 968/968/968
f 969/969/969 970/970/970 968/968/968
f 970/970/970 967/967/967 968/968/968
f 972/972/972 971/971/971 973/973/973
f 974/974/974 972/972/972 973/973/973
f 975/975/975 974/974/974 973/973/973
f 971/971/971 975/975/975 973/973/973
f 977/977/977 976/976/976 978/978/978
f 976/976/976 979/979/979 978/978/978
f 979/979/979 980/980/980 978/978/978
f 980/980/980 977/977/977 978/978/978
f 982/982/982 981/981/981 983/983/983
f 984/984/984 982/982/982 983/983/983
f 985/985/985 984/984/984 983/983/983
f 981/981/981 985/985/985 983/983/983
f 987/987/987 986/986/986 988/988/988
f 986/986/986 989/989/989 988/988/988
f 989/989/989 990/990/990 988/988/988
f 990/990/990 987/987/987 988/988/988
f 992/992/992 991/991/991 993/993/993
f 994/994/994 992/992/992 993/993/993
f 995/995/995 994/994/994 993/993/993
f 991/991/991 995/995/995 993/993/993
f 997/997/997 996/996/996 998/998/998
f 996/996/996 999/999/999 998/998/998
f 999/999/999 1000/1000/1000 998/998/998
f 1000/1000/1000 997/997/997 998/998/998
f 1002/1002/1002 1001/1001/1001 1003/1003/1003
f 1004/1004/1004 1002/1002/1002 1003/1003/1003
f 1005/1005/1005 1004/1004/1004 1003/1003/1003
f 1001/1001/1001 1005/1005/1005 1003/1003/1003
f 1007/1007/1007 1006/1006/1006 1008/1008/1008
f 1006/1006/1006 1009/1009/1009 1008/1008/1008
f 1009/1009/1009 1010/1010/1010 1008/1008/1008
f 1010/1010/1010 1007/1007/1007 1008/1008/1008
f 1012/1012/1012 1011/1011/1011 1013/1013/1013
f 1014/1014/1014 1012/1012/1012 1013/1013/1013
f 1015/1015/1015 1014/1014/1014 1013/1013/1013
f 1011/1011/1011 1015/1015/1015 1013/1013/1013
f 1017/1017/1017 1016/1016/1016 1018/1018/1018
f 1016/1016/1016 1019/1019/1019 1018/1018/1018
f 1019/1019/1019 1020/1020/1020 1018/1018/1018
f 1020/1020/1020 1017/1017/1017 1018/1018/1018
f 1022/1022/1022 1021/1021/1021 1023/1023/1023
f 1024/1024/1024 1022/1022/1022 1023/1023/1023
f 1025/1025/1025 1024/1024/1024 1023/1023/1023
f 1021/1021/1021 1025/1025/1025 1023/1023/1023
f 1027/1027/1027 1026/1026/1026 1028/1028/1028
f 1026/1026/1026 1029/1029/1029 1028/1028/1028
f 1029/1029/1029 1030/1030/1030 1028/1028/1028
f 1030/1030/1030 1027/1027/1027 1028/1028/1028
f 1032/1032/1032 1031/1031/1031 1033/1033/1033
f 1034/1034/1034 1032/1032/1032 1033/1033/1033
f 1035/1035/1035 1034/1034/1034 1033/1033/1033
f 1031/1031/1031 1035/1035/1035 1033/1033/1033
f 1037/1037/1037 1036/1036/1036 1038/1038/1038
f 1036/1036/1036 1039/1039/1039 1038/1038/1038
f 1039/1039/1039 1040/1040/1040 1038/1038/1038
f 1040/1040/1040 1037/1037/1037 1038/1038/1038
f 1042/1042/1042 1041/1041/1041 1043/1043/1043
f 1044/1044/1044 1042/1042/1042 1043/1043/1043
f 1045/1045/1045 1044/1044/1044 1043/1043/1043
f 1041/1041/1041 1045/1045/1045 1043/1043/1043
f 1047/1047/1047 1046/1046/1046 1048/1048/1048
f 1046/1046/1046 1049/1049/1049 1048/1048/1048
f 1049/1049/1049 1050/1050/1050 1048/1048/1048
f 1050/1050/1050 1047/1047/1047 1048/1048/1048
f 1052/1052/1052 1051/1051/1051 1053/1053/1053
f 1054/1054/1054 1052/1052/1052 1053/1053/1053
f 1055/1055/1055 1054/1054/1054 1053/1053/1053
f 1051/1051/1051 1055/1055/1055 1053/1053/1053
f 1057/1057/1057 1056/1056/1056 1058/1058/1058
f 1056/1056/1056 1059/1059/1059 1058/1058/1058
f 1059/1059/1059 1060/1060/1060 1058/1058/1058
f 1060/1060/1060 1057/1057/1057 1058/1058/1058
f 1062/1062/1062 1061/1061/1061 1063/1063/1063
f 1064/1064/1064 1062/1062/1062 1063/1063/1063
f 1065/1065/1065 1064/1064/1064 1063/1063/1063
f 1061/1061/1061 1065/1065/1065 1063/1063/1063
f 1067/1067/1067 1066/1066/1066 1068/1068/1068
f 1066/1066/1066 1069/1069/1069 1068/1068/1068
f 1069/1069/1069 1070/1070/1070 1068/1068/1068
f 1070/1070/1070 1067/1067/1067 1068/1068/1068
f 1072/1072/1072 1071/1071/1071 1073/1073/1073
f 1074/1074/1074 1072/1072/1072 1073/1073/1073
f 1075/1075/1075 1074/1074/1074 1073/1073/1073
f 1071/1071/1071 1075/1075/1075 1073/1073/1073
f 1077/1077/1077 1076/1076/1076 1078/1078/1078
f 1076/1076/1076 1079/1079/1079 1078/1078/1078
f 1079/1079/1079 1080/1080/1080 1078/1078/1078
f 1080/1080/1080 1077/1077/1077 1078/1078/1078
f 1082/1082/1082 1081/1081/1081 1083/1083/1083
f 1084/1084/1084 1082/1082/1082 1083/1083/1083
f 1085/1085/1085 1084/1084/1084 1083/1083/1083
f 1081/1081/1081 1085/1085/1085 1083/1083/1083
f 1087/1087/1087 1086/1086/1086 1088/1088/1088
f 1086/1086/1086 1089/1089/1089 1088/1088/1088
f 1089/1089/1089 1090/1090/1090 1088/1088/1088
f 1090/1090/1090 1087/1087/1087 1088/1088/1088
f 1092/1092/1092 1091/1091/1091 1093/1093/1093
f 1094/1094/1094 1092/1092/1092 1093/1093/1093
f 1095/1095/1095 1094/1094/1094 1093/1093/1093
f 1091/1091/1091 1095/1095/1095 1093/1093/1093
f 1097/1097/1097 1096/1096/1096 1098/1098/1098
f 1096/1096/1096 1099/1099/1099 1098/1098/1098
f 1099/1099/1099 1100/1100/1100 1098/1098/1098
f 1100/1100/1100 1097/1097/1097 1098/1098/1098
f 1102/1102/1102 1101/1101/1101 1103/1103/1103
f 1104/1104/1104 1102/1102/1102 1103/1103/1103
f 1105/1105/1105 1104/1104/1104 1103/1103/1103
f 1101/1101/1101 1105/1105/1105 1103/1103/1103
f 1107/1107/1107 1106/1106/1106 1108/1108/1108
f 1106/1106/1106 1109/1109/1109 1108/1108/1108
f 1109/1109/1109 1110/1110/1110 1108/1108/1108
f 1110/1110/1110 1107/1107/1107 1108/1108/1108
f 1112/1112/1112 1111/1111/1111 1113/1113/1113
f 1114/1114/1114 1112/1112/1112 1113/1113/1113
f 1115/1115/1115 1114/1114/1114 1113/1113/1113
f 1111/1111/1111 1115/1115/1115 1113/1113/1113
f 1117/1117/1117 1116/1116/1116 1118/1118/1118
f 1116/1116/1116 1119/1119/1119 1118/1118/1118
f 1119/1119/1119 1120/1120/1120 1118/1118/1118
f 1120/1120/1120 1117/1117/1117 1118/1118/1118

