// Created by Tree IT
mtllib Resinwood_Tree_branches.mtl
o tree
# Position
v -0.66324 21.40705 -0.78652 0.49412 0.50588 0.49804 1.00000
v -0.51172 21.52642 -0.48872 0.49412 0.50588 0.49804 1.00000
v -0.64919 23.00883 -0.22207 0.49412 0.50588 0.49804 1.00000
v -0.80288 23.10199 -0.47104 0.49412 0.50588 0.49804 1.00000
v -1.49444 23.19629 0.28500 0.49412 0.50588 0.49804 1.00000
v -1.30248 23.11703 0.46798 0.49412 0.50588 0.49804 1.00000
v -1.69409 21.69502 0.49830 0.49412 0.50588 0.49804 1.00000
v -1.93426 21.58522 0.27020 0.49412 0.50588 0.49804 1.00000
v -0.89163 20.28580 0.17978 0.49412 0.50588 0.49804 1.00000
v -0.77910 20.56090 0.36345 0.49412 0.50588 0.49804 1.00000
v -0.51172 21.52642 -0.48872 0.49412 0.50588 0.49804 1.00000
v -0.66324 21.40705 -0.78652 0.49412 0.50588 0.49804 1.00000
v -0.23417 21.70510 0.04913 0.49412 0.50588 0.49804 1.00000
v -0.35649 22.87734 0.24525 0.49412 0.50588 0.49804 1.00000
v -0.93462 23.01667 0.82366 0.49412 0.50588 0.49804 1.00000
v -1.26217 21.86888 0.90537 0.49412 0.50588 0.49804 1.00000
v -0.53437 20.96426 0.73312 0.49412 0.50588 0.49804 1.00000
v -0.23417 21.70510 0.04913 0.49412 0.50588 0.49804 1.00000
v -0.03086 21.83160 0.44531 0.49412 0.50588 0.49804 1.00000
v -0.13981 22.78388 0.59165 0.49412 0.50588 0.49804 1.00000
v -0.66035 22.94765 1.08776 0.49412 0.50588 0.49804 1.00000
v -0.94381 21.99398 1.20284 0.49412 0.50588 0.49804 1.00000
v -0.34909 21.24958 1.00981 0.49412 0.50588 0.49804 1.00000
v -0.03086 21.83160 0.44531 0.49412 0.50588 0.49804 1.00000
v 0.27693 21.99948 1.02793 0.49412 0.50588 0.49804 1.00000
v 0.19047 22.67143 1.11090 0.49412 0.50588 0.49804 1.00000
v -0.24811 22.87135 1.49414 0.49412 0.50588 0.49804 1.00000
v -0.47845 22.16422 1.64482 0.49412 0.50588 0.49804 1.00000
v -0.05324 21.61851 1.43892 0.49412 0.50588 0.49804 1.00000
v 0.27693 21.99948 1.02793 0.49412 0.50588 0.49804 1.00000
v 0.59829 22.14100 1.59290 0.49412 0.50588 0.49804 1.00000
v 0.53202 22.60425 1.62803 0.49412 0.50588 0.49804 1.00000
v 0.15922 22.83444 1.91945 0.49412 0.50588 0.49804 1.00000
v -0.03398 22.31009 2.09135 0.49412 0.50588 0.49804 1.00000
v 0.26634 21.90843 1.88746 0.49412 0.50588 0.49804 1.00000
v 0.59829 22.14100 1.59290 0.49412 0.50588 0.49804 1.00000
v 2.14272 21.84092 3.64425 0.49412 0.50588 0.49804 1.00000
v 2.25867 22.32116 3.64432 0.49412 0.50588 0.49804 1.00000
v 1.93985 22.42283 3.91549 0.49412 0.50588 0.49804 1.00000
v 1.64646 22.21082 4.10674 0.49412 0.50588 0.49804 1.00000
v 1.81858 21.90083 3.91166 0.49412 0.50588 0.49804 1.00000
v 2.14272 21.84092 3.64425 0.49412 0.50588 0.49804 1.00000
v 3.39211 21.45637 5.53099 0.49412 0.50588 0.49804 1.00000
v 3.54135 21.77624 5.49519 0.49412 0.50588 0.49804 1.00000
v 3.39596 22.13942 5.68752 0.49412 0.50588 0.49804 1.00000
v 3.08416 21.86307 5.85378 0.49412 0.50588 0.49804 1.00000
v 3.09343 21.48911 5.75965 0.49412 0.50588 0.49804 1.00000
v 3.39211 21.45637 5.53099 0.49412 0.50588 0.49804 1.00000
v 4.51752 21.22932 7.45199 0.49412 0.50588 0.49804 1.00000
v 4.71252 21.43748 7.35865 0.49412 0.50588 0.49804 1.00000
v 4.63036 21.80110 7.45255 0.49412 0.50588 0.49804 1.00000
v 4.33337 21.62973 7.61231 0.49412 0.50588 0.49804 1.00000
v 4.20616 21.27885 7.64719 0.49412 0.50588 0.49804 1.00000
v 4.51752 21.22932 7.45199 0.49412 0.50588 0.49804 1.00000
v 5.40264 20.69645 9.80175 0.49412 0.50588 0.49804 1.00000
v 5.64396 20.88160 9.75012 0.49412 0.50588 0.49804 1.00000
v 5.62901 21.18418 9.81407 0.49412 0.50588 0.49804 1.00000
v 5.30901 21.22952 9.93882 0.49412 0.50588 0.49804 1.00000
v 5.24583 20.92539 9.90287 0.49412 0.50588 0.49804 1.00000
v 5.40264 20.69645 9.80175 0.49412 0.50588 0.49804 1.00000
v 5.64617 19.79561 12.06960 0.49412 0.50588 0.49804 1.00000
v 5.91024 19.83262 12.07543 0.49412 0.50588 0.49804 1.00000
v 6.01107 20.04515 12.19531 0.49412 0.50588 0.49804 1.00000
v 5.78149 20.12116 12.25441 0.49412 0.50588 0.49804 1.00000
v 5.57303 20.02090 12.20767 0.49412 0.50588 0.49804 1.00000
v 5.64617 19.79561 12.06960 0.49412 0.50588 0.49804 1.00000
v 5.89668 19.57329 13.91116 0.49412 0.50588 0.49804 1.00000
v 6.11085 19.50127 13.88226 0.49412 0.50588 0.49804 1.00000
v 6.22252 19.71407 13.90277 0.49412 0.50588 0.49804 1.00000
v 6.05693 19.84304 13.93552 0.49412 0.50588 0.49804 1.00000
v 5.89440 19.76305 13.93832 0.49412 0.50588 0.49804 1.00000
v 5.89668 19.57329 13.91116 0.49412 0.50588 0.49804 1.00000
v 5.89808 19.37670 15.63215 0.49412 0.50588 0.49804 1.00000
v 6.01896 19.32601 15.63104 0.49412 0.50588 0.49804 1.00000
v 6.13021 19.40799 15.64759 0.49412 0.50588 0.49804 1.00000
v 6.06231 19.54491 15.66304 0.49412 0.50588 0.49804 1.00000
v 5.88546 19.54568 15.65464 0.49412 0.50588 0.49804 1.00000
v 5.89808 19.37670 15.63215 0.49412 0.50588 0.49804 1.00000
v 5.65530 19.30498 17.26643 0.49412 0.50588 0.49804 1.00000
v 5.76732 19.21842 17.28449 0.49412 0.50588 0.49804 1.00000
v 5.90569 19.27048 17.30904 0.49412 0.50588 0.49804 1.00000
v 5.86757 19.42453 17.30466 0.49412 0.50588 0.49804 1.00000
v 5.70126 19.47425 17.27673 0.49412 0.50588 0.49804 1.00000
v 5.65530 19.30498 17.26643 0.49412 0.50588 0.49804 1.00000
v 5.08512 19.87724 18.96739 0.49412 0.50588 0.49804 1.00000
v 5.15680 19.72274 19.04566 0.49412 0.50588 0.49804 1.00000
v 5.30749 19.79829 19.07210 0.49412 0.50588 0.49804 1.00000
v 5.36216 19.94994 19.03882 0.49412 0.50588 0.49804 1.00000
v 5.21025 19.98914 18.97238 0.49412 0.50588 0.49804 1.00000
v 5.08512 19.87724 18.96739 0.49412 0.50588 0.49804 1.00000
v 4.59008 21.06305 20.33227 0.49412 0.50588 0.49804 1.00000
v 4.59008 21.06305 20.33227 0.49412 0.50588 0.49804 1.00000
v 4.59008 21.06305 20.33227 0.49412 0.50588 0.49804 1.00000
v -1.44650 20.42621 -0.61166 0.49412 0.50588 0.49804 1.00000
v -1.12399 20.60708 -0.56317 0.49412 0.50588 0.49804 1.00000
v -1.02758 22.15469 -0.42161 0.49412 0.50588 0.49804 1.00000
v -1.30195 22.19883 -0.46348 0.49412 0.50588 0.49804 1.00000
v -1.07261 22.37424 0.54578 0.49412 0.50588 0.49804 1.00000
v -0.84135 22.33508 0.51902 0.49412 0.50588 0.49804 1.00000
v -0.97664 20.90927 0.98866 0.49412 0.50588 0.49804 1.00000
v -1.27727 20.75616 1.05128 0.49412 0.50588 0.49804 1.00000
v -0.73153 19.37335 0.22072 0.49412 0.50588 0.49804 1.00000
v -0.52972 19.70199 0.22428 0.49412 0.50588 0.49804 1.00000
v -1.12399 20.60708 -0.56317 0.49412 0.50588 0.49804 1.00000
v -1.44650 20.42621 -0.61166 0.49412 0.50588 0.49804 1.00000
v -0.53830 20.89335 -0.47696 0.49412 0.50588 0.49804 1.00000
v -0.50685 22.11221 -0.35403 0.49412 0.50588 0.49804 1.00000
v -0.39007 22.30705 0.46151 0.49412 0.50588 0.49804 1.00000
v -0.43767 21.15902 0.87535 0.49412 0.50588 0.49804 1.00000
v -0.10865 20.19913 0.22360 0.49412 0.50588 0.49804 1.00000
v -0.53830 20.89335 -0.47696 0.49412 0.50588 0.49804 1.00000
v -0.10737 21.09820 -0.41251 0.49412 0.50588 0.49804 1.00000
v -0.12024 22.08401 -0.30473 0.49412 0.50588 0.49804 1.00000
v -0.05353 22.29084 0.41673 0.49412 0.50588 0.49804 1.00000
v -0.04222 21.33911 0.79027 0.49412 0.50588 0.49804 1.00000
v 0.20814 20.55257 0.22184 0.49412 0.50588 0.49804 1.00000
v -0.10737 21.09820 -0.41251 0.49412 0.50588 0.49804 1.00000
v 0.53171 21.38132 -0.32303 0.49412 0.50588 0.49804 1.00000
v 0.46256 22.06922 -0.23879 0.49412 0.50588 0.49804 1.00000
v 0.46009 22.29399 0.35099 0.49412 0.50588 0.49804 1.00000
v 0.54141 21.59148 0.67155 0.49412 0.50588 0.49804 1.00000
v 0.70674 21.02257 0.21687 0.49412 0.50588 0.49804 1.00000
v 0.53171 21.38132 -0.32303 0.49412 0.50588 0.49804 1.00000
v 1.16456 21.63770 -0.25091 0.49412 0.50588 0.49804 1.00000
v 1.04772 22.10137 -0.18732 0.49412 0.50588 0.49804 1.00000
v 0.98397 22.33953 0.29580 0.49412 0.50588 0.49804 1.00000
v 1.11714 21.82291 0.57576 0.49412 0.50588 0.49804 1.00000
v 1.23748 21.41578 0.21131 0.49412 0.50588 0.49804 1.00000
v 1.16456 21.63770 -0.25091 0.49412 0.50588 0.49804 1.00000
v 3.67298 22.39107 0.00952 0.49412 0.50588 0.49804 1.00000
v 3.51157 22.86596 -0.08635 0.49412 0.50588 0.49804 1.00000
v 3.42425 22.94951 0.34214 0.49412 0.50588 0.49804 1.00000
v 3.45802 22.72787 0.70102 0.49412 0.50588 0.49804 1.00000
v 3.60043 22.43356 0.44013 0.49412 0.50588 0.49804 1.00000
v 3.67298 22.39107 0.00952 0.49412 0.50588 0.49804 1.00000
v 6.17330 23.27331 0.84636 0.49412 0.50588 0.49804 1.00000
v 6.09141 23.60682 0.71209 0.49412 0.50588 0.49804 1.00000
v 5.90085 23.94040 0.95225 0.49412 0.50588 0.49804 1.00000
v 5.91492 23.62608 1.29630 0.49412 0.50588 0.49804 1.00000
v 6.06761 23.26248 1.22412 0.49412 0.50588 0.49804 1.00000
v 6.17330 23.27331 0.84636 0.49412 0.50588 0.49804 1.00000
v 8.02757 23.50628 1.72958 0.49412 0.50588 0.49804 1.00000
v 8.12772 23.83858 1.48993 0.49412 0.50588 0.49804 1.00000
v 8.02152 24.17819 1.70892 0.49412 0.50588 0.49804 1.00000
v 7.90812 23.97816 1.97132 0.49412 0.50588 0.49804 1.00000
v 7.87644 23.67028 2.05742 0.49412 0.50588 0.49804 1.00000
v 8.02757 23.50628 1.72958 0.49412 0.50588 0.49804 1.00000
v 10.36556 23.42994 2.68000 0.49412 0.50588 0.49804 1.00000
v 10.47188 23.56175 2.41727 0.49412 0.50588 0.49804 1.00000
v 10.48117 23.85100 2.58876 0.49412 0.50588 0.49804 1.00000
v 10.39112 23.78156 2.84082 0.49412 0.50588 0.49804 1.00000
v 10.34120 23.56672 2.85710 0.49412 0.50588 0.49804 1.00000
v 10.36556 23.42994 2.68000 0.49412 0.50588 0.49804 1.00000
v 12.14350 23.08216 3.35543 0.49412 0.50588 0.49804 1.00000
v 12.23463 23.23310 3.13629 0.49412 0.50588 0.49804 1.00000
v 12.24700 23.51068 3.15404 0.49412 0.50588 0.49804 1.00000
v 12.15555 23.49940 3.39987 0.49412 0.50588 0.49804 1.00000
v 12.09164 23.30148 3.53654 0.49412 0.50588 0.49804 1.00000
v 12.14350 23.08216 3.35543 0.49412 0.50588 0.49804 1.00000
v 14.15259 23.01431 4.41113 0.49412 0.50588 0.49804 1.00000
v 14.26232 23.03330 4.19663 0.49412 0.50588 0.49804 1.00000
v 14.28854 23.28776 4.19059 0.49412 0.50588 0.49804 1.00000
v 14.19462 23.34468 4.38740 0.49412 0.50588 0.49804 1.00000
v 14.12802 23.19875 4.49326 0.49412 0.50588 0.49804 1.00000
v 14.15259 23.01431 4.41113 0.49412 0.50588 0.49804 1.00000
v 15.55042 23.03626 5.46463 0.49412 0.50588 0.49804 1.00000
v 15.66270 23.05843 5.33974 0.49412 0.50588 0.49804 1.00000
v 15.71307 23.17504 5.27377 0.49412 0.50588 0.49804 1.00000
v 15.63553 23.31853 5.34521 0.49412 0.50588 0.49804 1.00000
v 15.53663 23.21954 5.46262 0.49412 0.50588 0.49804 1.00000
v 15.55042 23.03626 5.46463 0.49412 0.50588 0.49804 1.00000
v 16.79083 23.47623 7.04150 0.49412 0.50588 0.49804 1.00000
v 16.96441 23.41291 6.97295 0.49412 0.50588 0.49804 1.00000
v 17.04247 23.55854 6.87022 0.49412 0.50588 0.49804 1.00000
v 16.91616 23.67234 6.89214 0.49412 0.50588 0.49804 1.00000
v 16.76656 23.66060 6.97862 0.49412 0.50588 0.49804 1.00000
v 16.79083 23.47623 7.04150 0.49412 0.50588 0.49804 1.00000
v 17.27580 24.53795 8.56679 0.49412 0.50588 0.49804 1.00000
v 17.42233 24.46826 8.57615 0.49412 0.50588 0.49804 1.00000
v 17.52903 24.56409 8.48212 0.49412 0.50588 0.49804 1.00000
v 17.41477 24.65435 8.45013 0.49412 0.50588 0.49804 1.00000
v 17.28044 24.66680 8.47693 0.49412 0.50588 0.49804 1.00000
v 17.27580 24.53795 8.56679 0.49412 0.50588 0.49804 1.00000
v 17.68406 25.84793 9.89358 0.49412 0.50588 0.49804 1.00000
v 17.68406 25.84793 9.89358 0.49412 0.50588 0.49804 1.00000
v 17.68406 25.84793 9.89358 0.49412 0.50588 0.49804 1.00000
v -1.82433 21.37865 -0.02895 0.49412 0.50588 0.49804 1.00000
v -1.54292 21.58490 -0.20271 0.49412 0.50588 0.49804 1.00000
v -1.41830 23.11682 -0.24902 0.49412 0.50588 0.49804 1.00000
v -1.66405 23.13611 -0.11859 0.49412 0.50588 0.49804 1.00000
v -0.85439 23.35741 0.46170 0.49412 0.50588 0.49804 1.00000
v -0.68743 23.33635 0.31221 0.49412 0.50588 0.49804 1.00000
v -0.46148 22.00611 0.83432 0.49412 0.50588 0.49804 1.00000
v -0.65348 21.85064 1.07208 0.49412 0.50588 0.49804 1.00000
v -0.76802 20.41672 0.18032 0.49412 0.50588 0.49804 1.00000
v -0.60435 20.75841 0.04266 0.49412 0.50588 0.49804 1.00000
v -1.54292 21.58490 -0.20271 0.49412 0.50588 0.49804 1.00000
v -1.82433 21.37865 -0.02895 0.49412 0.50588 0.49804 1.00000
v -1.03283 21.91387 -0.51959 0.49412 0.50588 0.49804 1.00000
v -0.96233 23.11615 -0.51108 0.49412 0.50588 0.49804 1.00000
v -0.36878 23.33711 0.00968 0.49412 0.50588 0.49804 1.00000
v -0.11921 22.26253 0.40873 0.49412 0.50588 0.49804 1.00000
v -0.27311 21.27871 -0.24404 0.49412 0.50588 0.49804 1.00000
v -1.03283 21.91387 -0.51959 0.49412 0.50588 0.49804 1.00000
v -0.65697 22.14958 -0.75219 0.49412 0.50588 0.49804 1.00000
v -0.62466 23.11827 -0.70710 0.49412 0.50588 0.49804 1.00000
v -0.13266 23.34142 -0.21826 0.49412 0.50588 0.49804 1.00000
v 0.13054 22.44756 0.09501 0.49412 0.50588 0.49804 1.00000
v -0.02543 21.64883 -0.46020 0.49412 0.50588 0.49804 1.00000
v -0.65697 22.14958 -0.75219 0.49412 0.50588 0.49804 1.00000
v -0.10285 22.47724 -1.10079 0.49412 0.50588 0.49804 1.00000
v -0.12263 23.14684 -1.01114 0.49412 0.50588 0.49804 1.00000
v 0.22696 23.37344 -0.56704 0.49412 0.50588 0.49804 1.00000
v 0.50274 22.70958 -0.36137 0.49412 0.50588 0.49804 1.00000
v 0.36140 22.14444 -0.79802 0.49412 0.50588 0.49804 1.00000
v -0.10285 22.47724 -1.10079 0.49412 0.50588 0.49804 1.00000
v 0.43694 22.77719 -1.45569 0.49412 0.50588 0.49804 1.00000
v 0.36964 23.22009 -1.32946 0.49412 0.50588 0.49804 1.00000
v 0.59745 23.44664 -0.91666 0.49412 0.50588 0.49804 1.00000
v 0.88241 22.95535 -0.79246 0.49412 0.50588 0.49804 1.00000
v 0.77223 22.56609 -1.15108 0.49412 0.50588 0.49804 1.00000
v 0.43694 22.77719 -1.45569 0.49412 0.50588 0.49804 1.00000
v 2.68327 23.33479 -2.73837 0.49412 0.50588 0.49804 1.00000
v 2.58269 23.81652 -2.75934 0.49412 0.50588 0.49804 1.00000
v 2.76749 23.89612 -2.37996 0.49412 0.50588 0.49804 1.00000
v 2.95726 23.66767 -2.09997 0.49412 0.50588 0.49804 1.00000
v 2.87395 23.37281 -2.36248 0.49412 0.50588 0.49804 1.00000
v 2.68327 23.33479 -2.73837 0.49412 0.50588 0.49804 1.00000
v 4.71207 23.38536 -3.65670 0.49412 0.50588 0.49804 1.00000
v 4.67610 23.72124 -3.76168 0.49412 0.50588 0.49804 1.00000
v 4.82019 24.06551 -3.53894 0.49412 0.50588 0.49804 1.00000
v 4.95868 23.75380 -3.24964 0.49412 0.50588 0.49804 1.00000
v 4.89280 23.38277 -3.32648 0.49412 0.50588 0.49804 1.00000
v 4.71207 23.38536 -3.65670 0.49412 0.50588 0.49804 1.00000
v 6.49811 23.14932 -4.84126 0.49412 0.50588 0.49804 1.00000
v 6.41160 23.38862 -4.99868 0.49412 0.50588 0.49804 1.00000
v 6.55843 23.72527 -4.88909 0.49412 0.50588 0.49804 1.00000
v 6.72582 23.50200 -4.63536 0.49412 0.50588 0.49804 1.00000
v 6.72965 23.13741 -4.55330 0.49412 0.50588 0.49804 1.00000
v 6.49811 23.14932 -4.84126 0.49412 0.50588 0.49804 1.00000
v 8.01042 22.81370 -6.33222 0.49412 0.50588 0.49804 1.00000
v 7.88939 23.05606 -6.47792 0.49412 0.50588 0.49804 1.00000
v 7.99801 23.34091 -6.42940 0.49412 0.50588 0.49804 1.00000
v 8.25217 23.29727 -6.19962 0.49412 0.50588 0.49804 1.00000
v 8.20153 22.98969 -6.19363 0.49412 0.50588 0.49804 1.00000
v 8.01042 22.81370 -6.33222 0.49412 0.50588 0.49804 1.00000
v 9.78656 22.71108 -8.05603 0.49412 0.50588 0.49804 1.00000
v 9.61953 22.84205 -8.21622 0.49412 0.50588 0.49804 1.00000
v 9.58191 23.10058 -8.18399 0.49412 0.50588 0.49804 1.00000
v 9.74139 23.10043 -7.99379 0.49412 0.50588 0.49804 1.00000
v 9.86387 22.92237 -7.90078 0.49412 0.50588 0.49804 1.00000
v 9.78656 22.71108 -8.05603 0.49412 0.50588 0.49804 1.00000
v 11.68718 23.42842 -9.20140 0.49412 0.50588 0.49804 1.00000
v 11.58878 23.45477 -9.40439 0.49412 0.50588 0.49804 1.00000
v 11.49365 23.67279 -9.36914 0.49412 0.50588 0.49804 1.00000
v 11.55689 23.71222 -9.17089 0.49412 0.50588 0.49804 1.00000
v 11.65514 23.58237 -9.09273 0.49412 0.50588 0.49804 1.00000
v 11.68718 23.42842 -9.20140 0.49412 0.50588 0.49804 1.00000
v 13.09813 24.48992 -9.57552 0.49412 0.50588 0.49804 1.00000
v 13.05474 24.50813 -9.69745 0.49412 0.50588 0.49804 1.00000
v 12.96629 24.61112 -9.72621 0.49412 0.50588 0.49804 1.00000
v 12.94978 24.67360 -9.58736 0.49412 0.50588 0.49804 1.00000
v 13.04094 24.59776 -9.45659 0.49412 0.50588 0.49804 1.00000
v 13.09813 24.48992 -9.57552 0.49412 0.50588 0.49804 1.00000
v 14.35150 25.61718 -9.83483 0.49412 0.50588 0.49804 1.00000
v 14.32189 25.61354 -9.97395 0.49412 0.50588 0.49804 1.00000
v 14.22243 25.70555 -10.03692 0.49412 0.50588 0.49804 1.00000
v 14.18321 25.78245 -9.90424 0.49412 0.50588 0.49804 1.00000
v 14.25833 25.74003 -9.75165 0.49412 0.50588 0.49804 1.00000
v 14.35150 25.61718 -9.83483 0.49412 0.50588 0.49804 1.00000
v 15.87360 26.82072 -10.01371 0.49412 0.50588 0.49804 1.00000
v 15.88672 26.76700 -10.19222 0.49412 0.50588 0.49804 1.00000
v 15.78191 26.89068 -10.24382 0.49412 0.50588 0.49804 1.00000
v 15.70282 27.00897 -10.16207 0.49412 0.50588 0.49804 1.00000
v 15.77032 26.95247 -10.01679 0.49412 0.50588 0.49804 1.00000
v 15.87360 26.82072 -10.01371 0.49412 0.50588 0.49804 1.00000
v 17.43083 27.89655 -9.89762 0.49412 0.50588 0.49804 1.00000
v 17.43083 27.89655 -9.89762 0.49412 0.50588 0.49804 1.00000
v 17.43083 27.89655 -9.89762 0.49412 0.50588 0.49804 1.00000
v -1.43897 19.59747 0.83512 0.49412 0.50588 0.49804 1.00000
v -1.42039 19.77587 0.50851 0.49412 0.50588 0.49804 1.00000
v -1.37809 21.36358 0.19945 0.49412 0.50588 0.49804 1.00000
v -1.41424 21.41418 0.44266 0.49412 0.50588 0.49804 1.00000
v -0.41841 21.59943 0.08635 0.49412 0.50588 0.49804 1.00000
v -0.44447 21.55276 -0.10358 0.49412 0.50588 0.49804 1.00000
v 0.13510 20.17664 0.16301 0.49412 0.50588 0.49804 1.00000
v 0.22294 20.05037 0.44946 0.49412 0.50588 0.49804 1.00000
v -0.61805 18.49270 0.17050 0.49412 0.50588 0.49804 1.00000
v -0.63962 18.82602 -0.05197 0.49412 0.50588 0.49804 1.00000
v -1.42039 19.77587 0.50851 0.49412 0.50588 0.49804 1.00000
v -1.43897 19.59747 0.83512 0.49412 0.50588 0.49804 1.00000
v -1.38847 20.05161 -0.08216 0.49412 0.50588 0.49804 1.00000
v -1.32786 21.30455 -0.27087 0.49412 0.50588 0.49804 1.00000
v -0.50844 21.50431 -0.48507 0.49412 0.50588 0.49804 1.00000
v -0.02303 20.37951 -0.34731 0.49412 0.50588 0.49804 1.00000
v -0.69009 19.31927 -0.49926 0.49412 0.50588 0.49804 1.00000
v -1.38847 20.05161 -0.08216 0.49412 0.50588 0.49804 1.00000
v -1.36419 20.24762 -0.51661 0.49412 0.50588 0.49804 1.00000
v -1.29223 21.26333 -0.62126 0.49412 0.50588 0.49804 1.00000
v -0.55890 21.47189 -0.77091 0.49412 0.50588 0.49804 1.00000
v -0.14110 20.52490 -0.72128 0.49412 0.50588 0.49804 1.00000
v -0.72937 19.66772 -0.83395 0.49412 0.50588 0.49804 1.00000
v -1.36419 20.24762 -0.51661 0.49412 0.50588 0.49804 1.00000
v -1.33334 20.51577 -1.15894 0.49412 0.50588 0.49804 1.00000
v -1.25012 21.22769 -1.15327 0.49412 0.50588 0.49804 1.00000
v -0.63736 21.44872 -1.21220 0.49412 0.50588 0.49804 1.00000
v -0.30775 20.72862 -1.27172 0.49412 0.50588 0.49804 1.00000
v -0.79073 20.12593 -1.35294 0.49412 0.50588 0.49804 1.00000
v -1.33334 20.51577 -1.15894 0.49412 0.50588 0.49804 1.00000
v -1.31650 20.75726 -1.79138 0.49412 0.50588 0.49804 1.00000
v -1.22660 21.23893 -1.69139 0.49412 0.50588 0.49804 1.00000
v -0.71096 21.46752 -1.66833 0.49412 0.50588 0.49804 1.00000
v -0.44891 20.91850 -1.81321 0.49412 0.50588 0.49804 1.00000
v -0.85071 20.50549 -1.89555 0.49412 0.50588 0.49804 1.00000
v -1.31650 20.75726 -1.79138 0.49412 0.50588 0.49804 1.00000
v -1.10606 21.22639 -4.20456 0.49412 0.50588 0.49804 1.00000
v -1.14702 21.75767 -4.11562 0.49412 0.50588 0.49804 1.00000
v -0.68411 21.80829 -4.04504 0.49412 0.50588 0.49804 1.00000
v -0.33337 21.53010 -4.04781 0.49412 0.50588 0.49804 1.00000
v -0.64611 21.23166 -4.14244 0.49412 0.50588 0.49804 1.00000
v -1.10606 21.22639 -4.20456 0.49412 0.50588 0.49804 1.00000
v -0.52031 21.22743 -6.69501 0.49412 0.50588 0.49804 1.00000
v -0.59529 21.61245 -6.71720 0.49412 0.50588 0.49804 1.00000
v -0.26460 21.95920 -6.65857 0.49412 0.50588 0.49804 1.00000
v 0.04172 21.57405 -6.59071 0.49412 0.50588 0.49804 1.00000
v -0.11333 21.17669 -6.61368 0.49412 0.50588 0.49804 1.00000
v -0.52031 21.22743 -6.69501 0.49412 0.50588 0.49804 1.00000
v -0.20026 20.81321 -8.56653 0.49412 0.50588 0.49804 1.00000
v -0.41481 21.20104 -8.66688 0.49412 0.50588 0.49804 1.00000
v -0.09552 21.51555 -8.70938 0.49412 0.50588 0.49804 1.00000
v 0.17078 21.26124 -8.63368 0.49412 0.50588 0.49804 1.00000
v 0.21175 20.92590 -8.55831 0.49412 0.50588 0.49804 1.00000
v -0.20026 20.81321 -8.56653 0.49412 0.50588 0.49804 1.00000
v -0.19555 20.46968 -10.99379 0.49412 0.50588 0.49804 1.00000
v -0.46706 20.67438 -10.99445 0.49412 0.50588 0.49804 1.00000
v -0.23671 20.94529 -11.08082 0.49412 0.50588 0.49804 1.00000
v 0.03186 20.81037 -11.09338 0.49412 0.50588 0.49804 1.00000
v 0.01942 20.57491 -11.04553 0.49412 0.50588 0.49804 1.00000
v -0.19555 20.46968 -10.99379 0.49412 0.50588 0.49804 1.00000
v -0.37597 20.41673 -12.97814 0.49412 0.50588 0.49804 1.00000
v -0.58123 20.64243 -12.95262 0.49412 0.50588 0.49804 1.00000
v -0.49062 20.93141 -12.96297 0.49412 0.50588 0.49804 1.00000
v -0.22002 20.84580 -12.99611 0.49412 0.50588 0.49804 1.00000
v -0.11851 20.59501 -13.00906 0.49412 0.50588 0.49804 1.00000
v -0.37597 20.41673 -12.97814 0.49412 0.50588 0.49804 1.00000
v -0.17885 20.58911 -15.29501 0.49412 0.50588 0.49804 1.00000
v -0.39891 20.67971 -15.30598 0.49412 0.50588 0.49804 1.00000
v -0.33838 20.92440 -15.29685 0.49412 0.50588 0.49804 1.00000
v -0.11693 20.91216 -15.28402 0.49412 0.50588 0.49804 1.00000
v -0.04420 20.73722 -15.28368 0.49412 0.50588 0.49804 1.00000
v -0.17885 20.58911 -15.29501 0.49412 0.50588 0.49804 1.00000
v 0.54623 20.84737 -16.95715 0.49412 0.50588 0.49804 1.00000
v 0.40275 20.94258 -17.02418 0.49412 0.50588 0.49804 1.00000
v 0.36091 21.09266 -17.01399 0.49412 0.50588 0.49804 1.00000
v 0.49353 21.18675 -16.90777 0.49412 0.50588 0.49804 1.00000
v 0.60313 21.02291 -16.87872 0.49412 0.50588 0.49804 1.00000
v 0.54623 20.84737 -16.95715 0.49412 0.50588 0.49804 1.00000
v 1.86273 21.42211 -18.55138 0.49412 0.50588 0.49804 1.00000
v 1.71175 21.44795 -18.70079 0.49412 0.50588 0.49804 1.00000
v 1.63785 21.64494 -18.68176 0.49412 0.50588 0.49804 1.00000
v 1.74539 21.69824 -18.53950 0.49412 0.50588 0.49804 1.00000
v 1.87780 21.60535 -18.44356 0.49412 0.50588 0.49804 1.00000
v 1.86273 21.42211 -18.55138 0.49412 0.50588 0.49804 1.00000
v 3.04597 22.17712 -19.45061 0.49412 0.50588 0.49804 1.00000
v 2.94776 22.16507 -19.59426 0.49412 0.50588 0.49804 1.00000
v 2.84317 22.31640 -19.60021 0.49412 0.50588 0.49804 1.00000
v 2.91165 22.36502 -19.46402 0.49412 0.50588 0.49804 1.00000
v 3.01329 22.31988 -19.36695 0.49412 0.50588 0.49804 1.00000
v 3.04597 22.17712 -19.45061 0.49412 0.50588 0.49804 1.00000
v 4.37777 23.18570 -20.45520 0.49412 0.50588 0.49804 1.00000
v 4.28206 23.17808 -20.58115 0.49412 0.50588 0.49804 1.00000
v 4.19617 23.27315 -20.59203 0.49412 0.50588 0.49804 1.00000
v 4.17589 23.39833 -20.49164 0.49412 0.50588 0.49804 1.00000
v 4.30317 23.32304 -20.40977 0.49412 0.50588 0.49804 1.00000
v 4.37777 23.18570 -20.45520 0.49412 0.50588 0.49804 1.00000
v 5.53066 24.17281 -21.60856 0.49412 0.50588 0.49804 1.00000
v 5.53066 24.17281 -21.60856 0.49412 0.50588 0.49804 1.00000
v 5.53066 24.17281 -21.60856 0.49412 0.50588 0.49804 1.00000
v -0.95405 20.18781 1.03113 0.49412 0.50588 0.49804 1.00000
v -1.14513 20.35017 0.76342 0.49412 0.50588 0.49804 1.00000
v -1.29084 21.93000 0.49057 0.49412 0.50588 0.49804 1.00000
v -1.15194 21.99620 0.70440 0.49412 0.50588 0.49804 1.00000
v -0.62245 22.22251 -0.19046 0.49412 0.50588 0.49804 1.00000
v -0.77518 22.15674 -0.32194 0.49412 0.50588 0.49804 1.00000
v -0.09863 20.85245 -0.39636 0.49412 0.50588 0.49804 1.00000
v 0.16539 20.75746 -0.21398 0.49412 0.50588 0.49804 1.00000
v -0.65931 19.16795 0.06500 0.49412 0.50588 0.49804 1.00000
v -0.82606 19.47398 -0.10446 0.49412 0.50588 0.49804 1.00000
v -1.14513 20.35017 0.76342 0.49412 0.50588 0.49804 1.00000
v -0.95405 20.18781 1.03113 0.49412 0.50588 0.49804 1.00000
v -1.49320 20.59423 0.27973 0.49412 0.50588 0.49804 1.00000
v -1.56931 21.84093 0.08748 0.49412 0.50588 0.49804 1.00000
v -1.08918 22.07430 -0.58465 0.49412 0.50588 0.49804 1.00000
v -0.56855 21.00516 -0.71858 0.49412 0.50588 0.49804 1.00000
v -1.16191 19.92105 -0.43653 0.49412 0.50588 0.49804 1.00000
v -1.49320 20.59423 0.27973 0.49412 0.50588 0.49804 1.00000
v -1.74854 20.76684 -0.07670 0.49412 0.50588 0.49804 1.00000
v -1.77721 21.77752 -0.21190 0.49412 0.50588 0.49804 1.00000
v -1.32601 22.01703 -0.78056 0.49412 0.50588 0.49804 1.00000
v -0.91424 21.11468 -0.95317 0.49412 0.50588 0.49804 1.00000
v -1.41363 20.23623 -0.68368 0.49412 0.50588 0.49804 1.00000
v -1.74854 20.76684 -0.07670 0.49412 0.50588 0.49804 1.00000
v -2.13146 20.99795 -0.60050 0.49412 0.50588 0.49804 1.00000
v -2.10076 21.70747 -0.65999 0.49412 0.50588 0.49804 1.00000
v -1.69202 21.95710 -1.08554 0.49412 0.50588 0.49804 1.00000
v -1.41719 21.26793 -1.30180 0.49412 0.50588 0.49804 1.00000
v -1.80277 20.64581 -1.06417 0.49412 0.50588 0.49804 1.00000
v -2.13146 20.99795 -0.60050 0.49412 0.50588 0.49804 1.00000
v -2.52230 21.19806 -1.10714 0.49412 0.50588 0.49804 1.00000
v -2.44310 21.68162 -1.10280 0.49412 0.50588 0.49804 1.00000
v -2.06579 21.93914 -1.40917 0.49412 0.50588 0.49804 1.00000
v -1.89490 21.41011 -1.65722 0.49412 0.50588 0.49804 1.00000
v -2.20577 20.97620 -1.46073 0.49412 0.50588 0.49804 1.00000
v -2.52230 21.19806 -1.10714 0.49412 0.50588 0.49804 1.00000
v -3.97964 21.35742 -3.15007 0.49412 0.50588 0.49804 1.00000
v -4.03028 21.87447 -3.09468 0.49412 0.50588 0.49804 1.00000
v -3.65022 21.96258 -3.32978 0.49412 0.50588 0.49804 1.00000
v -3.35221 21.71926 -3.52834 0.49412 0.50588 0.49804 1.00000
v -3.60058 21.40086 -3.38657 0.49412 0.50588 0.49804 1.00000
v -3.97964 21.35742 -3.15007 0.49412 0.50588 0.49804 1.00000
v -4.82234 21.34141 -5.16108 0.49412 0.50588 0.49804 1.00000
v -4.92816 21.70371 -5.13028 0.49412 0.50588 0.49804 1.00000
v -4.66751 22.06637 -5.26085 0.49412 0.50588 0.49804 1.00000
v -4.35491 21.72507 -5.38361 0.49412 0.50588 0.49804 1.00000
v -4.45346 21.32992 -5.32300 0.49412 0.50588 0.49804 1.00000
v -4.82234 21.34141 -5.16108 0.49412 0.50588 0.49804 1.00000
v -5.43626 21.35374 -7.18612 0.49412 0.50588 0.49804 1.00000
v -5.60972 21.62090 -7.12746 0.49412 0.50588 0.49804 1.00000
v -5.41608 21.98240 -7.19041 0.49412 0.50588 0.49804 1.00000
v -5.11298 21.72850 -7.29209 0.49412 0.50588 0.49804 1.00000
v -5.05728 21.32830 -7.31213 0.49412 0.50588 0.49804 1.00000
v -5.43626 21.35374 -7.18612 0.49412 0.50588 0.49804 1.00000
v -6.09941 21.39466 -9.13722 0.49412 0.50588 0.49804 1.00000
v -6.27168 21.66850 -9.05450 0.49412 0.50588 0.49804 1.00000
v -6.13619 21.97338 -9.08612 0.49412 0.50588 0.49804 1.00000
v -5.79217 21.90835 -9.22035 0.49412 0.50588 0.49804 1.00000
v -5.84868 21.57464 -9.22044 0.49412 0.50588 0.49804 1.00000
v -6.09941 21.39466 -9.13722 0.49412 0.50588 0.49804 1.00000
v -7.04429 21.63127 -11.35422 0.49412 0.50588 0.49804 1.00000
v -7.24496 21.81212 -11.24438 0.49412 0.50588 0.49804 1.00000
v -7.18604 22.09336 -11.21683 0.49412 0.50588 0.49804 1.00000
v -6.93767 22.05185 -11.32017 0.49412 0.50588 0.49804 1.00000
v -6.82781 21.83309 -11.40172 0.49412 0.50588 0.49804 1.00000
v -7.04429 21.63127 -11.35422 0.49412 0.50588 0.49804 1.00000
v -7.42102 21.89954 -13.61409 0.49412 0.50588 0.49804 1.00000
v -7.66153 21.97167 -13.60294 0.49412 0.50588 0.49804 1.00000
v -7.62247 22.23441 -13.58686 0.49412 0.50588 0.49804 1.00000
v -7.38837 22.24455 -13.59248 0.49412 0.50588 0.49804 1.00000
v -7.29432 22.06874 -13.60646 0.49412 0.50588 0.49804 1.00000
v -7.42102 21.89954 -13.61409 0.49412 0.50588 0.49804 1.00000
v -7.11609 22.08605 -15.38441 0.49412 0.50588 0.49804 1.00000
v -7.25030 22.13204 -15.41203 0.49412 0.50588 0.49804 1.00000
v -7.28368 22.28179 -15.40873 0.49412 0.50588 0.49804 1.00000
v -7.13230 22.34654 -15.36900 0.49412 0.50588 0.49804 1.00000
v -6.98737 22.21795 -15.34498 0.49412 0.50588 0.49804 1.00000
v -7.11609 22.08605 -15.38441 0.49412 0.50588 0.49804 1.00000
v -6.57749 22.34213 -17.02721 0.49412 0.50588 0.49804 1.00000
v -6.72577 22.36713 -17.06898 0.49412 0.50588 0.49804 1.00000
v -6.79524 22.51534 -17.06112 0.49412 0.50588 0.49804 1.00000
v -6.65569 22.59881 -17.00031 0.49412 0.50588 0.49804 1.00000
v -6.49189 22.50355 -16.96777 0.49412 0.50588 0.49804 1.00000
v -6.57749 22.34213 -17.02721 0.49412 0.50588 0.49804 1.00000
v -6.08498 22.89425 -18.54927 0.49412 0.50588 0.49804 1.00000
v -6.27324 22.85982 -18.61561 0.49412 0.50588 0.49804 1.00000
v -6.33133 23.02490 -18.55756 0.49412 0.50588 0.49804 1.00000
v -6.24760 23.15849 -18.47520 0.49412 0.50588 0.49804 1.00000
v -6.09174 23.06050 -18.47681 0.49412 0.50588 0.49804 1.00000
v -6.08498 22.89425 -18.54927 0.49412 0.50588 0.49804 1.00000
v -5.61235 24.09073 -20.01867 0.49412 0.50588 0.49804 1.00000
v -5.74577 24.06684 -20.07862 0.49412 0.50588 0.49804 1.00000
v -5.86585 24.15311 -20.04122 0.49412 0.50588 0.49804 1.00000
v -5.80472 24.27090 -19.92319 0.49412 0.50588 0.49804 1.00000
v -5.63090 24.21966 -19.91490 0.49412 0.50588 0.49804 1.00000
v -5.61235 24.09073 -20.01867 0.49412 0.50588 0.49804 1.00000
v -4.95012 25.47690 -21.11869 0.49412 0.50588 0.49804 1.00000
v -4.95012 25.47690 -21.11869 0.49412 0.50588 0.49804 1.00000
v -4.95012 25.47690 -21.11869 0.49412 0.50588 0.49804 1.00000
v 0.08842 17.77796 1.06274 0.49412 0.50588 0.49804 1.00000
v -0.20744 17.97114 0.99858 0.49412 0.50588 0.49804 1.00000
v -0.41219 19.51126 0.69571 0.49412 0.50588 0.49804 1.00000
v -0.18555 19.55219 0.73871 0.49412 0.50588 0.49804 1.00000
v -0.75959 19.96130 -0.11492 0.49412 0.50588 0.49804 1.00000
v -0.88086 19.88748 -0.11486 0.49412 0.50588 0.49804 1.00000
v -0.65310 18.88161 -0.84883 0.49412 0.50588 0.49804 1.00000
v -0.42833 18.84012 -0.91827 0.49412 0.50588 0.49804 1.00000
v -0.56661 17.09668 -0.44038 0.49412 0.50588 0.49804 1.00000
v -0.78270 17.35612 -0.42180 0.49412 0.50588 0.49804 1.00000
v -0.84273 16.78631 0.62582 0.49412 0.50588 0.49804 1.00000
v -0.65119 16.44492 0.69565 0.49412 0.50588 0.49804 1.00000
v 0.08842 17.77796 1.06274 0.49412 0.50588 0.49804 1.00000
v -0.20744 17.97114 0.99858 0.49412 0.50588 0.49804 1.00000
v -0.74670 18.27099 0.89743 0.49412 0.50588 0.49804 1.00000
v -0.85131 19.47214 0.62876 0.49412 0.50588 0.49804 1.00000
v -1.16093 19.80755 -0.09611 0.49412 0.50588 0.49804 1.00000
v -1.06154 18.96950 -0.72077 0.49412 0.50588 0.49804 1.00000
v -1.19251 17.75689 -0.36585 0.49412 0.50588 0.49804 1.00000
v -1.24447 17.29182 0.54299 0.49412 0.50588 0.49804 1.00000
v -0.74670 18.27099 0.89743 0.49412 0.50588 0.49804 1.00000
v -1.14403 18.48396 0.82426 0.49412 0.50588 0.49804 1.00000
v -1.17877 19.44572 0.58052 0.49412 0.50588 0.49804 1.00000
v -1.37554 19.75419 -0.07867 0.49412 0.50588 0.49804 1.00000
v -1.36216 19.03499 -0.62405 0.49412 0.50588 0.49804 1.00000
v -1.49606 18.04272 -0.31980 0.49412 0.50588 0.49804 1.00000
v -1.54736 17.64835 0.48852 0.49412 0.50588 0.49804 1.00000
v -1.14403 18.48396 0.82426 0.49412 0.50588 0.49804 1.00000
v -1.73308 18.77751 0.72678 0.49412 0.50588 0.49804 1.00000
v -1.67549 19.43390 0.51647 0.49412 0.50588 0.49804 1.00000
v -1.72177 19.70963 -0.04814 0.49412 0.50588 0.49804 1.00000
v -1.80784 19.14193 -0.48871 0.49412 0.50588 0.49804 1.00000
v -1.95624 18.42971 -0.24811 0.49412 0.50588 0.49804 1.00000
v -2.02335 18.11992 0.42743 0.49412 0.50588 0.49804 1.00000
v -1.73308 18.77751 0.72678 0.49412 0.50588 0.49804 1.00000
v -2.31403 19.04727 0.64936 0.49412 0.50588 0.49804 1.00000
v -2.17574 19.47216 0.46533 0.49412 0.50588 0.49804 1.00000
v -2.09449 19.72014 -0.02065 0.49412 0.50588 0.49804 1.00000
v -2.24855 19.26579 -0.38047 0.49412 0.50588 0.49804 1.00000
v -2.42619 18.76592 -0.18679 0.49412 0.50588 0.49804 1.00000
v -2.52635 18.51888 0.38631 0.49412 0.50588 0.49804 1.00000
v -2.31403 19.04727 0.64936 0.49412 0.50588 0.49804 1.00000
v -4.40190 19.71712 0.42738 0.49412 0.50588 0.49804 1.00000
v -4.22625 20.21419 0.33925 0.49412 0.50588 0.49804 1.00000
v -4.14957 20.20667 -0.12897 0.49412 0.50588 0.49804 1.00000
v -4.14618 20.00729 -0.53073 0.49412 0.50588 0.49804 1.00000
v -4.29866 19.63949 -0.33233 0.49412 0.50588 0.49804 1.00000
v -4.41568 19.45571 0.00851 0.49412 0.50588 0.49804 1.00000
v -4.40190 19.71712 0.42738 0.49412 0.50588 0.49804 1.00000
v -6.58304 20.05402 -0.18034 0.49412 0.50588 0.49804 1.00000
v -6.51224 20.44050 -0.22098 0.49412 0.50588 0.49804 1.00000
v -6.38235 20.77014 -0.56471 0.49412 0.50588 0.49804 1.00000
v -6.36538 20.39792 -0.90417 0.49412 0.50588 0.49804 1.00000
v -6.43647 19.97484 -0.88816 0.49412 0.50588 0.49804 1.00000
v -6.56647 19.70054 -0.50474 0.49412 0.50588 0.49804 1.00000
v -6.58304 20.05402 -0.18034 0.49412 0.50588 0.49804 1.00000
v -8.25700 19.87591 -0.51636 0.49412 0.50588 0.49804 1.00000
v -8.32894 20.33693 -0.46888 0.49412 0.50588 0.49804 1.00000
v -8.29937 20.60248 -0.84906 0.49412 0.50588 0.49804 1.00000
v -8.21365 20.31690 -1.11465 0.49412 0.50588 0.49804 1.00000
v -8.14321 19.99075 -1.26043 0.49412 0.50588 0.49804 1.00000
v -8.17659 19.80735 -0.92352 0.49412 0.50588 0.49804 1.00000
v -8.25700 19.87591 -0.51636 0.49412 0.50588 0.49804 1.00000
v -10.31246 19.57372 -0.91139 0.49412 0.50588 0.49804 1.00000
v -10.39415 19.87272 -0.72438 0.49412 0.50588 0.49804 1.00000
v -10.43733 20.08671 -1.03961 0.49412 0.50588 0.49804 1.00000
v -10.38931 19.93300 -1.31273 0.49412 0.50588 0.49804 1.00000
v -10.32728 19.68989 -1.33586 0.49412 0.50588 0.49804 1.00000
v -10.25697 19.39215 -1.19780 0.49412 0.50588 0.49804 1.00000
v -10.31246 19.57372 -0.91139 0.49412 0.50588 0.49804 1.00000
v -11.90069 19.06875 -0.76899 0.49412 0.50588 0.49804 1.00000
v -11.97409 19.37926 -0.69894 0.49412 0.50588 0.49804 1.00000
v -12.06166 19.63806 -0.87149 0.49412 0.50588 0.49804 1.00000
v -12.05847 19.50494 -1.14900 0.49412 0.50588 0.49804 1.00000
v -12.01254 19.26287 -1.30243 0.49412 0.50588 0.49804 1.00000
v -11.93070 19.04005 -1.09744 0.49412 0.50588 0.49804 1.00000
v -11.90069 19.06875 -0.76899 0.49412 0.50588 0.49804 1.00000
v -14.03987 18.97495 -0.74394 0.49412 0.50588 0.49804 1.00000
v -14.02920 19.14813 -0.55454 0.49412 0.50588 0.49804 1.00000
v -14.04329 19.39036 -0.69431 0.49412 0.50588 0.49804 1.00000
v -14.05862 19.32144 -0.92430 0.49412 0.50588 0.49804 1.00000
v -14.06431 19.16842 -1.03952 0.49412 0.50588 0.49804 1.00000
v -14.05421 19.00912 -0.93602 0.49412 0.50588 0.49804 1.00000
v -14.03987 18.97495 -0.74394 0.49412 0.50588 0.49804 1.00000
v -16.04962 18.86476 -0.48444 0.49412 0.50588 0.49804 1.00000
v -16.04202 19.05706 -0.41569 0.49412 0.50588 0.49804 1.00000
v -16.05206 19.22434 -0.44206 0.49412 0.50588 0.49804 1.00000
v -16.09158 19.30095 -0.63488 0.49412 0.50588 0.49804 1.00000
v -16.10860 19.11952 -0.75072 0.49412 0.50588 0.49804 1.00000
v -16.08801 18.95373 -0.66951 0.49412 0.50588 0.49804 1.00000
v -16.04962 18.86476 -0.48444 0.49412 0.50588 0.49804 1.00000
v -17.60210 18.81046 -0.15882 0.49412 0.50588 0.49804 1.00000
v -17.56795 18.96348 0.00950 0.49412 0.50588 0.49804 1.00000
v -17.58565 19.18497 -0.03752 0.49412 0.50588 0.49804 1.00000
v -17.63149 19.20068 -0.23391 0.49412 0.50588 0.49804 1.00000
v -17.66984 19.10819 -0.41231 0.49412 0.50588 0.49804 1.00000
v -17.65563 18.87356 -0.38214 0.49412 0.50588 0.49804 1.00000
v -17.60210 18.81046 -0.15882 0.49412 0.50588 0.49804 1.00000
v -19.46769 18.81488 -0.00500 0.49412 0.50588 0.49804 1.00000
v -19.44891 18.90681 0.15599 0.49412 0.50588 0.49804 1.00000
v -19.45436 19.10326 0.15315 0.49412 0.50588 0.49804 1.00000
v -19.47750 19.11915 -0.01991 0.49412 0.50588 0.49804 1.00000
v -19.49651 19.07601 -0.17307 0.49412 0.50588 0.49804 1.00000
v -19.48836 18.90908 -0.14382 0.49412 0.50588 0.49804 1.00000
v -19.46769 18.81488 -0.00500 0.49412 0.50588 0.49804 1.00000
v -20.89734 18.85198 -0.35979 0.49412 0.50588 0.49804 1.00000
v -20.95022 18.90500 -0.23672 0.49412 0.50588 0.49804 1.00000
v -20.97853 19.06157 -0.16187 0.49412 0.50588 0.49804 1.00000
v -20.91351 19.16629 -0.30137 0.49412 0.50588 0.49804 1.00000
v -20.85938 19.08840 -0.42899 0.49412 0.50588 0.49804 1.00000
v -20.84520 18.94434 -0.47106 0.49412 0.50588 0.49804 1.00000
v -20.89734 18.85198 -0.35979 0.49412 0.50588 0.49804 1.00000
v -22.35222 18.93049 -1.29955 0.49412 0.50588 0.49804 1.00000
v -22.45348 19.00404 -1.17411 0.49412 0.50588 0.49804 1.00000
v -22.49467 19.15075 -1.10287 0.49412 0.50588 0.49804 1.00000
v -22.39503 19.23464 -1.19929 0.49412 0.50588 0.49804 1.00000
v -22.28667 19.24989 -1.31729 0.49412 0.50588 0.49804 1.00000
v -22.29222 19.08861 -1.33902 0.49412 0.50588 0.49804 1.00000
v -22.35222 18.93049 -1.29955 0.49412 0.50588 0.49804 1.00000
v -23.32635 19.31877 -2.58590 0.49412 0.50588 0.49804 1.00000
v -23.45672 19.34100 -2.48442 0.49412 0.50588 0.49804 1.00000
v -23.51442 19.48525 -2.40261 0.49412 0.50588 0.49804 1.00000
v -23.39207 19.57113 -2.46856 0.49412 0.50588 0.49804 1.00000
v -23.30510 19.55678 -2.53612 0.49412 0.50588 0.49804 1.00000
v -23.22944 19.45669 -2.61894 0.49412 0.50588 0.49804 1.00000
v -23.32635 19.31877 -2.58590 0.49412 0.50588 0.49804 1.00000
v -24.18973 19.99616 -3.82300 0.49412 0.50588 0.49804 1.00000
v -24.18973 19.99616 -3.82300 0.49412 0.50588 0.49804 1.00000
v -24.18973 19.99616 -3.82300 0.49412 0.50588 0.49804 1.00000
v 0.29686 18.40480 0.13889 0.49412 0.50588 0.49804 1.00000
v 0.08535 18.59802 0.33666 0.49412 0.50588 0.49804 1.00000
v -0.10571 20.07720 0.26479 0.49412 0.50588 0.49804 1.00000
v 0.07256 20.10246 0.08321 0.49412 0.50588 0.49804 1.00000
v -0.92209 20.65428 0.04139 0.49412 0.50588 0.49804 1.00000
v -0.99611 20.58256 0.16477 0.49412 0.50588 0.49804 1.00000
v -1.46023 19.73801 -0.46912 0.49412 0.50588 0.49804 1.00000
v -1.37681 19.71272 -0.70383 0.49412 0.50588 0.49804 1.00000
v -1.25574 17.95490 -0.40033 0.49412 0.50588 0.49804 1.00000
v -1.35474 18.20096 -0.19631 0.49412 0.50588 0.49804 1.00000
v -0.70965 17.53094 0.51891 0.49412 0.50588 0.49804 1.00000
v -0.57674 17.19880 0.40061 0.49412 0.50588 0.49804 1.00000
v 0.29686 18.40480 0.13889 0.49412 0.50588 0.49804 1.00000
v 0.08535 18.59802 0.33666 0.49412 0.50588 0.49804 1.00000
v -0.29599 18.89804 0.70800 0.49412 0.50588 0.49804 1.00000
v -0.43577 20.05940 0.61107 0.49412 0.50588 0.49804 1.00000
v -1.15586 20.50393 0.44120 0.49412 0.50588 0.49804 1.00000
v -1.61372 19.80174 -0.03837 0.49412 0.50588 0.49804 1.00000
v -1.53805 18.58047 0.20005 0.49412 0.50588 0.49804 1.00000
v -0.96863 18.02209 0.80290 0.49412 0.50588 0.49804 1.00000
v -0.29599 18.89804 0.70800 0.49412 0.50588 0.49804 1.00000
v -0.57729 19.11142 0.98230 0.49412 0.50588 0.49804 1.00000
v -0.68058 20.04793 0.86797 0.49412 0.50588 0.49804 1.00000
v -1.27645 20.45113 0.65247 0.49412 0.50588 0.49804 1.00000
v -1.72542 19.84998 0.28040 0.49412 0.50588 0.49804 1.00000
v -1.67193 18.85094 0.49592 0.49412 0.50588 0.49804 1.00000
v -1.16142 18.36845 1.02126 0.49412 0.50588 0.49804 1.00000
v -0.57729 19.11142 0.98230 0.49412 0.50588 0.49804 1.00000
v -0.98861 19.40459 1.39751 0.49412 0.50588 0.49804 1.00000
v -1.04226 20.05381 1.25770 0.49412 0.50588 0.49804 1.00000
v -1.46945 20.40639 0.98860 0.49412 0.50588 0.49804 1.00000
v -1.89817 19.93473 0.75042 0.49412 0.50588 0.49804 1.00000
v -1.87830 19.21722 0.94454 0.49412 0.50588 0.49804 1.00000
v -1.45670 18.82583 1.37925 0.49412 0.50588 0.49804 1.00000
v -0.98861 19.40459 1.39751 0.49412 0.50588 0.49804 1.00000
v -1.38100 19.67102 1.82285 0.49412 0.50588 0.49804 1.00000
v -1.39067 20.10269 1.65487 0.49412 0.50588 0.49804 1.00000
v -1.68009 20.41594 1.34259 0.49412 0.50588 0.49804 1.00000
v -2.08856 20.04210 1.20373 0.49412 0.50588 0.49804 1.00000
v -2.10280 19.53636 1.39505 0.49412 0.50588 0.49804 1.00000
v -1.76131 19.21121 1.77372 0.49412 0.50588 0.49804 1.00000
v -1.38100 19.67102 1.82285 0.49412 0.50588 0.49804 1.00000
v -2.70425 20.50162 3.50608 0.49412 0.50588 0.49804 1.00000
v -2.58136 20.96084 3.33917 0.49412 0.50588 0.49804 1.00000
v -2.89804 21.03242 3.03153 0.49412 0.50588 0.49804 1.00000
v -3.24041 20.92134 2.80973 0.49412 0.50588 0.49804 1.00000
v -3.24204 20.55927 3.02122 0.49412 0.50588 0.49804 1.00000
v -3.08079 20.33793 3.28656 0.49412 0.50588 0.49804 1.00000
v -2.70425 20.50162 3.50608 0.49412 0.50588 0.49804 1.00000
v -4.07953 21.50299 4.62063 0.49412 0.50588 0.49804 1.00000
v -3.94017 21.82275 4.49295 0.49412 0.50588 0.49804 1.00000
v -4.00079 22.12800 4.14853 0.49412 0.50588 0.49804 1.00000
v -4.35486 21.85988 3.98301 0.49412 0.50588 0.49804 1.00000
v -4.52396 21.51283 4.10107 0.49412 0.50588 0.49804 1.00000
v -4.41696 21.24858 4.46188 0.49412 0.50588 0.49804 1.00000
v -4.07953 21.50299 4.62063 0.49412 0.50588 0.49804 1.00000
v -5.50958 22.50699 5.46353 0.49412 0.50588 0.49804 1.00000
v -5.34053 22.77817 5.43020 0.49412 0.50588 0.49804 1.00000
v -5.33349 23.05362 5.11798 0.49412 0.50588 0.49804 1.00000
v -5.61101 22.81160 4.93360 0.49412 0.50588 0.49804 1.00000
v -5.85736 22.48887 4.89691 0.49412 0.50588 0.49804 1.00000
v -5.78446 22.25855 5.29116 0.49412 0.50588 0.49804 1.00000
v -5.50958 22.50699 5.46353 0.49412 0.50588 0.49804 1.00000
v -6.99953 23.26099 6.22023 0.49412 0.50588 0.49804 1.00000
v -6.86527 23.56754 6.17487 0.49412 0.50588 0.49804 1.00000
v -6.86355 23.80004 5.92814 0.49412 0.50588 0.49804 1.00000
v -7.05736 23.70736 5.61694 0.49412 0.50588 0.49804 1.00000
v -7.16989 23.39431 5.71543 0.49412 0.50588 0.49804 1.00000
v -7.20821 23.11674 5.93304 0.49412 0.50588 0.49804 1.00000
v -6.99953 23.26099 6.22023 0.49412 0.50588 0.49804 1.00000
v -8.57461 23.86853 6.77662 0.49412 0.50588 0.49804 1.00000
v -8.44379 24.08092 6.93283 0.49412 0.50588 0.49804 1.00000
v -8.49188 24.28888 6.69536 0.49412 0.50588 0.49804 1.00000
v -8.62947 24.26228 6.40722 0.49412 0.50588 0.49804 1.00000
v -8.74784 23.95059 6.34111 0.49412 0.50588 0.49804 1.00000
v -8.69582 23.75011 6.58256 0.49412 0.50588 0.49804 1.00000
v -8.57461 23.86853 6.77662 0.49412 0.50588 0.49804 1.00000
v -10.83108 24.41705 6.78779 0.49412 0.50588 0.49804 1.00000
v -10.79605 24.62736 6.93659 0.49412 0.50588 0.49804 1.00000
v -10.75466 24.84179 6.77106 0.49412 0.50588 0.49804 1.00000
v -10.76253 24.77456 6.53758 0.49412 0.50588 0.49804 1.00000
v -10.79440 24.58854 6.45556 0.49412 0.50588 0.49804 1.00000
v -10.83707 24.35866 6.53741 0.49412 0.50588 0.49804 1.00000
v -10.83108 24.41705 6.78779 0.49412 0.50588 0.49804 1.00000
v -13.01727 24.72241 6.82264 0.49412 0.50588 0.49804 1.00000
v -13.00462 24.85486 6.89281 0.49412 0.50588 0.49804 1.00000
v -13.00130 25.00879 6.84792 0.49412 0.50588 0.49804 1.00000
v -13.01636 25.02298 6.67317 0.49412 0.50588 0.49804 1.00000
v -13.03614 24.87828 6.53039 0.49412 0.50588 0.49804 1.00000
v -13.02963 24.74476 6.67355 0.49412 0.50588 0.49804 1.00000
v -13.01727 24.72241 6.82264 0.49412 0.50588 0.49804 1.00000
v -14.69228 24.74113 7.11634 0.49412 0.50588 0.49804 1.00000
v -14.66832 24.87392 7.20555 0.49412 0.50588 0.49804 1.00000
v -14.67060 25.04304 7.18409 0.49412 0.50588 0.49804 1.00000
v -14.71210 25.06864 7.01126 0.49412 0.50588 0.49804 1.00000
v -14.75211 24.95018 6.85483 0.49412 0.50588 0.49804 1.00000
v -14.73935 24.74194 6.92231 0.49412 0.50588 0.49804 1.00000
v -14.69228 24.74113 7.11634 0.49412 0.50588 0.49804 1.00000
v -16.23903 24.73726 7.67915 0.49412 0.50588 0.49804 1.00000
v -16.17002 24.86025 7.83240 0.49412 0.50588 0.49804 1.00000
v -16.20024 25.03297 7.75369 0.49412 0.50588 0.49804 1.00000
v -16.25909 25.13630 7.61234 0.49412 0.50588 0.49804 1.00000
v -16.31137 24.99317 7.49880 0.49412 0.50588 0.49804 1.00000
v -16.30682 24.81741 7.51832 0.49412 0.50588 0.49804 1.00000
v -16.23903 24.73726 7.67915 0.49412 0.50588 0.49804 1.00000
v -17.66158 24.81206 8.38147 0.49412 0.50588 0.49804 1.00000
v -17.60530 24.90624 8.48378 0.49412 0.50588 0.49804 1.00000
v -17.59265 25.05950 8.50052 0.49412 0.50588 0.49804 1.00000
v -17.65964 25.16139 8.36862 0.49412 0.50588 0.49804 1.00000
v -17.73124 25.05488 8.23782 0.49412 0.50588 0.49804 1.00000
v -17.71454 24.90207 8.27674 0.49412 0.50588 0.49804 1.00000
v -17.66158 24.81206 8.38147 0.49412 0.50588 0.49804 1.00000
v -19.10998 24.84824 8.85630 0.49412 0.50588 0.49804 1.00000
v -19.07883 24.90600 8.97192 0.49412 0.50588 0.49804 1.00000
v -19.06228 25.05550 9.03281 0.49412 0.50588 0.49804 1.00000
v -19.10075 25.14167 8.88925 0.49412 0.50588 0.49804 1.00000
v -19.13261 25.06069 8.77109 0.49412 0.50588 0.49804 1.00000
v -19.14084 24.92509 8.74111 0.49412 0.50588 0.49804 1.00000
v -19.10998 24.84824 8.85630 0.49412 0.50588 0.49804 1.00000
v -20.87483 24.79939 8.82661 0.49412 0.50588 0.49804 1.00000
v -20.87543 24.87672 8.97263 0.49412 0.50588 0.49804 1.00000
v -20.87706 25.01842 9.03989 0.49412 0.50588 0.49804 1.00000
v -20.87830 25.08981 8.90671 0.49412 0.50588 0.49804 1.00000
v -20.87876 25.09574 8.75676 0.49412 0.50588 0.49804 1.00000
v -20.87685 24.94395 8.75363 0.49412 0.50588 0.49804 1.00000
v -20.87483 24.79939 8.82661 0.49412 0.50588 0.49804 1.00000
v -22.52794 25.01816 8.25601 0.49412 0.50588 0.49804 1.00000
v -22.52794 25.01816 8.25601 0.49412 0.50588 0.49804 1.00000
v -22.52794 25.01816 8.25601 0.49412 0.50588 0.49804 1.00000
v -1.79718 25.64650 -0.75084 0.49412 0.50588 0.49804 1.00000
v -1.26475 25.97550 -0.56381 0.49412 0.50588 0.49804 1.00000
v -1.19257 27.24401 -0.38084 0.49412 0.50588 0.49804 1.00000
v -1.64790 27.17193 -0.54823 0.49412 0.50588 0.49804 1.00000
v -1.85154 26.76834 0.46403 0.49412 0.50588 0.49804 1.00000
v -1.36022 26.92204 0.52684 0.49412 0.50588 0.49804 1.00000
v -0.97048 25.55622 0.34849 0.49412 0.50588 0.49804 1.00000
v -1.38539 25.13548 0.27241 0.49412 0.50588 0.49804 1.00000
v -1.79718 25.64650 -0.75084 0.49412 0.50588 0.49804 1.00000
v -1.26475 25.97550 -0.56381 0.49412 0.50588 0.49804 1.00000
v -0.51469 26.41086 -0.30173 0.49412 0.50588 0.49804 1.00000
v -0.52598 27.36686 -0.15108 0.49412 0.50588 0.49804 1.00000
v -0.66638 27.14647 0.60992 0.49412 0.50588 0.49804 1.00000
v -0.35196 26.09714 0.45588 0.49412 0.50588 0.49804 1.00000
v -0.51469 26.41086 -0.30173 0.49412 0.50588 0.49804 1.00000
v 0.26562 26.84926 -0.03113 0.49412 0.50588 0.49804 1.00000
v 0.17924 27.50897 0.08414 0.49412 0.50588 0.49804 1.00000
v 0.05501 27.38536 0.69600 0.49412 0.50588 0.49804 1.00000
v 0.30901 26.63179 0.56963 0.49412 0.50588 0.49804 1.00000
v 0.26562 26.84926 -0.03113 0.49412 0.50588 0.49804 1.00000
v 1.17651 27.33434 0.27124 0.49412 0.50588 0.49804 1.00000
v 1.01478 27.72487 0.34677 0.49412 0.50588 0.49804 1.00000
v 0.88671 27.68385 0.81358 0.49412 0.50588 0.49804 1.00000
v 1.11208 27.19486 0.72023 0.49412 0.50588 0.49804 1.00000
v 1.17651 27.33434 0.27124 0.49412 0.50588 0.49804 1.00000
v 4.06618 28.76410 1.47584 0.49412 0.50588 0.49804 1.00000
v 3.87733 29.15309 1.41913 0.49412 0.50588 0.49804 1.00000
v 3.77191 29.07390 1.76966 0.49412 0.50588 0.49804 1.00000
v 3.90515 28.75613 1.86553 0.49412 0.50588 0.49804 1.00000
v 4.06618 28.76410 1.47584 0.49412 0.50588 0.49804 1.00000
v 6.46380 30.13470 2.36662 0.49412 0.50588 0.49804 1.00000
v 6.35551 30.39793 2.27261 0.49412 0.50588 0.49804 1.00000
v 6.20036 30.52829 2.57393 0.49412 0.50588 0.49804 1.00000
v 6.34975 30.19271 2.65491 0.49412 0.50588 0.49804 1.00000
v 6.46380 30.13470 2.36662 0.49412 0.50588 0.49804 1.00000
v 9.03964 30.98927 3.01358 0.49412 0.50588 0.49804 1.00000
v 9.01857 31.19225 2.88507 0.49412 0.50588 0.49804 1.00000
v 8.92959 31.36887 3.11849 0.49412 0.50588 0.49804 1.00000
v 8.97532 31.08865 3.21459 0.49412 0.50588 0.49804 1.00000
v 9.03964 30.98927 3.01358 0.49412 0.50588 0.49804 1.00000
v 10.99463 31.83587 4.36470 0.49412 0.50588 0.49804 1.00000
v 11.01442 32.03426 4.23210 0.49412 0.50588 0.49804 1.00000
v 10.86115 32.17627 4.35068 0.49412 0.50588 0.49804 1.00000
v 10.81822 31.96908 4.51757 0.49412 0.50588 0.49804 1.00000
v 10.99463 31.83587 4.36470 0.49412 0.50588 0.49804 1.00000
v 12.60257 32.85301 5.86579 0.49412 0.50588 0.49804 1.00000
v 12.67396 32.93112 5.73057 0.49412 0.50588 0.49804 1.00000
v 12.53314 33.04883 5.79933 0.49412 0.50588 0.49804 1.00000
v 12.47423 32.93397 5.94763 0.49412 0.50588 0.49804 1.00000
v 12.60257 32.85301 5.86579 0.49412 0.50588 0.49804 1.00000
v 14.03810 34.64190 7.34598 0.49412 0.50588 0.49804 1.00000
v 14.08656 34.70591 7.19842 0.49412 0.50588 0.49804 1.00000
v 13.94872 34.81165 7.18632 0.49412 0.50588 0.49804 1.00000
v 13.91006 34.74056 7.33408 0.49412 0.50588 0.49804 1.00000
v 14.03810 34.64190 7.34598 0.49412 0.50588 0.49804 1.00000
v 14.70818 36.68833 8.87247 0.49412 0.50588 0.49804 1.00000
v 14.70818 36.68833 8.87247 0.49412 0.50588 0.49804 1.00000
v -2.08032 25.11480 0.19759 0.49412 0.50588 0.49804 1.00000
v -1.89280 25.39640 -0.31989 0.49412 0.50588 0.49804 1.00000
v -1.66749 26.66858 -0.59569 0.49412 0.50588 0.49804 1.00000
v -1.80965 26.63284 -0.20656 0.49412 0.50588 0.49804 1.00000
v -0.86997 26.26892 0.38879 0.49412 0.50588 0.49804 1.00000
v -0.80950 26.38925 -0.11488 0.49412 0.50588 0.49804 1.00000
v -0.91191 24.94335 -0.31805 0.49412 0.50588 0.49804 1.00000
v -0.97197 24.54185 0.15299 0.49412 0.50588 0.49804 1.00000
v -2.08032 25.11480 0.19759 0.49412 0.50588 0.49804 1.00000
v -1.89280 25.39640 -0.31989 0.49412 0.50588 0.49804 1.00000
v -1.62551 25.76264 -1.04551 0.49412 0.50588 0.49804 1.00000
v -1.46269 26.73425 -1.17705 0.49412 0.50588 0.49804 1.00000
v -0.72635 26.56295 -0.82553 0.49412 0.50588 0.49804 1.00000
v -0.81500 25.44762 -1.00599 0.49412 0.50588 0.49804 1.00000
v -1.62551 25.76264 -1.04551 0.49412 0.50588 0.49804 1.00000
v -1.34831 26.12829 -1.79886 0.49412 0.50588 0.49804 1.00000
v -1.24887 26.81405 -1.79821 0.49412 0.50588 0.49804 1.00000
v -0.63909 26.74778 -1.56414 0.49412 0.50588 0.49804 1.00000
v -0.70684 25.93991 -1.73398 0.49412 0.50588 0.49804 1.00000
v -1.34831 26.12829 -1.79886 0.49412 0.50588 0.49804 1.00000
v -1.04433 26.52977 -2.67694 0.49412 0.50588 0.49804 1.00000
v -1.00926 26.95415 -2.54734 0.49412 0.50588 0.49804 1.00000
v -0.52265 26.98525 -2.41576 0.49412 0.50588 0.49804 1.00000
v -0.55978 26.45109 -2.60417 0.49412 0.50588 0.49804 1.00000
v -1.04433 26.52977 -2.67694 0.49412 0.50588 0.49804 1.00000
v -0.49412 27.46420 -5.71146 0.49412 0.50588 0.49804 1.00000
v -0.57391 27.90359 -5.60675 0.49412 0.50588 0.49804 1.00000
v -0.18397 27.88449 -5.55456 0.49412 0.50588 0.49804 1.00000
v -0.06417 27.53585 -5.62936 0.49412 0.50588 0.49804 1.00000
v -0.49412 27.46420 -5.71146 0.49412 0.50588 0.49804 1.00000
v -0.03347 27.72333 -8.47380 0.49412 0.50588 0.49804 1.00000
v -0.12497 28.02692 -8.48575 0.49412 0.50588 0.49804 1.00000
v 0.20849 28.21323 -8.44288 0.49412 0.50588 0.49804 1.00000
v 0.28283 27.82218 -8.43310 0.49412 0.50588 0.49804 1.00000
v -0.03347 27.72333 -8.47380 0.49412 0.50588 0.49804 1.00000
v 0.65673 27.56245 -11.63352 0.49412 0.50588 0.49804 1.00000
v 0.43843 27.82478 -11.64827 0.49412 0.50588 0.49804 1.00000
v 0.67566 28.02110 -11.50801 0.49412 0.50588 0.49804 1.00000
v 0.80065 27.77584 -11.52409 0.49412 0.50588 0.49804 1.00000
v 0.65673 27.56245 -11.63352 0.49412 0.50588 0.49804 1.00000
v 1.48638 28.65757 -14.38723 0.49412 0.50588 0.49804 1.00000
v 1.26594 28.75924 -14.39159 0.49412 0.50588 0.49804 1.00000
v 1.41762 28.92455 -14.25090 0.49412 0.50588 0.49804 1.00000
v 1.58045 28.78578 -14.28493 0.49412 0.50588 0.49804 1.00000
v 1.48638 28.65757 -14.38723 0.49412 0.50588 0.49804 1.00000
v 2.16171 30.09704 -16.12416 0.49412 0.50588 0.49804 1.00000
v 1.98519 30.18436 -16.11283 0.49412 0.50588 0.49804 1.00000
v 2.02453 30.31234 -15.97055 0.49412 0.50588 0.49804 1.00000
v 2.18277 30.22344 -15.99115 0.49412 0.50588 0.49804 1.00000
v 2.16171 30.09704 -16.12416 0.49412 0.50588 0.49804 1.00000
v 3.46215 31.97413 -17.42634 0.49412 0.50588 0.49804 1.00000
v 3.31748 32.03791 -17.48976 0.49412 0.50588 0.49804 1.00000
v 3.31971 32.13552 -17.33732 0.49412 0.50588 0.49804 1.00000
v 3.45436 32.05770 -17.30664 0.49412 0.50588 0.49804 1.00000
v 3.46215 31.97413 -17.42634 0.49412 0.50588 0.49804 1.00000
v 5.34301 33.51488 -18.22826 0.49412 0.50588 0.49804 1.00000
v 5.34301 33.51488 -18.22826 0.49412 0.50588 0.49804 1.00000
v -1.79714 27.53672 0.46620 0.49412 0.50588 0.49804 1.00000
v -2.15393 27.83502 -0.03661 0.49412 0.50588 0.49804 1.00000
v -1.94523 29.09557 -0.60876 0.49412 0.50588 0.49804 1.00000
v -1.61554 29.04125 -0.25077 0.49412 0.50588 0.49804 1.00000
v -0.94581 27.40508 -0.37448 0.49412 0.50588 0.49804 1.00000
v -1.38201 27.74066 -0.78595 0.49412 0.50588 0.49804 1.00000
v -2.15393 27.83502 -0.03661 0.49412 0.50588 0.49804 1.00000
v -1.79714 27.53672 0.46620 0.49412 0.50588 0.49804 1.00000
v -2.65160 28.22530 -0.74136 0.49412 0.50588 0.49804 1.00000
v -2.43159 29.18865 -1.13333 0.49412 0.50588 0.49804 1.00000
v -1.99584 28.17684 -1.36510 0.49412 0.50588 0.49804 1.00000
v -2.65160 28.22530 -0.74136 0.49412 0.50588 0.49804 1.00000
v -3.16835 28.61617 -1.47072 0.49412 0.50588 0.49804 1.00000
v -2.94776 29.29754 -1.68887 0.49412 0.50588 0.49804 1.00000
v -2.63274 28.61144 -1.96824 0.49412 0.50588 0.49804 1.00000
v -3.16835 28.61617 -1.47072 0.49412 0.50588 0.49804 1.00000
v -3.78126 29.04697 -2.30102 0.49412 0.50588 0.49804 1.00000
v -3.56078 29.47206 -2.35080 0.49412 0.50588 0.49804 1.00000
v -3.36342 29.08172 -2.67985 0.49412 0.50588 0.49804 1.00000
v -3.78126 29.04697 -2.30102 0.49412 0.50588 0.49804 1.00000
v -6.08685 30.15934 -5.00129 0.49412 0.50588 0.49804 1.00000
v -5.94486 30.61162 -4.95779 0.49412 0.50588 0.49804 1.00000
v -5.77364 30.32825 -5.18945 0.49412 0.50588 0.49804 1.00000
v -6.08685 30.15934 -5.00129 0.49412 0.50588 0.49804 1.00000
v -7.42670 30.69660 -7.95141 0.49412 0.50588 0.49804 1.00000
v -7.41015 31.01512 -7.91731 0.49412 0.50588 0.49804 1.00000
v -7.08595 30.86201 -8.05587 0.49412 0.50588 0.49804 1.00000
v -7.42670 30.69660 -7.95141 0.49412 0.50588 0.49804 1.00000
v -7.80960 31.89948 -10.70540 0.49412 0.50588 0.49804 1.00000
v -7.84974 32.12213 -10.58995 0.49412 0.50588 0.49804 1.00000
v -7.54853 32.05858 -10.67662 0.49412 0.50588 0.49804 1.00000
v -7.80960 31.89948 -10.70540 0.49412 0.50588 0.49804 1.00000
v -8.21254 32.96281 -13.30085 0.49412 0.50588 0.49804 1.00000
v -8.28088 33.16205 -13.22111 0.49412 0.50588 0.49804 1.00000
v -8.05872 33.14756 -13.25970 0.49412 0.50588 0.49804 1.00000
v -8.21254 32.96281 -13.30085 0.49412 0.50588 0.49804 1.00000
v -7.93953 33.49010 -16.38767 0.49412 0.50588 0.49804 1.00000
v -8.05489 33.62565 -16.39473 0.49412 0.50588 0.49804 1.00000
v -7.84974 33.62587 -16.36629 0.49412 0.50588 0.49804 1.00000
v -7.93953 33.49010 -16.38767 0.49412 0.50588 0.49804 1.00000
v -6.98432 34.10165 -19.25827 0.49412 0.50588 0.49804 1.00000
v -6.98432 34.10165 -19.25827 0.49412 0.50588 0.49804 1.00000
v -1.06491 26.62006 0.36788 0.49412 0.50588 0.49804 1.00000
v -1.64016 26.97112 0.22337 0.49412 0.50588 0.49804 1.00000
v -2.04423 28.23231 -0.39444 0.49412 0.50588 0.49804 1.00000
v -1.63292 28.14288 -0.32337 0.49412 0.50588 0.49804 1.00000
v -1.25540 26.48651 -0.82794 0.49412 0.50588 0.49804 1.00000
v -1.79088 26.84041 -0.85431 0.49412 0.50588 0.49804 1.00000
v -1.64016 26.97112 0.22337 0.49412 0.50588 0.49804 1.00000
v -1.06491 26.62006 0.36788 0.49412 0.50588 0.49804 1.00000
v -2.44887 27.42935 0.02764 0.49412 0.50588 0.49804 1.00000
v -2.65991 28.37377 -0.48523 0.49412 0.50588 0.49804 1.00000
v -2.54414 27.30416 -0.88279 0.49412 0.50588 0.49804 1.00000
v -2.44887 27.42935 0.02764 0.49412 0.50588 0.49804 1.00000
v -3.28871 27.88820 -0.17069 0.49412 0.50588 0.49804 1.00000
v -3.31755 28.53228 -0.57572 0.49412 0.50588 0.49804 1.00000
v -3.32659 27.76865 -0.91047 0.49412 0.50588 0.49804 1.00000
v -3.28871 27.88820 -0.17069 0.49412 0.50588 0.49804 1.00000
v -4.26178 28.39756 -0.38352 0.49412 0.50588 0.49804 1.00000
v -4.10499 28.76249 -0.68032 0.49412 0.50588 0.49804 1.00000
v -4.23313 28.27808 -0.95763 0.49412 0.50588 0.49804 1.00000
v -4.26178 28.39756 -0.38352 0.49412 0.50588 0.49804 1.00000
v -7.57083 29.23536 -1.34094 0.49412 0.50588 0.49804 1.00000
v -7.44052 29.65984 -1.57343 0.49412 0.50588 0.49804 1.00000
v -7.44408 29.27004 -1.74389 0.49412 0.50588 0.49804 1.00000
v -7.57083 29.23536 -1.34094 0.49412 0.50588 0.49804 1.00000
v -10.57196 29.29421 -2.00800 0.49412 0.50588 0.49804 1.00000
v -10.55289 29.60887 -2.13518 0.49412 0.50588 0.49804 1.00000
v -10.50989 29.31979 -2.41893 0.49412 0.50588 0.49804 1.00000
v -10.57196 29.29421 -2.00800 0.49412 0.50588 0.49804 1.00000
v -13.87260 29.80477 -2.37570 0.49412 0.50588 0.49804 1.00000
v -13.75140 30.14445 -2.37325 0.49412 0.50588 0.49804 1.00000
v -13.70937 29.93803 -2.66177 0.49412 0.50588 0.49804 1.00000
v -13.87260 29.80477 -2.37570 0.49412 0.50588 0.49804 1.00000
v -16.51815 30.72325 -3.80316 0.49412 0.50588 0.49804 1.00000
v -16.47556 30.96171 -3.73837 0.49412 0.50588 0.49804 1.00000
v -16.36701 30.81584 -3.94646 0.49412 0.50588 0.49804 1.00000
v -16.51815 30.72325 -3.80316 0.49412 0.50588 0.49804 1.00000
v -17.98516 31.69514 -6.04024 0.49412 0.50588 0.49804 1.00000
v -17.95327 31.88846 -5.97271 0.49412 0.50588 0.49804 1.00000
v -17.80353 31.81207 -6.09065 0.49412 0.50588 0.49804 1.00000
v -17.98516 31.69514 -6.04024 0.49412 0.50588 0.49804 1.00000
v -19.10073 33.00003 -8.19040 0.49412 0.50588 0.49804 1.00000
v -19.10073 33.00003 -8.19040 0.49412 0.50588 0.49804 1.00000
v -0.76849 26.32745 -0.46691 0.49412 0.50588 0.49804 1.00000
v -1.13385 26.73512 -0.03330 0.49412 0.50588 0.49804 1.00000
v -1.92537 27.91810 -0.01198 0.49412 0.50588 0.49804 1.00000
v -1.69032 27.77639 -0.33658 0.49412 0.50588 0.49804 1.00000
v -1.96234 25.95435 -0.47963 0.49412 0.50588 0.49804 1.00000
v -2.19909 26.39617 -0.08480 0.49412 0.50588 0.49804 1.00000
v -1.13385 26.73512 -0.03330 0.49412 0.50588 0.49804 1.00000
v -0.76849 26.32745 -0.46691 0.49412 0.50588 0.49804 1.00000
v -1.63915 27.27853 0.58050 0.49412 0.50588 0.49804 1.00000
v -2.25726 28.14003 0.48169 0.49412 0.50588 0.49804 1.00000
v -2.52297 26.98030 0.48597 0.49412 0.50588 0.49804 1.00000
v -1.63915 27.27853 0.58050 0.49412 0.50588 0.49804 1.00000
v -2.15895 27.82889 1.22001 0.49412 0.50588 0.49804 1.00000
v -2.60347 28.38532 1.01159 0.49412 0.50588 0.49804 1.00000
v -2.85729 27.56771 1.08573 0.49412 0.50588 0.49804 1.00000
v -2.15895 27.82889 1.22001 0.49412 0.50588 0.49804 1.00000
v -2.74752 28.45097 1.96404 0.49412 0.50588 0.49804 1.00000
v -3.01334 28.71901 1.64199 0.49412 0.50588 0.49804 1.00000
v -3.25988 28.21268 1.78542 0.49412 0.50588 0.49804 1.00000
v -2.74752 28.45097 1.96404 0.49412 0.50588 0.49804 1.00000
v -4.84329 29.86009 4.48402 0.49412 0.50588 0.49804 1.00000
v -5.06130 30.18876 4.16582 0.49412 0.50588 0.49804 1.00000
v -5.18518 29.78309 4.23741 0.49412 0.50588 0.49804 1.00000
v -4.84329 29.86009 4.48402 0.49412 0.50588 0.49804 1.00000
v -6.51719 30.56275 6.98243 0.49412 0.50588 0.49804 1.00000
v -6.66886 30.83162 6.83136 0.49412 0.50588 0.49804 1.00000
v -6.88941 30.48506 6.80176 0.49412 0.50588 0.49804 1.00000
v -6.51719 30.56275 6.98243 0.49412 0.50588 0.49804 1.00000
v -8.83118 31.35160 9.83175 0.49412 0.50588 0.49804 1.00000
v -8.89544 31.67953 9.68579 0.49412 0.50588 0.49804 1.00000
v -9.11553 31.40129 9.61791 0.49412 0.50588 0.49804 1.00000
v -8.83118 31.35160 9.83175 0.49412 0.50588 0.49804 1.00000
v -11.20617 32.10926 12.48002 0.49412 0.50588 0.49804 1.00000
v -11.20388 32.33246 12.43267 0.49412 0.50588 0.49804 1.00000
v -11.34796 32.15121 12.33459 0.49412 0.50588 0.49804 1.00000
v -11.20617 32.10926 12.48002 0.49412 0.50588 0.49804 1.00000
v -13.79911 32.52351 14.30232 0.49412 0.50588 0.49804 1.00000
v -13.79555 32.72949 14.26402 0.49412 0.50588 0.49804 1.00000
v -13.89528 32.61567 14.12188 0.49412 0.50588 0.49804 1.00000
v -13.79911 32.52351 14.30232 0.49412 0.50588 0.49804 1.00000
v -16.43968 33.48042 15.64594 0.49412 0.50588 0.49804 1.00000
v -16.43968 33.48042 15.64594 0.49412 0.50588 0.49804 1.00000
v -1.30670 28.59140 -0.85970 0.49412 0.50588 0.49804 1.00000
v -1.09012 28.87220 -0.25238 0.49412 0.50588 0.49804 1.00000
v -1.55957 30.03770 0.29214 0.49412 0.50588 0.49804 1.00000
v -1.80892 29.99068 -0.17120 0.49412 0.50588 0.49804 1.00000
v -2.22882 28.28769 -0.16401 0.49412 0.50588 0.49804 1.00000
v -1.93091 28.62062 0.35377 0.49412 0.50588 0.49804 1.00000
v -1.09012 28.87220 -0.25238 0.49412 0.50588 0.49804 1.00000
v -1.30670 28.59140 -0.85970 0.49412 0.50588 0.49804 1.00000
v -0.78567 29.24188 0.59853 0.49412 0.50588 0.49804 1.00000
v -1.19295 30.12407 0.97220 0.49412 0.50588 0.49804 1.00000
v -1.50470 29.05398 1.08715 0.49412 0.50588 0.49804 1.00000
v -0.78567 29.24188 0.59853 0.49412 0.50588 0.49804 1.00000
v -0.46743 29.61321 1.48009 0.49412 0.50588 0.49804 1.00000
v -0.80486 30.22756 1.69324 0.49412 0.50588 0.49804 1.00000
v -1.05950 29.48561 1.85287 0.49412 0.50588 0.49804 1.00000
v -0.46743 29.61321 1.48009 0.49412 0.50588 0.49804 1.00000
v -0.07983 30.02333 2.49312 0.49412 0.50588 0.49804 1.00000
v -0.34869 30.39691 2.55554 0.49412 0.50588 0.49804 1.00000
v -0.54794 29.94865 2.75706 0.49412 0.50588 0.49804 1.00000
v -0.07983 30.02333 2.49312 0.49412 0.50588 0.49804 1.00000
v 1.46281 31.06424 5.96533 0.49412 0.50588 0.49804 1.00000
v 1.23234 31.45109 5.92039 0.49412 0.50588 0.49804 1.00000
v 1.10628 31.12934 6.08815 0.49412 0.50588 0.49804 1.00000
v 1.46281 31.06424 5.96533 0.49412 0.50588 0.49804 1.00000
v 2.13351 32.30319 9.02227 0.49412 0.50588 0.49804 1.00000
v 2.00780 32.56408 8.94207 0.49412 0.50588 0.49804 1.00000
v 1.76973 32.32763 9.07276 0.49412 0.50588 0.49804 1.00000
v 2.13351 32.30319 9.02227 0.49412 0.50588 0.49804 1.00000
v 2.47863 32.91777 12.12240 0.49412 0.50588 0.49804 1.00000
v 2.43146 33.14840 12.09720 0.49412 0.50588 0.49804 1.00000
v 2.19918 32.97062 12.15472 0.49412 0.50588 0.49804 1.00000
v 2.47863 32.91777 12.12240 0.49412 0.50588 0.49804 1.00000
v 2.11203 33.42546 14.67634 0.49412 0.50588 0.49804 1.00000
v 2.09480 33.65160 14.62938 0.49412 0.50588 0.49804 1.00000
v 1.89153 33.53962 14.64090 0.49412 0.50588 0.49804 1.00000
v 2.11203 33.42546 14.67634 0.49412 0.50588 0.49804 1.00000
v 1.87456 34.00955 17.09140 0.49412 0.50588 0.49804 1.00000
v 1.92038 34.16767 17.06305 0.49412 0.50588 0.49804 1.00000
v 1.74495 34.08464 17.05585 0.49412 0.50588 0.49804 1.00000
v 1.87456 34.00955 17.09140 0.49412 0.50588 0.49804 1.00000
v 0.84766 34.70191 19.12793 0.49412 0.50588 0.49804 1.00000
v 0.84766 34.70191 19.12793 0.49412 0.50588 0.49804 1.00000
v -2.24842 32.09554 0.64228 0.49412 0.50588 0.49804 1.00000
v -2.09374 32.84057 -0.37060 0.49412 0.50588 0.49804 1.00000
v -1.63023 33.72866 -0.44796 0.49412 0.50588 0.49804 1.00000
v -1.69284 33.27901 0.44742 0.49412 0.50588 0.49804 1.00000
v -1.25028 31.96126 0.32999 0.49412 0.50588 0.49804 1.00000
v -1.25778 32.72888 -0.58660 0.49412 0.50588 0.49804 1.00000
v -2.09374 32.84057 -0.37060 0.49412 0.50588 0.49804 1.00000
v -2.24842 32.09554 0.64228 0.49412 0.50588 0.49804 1.00000
v -1.91939 33.66772 -1.52121 0.49412 0.50588 0.49804 1.00000
v -1.56802 34.25417 -1.49365 0.49412 0.50588 0.49804 1.00000
v -1.27228 33.57752 -1.63929 0.49412 0.50588 0.49804 1.00000
v -1.91939 33.66772 -1.52121 0.49412 0.50588 0.49804 1.00000
v -1.71223 34.71592 -3.00742 0.49412 0.50588 0.49804 1.00000
v -1.49016 34.98509 -2.86671 0.49412 0.50588 0.49804 1.00000
v -1.27494 34.63949 -3.01795 0.49412 0.50588 0.49804 1.00000
v -1.71223 34.71592 -3.00742 0.49412 0.50588 0.49804 1.00000
v -0.03285 36.59520 -7.10431 0.49412 0.50588 0.49804 1.00000
v 0.09828 36.85981 -6.91979 0.49412 0.50588 0.49804 1.00000
v 0.22695 36.59769 -6.96573 0.49412 0.50588 0.49804 1.00000
v -0.03285 36.59520 -7.10431 0.49412 0.50588 0.49804 1.00000
v 1.90064 38.07439 -9.78840 0.49412 0.50588 0.49804 1.00000
v 1.93847 38.24900 -9.65660 0.49412 0.50588 0.49804 1.00000
v 2.11470 38.05271 -9.62205 0.49412 0.50588 0.49804 1.00000
v 1.90064 38.07439 -9.78840 0.49412 0.50588 0.49804 1.00000
v 4.13287 38.85286 -13.07472 0.49412 0.50588 0.49804 1.00000
v 4.16748 39.01625 -13.03224 0.49412 0.50588 0.49804 1.00000
v 4.30697 38.86606 -12.96103 0.49412 0.50588 0.49804 1.00000
v 4.13287 38.85286 -13.07472 0.49412 0.50588 0.49804 1.00000
v 6.35145 38.95035 -16.27200 0.49412 0.50588 0.49804 1.00000
v 6.35145 38.95035 -16.27200 0.49412 0.50588 0.49804 1.00000
v -1.57554 35.45265 1.30567 0.49412 0.50588 0.49804 1.00000
v -2.74611 36.01673 0.81132 0.49412 0.50588 0.49804 1.00000
v -2.73943 36.86588 0.40120 0.49412 0.50588 0.49804 1.00000
v -1.64217 36.56996 0.76551 0.49412 0.50588 0.49804 1.00000
v -1.34124 35.39292 0.36990 0.49412 0.50588 0.49804 1.00000
v -2.53862 35.97972 0.04434 0.49412 0.50588 0.49804 1.00000
v -2.74611 36.01673 0.81132 0.49412 0.50588 0.49804 1.00000
v -1.57554 35.45265 1.30567 0.49412 0.50588 0.49804 1.00000
v -4.07231 36.63895 0.24891 0.49412 0.50588 0.49804 1.00000
v -4.01078 37.21142 -0.01960 0.49412 0.50588 0.49804 1.00000
v -3.90132 36.62465 -0.32521 0.49412 0.50588 0.49804 1.00000
v -4.07231 36.63895 0.24891 0.49412 0.50588 0.49804 1.00000
v -5.79089 37.41693 -0.45816 0.49412 0.50588 0.49804 1.00000
v -5.67859 37.70380 -0.57288 0.49412 0.50588 0.49804 1.00000
v -5.66310 37.42458 -0.82105 0.49412 0.50588 0.49804 1.00000
v -5.79089 37.41693 -0.45816 0.49412 0.50588 0.49804 1.00000
v -10.30315 39.53995 -2.82936 0.49412 0.50588 0.49804 1.00000
v -10.16854 39.78740 -2.84879 0.49412 0.50588 0.49804 1.00000
v -10.15329 39.60497 -3.00351 0.49412 0.50588 0.49804 1.00000
v -10.30315 39.53995 -2.82936 0.49412 0.50588 0.49804 1.00000
v -12.87275 40.70545 -6.55429 0.49412 0.50588 0.49804 1.00000
v -12.81922 40.87165 -6.54929 0.49412 0.50588 0.49804 1.00000
v -12.71121 40.75508 -6.68554 0.49412 0.50588 0.49804 1.00000
v -12.87275 40.70545 -6.55429 0.49412 0.50588 0.49804 1.00000
v -15.15877 42.14259 -10.36694 0.49412 0.50588 0.49804 1.00000
v -15.15877 42.14259 -10.36694 0.49412 0.50588 0.49804 1.00000
v -1.12768 34.22075 0.64431 0.49412 0.50588 0.49804 1.00000
v -1.92874 34.64254 1.65121 0.49412 0.50588 0.49804 1.00000
v -2.38586 35.47630 1.61764 0.49412 0.50588 0.49804 1.00000
v -1.74667 35.30203 0.68115 0.49412 0.50588 0.49804 1.00000
v -1.99099 34.11435 0.15077 0.49412 0.50588 0.49804 1.00000
v -2.63261 34.57338 1.22760 0.49412 0.50588 0.49804 1.00000
v -1.92874 34.64254 1.65121 0.49412 0.50588 0.49804 1.00000
v -1.12768 34.22075 0.64431 0.49412 0.50588 0.49804 1.00000
v -2.83693 35.10558 2.78675 0.49412 0.50588 0.49804 1.00000
v -3.12686 35.68057 2.70494 0.49412 0.50588 0.49804 1.00000
v -3.36351 35.07064 2.45166 0.49412 0.50588 0.49804 1.00000
v -2.83693 35.10558 2.78675 0.49412 0.50588 0.49804 1.00000
v -3.98988 35.68116 4.25808 0.49412 0.50588 0.49804 1.00000
v -4.10287 35.98729 4.13669 0.49412 0.50588 0.49804 1.00000
v -4.32672 35.67774 4.02682 0.49412 0.50588 0.49804 1.00000
v -3.98988 35.68116 4.25808 0.49412 0.50588 0.49804 1.00000
v -7.99647 38.06775 7.73432 0.49412 0.50588 0.49804 1.00000
v -7.95609 38.23087 7.63232 0.49412 0.50588 0.49804 1.00000
v -8.10117 38.04737 7.52196 0.49412 0.50588 0.49804 1.00000
v -7.99647 38.06775 7.73432 0.49412 0.50588 0.49804 1.00000
v -12.89252 39.80262 10.25791 0.49412 0.50588 0.49804 1.00000
v -12.87327 39.99578 10.18096 0.49412 0.50588 0.49804 1.00000
v -12.96488 39.83626 10.09439 0.49412 0.50588 0.49804 1.00000
v -12.89252 39.80262 10.25791 0.49412 0.50588 0.49804 1.00000
v -16.86063 41.22182 12.18062 0.49412 0.50588 0.49804 1.00000
v -16.86063 41.22182 12.18062 0.49412 0.50588 0.49804 1.00000
v -1.34322 34.29376 0.16293 0.49412 0.50588 0.49804 1.00000
v -1.26900 35.14308 1.50832 0.49412 0.50588 0.49804 1.00000
v -1.63846 35.93331 1.87332 0.49412 0.50588 0.49804 1.00000
v -1.75628 35.34167 0.74010 0.49412 0.50588 0.49804 1.00000
v -2.24926 34.15444 0.52076 0.49412 0.50588 0.49804 1.00000
v -2.02435 35.02494 1.79004 0.49412 0.50588 0.49804 1.00000
v -1.26900 35.14308 1.50832 0.49412 0.50588 0.49804 1.00000
v -1.34322 34.29376 0.16293 0.49412 0.50588 0.49804 1.00000
v -1.18360 36.08252 3.03046 0.49412 0.50588 0.49804 1.00000
v -1.49121 36.60553 3.18778 0.49412 0.50588 0.49804 1.00000
v -1.76337 35.98536 3.22924 0.49412 0.50588 0.49804 1.00000
v -1.18360 36.08252 3.03046 0.49412 0.50588 0.49804 1.00000
v -1.05722 37.27340 4.98218 0.49412 0.50588 0.49804 1.00000
v -1.29145 37.50636 4.90928 0.49412 0.50588 0.49804 1.00000
v -1.44315 37.19298 5.08708 0.49412 0.50588 0.49804 1.00000
v -1.05722 37.27340 4.98218 0.49412 0.50588 0.49804 1.00000
v -1.51991 40.43468 10.26763 0.49412 0.50588 0.49804 1.00000
v -1.62814 40.58236 10.19646 0.49412 0.50588 0.49804 1.00000
v -1.74835 40.37551 10.29429 0.49412 0.50588 0.49804 1.00000
v -1.51991 40.43468 10.26763 0.49412 0.50588 0.49804 1.00000
v -1.99942 42.13285 14.13944 0.49412 0.50588 0.49804 1.00000
v -2.09914 42.29671 14.05729 0.49412 0.50588 0.49804 1.00000
v -2.18078 42.12502 14.12893 0.49412 0.50588 0.49804 1.00000
v -1.99942 42.13285 14.13944 0.49412 0.50588 0.49804 1.00000
v -3.53270 43.80133 17.78407 0.49412 0.50588 0.49804 1.00000
v -3.53270 43.80133 17.78407 0.49412 0.50588 0.49804 1.00000
v -2.23168 32.37099 -0.17925 0.49412 0.50588 0.49804 1.00000
v -1.12594 32.94519 -0.16205 0.49412 0.50588 0.49804 1.00000
v -0.80902 33.68837 0.43208 0.49412 0.50588 0.49804 1.00000
v -1.74087 33.35844 0.53408 0.49412 0.50588 0.49804 1.00000
v -1.85456 31.98463 0.72707 0.49412 0.50588 0.49804 1.00000
v -0.83368 32.63038 0.59886 0.49412 0.50588 0.49804 1.00000
v -1.12594 32.94519 -0.16205 0.49412 0.50588 0.49804 1.00000
v -2.23168 32.37099 -0.17925 0.49412 0.50588 0.49804 1.00000
v 0.12713 33.57856 -0.14487 0.49412 0.50588 0.49804 1.00000
v 0.28022 34.07229 0.30811 0.49412 0.50588 0.49804 1.00000
v 0.33342 33.33853 0.44360 0.49412 0.50588 0.49804 1.00000
v 0.12713 33.57856 -0.14487 0.49412 0.50588 0.49804 1.00000
v 1.73827 34.38047 -0.14522 0.49412 0.50588 0.49804 1.00000
v 1.71911 34.61378 0.15111 0.49412 0.50588 0.49804 1.00000
v 1.85677 34.21608 0.25023 0.49412 0.50588 0.49804 1.00000
v 1.73827 34.38047 -0.14522 0.49412 0.50588 0.49804 1.00000
v 6.10801 36.32319 -0.48417 0.49412 0.50588 0.49804 1.00000
v 6.01422 36.52755 -0.21968 0.49412 0.50588 0.49804 1.00000
v 6.14893 36.26627 -0.19911 0.49412 0.50588 0.49804 1.00000
v 6.10801 36.32319 -0.48417 0.49412 0.50588 0.49804 1.00000
v 9.47856 37.56174 1.45643 0.49412 0.50588 0.49804 1.00000
v 9.34653 37.68166 1.58748 0.49412 0.50588 0.49804 1.00000
v 9.38584 37.43533 1.67762 0.49412 0.50588 0.49804 1.00000
v 9.47856 37.56174 1.45643 0.49412 0.50588 0.49804 1.00000
v 13.14032 38.20055 4.00228 0.49412 0.50588 0.49804 1.00000
v 13.06749 38.29919 4.09648 0.49412 0.50588 0.49804 1.00000
v 13.05116 38.10999 4.13939 0.49412 0.50588 0.49804 1.00000
v 13.14032 38.20055 4.00228 0.49412 0.50588 0.49804 1.00000
v 17.01544 38.98568 5.69296 0.49412 0.50588 0.49804 1.00000
v 17.01544 38.98568 5.69296 0.49412 0.50588 0.49804 1.00000
v -1.61164 39.27106 1.40270 0.49412 0.50588 0.49804 1.00000
v -2.61619 40.29394 0.38500 0.49412 0.50588 0.49804 1.00000
v -2.52458 41.05667 0.02012 0.49412 0.50588 0.49804 1.00000
v -1.57672 40.30134 0.90764 0.49412 0.50588 0.49804 1.00000
v -1.19252 39.23783 0.62559 0.49412 0.50588 0.49804 1.00000
v -2.26381 40.25183 -0.23635 0.49412 0.50588 0.49804 1.00000
v -2.61619 40.29394 0.38500 0.49412 0.50588 0.49804 1.00000
v -1.61164 39.27106 1.40270 0.49412 0.50588 0.49804 1.00000
v -3.75509 41.43089 -0.76676 0.49412 0.50588 0.49804 1.00000
v -3.62305 41.91665 -0.99496 0.49412 0.50588 0.49804 1.00000
v -3.48231 41.37797 -1.21013 0.49412 0.50588 0.49804 1.00000
v -3.75509 41.43089 -0.76676 0.49412 0.50588 0.49804 1.00000
v -5.23236 42.87202 -2.23676 0.49412 0.50588 0.49804 1.00000
v -5.05723 43.06050 -2.30898 0.49412 0.50588 0.49804 1.00000
v -5.04278 42.80096 -2.47975 0.49412 0.50588 0.49804 1.00000
v -5.23236 42.87202 -2.23676 0.49412 0.50588 0.49804 1.00000
v -8.70581 46.32125 -6.87563 0.49412 0.50588 0.49804 1.00000
v -8.54788 46.46202 -6.91471 0.49412 0.50588 0.49804 1.00000
v -8.56448 46.29522 -6.98718 0.49412 0.50588 0.49804 1.00000
v -8.70581 46.32125 -6.87563 0.49412 0.50588 0.49804 1.00000
v -11.58199 48.55100 -11.87247 0.49412 0.50588 0.49804 1.00000
v -11.58199 48.55100 -11.87247 0.49412 0.50588 0.49804 1.00000
v -1.06937 38.05030 0.74750 0.49412 0.50588 0.49804 1.00000
v -1.74655 38.80025 1.85440 0.49412 0.50588 0.49804 1.00000
v -2.19213 39.55442 1.85337 0.49412 0.50588 0.49804 1.00000
v -1.64325 39.05936 0.83195 0.49412 0.50588 0.49804 1.00000
v -1.94560 37.92893 0.49944 0.49412 0.50588 0.49804 1.00000
v -2.45937 38.69561 1.64585 0.49412 0.50588 0.49804 1.00000
v -1.74655 38.80025 1.85440 0.49412 0.50588 0.49804 1.00000
v -1.06937 38.05030 0.74750 0.49412 0.50588 0.49804 1.00000
v -2.51352 39.63189 3.10683 0.49412 0.50588 0.49804 1.00000
v -2.82236 40.12114 3.03837 0.49412 0.50588 0.49804 1.00000
v -3.04081 39.54129 2.95149 0.49412 0.50588 0.49804 1.00000
v -2.51352 39.63189 3.10683 0.49412 0.50588 0.49804 1.00000
v -3.48548 40.68247 4.72697 0.49412 0.50588 0.49804 1.00000
v -3.64320 40.89118 4.59039 0.49412 0.50588 0.49804 1.00000
v -3.80960 40.60205 4.63350 0.49412 0.50588 0.49804 1.00000
v -3.48548 40.68247 4.72697 0.49412 0.50588 0.49804 1.00000
v -4.87826 43.78454 9.48867 0.49412 0.50588 0.49804 1.00000
v -4.99872 43.94728 9.35096 0.49412 0.50588 0.49804 1.00000
v -5.08021 43.77980 9.44321 0.49412 0.50588 0.49804 1.00000
v -4.87826 43.78454 9.48867 0.49412 0.50588 0.49804 1.00000
v -7.73952 44.84980 12.02199 0.49412 0.50588 0.49804 1.00000
v -7.78253 44.94657 11.91581 0.49412 0.50588 0.49804 1.00000
v -7.85402 44.78305 11.89480 0.49412 0.50588 0.49804 1.00000
v -7.73952 44.84980 12.02199 0.49412 0.50588 0.49804 1.00000
v -10.58230 46.45555 14.14425 0.49412 0.50588 0.49804 1.00000
v -10.58230 46.45555 14.14425 0.49412 0.50588 0.49804 1.00000
v -1.85399 38.90475 0.34556 0.49412 0.50588 0.49804 1.00000
v -0.83907 39.99278 0.87994 0.49412 0.50588 0.49804 1.00000
v -0.73473 40.65223 1.37095 0.49412 0.50588 0.49804 1.00000
v -1.60645 39.81039 0.96407 0.49412 0.50588 0.49804 1.00000
v -1.79979 38.64548 1.22776 0.49412 0.50588 0.49804 1.00000
v -0.81141 39.78060 1.59602 0.49412 0.50588 0.49804 1.00000
v -0.83907 39.99278 0.87994 0.49412 0.50588 0.49804 1.00000
v -1.85399 38.90475 0.34556 0.49412 0.50588 0.49804 1.00000
v 0.30913 41.20572 1.48307 0.49412 0.50588 0.49804 1.00000
v 0.28345 41.60941 1.83233 0.49412 0.50588 0.49804 1.00000
v 0.31992 41.03875 2.00873 0.49412 0.50588 0.49804 1.00000
v 0.30913 41.20572 1.48307 0.49412 0.50588 0.49804 1.00000
v 1.78188 42.75460 2.24223 0.49412 0.50588 0.49804 1.00000
v 1.61556 42.87223 2.42856 0.49412 0.50588 0.49804 1.00000
v 1.78056 42.62684 2.55757 0.49412 0.50588 0.49804 1.00000
v 1.78188 42.75460 2.24223 0.49412 0.50588 0.49804 1.00000
v 4.66194 46.34888 4.63924 0.49412 0.50588 0.49804 1.00000
v 4.48057 46.40387 4.78671 0.49412 0.50588 0.49804 1.00000
v 4.62032 46.25844 4.81622 0.49412 0.50588 0.49804 1.00000
v 4.66194 46.34888 4.63924 0.49412 0.50588 0.49804 1.00000
v 7.16981 49.53464 6.05706 0.49412 0.50588 0.49804 1.00000
v 7.07201 49.57209 6.16031 0.49412 0.50588 0.49804 1.00000
v 7.19434 49.45961 6.21898 0.49412 0.50588 0.49804 1.00000
v 7.16981 49.53464 6.05706 0.49412 0.50588 0.49804 1.00000
v 9.46162 52.22858 7.93832 0.49412 0.50588 0.49804 1.00000
v 9.46162 52.22858 7.93832 0.49412 0.50588 0.49804 1.00000
v -2.12457 40.15883 1.04649 0.49412 0.50588 0.49804 1.00000
v -1.12702 41.35809 0.23434 0.49412 0.50588 0.49804 1.00000
v -0.69601 42.04844 0.30466 0.49412 0.50588 0.49804 1.00000
v -1.56836 41.11921 1.04274 0.49412 0.50588 0.49804 1.00000
v -1.28334 40.01228 1.24950 0.49412 0.50588 0.49804 1.00000
v -0.45150 41.22136 0.40158 0.49412 0.50588 0.49804 1.00000
v -1.12702 41.35809 0.23434 0.49412 0.50588 0.49804 1.00000
v -2.12457 40.15883 1.04649 0.49412 0.50588 0.49804 1.00000
v -0.00126 42.69545 -0.68829 0.49412 0.50588 0.49804 1.00000
v 0.29677 43.10614 -0.55936 0.49412 0.50588 0.49804 1.00000
v 0.48646 42.56661 -0.57062 0.49412 0.50588 0.49804 1.00000
v -0.00126 42.69545 -0.68829 0.49412 0.50588 0.49804 1.00000
v 1.43457 44.39886 -1.88069 0.49412 0.50588 0.49804 1.00000
v 1.57536 44.50134 -1.69012 0.49412 0.50588 0.49804 1.00000
v 1.71104 44.26744 -1.81749 0.49412 0.50588 0.49804 1.00000
v 1.43457 44.39886 -1.88069 0.49412 0.50588 0.49804 1.00000
v 4.57419 48.84813 -5.44823 0.49412 0.50588 0.49804 1.00000
v 4.69374 48.89721 -5.28068 0.49412 0.50588 0.49804 1.00000
v 4.73183 48.77460 -5.40630 0.49412 0.50588 0.49804 1.00000
v 4.57419 48.84813 -5.44823 0.49412 0.50588 0.49804 1.00000
v 7.47489 53.25750 -8.20404 0.49412 0.50588 0.49804 1.00000
v 7.47489 53.25750 -8.20404 0.49412 0.50588 0.49804 1.00000
v -1.24537 43.48027 1.24504 0.49412 0.50588 0.49804 1.00000
v -2.20431 44.62655 2.45039 0.49412 0.50588 0.49804 1.00000
v -2.67201 45.25305 2.54863 0.49412 0.50588 0.49804 1.00000
v -1.85245 44.33688 1.46719 0.49412 0.50588 0.49804 1.00000
v -2.04723 43.32971 1.02709 0.49412 0.50588 0.49804 1.00000
v -2.84463 44.49323 2.27943 0.49412 0.50588 0.49804 1.00000
v -2.20431 44.62655 2.45039 0.49412 0.50588 0.49804 1.00000
v -1.24537 43.48027 1.24504 0.49412 0.50588 0.49804 1.00000
v -3.28604 45.90230 3.81205 0.49412 0.50588 0.49804 1.00000
v -3.60557 46.28688 3.79946 0.49412 0.50588 0.49804 1.00000
v -3.74206 45.78360 3.70147 0.49412 0.50588 0.49804 1.00000
v -3.28604 45.90230 3.81205 0.49412 0.50588 0.49804 1.00000
v -4.66030 47.52591 5.56343 0.49412 0.50588 0.49804 1.00000
v -4.80982 47.64109 5.43034 0.49412 0.50588 0.49804 1.00000
v -4.91181 47.41539 5.51941 0.49412 0.50588 0.49804 1.00000
v -4.66030 47.52591 5.56343 0.49412 0.50588 0.49804 1.00000
v -6.89665 51.01043 9.69418 0.49412 0.50588 0.49804 1.00000
v -7.02424 51.06037 9.57823 0.49412 0.50588 0.49804 1.00000
v -7.03392 50.94728 9.67987 0.49412 0.50588 0.49804 1.00000
v -6.89665 51.01043 9.69418 0.49412 0.50588 0.49804 1.00000
v -9.52714 54.66491 12.35655 0.49412 0.50588 0.49804 1.00000
v -9.52714 54.66491 12.35655 0.49412 0.50588 0.49804 1.00000
v -2.07190 43.52592 0.96889 0.49412 0.50588 0.49804 1.00000
v -0.92832 44.98767 1.43040 0.49412 0.50588 0.49804 1.00000
v -0.77905 45.59308 1.89829 0.49412 0.50588 0.49804 1.00000
v -1.80600 44.38321 1.54222 0.49412 0.50588 0.49804 1.00000
v -1.86503 43.28913 1.75121 0.49412 0.50588 0.49804 1.00000
v -0.75641 44.78559 2.05055 0.49412 0.50588 0.49804 1.00000
v -0.92832 44.98767 1.43040 0.49412 0.50588 0.49804 1.00000
v -2.07190 43.52592 0.96889 0.49412 0.50588 0.49804 1.00000
v 0.36827 46.62004 1.94759 0.49412 0.50588 0.49804 1.00000
v 0.40985 46.96607 2.29394 0.49412 0.50588 0.49804 1.00000
v 0.50678 46.45473 2.37900 0.49412 0.50588 0.49804 1.00000
v 0.36827 46.62004 1.94759 0.49412 0.50588 0.49804 1.00000
v 2.03181 48.70332 2.59390 0.49412 0.50588 0.49804 1.00000
v 1.95326 48.75939 2.79920 0.49412 0.50588 0.49804 1.00000
v 2.13540 48.57194 2.81531 0.49412 0.50588 0.49804 1.00000
v 2.03181 48.70332 2.59390 0.49412 0.50588 0.49804 1.00000
v 5.67214 53.08959 3.74717 0.49412 0.50588 0.49804 1.00000
v 5.62975 53.09647 3.92136 0.49412 0.50588 0.49804 1.00000
v 5.74671 53.02072 3.85992 0.49412 0.50588 0.49804 1.00000
v 5.67214 53.08959 3.74717 0.49412 0.50588 0.49804 1.00000
v 8.68149 57.06110 5.30849 0.49412 0.50588 0.49804 1.00000
v 8.68149 57.06110 5.30849 0.49412 0.50588 0.49804 1.00000
v -1.72866 43.24826 1.84380 0.49412 0.50588 0.49804 1.00000
v -3.06197 44.49553 1.34537 0.49412 0.50588 0.49804 1.00000
v -3.03509 45.22123 1.02468 0.49412 0.50588 0.49804 1.00000
v -1.76999 44.23137 1.42506 0.49412 0.50588 0.49804 1.00000
v -1.37017 43.24134 1.07300 0.49412 0.50588 0.49804 1.00000
v -2.78474 44.48339 0.72578 0.49412 0.50588 0.49804 1.00000
v -3.06197 44.49553 1.34537 0.49412 0.50588 0.49804 1.00000
v -1.72866 43.24826 1.84380 0.49412 0.50588 0.49804 1.00000
v -4.56632 45.88831 0.77647 0.49412 0.50588 0.49804 1.00000
v -4.48944 46.34417 0.55728 0.49412 0.50588 0.49804 1.00000
v -4.38915 45.86377 0.32622 0.49412 0.50588 0.49804 1.00000
v -4.56632 45.88831 0.77647 0.49412 0.50588 0.49804 1.00000
v -6.50534 47.65602 0.06023 0.49412 0.50588 0.49804 1.00000
v -6.37783 47.82034 -0.05063 0.49412 0.50588 0.49804 1.00000
v -6.44787 47.61750 -0.20892 0.49412 0.50588 0.49804 1.00000
v -6.50534 47.65602 0.06023 0.49412 0.50588 0.49804 1.00000
v -9.69632 52.35769 -1.43574 0.49412 0.50588 0.49804 1.00000
v -9.56470 52.40678 -1.54772 0.49412 0.50588 0.49804 1.00000
v -9.68078 52.31338 -1.58021 0.49412 0.50588 0.49804 1.00000
v -9.69632 52.35769 -1.43574 0.49412 0.50588 0.49804 1.00000
v -12.65931 56.62140 -1.49262 0.49412 0.50588 0.49804 1.00000
v -12.65931 56.62140 -1.49262 0.49412 0.50588 0.49804 1.00000
v -2.37220 46.99088 1.30761 0.49412 0.50588 0.49804 1.00000
v -1.29515 48.34320 0.90003 0.49412 0.50588 0.49804 1.00000
v -1.18731 49.08265 1.17097 0.49412 0.50588 0.49804 1.00000
v -2.20031 48.00539 1.61272 0.49412 0.50588 0.49804 1.00000
v -2.24725 47.08625 2.11187 0.49412 0.50588 0.49804 1.00000
v -1.15360 48.39797 1.52859 0.49412 0.50588 0.49804 1.00000
v -1.29515 48.34320 0.90003 0.49412 0.50588 0.49804 1.00000
v -2.37220 46.99088 1.30761 0.49412 0.50588 0.49804 1.00000
v -0.06748 49.85052 0.43992 0.49412 0.50588 0.49804 1.00000
v -0.01572 50.30581 0.66463 0.49412 0.50588 0.49804 1.00000
v 0.08581 49.86201 0.86779 0.49412 0.50588 0.49804 1.00000
v -0.06748 49.85052 0.43992 0.49412 0.50588 0.49804 1.00000
v 1.51651 51.76040 -0.17122 0.49412 0.50588 0.49804 1.00000
v 1.50449 51.90934 0.00457 0.49412 0.50588 0.49804 1.00000
v 1.68066 51.73085 0.03574 0.49412 0.50588 0.49804 1.00000
v 1.51651 51.76040 -0.17122 0.49412 0.50588 0.49804 1.00000
v 4.69691 56.20952 -0.82267 0.49412 0.50588 0.49804 1.00000
v 4.68733 56.24066 -0.65165 0.49412 0.50588 0.49804 1.00000
v 4.79690 56.17064 -0.72186 0.49412 0.50588 0.49804 1.00000
v 4.69691 56.20952 -0.82267 0.49412 0.50588 0.49804 1.00000
v 7.22333 60.33269 -1.59844 0.49412 0.50588 0.49804 1.00000
v 7.22333 60.33269 -1.59844 0.49412 0.50588 0.49804 1.00000
v -1.68544 46.63374 2.04504 0.49412 0.50588 0.49804 1.00000
v -3.00806 47.67745 2.64695 0.49412 0.50588 0.49804 1.00000
v -3.32183 48.32301 2.34644 0.49412 0.50588 0.49804 1.00000
v -2.14596 47.50819 1.69848 0.49412 0.50588 0.49804 1.00000
v -1.95050 46.54196 1.27279 0.49412 0.50588 0.49804 1.00000
v -3.23578 47.59406 2.03936 0.49412 0.50588 0.49804 1.00000
v -3.00806 47.67745 2.64695 0.49412 0.50588 0.49804 1.00000
v -1.68544 46.63374 2.04504 0.49412 0.50588 0.49804 1.00000
v -4.50360 48.83966 3.32229 0.49412 0.50588 0.49804 1.00000
v -4.67836 49.24366 3.08189 0.49412 0.50588 0.49804 1.00000
v -4.69344 48.75932 2.90557 0.49412 0.50588 0.49804 1.00000
v -4.50360 48.83966 3.32229 0.49412 0.50588 0.49804 1.00000
v -6.41540 50.31222 4.20600 0.49412 0.50588 0.49804 1.00000
v -6.44396 50.45493 4.02863 0.49412 0.50588 0.49804 1.00000
v -6.57486 50.23630 4.00398 0.49412 0.50588 0.49804 1.00000
v -6.41540 50.31222 4.20600 0.49412 0.50588 0.49804 1.00000
v -9.87551 54.40188 5.64253 0.49412 0.50588 0.49804 1.00000
v -9.91271 54.43275 5.47498 0.49412 0.50588 0.49804 1.00000
v -9.98148 54.33628 5.56372 0.49412 0.50588 0.49804 1.00000
v -9.87551 54.40188 5.64253 0.49412 0.50588 0.49804 1.00000
v -12.22086 58.34909 7.42352 0.49412 0.50588 0.49804 1.00000
v -12.22086 58.34909 7.42352 0.49412 0.50588 0.49804 1.00000
v -1.85976 48.75978 1.23413 0.49412 0.50588 0.49804 1.00000
v -1.28704 50.20893 0.64787 0.49412 0.50588 0.49804 1.00000
v -1.75817 50.79956 0.65212 0.49412 0.50588 0.49804 1.00000
v -2.45940 49.59553 1.31537 0.49412 0.50588 0.49804 1.00000
v -2.64292 48.53252 1.26409 0.49412 0.50588 0.49804 1.00000
v -1.90666 50.07653 0.69594 0.49412 0.50588 0.49804 1.00000
v -1.28704 50.20893 0.64787 0.49412 0.50588 0.49804 1.00000
v -1.85976 48.75978 1.23413 0.49412 0.50588 0.49804 1.00000
v -0.64520 51.83162 0.00060 0.49412 0.50588 0.49804 1.00000
v -0.97232 52.16919 -0.06240 0.49412 0.50588 0.49804 1.00000
v -1.07751 51.80183 0.07850 0.49412 0.50588 0.49804 1.00000
v -0.64520 51.83162 0.00060 0.49412 0.50588 0.49804 1.00000
v 0.19382 53.88058 -0.82726 0.49412 0.50588 0.49804 1.00000
v 0.01461 53.94625 -0.94157 0.49412 0.50588 0.49804 1.00000
v -0.02256 53.98087 -0.72011 0.49412 0.50588 0.49804 1.00000
v 0.19382 53.88058 -0.82726 0.49412 0.50588 0.49804 1.00000
v 1.65920 58.22082 -3.51094 0.49412 0.50588 0.49804 1.00000
v 1.49871 58.27472 -3.54759 0.49412 0.50588 0.49804 1.00000
v 1.58118 58.31780 -3.43373 0.49412 0.50588 0.49804 1.00000
v 1.65920 58.22082 -3.51094 0.49412 0.50588 0.49804 1.00000
v 3.43818 62.08564 -5.68605 0.49412 0.50588 0.49804 1.00000
v 3.43818 62.08564 -5.68605 0.49412 0.50588 0.49804 1.00000
v 4.87403 18.65374 13.36555 0.49412 0.50588 0.49804 1.00000
v 5.05710 18.51827 13.36022 0.49412 0.50588 0.49804 1.00000
v 5.17979 18.61785 13.54243 0.49412 0.50588 0.49804 1.00000
v 5.04623 18.77242 13.60072 0.49412 0.50588 0.49804 1.00000
v 4.89266 18.78367 13.50528 0.49412 0.50588 0.49804 1.00000
v 4.87403 18.65374 13.36555 0.49412 0.50588 0.49804 1.00000
v 3.85107 17.58906 14.62137 0.49412 0.50588 0.49804 1.00000
v 3.94362 17.49630 14.62488 0.49412 0.50588 0.49804 1.00000
v 4.04342 17.49956 14.72184 0.49412 0.50588 0.49804 1.00000
v 4.00376 17.62638 14.79889 0.49412 0.50588 0.49804 1.00000
v 3.86001 17.71152 14.74028 0.49412 0.50588 0.49804 1.00000
v 3.85107 17.58906 14.62137 0.49412 0.50588 0.49804 1.00000
v 2.64648 16.76103 15.74987 0.49412 0.50588 0.49804 1.00000
v 2.71453 16.63587 15.74157 0.49412 0.50588 0.49804 1.00000
v 2.82422 16.59784 15.83633 0.49412 0.50588 0.49804 1.00000
v 2.82116 16.73180 15.92147 0.49412 0.50588 0.49804 1.00000
v 2.70742 16.85986 15.88175 0.49412 0.50588 0.49804 1.00000
v 2.64648 16.76103 15.74987 0.49412 0.50588 0.49804 1.00000
v 1.13954 16.68059 17.19879 0.49412 0.50588 0.49804 1.00000
v 1.12659 16.49495 17.17629 0.49412 0.50588 0.49804 1.00000
v 1.24231 16.46565 17.29821 0.49412 0.50588 0.49804 1.00000
v 1.32865 16.56704 17.39495 0.49412 0.50588 0.49804 1.00000
v 1.25319 16.70058 17.32080 0.49412 0.50588 0.49804 1.00000
v 1.13954 16.68059 17.19879 0.49412 0.50588 0.49804 1.00000
v -0.03737 17.40083 18.76390 0.49412 0.50588 0.49804 1.00000
v -0.03737 17.40083 18.76390 0.49412 0.50588 0.49804 1.00000
v -0.03737 17.40083 18.76390 0.49412 0.50588 0.49804 1.00000
v 11.93015 22.72851 3.39274 0.49412 0.50588 0.49804 1.00000
v 12.08831 22.82631 3.18171 0.49412 0.50588 0.49804 1.00000
v 12.21889 23.07085 3.20747 0.49412 0.50588 0.49804 1.00000
v 12.11968 23.09883 3.44891 0.49412 0.50588 0.49804 1.00000
v 11.96970 22.94742 3.57742 0.49412 0.50588 0.49804 1.00000
v 11.93015 22.72851 3.39274 0.49412 0.50588 0.49804 1.00000
v 13.63878 21.68740 4.49659 0.49412 0.50588 0.49804 1.00000
v 13.75046 21.66066 4.28394 0.49412 0.50588 0.49804 1.00000
v 13.89588 21.87107 4.29151 0.49412 0.50588 0.49804 1.00000
v 13.83507 21.95742 4.49060 0.49412 0.50588 0.49804 1.00000
v 13.70343 21.85705 4.58827 0.49412 0.50588 0.49804 1.00000
v 13.63878 21.68740 4.49659 0.49412 0.50588 0.49804 1.00000
v 14.82162 20.98944 5.62579 0.49412 0.50588 0.49804 1.00000
v 14.93990 20.95641 5.50909 0.49412 0.50588 0.49804 1.00000
v 15.04620 21.03451 5.45351 0.49412 0.50588 0.49804 1.00000
v 15.04378 21.19563 5.52927 0.49412 0.50588 0.49804 1.00000
v 14.89994 21.15550 5.63447 0.49412 0.50588 0.49804 1.00000
v 14.82162 20.98944 5.62579 0.49412 0.50588 0.49804 1.00000
v 15.93127 20.74424 7.35853 0.49412 0.50588 0.49804 1.00000
v 16.05832 20.60400 7.30353 0.49412 0.50588 0.49804 1.00000
v 16.21222 20.69324 7.22475 0.49412 0.50588 0.49804 1.00000
v 16.15740 20.85454 7.24376 0.49412 0.50588 0.49804 1.00000
v 16.01104 20.91740 7.31176 0.49412 0.50588 0.49804 1.00000
v 15.93127 20.74424 7.35853 0.49412 0.50588 0.49804 1.00000
v 16.57973 21.40862 9.07313 0.49412 0.50588 0.49804 1.00000
v 16.67045 21.27614 9.09826 0.49412 0.50588 0.49804 1.00000
v 16.82530 21.30868 9.03212 0.49412 0.50588 0.49804 1.00000
v 16.77630 21.44359 8.99184 0.49412 0.50588 0.49804 1.00000
v 16.66197 21.51978 8.99843 0.49412 0.50588 0.49804 1.00000
v 16.57973 21.40862 9.07313 0.49412 0.50588 0.49804 1.00000
v 17.21058 22.35856 10.63581 0.49412 0.50588 0.49804 1.00000
v 17.21058 22.35856 10.63581 0.49412 0.50588 0.49804 1.00000
v 17.21058 22.35856 10.63581 0.49412 0.50588 0.49804 1.00000
v 9.74680 22.26353 -7.91805 0.49412 0.50588 0.49804 1.00000
v 9.63379 22.35649 -8.14009 0.49412 0.50588 0.49804 1.00000
v 9.69295 22.59793 -8.22665 0.49412 0.50588 0.49804 1.00000
v 9.84698 22.62944 -8.03459 0.49412 0.50588 0.49804 1.00000
v 9.89955 22.48231 -7.85866 0.49412 0.50588 0.49804 1.00000
v 9.74680 22.26353 -7.91805 0.49412 0.50588 0.49804 1.00000
v 11.89996 21.88125 -9.00439 0.49412 0.50588 0.49804 1.00000
v 11.82595 21.84143 -9.21539 0.49412 0.50588 0.49804 1.00000
v 11.82274 22.06839 -9.29478 0.49412 0.50588 0.49804 1.00000
v 11.89031 22.17170 -9.12268 0.49412 0.50588 0.49804 1.00000
v 11.92745 22.06869 -8.97904 0.49412 0.50588 0.49804 1.00000
v 11.89996 21.88125 -9.00439 0.49412 0.50588 0.49804 1.00000
v 13.72251 22.19728 -9.42098 0.49412 0.50588 0.49804 1.00000
v 13.70321 22.17081 -9.54750 0.49412 0.50588 0.49804 1.00000
v 13.66552 22.27117 -9.63562 0.49412 0.50588 0.49804 1.00000
v 13.65957 22.39119 -9.54067 0.49412 0.50588 0.49804 1.00000
v 13.69918 22.35876 -9.37173 0.49412 0.50588 0.49804 1.00000
v 13.72251 22.19728 -9.42098 0.49412 0.50588 0.49804 1.00000
v 15.41787 22.69212 -9.75521 0.49412 0.50588 0.49804 1.00000
v 15.40480 22.63541 -9.88505 0.49412 0.50588 0.49804 1.00000
v 15.35485 22.71397 -10.00190 0.49412 0.50588 0.49804 1.00000
v 15.33281 22.84977 -9.92362 0.49412 0.50588 0.49804 1.00000
v 15.36897 22.86032 -9.75242 0.49412 0.50588 0.49804 1.00000
v 15.41787 22.69212 -9.75521 0.49412 0.50588 0.49804 1.00000
v 17.36875 23.27397 -9.91857 0.49412 0.50588 0.49804 1.00000
v 17.38939 23.14761 -10.05469 0.49412 0.50588 0.49804 1.00000
v 17.34337 23.25950 -10.17429 0.49412 0.50588 0.49804 1.00000
v 17.29893 23.41725 -10.16597 0.49412 0.50588 0.49804 1.00000
v 17.31956 23.41324 -9.99741 0.49412 0.50588 0.49804 1.00000
v 17.36875 23.27397 -9.91857 0.49412 0.50588 0.49804 1.00000
v 19.26140 23.81720 -9.66366 0.49412 0.50588 0.49804 1.00000
v 19.26140 23.81720 -9.66366 0.49412 0.50588 0.49804 1.00000
v 19.26140 23.81720 -9.66366 0.49412 0.50588 0.49804 1.00000
v -0.64683 19.64849 -12.40067 0.49412 0.50588 0.49804 1.00000
v -0.87630 19.85035 -12.41840 0.49412 0.50588 0.49804 1.00000
v -0.84076 20.10654 -12.57629 0.49412 0.50588 0.49804 1.00000
v -0.57409 20.02875 -12.64328 0.49412 0.50588 0.49804 1.00000
v -0.43705 19.80525 -12.57516 0.49412 0.50588 0.49804 1.00000
v -0.64683 19.64849 -12.40067 0.49412 0.50588 0.49804 1.00000
v -0.89860 18.81560 -14.31732 0.49412 0.50588 0.49804 1.00000
v -1.12912 18.87551 -14.31264 0.49412 0.50588 0.49804 1.00000
v -1.11140 19.09878 -14.42865 0.49412 0.50588 0.49804 1.00000
v -0.89279 19.10868 -14.46694 0.49412 0.50588 0.49804 1.00000
v -0.79203 18.95994 -14.40679 0.49412 0.50588 0.49804 1.00000
v -0.89860 18.81560 -14.31732 0.49412 0.50588 0.49804 1.00000
v -0.52273 18.31600 -15.84132 0.49412 0.50588 0.49804 1.00000
v -0.68786 18.35380 -15.91514 0.49412 0.50588 0.49804 1.00000
v -0.75096 18.48449 -15.97271 0.49412 0.50588 0.49804 1.00000
v -0.62058 18.62772 -15.95817 0.49412 0.50588 0.49804 1.00000
v -0.48331 18.50970 -15.87493 0.49412 0.50588 0.49804 1.00000
v -0.52273 18.31600 -15.84132 0.49412 0.50588 0.49804 1.00000
v 0.38831 18.09654 -17.53640 0.49412 0.50588 0.49804 1.00000
v 0.22048 18.03057 -17.65158 0.49412 0.50588 0.49804 1.00000
v 0.12159 18.20316 -17.72272 0.49412 0.50588 0.49804 1.00000
v 0.23461 18.32984 -17.64642 0.49412 0.50588 0.49804 1.00000
v 0.38818 18.30966 -17.53978 0.49412 0.50588 0.49804 1.00000
v 0.38831 18.09654 -17.53640 0.49412 0.50588 0.49804 1.00000
v 1.29246 18.36815 -18.70658 0.49412 0.50588 0.49804 1.00000
v 1.18892 18.27779 -18.81400 0.49412 0.50588 0.49804 1.00000
v 1.06722 18.39704 -18.88362 0.49412 0.50588 0.49804 1.00000
v 1.13663 18.51284 -18.79774 0.49412 0.50588 0.49804 1.00000
v 1.24780 18.53073 -18.70228 0.49412 0.50588 0.49804 1.00000
v 1.29246 18.36815 -18.70658 0.49412 0.50588 0.49804 1.00000
v 2.30002 18.83161 -20.08714 0.49412 0.50588 0.49804 1.00000
v 2.19865 18.75410 -20.18093 0.49412 0.50588 0.49804 1.00000
v 2.09937 18.82290 -20.22503 0.49412 0.50588 0.49804 1.00000
v 2.06755 18.97862 -20.19505 0.49412 0.50588 0.49804 1.00000
v 2.20931 18.96572 -20.10391 0.49412 0.50588 0.49804 1.00000
v 2.30002 18.83161 -20.08714 0.49412 0.50588 0.49804 1.00000
v 3.15284 19.24454 -21.52661 0.49412 0.50588 0.49804 1.00000
v 3.15284 19.24454 -21.52661 0.49412 0.50588 0.49804 1.00000
v 3.15284 19.24454 -21.52661 0.49412 0.50588 0.49804 1.00000
v -6.95111 21.32816 -11.18935 0.49412 0.50588 0.49804 1.00000
v -7.19326 21.48091 -11.13394 0.49412 0.50588 0.49804 1.00000
v -7.20571 21.76119 -11.20184 0.49412 0.50588 0.49804 1.00000
v -6.95156 21.74944 -11.29857 0.49412 0.50588 0.49804 1.00000
v -6.78906 21.54938 -11.31042 0.49412 0.50588 0.49804 1.00000
v -6.95111 21.32816 -11.18935 0.49412 0.50588 0.49804 1.00000
v -7.34396 20.93123 -13.33791 0.49412 0.50588 0.49804 1.00000
v -7.59498 20.94343 -13.33451 0.49412 0.50588 0.49804 1.00000
v -7.62227 21.19905 -13.40326 0.49412 0.50588 0.49804 1.00000
v -7.39787 21.26259 -13.42654 0.49412 0.50588 0.49804 1.00000
v -7.26310 21.11928 -13.39119 0.49412 0.50588 0.49804 1.00000
v -7.34396 20.93123 -13.33791 0.49412 0.50588 0.49804 1.00000
v -7.04273 20.60855 -14.98017 0.49412 0.50588 0.49804 1.00000
v -7.18257 20.60835 -15.01668 0.49412 0.50588 0.49804 1.00000
v -7.25120 20.73745 -15.06333 0.49412 0.50588 0.49804 1.00000
v -7.12200 20.84655 -15.05383 0.49412 0.50588 0.49804 1.00000
v -6.95168 20.77307 -14.99296 0.49412 0.50588 0.49804 1.00000
v -7.04273 20.60855 -14.98017 0.49412 0.50588 0.49804 1.00000
v -6.48473 20.41727 -16.51675 0.49412 0.50588 0.49804 1.00000
v -6.62977 20.38857 -16.56669 0.49412 0.50588 0.49804 1.00000
v -6.73132 20.50804 -16.61431 0.49412 0.50588 0.49804 1.00000
v -6.62115 20.63926 -16.58628 0.49412 0.50588 0.49804 1.00000
v -6.44427 20.60509 -16.51912 0.49412 0.50588 0.49804 1.00000
v -6.48473 20.41727 -16.51675 0.49412 0.50588 0.49804 1.00000
v -6.04347 20.55219 -18.05662 0.49412 0.50588 0.49804 1.00000
v -6.21174 20.45230 -18.10894 0.49412 0.50588 0.49804 1.00000
v -6.31223 20.60689 -18.10763 0.49412 0.50588 0.49804 1.00000
v -6.27009 20.77611 -18.07260 0.49412 0.50588 0.49804 1.00000
v -6.09582 20.72532 -18.04185 0.49412 0.50588 0.49804 1.00000
v -6.04347 20.55219 -18.05662 0.49412 0.50588 0.49804 1.00000
v -5.67274 21.24218 -19.71405 0.49412 0.50588 0.49804 1.00000
v -5.78957 21.16923 -19.76878 0.49412 0.50588 0.49804 1.00000
v -5.92799 21.23314 -19.77257 0.49412 0.50588 0.49804 1.00000
v -5.90746 21.39499 -19.70244 0.49412 0.50588 0.49804 1.00000
v -5.72982 21.39103 -19.66587 0.49412 0.50588 0.49804 1.00000
v -5.67274 21.24218 -19.71405 0.49412 0.50588 0.49804 1.00000
v -5.13756 22.25142 -21.08274 0.49412 0.50588 0.49804 1.00000
v -5.13756 22.25142 -21.08274 0.49412 0.50588 0.49804 1.00000
v -5.13756 22.25142 -21.08274 0.49412 0.50588 0.49804 1.00000
v -13.38871 18.41868 -0.11760 0.49412 0.50588 0.49804 1.00000
v -13.35255 18.59418 0.06643 0.49412 0.50588 0.49804 1.00000
v -13.54376 18.78837 0.00209 0.49412 0.50588 0.49804 1.00000
v -13.65053 18.69892 -0.19407 0.49412 0.50588 0.49804 1.00000
v -13.65134 18.55045 -0.31523 0.49412 0.50588 0.49804 1.00000
v -13.51867 18.42422 -0.26371 0.49412 0.50588 0.49804 1.00000
v -13.38871 18.41868 -0.11760 0.49412 0.50588 0.49804 1.00000
v -14.53649 17.56774 1.04275 0.49412 0.50588 0.49804 1.00000
v -14.57345 17.74982 1.12785 0.49412 0.50588 0.49804 1.00000
v -14.66836 17.88956 1.14346 0.49412 0.50588 0.49804 1.00000
v -14.84350 17.91441 1.02806 0.49412 0.50588 0.49804 1.00000
v -14.84578 17.73158 0.91319 0.49412 0.50588 0.49804 1.00000
v -14.71158 17.60502 0.93507 0.49412 0.50588 0.49804 1.00000
v -14.53649 17.56774 1.04275 0.49412 0.50588 0.49804 1.00000
v -15.27678 16.91773 2.10501 0.49412 0.50588 0.49804 1.00000
v -15.21866 17.09058 2.24522 0.49412 0.50588 0.49804 1.00000
v -15.35610 17.27069 2.26109 0.49412 0.50588 0.49804 1.00000
v -15.51300 17.23692 2.13798 0.49412 0.50588 0.49804 1.00000
v -15.60656 17.11395 2.00389 0.49412 0.50588 0.49804 1.00000
v -15.47594 16.91842 1.97444 0.49412 0.50588 0.49804 1.00000
v -15.27678 16.91773 2.10501 0.49412 0.50588 0.49804 1.00000
v -16.27694 16.12937 3.25064 0.49412 0.50588 0.49804 1.00000
v -16.20606 16.24105 3.38190 0.49412 0.50588 0.49804 1.00000
v -16.30040 16.40827 3.42390 0.49412 0.50588 0.49804 1.00000
v -16.43051 16.38622 3.30847 0.49412 0.50588 0.49804 1.00000
v -16.51877 16.31783 3.19351 0.49412 0.50588 0.49804 1.00000
v -16.41958 16.18126 3.17628 0.49412 0.50588 0.49804 1.00000
v -16.27694 16.12937 3.25064 0.49412 0.50588 0.49804 1.00000
v -17.25880 15.45358 3.86198 0.49412 0.50588 0.49804 1.00000
v -17.23312 15.49424 3.99777 0.49412 0.50588 0.49804 1.00000
v -17.27697 15.62494 4.10691 0.49412 0.50588 0.49804 1.00000
v -17.38491 15.71934 3.98820 0.49412 0.50588 0.49804 1.00000
v -17.40058 15.65764 3.84249 0.49412 0.50588 0.49804 1.00000
v -17.34912 15.53640 3.76917 0.49412 0.50588 0.49804 1.00000
v -17.25880 15.45358 3.86198 0.49412 0.50588 0.49804 1.00000
v -18.62031 14.68149 4.02192 0.49412 0.50588 0.49804 1.00000
v -18.64169 14.70820 4.19578 0.49412 0.50588 0.49804 1.00000
v -18.69764 14.81897 4.30934 0.49412 0.50588 0.49804 1.00000
v -18.73982 14.92637 4.19554 0.49412 0.50588 0.49804 1.00000
v -18.75495 14.97816 4.04393 0.49412 0.50588 0.49804 1.00000
v -18.68925 14.83821 3.99284 0.49412 0.50588 0.49804 1.00000
v -18.62031 14.68149 4.02192 0.49412 0.50588 0.49804 1.00000
v -20.04062 14.28311 3.69821 0.49412 0.50588 0.49804 1.00000
v -20.07006 14.24681 3.85822 0.49412 0.50588 0.49804 1.00000
v -20.13399 14.34634 3.98797 0.49412 0.50588 0.49804 1.00000
v -20.14679 14.47221 3.88460 0.49412 0.50588 0.49804 1.00000
v -20.12733 14.49685 3.77807 0.49412 0.50588 0.49804 1.00000
v -20.07722 14.44293 3.64698 0.49412 0.50588 0.49804 1.00000
v -20.04062 14.28311 3.69821 0.49412 0.50588 0.49804 1.00000
v -21.52382 14.22021 3.38023 0.49412 0.50588 0.49804 1.00000
v -21.52382 14.22021 3.38023 0.49412 0.50588 0.49804 1.00000
v -21.52382 14.22021 3.38023 0.49412 0.50588 0.49804 1.00000
v -10.19895 23.67934 7.77915 0.49412 0.50588 0.49804 1.00000
v -10.12790 23.86098 7.95108 0.49412 0.50588 0.49804 1.00000
v -10.22332 24.10229 7.86305 0.49412 0.50588 0.49804 1.00000
v -10.34441 24.07714 7.65377 0.49412 0.50588 0.49804 1.00000
v -10.38101 23.90771 7.54285 0.49412 0.50588 0.49804 1.00000
v -10.32930 23.66591 7.55787 0.49412 0.50588 0.49804 1.00000
v -10.19895 23.67934 7.77915 0.49412 0.50588 0.49804 1.00000
v -11.81751 23.35509 8.80415 0.49412 0.50588 0.49804 1.00000
v -11.78956 23.47156 8.89514 0.49412 0.50588 0.49804 1.00000
v -11.83360 23.62564 8.90135 0.49412 0.50588 0.49804 1.00000
v -11.94091 23.66512 8.76759 0.49412 0.50588 0.49804 1.00000
v -12.01146 23.54769 8.61612 0.49412 0.50588 0.49804 1.00000
v -11.91019 23.39859 8.69279 0.49412 0.50588 0.49804 1.00000
v -11.81751 23.35509 8.80415 0.49412 0.50588 0.49804 1.00000
v -12.84637 22.91217 9.78410 0.49412 0.50588 0.49804 1.00000
v -12.79429 23.03084 9.88090 0.49412 0.50588 0.49804 1.00000
v -12.83245 23.19382 9.91328 0.49412 0.50588 0.49804 1.00000
v -12.96941 23.23336 9.80407 0.49412 0.50588 0.49804 1.00000
v -13.07531 23.13423 9.66600 0.49412 0.50588 0.49804 1.00000
v -12.99656 22.92995 9.65375 0.49412 0.50588 0.49804 1.00000
v -12.84637 22.91217 9.78410 0.49412 0.50588 0.49804 1.00000
v -13.58303 22.46354 10.94022 0.49412 0.50588 0.49804 1.00000
v -13.44922 22.57955 11.04982 0.49412 0.50588 0.49804 1.00000
v -13.54503 22.74608 11.05527 0.49412 0.50588 0.49804 1.00000
v -13.69334 22.84687 11.01092 0.49412 0.50588 0.49804 1.00000
v -13.78651 22.71107 10.91611 0.49412 0.50588 0.49804 1.00000
v -13.74749 22.54235 10.87997 0.49412 0.50588 0.49804 1.00000
v -13.58303 22.46354 10.94022 0.49412 0.50588 0.49804 1.00000
v -14.13337 22.09863 12.16472 0.49412 0.50588 0.49804 1.00000
v -14.03697 22.19143 12.23255 0.49412 0.50588 0.49804 1.00000
v -14.03734 22.33855 12.28036 0.49412 0.50588 0.49804 1.00000
v -14.18777 22.43264 12.25237 0.49412 0.50588 0.49804 1.00000
v -14.31264 22.32731 12.16935 0.49412 0.50588 0.49804 1.00000
v -14.25388 22.18207 12.14492 0.49412 0.50588 0.49804 1.00000
v -14.13337 22.09863 12.16472 0.49412 0.50588 0.49804 1.00000
v -14.81254 21.70435 13.24259 0.49412 0.50588 0.49804 1.00000
v -14.72192 21.75293 13.32688 0.49412 0.50588 0.49804 1.00000
v -14.69101 21.89117 13.40604 0.49412 0.50588 0.49804 1.00000
v -14.82576 21.98020 13.34749 0.49412 0.50588 0.49804 1.00000
v -14.91526 21.90978 13.25494 0.49412 0.50588 0.49804 1.00000
v -14.92175 21.78308 13.19786 0.49412 0.50588 0.49804 1.00000
v -14.81254 21.70435 13.24259 0.49412 0.50588 0.49804 1.00000
v -16.00256 21.18798 14.06722 0.49412 0.50588 0.49804 1.00000
v -15.92740 21.23650 14.20614 0.49412 0.50588 0.49804 1.00000
v -15.91020 21.35785 14.30403 0.49412 0.50588 0.49804 1.00000
v -16.00207 21.44605 14.22268 0.49412 0.50588 0.49804 1.00000
v -16.09327 21.47587 14.10730 0.49412 0.50588 0.49804 1.00000
v -16.07022 21.33471 14.05634 0.49412 0.50588 0.49804 1.00000
v -16.00256 21.18798 14.06722 0.49412 0.50588 0.49804 1.00000
v -17.46627 20.98877 14.50014 0.49412 0.50588 0.49804 1.00000
v -17.46627 20.98877 14.50014 0.49412 0.50588 0.49804 1.00000
v -17.46627 20.98877 14.50014 0.49412 0.50588 0.49804 1.00000
v 11.39402 30.60446 3.74440 0.49412 0.50588 0.49804 1.00000
v 11.47899 30.77958 3.60495 0.49412 0.50588 0.49804 1.00000
v 11.44944 30.96602 3.75356 0.49412 0.50588 0.49804 1.00000
v 11.34869 30.79125 3.93225 0.49412 0.50588 0.49804 1.00000
v 11.39402 30.60446 3.74440 0.49412 0.50588 0.49804 1.00000
v 13.55326 30.59463 4.97803 0.49412 0.50588 0.49804 1.00000
v 13.63640 30.63870 4.83441 0.49412 0.50588 0.49804 1.00000
v 13.57921 30.80404 4.92275 0.49412 0.50588 0.49804 1.00000
v 13.49079 30.72089 5.07742 0.49412 0.50588 0.49804 1.00000
v 13.55326 30.59463 4.97803 0.49412 0.50588 0.49804 1.00000
v 15.76619 31.35190 6.48199 0.49412 0.50588 0.49804 1.00000
v 15.83985 31.39957 6.33873 0.49412 0.50588 0.49804 1.00000
v 15.77372 31.56055 6.34522 0.49412 0.50588 0.49804 1.00000
v 15.70499 31.50187 6.48740 0.49412 0.50588 0.49804 1.00000
v 15.76619 31.35190 6.48199 0.49412 0.50588 0.49804 1.00000
v 17.29928 32.72531 8.24434 0.49412 0.50588 0.49804 1.00000
v 17.29928 32.72531 8.24434 0.49412 0.50588 0.49804 1.00000
v 0.08610 26.84055 -11.33856 0.49412 0.50588 0.49804 1.00000
v -0.13433 27.08534 -11.42899 0.49412 0.50588 0.49804 1.00000
v 0.12057 27.24993 -11.57876 0.49412 0.50588 0.49804 1.00000
v 0.24375 27.02474 -11.47800 0.49412 0.50588 0.49804 1.00000
v 0.08610 26.84055 -11.33856 0.49412 0.50588 0.49804 1.00000
v -0.60472 25.94330 -14.18953 0.49412 0.50588 0.49804 1.00000
v -0.80281 26.08013 -14.15809 0.49412 0.50588 0.49804 1.00000
v -0.62560 26.23773 -14.27594 0.49412 0.50588 0.49804 1.00000
v -0.49035 26.06853 -14.27313 0.49412 0.50588 0.49804 1.00000
v -0.60472 25.94330 -14.18953 0.49412 0.50588 0.49804 1.00000
v -1.06447 25.74359 -16.43003 0.49412 0.50588 0.49804 1.00000
v -1.21703 25.86675 -16.40844 0.49412 0.50588 0.49804 1.00000
v -1.12098 26.03607 -16.42500 0.49412 0.50588 0.49804 1.00000
v -0.98868 25.91148 -16.44351 0.49412 0.50588 0.49804 1.00000
v -1.06447 25.74359 -16.43003 0.49412 0.50588 0.49804 1.00000
v -0.58741 26.00624 -18.91397 0.49412 0.50588 0.49804 1.00000
v -0.74637 26.05760 -18.94734 0.49412 0.50588 0.49804 1.00000
v -0.67757 26.22101 -18.91079 0.49412 0.50588 0.49804 1.00000
v -0.54204 26.14248 -18.88648 0.49412 0.50588 0.49804 1.00000
v -0.58741 26.00624 -18.91397 0.49412 0.50588 0.49804 1.00000
v 0.70494 26.19142 -21.02419 0.49412 0.50588 0.49804 1.00000
v 0.70494 26.19142 -21.02419 0.49412 0.50588 0.49804 1.00000
v -8.54892 31.15574 -10.49235 0.49412 0.50588 0.49804 1.00000
v -8.61405 31.38868 -10.41481 0.49412 0.50588 0.49804 1.00000
v -8.32831 31.35979 -10.55552 0.49412 0.50588 0.49804 1.00000
v -8.54892 31.15574 -10.49235 0.49412 0.50588 0.49804 1.00000
v -9.70593 31.52627 -12.89337 0.49412 0.50588 0.49804 1.00000
v -9.79728 31.72218 -12.83011 0.49412 0.50588 0.49804 1.00000
v -9.59171 31.73984 -12.92222 0.49412 0.50588 0.49804 1.00000
v -9.70593 31.52627 -12.89337 0.49412 0.50588 0.49804 1.00000
v -9.95961 31.31428 -15.84119 0.49412 0.50588 0.49804 1.00000
v -10.10281 31.41857 -15.85984 0.49412 0.50588 0.49804 1.00000
v -9.90121 31.46518 -15.86896 0.49412 0.50588 0.49804 1.00000
v -9.95961 31.31428 -15.84119 0.49412 0.50588 0.49804 1.00000
v -9.49760 31.35170 -18.73220 0.49412 0.50588 0.49804 1.00000
v -9.49760 31.35170 -18.73220 0.49412 0.50588 0.49804 1.00000
v -13.84036 29.32310 -1.40407 0.49412 0.50588 0.49804 1.00000
v -13.86398 29.68142 -1.37048 0.49412 0.50588 0.49804 1.00000
v -14.01353 29.51418 -1.64849 0.49412 0.50588 0.49804 1.00000
v -13.84036 29.32310 -1.40407 0.49412 0.50588 0.49804 1.00000
v -17.02370 29.21791 -0.34128 0.49412 0.50588 0.49804 1.00000
v -17.01082 29.45053 -0.24854 0.49412 0.50588 0.49804 1.00000
v -17.07832 29.36832 -0.50359 0.49412 0.50588 0.49804 1.00000
v -17.02370 29.21791 -0.34128 0.49412 0.50588 0.49804 1.00000
v -20.09464 29.40991 -0.15346 0.49412 0.50588 0.49804 1.00000
v -20.07636 29.59819 -0.06880 0.49412 0.50588 0.49804 1.00000
v -20.08122 29.59558 -0.27408 0.49412 0.50588 0.49804 1.00000
v -20.09464 29.40991 -0.15346 0.49412 0.50588 0.49804 1.00000
v -23.00021 30.14420 -0.13533 0.49412 0.50588 0.49804 1.00000
v -23.00021 30.14420 -0.13533 0.49412 0.50588 0.49804 1.00000
v -6.25294 31.23520 10.04230 0.49412 0.50588 0.49804 1.00000
v -6.30980 31.58623 9.96155 0.49412 0.50588 0.49804 1.00000
v -6.58354 31.37404 10.06406 0.49412 0.50588 0.49804 1.00000
v -6.25294 31.23520 10.04230 0.49412 0.50588 0.49804 1.00000
v -6.09593 32.00166 13.11177 0.49412 0.50588 0.49804 1.00000
v -6.06824 32.22338 13.06558 0.49412 0.50588 0.49804 1.00000
v -6.28128 32.09354 13.09700 0.49412 0.50588 0.49804 1.00000
v -6.09593 32.00166 13.11177 0.49412 0.50588 0.49804 1.00000
v -6.82032 32.53807 15.74937 0.49412 0.50588 0.49804 1.00000
v -6.78971 32.74322 15.71957 0.49412 0.50588 0.49804 1.00000
v -6.97864 32.67440 15.66783 0.49412 0.50588 0.49804 1.00000
v -6.82032 32.53807 15.74937 0.49412 0.50588 0.49804 1.00000
v -7.81113 33.62158 18.04305 0.49412 0.50588 0.49804 1.00000
v -7.81113 33.62158 18.04305 0.49412 0.50588 0.49804 1.00000
v 4.29574 32.69321 14.37225 0.49412 0.50588 0.49804 1.00000
v 4.30879 32.92429 14.38084 0.49412 0.50588 0.49804 1.00000
v 4.14992 32.83122 14.52257 0.49412 0.50588 0.49804 1.00000
v 4.29574 32.69321 14.37225 0.49412 0.50588 0.49804 1.00000
v 6.26621 32.64447 16.41229 0.49412 0.50588 0.49804 1.00000
v 6.31389 32.80028 16.37547 0.49412 0.50588 0.49804 1.00000
v 6.17623 32.73652 16.49675 0.49412 0.50588 0.49804 1.00000
v 6.26621 32.64447 16.41229 0.49412 0.50588 0.49804 1.00000
v 7.53006 32.87680 18.79990 0.49412 0.50588 0.49804 1.00000
v 7.53006 32.87680 18.79990 0.49412 0.50588 0.49804 1.00000
v 1.19403 38.18307 -10.14671 0.49412 0.50588 0.49804 1.00000
v 1.22609 38.37547 -10.04066 0.49412 0.50588 0.49804 1.00000
v 1.44973 38.23428 -10.06953 0.49412 0.50588 0.49804 1.00000
v 1.19403 38.18307 -10.14671 0.49412 0.50588 0.49804 1.00000
v 1.90000 39.15271 -14.11224 0.49412 0.50588 0.49804 1.00000
v 1.90221 39.32352 -14.08948 0.49412 0.50588 0.49804 1.00000
v 2.09267 39.22104 -14.07199 0.49412 0.50588 0.49804 1.00000
v 1.90000 39.15271 -14.11224 0.49412 0.50588 0.49804 1.00000
v 2.73506 39.45899 -18.04227 0.49412 0.50588 0.49804 1.00000
v 2.73506 39.45899 -18.04227 0.49412 0.50588 0.49804 1.00000
v -14.83182 40.41113 -4.02265 0.49412 0.50588 0.49804 1.00000
v -14.80530 40.58373 -4.01823 0.49412 0.50588 0.49804 1.00000
v -14.79392 40.50424 -4.21154 0.49412 0.50588 0.49804 1.00000
v -14.83182 40.41113 -4.02265 0.49412 0.50588 0.49804 1.00000
v -19.25682 41.62966 -5.60319 0.49412 0.50588 0.49804 1.00000
v -19.25682 41.62966 -5.60319 0.49412 0.50588 0.49804 1.00000
v -7.36609 37.94088 7.91084 0.49412 0.50588 0.49804 1.00000
v -7.33056 38.11019 7.81751 0.49412 0.50588 0.49804 1.00000
v -7.52455 37.96042 7.73483 0.49412 0.50588 0.49804 1.00000
v -7.36609 37.94088 7.91084 0.49412 0.50588 0.49804 1.00000
v -10.87917 39.95497 11.52838 0.49412 0.50588 0.49804 1.00000
v -10.84668 40.15104 11.46433 0.49412 0.50588 0.49804 1.00000
v -10.99055 40.02205 11.40110 0.49412 0.50588 0.49804 1.00000
v -10.87917 39.95497 11.52838 0.49412 0.50588 0.49804 1.00000
v -13.40305 41.51233 14.32215 0.49412 0.50588 0.49804 1.00000
v -13.40305 41.51233 14.32215 0.49412 0.50588 0.49804 1.00000
v 0.16437 42.69448 13.40793 0.49412 0.50588 0.49804 1.00000
v 0.08150 42.86885 13.32874 0.49412 0.50588 0.49804 1.00000
v 0.00050 42.74527 13.46819 0.49412 0.50588 0.49804 1.00000
v 0.16437 42.69448 13.40793 0.49412 0.50588 0.49804 1.00000
v 0.61191 45.20951 16.87484 0.49412 0.50588 0.49804 1.00000
v 0.61191 45.20951 16.87484 0.49412 0.50588 0.49804 1.00000
v 8.20770 38.96463 -1.13391 0.49412 0.50588 0.49804 1.00000
v 8.10474 39.07228 -0.97021 0.49412 0.50588 0.49804 1.00000
v 8.30959 38.92662 -0.88556 0.49412 0.50588 0.49804 1.00000
v 8.20770 38.96463 -1.13391 0.49412 0.50588 0.49804 1.00000
v 11.11277 41.55174 -1.39200 0.49412 0.50588 0.49804 1.00000
v 11.04596 41.64660 -1.28979 0.49412 0.50588 0.49804 1.00000
v 11.15846 41.50550 -1.21672 0.49412 0.50588 0.49804 1.00000
v 11.11277 41.55174 -1.39200 0.49412 0.50588 0.49804 1.00000
v 13.76735 43.97841 -2.34569 0.49412 0.50588 0.49804 1.00000
v 13.76735 43.97841 -2.34569 0.49412 0.50588 0.49804 1.00000
v -9.16635 46.97104 -5.25267 0.49412 0.50588 0.49804 1.00000
v -9.02091 47.12687 -5.28180 0.49412 0.50588 0.49804 1.00000
v -9.07532 47.00501 -5.40646 0.49412 0.50588 0.49804 1.00000
v -9.16635 46.97104 -5.25267 0.49412 0.50588 0.49804 1.00000
v -12.99477 50.73026 -7.73208 0.49412 0.50588 0.49804 1.00000
v -12.99477 50.73026 -7.73208 0.49412 0.50588 0.49804 1.00000
v -5.83946 46.40726 12.80785 0.49412 0.50588 0.49804 1.00000
v -5.91362 46.49414 12.71070 0.49412 0.50588 0.49804 1.00000
v -6.01541 46.36289 12.77931 0.49412 0.50588 0.49804 1.00000
v -5.83946 46.40726 12.80785 0.49412 0.50588 0.49804 1.00000
v -6.84561 49.46019 15.69902 0.49412 0.50588 0.49804 1.00000
v -6.84561 49.46019 15.69902 0.49412 0.50588 0.49804 1.00000
v 3.66897 17.48832 14.75622 0.49412 0.50588 0.49804 1.00000
v 3.30165 17.52710 15.53435 0.49412 0.50588 0.49804 1.00000
v 3.25043 17.36821 15.75744 0.49412 0.50588 0.49804 1.00000
v 3.56957 17.29060 15.05853 0.49412 0.50588 0.49804 1.00000
v 3.85890 17.36815 14.82873 0.49412 0.50588 0.49804 1.00000
v 3.46605 17.44325 15.59475 0.49412 0.50588 0.49804 1.00000
v 3.30165 17.52710 15.53435 0.49412 0.50588 0.49804 1.00000
v 3.66897 17.48832 14.75622 0.49412 0.50588 0.49804 1.00000
v 2.97030 17.56680 16.25037 0.49412 0.50588 0.49804 1.00000
v 2.95817 17.44619 16.41067 0.49412 0.50588 0.49804 1.00000
v 3.10675 17.52248 16.29694 0.49412 0.50588 0.49804 1.00000
v 2.97030 17.56680 16.25037 0.49412 0.50588 0.49804 1.00000
v 2.39949 17.65642 17.48214 0.49412 0.50588 0.49804 1.00000
v 2.43116 17.57872 17.57055 0.49412 0.50588 0.49804 1.00000
v 2.49997 17.66162 17.51279 0.49412 0.50588 0.49804 1.00000
v 2.39949 17.65642 17.48214 0.49412 0.50588 0.49804 1.00000
v 0.32565 19.79449 22.06635 0.49412 0.50588 0.49804 1.00000
v 0.32565 19.79449 22.06635 0.49412 0.50588 0.49804 1.00000
v 4.60494 18.24910 13.73415 0.49412 0.50588 0.49804 1.00000
v 4.18077 18.19101 14.20650 0.49412 0.50588 0.49804 1.00000
v 4.07242 18.06465 14.43778 0.49412 0.50588 0.49804 1.00000
v 4.43280 18.10012 14.04144 0.49412 0.50588 0.49804 1.00000
v 4.67317 18.15189 14.09926 0.49412 0.50588 0.49804 1.00000
v 4.26045 18.12586 14.49752 0.49412 0.50588 0.49804 1.00000
v 4.33299 18.32358 14.27671 0.49412 0.50588 0.49804 1.00000
v 4.78435 18.42029 13.80875 0.49412 0.50588 0.49804 1.00000
v 4.60494 18.24910 13.73415 0.49412 0.50588 0.49804 1.00000
v 4.18077 18.19101 14.20650 0.49412 0.50588 0.49804 1.00000
v 3.79302 18.14817 14.63971 0.49412 0.50588 0.49804 1.00000
v 3.73418 18.03944 14.80934 0.49412 0.50588 0.49804 1.00000
v 3.87468 18.10641 14.86344 0.49412 0.50588 0.49804 1.00000
v 3.91629 18.25137 14.69985 0.49412 0.50588 0.49804 1.00000
v 3.79302 18.14817 14.63971 0.49412 0.50588 0.49804 1.00000
v 3.12037 18.08284 15.37432 0.49412 0.50588 0.49804 1.00000
v 3.11946 17.99156 15.47129 0.49412 0.50588 0.49804 1.00000
v 3.20586 18.06138 15.51473 0.49412 0.50588 0.49804 1.00000
v 3.20505 18.16024 15.42033 0.49412 0.50588 0.49804 1.00000
v 3.12037 18.08284 15.37432 0.49412 0.50588 0.49804 1.00000
v 0.33499 18.96614 18.33075 0.49412 0.50588 0.49804 1.00000
v 0.35282 18.92146 18.39253 0.49412 0.50588 0.49804 1.00000
v 0.41547 18.96870 18.41321 0.49412 0.50588 0.49804 1.00000
v 0.39531 19.01419 18.34819 0.49412 0.50588 0.49804 1.00000
v 0.33499 18.96614 18.33075 0.49412 0.50588 0.49804 1.00000
v -0.56642 21.04778 20.13688 0.49412 0.50588 0.49804 1.00000
v -0.56642 21.04778 20.13688 0.49412 0.50588 0.49804 1.00000
v 3.69561 17.23272 14.94338 0.49412 0.50588 0.49804 1.00000
v 2.87975 17.20150 15.13889 0.49412 0.50588 0.49804 1.00000
v 2.69673 17.18748 15.33302 0.49412 0.50588 0.49804 1.00000
v 3.43685 17.22154 15.17796 0.49412 0.50588 0.49804 1.00000
v 3.71086 17.46257 15.02945 0.49412 0.50588 0.49804 1.00000
v 2.89296 17.38152 15.22857 0.49412 0.50588 0.49804 1.00000
v 2.87975 17.20150 15.13889 0.49412 0.50588 0.49804 1.00000
v 3.69561 17.23272 14.94338 0.49412 0.50588 0.49804 1.00000
v 2.12954 17.18048 15.31460 0.49412 0.50588 0.49804 1.00000
v 2.00533 17.15827 15.47075 0.49412 0.50588 0.49804 1.00000
v 2.14079 17.31064 15.40238 0.49412 0.50588 0.49804 1.00000
v 2.12954 17.18048 15.31460 0.49412 0.50588 0.49804 1.00000
v 0.83319 17.13913 15.61061 0.49412 0.50588 0.49804 1.00000
v 0.77613 17.10297 15.72134 0.49412 0.50588 0.49804 1.00000
v 0.84198 17.21088 15.69091 0.49412 0.50588 0.49804 1.00000
v 0.83319 17.13913 15.61061 0.49412 0.50588 0.49804 1.00000
v -3.01267 20.19423 17.07074 0.49412 0.50588 0.49804 1.00000
v -3.01267 20.19423 17.07074 0.49412 0.50588 0.49804 1.00000
v 5.51774 19.18729 12.89739 0.49412 0.50588 0.49804 1.00000
v 5.06606 18.91002 12.96016 0.49412 0.50588 0.49804 1.00000
v 4.88742 18.75382 13.15003 0.49412 0.50588 0.49804 1.00000
v 5.27004 18.98213 13.12005 0.49412 0.50588 0.49804 1.00000
v 5.21685 19.26147 13.14922 0.49412 0.50588 0.49804 1.00000
v 4.82609 18.98081 13.17957 0.49412 0.50588 0.49804 1.00000
v 4.93356 19.11828 12.88573 0.49412 0.50588 0.49804 1.00000
v 5.34570 19.43431 12.75089 0.49412 0.50588 0.49804 1.00000
v 5.51774 19.18729 12.89739 0.49412 0.50588 0.49804 1.00000
v 5.06606 18.91002 12.96016 0.49412 0.50588 0.49804 1.00000
v 4.64652 18.66028 13.00880 0.49412 0.50588 0.49804 1.00000
v 4.52557 18.53800 13.16950 0.49412 0.50588 0.49804 1.00000
v 4.46559 18.71612 13.20292 0.49412 0.50588 0.49804 1.00000
v 4.55012 18.82977 12.99101 0.49412 0.50588 0.49804 1.00000
v 4.64652 18.66028 13.00880 0.49412 0.50588 0.49804 1.00000
v 3.92432 18.22126 13.08871 0.49412 0.50588 0.49804 1.00000
v 3.87395 18.13350 13.21684 0.49412 0.50588 0.49804 1.00000
v 3.82462 18.25771 13.25816 0.49412 0.50588 0.49804 1.00000
v 3.86695 18.34546 13.12236 0.49412 0.50588 0.49804 1.00000
v 3.92432 18.22126 13.08871 0.49412 0.50588 0.49804 1.00000
v -0.26870 17.36098 12.44825 0.49412 0.50588 0.49804 1.00000
v -0.29513 17.27378 12.47124 0.49412 0.50588 0.49804 1.00000
v -0.29623 17.30253 12.56011 0.49412 0.50588 0.49804 1.00000
v -0.27097 17.38479 12.53519 0.49412 0.50588 0.49804 1.00000
v -0.26870 17.36098 12.44825 0.49412 0.50588 0.49804 1.00000
v -3.04500 19.06274 12.94281 0.49412 0.50588 0.49804 1.00000
v -3.04500 19.06274 12.94281 0.49412 0.50588 0.49804 1.00000
v 4.95006 18.58457 13.78695 0.49412 0.50588 0.49804 1.00000
v 4.68164 18.10502 13.71697 0.49412 0.50588 0.49804 1.00000
v 4.50415 17.91689 13.82891 0.49412 0.50588 0.49804 1.00000
v 4.71620 18.32990 13.91123 0.49412 0.50588 0.49804 1.00000
v 4.59439 18.50105 13.75418 0.49412 0.50588 0.49804 1.00000
v 4.38867 18.04750 13.70996 0.49412 0.50588 0.49804 1.00000
v 4.60015 18.18630 13.51240 0.49412 0.50588 0.49804 1.00000
v 4.88654 18.67245 13.48563 0.49412 0.50588 0.49804 1.00000
v 4.95006 18.58457 13.78695 0.49412 0.50588 0.49804 1.00000
v 4.68164 18.10502 13.71697 0.49412 0.50588 0.49804 1.00000
v 4.43621 17.66603 13.64284 0.49412 0.50588 0.49804 1.00000
v 4.31152 17.52560 13.74603 0.49412 0.50588 0.49804 1.00000
v 4.20419 17.62357 13.67079 0.49412 0.50588 0.49804 1.00000
v 4.34477 17.73957 13.52504 0.49412 0.50588 0.49804 1.00000
v 4.43621 17.66603 13.64284 0.49412 0.50588 0.49804 1.00000
v 4.01788 16.90630 13.52174 0.49412 0.50588 0.49804 1.00000
v 3.95806 16.81567 13.61944 0.49412 0.50588 0.49804 1.00000
v 3.86308 16.88499 13.60093 0.49412 0.50588 0.49804 1.00000
v 3.92366 16.97182 13.49609 0.49412 0.50588 0.49804 1.00000
v 4.01788 16.90630 13.52174 0.49412 0.50588 0.49804 1.00000
v 0.98780 15.74591 11.85572 0.49412 0.50588 0.49804 1.00000
v 0.95976 15.66612 11.84953 0.49412 0.50588 0.49804 1.00000
v 0.91664 15.67118 11.92594 0.49412 0.50588 0.49804 1.00000
v 0.94699 15.75437 11.93051 0.49412 0.50588 0.49804 1.00000
v 0.98780 15.74591 11.85572 0.49412 0.50588 0.49804 1.00000
v -1.14189 17.90281 11.52332 0.49412 0.50588 0.49804 1.00000
v -1.14189 17.90281 11.52332 0.49412 0.50588 0.49804 1.00000
v 9.16013 23.74594 2.53153 0.49412 0.50588 0.49804 1.00000
v 9.67305 23.84091 2.50560 0.49412 0.50588 0.49804 1.00000
v 9.96292 23.81028 2.57940 0.49412 0.50588 0.49804 1.00000
v 9.54938 23.74831 2.62209 0.49412 0.50588 0.49804 1.00000
v 9.76650 23.67220 2.45461 0.49412 0.50588 0.49804 1.00000
v 10.12467 23.72319 2.43579 0.49412 0.50588 0.49804 1.00000
v 9.98200 23.58777 2.28489 0.49412 0.50588 0.49804 1.00000
v 9.56874 23.46883 2.30429 0.49412 0.50588 0.49804 1.00000
v 9.13778 23.53782 2.12715 0.49412 0.50588 0.49804 1.00000
v 9.66686 23.66237 2.16176 0.49412 0.50588 0.49804 1.00000
v 9.51906 23.82286 2.24240 0.49412 0.50588 0.49804 1.00000
v 8.94432 23.73328 2.19093 0.49412 0.50588 0.49804 1.00000
v 9.16013 23.74594 2.53153 0.49412 0.50588 0.49804 1.00000
v 9.67305 23.84091 2.50560 0.49412 0.50588 0.49804 1.00000
v 10.13956 23.93158 2.47198 0.49412 0.50588 0.49804 1.00000
v 10.35026 23.87156 2.53124 0.49412 0.50588 0.49804 1.00000
v 10.46621 23.78336 2.40860 0.49412 0.50588 0.49804 1.00000
v 10.36508 23.70817 2.26388 0.49412 0.50588 0.49804 1.00000
v 10.14084 23.79259 2.18340 0.49412 0.50588 0.49804 1.00000
v 10.03188 23.92141 2.27246 0.49412 0.50588 0.49804 1.00000
v 10.13956 23.93158 2.47198 0.49412 0.50588 0.49804 1.00000
v 10.93329 24.08758 2.42026 0.49412 0.50588 0.49804 1.00000
v 11.04889 23.99262 2.46503 0.49412 0.50588 0.49804 1.00000
v 11.10799 23.91032 2.36434 0.49412 0.50588 0.49804 1.00000
v 11.05252 23.90004 2.23319 0.49412 0.50588 0.49804 1.00000
v 10.93308 24.00414 2.19129 0.49412 0.50588 0.49804 1.00000
v 10.87482 24.10124 2.28190 0.49412 0.50588 0.49804 1.00000
v 10.93329 24.08758 2.42026 0.49412 0.50588 0.49804 1.00000
v 14.41532 25.38276 2.03314 0.49412 0.50588 0.49804 1.00000
v 14.47268 25.30286 2.02018 0.49412 0.50588 0.49804 1.00000
v 14.48168 25.27256 1.92672 0.49412 0.50588 0.49804 1.00000
v 14.43813 25.31756 1.85587 0.49412 0.50588 0.49804 1.00000
v 14.38453 25.39281 1.87099 0.49412 0.50588 0.49804 1.00000
v 14.37221 25.42650 1.95884 0.49412 0.50588 0.49804 1.00000
v 14.41532 25.38276 2.03314 0.49412 0.50588 0.49804 1.00000
v 16.82305 26.97989 1.80301 0.49412 0.50588 0.49804 1.00000
v 16.86230 26.92527 1.76704 0.49412 0.50588 0.49804 1.00000
v 16.86096 26.91546 1.69136 0.49412 0.50588 0.49804 1.00000
v 16.81732 26.96345 1.64753 0.49412 0.50588 0.49804 1.00000
v 16.77911 27.01714 1.68585 0.49412 0.50588 0.49804 1.00000
v 16.77852 27.02934 1.76138 0.49412 0.50588 0.49804 1.00000
v 16.82305 26.97989 1.80301 0.49412 0.50588 0.49804 1.00000
v 18.59068 28.45828 1.06435 0.49412 0.50588 0.49804 1.00000
v 18.59068 28.45828 1.06435 0.49412 0.50588 0.49804 1.00000
v 18.59068 28.45828 1.06435 0.49412 0.50588 0.49804 1.00000
v 10.65409 23.31852 2.99534 0.49412 0.50588 0.49804 1.00000
v 11.13103 23.38735 3.23535 0.49412 0.50588 0.49804 1.00000
v 11.45101 23.29632 3.31167 0.49412 0.50588 0.49804 1.00000
v 11.08850 23.23288 3.11952 0.49412 0.50588 0.49804 1.00000
v 11.24232 23.29538 2.91681 0.49412 0.50588 0.49804 1.00000
v 11.57810 23.34854 3.12946 0.49412 0.50588 0.49804 1.00000
v 11.35495 23.42010 2.93241 0.49412 0.50588 0.49804 1.00000
v 10.93186 23.33669 2.65639 0.49412 0.50588 0.49804 1.00000
v 10.55029 23.53045 2.74809 0.49412 0.50588 0.49804 1.00000
v 11.06691 23.55133 3.02580 0.49412 0.50588 0.49804 1.00000
v 11.13103 23.38735 3.23535 0.49412 0.50588 0.49804 1.00000
v 10.65409 23.31852 2.99534 0.49412 0.50588 0.49804 1.00000
v 11.56393 23.46250 3.45144 0.49412 0.50588 0.49804 1.00000
v 11.79262 23.36546 3.49120 0.49412 0.50588 0.49804 1.00000
v 11.89374 23.40922 3.33387 0.49412 0.50588 0.49804 1.00000
v 11.73849 23.50359 3.19027 0.49412 0.50588 0.49804 1.00000
v 11.52719 23.59099 3.28056 0.49412 0.50588 0.49804 1.00000
v 11.56393 23.46250 3.45144 0.49412 0.50588 0.49804 1.00000
v 12.28849 23.59131 3.83056 0.49412 0.50588 0.49804 1.00000
v 12.41221 23.48392 3.82672 0.49412 0.50588 0.49804 1.00000
v 12.48182 23.51931 3.70166 0.49412 0.50588 0.49804 1.00000
v 12.40655 23.63578 3.62204 0.49412 0.50588 0.49804 1.00000
v 12.28251 23.69169 3.71190 0.49412 0.50588 0.49804 1.00000
v 12.28849 23.59131 3.83056 0.49412 0.50588 0.49804 1.00000
v 15.42039 24.53275 5.10394 0.49412 0.50588 0.49804 1.00000
v 15.48426 24.45794 5.06753 0.49412 0.50588 0.49804 1.00000
v 15.50424 24.47072 4.96138 0.49412 0.50588 0.49804 1.00000
v 15.44628 24.56059 4.93686 0.49412 0.50588 0.49804 1.00000
v 15.39601 24.59737 5.02336 0.49412 0.50588 0.49804 1.00000
v 15.42039 24.53275 5.10394 0.49412 0.50588 0.49804 1.00000
v 17.20068 26.17008 6.04362 0.49412 0.50588 0.49804 1.00000
v 17.26523 26.12037 6.01486 0.49412 0.50588 0.49804 1.00000
v 17.28972 26.15122 5.93818 0.49412 0.50588 0.49804 1.00000
v 17.24041 26.21551 5.92534 0.49412 0.50588 0.49804 1.00000
v 17.18708 26.22978 5.98454 0.49412 0.50588 0.49804 1.00000
v 17.20068 26.17008 6.04362 0.49412 0.50588 0.49804 1.00000
v 18.74017 28.07758 6.79532 0.49412 0.50588 0.49804 1.00000
v 18.74017 28.07758 6.79532 0.49412 0.50588 0.49804 1.00000
v 18.74017 28.07758 6.79532 0.49412 0.50588 0.49804 1.00000
v 9.62819 23.44091 2.41422 0.49412 0.50588 0.49804 1.00000
v 9.99464 23.53866 2.77725 0.49412 0.50588 0.49804 1.00000
v 10.34850 23.55791 2.89549 0.49412 0.50588 0.49804 1.00000
v 10.09040 23.48956 2.60763 0.49412 0.50588 0.49804 1.00000
v 10.18530 23.74588 2.54204 0.49412 0.50588 0.49804 1.00000
v 10.43246 23.77585 2.82335 0.49412 0.50588 0.49804 1.00000
v 10.19270 23.86878 2.62422 0.49412 0.50588 0.49804 1.00000
v 9.88197 23.81915 2.25051 0.49412 0.50588 0.49804 1.00000
v 9.41042 23.70699 2.31909 0.49412 0.50588 0.49804 1.00000
v 9.84492 23.76643 2.68557 0.49412 0.50588 0.49804 1.00000
v 9.99464 23.53866 2.77725 0.49412 0.50588 0.49804 1.00000
v 9.62819 23.44091 2.41422 0.49412 0.50588 0.49804 1.00000
v 10.31712 23.63815 3.11403 0.49412 0.50588 0.49804 1.00000
v 10.58598 23.62891 3.17312 0.49412 0.50588 0.49804 1.00000
v 10.65968 23.80648 3.09894 0.49412 0.50588 0.49804 1.00000
v 10.47170 23.91288 2.97261 0.49412 0.50588 0.49804 1.00000
v 10.21897 23.82915 3.03023 0.49412 0.50588 0.49804 1.00000
v 10.31712 23.63815 3.11403 0.49412 0.50588 0.49804 1.00000
v 10.85248 23.79241 3.69264 0.49412 0.50588 0.49804 1.00000
v 11.02728 23.74764 3.68004 0.49412 0.50588 0.49804 1.00000
v 11.08720 23.87558 3.60526 0.49412 0.50588 0.49804 1.00000
v 10.96382 23.99456 3.56139 0.49412 0.50588 0.49804 1.00000
v 10.80663 23.94326 3.63050 0.49412 0.50588 0.49804 1.00000
v 10.85248 23.79241 3.69264 0.49412 0.50588 0.49804 1.00000
v 12.95213 25.23240 6.35240 0.49412 0.50588 0.49804 1.00000
v 13.06132 25.20098 6.35786 0.49412 0.50588 0.49804 1.00000
v 13.11125 25.26054 6.27569 0.49412 0.50588 0.49804 1.00000
v 13.03692 25.32198 6.22610 0.49412 0.50588 0.49804 1.00000
v 12.94110 25.30558 6.27167 0.49412 0.50588 0.49804 1.00000
v 12.95213 25.23240 6.35240 0.49412 0.50588 0.49804 1.00000
v 13.27487 27.52373 7.92238 0.49412 0.50588 0.49804 1.00000
v 13.35720 27.50444 7.94473 0.49412 0.50588 0.49804 1.00000
v 13.41346 27.53516 7.88513 0.49412 0.50588 0.49804 1.00000
v 13.36516 27.57611 7.82148 0.49412 0.50588 0.49804 1.00000
v 13.28236 27.56690 7.84778 0.49412 0.50588 0.49804 1.00000
v 13.27487 27.52373 7.92238 0.49412 0.50588 0.49804 1.00000
v 13.80553 29.88857 8.47836 0.49412 0.50588 0.49804 1.00000
v 13.80553 29.88857 8.47836 0.49412 0.50588 0.49804 1.00000
v 13.80553 29.88857 8.47836 0.49412 0.50588 0.49804 1.00000
v 7.95355 23.65049 1.59446 0.49412 0.50588 0.49804 1.00000
v 8.26224 23.47810 2.00463 0.49412 0.50588 0.49804 1.00000
v 8.61497 23.48112 2.12505 0.49412 0.50588 0.49804 1.00000
v 8.42319 23.66999 1.78575 0.49412 0.50588 0.49804 1.00000
v 8.52163 23.82481 2.02869 0.49412 0.50588 0.49804 1.00000
v 8.70838 23.63021 2.29640 0.49412 0.50588 0.49804 1.00000
v 8.56202 23.85356 2.25102 0.49412 0.50588 0.49804 1.00000
v 8.33276 24.09195 1.92422 0.49412 0.50588 0.49804 1.00000
v 7.93889 24.07935 1.76025 0.49412 0.50588 0.49804 1.00000
v 8.25312 23.85200 2.14675 0.49412 0.50588 0.49804 1.00000
v 8.04905 23.62521 2.06977 0.49412 0.50588 0.49804 1.00000
v 7.65830 23.79294 1.67299 0.49412 0.50588 0.49804 1.00000
v 7.95355 23.65049 1.59446 0.49412 0.50588 0.49804 1.00000
v 8.26224 23.47810 2.00463 0.49412 0.50588 0.49804 1.00000
v 8.52508 23.31911 2.39004 0.49412 0.50588 0.49804 1.00000
v 8.78677 23.30395 2.45042 0.49412 0.50588 0.49804 1.00000
v 8.87831 23.43885 2.55979 0.49412 0.50588 0.49804 1.00000
v 8.77190 23.62574 2.55510 0.49412 0.50588 0.49804 1.00000
v 8.53025 23.63732 2.50274 0.49412 0.50588 0.49804 1.00000
v 8.37964 23.46448 2.44343 0.49412 0.50588 0.49804 1.00000
v 8.52508 23.31911 2.39004 0.49412 0.50588 0.49804 1.00000
v 8.95330 23.01443 3.03903 0.49412 0.50588 0.49804 1.00000
v 9.12259 22.98494 3.02510 0.49412 0.50588 0.49804 1.00000
v 9.21194 23.09749 3.06710 0.49412 0.50588 0.49804 1.00000
v 9.15749 23.24265 3.10263 0.49412 0.50588 0.49804 1.00000
v 8.98795 23.26330 3.11761 0.49412 0.50588 0.49804 1.00000
v 8.88076 23.14570 3.09018 0.49412 0.50588 0.49804 1.00000
v 8.95330 23.01443 3.03903 0.49412 0.50588 0.49804 1.00000
v 9.46518 21.64099 6.45877 0.49412 0.50588 0.49804 1.00000
v 9.53255 21.55549 6.45687 0.49412 0.50588 0.49804 1.00000
v 9.63381 21.57611 6.48920 0.49412 0.50588 0.49804 1.00000
v 9.66269 21.67108 6.51944 0.49412 0.50588 0.49804 1.00000
v 9.59675 21.74986 6.52014 0.49412 0.50588 0.49804 1.00000
v 9.49790 21.73656 6.49019 0.49412 0.50588 0.49804 1.00000
v 9.46518 21.64099 6.45877 0.49412 0.50588 0.49804 1.00000
v 9.63988 22.21255 8.99440 0.49412 0.50588 0.49804 1.00000
v 9.64495 22.13539 9.01815 0.49412 0.50588 0.49804 1.00000
v 9.71956 22.10162 9.00774 0.49412 0.50588 0.49804 1.00000
v 9.77777 22.14530 8.97674 0.49412 0.50588 0.49804 1.00000
v 9.76638 22.21778 8.95633 0.49412 0.50588 0.49804 1.00000
v 9.69822 22.25770 8.96288 0.49412 0.50588 0.49804 1.00000
v 9.63988 22.21255 8.99440 0.49412 0.50588 0.49804 1.00000
v 10.27393 24.02221 10.60250 0.49412 0.50588 0.49804 1.00000
v 10.27393 24.02221 10.60250 0.49412 0.50588 0.49804 1.00000
v 10.27393 24.02221 10.60250 0.49412 0.50588 0.49804 1.00000
v 13.34447 22.23158 3.96108 0.49412 0.50588 0.49804 1.00000
v 13.56142 21.74098 4.07765 0.49412 0.50588 0.49804 1.00000
v 13.74954 21.55812 4.24407 0.49412 0.50588 0.49804 1.00000
v 13.56396 21.95201 4.19750 0.49412 0.50588 0.49804 1.00000
v 13.38371 22.20604 4.36297 0.49412 0.50588 0.49804 1.00000
v 13.61345 21.73746 4.39930 0.49412 0.50588 0.49804 1.00000
v 13.33936 21.80681 4.20443 0.49412 0.50588 0.49804 1.00000
v 13.01885 22.29521 4.07730 0.49412 0.50588 0.49804 1.00000
v 13.34447 22.23158 3.96108 0.49412 0.50588 0.49804 1.00000
v 13.56142 21.74098 4.07765 0.49412 0.50588 0.49804 1.00000
v 13.74716 21.28684 4.18773 0.49412 0.50588 0.49804 1.00000
v 13.91499 21.17919 4.28367 0.49412 0.50588 0.49804 1.00000
v 13.82471 21.30417 4.42598 0.49412 0.50588 0.49804 1.00000
v 13.61474 21.35440 4.31719 0.49412 0.50588 0.49804 1.00000
v 13.74716 21.28684 4.18773 0.49412 0.50588 0.49804 1.00000
v 14.07654 20.51006 4.35591 0.49412 0.50588 0.49804 1.00000
v 14.22319 20.48575 4.36630 0.49412 0.50588 0.49804 1.00000
v 14.19488 20.55326 4.49308 0.49412 0.50588 0.49804 1.00000
v 14.04213 20.56640 4.48300 0.49412 0.50588 0.49804 1.00000
v 14.07654 20.51006 4.35591 0.49412 0.50588 0.49804 1.00000
v 14.43955 17.04737 6.85661 0.49412 0.50588 0.49804 1.00000
v 14.45834 16.96051 6.81549 0.49412 0.50588 0.49804 1.00000
v 14.55280 16.98046 6.82800 0.49412 0.50588 0.49804 1.00000
v 14.53168 17.06269 6.86683 0.49412 0.50588 0.49804 1.00000
v 14.43955 17.04737 6.85661 0.49412 0.50588 0.49804 1.00000
v 14.57867 17.88905 10.00848 0.49412 0.50588 0.49804 1.00000
v 14.57867 17.88905 10.00848 0.49412 0.50588 0.49804 1.00000
v 9.46872 22.65973 -7.43285 0.49412 0.50588 0.49804 1.00000
v 9.69005 22.72563 -8.09268 0.49412 0.50588 0.49804 1.00000
v 9.84424 22.64198 -8.33491 0.49412 0.50588 0.49804 1.00000
v 9.68598 22.58340 -7.75932 0.49412 0.50588 0.49804 1.00000
v 9.54967 22.45117 -7.90218 0.49412 0.50588 0.49804 1.00000
v 9.71843 22.53479 -8.45046 0.49412 0.50588 0.49804 1.00000
v 9.49950 22.52483 -8.26472 0.49412 0.50588 0.49804 1.00000
v 9.27078 22.40376 -7.63825 0.49412 0.50588 0.49804 1.00000
v 9.12753 22.67475 -7.41098 0.49412 0.50588 0.49804 1.00000
v 9.42704 22.72669 -8.08115 0.49412 0.50588 0.49804 1.00000
v 9.69005 22.72563 -8.09268 0.49412 0.50588 0.49804 1.00000
v 9.46872 22.65973 -7.43285 0.49412 0.50588 0.49804 1.00000
v 9.88456 22.78987 -8.69833 0.49412 0.50588 0.49804 1.00000
v 9.98504 22.70026 -8.87500 0.49412 0.50588 0.49804 1.00000
v 9.87156 22.62297 -8.96555 0.49412 0.50588 0.49804 1.00000
v 9.70675 22.64728 -8.83784 0.49412 0.50588 0.49804 1.00000
v 9.68816 22.79147 -8.69185 0.49412 0.50588 0.49804 1.00000
v 9.88456 22.78987 -8.69833 0.49412 0.50588 0.49804 1.00000
v 10.21620 22.91081 -9.73478 0.49412 0.50588 0.49804 1.00000
v 10.25682 22.81339 -9.83520 0.49412 0.50588 0.49804 1.00000
v 10.15770 22.77508 -9.89336 0.49412 0.50588 0.49804 1.00000
v 10.05560 22.83829 -9.82890 0.49412 0.50588 0.49804 1.00000
v 10.08857 22.92774 -9.73497 0.49412 0.50588 0.49804 1.00000
v 10.21620 22.91081 -9.73478 0.49412 0.50588 0.49804 1.00000
v 11.38060 24.78063 -13.40988 0.49412 0.50588 0.49804 1.00000
v 11.36109 24.72479 -13.46654 0.49412 0.50588 0.49804 1.00000
v 11.27612 24.72344 -13.47834 0.49412 0.50588 0.49804 1.00000
v 11.24958 24.78323 -13.42350 0.49412 0.50588 0.49804 1.00000
v 11.31218 24.82065 -13.37942 0.49412 0.50588 0.49804 1.00000
v 11.38060 24.78063 -13.40988 0.49412 0.50588 0.49804 1.00000
v 11.22915 26.59039 -15.72799 0.49412 0.50588 0.49804 1.00000
v 11.22915 26.59039 -15.72799 0.49412 0.50588 0.49804 1.00000
v 11.22915 26.59039 -15.72799 0.49412 0.50588 0.49804 1.00000
v 8.71741 22.73070 -6.73833 0.49412 0.50588 0.49804 1.00000
v 9.05132 22.84410 -7.10873 0.49412 0.50588 0.49804 1.00000
v 9.24747 22.79029 -7.37160 0.49412 0.50588 0.49804 1.00000
v 8.99992 22.69538 -7.07977 0.49412 0.50588 0.49804 1.00000
v 8.87130 22.76420 -7.29162 0.49412 0.50588 0.49804 1.00000
v 9.12587 22.84566 -7.55083 0.49412 0.50588 0.49804 1.00000
v 8.85358 22.88732 -7.41470 0.49412 0.50588 0.49804 1.00000
v 8.50936 22.76809 -7.10532 0.49412 0.50588 0.49804 1.00000
v 8.43268 22.93525 -6.71942 0.49412 0.50588 0.49804 1.00000
v 8.82030 22.99871 -7.11375 0.49412 0.50588 0.49804 1.00000
v 9.05132 22.84410 -7.10873 0.49412 0.50588 0.49804 1.00000
v 8.71741 22.73070 -6.73833 0.49412 0.50588 0.49804 1.00000
v 9.35175 22.95962 -7.44457 0.49412 0.50588 0.49804 1.00000
v 9.47951 22.88907 -7.64554 0.49412 0.50588 0.49804 1.00000
v 9.36968 22.93318 -7.79190 0.49412 0.50588 0.49804 1.00000
v 9.17187 23.00395 -7.69183 0.49412 0.50588 0.49804 1.00000
v 9.17016 23.07751 -7.46082 0.49412 0.50588 0.49804 1.00000
v 9.35175 22.95962 -7.44457 0.49412 0.50588 0.49804 1.00000
v 9.86594 23.15615 -8.00699 0.49412 0.50588 0.49804 1.00000
v 9.91538 23.06297 -8.13536 0.49412 0.50588 0.49804 1.00000
v 9.81933 23.09459 -8.23821 0.49412 0.50588 0.49804 1.00000
v 9.70701 23.19506 -8.18021 0.49412 0.50588 0.49804 1.00000
v 9.74318 23.24535 -8.02945 0.49412 0.50588 0.49804 1.00000
v 9.86594 23.15615 -8.00699 0.49412 0.50588 0.49804 1.00000
v 12.24071 24.64176 -10.18240 0.49412 0.50588 0.49804 1.00000
v 12.24148 24.57250 -10.25857 0.49412 0.50588 0.49804 1.00000
v 12.17451 24.59989 -10.33708 0.49412 0.50588 0.49804 1.00000
v 12.13298 24.69254 -10.30117 0.49412 0.50588 0.49804 1.00000
v 12.17341 24.71710 -10.20784 0.49412 0.50588 0.49804 1.00000
v 12.24071 24.64176 -10.18240 0.49412 0.50588 0.49804 1.00000
v 13.83676 26.21763 -11.10892 0.49412 0.50588 0.49804 1.00000
v 13.85179 26.16982 -11.18873 0.49412 0.50588 0.49804 1.00000
v 13.78187 26.19073 -11.24801 0.49412 0.50588 0.49804 1.00000
v 13.73036 26.24793 -11.20239 0.49412 0.50588 0.49804 1.00000
v 13.75870 26.26638 -11.12084 0.49412 0.50588 0.49804 1.00000
v 13.83676 26.21763 -11.10892 0.49412 0.50588 0.49804 1.00000
v 14.53241 28.27363 -12.27094 0.49412 0.50588 0.49804 1.00000
v 14.53241 28.27363 -12.27094 0.49412 0.50588 0.49804 1.00000
v 14.53241 28.27363 -12.27094 0.49412 0.50588 0.49804 1.00000
v 13.21665 22.05112 -9.42306 0.49412 0.50588 0.49804 1.00000
v 13.69461 22.18724 -9.08580 0.49412 0.50588 0.49804 1.00000
v 13.91745 22.27718 -9.12938 0.49412 0.50588 0.49804 1.00000
v 13.51055 22.18257 -9.45565 0.49412 0.50588 0.49804 1.00000
v 13.35155 22.31053 -9.56526 0.49412 0.50588 0.49804 1.00000
v 13.79645 22.39939 -9.21364 0.49412 0.50588 0.49804 1.00000
v 13.55066 22.35245 -9.08033 0.49412 0.50588 0.49804 1.00000
v 13.01884 22.25028 -9.38153 0.49412 0.50588 0.49804 1.00000
v 13.21665 22.05112 -9.42306 0.49412 0.50588 0.49804 1.00000
v 13.69461 22.18724 -9.08580 0.49412 0.50588 0.49804 1.00000
v 14.12910 22.31842 -8.77200 0.49412 0.50588 0.49804 1.00000
v 14.29493 22.36934 -8.82019 0.49412 0.50588 0.49804 1.00000
v 14.20661 22.47988 -8.88534 0.49412 0.50588 0.49804 1.00000
v 14.02954 22.45151 -8.79251 0.49412 0.50588 0.49804 1.00000
v 14.12910 22.31842 -8.77200 0.49412 0.50588 0.49804 1.00000
v 14.87796 22.53300 -8.22322 0.49412 0.50588 0.49804 1.00000
v 14.98160 22.53854 -8.27717 0.49412 0.50588 0.49804 1.00000
v 14.93325 22.63130 -8.32101 0.49412 0.50588 0.49804 1.00000
v 14.82796 22.63182 -8.25955 0.49412 0.50588 0.49804 1.00000
v 14.87796 22.53300 -8.22322 0.49412 0.50588 0.49804 1.00000
v 16.64252 25.18917 -6.52834 0.49412 0.50588 0.49804 1.00000
v 16.71022 25.19009 -6.55235 0.49412 0.50588 0.49804 1.00000
v 16.69088 25.22448 -6.61549 0.49412 0.50588 0.49804 1.00000
v 16.62067 25.22267 -6.58885 0.49412 0.50588 0.49804 1.00000
v 16.64252 25.18917 -6.52834 0.49412 0.50588 0.49804 1.00000
v 16.78573 27.66773 -5.56110 0.49412 0.50588 0.49804 1.00000
v 16.78573 27.66773 -5.56110 0.49412 0.50588 0.49804 1.00000
v 6.14207 23.23942 -4.76265 0.49412 0.50588 0.49804 1.00000
v 6.70694 23.12346 -4.66543 0.49412 0.50588 0.49804 1.00000
v 7.02185 23.08499 -4.87213 0.49412 0.50588 0.49804 1.00000
v 6.57070 23.19642 -5.02515 0.49412 0.50588 0.49804 1.00000
v 6.81862 23.35917 -4.98633 0.49412 0.50588 0.49804 1.00000
v 7.21380 23.23628 -4.86635 0.49412 0.50588 0.49804 1.00000
v 7.08613 23.47550 -4.77387 0.49412 0.50588 0.49804 1.00000
v 6.62800 23.65027 -4.88023 0.49412 0.50588 0.49804 1.00000
v 6.25909 23.65816 -4.59468 0.49412 0.50588 0.49804 1.00000
v 6.80705 23.49101 -4.55433 0.49412 0.50588 0.49804 1.00000
v 6.62299 23.28951 -4.43893 0.49412 0.50588 0.49804 1.00000
v 6.02469 23.40683 -4.43259 0.49412 0.50588 0.49804 1.00000
v 6.14207 23.23942 -4.76265 0.49412 0.50588 0.49804 1.00000
v 6.70694 23.12346 -4.66543 0.49412 0.50588 0.49804 1.00000
v 7.21918 23.01933 -4.55762 0.49412 0.50588 0.49804 1.00000
v 7.44348 22.97947 -4.71931 0.49412 0.50588 0.49804 1.00000
v 7.58859 23.11082 -4.74447 0.49412 0.50588 0.49804 1.00000
v 7.50862 23.30470 -4.67422 0.49412 0.50588 0.49804 1.00000
v 7.30266 23.32975 -4.50751 0.49412 0.50588 0.49804 1.00000
v 7.16154 23.17718 -4.41898 0.49412 0.50588 0.49804 1.00000
v 7.21918 23.01933 -4.55762 0.49412 0.50588 0.49804 1.00000
v 8.08599 22.82088 -4.36257 0.49412 0.50588 0.49804 1.00000
v 8.21250 22.77761 -4.48456 0.49412 0.50588 0.49804 1.00000
v 8.29989 22.88066 -4.54603 0.49412 0.50588 0.49804 1.00000
v 8.26437 23.02689 -4.50950 0.49412 0.50588 0.49804 1.00000
v 8.14217 23.06100 -4.38929 0.49412 0.50588 0.49804 1.00000
v 8.05495 22.96185 -4.31117 0.49412 0.50588 0.49804 1.00000
v 8.08599 22.82088 -4.36257 0.49412 0.50588 0.49804 1.00000
v 11.60553 23.36057 -2.57974 0.49412 0.50588 0.49804 1.00000
v 11.66914 23.29157 -2.62791 0.49412 0.50588 0.49804 1.00000
v 11.72197 23.31523 -2.72211 0.49412 0.50588 0.49804 1.00000
v 11.70036 23.41694 -2.75810 0.49412 0.50588 0.49804 1.00000
v 11.63523 23.49244 -2.71203 0.49412 0.50588 0.49804 1.00000
v 11.58355 23.46202 -2.61503 0.49412 0.50588 0.49804 1.00000
v 11.60553 23.36057 -2.57974 0.49412 0.50588 0.49804 1.00000
v 12.88289 25.30398 -1.42157 0.49412 0.50588 0.49804 1.00000
v 12.96113 25.27291 -1.38776 0.49412 0.50588 0.49804 1.00000
v 13.03340 25.28030 -1.44654 0.49412 0.50588 0.49804 1.00000
v 13.02539 25.31651 -1.53238 0.49412 0.50588 0.49804 1.00000
v 12.94026 25.34705 -1.56102 0.49412 0.50588 0.49804 1.00000
v 12.86844 25.33943 -1.50193 0.49412 0.50588 0.49804 1.00000
v 12.88289 25.30398 -1.42157 0.49412 0.50588 0.49804 1.00000
v 12.83911 27.84497 -0.91303 0.49412 0.50588 0.49804 1.00000
v 12.83911 27.84497 -0.91303 0.49412 0.50588 0.49804 1.00000
v 12.83911 27.84497 -0.91303 0.49412 0.50588 0.49804 1.00000
v 14.61433 22.58501 -9.84099 0.49412 0.50588 0.49804 1.00000
v 15.23194 22.10927 -9.66730 0.49412 0.50588 0.49804 1.00000
v 15.48051 22.13878 -9.62228 0.49412 0.50588 0.49804 1.00000
v 14.94861 22.62472 -9.76262 0.49412 0.50588 0.49804 1.00000
v 14.60172 22.60130 -9.60802 0.49412 0.50588 0.49804 1.00000
v 15.24408 22.13875 -9.49566 0.49412 0.50588 0.49804 1.00000
v 15.23194 22.10927 -9.66730 0.49412 0.50588 0.49804 1.00000
v 14.61433 22.58501 -9.84099 0.49412 0.50588 0.49804 1.00000
v 15.79542 21.66909 -9.50075 0.49412 0.50588 0.49804 1.00000
v 15.97254 21.68038 -9.49398 0.49412 0.50588 0.49804 1.00000
v 15.83144 21.70914 -9.39498 0.49412 0.50588 0.49804 1.00000
v 15.79542 21.66909 -9.50075 0.49412 0.50588 0.49804 1.00000
v 16.76447 20.89658 -9.22412 0.49412 0.50588 0.49804 1.00000
v 16.86579 20.88362 -9.26826 0.49412 0.50588 0.49804 1.00000
v 16.82729 20.94674 -9.19989 0.49412 0.50588 0.49804 1.00000
v 16.76447 20.89658 -9.22412 0.49412 0.50588 0.49804 1.00000
v 20.29774 21.27150 -6.58015 0.49412 0.50588 0.49804 1.00000
v 20.29774 21.27150 -6.58015 0.49412 0.50588 0.49804 1.00000
v -0.62337 18.79607 -15.04630 0.49412 0.50588 0.49804 1.00000
v -0.70908 18.92219 -15.63434 0.49412 0.50588 0.49804 1.00000
v -0.74293 18.78899 -15.91668 0.49412 0.50588 0.49804 1.00000
v -0.66084 18.64190 -15.43859 0.49412 0.50588 0.49804 1.00000
v -0.82072 18.50009 -15.28525 0.49412 0.50588 0.49804 1.00000
v -0.89309 18.69422 -15.80162 0.49412 0.50588 0.49804 1.00000
v -0.88724 18.87056 -15.54928 0.49412 0.50588 0.49804 1.00000
v -0.82894 18.72678 -14.94332 0.49412 0.50588 0.49804 1.00000
v -0.62337 18.79607 -15.04630 0.49412 0.50588 0.49804 1.00000
v -0.70908 18.92219 -15.63434 0.49412 0.50588 0.49804 1.00000
v -0.79432 19.04422 -16.16912 0.49412 0.50588 0.49804 1.00000
v -0.82677 18.93016 -16.36402 0.49412 0.50588 0.49804 1.00000
v -0.96121 18.88035 -16.27805 0.49412 0.50588 0.49804 1.00000
v -0.94408 19.01603 -16.09830 0.49412 0.50588 0.49804 1.00000
v -0.79432 19.04422 -16.16912 0.49412 0.50588 0.49804 1.00000
v -0.93754 19.28139 -17.07675 0.49412 0.50588 0.49804 1.00000
v -0.96843 19.18330 -17.17517 0.49412 0.50588 0.49804 1.00000
v -1.07987 19.18677 -17.12341 0.49412 0.50588 0.49804 1.00000
v -1.05428 19.28880 -17.02788 0.49412 0.50588 0.49804 1.00000
v -0.93754 19.28139 -17.07675 0.49412 0.50588 0.49804 1.00000
v -1.44880 20.35822 -21.50133 0.49412 0.50588 0.49804 1.00000
v -1.50444 20.29616 -21.51816 0.49412 0.50588 0.49804 1.00000
v -1.57188 20.34226 -21.48511 0.49412 0.50588 0.49804 1.00000
v -1.51211 20.40593 -21.46836 0.49412 0.50588 0.49804 1.00000
v -1.44880 20.35822 -21.50133 0.49412 0.50588 0.49804 1.00000
v -1.37917 21.55383 -24.56833 0.49412 0.50588 0.49804 1.00000
v -1.37917 21.55383 -24.56833 0.49412 0.50588 0.49804 1.00000
v -0.63910 18.62168 -15.11202 0.49412 0.50588 0.49804 1.00000
v -0.48464 18.70402 -15.69599 0.49412 0.50588 0.49804 1.00000
v -0.50195 18.63408 -15.99082 0.49412 0.50588 0.49804 1.00000
v -0.64512 18.55343 -15.51431 0.49412 0.50588 0.49804 1.00000
v -0.89293 18.57235 -15.43625 0.49412 0.50588 0.49804 1.00000
v -0.70723 18.67085 -15.93915 0.49412 0.50588 0.49804 1.00000
v -0.66641 18.80306 -15.66211 0.49412 0.50588 0.49804 1.00000
v -0.84624 18.74486 -15.06339 0.49412 0.50588 0.49804 1.00000
v -0.63910 18.62168 -15.11202 0.49412 0.50588 0.49804 1.00000
v -0.48464 18.70402 -15.69599 0.49412 0.50588 0.49804 1.00000
v -0.34385 18.79164 -16.22733 0.49412 0.50588 0.49804 1.00000
v -0.36748 18.71822 -16.43646 0.49412 0.50588 0.49804 1.00000
v -0.53098 18.76650 -16.40307 0.49412 0.50588 0.49804 1.00000
v -0.49665 18.87152 -16.20334 0.49412 0.50588 0.49804 1.00000
v -0.34385 18.79164 -16.22733 0.49412 0.50588 0.49804 1.00000
v -0.08748 18.95166 -17.12810 0.49412 0.50588 0.49804 1.00000
v -0.11981 18.86939 -17.23882 0.49412 0.50588 0.49804 1.00000
v -0.23320 18.92600 -17.22507 0.49412 0.50588 0.49804 1.00000
v -0.20106 19.01481 -17.11687 0.49412 0.50588 0.49804 1.00000
v -0.08748 18.95166 -17.12810 0.49412 0.50588 0.49804 1.00000
v 0.45811 21.27312 -20.64748 0.49412 0.50588 0.49804 1.00000
v 0.42481 21.22488 -20.70796 0.49412 0.50588 0.49804 1.00000
v 0.34371 21.25176 -20.69016 0.49412 0.50588 0.49804 1.00000
v 0.38049 21.30146 -20.62745 0.49412 0.50588 0.49804 1.00000
v 0.45811 21.27312 -20.64748 0.49412 0.50588 0.49804 1.00000
v 0.14856 23.95386 -22.30657 0.49412 0.50588 0.49804 1.00000
v 0.14856 23.95386 -22.30657 0.49412 0.50588 0.49804 1.00000
v -0.11139 20.69307 -9.48967 0.49412 0.50588 0.49804 1.00000
v 0.26276 20.75213 -9.92849 0.49412 0.50588 0.49804 1.00000
v 0.26757 20.69987 -10.27168 0.49412 0.50588 0.49804 1.00000
v -0.09105 20.65061 -9.94704 0.49412 0.50588 0.49804 1.00000
v -0.11183 20.87811 -10.16108 0.49412 0.50588 0.49804 1.00000
v 0.21838 20.87591 -10.44579 0.49412 0.50588 0.49804 1.00000
v 0.06176 21.04534 -10.29244 0.49412 0.50588 0.49804 1.00000
v -0.32319 21.05466 -9.93998 0.49412 0.50588 0.49804 1.00000
v -0.27245 21.14153 -9.44898 0.49412 0.50588 0.49804 1.00000
v 0.09991 21.12179 -9.92953 0.49412 0.50588 0.49804 1.00000
v 0.24878 21.00382 -9.74158 0.49412 0.50588 0.49804 1.00000
v -0.08360 21.00641 -9.21240 0.49412 0.50588 0.49804 1.00000
v -0.11139 20.69307 -9.48967 0.49412 0.50588 0.49804 1.00000
v 0.26276 20.75213 -9.92849 0.49412 0.50588 0.49804 1.00000
v 0.61095 20.81981 -10.32242 0.49412 0.50588 0.49804 1.00000
v 0.60825 20.75449 -10.57213 0.49412 0.50588 0.49804 1.00000
v 0.54182 20.87896 -10.71336 0.49412 0.50588 0.49804 1.00000
v 0.42450 21.03397 -10.61665 0.49412 0.50588 0.49804 1.00000
v 0.44985 21.10784 -10.35759 0.49412 0.50588 0.49804 1.00000
v 0.56573 21.01742 -10.20879 0.49412 0.50588 0.49804 1.00000
v 0.61095 20.81981 -10.32242 0.49412 0.50588 0.49804 1.00000
v 1.21859 20.91620 -10.98583 0.49412 0.50588 0.49804 1.00000
v 1.20460 20.83206 -11.13495 0.49412 0.50588 0.49804 1.00000
v 1.12712 20.89599 -11.24270 0.49412 0.50588 0.49804 1.00000
v 1.04972 21.02747 -11.21117 0.49412 0.50588 0.49804 1.00000
v 1.06988 21.10626 -11.06120 0.49412 0.50588 0.49804 1.00000
v 1.15541 21.05817 -10.95075 0.49412 0.50588 0.49804 1.00000
v 1.21859 20.91620 -10.98583 0.49412 0.50588 0.49804 1.00000
v 4.03193 22.18834 -13.83224 0.49412 0.50588 0.49804 1.00000
v 4.04274 22.10344 -13.89201 0.49412 0.50588 0.49804 1.00000
v 3.97284 22.07897 -13.97256 0.49412 0.50588 0.49804 1.00000
v 3.89293 22.15232 -13.98211 0.49412 0.50588 0.49804 1.00000
v 3.87714 22.24201 -13.92276 0.49412 0.50588 0.49804 1.00000
v 3.95259 22.26182 -13.84120 0.49412 0.50588 0.49804 1.00000
v 4.03193 22.18834 -13.83224 0.49412 0.50588 0.49804 1.00000
v 4.13526 24.23613 -15.10711 0.49412 0.50588 0.49804 1.00000
v 4.18538 24.22241 -15.16899 0.49412 0.50588 0.49804 1.00000
v 4.14727 24.19578 -15.23802 0.49412 0.50588 0.49804 1.00000
v 4.06488 24.18441 -15.24256 0.49412 0.50588 0.49804 1.00000
v 4.01800 24.20060 -15.17416 0.49412 0.50588 0.49804 1.00000
v 4.05651 24.22717 -15.10547 0.49412 0.50588 0.49804 1.00000
v 4.13526 24.23613 -15.10711 0.49412 0.50588 0.49804 1.00000
v 4.17639 26.59107 -15.42850 0.49412 0.50588 0.49804 1.00000
v 4.17639 26.59107 -15.42850 0.49412 0.50588 0.49804 1.00000
v 4.17639 26.59107 -15.42850 0.49412 0.50588 0.49804 1.00000
v -1.01745 18.99533 -13.99674 0.49412 0.50588 0.49804 1.00000
v -0.70958 18.80234 -14.42583 0.49412 0.50588 0.49804 1.00000
v -0.76937 18.75308 -14.72053 0.49412 0.50588 0.49804 1.00000
v -1.09887 18.95800 -14.37994 0.49412 0.50588 0.49804 1.00000
v -0.99799 19.19206 -14.40744 0.49412 0.50588 0.49804 1.00000
v -0.70077 18.95523 -14.75562 0.49412 0.50588 0.49804 1.00000
v -0.61010 19.02675 -14.40750 0.49412 0.50588 0.49804 1.00000
v -0.86429 19.26599 -13.93328 0.49412 0.50588 0.49804 1.00000
v -1.01745 18.99533 -13.99674 0.49412 0.50588 0.49804 1.00000
v -0.70958 18.80234 -14.42583 0.49412 0.50588 0.49804 1.00000
v -0.41416 18.62958 -14.80854 0.49412 0.50588 0.49804 1.00000
v -0.45982 18.56437 -15.02857 0.49412 0.50588 0.49804 1.00000
v -0.42660 18.73142 -15.07206 0.49412 0.50588 0.49804 1.00000
v -0.36578 18.80853 -14.82648 0.49412 0.50588 0.49804 1.00000
v -0.41416 18.62958 -14.80854 0.49412 0.50588 0.49804 1.00000
v 0.10409 18.31872 -15.44466 0.49412 0.50588 0.49804 1.00000
v 0.05852 18.23738 -15.57894 0.49412 0.50588 0.49804 1.00000
v 0.04712 18.36047 -15.63277 0.49412 0.50588 0.49804 1.00000
v 0.09475 18.44553 -15.49598 0.49412 0.50588 0.49804 1.00000
v 0.10409 18.31872 -15.44466 0.49412 0.50588 0.49804 1.00000
v 2.74706 19.64219 -18.20948 0.49412 0.50588 0.49804 1.00000
v 2.81696 19.60282 -18.26078 0.49412 0.50588 0.49804 1.00000
v 2.75581 19.59966 -18.33297 0.49412 0.50588 0.49804 1.00000
v 2.69115 19.63733 -18.28158 0.49412 0.50588 0.49804 1.00000
v 2.74706 19.64219 -18.20948 0.49412 0.50588 0.49804 1.00000
v 2.56526 22.72685 -19.12352 0.49412 0.50588 0.49804 1.00000
v 2.56526 22.72685 -19.12352 0.49412 0.50588 0.49804 1.00000
v -5.11620 21.65106 -7.46843 0.49412 0.50588 0.49804 1.00000
v -5.48398 21.92166 -7.88833 0.49412 0.50588 0.49804 1.00000
v -5.64177 21.91732 -8.23209 0.49412 0.50588 0.49804 1.00000
v -5.32648 21.67836 -7.92419 0.49412 0.50588 0.49804 1.00000
v -5.64187 21.61299 -8.00242 0.49412 0.50588 0.49804 1.00000
v -5.89799 21.83995 -8.28545 0.49412 0.50588 0.49804 1.00000
v -5.93247 21.65682 -8.06930 0.49412 0.50588 0.49804 1.00000
v -5.63961 21.34163 -7.74517 0.49412 0.50588 0.49804 1.00000
v -5.46452 21.37048 -7.25647 0.49412 0.50588 0.49804 1.00000
v -5.79415 21.69365 -7.70766 0.49412 0.50588 0.49804 1.00000
v -5.60400 21.87945 -7.58040 0.49412 0.50588 0.49804 1.00000
v -5.25693 21.61512 -7.05778 0.49412 0.50588 0.49804 1.00000
v -5.11620 21.65106 -7.46843 0.49412 0.50588 0.49804 1.00000
v -5.48398 21.92166 -7.88833 0.49412 0.50588 0.49804 1.00000
v -5.82739 22.17379 -8.25942 0.49412 0.50588 0.49804 1.00000
v -5.94514 22.14273 -8.51409 0.49412 0.50588 0.49804 1.00000
v -6.14989 22.06629 -8.54597 0.49412 0.50588 0.49804 1.00000
v -6.20464 21.95961 -8.36451 0.49412 0.50588 0.49804 1.00000
v -6.09432 22.00548 -8.10361 0.49412 0.50588 0.49804 1.00000
v -5.92583 22.13913 -8.03129 0.49412 0.50588 0.49804 1.00000
v -5.82739 22.17379 -8.25942 0.49412 0.50588 0.49804 1.00000
v -6.40344 22.62397 -8.88044 0.49412 0.50588 0.49804 1.00000
v -6.47366 22.55532 -9.03799 0.49412 0.50588 0.49804 1.00000
v -6.62218 22.48942 -9.04393 0.49412 0.50588 0.49804 1.00000
v -6.69445 22.46929 -8.90829 0.49412 0.50588 0.49804 1.00000
v -6.62108 22.53782 -8.75491 0.49412 0.50588 0.49804 1.00000
v -6.48513 22.61961 -8.73466 0.49412 0.50588 0.49804 1.00000
v -6.40344 22.62397 -8.88044 0.49412 0.50588 0.49804 1.00000
v -7.64011 25.24858 -11.58986 0.49412 0.50588 0.49804 1.00000
v -7.69216 25.19873 -11.67365 0.49412 0.50588 0.49804 1.00000
v -7.80436 25.17022 -11.66907 0.49412 0.50588 0.49804 1.00000
v -7.85330 25.19962 -11.56891 0.49412 0.50588 0.49804 1.00000
v -7.80413 25.25144 -11.47867 0.49412 0.50588 0.49804 1.00000
v -7.68820 25.27817 -11.48981 0.49412 0.50588 0.49804 1.00000
v -7.64011 25.24858 -11.58986 0.49412 0.50588 0.49804 1.00000
v -8.79434 27.62110 -12.14630 0.49412 0.50588 0.49804 1.00000
v -8.84950 27.57862 -12.19602 0.49412 0.50588 0.49804 1.00000
v -8.91493 27.53968 -12.15164 0.49412 0.50588 0.49804 1.00000
v -8.92252 27.54431 -12.06391 0.49412 0.50588 0.49804 1.00000
v -8.86120 27.59050 -12.01799 0.49412 0.50588 0.49804 1.00000
v -8.79608 27.62919 -12.06277 0.49412 0.50588 0.49804 1.00000
v -8.79434 27.62110 -12.14630 0.49412 0.50588 0.49804 1.00000
v -10.32691 29.53459 -12.93147 0.49412 0.50588 0.49804 1.00000
v -10.32691 29.53459 -12.93147 0.49412 0.50588 0.49804 1.00000
v -10.32691 29.53459 -12.93147 0.49412 0.50588 0.49804 1.00000
v -6.64407 21.44171 -10.82213 0.49412 0.50588 0.49804 1.00000
v -6.80619 21.62162 -11.27269 0.49412 0.50588 0.49804 1.00000
v -6.97825 21.63484 -11.54204 0.49412 0.50588 0.49804 1.00000
v -6.85601 21.50096 -11.19362 0.49412 0.50588 0.49804 1.00000
v -7.09265 21.58043 -11.13128 0.49412 0.50588 0.49804 1.00000
v -7.18340 21.69987 -11.47987 0.49412 0.50588 0.49804 1.00000
v -7.14753 21.69131 -11.17131 0.49412 0.50588 0.49804 1.00000
v -7.03930 21.51423 -10.72024 0.49412 0.50588 0.49804 1.00000
v -6.70681 21.61324 -10.49883 0.49412 0.50588 0.49804 1.00000
v -6.87927 21.75326 -11.02617 0.49412 0.50588 0.49804 1.00000
v -6.80619 21.62162 -11.27269 0.49412 0.50588 0.49804 1.00000
v -6.64407 21.44171 -10.82213 0.49412 0.50588 0.49804 1.00000
v -6.95423 21.79669 -11.67827 0.49412 0.50588 0.49804 1.00000
v -7.09336 21.77052 -11.86726 0.49412 0.50588 0.49804 1.00000
v -7.26434 21.82355 -11.80833 0.49412 0.50588 0.49804 1.00000
v -7.23890 21.86121 -11.58229 0.49412 0.50588 0.49804 1.00000
v -7.02606 21.90050 -11.49491 0.49412 0.50588 0.49804 1.00000
v -6.95423 21.79669 -11.67827 0.49412 0.50588 0.49804 1.00000
v -7.19461 22.08941 -12.37094 0.49412 0.50588 0.49804 1.00000
v -7.29477 22.01542 -12.46379 0.49412 0.50588 0.49804 1.00000
v -7.42255 22.05600 -12.40958 0.49412 0.50588 0.49804 1.00000
v -7.40921 22.14445 -12.28258 0.49412 0.50588 0.49804 1.00000
v -7.25751 22.17651 -12.26037 0.49412 0.50588 0.49804 1.00000
v -7.19461 22.08941 -12.37094 0.49412 0.50588 0.49804 1.00000
v -8.73843 23.55005 -15.34529 0.49412 0.50588 0.49804 1.00000
v -8.81041 23.47732 -15.35688 0.49412 0.50588 0.49804 1.00000
v -8.89226 23.49217 -15.28990 0.49412 0.50588 0.49804 1.00000
v -8.86297 23.58103 -15.23649 0.49412 0.50588 0.49804 1.00000
v -8.77011 23.61531 -15.27047 0.49412 0.50588 0.49804 1.00000
v -8.73843 23.55005 -15.34529 0.49412 0.50588 0.49804 1.00000
v -9.39142 25.45966 -16.92547 0.49412 0.50588 0.49804 1.00000
v -9.46996 25.41539 -16.95297 0.49412 0.50588 0.49804 1.00000
v -9.54043 25.44621 -16.89884 0.49412 0.50588 0.49804 1.00000
v -9.50194 25.50524 -16.84365 0.49412 0.50588 0.49804 1.00000
v -9.41514 25.51615 -16.85574 0.49412 0.50588 0.49804 1.00000
v -9.39142 25.45966 -16.92547 0.49412 0.50588 0.49804 1.00000
v -9.97948 27.68611 -18.12608 0.49412 0.50588 0.49804 1.00000
v -9.97948 27.68611 -18.12608 0.49412 0.50588 0.49804 1.00000
v -9.97948 27.68611 -18.12608 0.49412 0.50588 0.49804 1.00000
v -6.71908 20.40190 -16.21071 0.49412 0.50588 0.49804 1.00000
v -6.28544 20.49115 -16.63358 0.49412 0.50588 0.49804 1.00000
v -6.20849 20.51917 -16.86691 0.49412 0.50588 0.49804 1.00000
v -6.59138 20.45181 -16.51021 0.49412 0.50588 0.49804 1.00000
v -6.75184 20.60534 -16.46759 0.49412 0.50588 0.49804 1.00000
v -6.32930 20.65850 -16.83887 0.49412 0.50588 0.49804 1.00000
v -6.34457 20.66998 -16.56261 0.49412 0.50588 0.49804 1.00000
v -6.77556 20.62090 -16.09537 0.49412 0.50588 0.49804 1.00000
v -6.71908 20.40190 -16.21071 0.49412 0.50588 0.49804 1.00000
v -6.28544 20.49115 -16.63358 0.49412 0.50588 0.49804 1.00000
v -5.88464 20.58010 -17.01570 0.49412 0.50588 0.49804 1.00000
v -5.84604 20.58592 -17.19545 0.49412 0.50588 0.49804 1.00000
v -5.93457 20.70617 -17.17901 0.49412 0.50588 0.49804 1.00000
v -5.94255 20.72098 -16.97835 0.49412 0.50588 0.49804 1.00000
v -5.88464 20.58010 -17.01570 0.49412 0.50588 0.49804 1.00000
v -5.19121 20.72481 -17.66845 0.49412 0.50588 0.49804 1.00000
v -5.19721 20.70251 -17.78647 0.49412 0.50588 0.49804 1.00000
v -5.25064 20.79640 -17.78499 0.49412 0.50588 0.49804 1.00000
v -5.23968 20.82413 -17.66420 0.49412 0.50588 0.49804 1.00000
v -5.19121 20.72481 -17.66845 0.49412 0.50588 0.49804 1.00000
v -2.37413 22.34226 -19.57955 0.49412 0.50588 0.49804 1.00000
v -2.38031 22.30413 -19.63806 0.49412 0.50588 0.49804 1.00000
v -2.44039 22.33944 -19.65861 0.49412 0.50588 0.49804 1.00000
v -2.43245 22.37839 -19.59700 0.49412 0.50588 0.49804 1.00000
v -2.37413 22.34226 -19.57955 0.49412 0.50588 0.49804 1.00000
v -1.35054 24.58610 -20.21976 0.49412 0.50588 0.49804 1.00000
v -1.35054 24.58610 -20.21976 0.49412 0.50588 0.49804 1.00000
v -7.18051 21.43160 -11.24901 0.49412 0.50588 0.49804 1.00000
v -6.84770 21.28332 -11.86306 0.49412 0.50588 0.49804 1.00000
v -6.88572 21.23877 -12.17299 0.49412 0.50588 0.49804 1.00000
v -7.20909 21.37707 -11.66304 0.49412 0.50588 0.49804 1.00000
v -7.09960 21.57115 -11.76881 0.49412 0.50588 0.49804 1.00000
v -6.81374 21.40848 -12.26590 0.49412 0.50588 0.49804 1.00000
v -6.78340 21.57639 -12.03027 0.49412 0.50588 0.49804 1.00000
v -7.08733 21.77703 -11.44633 0.49412 0.50588 0.49804 1.00000
v -6.93880 21.60944 -11.08854 0.49412 0.50588 0.49804 1.00000
v -6.68667 21.44987 -11.75991 0.49412 0.50588 0.49804 1.00000
v -6.84770 21.28332 -11.86306 0.49412 0.50588 0.49804 1.00000
v -7.18051 21.43160 -11.24901 0.49412 0.50588 0.49804 1.00000
v -6.52843 21.14920 -12.41860 0.49412 0.50588 0.49804 1.00000
v -6.57482 21.10720 -12.64448 0.49412 0.50588 0.49804 1.00000
v -6.54009 21.24762 -12.72739 0.49412 0.50588 0.49804 1.00000
v -6.50190 21.38535 -12.56325 0.49412 0.50588 0.49804 1.00000
v -6.43632 21.29865 -12.36229 0.49412 0.50588 0.49804 1.00000
v -6.52843 21.14920 -12.41860 0.49412 0.50588 0.49804 1.00000
v -5.97526 20.90393 -13.36899 0.49412 0.50588 0.49804 1.00000
v -6.03931 20.86243 -13.49942 0.49412 0.50588 0.49804 1.00000
v -6.05130 20.96564 -13.56708 0.49412 0.50588 0.49804 1.00000
v -6.00691 21.07193 -13.48444 0.49412 0.50588 0.49804 1.00000
v -5.95046 21.02669 -13.36118 0.49412 0.50588 0.49804 1.00000
v -5.97526 20.90393 -13.36899 0.49412 0.50588 0.49804 1.00000
v -2.88322 21.41017 -16.38842 0.49412 0.50588 0.49804 1.00000
v -2.87920 21.34774 -16.44600 0.49412 0.50588 0.49804 1.00000
v -2.93831 21.36240 -16.51098 0.49412 0.50588 0.49804 1.00000
v -2.97585 21.43834 -16.48501 0.49412 0.50588 0.49804 1.00000
v -2.94385 21.47070 -16.40916 0.49412 0.50588 0.49804 1.00000
v -2.88322 21.41017 -16.38842 0.49412 0.50588 0.49804 1.00000
v -1.70666 23.71626 -17.95380 0.49412 0.50588 0.49804 1.00000
v -1.70666 23.71626 -17.95380 0.49412 0.50588 0.49804 1.00000
v -1.70666 23.71626 -17.95380 0.49412 0.50588 0.49804 1.00000
v -7.30111 21.55812 -11.65941 0.49412 0.50588 0.49804 1.00000
v -7.15366 21.13005 -12.18524 0.49412 0.50588 0.49804 1.00000
v -7.18056 21.03686 -12.45831 0.49412 0.50588 0.49804 1.00000
v -7.31271 21.42288 -12.01185 0.49412 0.50588 0.49804 1.00000
v -7.08739 21.44271 -12.10005 0.49412 0.50588 0.49804 1.00000
v -7.00757 21.07460 -12.54284 0.49412 0.50588 0.49804 1.00000
v -6.87119 21.21041 -12.29879 0.49412 0.50588 0.49804 1.00000
v -6.92907 21.62151 -11.76066 0.49412 0.50588 0.49804 1.00000
v -6.98749 21.52253 -11.42064 0.49412 0.50588 0.49804 1.00000
v -6.91837 21.14276 -12.03786 0.49412 0.50588 0.49804 1.00000
v -7.15366 21.13005 -12.18524 0.49412 0.50588 0.49804 1.00000
v -7.30111 21.55812 -11.65941 0.49412 0.50588 0.49804 1.00000
v -7.00770 20.73174 -12.66037 0.49412 0.50588 0.49804 1.00000
v -7.05283 20.66730 -12.86770 0.49412 0.50588 0.49804 1.00000
v -6.93636 20.71939 -12.95137 0.49412 0.50588 0.49804 1.00000
v -6.82097 20.82677 -12.78636 0.49412 0.50588 0.49804 1.00000
v -6.84458 20.78235 -12.58715 0.49412 0.50588 0.49804 1.00000
v -7.00770 20.73174 -12.66037 0.49412 0.50588 0.49804 1.00000
v -6.77238 20.04748 -13.48436 0.49412 0.50588 0.49804 1.00000
v -6.84464 20.01502 -13.61364 0.49412 0.50588 0.49804 1.00000
v -6.79961 20.08520 -13.69290 0.49412 0.50588 0.49804 1.00000
v -6.70560 20.16497 -13.61541 0.49412 0.50588 0.49804 1.00000
v -6.68723 20.13034 -13.48405 0.49412 0.50588 0.49804 1.00000
v -6.77238 20.04748 -13.48436 0.49412 0.50588 0.49804 1.00000
v -3.85672 19.35695 -15.83550 0.49412 0.50588 0.49804 1.00000
v -3.83833 19.28236 -15.86860 0.49412 0.50588 0.49804 1.00000
v -3.85914 19.28143 -15.95371 0.49412 0.50588 0.49804 1.00000
v -3.89075 19.36180 -15.96559 0.49412 0.50588 0.49804 1.00000
v -3.89061 19.41128 -15.89399 0.49412 0.50588 0.49804 1.00000
v -3.85672 19.35695 -15.83550 0.49412 0.50588 0.49804 1.00000
v -2.21054 21.61175 -16.41699 0.49412 0.50588 0.49804 1.00000
v -2.21054 21.61175 -16.41699 0.49412 0.50588 0.49804 1.00000
v -2.21054 21.61175 -16.41699 0.49412 0.50588 0.49804 1.00000
v -13.16797 18.81845 -0.65403 0.49412 0.50588 0.49804 1.00000
v -13.50185 18.94227 -0.22820 0.49412 0.50588 0.49804 1.00000
v -13.72480 18.83032 -0.06866 0.49412 0.50588 0.49804 1.00000
v -13.46166 18.70348 -0.44054 0.49412 0.50588 0.49804 1.00000
v -13.45146 18.58317 -0.17848 0.49412 0.50588 0.49804 1.00000
v -13.69669 18.71673 0.13788 0.49412 0.50588 0.49804 1.00000
v -13.45415 18.64284 0.11142 0.49412 0.50588 0.49804 1.00000
v -13.15784 18.46433 -0.25342 0.49412 0.50588 0.49804 1.00000
v -12.75024 18.71052 -0.40074 0.49412 0.50588 0.49804 1.00000
v -13.16501 18.83411 -0.01057 0.49412 0.50588 0.49804 1.00000
v -13.18608 19.01070 -0.15025 0.49412 0.50588 0.49804 1.00000
v -12.75058 18.93264 -0.55062 0.49412 0.50588 0.49804 1.00000
v -13.16797 18.81845 -0.65403 0.49412 0.50588 0.49804 1.00000
v -13.50185 18.94227 -0.22820 0.49412 0.50588 0.49804 1.00000
v -13.80066 19.05811 0.16738 0.49412 0.50588 0.49804 1.00000
v -13.96549 18.95017 0.28489 0.49412 0.50588 0.49804 1.00000
v -13.92469 18.85134 0.44489 0.49412 0.50588 0.49804 1.00000
v -13.72711 18.81666 0.45053 0.49412 0.50588 0.49804 1.00000
v -13.53167 18.96632 0.34894 0.49412 0.50588 0.49804 1.00000
v -13.56716 19.10061 0.22270 0.49412 0.50588 0.49804 1.00000
v -13.80066 19.05811 0.16738 0.49412 0.50588 0.49804 1.00000
v -14.31898 19.26835 0.84164 0.49412 0.50588 0.49804 1.00000
v -14.41780 19.16197 0.90940 0.49412 0.50588 0.49804 1.00000
v -14.36431 19.08696 1.02016 0.49412 0.50588 0.49804 1.00000
v -14.22099 19.09574 1.05658 0.49412 0.50588 0.49804 1.00000
v -14.12147 19.21360 0.98608 0.49412 0.50588 0.49804 1.00000
v -14.17034 19.30256 0.88180 0.49412 0.50588 0.49804 1.00000
v -14.31898 19.26835 0.84164 0.49412 0.50588 0.49804 1.00000
v -17.02946 20.06597 3.86045 0.49412 0.50588 0.49804 1.00000
v -17.01391 19.96852 3.87996 0.49412 0.50588 0.49804 1.00000
v -16.94079 19.94955 3.94553 0.49412 0.50588 0.49804 1.00000
v -16.89021 20.02030 3.98589 0.49412 0.50588 0.49804 1.00000
v -16.90706 20.11148 3.96560 0.49412 0.50588 0.49804 1.00000
v -16.97617 20.13584 3.90325 0.49412 0.50588 0.49804 1.00000
v -17.02946 20.06597 3.86045 0.49412 0.50588 0.49804 1.00000
v -18.23974 20.99107 5.62980 0.49412 0.50588 0.49804 1.00000
v -18.22257 20.93213 5.68994 0.49412 0.50588 0.49804 1.00000
v -18.15103 20.93264 5.73764 0.49412 0.50588 0.49804 1.00000
v -18.09152 20.99649 5.72503 0.49412 0.50588 0.49804 1.00000
v -18.11134 21.05394 5.66434 0.49412 0.50588 0.49804 1.00000
v -18.18192 21.05630 5.61493 0.49412 0.50588 0.49804 1.00000
v -18.23974 20.99107 5.62980 0.49412 0.50588 0.49804 1.00000
v -19.67416 22.09178 7.08432 0.49412 0.50588 0.49804 1.00000
v -19.67416 22.09178 7.08432 0.49412 0.50588 0.49804 1.00000
v -19.67416 22.09178 7.08432 0.49412 0.50588 0.49804 1.00000
v -17.49576 15.40818 3.79523 0.49412 0.50588 0.49804 1.00000
v -18.09086 15.49343 3.74739 0.49412 0.50588 0.49804 1.00000
v -18.32728 15.38614 3.86091 0.49412 0.50588 0.49804 1.00000
v -17.82175 15.27676 3.93983 0.49412 0.50588 0.49804 1.00000
v -17.68073 15.31292 4.12557 0.49412 0.50588 0.49804 1.00000
v -18.22726 15.43366 4.01822 0.49412 0.50588 0.49804 1.00000
v -18.02749 15.57790 3.89621 0.49412 0.50588 0.49804 1.00000
v -17.41595 15.50592 3.96569 0.49412 0.50588 0.49804 1.00000
v -17.49576 15.40818 3.79523 0.49412 0.50588 0.49804 1.00000
v -18.09086 15.49343 3.74739 0.49412 0.50588 0.49804 1.00000
v -18.63451 15.58304 3.70278 0.49412 0.50588 0.49804 1.00000
v -18.79996 15.49494 3.78835 0.49412 0.50588 0.49804 1.00000
v -18.73209 15.54890 3.91557 0.49412 0.50588 0.49804 1.00000
v -18.58542 15.65598 3.82670 0.49412 0.50588 0.49804 1.00000
v -18.63451 15.58304 3.70278 0.49412 0.50588 0.49804 1.00000
v -19.56485 15.75499 3.60211 0.49412 0.50588 0.49804 1.00000
v -19.65227 15.68227 3.65994 0.49412 0.50588 0.49804 1.00000
v -19.62305 15.74077 3.74891 0.49412 0.50588 0.49804 1.00000
v -19.53980 15.81787 3.69234 0.49412 0.50588 0.49804 1.00000
v -19.56485 15.75499 3.60211 0.49412 0.50588 0.49804 1.00000
v -23.09768 17.51989 3.74579 0.49412 0.50588 0.49804 1.00000
v -23.12615 17.46820 3.78892 0.49412 0.50588 0.49804 1.00000
v -23.09231 17.49625 3.85061 0.49412 0.50588 0.49804 1.00000
v -23.06342 17.54953 3.80405 0.49412 0.50588 0.49804 1.00000
v -23.09768 17.51989 3.74579 0.49412 0.50588 0.49804 1.00000
v -24.83621 19.60881 3.91522 0.49412 0.50588 0.49804 1.00000
v -24.83621 19.60881 3.91522 0.49412 0.50588 0.49804 1.00000
v -14.25165 17.79086 0.63630 0.49412 0.50588 0.49804 1.00000
v -14.96202 17.76541 0.61723 0.49412 0.50588 0.49804 1.00000
v -15.17672 17.67105 0.80981 0.49412 0.50588 0.49804 1.00000
v -14.55431 17.68182 0.87967 0.49412 0.50588 0.49804 1.00000
v -14.59022 17.86615 1.03270 0.49412 0.50588 0.49804 1.00000
v -15.19921 17.82320 0.94811 0.49412 0.50588 0.49804 1.00000
v -14.97599 17.99841 0.85696 0.49412 0.50588 0.49804 1.00000
v -14.27160 18.06920 0.90718 0.49412 0.50588 0.49804 1.00000
v -14.15617 18.11411 0.55180 0.49412 0.50588 0.49804 1.00000
v -14.88536 18.01625 0.58692 0.49412 0.50588 0.49804 1.00000
v -14.96202 17.76541 0.61723 0.49412 0.50588 0.49804 1.00000
v -14.25165 17.79086 0.63630 0.49412 0.50588 0.49804 1.00000
v -15.61361 17.75262 0.59561 0.49412 0.50588 0.49804 1.00000
v -15.75897 17.66744 0.74161 0.49412 0.50588 0.49804 1.00000
v -15.77068 17.78478 0.86328 0.49412 0.50588 0.49804 1.00000
v -15.62181 17.93373 0.80383 0.49412 0.50588 0.49804 1.00000
v -15.55299 17.93934 0.60577 0.49412 0.50588 0.49804 1.00000
v -15.61361 17.75262 0.59561 0.49412 0.50588 0.49804 1.00000
v -16.73377 17.72148 0.54176 0.49412 0.50588 0.49804 1.00000
v -16.80287 17.64261 0.63815 0.49412 0.50588 0.49804 1.00000
v -16.80502 17.71666 0.73847 0.49412 0.50588 0.49804 1.00000
v -16.73616 17.83552 0.71270 0.49412 0.50588 0.49804 1.00000
v -16.69771 17.84055 0.58557 0.49412 0.50588 0.49804 1.00000
v -16.73377 17.72148 0.54176 0.49412 0.50588 0.49804 1.00000
v -20.78261 19.58031 0.94731 0.49412 0.50588 0.49804 1.00000
v -20.84103 19.54454 0.99502 0.49412 0.50588 0.49804 1.00000
v -20.81478 19.54318 1.07841 0.49412 0.50588 0.49804 1.00000
v -20.73670 19.58121 1.07348 0.49412 0.50588 0.49804 1.00000
v -20.71376 19.60547 0.99330 0.49412 0.50588 0.49804 1.00000
v -20.78261 19.58031 0.94731 0.49412 0.50588 0.49804 1.00000
v -22.06010 22.49595 0.86909 0.49412 0.50588 0.49804 1.00000
v -22.06010 22.49595 0.86909 0.49412 0.50588 0.49804 1.00000
v -22.06010 22.49595 0.86909 0.49412 0.50588 0.49804 1.00000
v -14.44519 17.70143 0.98472 0.49412 0.50588 0.49804 1.00000
v -14.89288 17.32035 1.04924 0.49412 0.50588 0.49804 1.00000
v -15.06954 17.19975 1.25567 0.49412 0.50588 0.49804 1.00000
v -14.70689 17.54639 1.24422 0.49412 0.50588 0.49804 1.00000
v -14.87219 17.70503 1.27699 0.49412 0.50588 0.49804 1.00000
v -15.20233 17.33764 1.29979 0.49412 0.50588 0.49804 1.00000
v -15.09333 17.54956 1.16109 0.49412 0.50588 0.49804 1.00000
v -14.68898 17.96966 1.10157 0.49412 0.50588 0.49804 1.00000
v -14.50015 17.92667 0.77058 0.49412 0.50588 0.49804 1.00000
v -14.94628 17.51390 0.91483 0.49412 0.50588 0.49804 1.00000
v -14.89288 17.32035 1.04924 0.49412 0.50588 0.49804 1.00000
v -14.44519 17.70143 0.98472 0.49412 0.50588 0.49804 1.00000
v -15.30811 16.97652 1.09682 0.49412 0.50588 0.49804 1.00000
v -15.41263 16.87667 1.25840 0.49412 0.50588 0.49804 1.00000
v -15.51260 16.98988 1.31411 0.49412 0.50588 0.49804 1.00000
v -15.46217 17.16149 1.21123 0.49412 0.50588 0.49804 1.00000
v -15.35722 17.13951 1.02802 0.49412 0.50588 0.49804 1.00000
v -15.30811 16.97652 1.09682 0.49412 0.50588 0.49804 1.00000
v -16.00611 16.37237 1.17037 0.49412 0.50588 0.49804 1.00000
v -16.02838 16.29366 1.28593 0.49412 0.50588 0.49804 1.00000
v -16.09063 16.37324 1.35558 0.49412 0.50588 0.49804 1.00000
v -16.10441 16.49910 1.29522 0.49412 0.50588 0.49804 1.00000
v -16.05464 16.49379 1.16574 0.49412 0.50588 0.49804 1.00000
v -16.00611 16.37237 1.17037 0.49412 0.50588 0.49804 1.00000
v -20.39340 15.54816 0.74261 0.49412 0.50588 0.49804 1.00000
v -20.42239 15.46918 0.75406 0.49412 0.50588 0.49804 1.00000
v -20.42397 15.45983 0.83796 0.49412 0.50588 0.49804 1.00000
v -20.39791 15.52811 0.87277 0.49412 0.50588 0.49804 1.00000
v -20.37942 15.58149 0.81593 0.49412 0.50588 0.49804 1.00000
v -20.39340 15.54816 0.74261 0.49412 0.50588 0.49804 1.00000
v -22.48882 18.25197 0.91383 0.49412 0.50588 0.49804 1.00000
v -22.48882 18.25197 0.91383 0.49412 0.50588 0.49804 1.00000
v -22.48882 18.25197 0.91383 0.49412 0.50588 0.49804 1.00000
v -16.72350 16.02856 3.70875 0.49412 0.50588 0.49804 1.00000
v -17.04879 15.51719 3.63790 0.49412 0.50588 0.49804 1.00000
v -17.24403 15.35215 3.70281 0.49412 0.50588 0.49804 1.00000
v -16.97520 15.80242 3.77011 0.49412 0.50588 0.49804 1.00000
v -17.04180 15.96389 3.59055 0.49412 0.50588 0.49804 1.00000
v -17.31424 15.47723 3.56173 0.49412 0.50588 0.49804 1.00000
v -17.06395 15.58436 3.41751 0.49412 0.50588 0.49804 1.00000
v -16.69645 16.09234 3.39582 0.49412 0.50588 0.49804 1.00000
v -16.72350 16.02856 3.70875 0.49412 0.50588 0.49804 1.00000
v -17.04879 15.51719 3.63790 0.49412 0.50588 0.49804 1.00000
v -17.34459 15.04725 3.56325 0.49412 0.50588 0.49804 1.00000
v -17.48830 14.92590 3.63505 0.49412 0.50588 0.49804 1.00000
v -17.56109 15.02287 3.53804 0.49412 0.50588 0.49804 1.00000
v -17.39094 15.11546 3.42656 0.49412 0.50588 0.49804 1.00000
v -17.34459 15.04725 3.56325 0.49412 0.50588 0.49804 1.00000
v -17.85372 14.23467 3.44566 0.49412 0.50588 0.49804 1.00000
v -17.93379 14.16048 3.52989 0.49412 0.50588 0.49804 1.00000
v -18.00849 14.23271 3.48983 0.49412 0.50588 0.49804 1.00000
v -17.92567 14.30231 3.39847 0.49412 0.50588 0.49804 1.00000
v -17.85372 14.23467 3.44566 0.49412 0.50588 0.49804 1.00000
v -20.05737 12.14425 1.21427 0.49412 0.50588 0.49804 1.00000
v -20.05178 12.06682 1.21627 0.49412 0.50588 0.49804 1.00000
v -20.11061 12.06038 1.27082 0.49412 0.50588 0.49804 1.00000
v -20.11499 12.14140 1.26738 0.49412 0.50588 0.49804 1.00000
v -20.05737 12.14425 1.21427 0.49412 0.50588 0.49804 1.00000
v -22.41092 13.20903 0.37373 0.49412 0.50588 0.49804 1.00000
v -22.41092 13.20903 0.37373 0.49412 0.50588 0.49804 1.00000
v -10.83720 23.79982 7.81508 0.49412 0.50588 0.49804 1.00000
v -11.20711 23.89787 8.43903 0.49412 0.50588 0.49804 1.00000
v -11.41873 23.82861 8.66021 0.49412 0.50588 0.49804 1.00000
v -11.12889 23.74769 8.10994 0.49412 0.50588 0.49804 1.00000
v -11.02227 23.60706 8.29233 0.49412 0.50588 0.49804 1.00000
v -11.31655 23.71417 8.81152 0.49412 0.50588 0.49804 1.00000
v -11.04321 23.68985 8.66355 0.49412 0.50588 0.49804 1.00000
v -10.66753 23.53810 8.07515 0.49412 0.50588 0.49804 1.00000
v -10.46345 23.80176 7.86452 0.49412 0.50588 0.49804 1.00000
v -10.92283 23.88873 8.48359 0.49412 0.50588 0.49804 1.00000
v -11.20711 23.89787 8.43903 0.49412 0.50588 0.49804 1.00000
v -10.83720 23.79982 7.81508 0.49412 0.50588 0.49804 1.00000
v -11.53794 23.99097 9.01379 0.49412 0.50588 0.49804 1.00000
v -11.68248 23.90793 9.17849 0.49412 0.50588 0.49804 1.00000
v -11.58695 23.82502 9.30056 0.49412 0.50588 0.49804 1.00000
v -11.38355 23.84129 9.20186 0.49412 0.50588 0.49804 1.00000
v -11.32789 23.98557 9.04999 0.49412 0.50588 0.49804 1.00000
v -11.53794 23.99097 9.01379 0.49412 0.50588 0.49804 1.00000
v -12.10464 24.15930 9.99734 0.49412 0.50588 0.49804 1.00000
v -12.17281 24.06031 10.09538 0.49412 0.50588 0.49804 1.00000
v -12.08424 24.01853 10.18016 0.49412 0.50588 0.49804 1.00000
v -11.96054 24.08103 10.13456 0.49412 0.50588 0.49804 1.00000
v -11.97047 24.17363 10.02646 0.49412 0.50588 0.49804 1.00000
v -12.10464 24.15930 9.99734 0.49412 0.50588 0.49804 1.00000
v -14.33856 25.76178 13.65809 0.49412 0.50588 0.49804 1.00000
v -14.32533 25.69453 13.71242 0.49412 0.50588 0.49804 1.00000
v -14.24253 25.70130 13.75104 0.49412 0.50588 0.49804 1.00000
v -14.21040 25.77804 13.71378 0.49412 0.50588 0.49804 1.00000
v -14.26761 25.81818 13.65551 0.49412 0.50588 0.49804 1.00000
v -14.33856 25.76178 13.65809 0.49412 0.50588 0.49804 1.00000
v -15.03829 27.30790 16.24387 0.49412 0.50588 0.49804 1.00000
v -15.03829 27.30790 16.24387 0.49412 0.50588 0.49804 1.00000
v -15.03829 27.30790 16.24387 0.49412 0.50588 0.49804 1.00000
v -8.48458 23.73801 6.35738 0.49412 0.50588 0.49804 1.00000
v -8.98765 24.07372 6.35188 0.49412 0.50588 0.49804 1.00000
v -9.30807 24.22461 6.47897 0.49412 0.50588 0.49804 1.00000
v -8.91372 23.99376 6.50759 0.49412 0.50588 0.49804 1.00000
v -8.89820 24.08757 6.75944 0.49412 0.50588 0.49804 1.00000
v -9.29726 24.29959 6.70082 0.49412 0.50588 0.49804 1.00000
v -9.03685 24.20879 6.84127 0.49412 0.50588 0.49804 1.00000
v -8.56842 23.90573 6.93439 0.49412 0.50588 0.49804 1.00000
v -8.19335 23.83191 6.71450 0.49412 0.50588 0.49804 1.00000
v -8.75008 24.16447 6.67203 0.49412 0.50588 0.49804 1.00000
v -8.68568 24.13083 6.39771 0.49412 0.50588 0.49804 1.00000
v -8.08549 23.80318 6.37365 0.49412 0.50588 0.49804 1.00000
v -8.48458 23.73801 6.35738 0.49412 0.50588 0.49804 1.00000
v -8.98765 24.07372 6.35188 0.49412 0.50588 0.49804 1.00000
v -9.43610 24.39235 6.34443 0.49412 0.50588 0.49804 1.00000
v -9.67404 24.45661 6.44863 0.49412 0.50588 0.49804 1.00000
v -9.66882 24.51223 6.63716 0.49412 0.50588 0.49804 1.00000
v -9.46514 24.49128 6.74767 0.49412 0.50588 0.49804 1.00000
v -9.24657 24.47779 6.62120 0.49412 0.50588 0.49804 1.00000
v -9.21118 24.44703 6.40719 0.49412 0.50588 0.49804 1.00000
v -9.43610 24.39235 6.34443 0.49412 0.50588 0.49804 1.00000
v -10.19924 24.91860 6.30470 0.49412 0.50588 0.49804 1.00000
v -10.34601 24.88743 6.38436 0.49412 0.50588 0.49804 1.00000
v -10.34822 24.91989 6.53069 0.49412 0.50588 0.49804 1.00000
v -10.21843 24.97178 6.60855 0.49412 0.50588 0.49804 1.00000
v -10.07971 25.00698 6.52264 0.49412 0.50588 0.49804 1.00000
v -10.06457 24.98721 6.37317 0.49412 0.50588 0.49804 1.00000
v -10.19924 24.91860 6.30470 0.49412 0.50588 0.49804 1.00000
v -12.89870 27.84892 6.45381 0.49412 0.50588 0.49804 1.00000
v -12.98103 27.80981 6.50681 0.49412 0.50588 0.49804 1.00000
v -12.97365 27.77681 6.61202 0.49412 0.50588 0.49804 1.00000
v -12.87245 27.78958 6.65314 0.49412 0.50588 0.49804 1.00000
v -12.78361 27.82958 6.60253 0.49412 0.50588 0.49804 1.00000
v -12.79764 27.86192 6.49413 0.49412 0.50588 0.49804 1.00000
v -12.89870 27.84892 6.45381 0.49412 0.50588 0.49804 1.00000
v -13.77717 30.14862 7.32946 0.49412 0.50588 0.49804 1.00000
v -13.84337 30.11300 7.36122 0.49412 0.50588 0.49804 1.00000
v -13.83673 30.09567 7.44322 0.49412 0.50588 0.49804 1.00000
v -13.76791 30.11359 7.48815 0.49412 0.50588 0.49804 1.00000
v -13.70202 30.15094 7.44882 0.49412 0.50588 0.49804 1.00000
v -13.70914 30.16803 7.36695 0.49412 0.50588 0.49804 1.00000
v -13.77717 30.14862 7.32946 0.49412 0.50588 0.49804 1.00000
v -14.10151 32.67955 7.41109 0.49412 0.50588 0.49804 1.00000
v -14.10151 32.67955 7.41109 0.49412 0.50588 0.49804 1.00000
v -14.10151 32.67955 7.41109 0.49412 0.50588 0.49804 1.00000
v -8.92430 23.69339 6.86134 0.49412 0.50588 0.49804 1.00000
v -9.45275 23.83414 6.99468 0.49412 0.50588 0.49804 1.00000
v -9.74959 23.83822 7.19982 0.49412 0.50588 0.49804 1.00000
v -9.33992 23.72941 7.11715 0.49412 0.50588 0.49804 1.00000
v -9.48194 23.97139 7.22098 0.49412 0.50588 0.49804 1.00000
v -9.83840 24.02872 7.31505 0.49412 0.50588 0.49804 1.00000
v -9.61437 24.17255 7.35384 0.49412 0.50588 0.49804 1.00000
v -9.18097 24.11273 7.27892 0.49412 0.50588 0.49804 1.00000
v -8.82719 24.08597 7.05231 0.49412 0.50588 0.49804 1.00000
v -9.35555 24.17256 7.16386 0.49412 0.50588 0.49804 1.00000
v -9.28256 24.02232 6.92238 0.49412 0.50588 0.49804 1.00000
v -8.71189 23.90807 6.73949 0.49412 0.50588 0.49804 1.00000
v -8.92430 23.69339 6.86134 0.49412 0.50588 0.49804 1.00000
v -9.45275 23.83414 6.99468 0.49412 0.50588 0.49804 1.00000
v -9.93120 23.97286 7.10092 0.49412 0.50588 0.49804 1.00000
v -10.13496 23.94729 7.26818 0.49412 0.50588 0.49804 1.00000
v -10.18352 24.08778 7.39033 0.49412 0.50588 0.49804 1.00000
v -10.02060 24.22591 7.41571 0.49412 0.50588 0.49804 1.00000
v -9.83791 24.25128 7.25255 0.49412 0.50588 0.49804 1.00000
v -9.79725 24.13437 7.06414 0.49412 0.50588 0.49804 1.00000
v -9.93120 23.97286 7.10092 0.49412 0.50588 0.49804 1.00000
v -10.73630 24.18757 7.27082 0.49412 0.50588 0.49804 1.00000
v -10.83361 24.12536 7.40062 0.49412 0.50588 0.49804 1.00000
v -10.83524 24.20650 7.52354 0.49412 0.50588 0.49804 1.00000
v -10.73900 24.33199 7.54131 0.49412 0.50588 0.49804 1.00000
v -10.64931 24.38976 7.40544 0.49412 0.50588 0.49804 1.00000
v -10.64887 24.31951 7.26450 0.49412 0.50588 0.49804 1.00000
v -10.73630 24.18757 7.27082 0.49412 0.50588 0.49804 1.00000
v -14.11098 25.85636 7.24571 0.49412 0.50588 0.49804 1.00000
v -14.16802 25.78232 7.29777 0.49412 0.50588 0.49804 1.00000
v -14.18596 25.80322 7.40055 0.49412 0.50588 0.49804 1.00000
v -14.15056 25.88815 7.44452 0.49412 0.50588 0.49804 1.00000
v -14.09696 25.95628 7.39276 0.49412 0.50588 0.49804 1.00000
v -14.07635 25.94193 7.29355 0.49412 0.50588 0.49804 1.00000
v -14.11098 25.85636 7.24571 0.49412 0.50588 0.49804 1.00000
v -15.22071 28.12246 7.36555 0.49412 0.50588 0.49804 1.00000
v -15.29804 28.10421 7.36306 0.49412 0.50588 0.49804 1.00000
v -15.33022 28.08589 7.43524 0.49412 0.50588 0.49804 1.00000
v -15.28504 28.08750 7.49849 0.49412 0.50588 0.49804 1.00000
v -15.21256 28.10559 7.49411 0.49412 0.50588 0.49804 1.00000
v -15.17405 28.12439 7.42906 0.49412 0.50588 0.49804 1.00000
v -15.22071 28.12246 7.36555 0.49412 0.50588 0.49804 1.00000
v -15.31409 30.38776 8.39789 0.49412 0.50588 0.49804 1.00000
v -15.31409 30.38776 8.39789 0.49412 0.50588 0.49804 1.00000
v -15.31409 30.38776 8.39789 0.49412 0.50588 0.49804 1.00000
v -10.56641 23.64835 8.12200 0.49412 0.50588 0.49804 1.00000
v -11.25834 23.54321 8.07020 0.49412 0.50588 0.49804 1.00000
v -11.55469 23.49334 8.22402 0.49412 0.50588 0.49804 1.00000
v -10.97093 23.59839 8.31450 0.49412 0.50588 0.49804 1.00000
v -11.11147 23.79953 8.25128 0.49412 0.50588 0.49804 1.00000
v -11.67189 23.66308 8.19756 0.49412 0.50588 0.49804 1.00000
v -11.45853 23.83671 8.09233 0.49412 0.50588 0.49804 1.00000
v -10.81050 24.00727 8.12518 0.49412 0.50588 0.49804 1.00000
v -10.49619 23.83465 7.85938 0.49412 0.50588 0.49804 1.00000
v -11.21665 23.71456 7.90320 0.49412 0.50588 0.49804 1.00000
v -11.25834 23.54321 8.07020 0.49412 0.50588 0.49804 1.00000
v -10.56641 23.64835 8.12200 0.49412 0.50588 0.49804 1.00000
v -11.88960 23.44971 8.00580 0.49412 0.50588 0.49804 1.00000
v -12.09934 23.39192 8.12751 0.49412 0.50588 0.49804 1.00000
v -12.19584 23.52485 8.13948 0.49412 0.50588 0.49804 1.00000
v -12.05188 23.67257 8.06116 0.49412 0.50588 0.49804 1.00000
v -11.87003 23.60052 7.92355 0.49412 0.50588 0.49804 1.00000
v -11.88960 23.44971 8.00580 0.49412 0.50588 0.49804 1.00000
v -12.96518 23.27224 7.89194 0.49412 0.50588 0.49804 1.00000
v -13.07811 23.20071 7.98351 0.49412 0.50588 0.49804 1.00000
v -13.14748 23.28646 8.04240 0.49412 0.50588 0.49804 1.00000
v -13.08057 23.40910 8.00054 0.49412 0.50588 0.49804 1.00000
v -12.97012 23.39269 7.89811 0.49412 0.50588 0.49804 1.00000
v -12.96518 23.27224 7.89194 0.49412 0.50588 0.49804 1.00000
v -17.01202 23.00730 6.12306 0.49412 0.50588 0.49804 1.00000
v -17.02438 22.92434 6.09866 0.49412 0.50588 0.49804 1.00000
v -17.05262 22.87461 6.17009 0.49412 0.50588 0.49804 1.00000
v -17.05506 22.93666 6.23665 0.49412 0.50588 0.49804 1.00000
v -17.03041 23.02023 6.21079 0.49412 0.50588 0.49804 1.00000
v -17.01202 23.00730 6.12306 0.49412 0.50588 0.49804 1.00000
v -19.72212 24.06298 6.83882 0.49412 0.50588 0.49804 1.00000
v -19.72212 24.06298 6.83882 0.49412 0.50588 0.49804 1.00000
v -19.72212 24.06298 6.83882 0.49412 0.50588 0.49804 1.00000
v 14.53141 31.08037 5.72978 0.49412 0.50588 0.49804 1.00000
v 15.11750 31.37676 5.88499 0.49412 0.50588 0.49804 1.00000
v 15.34880 31.37948 5.91452 0.49412 0.50588 0.49804 1.00000
v 14.83558 31.10932 5.77926 0.49412 0.50588 0.49804 1.00000
v 14.63363 30.95587 5.62462 0.49412 0.50588 0.49804 1.00000
v 15.20016 31.28336 5.78647 0.49412 0.50588 0.49804 1.00000
v 15.11750 31.37676 5.88499 0.49412 0.50588 0.49804 1.00000
v 14.53141 31.08037 5.72978 0.49412 0.50588 0.49804 1.00000
v 15.65388 31.65092 6.02066 0.49412 0.50588 0.49804 1.00000
v 15.82623 31.63481 6.03380 0.49412 0.50588 0.49804 1.00000
v 15.71592 31.59070 5.93097 0.49412 0.50588 0.49804 1.00000
v 15.65388 31.65092 6.02066 0.49412 0.50588 0.49804 1.00000
v 16.56825 32.13170 6.25038 0.49412 0.50588 0.49804 1.00000
v 16.67159 32.09340 6.24414 0.49412 0.50588 0.49804 1.00000
v 16.60646 32.11303 6.17347 0.49412 0.50588 0.49804 1.00000
v 16.56825 32.13170 6.25038 0.49412 0.50588 0.49804 1.00000
v 20.41826 35.55256 6.38321 0.49412 0.50588 0.49804 1.00000
v 20.41826 35.55256 6.38321 0.49412 0.50588 0.49804 1.00000
v 8.49563 30.83867 3.08316 0.49412 0.50588 0.49804 1.00000
v 8.77393 31.25123 3.32749 0.49412 0.50588 0.49804 1.00000
v 9.06487 31.40047 3.32439 0.49412 0.50588 0.49804 1.00000
v 8.86339 31.06676 3.09594 0.49412 0.50588 0.49804 1.00000
v 8.79297 30.99937 2.81739 0.49412 0.50588 0.49804 1.00000
v 9.00495 31.37583 3.08940 0.49412 0.50588 0.49804 1.00000
v 8.65324 31.30439 3.09791 0.49412 0.50588 0.49804 1.00000
v 8.32276 30.90101 2.81486 0.49412 0.50588 0.49804 1.00000
v 8.49563 30.83867 3.08316 0.49412 0.50588 0.49804 1.00000
v 8.77393 31.25123 3.32749 0.49412 0.50588 0.49804 1.00000
v 9.02212 31.63503 3.54673 0.49412 0.50588 0.49804 1.00000
v 9.24971 31.72135 3.53620 0.49412 0.50588 0.49804 1.00000
v 9.19640 31.72723 3.34363 0.49412 0.50588 0.49804 1.00000
v 8.93873 31.68096 3.35584 0.49412 0.50588 0.49804 1.00000
v 9.02212 31.63503 3.54673 0.49412 0.50588 0.49804 1.00000
v 9.43670 32.28854 3.93663 0.49412 0.50588 0.49804 1.00000
v 9.59532 32.30472 3.91751 0.49412 0.50588 0.49804 1.00000
v 9.55241 32.34420 3.78004 0.49412 0.50588 0.49804 1.00000
v 9.38887 32.33725 3.79734 0.49412 0.50588 0.49804 1.00000
v 9.43670 32.28854 3.93663 0.49412 0.50588 0.49804 1.00000
v 11.70058 35.97872 5.09668 0.49412 0.50588 0.49804 1.00000
v 11.78420 35.96079 5.05088 0.49412 0.50588 0.49804 1.00000
v 11.73210 35.94858 4.97065 0.49412 0.50588 0.49804 1.00000
v 11.65403 35.96610 5.01706 0.49412 0.50588 0.49804 1.00000
v 11.70058 35.97872 5.09668 0.49412 0.50588 0.49804 1.00000
v 12.01786 39.23638 5.40797 0.49412 0.50588 0.49804 1.00000
v 12.01786 39.23638 5.40797 0.49412 0.50588 0.49804 1.00000
v 14.43825 30.86063 5.51145 0.49412 0.50588 0.49804 1.00000
v 14.53720 31.09342 6.12481 0.49412 0.50588 0.49804 1.00000
v 14.67502 31.23027 6.20244 0.49412 0.50588 0.49804 1.00000
v 14.60037 31.04664 5.62813 0.49412 0.50588 0.49804 1.00000
v 14.35347 31.03426 5.40153 0.49412 0.50588 0.49804 1.00000
v 14.49211 31.23701 6.03177 0.49412 0.50588 0.49804 1.00000
v 14.53720 31.09342 6.12481 0.49412 0.50588 0.49804 1.00000
v 14.43825 30.86063 5.51145 0.49412 0.50588 0.49804 1.00000
v 14.62350 31.31169 6.68767 0.49412 0.50588 0.49804 1.00000
v 14.73999 31.40184 6.73815 0.49412 0.50588 0.49804 1.00000
v 14.61083 31.42373 6.61144 0.49412 0.50588 0.49804 1.00000
v 14.62350 31.31169 6.68767 0.49412 0.50588 0.49804 1.00000
v 14.77252 31.67940 7.66473 0.49412 0.50588 0.49804 1.00000
v 14.86560 31.71457 7.68710 0.49412 0.50588 0.49804 1.00000
v 14.79150 31.75462 7.61250 0.49412 0.50588 0.49804 1.00000
v 14.77252 31.67940 7.66473 0.49412 0.50588 0.49804 1.00000
v 14.67073 35.64286 10.50452 0.49412 0.50588 0.49804 1.00000
v 14.67073 35.64286 10.50452 0.49412 0.50588 0.49804 1.00000
v 14.67843 30.99273 5.56413 0.49412 0.50588 0.49804 1.00000
v 14.90835 31.01885 6.17385 0.49412 0.50588 0.49804 1.00000
v 15.01317 31.11957 6.31457 0.49412 0.50588 0.49804 1.00000
v 14.79712 31.11821 5.76756 0.49412 0.50588 0.49804 1.00000
v 14.50593 31.12895 5.59847 0.49412 0.50588 0.49804 1.00000
v 14.79533 31.14297 6.19546 0.49412 0.50588 0.49804 1.00000
v 14.90835 31.01885 6.17385 0.49412 0.50588 0.49804 1.00000
v 14.67843 30.99273 5.56413 0.49412 0.50588 0.49804 1.00000
v 15.11327 31.04400 6.73631 0.49412 0.50588 0.49804 1.00000
v 15.21099 31.11536 6.82586 0.49412 0.50588 0.49804 1.00000
v 15.05511 31.15144 6.74431 0.49412 0.50588 0.49804 1.00000
v 15.11327 31.04400 6.73631 0.49412 0.50588 0.49804 1.00000
v 15.47605 31.08175 7.70472 0.49412 0.50588 0.49804 1.00000
v 15.56722 31.11403 7.73392 0.49412 0.50588 0.49804 1.00000
v 15.47767 31.16530 7.69601 0.49412 0.50588 0.49804 1.00000
v 15.47605 31.08175 7.70472 0.49412 0.50588 0.49804 1.00000
v 15.66132 32.64331 12.47759 0.49412 0.50588 0.49804 1.00000
v 15.66132 32.64331 12.47759 0.49412 0.50588 0.49804 1.00000
v 14.08287 30.89504 5.16150 0.49412 0.50588 0.49804 1.00000
v 14.42015 30.68052 5.68354 0.49412 0.50588 0.49804 1.00000
v 14.54189 30.71004 5.85933 0.49412 0.50588 0.49804 1.00000
v 14.23207 30.91683 5.40703 0.49412 0.50588 0.49804 1.00000
v 13.91607 30.90153 5.29086 0.49412 0.50588 0.49804 1.00000
v 14.30432 30.70888 5.78636 0.49412 0.50588 0.49804 1.00000
v 14.42015 30.68052 5.68354 0.49412 0.50588 0.49804 1.00000
v 14.08287 30.89504 5.16150 0.49412 0.50588 0.49804 1.00000
v 14.72369 30.48006 6.16513 0.49412 0.50588 0.49804 1.00000
v 14.83081 30.50971 6.27803 0.49412 0.50588 0.49804 1.00000
v 14.65946 30.52762 6.23810 0.49412 0.50588 0.49804 1.00000
v 14.72369 30.48006 6.16513 0.49412 0.50588 0.49804 1.00000
v 15.25554 30.13454 6.99007 0.49412 0.50588 0.49804 1.00000
v 15.35041 30.16147 7.02521 0.49412 0.50588 0.49804 1.00000
v 15.24974 30.20351 7.02123 0.49412 0.50588 0.49804 1.00000
v 15.25554 30.13454 6.99007 0.49412 0.50588 0.49804 1.00000
v 15.34177 31.54317 11.16606 0.49412 0.50588 0.49804 1.00000
v 15.34177 31.54317 11.16606 0.49412 0.50588 0.49804 1.00000
v 0.32376 27.83431 -8.77175 0.49412 0.50588 0.49804 1.00000
v 0.25547 27.94077 -9.23644 0.49412 0.50588 0.49804 1.00000
v 0.19259 27.86040 -9.52236 0.49412 0.50588 0.49804 1.00000
v 0.22967 27.77583 -9.15103 0.49412 0.50588 0.49804 1.00000
v 0.00888 27.62778 -9.15420 0.49412 0.50588 0.49804 1.00000
v -0.00259 27.73908 -9.52021 0.49412 0.50588 0.49804 1.00000
v -0.06600 27.74405 -9.17382 0.49412 0.50588 0.49804 1.00000
v -0.04193 27.59899 -8.67629 0.49412 0.50588 0.49804 1.00000
v 0.02987 27.84099 -8.44090 0.49412 0.50588 0.49804 1.00000
v 0.02239 27.93828 -8.99891 0.49412 0.50588 0.49804 1.00000
v 0.25547 27.94077 -9.23644 0.49412 0.50588 0.49804 1.00000
v 0.32376 27.83431 -8.77175 0.49412 0.50588 0.49804 1.00000
v 0.18477 28.03976 -9.66082 0.49412 0.50588 0.49804 1.00000
v 0.14773 27.94370 -9.87151 0.49412 0.50588 0.49804 1.00000
v -0.02165 27.85372 -9.86490 0.49412 0.50588 0.49804 1.00000
v -0.09314 27.88925 -9.62161 0.49412 0.50588 0.49804 1.00000
v 0.00197 28.04158 -9.49565 0.49412 0.50588 0.49804 1.00000
v 0.18477 28.03976 -9.66082 0.49412 0.50588 0.49804 1.00000
v 0.08079 28.21127 -10.39089 0.49412 0.50588 0.49804 1.00000
v 0.07026 28.09794 -10.50988 0.49412 0.50588 0.49804 1.00000
v -0.06912 28.05030 -10.50438 0.49412 0.50588 0.49804 1.00000
v -0.14741 28.12418 -10.37897 0.49412 0.50588 0.49804 1.00000
v -0.05460 28.23527 -10.30845 0.49412 0.50588 0.49804 1.00000
v 0.08079 28.21127 -10.39089 0.49412 0.50588 0.49804 1.00000
v -0.35804 29.13630 -13.87266 0.49412 0.50588 0.49804 1.00000
v -0.39326 29.03752 -13.89067 0.49412 0.50588 0.49804 1.00000
v -0.49912 29.02635 -13.86160 0.49412 0.50588 0.49804 1.00000
v -0.52478 29.12800 -13.82416 0.49412 0.50588 0.49804 1.00000
v -0.43916 29.19369 -13.83117 0.49412 0.50588 0.49804 1.00000
v -0.35804 29.13630 -13.87266 0.49412 0.50588 0.49804 1.00000
v -1.38686 29.80612 -15.94040 0.49412 0.50588 0.49804 1.00000
v -1.43814 29.72349 -15.93493 0.49412 0.50588 0.49804 1.00000
v -1.51832 29.74202 -15.88326 0.49412 0.50588 0.49804 1.00000
v -1.51129 29.83155 -15.86117 0.49412 0.50588 0.49804 1.00000
v -1.43621 29.87292 -15.89242 0.49412 0.50588 0.49804 1.00000
v -1.38686 29.80612 -15.94040 0.49412 0.50588 0.49804 1.00000
v -2.05611 30.80407 -17.98667 0.49412 0.50588 0.49804 1.00000
v -2.05611 30.80407 -17.98667 0.49412 0.50588 0.49804 1.00000
v -2.05611 30.80407 -17.98667 0.49412 0.50588 0.49804 1.00000
v -0.68226 25.92059 -15.06383 0.49412 0.50588 0.49804 1.00000
v -0.78737 26.31748 -15.73477 0.49412 0.50588 0.49804 1.00000
v -0.95129 26.35162 -15.95471 0.49412 0.50588 0.49804 1.00000
v -0.87578 25.98125 -15.36394 0.49412 0.50588 0.49804 1.00000
v -0.89507 25.99021 -14.98132 0.49412 0.50588 0.49804 1.00000
v -0.96814 26.37285 -15.66511 0.49412 0.50588 0.49804 1.00000
v -0.78737 26.31748 -15.73477 0.49412 0.50588 0.49804 1.00000
v -0.68226 25.92059 -15.06383 0.49412 0.50588 0.49804 1.00000
v -0.88425 26.68910 -16.34588 0.49412 0.50588 0.49804 1.00000
v -1.01913 26.70323 -16.50249 0.49412 0.50588 0.49804 1.00000
v -1.02884 26.73126 -16.28854 0.49412 0.50588 0.49804 1.00000
v -0.88425 26.68910 -16.34588 0.49412 0.50588 0.49804 1.00000
v -1.03999 27.33687 -17.39703 0.49412 0.50588 0.49804 1.00000
v -1.13969 27.32574 -17.48231 0.49412 0.50588 0.49804 1.00000
v -1.13816 27.36406 -17.35278 0.49412 0.50588 0.49804 1.00000
v -1.03999 27.33687 -17.39703 0.49412 0.50588 0.49804 1.00000
v -2.47889 31.78811 -20.78097 0.49412 0.50588 0.49804 1.00000
v -2.47889 31.78811 -20.78097 0.49412 0.50588 0.49804 1.00000
v -0.13420 26.57653 -12.24662 0.49412 0.50588 0.49804 1.00000
v -0.01132 26.59272 -12.82914 0.49412 0.50588 0.49804 1.00000
v -0.07662 26.57280 -13.10865 0.49412 0.50588 0.49804 1.00000
v -0.18339 26.56585 -12.62774 0.49412 0.50588 0.49804 1.00000
v -0.32288 26.76536 -12.51946 0.49412 0.50588 0.49804 1.00000
v -0.18551 26.75029 -13.03603 0.49412 0.50588 0.49804 1.00000
v -0.04594 26.81866 -12.75597 0.49412 0.50588 0.49804 1.00000
v -0.14807 26.85645 -12.13693 0.49412 0.50588 0.49804 1.00000
v -0.13420 26.57653 -12.24662 0.49412 0.50588 0.49804 1.00000
v -0.01132 26.59272 -12.82914 0.49412 0.50588 0.49804 1.00000
v 0.10603 26.61579 -13.36080 0.49412 0.50588 0.49804 1.00000
v 0.03090 26.58391 -13.55896 0.49412 0.50588 0.49804 1.00000
v -0.05230 26.73494 -13.51358 0.49412 0.50588 0.49804 1.00000
v 0.05929 26.79203 -13.31566 0.49412 0.50588 0.49804 1.00000
v 0.10603 26.61579 -13.36080 0.49412 0.50588 0.49804 1.00000
v 0.30873 26.64574 -14.27106 0.49412 0.50588 0.49804 1.00000
v 0.22399 26.59748 -14.37378 0.49412 0.50588 0.49804 1.00000
v 0.16736 26.71319 -14.35806 0.49412 0.50588 0.49804 1.00000
v 0.25730 26.76790 -14.25623 0.49412 0.50588 0.49804 1.00000
v 0.30873 26.64574 -14.27106 0.49412 0.50588 0.49804 1.00000
v 1.57661 27.81155 -17.87673 0.49412 0.50588 0.49804 1.00000
v 1.53786 27.76369 -17.93703 0.49412 0.50588 0.49804 1.00000
v 1.45821 27.80081 -17.92100 0.49412 0.50588 0.49804 1.00000
v 1.50065 27.84987 -17.85843 0.49412 0.50588 0.49804 1.00000
v 1.57661 27.81155 -17.87673 0.49412 0.50588 0.49804 1.00000
v 1.31008 29.99457 -19.73564 0.49412 0.50588 0.49804 1.00000
v 1.31008 29.99457 -19.73564 0.49412 0.50588 0.49804 1.00000
v -0.94538 25.92777 -15.13843 0.49412 0.50588 0.49804 1.00000
v -0.39874 25.68377 -15.67691 0.49412 0.50588 0.49804 1.00000
v -0.36085 25.72417 -15.92472 0.49412 0.50588 0.49804 1.00000
v -0.87687 25.98433 -15.46066 0.49412 0.50588 0.49804 1.00000
v -0.77837 26.13591 -15.09126 0.49412 0.50588 0.49804 1.00000
v -0.29059 25.85465 -15.66772 0.49412 0.50588 0.49804 1.00000
v -0.39874 25.68377 -15.67691 0.49412 0.50588 0.49804 1.00000
v -0.94538 25.92777 -15.13843 0.49412 0.50588 0.49804 1.00000
v 0.10907 25.46354 -16.16886 0.49412 0.50588 0.49804 1.00000
v 0.12255 25.47782 -16.35344 0.49412 0.50588 0.49804 1.00000
v 0.16244 25.59305 -16.19230 0.49412 0.50588 0.49804 1.00000
v 0.10907 25.46354 -16.16886 0.49412 0.50588 0.49804 1.00000
v 0.98509 25.07067 -17.01875 0.49412 0.50588 0.49804 1.00000
v 0.97108 25.04721 -17.13520 0.49412 0.50588 0.49804 1.00000
v 0.97827 25.14783 -17.07524 0.49412 0.50588 0.49804 1.00000
v 0.98509 25.07067 -17.01875 0.49412 0.50588 0.49804 1.00000
v 4.41165 26.72723 -19.97346 0.49412 0.50588 0.49804 1.00000
v 4.41165 26.72723 -19.97346 0.49412 0.50588 0.49804 1.00000
v -1.20954 25.95291 -16.47521 0.49412 0.50588 0.49804 1.00000
v -0.78013 25.58348 -16.82151 0.49412 0.50588 0.49804 1.00000
v -0.65488 25.56520 -16.99108 0.49412 0.50588 0.49804 1.00000
v -1.03831 25.91820 -16.68076 0.49412 0.50588 0.49804 1.00000
v -0.98256 25.93747 -16.31099 0.49412 0.50588 0.49804 1.00000
v -0.60481 25.59392 -16.72808 0.49412 0.50588 0.49804 1.00000
v -0.78013 25.58348 -16.82151 0.49412 0.50588 0.49804 1.00000
v -1.20954 25.95291 -16.47521 0.49412 0.50588 0.49804 1.00000
v -0.38253 25.24287 -17.13667 0.49412 0.50588 0.49804 1.00000
v -0.30178 25.22967 -17.27854 0.49412 0.50588 0.49804 1.00000
v -0.25756 25.27227 -17.10652 0.49412 0.50588 0.49804 1.00000
v -0.38253 25.24287 -17.13667 0.49412 0.50588 0.49804 1.00000
v 0.30024 24.65384 -17.69305 0.49412 0.50588 0.49804 1.00000
v 0.32334 24.64183 -17.80432 0.49412 0.50588 0.49804 1.00000
v 0.36450 24.70145 -17.72702 0.49412 0.50588 0.49804 1.00000
v 0.30024 24.65384 -17.69305 0.49412 0.50588 0.49804 1.00000
v 4.37944 26.16515 -19.82397 0.49412 0.50588 0.49804 1.00000
v 4.37944 26.16515 -19.82397 0.49412 0.50588 0.49804 1.00000
v -7.30977 30.94516 -8.37325 0.49412 0.50588 0.49804 1.00000
v -7.69786 31.14003 -8.73636 0.49412 0.50588 0.49804 1.00000
v -7.91553 31.15435 -8.97744 0.49412 0.50588 0.49804 1.00000
v -7.59726 31.01365 -8.69282 0.49412 0.50588 0.49804 1.00000
v -7.67637 30.77859 -8.53458 0.49412 0.50588 0.49804 1.00000
v -8.00223 30.98792 -8.83420 0.49412 0.50588 0.49804 1.00000
v -7.82224 31.04387 -8.53041 0.49412 0.50588 0.49804 1.00000
v -7.45118 30.82861 -8.11072 0.49412 0.50588 0.49804 1.00000
v -7.30977 30.94516 -8.37325 0.49412 0.50588 0.49804 1.00000
v -7.69786 31.14003 -8.73636 0.49412 0.50588 0.49804 1.00000
v -8.05689 31.32134 -9.06003 0.49412 0.50588 0.49804 1.00000
v -8.21971 31.29187 -9.23802 0.49412 0.50588 0.49804 1.00000
v -8.30433 31.18976 -9.10807 0.49412 0.50588 0.49804 1.00000
v -8.16136 31.25400 -8.89761 0.49412 0.50588 0.49804 1.00000
v -8.05689 31.32134 -9.06003 0.49412 0.50588 0.49804 1.00000
v -8.66572 31.63754 -9.60941 0.49412 0.50588 0.49804 1.00000
v -8.76277 31.55821 -9.71301 0.49412 0.50588 0.49804 1.00000
v -8.83916 31.52907 -9.60032 0.49412 0.50588 0.49804 1.00000
v -8.74764 31.61395 -9.48877 0.49412 0.50588 0.49804 1.00000
v -8.66572 31.63754 -9.60941 0.49412 0.50588 0.49804 1.00000
v -11.21644 34.15634 -12.34918 0.49412 0.50588 0.49804 1.00000
v -11.29153 34.09897 -12.36979 0.49412 0.50588 0.49804 1.00000
v -11.32676 34.12206 -12.28335 0.49412 0.50588 0.49804 1.00000
v -11.25390 34.17604 -12.26659 0.49412 0.50588 0.49804 1.00000
v -11.21644 34.15634 -12.34918 0.49412 0.50588 0.49804 1.00000
v -13.41095 36.68668 -12.92400 0.49412 0.50588 0.49804 1.00000
v -13.41095 36.68668 -12.92400 0.49412 0.50588 0.49804 1.00000
v -9.71634 31.47457 -14.16129 0.49412 0.50588 0.49804 1.00000
v -9.62870 31.73685 -14.76868 0.49412 0.50588 0.49804 1.00000
v -9.74895 31.75772 -14.97202 0.49412 0.50588 0.49804 1.00000
v -9.86523 31.52030 -14.43795 0.49412 0.50588 0.49804 1.00000
v -9.91304 31.49743 -14.15749 0.49412 0.50588 0.49804 1.00000
v -9.79261 31.76206 -14.75882 0.49412 0.50588 0.49804 1.00000
v -9.62870 31.73685 -14.76868 0.49412 0.50588 0.49804 1.00000
v -9.71634 31.47457 -14.16129 0.49412 0.50588 0.49804 1.00000
v -9.54787 31.98416 -15.32157 0.49412 0.50588 0.49804 1.00000
v -9.64004 31.98426 -15.46704 0.49412 0.50588 0.49804 1.00000
v -9.67831 32.00839 -15.30816 0.49412 0.50588 0.49804 1.00000
v -9.54787 31.98416 -15.32157 0.49412 0.50588 0.49804 1.00000
v -9.39192 32.41257 -16.26584 0.49412 0.50588 0.49804 1.00000
v -9.45374 32.38789 -16.34835 0.49412 0.50588 0.49804 1.00000
v -9.48181 32.43415 -16.25455 0.49412 0.50588 0.49804 1.00000
v -9.39192 32.41257 -16.26584 0.49412 0.50588 0.49804 1.00000
v -9.69404 35.86535 -19.98042 0.49412 0.50588 0.49804 1.00000
v -9.69404 35.86535 -19.98042 0.49412 0.50588 0.49804 1.00000
v -8.98378 31.28645 -11.39709 0.49412 0.50588 0.49804 1.00000
v -8.80912 31.58521 -12.05796 0.49412 0.50588 0.49804 1.00000
v -8.92401 31.72351 -12.26149 0.49412 0.50588 0.49804 1.00000
v -9.11395 31.49003 -11.67265 0.49412 0.50588 0.49804 1.00000
v -9.02519 31.49959 -11.28500 0.49412 0.50588 0.49804 1.00000
v -8.86592 31.75074 -11.97094 0.49412 0.50588 0.49804 1.00000
v -8.80912 31.58521 -12.05796 0.49412 0.50588 0.49804 1.00000
v -8.98378 31.28645 -11.39709 0.49412 0.50588 0.49804 1.00000
v -8.64282 31.86587 -12.65976 0.49412 0.50588 0.49804 1.00000
v -8.73959 31.94158 -12.80966 0.49412 0.50588 0.49804 1.00000
v -8.71245 31.97988 -12.59808 0.49412 0.50588 0.49804 1.00000
v -8.64282 31.86587 -12.65976 0.49412 0.50588 0.49804 1.00000
v -8.34693 32.33689 -13.69990 0.49412 0.50588 0.49804 1.00000
v -8.42329 32.33675 -13.79202 0.49412 0.50588 0.49804 1.00000
v -8.42941 32.38637 -13.66696 0.49412 0.50588 0.49804 1.00000
v -8.34693 32.33689 -13.69990 0.49412 0.50588 0.49804 1.00000
v -7.45149 36.62999 -16.31725 0.49412 0.50588 0.49804 1.00000
v -7.45149 36.62999 -16.31725 0.49412 0.50588 0.49804 1.00000
v -7.49383 30.75315 -7.92033 0.49412 0.50588 0.49804 1.00000
v -7.50988 30.79529 -8.48573 0.49412 0.50588 0.49804 1.00000
v -7.59529 30.87926 -8.79081 0.49412 0.50588 0.49804 1.00000
v -7.56342 30.86647 -8.34379 0.49412 0.50588 0.49804 1.00000
v -7.45493 31.10188 -8.18954 0.49412 0.50588 0.49804 1.00000
v -7.50752 31.08338 -8.67892 0.49412 0.50588 0.49804 1.00000
v -7.32934 30.95247 -8.39051 0.49412 0.50588 0.49804 1.00000
v -7.22884 30.90821 -7.79328 0.49412 0.50588 0.49804 1.00000
v -7.49383 30.75315 -7.92033 0.49412 0.50588 0.49804 1.00000
v -7.50988 30.79529 -8.48573 0.49412 0.50588 0.49804 1.00000
v -7.50948 30.83391 -9.00216 0.49412 0.50588 0.49804 1.00000
v -7.61407 30.88445 -9.21310 0.49412 0.50588 0.49804 1.00000
v -7.55542 31.05830 -9.13337 0.49412 0.50588 0.49804 1.00000
v -7.40492 30.98563 -8.93180 0.49412 0.50588 0.49804 1.00000
v -7.50948 30.83391 -9.00216 0.49412 0.50588 0.49804 1.00000
v -7.52269 30.88800 -9.88085 0.49412 0.50588 0.49804 1.00000
v -7.65078 30.89460 -9.98127 0.49412 0.50588 0.49804 1.00000
v -7.63486 31.03424 -9.93597 0.49412 0.50588 0.49804 1.00000
v -7.49942 31.02623 -9.83867 0.49412 0.50588 0.49804 1.00000
v -7.52269 30.88800 -9.88085 0.49412 0.50588 0.49804 1.00000
v -7.24543 33.13060 -13.08062 0.49412 0.50588 0.49804 1.00000
v -7.26283 33.10633 -13.17517 0.49412 0.50588 0.49804 1.00000
v -7.35808 33.12421 -13.15710 0.49412 0.50588 0.49804 1.00000
v -7.33826 33.14677 -13.06746 0.49412 0.50588 0.49804 1.00000
v -7.24543 33.13060 -13.08062 0.49412 0.50588 0.49804 1.00000
v -7.78137 36.03585 -13.26081 0.49412 0.50588 0.49804 1.00000
v -7.78137 36.03585 -13.26081 0.49412 0.50588 0.49804 1.00000
v -8.75880 29.40282 -2.07346 0.49412 0.50588 0.49804 1.00000
v -9.20710 29.60331 -2.09685 0.49412 0.50588 0.49804 1.00000
v -9.53493 29.60179 -2.09802 0.49412 0.50588 0.49804 1.00000
v -9.18987 29.44831 -2.06377 0.49412 0.50588 0.49804 1.00000
v -9.27694 29.30393 -1.85052 0.49412 0.50588 0.49804 1.00000
v -9.60544 29.48193 -1.90844 0.49412 0.50588 0.49804 1.00000
v -9.29651 29.38847 -1.79742 0.49412 0.50588 0.49804 1.00000
v -8.85592 29.13885 -1.74122 0.49412 0.50588 0.49804 1.00000
v -8.50662 29.33831 -1.73861 0.49412 0.50588 0.49804 1.00000
v -9.03218 29.54736 -1.83218 0.49412 0.50588 0.49804 1.00000
v -9.20710 29.60331 -2.09685 0.49412 0.50588 0.49804 1.00000
v -8.75880 29.40282 -2.07346 0.49412 0.50588 0.49804 1.00000
v -9.61521 29.78927 -2.10841 0.49412 0.50588 0.49804 1.00000
v -9.86033 29.75040 -2.11990 0.49412 0.50588 0.49804 1.00000
v -9.91396 29.66005 -1.95409 0.49412 0.50588 0.49804 1.00000
v -9.69178 29.62805 -1.84327 0.49412 0.50588 0.49804 1.00000
v -9.49681 29.75249 -1.90070 0.49412 0.50588 0.49804 1.00000
v -9.61521 29.78927 -2.10841 0.49412 0.50588 0.49804 1.00000
v -10.30529 30.11157 -2.14220 0.49412 0.50588 0.49804 1.00000
v -10.45208 30.02822 -2.16260 0.49412 0.50588 0.49804 1.00000
v -10.49010 29.97927 -2.02525 0.49412 0.50588 0.49804 1.00000
v -10.36920 30.02083 -1.91957 0.49412 0.50588 0.49804 1.00000
v -10.25038 30.11557 -1.99063 0.49412 0.50588 0.49804 1.00000
v -10.30529 30.11157 -2.14220 0.49412 0.50588 0.49804 1.00000
v -13.55555 31.71573 -2.32559 0.49412 0.50588 0.49804 1.00000
v -13.59942 31.61943 -2.30025 0.49412 0.50588 0.49804 1.00000
v -13.59316 31.59896 -2.18946 0.49412 0.50588 0.49804 1.00000
v -13.54121 31.69223 -2.14997 0.49412 0.50588 0.49804 1.00000
v -13.51889 31.76212 -2.23271 0.49412 0.50588 0.49804 1.00000
v -13.55555 31.71573 -2.32559 0.49412 0.50588 0.49804 1.00000
v -15.56394 32.71645 -1.40679 0.49412 0.50588 0.49804 1.00000
v -15.58068 32.62892 -1.36232 0.49412 0.50588 0.49804 1.00000
v -15.52954 32.62822 -1.27713 0.49412 0.50588 0.49804 1.00000
v -15.48632 32.71231 -1.27494 0.49412 0.50588 0.49804 1.00000
v -15.50348 32.76708 -1.34849 0.49412 0.50588 0.49804 1.00000
v -15.56394 32.71645 -1.40679 0.49412 0.50588 0.49804 1.00000
v -17.50780 33.94945 -0.81954 0.49412 0.50588 0.49804 1.00000
v -17.50780 33.94945 -0.81954 0.49412 0.50588 0.49804 1.00000
v -17.50780 33.94945 -0.81954 0.49412 0.50588 0.49804 1.00000
v -16.99783 29.26584 -0.49939 0.49412 0.50588 0.49804 1.00000
v -17.68797 29.67548 -0.48084 0.49412 0.50588 0.49804 1.00000
v -17.92144 29.72624 -0.34611 0.49412 0.50588 0.49804 1.00000
v -17.31147 29.34911 -0.33539 0.49412 0.50588 0.49804 1.00000
v -16.99364 29.28480 -0.26796 0.49412 0.50588 0.49804 1.00000
v -17.67722 29.69971 -0.28966 0.49412 0.50588 0.49804 1.00000
v -17.68797 29.67548 -0.48084 0.49412 0.50588 0.49804 1.00000
v -16.99783 29.26584 -0.49939 0.49412 0.50588 0.49804 1.00000
v -18.31465 30.05982 -0.46478 0.49412 0.50588 0.49804 1.00000
v -18.48563 30.08350 -0.35845 0.49412 0.50588 0.49804 1.00000
v -18.30147 30.08528 -0.31490 0.49412 0.50588 0.49804 1.00000
v -18.31465 30.05982 -0.46478 0.49412 0.50588 0.49804 1.00000
v -19.38592 30.72958 -0.45432 0.49412 0.50588 0.49804 1.00000
v -19.48768 30.71882 -0.38019 0.49412 0.50588 0.49804 1.00000
v -19.37601 30.75390 -0.35380 0.49412 0.50588 0.49804 1.00000
v -19.38592 30.72958 -0.45432 0.49412 0.50588 0.49804 1.00000
v -22.26540 34.67874 0.78388 0.49412 0.50588 0.49804 1.00000
v -22.26540 34.67874 0.78388 0.49412 0.50588 0.49804 1.00000
v -14.50763 29.31305 -1.24229 0.49412 0.50588 0.49804 1.00000
v -15.06484 29.42762 -1.44633 0.49412 0.50588 0.49804 1.00000
v -15.30638 29.47315 -1.37017 0.49412 0.50588 0.49804 1.00000
v -14.83455 29.39427 -1.16196 0.49412 0.50588 0.49804 1.00000
v -14.68673 29.54574 -1.06338 0.49412 0.50588 0.49804 1.00000
v -15.20140 29.61036 -1.28885 0.49412 0.50588 0.49804 1.00000
v -14.96194 29.59655 -1.43120 0.49412 0.50588 0.49804 1.00000
v -14.36279 29.51701 -1.25561 0.49412 0.50588 0.49804 1.00000
v -14.50763 29.31305 -1.24229 0.49412 0.50588 0.49804 1.00000
v -15.06484 29.42762 -1.44633 0.49412 0.50588 0.49804 1.00000
v -15.57178 29.53988 -1.63866 0.49412 0.50588 0.49804 1.00000
v -15.74574 29.55043 -1.57074 0.49412 0.50588 0.49804 1.00000
v -15.67680 29.66779 -1.50138 0.49412 0.50588 0.49804 1.00000
v -15.50445 29.67389 -1.60185 0.49412 0.50588 0.49804 1.00000
v -15.57178 29.53988 -1.63866 0.49412 0.50588 0.49804 1.00000
v -16.44143 29.72012 -1.97778 0.49412 0.50588 0.49804 1.00000
v -16.54136 29.68856 -1.91878 0.49412 0.50588 0.49804 1.00000
v -16.51577 29.77849 -1.86131 0.49412 0.50588 0.49804 1.00000
v -16.41709 29.81459 -1.92504 0.49412 0.50588 0.49804 1.00000
v -16.44143 29.72012 -1.97778 0.49412 0.50588 0.49804 1.00000
v -19.33694 31.63827 -3.28328 0.49412 0.50588 0.49804 1.00000
v -19.39514 31.59572 -3.28972 0.49412 0.50588 0.49804 1.00000
v -19.40003 31.58548 -3.21557 0.49412 0.50588 0.49804 1.00000
v -19.33914 31.63018 -3.21067 0.49412 0.50588 0.49804 1.00000
v -19.33694 31.63827 -3.28328 0.49412 0.50588 0.49804 1.00000
v -20.19303 33.97075 -2.96120 0.49412 0.50588 0.49804 1.00000
v -20.19303 33.97075 -2.96120 0.49412 0.50588 0.49804 1.00000
v -17.15574 29.27413 -0.23903 0.49412 0.50588 0.49804 1.00000
v -17.66244 29.09877 -0.77557 0.49412 0.50588 0.49804 1.00000
v -17.86791 29.15681 -0.84368 0.49412 0.50588 0.49804 1.00000
v -17.42514 29.36696 -0.34549 0.49412 0.50588 0.49804 1.00000
v -17.05560 29.45041 -0.41190 0.49412 0.50588 0.49804 1.00000
v -17.61639 29.23983 -0.88536 0.49412 0.50588 0.49804 1.00000
v -17.66244 29.09877 -0.77557 0.49412 0.50588 0.49804 1.00000
v -17.15574 29.27413 -0.23903 0.49412 0.50588 0.49804 1.00000
v -18.12494 28.94191 -1.27420 0.49412 0.50588 0.49804 1.00000
v -18.27604 28.95595 -1.31091 0.49412 0.50588 0.49804 1.00000
v -18.12717 29.04190 -1.32522 0.49412 0.50588 0.49804 1.00000
v -18.12494 28.94191 -1.27420 0.49412 0.50588 0.49804 1.00000
v -18.92812 28.65583 -2.13160 0.49412 0.50588 0.49804 1.00000
v -19.01982 28.61156 -2.13316 0.49412 0.50588 0.49804 1.00000
v -18.98368 28.70121 -2.12048 0.49412 0.50588 0.49804 1.00000
v -18.92812 28.65583 -2.13160 0.49412 0.50588 0.49804 1.00000
v -22.69969 30.15462 -4.71945 0.49412 0.50588 0.49804 1.00000
v -22.69969 30.15462 -4.71945 0.49412 0.50588 0.49804 1.00000
v -6.30457 32.14320 13.16446 0.49412 0.50588 0.49804 1.00000
v -6.33418 32.50695 13.77741 0.49412 0.50588 0.49804 1.00000
v -6.28050 32.50485 14.01786 0.49412 0.50588 0.49804 1.00000
v -6.24379 32.16626 13.48812 0.49412 0.50588 0.49804 1.00000
v -6.16610 32.00948 13.23450 0.49412 0.50588 0.49804 1.00000
v -6.20818 32.40739 13.82351 0.49412 0.50588 0.49804 1.00000
v -6.33418 32.50695 13.77741 0.49412 0.50588 0.49804 1.00000
v -6.30457 32.14320 13.16446 0.49412 0.50588 0.49804 1.00000
v -6.35630 32.84229 14.33655 0.49412 0.50588 0.49804 1.00000
v -6.30810 32.82408 14.50891 0.49412 0.50588 0.49804 1.00000
v -6.24546 32.77846 14.35908 0.49412 0.50588 0.49804 1.00000
v -6.35630 32.84229 14.33655 0.49412 0.50588 0.49804 1.00000
v -6.39931 33.42871 15.28567 0.49412 0.50588 0.49804 1.00000
v -6.35506 33.39237 15.38036 0.49412 0.50588 0.49804 1.00000
v -6.30901 33.41017 15.28404 0.49412 0.50588 0.49804 1.00000
v -6.39931 33.42871 15.28567 0.49412 0.50588 0.49804 1.00000
v -5.24748 36.66681 19.66022 0.49412 0.50588 0.49804 1.00000
v -5.24748 36.66681 19.66022 0.49412 0.50588 0.49804 1.00000
v -6.48728 31.32472 10.20095 0.49412 0.50588 0.49804 1.00000
v -6.51011 31.69970 10.69837 0.49412 0.50588 0.49804 1.00000
v -6.43207 31.79382 10.93442 0.49412 0.50588 0.49804 1.00000
v -6.40283 31.47910 10.51043 0.49412 0.50588 0.49804 1.00000
v -6.20387 31.43278 10.38491 0.49412 0.50588 0.49804 1.00000
v -6.26653 31.78131 10.83215 0.49412 0.50588 0.49804 1.00000
v -6.36483 31.75622 10.55893 0.49412 0.50588 0.49804 1.00000
v -6.32343 31.39382 10.01300 0.49412 0.50588 0.49804 1.00000
v -6.48728 31.32472 10.20095 0.49412 0.50588 0.49804 1.00000
v -6.51011 31.69970 10.69837 0.49412 0.50588 0.49804 1.00000
v -6.52985 32.04979 11.14773 0.49412 0.50588 0.49804 1.00000
v -6.45982 32.09491 11.32619 0.49412 0.50588 0.49804 1.00000
v -6.32890 32.10727 11.24334 0.49412 0.50588 0.49804 1.00000
v -6.40809 32.09732 11.04626 0.49412 0.50588 0.49804 1.00000
v -6.52985 32.04979 11.14773 0.49412 0.50588 0.49804 1.00000
v -6.57432 32.64845 11.91626 0.49412 0.50588 0.49804 1.00000
v -6.51394 32.63623 12.02785 0.49412 0.50588 0.49804 1.00000
v -6.42529 32.67424 11.97108 0.49412 0.50588 0.49804 1.00000
v -6.48542 32.69398 11.85599 0.49412 0.50588 0.49804 1.00000
v -6.57432 32.64845 11.91626 0.49412 0.50588 0.49804 1.00000
v -7.11782 35.63568 14.49114 0.49412 0.50588 0.49804 1.00000
v -7.06962 35.60349 14.53767 0.49412 0.50588 0.49804 1.00000
v -7.00897 35.62574 14.49572 0.49412 0.50588 0.49804 1.00000
v -7.06081 35.65880 14.44817 0.49412 0.50588 0.49804 1.00000
v -7.11782 35.63568 14.49114 0.49412 0.50588 0.49804 1.00000
v -6.76817 38.13281 15.44454 0.49412 0.50588 0.49804 1.00000
v -6.76817 38.13281 15.44454 0.49412 0.50588 0.49804 1.00000
v -6.15066 31.92842 12.93504 0.49412 0.50588 0.49804 1.00000
v -6.59484 32.14231 13.43183 0.49412 0.50588 0.49804 1.00000
v -6.56347 32.28269 13.61630 0.49412 0.50588 0.49804 1.00000
v -6.13531 32.12200 13.17968 0.49412 0.50588 0.49804 1.00000
v -6.08288 32.10346 12.84659 0.49412 0.50588 0.49804 1.00000
v -6.52728 32.28908 13.36567 0.49412 0.50588 0.49804 1.00000
v -6.59484 32.14231 13.43183 0.49412 0.50588 0.49804 1.00000
v -6.15066 31.92842 12.93504 0.49412 0.50588 0.49804 1.00000
v -7.00620 32.34318 13.88272 0.49412 0.50588 0.49804 1.00000
v -6.96623 32.43366 14.01985 0.49412 0.50588 0.49804 1.00000
v -6.94046 32.45883 13.83718 0.49412 0.50588 0.49804 1.00000
v -7.00620 32.34318 13.88272 0.49412 0.50588 0.49804 1.00000
v -7.72455 32.67857 14.65768 0.49412 0.50588 0.49804 1.00000
v -7.67483 32.71101 14.74439 0.49412 0.50588 0.49804 1.00000
v -7.66478 32.75606 14.63722 0.49412 0.50588 0.49804 1.00000
v -7.72455 32.67857 14.65768 0.49412 0.50588 0.49804 1.00000
v -10.12479 36.77798 16.81259 0.49412 0.50588 0.49804 1.00000
v -10.12479 36.77798 16.81259 0.49412 0.50588 0.49804 1.00000
v -6.41685 30.63858 7.38774 0.49412 0.50588 0.49804 1.00000
v -6.67709 30.53618 7.87913 0.49412 0.50588 0.49804 1.00000
v -6.70013 30.62406 8.17171 0.49412 0.50588 0.49804 1.00000
v -6.48701 30.76604 7.78302 0.49412 0.50588 0.49804 1.00000
v -6.60645 30.96310 7.78469 0.49412 0.50588 0.49804 1.00000
v -6.78586 30.79935 8.17818 0.49412 0.50588 0.49804 1.00000
v -6.79262 30.85910 7.93203 0.49412 0.50588 0.49804 1.00000
v -6.57433 31.02260 7.45880 0.49412 0.50588 0.49804 1.00000
v -6.53431 30.75224 7.20397 0.49412 0.50588 0.49804 1.00000
v -6.77208 30.65325 7.74056 0.49412 0.50588 0.49804 1.00000
v -6.67709 30.53618 7.87913 0.49412 0.50588 0.49804 1.00000
v -6.41685 30.63858 7.38774 0.49412 0.50588 0.49804 1.00000
v -6.92502 30.44088 8.32095 0.49412 0.50588 0.49804 1.00000
v -6.90824 30.48921 8.53236 0.49412 0.50588 0.49804 1.00000
v -6.95940 30.63986 8.54563 0.49412 0.50588 0.49804 1.00000
v -6.99320 30.70513 8.36660 0.49412 0.50588 0.49804 1.00000
v -6.99659 30.55780 8.22284 0.49412 0.50588 0.49804 1.00000
v -6.92502 30.44088 8.32095 0.49412 0.50588 0.49804 1.00000
v -7.33232 30.25187 9.07083 0.49412 0.50588 0.49804 1.00000
v -7.26998 30.25786 9.19499 0.49412 0.50588 0.49804 1.00000
v -7.28130 30.37598 9.22129 0.49412 0.50588 0.49804 1.00000
v -7.34209 30.44839 9.12327 0.49412 0.50588 0.49804 1.00000
v -7.38050 30.36201 9.02625 0.49412 0.50588 0.49804 1.00000
v -7.33232 30.25187 9.07083 0.49412 0.50588 0.49804 1.00000
v -9.86470 30.44728 12.46910 0.49412 0.50588 0.49804 1.00000
v -9.84877 30.39483 12.53347 0.49412 0.50588 0.49804 1.00000
v -9.77122 30.41577 12.55822 0.49412 0.50588 0.49804 1.00000
v -9.74398 30.47581 12.51186 0.49412 0.50588 0.49804 1.00000
v -9.79975 30.49511 12.45816 0.49412 0.50588 0.49804 1.00000
v -9.86470 30.44728 12.46910 0.49412 0.50588 0.49804 1.00000
v -10.68356 32.94135 14.11890 0.49412 0.50588 0.49804 1.00000
v -10.68356 32.94135 14.11890 0.49412 0.50588 0.49804 1.00000
v -10.68356 32.94135 14.11890 0.49412 0.50588 0.49804 1.00000
v -6.14333 31.74864 11.36805 0.49412 0.50588 0.49804 1.00000
v -6.61662 31.31546 11.85283 0.49412 0.50588 0.49804 1.00000
v -6.70303 31.33975 12.10663 0.49412 0.50588 0.49804 1.00000
v -6.26841 31.78083 11.70189 0.49412 0.50588 0.49804 1.00000
v -6.37977 31.76826 11.32707 0.49412 0.50588 0.49804 1.00000
v -6.80163 31.34503 11.84646 0.49412 0.50588 0.49804 1.00000
v -6.61662 31.31546 11.85283 0.49412 0.50588 0.49804 1.00000
v -6.14333 31.74864 11.36805 0.49412 0.50588 0.49804 1.00000
v -7.05576 30.91429 12.29259 0.49412 0.50588 0.49804 1.00000
v -7.10242 30.92207 12.48207 0.49412 0.50588 0.49804 1.00000
v -7.18654 30.94973 12.32212 0.49412 0.50588 0.49804 1.00000
v -7.05576 30.91429 12.29259 0.49412 0.50588 0.49804 1.00000
v -7.81199 30.20745 13.04882 0.49412 0.50588 0.49804 1.00000
v -7.80425 30.19426 13.17114 0.49412 0.50588 0.49804 1.00000
v -7.87233 30.25001 13.11719 0.49412 0.50588 0.49804 1.00000
v -7.81199 30.20745 13.04882 0.49412 0.50588 0.49804 1.00000
v -10.67759 31.13076 16.66198 0.49412 0.50588 0.49804 1.00000
v -10.67759 31.13076 16.66198 0.49412 0.50588 0.49804 1.00000
v 2.79190 32.95932 12.86984 0.49412 0.50588 0.49804 1.00000
v 3.53149 33.14526 13.20219 0.49412 0.50588 0.49804 1.00000
v 3.76273 33.09793 13.26813 0.49412 0.50588 0.49804 1.00000
v 3.09001 32.93243 12.96797 0.49412 0.50588 0.49804 1.00000
v 2.92380 32.86137 12.57295 0.49412 0.50588 0.49804 1.00000
v 3.64022 33.06633 12.98331 0.49412 0.50588 0.49804 1.00000
v 3.53149 33.14526 13.20219 0.49412 0.50588 0.49804 1.00000
v 2.79190 32.95932 12.86984 0.49412 0.50588 0.49804 1.00000
v 4.21352 33.31609 13.50527 0.49412 0.50588 0.49804 1.00000
v 4.39063 33.25822 13.54154 0.49412 0.50588 0.49804 1.00000
v 4.29854 33.26501 13.34926 0.49412 0.50588 0.49804 1.00000
v 4.21352 33.31609 13.50527 0.49412 0.50588 0.49804 1.00000
v 5.39256 33.61328 14.03926 0.49412 0.50588 0.49804 1.00000
v 5.50195 33.54831 14.03533 0.49412 0.50588 0.49804 1.00000
v 5.44872 33.60312 13.94200 0.49412 0.50588 0.49804 1.00000
v 5.39256 33.61328 14.03926 0.49412 0.50588 0.49804 1.00000
v 10.12328 35.82455 15.50192 0.49412 0.50588 0.49804 1.00000
v 10.12328 35.82455 15.50192 0.49412 0.50588 0.49804 1.00000
v 3.97408 32.73566 14.20962 0.49412 0.50588 0.49804 1.00000
v 4.22388 33.11314 14.74656 0.49412 0.50588 0.49804 1.00000
v 4.41866 33.16373 14.84819 0.49412 0.50588 0.49804 1.00000
v 4.21432 32.82948 14.35258 0.49412 0.50588 0.49804 1.00000
v 4.08362 32.83004 14.00162 0.49412 0.50588 0.49804 1.00000
v 4.32601 33.17764 14.58512 0.49412 0.50588 0.49804 1.00000
v 4.22388 33.11314 14.74656 0.49412 0.50588 0.49804 1.00000
v 3.97408 32.73566 14.20962 0.49412 0.50588 0.49804 1.00000
v 4.45448 33.46412 15.23651 0.49412 0.50588 0.49804 1.00000
v 4.60629 33.48068 15.30842 0.49412 0.50588 0.49804 1.00000
v 4.54281 33.50246 15.11633 0.49412 0.50588 0.49804 1.00000
v 4.45448 33.46412 15.23651 0.49412 0.50588 0.49804 1.00000
v 4.84827 34.06421 16.09001 0.49412 0.50588 0.49804 1.00000
v 4.94773 34.04303 16.12811 0.49412 0.50588 0.49804 1.00000
v 4.91478 34.07622 16.01414 0.49412 0.50588 0.49804 1.00000
v 4.84827 34.06421 16.09001 0.49412 0.50588 0.49804 1.00000
v 6.75781 38.10776 18.70114 0.49412 0.50588 0.49804 1.00000
v 6.75781 38.10776 18.70114 0.49412 0.50588 0.49804 1.00000
v 2.32416 32.75129 11.61435 0.49412 0.50588 0.49804 1.00000
v 2.01238 32.93845 12.10169 0.49412 0.50588 0.49804 1.00000
v 2.04873 33.04499 12.34551 0.49412 0.50588 0.49804 1.00000
v 2.35323 32.91541 11.93890 0.49412 0.50588 0.49804 1.00000
v 2.47838 33.03860 11.77988 0.49412 0.50588 0.49804 1.00000
v 2.14935 33.16210 12.22597 0.49412 0.50588 0.49804 1.00000
v 2.04960 33.07967 11.97635 0.49412 0.50588 0.49804 1.00000
v 2.34220 32.91408 11.44516 0.49412 0.50588 0.49804 1.00000
v 2.32416 32.75129 11.61435 0.49412 0.50588 0.49804 1.00000
v 2.01238 32.93845 12.10169 0.49412 0.50588 0.49804 1.00000
v 1.71995 33.11596 12.54120 0.49412 0.50588 0.49804 1.00000
v 1.75826 33.16928 12.72190 0.49412 0.50588 0.49804 1.00000
v 1.84134 33.27378 12.63752 0.49412 0.50588 0.49804 1.00000
v 1.77176 33.23344 12.45441 0.49412 0.50588 0.49804 1.00000
v 1.71995 33.11596 12.54120 0.49412 0.50588 0.49804 1.00000
v 1.20437 33.40495 13.29259 0.49412 0.50588 0.49804 1.00000
v 1.24718 33.39671 13.40550 0.49412 0.50588 0.49804 1.00000
v 1.31197 33.48230 13.36476 0.49412 0.50588 0.49804 1.00000
v 1.26450 33.49459 13.25218 0.49412 0.50588 0.49804 1.00000
v 1.20437 33.40495 13.29259 0.49412 0.50588 0.49804 1.00000
v 0.15357 36.04786 15.77678 0.49412 0.50588 0.49804 1.00000
v 0.16119 36.02722 15.84685 0.49412 0.50588 0.49804 1.00000
v 0.23695 36.02295 15.84092 0.49412 0.50588 0.49804 1.00000
v 0.22712 36.04461 15.76789 0.49412 0.50588 0.49804 1.00000
v 0.15357 36.04786 15.77678 0.49412 0.50588 0.49804 1.00000
v 0.10523 38.72457 16.06582 0.49412 0.50588 0.49804 1.00000
v 0.10523 38.72457 16.06582 0.49412 0.50588 0.49804 1.00000
v 2.40505 32.74709 11.26540 0.49412 0.50588 0.49804 1.00000
v 2.18710 32.67655 11.82178 0.49412 0.50588 0.49804 1.00000
v 2.17740 32.75205 12.07855 0.49412 0.50588 0.49804 1.00000
v 2.36476 32.86385 11.61016 0.49412 0.50588 0.49804 1.00000
v 2.31894 33.04770 11.45838 0.49412 0.50588 0.49804 1.00000
v 2.14128 32.91137 11.97269 0.49412 0.50588 0.49804 1.00000
v 2.08241 32.79814 11.71716 0.49412 0.50588 0.49804 1.00000
v 2.24370 32.86668 11.11477 0.49412 0.50588 0.49804 1.00000
v 2.40505 32.74709 11.26540 0.49412 0.50588 0.49804 1.00000
v 2.18710 32.67655 11.82178 0.49412 0.50588 0.49804 1.00000
v 1.97546 32.61202 12.32647 0.49412 0.50588 0.49804 1.00000
v 1.99355 32.64309 12.51360 0.49412 0.50588 0.49804 1.00000
v 1.97697 32.77903 12.44782 0.49412 0.50588 0.49804 1.00000
v 1.92477 32.72983 12.26231 0.49412 0.50588 0.49804 1.00000
v 1.97546 32.61202 12.32647 0.49412 0.50588 0.49804 1.00000
v 1.61873 32.48035 13.19110 0.49412 0.50588 0.49804 1.00000
v 1.67096 32.45874 13.30226 0.49412 0.50588 0.49804 1.00000
v 1.68389 32.56689 13.28569 0.49412 0.50588 0.49804 1.00000
v 1.62597 32.58673 13.17650 0.49412 0.50588 0.49804 1.00000
v 1.61873 32.48035 13.19110 0.49412 0.50588 0.49804 1.00000
v -0.35101 33.62411 16.29520 0.49412 0.50588 0.49804 1.00000
v -0.37744 33.56662 16.33596 0.49412 0.50588 0.49804 1.00000
v -0.31149 33.56099 16.37722 0.49412 0.50588 0.49804 1.00000
v -0.28552 33.62117 16.33364 0.49412 0.50588 0.49804 1.00000
v -0.35101 33.62411 16.29520 0.49412 0.50588 0.49804 1.00000
v -0.43591 36.22711 17.11043 0.49412 0.50588 0.49804 1.00000
v -0.43591 36.22711 17.11043 0.49412 0.50588 0.49804 1.00000
v 1.72191 38.73069 -11.97202 0.49412 0.50588 0.49804 1.00000
v 1.56589 38.99659 -12.55259 0.49412 0.50588 0.49804 1.00000
v 1.48910 39.00888 -12.76620 0.49412 0.50588 0.49804 1.00000
v 1.62835 38.78188 -12.24683 0.49412 0.50588 0.49804 1.00000
v 1.52232 38.61152 -11.94857 0.49412 0.50588 0.49804 1.00000
v 1.40233 38.90204 -12.54253 0.49412 0.50588 0.49804 1.00000
v 1.56589 38.99659 -12.55259 0.49412 0.50588 0.49804 1.00000
v 1.72191 38.73069 -11.97202 0.49412 0.50588 0.49804 1.00000
v 1.41811 39.24113 -13.08388 0.49412 0.50588 0.49804 1.00000
v 1.35418 39.22543 -13.24677 0.49412 0.50588 0.49804 1.00000
v 1.28763 39.17513 -13.08008 0.49412 0.50588 0.49804 1.00000
v 1.41811 39.24113 -13.08388 0.49412 0.50588 0.49804 1.00000
v 1.16687 39.66406 -14.00033 0.49412 0.50588 0.49804 1.00000
v 1.11784 39.61947 -14.09962 0.49412 0.50588 0.49804 1.00000
v 1.07241 39.63497 -13.99640 0.49412 0.50588 0.49804 1.00000
v 1.16687 39.66406 -14.00033 0.49412 0.50588 0.49804 1.00000
v -0.81408 42.18045 -18.11265 0.49412 0.50588 0.49804 1.00000
v -0.81408 42.18045 -18.11265 0.49412 0.50588 0.49804 1.00000
v 1.51979 38.38611 -11.01155 0.49412 0.50588 0.49804 1.00000
v 1.74854 38.84384 -11.48316 0.49412 0.50588 0.49804 1.00000
v 1.68987 38.95279 -11.69072 0.49412 0.50588 0.49804 1.00000
v 1.46066 38.55922 -11.27693 0.49412 0.50588 0.49804 1.00000
v 1.29959 38.43959 -10.96581 0.49412 0.50588 0.49804 1.00000
v 1.56288 38.88207 -11.45436 0.49412 0.50588 0.49804 1.00000
v 1.74854 38.84384 -11.48316 0.49412 0.50588 0.49804 1.00000
v 1.51979 38.38611 -11.01155 0.49412 0.50588 0.49804 1.00000
v 1.95516 39.26849 -11.91229 0.49412 0.50588 0.49804 1.00000
v 1.90393 39.32540 -12.07163 0.49412 0.50588 0.49804 1.00000
v 1.80620 39.29143 -11.89466 0.49412 0.50588 0.49804 1.00000
v 1.95516 39.26849 -11.91229 0.49412 0.50588 0.49804 1.00000
v 2.32057 39.99425 -12.65064 0.49412 0.50588 0.49804 1.00000
v 2.27941 39.99229 -12.75256 0.49412 0.50588 0.49804 1.00000
v 2.21717 40.00030 -12.64161 0.49412 0.50588 0.49804 1.00000
v 2.32057 39.99425 -12.65064 0.49412 0.50588 0.49804 1.00000
v 3.31074 44.28598 -15.33042 0.49412 0.50588 0.49804 1.00000
v 3.31074 44.28598 -15.33042 0.49412 0.50588 0.49804 1.00000
v 0.47580 37.01181 -8.02236 0.49412 0.50588 0.49804 1.00000
v 0.83691 37.34124 -8.26909 0.49412 0.50588 0.49804 1.00000
v 0.91924 37.51503 -8.46932 0.49412 0.50588 0.49804 1.00000
v 0.60644 37.25860 -8.26324 0.49412 0.50588 0.49804 1.00000
v 0.39577 37.34804 -8.14685 0.49412 0.50588 0.49804 1.00000
v 0.74941 37.60450 -8.37598 0.49412 0.50588 0.49804 1.00000
v 0.72372 37.45478 -8.10042 0.49412 0.50588 0.49804 1.00000
v 0.36099 37.14067 -7.77896 0.49412 0.50588 0.49804 1.00000
v 0.47580 37.01181 -8.02236 0.49412 0.50588 0.49804 1.00000
v 0.83691 37.34124 -8.26909 0.49412 0.50588 0.49804 1.00000
v 1.16923 37.64780 -8.48542 0.49412 0.50588 0.49804 1.00000
v 1.21788 37.75734 -8.65518 0.49412 0.50588 0.49804 1.00000
v 1.08161 37.83901 -8.58613 0.49412 0.50588 0.49804 1.00000
v 1.06080 37.74260 -8.37907 0.49412 0.50588 0.49804 1.00000
v 1.16923 37.64780 -8.48542 0.49412 0.50588 0.49804 1.00000
v 1.74390 38.16270 -8.86153 0.49412 0.50588 0.49804 1.00000
v 1.75577 38.19591 -8.99730 0.49412 0.50588 0.49804 1.00000
v 1.65514 38.26378 -8.96026 0.49412 0.50588 0.49804 1.00000
v 1.64713 38.23485 -8.81837 0.49412 0.50588 0.49804 1.00000
v 1.74390 38.16270 -8.86153 0.49412 0.50588 0.49804 1.00000
v 3.12504 41.76609 -9.89713 0.49412 0.50588 0.49804 1.00000
v 3.14362 41.75928 -9.97775 0.49412 0.50588 0.49804 1.00000
v 3.06098 41.76410 -10.00116 0.49412 0.50588 0.49804 1.00000
v 3.04362 41.77109 -9.91640 0.49412 0.50588 0.49804 1.00000
v 3.12504 41.76609 -9.89713 0.49412 0.50588 0.49804 1.00000
v 2.57745 44.71780 -9.30472 0.49412 0.50588 0.49804 1.00000
v 2.57745 44.71780 -9.30472 0.49412 0.50588 0.49804 1.00000
v 0.18977 36.87075 -7.62928 0.49412 0.50588 0.49804 1.00000
v 0.52185 36.90156 -8.06737 0.49412 0.50588 0.49804 1.00000
v 0.65065 37.03902 -8.27273 0.49412 0.50588 0.49804 1.00000
v 0.40342 37.06604 -7.88696 0.49412 0.50588 0.49804 1.00000
v 0.35403 37.21638 -7.67354 0.49412 0.50588 0.49804 1.00000
v 0.62028 37.17807 -8.11056 0.49412 0.50588 0.49804 1.00000
v 0.56146 36.99506 -7.86596 0.49412 0.50588 0.49804 1.00000
v 0.25782 36.94337 -7.34885 0.49412 0.50588 0.49804 1.00000
v 0.18977 36.87075 -7.62928 0.49412 0.50588 0.49804 1.00000
v 0.52185 36.90156 -8.06737 0.49412 0.50588 0.49804 1.00000
v 0.83562 36.92971 -8.46019 0.49412 0.50588 0.49804 1.00000
v 0.89160 37.00832 -8.62900 0.49412 0.50588 0.49804 1.00000
v 0.86757 37.13625 -8.51509 0.49412 0.50588 0.49804 1.00000
v 0.84690 37.03595 -8.32778 0.49412 0.50588 0.49804 1.00000
v 0.83562 36.92971 -8.46019 0.49412 0.50588 0.49804 1.00000
v 1.35590 36.96106 -9.14184 0.49412 0.50588 0.49804 1.00000
v 1.33027 36.96978 -9.27062 0.49412 0.50588 0.49804 1.00000
v 1.30970 37.08495 -9.22313 0.49412 0.50588 0.49804 1.00000
v 1.34205 37.07444 -9.09284 0.49412 0.50588 0.49804 1.00000
v 1.35590 36.96106 -9.14184 0.49412 0.50588 0.49804 1.00000
v 4.48538 37.37918 -11.40886 0.49412 0.50588 0.49804 1.00000
v 4.47902 37.30093 -11.44369 0.49412 0.50588 0.49804 1.00000
v 4.41717 37.32751 -11.50192 0.49412 0.50588 0.49804 1.00000
v 4.42533 37.40858 -11.46411 0.49412 0.50588 0.49804 1.00000
v 4.48538 37.37918 -11.40886 0.49412 0.50588 0.49804 1.00000
v 5.12015 39.53426 -13.29915 0.49412 0.50588 0.49804 1.00000
v 5.12015 39.53426 -13.29915 0.49412 0.50588 0.49804 1.00000
v -13.49132 40.26355 -3.86501 0.49412 0.50588 0.49804 1.00000
v -14.02707 40.59349 -3.79594 0.49412 0.50588 0.49804 1.00000
v -14.23844 40.59516 -3.73570 0.49412 0.50588 0.49804 1.00000
v -13.76558 40.29461 -3.79339 0.49412 0.50588 0.49804 1.00000
v -13.47681 40.15298 -3.66739 0.49412 0.50588 0.49804 1.00000
v -14.02327 40.50650 -3.63534 0.49412 0.50588 0.49804 1.00000
v -14.02707 40.59349 -3.79594 0.49412 0.50588 0.49804 1.00000
v -13.49132 40.26355 -3.86501 0.49412 0.50588 0.49804 1.00000
v -14.51815 40.89652 -3.72800 0.49412 0.50588 0.49804 1.00000
v -14.67677 40.87900 -3.67616 0.49412 0.50588 0.49804 1.00000
v -14.51746 40.83697 -3.60090 0.49412 0.50588 0.49804 1.00000
v -14.51815 40.89652 -3.72800 0.49412 0.50588 0.49804 1.00000
v -15.36337 41.42324 -3.61506 0.49412 0.50588 0.49804 1.00000
v -15.45843 41.38577 -3.57145 0.49412 0.50588 0.49804 1.00000
v -15.36148 41.40110 -3.52350 0.49412 0.50588 0.49804 1.00000
v -15.36337 41.42324 -3.61506 0.49412 0.50588 0.49804 1.00000
v -19.59583 44.28490 -3.60185 0.49412 0.50588 0.49804 1.00000
v -19.59583 44.28490 -3.60185 0.49412 0.50588 0.49804 1.00000
v -12.68042 40.00264 -3.62154 0.49412 0.50588 0.49804 1.00000
v -13.16285 40.43290 -3.83218 0.49412 0.50588 0.49804 1.00000
v -13.37338 40.53137 -3.78924 0.49412 0.50588 0.49804 1.00000
v -12.94757 40.15284 -3.58589 0.49412 0.50588 0.49804 1.00000
v -12.65118 40.06112 -3.40490 0.49412 0.50588 0.49804 1.00000
v -13.14983 40.48219 -3.65286 0.49412 0.50588 0.49804 1.00000
v -13.16285 40.43290 -3.83218 0.49412 0.50588 0.49804 1.00000
v -12.68042 40.00264 -3.62154 0.49412 0.50588 0.49804 1.00000
v -13.60274 40.83183 -4.02237 0.49412 0.50588 0.49804 1.00000
v -13.76589 40.88975 -3.97885 0.49412 0.50588 0.49804 1.00000
v -13.59934 40.87279 -3.88185 0.49412 0.50588 0.49804 1.00000
v -13.60274 40.83183 -4.02237 0.49412 0.50588 0.49804 1.00000
v -14.35957 41.51572 -4.35714 0.49412 0.50588 0.49804 1.00000
v -14.46657 41.52855 -4.31492 0.49412 0.50588 0.49804 1.00000
v -14.36377 41.55014 -4.26468 0.49412 0.50588 0.49804 1.00000
v -14.35957 41.51572 -4.35714 0.49412 0.50588 0.49804 1.00000
v -17.53458 45.38060 -5.58701 0.49412 0.50588 0.49804 1.00000
v -17.53458 45.38060 -5.58701 0.49412 0.50588 0.49804 1.00000
v -7.90794 38.34247 -1.68560 0.49412 0.50588 0.49804 1.00000
v -8.16802 38.62815 -2.05085 0.49412 0.50588 0.49804 1.00000
v -8.40075 38.81389 -2.15879 0.49412 0.50588 0.49804 1.00000
v -8.19298 38.60646 -1.86054 0.49412 0.50588 0.49804 1.00000
v -8.09946 38.71681 -1.61302 0.49412 0.50588 0.49804 1.00000
v -8.31972 38.92710 -1.96526 0.49412 0.50588 0.49804 1.00000
v -8.01273 38.77002 -1.91661 0.49412 0.50588 0.49804 1.00000
v -7.68932 38.49961 -1.53829 0.49412 0.50588 0.49804 1.00000
v -7.90794 38.34247 -1.68560 0.49412 0.50588 0.49804 1.00000
v -8.16802 38.62815 -2.05085 0.49412 0.50588 0.49804 1.00000
v -8.39420 38.89484 -2.38726 0.49412 0.50588 0.49804 1.00000
v -8.58793 39.01226 -2.44449 0.49412 0.50588 0.49804 1.00000
v -8.52011 39.11978 -2.29679 0.49412 0.50588 0.49804 1.00000
v -8.28954 39.01809 -2.26881 0.49412 0.50588 0.49804 1.00000
v -8.39420 38.89484 -2.38726 0.49412 0.50588 0.49804 1.00000
v -8.77882 39.33809 -2.96890 0.49412 0.50588 0.49804 1.00000
v -8.92832 39.37394 -2.96637 0.49412 0.50588 0.49804 1.00000
v -8.88102 39.47087 -2.87062 0.49412 0.50588 0.49804 1.00000
v -8.72530 39.44040 -2.87742 0.49412 0.50588 0.49804 1.00000
v -8.77882 39.33809 -2.96890 0.49412 0.50588 0.49804 1.00000
v -9.95224 41.53339 -6.15115 0.49412 0.50588 0.49804 1.00000
v -10.04467 41.52696 -6.16840 0.49412 0.50588 0.49804 1.00000
v -10.05502 41.60415 -6.11629 0.49412 0.50588 0.49804 1.00000
v -9.96645 41.60768 -6.10158 0.49412 0.50588 0.49804 1.00000
v -9.95224 41.53339 -6.15115 0.49412 0.50588 0.49804 1.00000
v -9.97892 43.88105 -8.02363 0.49412 0.50588 0.49804 1.00000
v -9.97892 43.88105 -8.02363 0.49412 0.50588 0.49804 1.00000
v -8.81666 38.84435 -2.00934 0.49412 0.50588 0.49804 1.00000
v -9.23517 38.91968 -2.35493 0.49412 0.50588 0.49804 1.00000
v -9.42349 39.05799 -2.50127 0.49412 0.50588 0.49804 1.00000
v -9.05175 39.02289 -2.24927 0.49412 0.50588 0.49804 1.00000
v -8.85496 39.18331 -2.17689 0.49412 0.50588 0.49804 1.00000
v -9.26103 39.20082 -2.45760 0.49412 0.50588 0.49804 1.00000
v -9.01719 39.01397 -2.38234 0.49412 0.50588 0.49804 1.00000
v -8.52627 38.92186 -2.05616 0.49412 0.50588 0.49804 1.00000
v -8.81666 38.84435 -2.00934 0.49412 0.50588 0.49804 1.00000
v -9.23517 38.91968 -2.35493 0.49412 0.50588 0.49804 1.00000
v -9.60986 38.98776 -2.68018 0.49412 0.50588 0.49804 1.00000
v -9.76651 39.08610 -2.74601 0.49412 0.50588 0.49804 1.00000
v -9.63665 39.21104 -2.71960 0.49412 0.50588 0.49804 1.00000
v -9.45264 39.08965 -2.68971 0.49412 0.50588 0.49804 1.00000
v -9.60986 38.98776 -2.68018 0.49412 0.50588 0.49804 1.00000
v -10.25989 39.09249 -3.22298 0.49412 0.50588 0.49804 1.00000
v -10.37776 39.14229 -3.19558 0.49412 0.50588 0.49804 1.00000
v -10.29310 39.24708 -3.18458 0.49412 0.50588 0.49804 1.00000
v -10.17072 39.19549 -3.21897 0.49412 0.50588 0.49804 1.00000
v -10.25989 39.09249 -3.22298 0.49412 0.50588 0.49804 1.00000
v -11.97479 40.16286 -6.36978 0.49412 0.50588 0.49804 1.00000
v -12.05915 40.15559 -6.35902 0.49412 0.50588 0.49804 1.00000
v -12.06715 40.23990 -6.33349 0.49412 0.50588 0.49804 1.00000
v -11.97886 40.24541 -6.34536 0.49412 0.50588 0.49804 1.00000
v -11.97479 40.16286 -6.36978 0.49412 0.50588 0.49804 1.00000
v -12.05731 40.78633 -9.07845 0.49412 0.50588 0.49804 1.00000
v -12.05731 40.78633 -9.07845 0.49412 0.50588 0.49804 1.00000
v -7.76333 38.51353 -1.40934 0.49412 0.50588 0.49804 1.00000
v -8.08291 38.28168 -1.74561 0.49412 0.50588 0.49804 1.00000
v -8.31042 38.36690 -1.93795 0.49412 0.50588 0.49804 1.00000
v -8.05713 38.59993 -1.68339 0.49412 0.50588 0.49804 1.00000
v -7.79436 38.66677 -1.78869 0.49412 0.50588 0.49804 1.00000
v -8.11087 38.42337 -2.04949 0.49412 0.50588 0.49804 1.00000
v -7.86683 38.22510 -1.88541 0.49412 0.50588 0.49804 1.00000
v -7.47265 38.38969 -1.56076 0.49412 0.50588 0.49804 1.00000
v -7.76333 38.51353 -1.40934 0.49412 0.50588 0.49804 1.00000
v -8.08291 38.28168 -1.74561 0.49412 0.50588 0.49804 1.00000
v -8.36793 38.06257 -2.05781 0.49412 0.50588 0.49804 1.00000
v -8.54732 38.14063 -2.17710 0.49412 0.50588 0.49804 1.00000
v -8.40717 38.19446 -2.28663 0.49412 0.50588 0.49804 1.00000
v -8.21965 38.06041 -2.18284 0.49412 0.50588 0.49804 1.00000
v -8.36793 38.06257 -2.05781 0.49412 0.50588 0.49804 1.00000
v -8.86575 37.67828 -2.58527 0.49412 0.50588 0.49804 1.00000
v -8.99663 37.74910 -2.61830 0.49412 0.50588 0.49804 1.00000
v -8.92648 37.80433 -2.72148 0.49412 0.50588 0.49804 1.00000
v -8.79433 37.72457 -2.69380 0.49412 0.50588 0.49804 1.00000
v -8.86575 37.67828 -2.58527 0.49412 0.50588 0.49804 1.00000
v -10.35541 35.05663 -5.20502 0.49412 0.50588 0.49804 1.00000
v -10.41361 34.99403 -5.16216 0.49412 0.50588 0.49804 1.00000
v -10.48369 35.02990 -5.21546 0.49412 0.50588 0.49804 1.00000
v -10.42577 35.08844 -5.25457 0.49412 0.50588 0.49804 1.00000
v -10.35541 35.05663 -5.20502 0.49412 0.50588 0.49804 1.00000
v -9.07922 33.82168 -7.53217 0.49412 0.50588 0.49804 1.00000
v -9.07922 33.82168 -7.53217 0.49412 0.50588 0.49804 1.00000
v -7.13338 37.78576 7.33000 0.49412 0.50588 0.49804 1.00000
v -7.36742 38.16872 7.71579 0.49412 0.50588 0.49804 1.00000
v -7.47317 38.24702 7.94046 0.49412 0.50588 0.49804 1.00000
v -7.26903 37.91776 7.62043 0.49412 0.50588 0.49804 1.00000
v -7.16918 37.72082 7.66936 0.49412 0.50588 0.49804 1.00000
v -7.37182 38.10739 7.98782 0.49412 0.50588 0.49804 1.00000
v -7.21554 38.07348 7.76568 0.49412 0.50588 0.49804 1.00000
v -6.94949 37.66343 7.38244 0.49412 0.50588 0.49804 1.00000
v -7.13338 37.78576 7.33000 0.49412 0.50588 0.49804 1.00000
v -7.36742 38.16872 7.71579 0.49412 0.50588 0.49804 1.00000
v -7.57371 38.52109 8.06941 0.49412 0.50588 0.49804 1.00000
v -7.65603 38.55752 8.24156 0.49412 0.50588 0.49804 1.00000
v -7.55482 38.47004 8.28008 0.49412 0.50588 0.49804 1.00000
v -7.44638 38.45586 8.10992 0.49412 0.50588 0.49804 1.00000
v -7.57371 38.52109 8.06941 0.49412 0.50588 0.49804 1.00000
v -7.92428 39.13209 8.66213 0.49412 0.50588 0.49804 1.00000
v -7.97900 39.12018 8.77565 0.49412 0.50588 0.49804 1.00000
v -7.88304 39.09464 8.80224 0.49412 0.50588 0.49804 1.00000
v -7.82195 39.11061 8.69044 0.49412 0.50588 0.49804 1.00000
v -7.92428 39.13209 8.66213 0.49412 0.50588 0.49804 1.00000
v -9.59599 41.82758 10.82918 0.49412 0.50588 0.49804 1.00000
v -9.58027 41.78933 10.88580 0.49412 0.50588 0.49804 1.00000
v -9.52050 41.82829 10.89954 0.49412 0.50588 0.49804 1.00000
v -9.53839 41.86726 10.84007 0.49412 0.50588 0.49804 1.00000
v -9.59599 41.82758 10.82918 0.49412 0.50588 0.49804 1.00000
v -10.56269 43.82589 12.20868 0.49412 0.50588 0.49804 1.00000
v -10.56269 43.82589 12.20868 0.49412 0.50588 0.49804 1.00000
v -7.30330 37.78385 7.57229 0.49412 0.50588 0.49804 1.00000
v -7.67314 38.41962 7.96249 0.49412 0.50588 0.49804 1.00000
v -7.72815 38.57209 8.18935 0.49412 0.50588 0.49804 1.00000
v -7.38702 38.00769 7.85061 0.49412 0.50588 0.49804 1.00000
v -7.09339 37.82512 7.67819 0.49412 0.50588 0.49804 1.00000
v -7.49817 38.45464 8.05671 0.49412 0.50588 0.49804 1.00000
v -7.67314 38.41962 7.96249 0.49412 0.50588 0.49804 1.00000
v -7.30330 37.78385 7.57229 0.49412 0.50588 0.49804 1.00000
v -8.00633 39.00795 8.31576 0.49412 0.50588 0.49804 1.00000
v -8.04345 39.10298 8.49847 0.49412 0.50588 0.49804 1.00000
v -7.86809 39.03636 8.39466 0.49412 0.50588 0.49804 1.00000
v -8.00633 39.00795 8.31576 0.49412 0.50588 0.49804 1.00000
v -8.58476 40.02053 8.91482 0.49412 0.50588 0.49804 1.00000
v -8.60338 40.04858 9.04503 0.49412 0.50588 0.49804 1.00000
v -8.49193 40.04202 8.97296 0.49412 0.50588 0.49804 1.00000
v -8.58476 40.02053 8.91482 0.49412 0.50588 0.49804 1.00000
v -10.10174 44.87831 10.82380 0.49412 0.50588 0.49804 1.00000
v -10.10174 44.87831 10.82380 0.49412 0.50588 0.49804 1.00000
v -9.73954 39.23319 10.26491 0.49412 0.50588 0.49804 1.00000
v -10.33604 39.51101 10.24043 0.49412 0.50588 0.49804 1.00000
v -10.43523 39.66611 10.36348 0.49412 0.50588 0.49804 1.00000
v -9.88204 39.45380 10.40888 0.49412 0.50588 0.49804 1.00000
v -9.61767 39.38488 10.24535 0.49412 0.50588 0.49804 1.00000
v -10.23423 39.63677 10.24104 0.49412 0.50588 0.49804 1.00000
v -10.33604 39.51101 10.24043 0.49412 0.50588 0.49804 1.00000
v -9.73954 39.23319 10.26491 0.49412 0.50588 0.49804 1.00000
v -10.88150 39.76986 10.21104 0.49412 0.50588 0.49804 1.00000
v -10.95101 39.86400 10.31583 0.49412 0.50588 0.49804 1.00000
v -10.80022 39.86649 10.23123 0.49412 0.50588 0.49804 1.00000
v -10.88150 39.76986 10.21104 0.49412 0.50588 0.49804 1.00000
v -11.82779 40.20364 10.15401 0.49412 0.50588 0.49804 1.00000
v -11.86697 40.22719 10.24043 0.49412 0.50588 0.49804 1.00000
v -11.77416 40.26444 10.19638 0.49412 0.50588 0.49804 1.00000
v -11.82779 40.20364 10.15401 0.49412 0.50588 0.49804 1.00000
v -14.84374 43.44775 8.31893 0.49412 0.50588 0.49804 1.00000
v -14.84374 43.44775 8.31893 0.49412 0.50588 0.49804 1.00000
v -5.53540 36.70255 6.04083 0.49412 0.50588 0.49804 1.00000
v -5.99934 36.79402 6.24255 0.49412 0.50588 0.49804 1.00000
v -6.21769 36.94007 6.39743 0.49412 0.50588 0.49804 1.00000
v -5.85285 36.89880 6.20905 0.49412 0.50588 0.49804 1.00000
v -5.71706 37.06873 6.01237 0.49412 0.50588 0.49804 1.00000
v -6.11715 37.09526 6.24248 0.49412 0.50588 0.49804 1.00000
v -5.95958 36.89314 5.99498 0.49412 0.50588 0.49804 1.00000
v -5.50124 36.77674 5.68774 0.49412 0.50588 0.49804 1.00000
v -5.53540 36.70255 6.04083 0.49412 0.50588 0.49804 1.00000
v -5.99934 36.79402 6.24255 0.49412 0.50588 0.49804 1.00000
v -6.42946 36.87799 6.41471 0.49412 0.50588 0.49804 1.00000
v -6.56794 36.97243 6.56618 0.49412 0.50588 0.49804 1.00000
v -6.48955 37.11263 6.45638 0.49412 0.50588 0.49804 1.00000
v -6.38223 36.99158 6.25934 0.49412 0.50588 0.49804 1.00000
v -6.42946 36.87799 6.41471 0.49412 0.50588 0.49804 1.00000
v -7.15828 37.01146 6.72748 0.49412 0.50588 0.49804 1.00000
v -7.20574 37.04151 6.87584 0.49412 0.50588 0.49804 1.00000
v -7.14894 37.16530 6.82661 0.49412 0.50588 0.49804 1.00000
v -7.10803 37.13316 6.67125 0.49412 0.50588 0.49804 1.00000
v -7.15828 37.01146 6.72748 0.49412 0.50588 0.49804 1.00000
v -10.82754 38.54068 6.71604 0.49412 0.50588 0.49804 1.00000
v -10.87363 38.46824 6.75987 0.49412 0.50588 0.49804 1.00000
v -10.88229 38.52604 6.83583 0.49412 0.50588 0.49804 1.00000
v -10.83801 38.59324 6.79143 0.49412 0.50588 0.49804 1.00000
v -10.82754 38.54068 6.71604 0.49412 0.50588 0.49804 1.00000
v -12.87002 38.95051 4.54176 0.49412 0.50588 0.49804 1.00000
v -12.87002 38.95051 4.54176 0.49412 0.50588 0.49804 1.00000
v -1.72670 40.26754 9.85152 0.49412 0.50588 0.49804 1.00000
v -1.10123 40.77655 10.06955 0.49412 0.50588 0.49804 1.00000
v -0.99159 40.85342 10.30946 0.49412 0.50588 0.49804 1.00000
v -1.59462 40.41015 10.17035 0.49412 0.50588 0.49804 1.00000
v -1.54015 40.12651 9.90694 0.49412 0.50588 0.49804 1.00000
v -0.94293 40.65854 10.10576 0.49412 0.50588 0.49804 1.00000
v -1.10123 40.77655 10.06955 0.49412 0.50588 0.49804 1.00000
v -1.72670 40.26754 9.85152 0.49412 0.50588 0.49804 1.00000
v -0.52376 41.24303 10.26596 0.49412 0.50588 0.49804 1.00000
v -0.42964 41.26794 10.43478 0.49412 0.50588 0.49804 1.00000
v -0.39417 41.15138 10.27945 0.49412 0.50588 0.49804 1.00000
v -0.52376 41.24303 10.26596 0.49412 0.50588 0.49804 1.00000
v 0.48210 42.05069 10.58497 0.49412 0.50588 0.49804 1.00000
v 0.55410 42.01953 10.67503 0.49412 0.50588 0.49804 1.00000
v 0.57274 41.98918 10.56706 0.49412 0.50588 0.49804 1.00000
v 0.48210 42.05069 10.58497 0.49412 0.50588 0.49804 1.00000
v 3.61984 46.27211 12.07031 0.49412 0.50588 0.49804 1.00000
v 3.61984 46.27211 12.07031 0.49412 0.50588 0.49804 1.00000
v -0.59361 41.82420 12.31814 0.49412 0.50588 0.49804 1.00000
v -0.41148 42.37732 12.60015 0.49412 0.50588 0.49804 1.00000
v -0.27467 42.52157 12.66446 0.49412 0.50588 0.49804 1.00000
v -0.44122 42.03309 12.39317 0.49412 0.50588 0.49804 1.00000
v -0.47767 41.84990 12.09661 0.49412 0.50588 0.49804 1.00000
v -0.30383 42.39919 12.43694 0.49412 0.50588 0.49804 1.00000
v -0.41148 42.37732 12.60015 0.49412 0.50588 0.49804 1.00000
v -0.59361 41.82420 12.31814 0.49412 0.50588 0.49804 1.00000
v -0.24419 42.88812 12.85525 0.49412 0.50588 0.49804 1.00000
v -0.12364 42.98023 12.91320 0.49412 0.50588 0.49804 1.00000
v -0.15037 42.90584 12.74187 0.49412 0.50588 0.49804 1.00000
v -0.24419 42.88812 12.85525 0.49412 0.50588 0.49804 1.00000
v 0.04615 43.76705 13.30605 0.49412 0.50588 0.49804 1.00000
v 0.14278 43.79757 13.35382 0.49412 0.50588 0.49804 1.00000
v 0.11845 43.77954 13.24277 0.49412 0.50588 0.49804 1.00000
v 0.04615 43.76705 13.30605 0.49412 0.50588 0.49804 1.00000
v 1.04365 48.71679 14.70276 0.49412 0.50588 0.49804 1.00000
v 1.04365 48.71679 14.70276 0.49412 0.50588 0.49804 1.00000
v -1.33466 40.63037 10.68838 0.49412 0.50588 0.49804 1.00000
v -1.48107 40.97892 11.29318 0.49412 0.50588 0.49804 1.00000
v -1.42145 41.17648 11.40637 0.49412 0.50588 0.49804 1.00000
v -1.28812 40.91017 10.83473 0.49412 0.50588 0.49804 1.00000
v -1.34390 40.76932 10.48784 0.49412 0.50588 0.49804 1.00000
v -1.46401 41.09539 11.14096 0.49412 0.50588 0.49804 1.00000
v -1.48107 40.97892 11.29318 0.49412 0.50588 0.49804 1.00000
v -1.33466 40.63037 10.68838 0.49412 0.50588 0.49804 1.00000
v -1.62014 41.30366 11.84444 0.49412 0.50588 0.49804 1.00000
v -1.55339 41.42452 11.93787 0.49412 0.50588 0.49804 1.00000
v -1.57887 41.39215 11.73724 0.49412 0.50588 0.49804 1.00000
v -1.62014 41.30366 11.84444 0.49412 0.50588 0.49804 1.00000
v -1.85250 41.84902 12.80429 0.49412 0.50588 0.49804 1.00000
v -1.78131 41.88107 12.87895 0.49412 0.50588 0.49804 1.00000
v -1.78605 41.90233 12.75226 0.49412 0.50588 0.49804 1.00000
v -1.85250 41.84902 12.80429 0.49412 0.50588 0.49804 1.00000
v -4.24052 45.20889 15.96285 0.49412 0.50588 0.49804 1.00000
v -4.24052 45.20889 15.96285 0.49412 0.50588 0.49804 1.00000
v -1.37224 39.60999 8.99129 0.49412 0.50588 0.49804 1.00000
v -1.61515 39.78202 9.51714 0.49412 0.50588 0.49804 1.00000
v -1.67418 39.93290 9.72365 0.49412 0.50588 0.49804 1.00000
v -1.48825 39.82195 9.26078 0.49412 0.50588 0.49804 1.00000
v -1.49693 39.94541 9.04493 0.49412 0.50588 0.49804 1.00000
v -1.68301 40.04722 9.55761 0.49412 0.50588 0.49804 1.00000
v -1.70433 39.85025 9.33941 0.49412 0.50588 0.49804 1.00000
v -1.51622 39.65477 8.75515 0.49412 0.50588 0.49804 1.00000
v -1.37224 39.60999 8.99129 0.49412 0.50588 0.49804 1.00000
v -1.61515 39.78202 9.51714 0.49412 0.50588 0.49804 1.00000
v -1.84909 39.93876 9.99309 0.49412 0.50588 0.49804 1.00000
v -1.85778 40.03072 10.15475 0.49412 0.50588 0.49804 1.00000
v -1.85592 40.13488 10.03383 0.49412 0.50588 0.49804 1.00000
v -1.88729 40.02102 9.86710 0.49412 0.50588 0.49804 1.00000
v -1.84909 39.93876 9.99309 0.49412 0.50588 0.49804 1.00000
v -2.23699 40.19369 10.81688 0.49412 0.50588 0.49804 1.00000
v -2.18687 40.21435 10.92738 0.49412 0.50588 0.49804 1.00000
v -2.16551 40.30807 10.86366 0.49412 0.50588 0.49804 1.00000
v -2.22244 40.28560 10.75334 0.49412 0.50588 0.49804 1.00000
v -2.23699 40.19369 10.81688 0.49412 0.50588 0.49804 1.00000
v -4.98448 40.71515 13.10608 0.49412 0.50588 0.49804 1.00000
v -4.97800 40.64766 13.14284 0.49412 0.50588 0.49804 1.00000
v -4.96290 40.68316 13.21286 0.49412 0.50588 0.49804 1.00000
v -4.97003 40.75277 13.17274 0.49412 0.50588 0.49804 1.00000
v -4.98448 40.71515 13.10608 0.49412 0.50588 0.49804 1.00000
v -7.38270 41.57994 12.96334 0.49412 0.50588 0.49804 1.00000
v -7.38270 41.57994 12.96334 0.49412 0.50588 0.49804 1.00000
v 8.09163 38.87071 -0.83449 0.49412 0.50588 0.49804 1.00000
v 7.86653 39.36749 -1.31241 0.49412 0.50588 0.49804 1.00000
v 8.00574 39.50372 -1.48495 0.49412 0.50588 0.49804 1.00000
v 8.27412 39.08462 -1.04484 0.49412 0.50588 0.49804 1.00000
v 8.10570 38.75767 -1.03569 0.49412 0.50588 0.49804 1.00000
v 7.86918 39.26893 -1.47753 0.49412 0.50588 0.49804 1.00000
v 7.86653 39.36749 -1.31241 0.49412 0.50588 0.49804 1.00000
v 8.09163 38.87071 -0.83449 0.49412 0.50588 0.49804 1.00000
v 7.65519 39.82233 -1.75376 0.49412 0.50588 0.49804 1.00000
v 7.75192 39.89417 -1.89449 0.49412 0.50588 0.49804 1.00000
v 7.64239 39.74009 -1.88030 0.49412 0.50588 0.49804 1.00000
v 7.65519 39.82233 -1.75376 0.49412 0.50588 0.49804 1.00000
v 7.26518 40.60702 -2.51596 0.49412 0.50588 0.49804 1.00000
v 7.31712 40.60847 -2.61775 0.49412 0.50588 0.49804 1.00000
v 7.23194 40.54283 -2.59225 0.49412 0.50588 0.49804 1.00000
v 7.26518 40.60702 -2.51596 0.49412 0.50588 0.49804 1.00000
v 5.93443 45.12075 -5.38497 0.49412 0.50588 0.49804 1.00000
v 5.93443 45.12075 -5.38497 0.49412 0.50588 0.49804 1.00000
v 7.59512 38.02065 -0.69156 0.49412 0.50588 0.49804 1.00000
v 7.87296 38.46011 -0.46673 0.49412 0.50588 0.49804 1.00000
v 7.96612 38.65792 -0.54712 0.49412 0.50588 0.49804 1.00000
v 7.69439 38.30260 -0.77725 0.49412 0.50588 0.49804 1.00000
v 7.57449 38.20240 -0.94924 0.49412 0.50588 0.49804 1.00000
v 7.85330 38.59905 -0.69023 0.49412 0.50588 0.49804 1.00000
v 7.65828 38.43837 -0.56493 0.49412 0.50588 0.49804 1.00000
v 7.30440 37.98206 -0.78736 0.49412 0.50588 0.49804 1.00000
v 7.59512 38.02065 -0.69156 0.49412 0.50588 0.49804 1.00000
v 7.87296 38.46011 -0.46673 0.49412 0.50588 0.49804 1.00000
v 8.12135 38.86766 -0.26043 0.49412 0.50588 0.49804 1.00000
v 8.21223 38.99405 -0.33084 0.49412 0.50588 0.49804 1.00000
v 8.10727 38.96671 -0.44721 0.49412 0.50588 0.49804 1.00000
v 7.96506 38.85975 -0.35497 0.49412 0.50588 0.49804 1.00000
v 8.12135 38.86766 -0.26043 0.49412 0.50588 0.49804 1.00000
v 8.55799 39.55979 0.10338 0.49412 0.50588 0.49804 1.00000
v 8.64375 39.60619 0.04423 0.49412 0.50588 0.49804 1.00000
v 8.55667 39.61747 -0.03658 0.49412 0.50588 0.49804 1.00000
v 8.46084 39.57610 0.02522 0.49412 0.50588 0.49804 1.00000
v 8.55799 39.55979 0.10338 0.49412 0.50588 0.49804 1.00000
v 9.97690 42.91577 1.12319 0.49412 0.50588 0.49804 1.00000
v 10.02744 42.90826 1.07241 0.49412 0.50588 0.49804 1.00000
v 9.98362 42.93782 1.01969 0.49412 0.50588 0.49804 1.00000
v 9.93192 42.94492 1.07402 0.49412 0.50588 0.49804 1.00000
v 9.97690 42.91577 1.12319 0.49412 0.50588 0.49804 1.00000
v 10.32350 45.34956 1.96275 0.49412 0.50588 0.49804 1.00000
v 10.32350 45.34956 1.96275 0.49412 0.50588 0.49804 1.00000
v 10.30947 40.72202 -1.22589 0.49412 0.50588 0.49804 1.00000
v 10.68466 41.04181 -0.83882 0.49412 0.50588 0.49804 1.00000
v 10.77501 41.22799 -0.86448 0.49412 0.50588 0.49804 1.00000
v 10.42223 40.98304 -1.23879 0.49412 0.50588 0.49804 1.00000
v 10.18234 40.83169 -1.29218 0.49412 0.50588 0.49804 1.00000
v 10.58472 41.13524 -0.90361 0.49412 0.50588 0.49804 1.00000
v 10.68466 41.04181 -0.83882 0.49412 0.50588 0.49804 1.00000
v 10.30947 40.72202 -1.22589 0.49412 0.50588 0.49804 1.00000
v 11.02256 41.33677 -0.47857 0.49412 0.50588 0.49804 1.00000
v 11.10019 41.45548 -0.51131 0.49412 0.50588 0.49804 1.00000
v 10.95163 41.41172 -0.54302 0.49412 0.50588 0.49804 1.00000
v 11.02256 41.33677 -0.47857 0.49412 0.50588 0.49804 1.00000
v 11.60872 41.83028 0.15128 0.49412 0.50588 0.49804 1.00000
v 11.67638 41.87378 0.11117 0.49412 0.50588 0.49804 1.00000
v 11.57705 41.88410 0.08979 0.49412 0.50588 0.49804 1.00000
v 11.60872 41.83028 0.15128 0.49412 0.50588 0.49804 1.00000
v 12.41201 44.88790 3.83170 0.49412 0.50588 0.49804 1.00000
v 12.41201 44.88790 3.83170 0.49412 0.50588 0.49804 1.00000
v 10.22594 40.71490 -1.30570 0.49412 0.50588 0.49804 1.00000
v 10.79374 40.85849 -1.13379 0.49412 0.50588 0.49804 1.00000
v 10.90540 41.01739 -1.09286 0.49412 0.50588 0.49804 1.00000
v 10.37358 40.94108 -1.22327 0.49412 0.50588 0.49804 1.00000
v 10.10814 40.81328 -1.20619 0.49412 0.50588 0.49804 1.00000
v 10.70498 40.94725 -1.07297 0.49412 0.50588 0.49804 1.00000
v 10.79374 40.85849 -1.13379 0.49412 0.50588 0.49804 1.00000
v 10.22594 40.71490 -1.30570 0.49412 0.50588 0.49804 1.00000
v 11.31220 40.98929 -0.96749 0.49412 0.50588 0.49804 1.00000
v 11.40064 41.08310 -0.96551 0.49412 0.50588 0.49804 1.00000
v 11.25235 41.06536 -0.94843 0.49412 0.50588 0.49804 1.00000
v 11.31220 40.98929 -0.96749 0.49412 0.50588 0.49804 1.00000
v 12.21093 41.19837 -0.68944 0.49412 0.50588 0.49804 1.00000
v 12.27772 41.21679 -0.73236 0.49412 0.50588 0.49804 1.00000
v 12.19245 41.25822 -0.72022 0.49412 0.50588 0.49804 1.00000
v 12.21093 41.19837 -0.68944 0.49412 0.50588 0.49804 1.00000
v 14.44528 42.24049 3.04253 0.49412 0.50588 0.49804 1.00000
v 14.44528 42.24049 3.04253 0.49412 0.50588 0.49804 1.00000
v -9.60780 47.58509 -5.75936 0.49412 0.50588 0.49804 1.00000
v -9.84508 47.98932 -5.38637 0.49412 0.50588 0.49804 1.00000
v -10.00526 48.06227 -5.38352 0.49412 0.50588 0.49804 1.00000
v -9.81119 47.70501 -5.76402 0.49412 0.50588 0.49804 1.00000
v -9.69466 47.49269 -5.65295 0.49412 0.50588 0.49804 1.00000
v -9.91448 47.91414 -5.29694 0.49412 0.50588 0.49804 1.00000
v -9.84508 47.98932 -5.38637 0.49412 0.50588 0.49804 1.00000
v -9.60780 47.58509 -5.75936 0.49412 0.50588 0.49804 1.00000
v -10.06306 48.35963 -5.04120 0.49412 0.50588 0.49804 1.00000
v -10.18386 48.39480 -5.02818 0.49412 0.50588 0.49804 1.00000
v -10.11067 48.30284 -4.96603 0.49412 0.50588 0.49804 1.00000
v -10.06306 48.35963 -5.04120 0.49412 0.50588 0.49804 1.00000
v -10.43087 49.00009 -4.43481 0.49412 0.50588 0.49804 1.00000
v -10.50694 48.99564 -4.41144 0.49412 0.50588 0.49804 1.00000
v -10.44825 48.96479 -4.37480 0.49412 0.50588 0.49804 1.00000
v -10.43087 49.00009 -4.43481 0.49412 0.50588 0.49804 1.00000
v -12.12990 52.54666 -2.05739 0.49412 0.50588 0.49804 1.00000
v -12.12990 52.54666 -2.05739 0.49412 0.50588 0.49804 1.00000
v -7.03073 44.80829 -3.93848 0.49412 0.50588 0.49804 1.00000
v -7.20470 45.25907 -4.19570 0.49412 0.50588 0.49804 1.00000
v -7.36041 45.43700 -4.24751 0.49412 0.50588 0.49804 1.00000
v -7.21085 45.07229 -4.00848 0.49412 0.50588 0.49804 1.00000
v -7.27098 44.98269 -3.80505 0.49412 0.50588 0.49804 1.00000
v -7.40338 45.38543 -4.07145 0.49412 0.50588 0.49804 1.00000
v -7.17546 45.25261 -3.98470 0.49412 0.50588 0.49804 1.00000
v -6.96901 44.79396 -3.67718 0.49412 0.50588 0.49804 1.00000
v -7.03073 44.80829 -3.93848 0.49412 0.50588 0.49804 1.00000
v -7.20470 45.25907 -4.19570 0.49412 0.50588 0.49804 1.00000
v -7.35953 45.67621 -4.42543 0.49412 0.50588 0.49804 1.00000
v -7.49460 45.78323 -4.46700 0.49412 0.50588 0.49804 1.00000
v -7.52036 45.76005 -4.31866 0.49412 0.50588 0.49804 1.00000
v -7.34961 45.67620 -4.25880 0.49412 0.50588 0.49804 1.00000
v -7.35953 45.67621 -4.42543 0.49412 0.50588 0.49804 1.00000
v -7.62143 46.38526 -4.82894 0.49412 0.50588 0.49804 1.00000
v -7.73023 46.40921 -4.85686 0.49412 0.50588 0.49804 1.00000
v -7.73878 46.41760 -4.74608 0.49412 0.50588 0.49804 1.00000
v -7.62435 46.39885 -4.71322 0.49412 0.50588 0.49804 1.00000
v -7.62143 46.38526 -4.82894 0.49412 0.50588 0.49804 1.00000
v -8.47388 49.56378 -6.15222 0.49412 0.50588 0.49804 1.00000
v -8.54337 49.55162 -6.15927 0.49412 0.50588 0.49804 1.00000
v -8.55796 49.57671 -6.09176 0.49412 0.50588 0.49804 1.00000
v -8.48503 49.58879 -6.08607 0.49412 0.50588 0.49804 1.00000
v -8.47388 49.56378 -6.15222 0.49412 0.50588 0.49804 1.00000
v -8.71797 51.91710 -6.68547 0.49412 0.50588 0.49804 1.00000
v -8.71797 51.91710 -6.68547 0.49412 0.50588 0.49804 1.00000
v -9.88452 47.66280 -5.80582 0.49412 0.50588 0.49804 1.00000
v -9.99004 48.08216 -6.29781 0.49412 0.50588 0.49804 1.00000
v -10.06259 48.23033 -6.33417 0.49412 0.50588 0.49804 1.00000
v -9.96431 47.86964 -5.86147 0.49412 0.50588 0.49804 1.00000
v -9.81607 47.75014 -5.70012 0.49412 0.50588 0.49804 1.00000
v -9.94858 48.15669 -6.20845 0.49412 0.50588 0.49804 1.00000
v -9.99004 48.08216 -6.29781 0.49412 0.50588 0.49804 1.00000
v -9.88452 47.66280 -5.80582 0.49412 0.50588 0.49804 1.00000
v -10.08102 48.46908 -6.74885 0.49412 0.50588 0.49804 1.00000
v -10.14925 48.56448 -6.77545 0.49412 0.50588 0.49804 1.00000
v -10.06603 48.52782 -6.67663 0.49412 0.50588 0.49804 1.00000
v -10.08102 48.46908 -6.74885 0.49412 0.50588 0.49804 1.00000
v -10.23981 49.12810 -7.53298 0.49412 0.50588 0.49804 1.00000
v -10.30443 49.16254 -7.55117 0.49412 0.50588 0.49804 1.00000
v -10.25589 49.16763 -7.48420 0.49412 0.50588 0.49804 1.00000
v -10.23981 49.12810 -7.53298 0.49412 0.50588 0.49804 1.00000
v -9.41661 52.29853 -10.07414 0.49412 0.50588 0.49804 1.00000
v -9.41661 52.29853 -10.07414 0.49412 0.50588 0.49804 1.00000
v -10.78205 48.56059 -6.30603 0.49412 0.50588 0.49804 1.00000
v -11.01125 48.66713 -6.74879 0.49412 0.50588 0.49804 1.00000
v -11.05278 48.75962 -6.81113 0.49412 0.50588 0.49804 1.00000
v -10.82790 48.68801 -6.40112 0.49412 0.50588 0.49804 1.00000
v -10.69266 48.62092 -6.31090 0.49412 0.50588 0.49804 1.00000
v -10.94834 48.72325 -6.74685 0.49412 0.50588 0.49804 1.00000
v -11.01125 48.66713 -6.74879 0.49412 0.50588 0.49804 1.00000
v -10.78205 48.56059 -6.30603 0.49412 0.50588 0.49804 1.00000
v -11.21739 48.76429 -7.15766 0.49412 0.50588 0.49804 1.00000
v -11.25982 48.82302 -7.19359 0.49412 0.50588 0.49804 1.00000
v -11.18222 48.81458 -7.14782 0.49412 0.50588 0.49804 1.00000
v -11.21739 48.76429 -7.15766 0.49412 0.50588 0.49804 1.00000
v -11.57844 48.92401 -7.86222 0.49412 0.50588 0.49804 1.00000
v -11.62441 48.94336 -7.86869 0.49412 0.50588 0.49804 1.00000
v -11.57817 48.96637 -7.84432 0.49412 0.50588 0.49804 1.00000
v -11.57844 48.92401 -7.86222 0.49412 0.50588 0.49804 1.00000
v -10.46557 48.99869 -11.74229 0.49412 0.50588 0.49804 1.00000
v -10.46557 48.99869 -11.74229 0.49412 0.50588 0.49804 1.00000
v -5.13862 43.91732 9.46618 0.49412 0.50588 0.49804 1.00000
v -4.64631 44.49834 9.59175 0.49412 0.50588 0.49804 1.00000
v -4.58858 44.58869 9.80964 0.49412 0.50588 0.49804 1.00000
v -5.07675 44.06782 9.75172 0.49412 0.50588 0.49804 1.00000
v -4.99005 43.79874 9.55877 0.49412 0.50588 0.49804 1.00000
v -4.51830 44.39920 9.65936 0.49412 0.50588 0.49804 1.00000
v -4.64631 44.49834 9.59175 0.49412 0.50588 0.49804 1.00000
v -5.13862 43.91732 9.46618 0.49412 0.50588 0.49804 1.00000
v -4.18992 45.03081 9.70499 0.49412 0.50588 0.49804 1.00000
v -4.13266 45.07316 9.86125 0.49412 0.50588 0.49804 1.00000
v -4.08344 44.95295 9.74376 0.49412 0.50588 0.49804 1.00000
v -4.18992 45.03081 9.70499 0.49412 0.50588 0.49804 1.00000
v -3.39182 45.95341 9.87944 0.49412 0.50588 0.49804 1.00000
v -3.33688 45.94514 9.96842 0.49412 0.50588 0.49804 1.00000
v -3.31163 45.90202 9.88073 0.49412 0.50588 0.49804 1.00000
v -3.39182 45.95341 9.87944 0.49412 0.50588 0.49804 1.00000
v -0.80075 50.21046 11.06883 0.49412 0.50588 0.49804 1.00000
v -0.80075 50.21046 11.06883 0.49412 0.50588 0.49804 1.00000
v -6.00261 46.42579 12.81925 0.49412 0.50588 0.49804 1.00000
v -6.19814 47.02760 13.01116 0.49412 0.50588 0.49804 1.00000
v -6.16062 47.16010 13.11525 0.49412 0.50588 0.49804 1.00000
v -5.96107 46.61289 12.94254 0.49412 0.50588 0.49804 1.00000
v -5.85002 46.43650 12.80917 0.49412 0.50588 0.49804 1.00000
v -6.07008 47.03852 13.00855 0.49412 0.50588 0.49804 1.00000
v -6.19814 47.02760 13.01116 0.49412 0.50588 0.49804 1.00000
v -6.00261 46.42579 12.81925 0.49412 0.50588 0.49804 1.00000
v -6.37489 47.58205 13.18273 0.49412 0.50588 0.49804 1.00000
v -6.34541 47.67014 13.27067 0.49412 0.50588 0.49804 1.00000
v -6.27291 47.59188 13.18484 0.49412 0.50588 0.49804 1.00000
v -6.37489 47.58205 13.18273 0.49412 0.50588 0.49804 1.00000
v -6.68698 48.53627 13.47500 0.49412 0.50588 0.49804 1.00000
v -6.66775 48.57363 13.54427 0.49412 0.50588 0.49804 1.00000
v -6.61819 48.54702 13.48111 0.49412 0.50588 0.49804 1.00000
v -6.68698 48.53627 13.47500 0.49412 0.50588 0.49804 1.00000
v -7.64320 52.75528 14.11272 0.49412 0.50588 0.49804 1.00000
v -7.64320 52.75528 14.11272 0.49412 0.50588 0.49804 1.00000
v -5.31820 44.62577 10.64057 0.49412 0.50588 0.49804 1.00000
v -5.80644 44.95959 10.88591 0.49412 0.50588 0.49804 1.00000
v -5.82223 45.14277 10.99291 0.49412 0.50588 0.49804 1.00000
v -5.35915 44.88245 10.76556 0.49412 0.50588 0.49804 1.00000
v -5.21780 44.74163 10.51048 0.49412 0.50588 0.49804 1.00000
v -5.71239 45.05926 10.79640 0.49412 0.50588 0.49804 1.00000
v -5.80644 44.95959 10.88591 0.49412 0.50588 0.49804 1.00000
v -5.31820 44.62577 10.64057 0.49412 0.50588 0.49804 1.00000
v -6.25611 45.26896 11.10391 0.49412 0.50588 0.49804 1.00000
v -6.25702 45.38490 11.19984 0.49412 0.50588 0.49804 1.00000
v -6.16955 45.34869 11.05294 0.49412 0.50588 0.49804 1.00000
v -6.25611 45.26896 11.10391 0.49412 0.50588 0.49804 1.00000
v -7.03763 45.79034 11.48331 0.49412 0.50588 0.49804 1.00000
v -7.02372 45.82901 11.56916 0.49412 0.50588 0.49804 1.00000
v -6.96483 45.84555 11.47748 0.49412 0.50588 0.49804 1.00000
v -7.03763 45.79034 11.48331 0.49412 0.50588 0.49804 1.00000
v -10.97575 48.93933 11.60920 0.49412 0.50588 0.49804 1.00000
v -10.97575 48.93933 11.60920 0.49412 0.50588 0.49804 1.00000
v -5.44634 45.28566 11.41397 0.49412 0.50588 0.49804 1.00000
v -5.82261 45.38078 11.85048 0.49412 0.50588 0.49804 1.00000
v -5.90726 45.52105 11.94981 0.49412 0.50588 0.49804 1.00000
v -5.58035 45.48359 11.53429 0.49412 0.50588 0.49804 1.00000
v -5.50503 45.37772 11.26212 0.49412 0.50588 0.49804 1.00000
v -5.85286 45.46643 11.74543 0.49412 0.50588 0.49804 1.00000
v -5.82261 45.38078 11.85048 0.49412 0.50588 0.49804 1.00000
v -5.44634 45.28566 11.41397 0.49412 0.50588 0.49804 1.00000
v -6.17392 45.46833 12.24570 0.49412 0.50588 0.49804 1.00000
v -6.21645 45.55077 12.33453 0.49412 0.50588 0.49804 1.00000
v -6.17366 45.54306 12.18678 0.49412 0.50588 0.49804 1.00000
v -6.17392 45.46833 12.24570 0.49412 0.50588 0.49804 1.00000
v -6.77181 45.60642 12.93469 0.49412 0.50588 0.49804 1.00000
v -6.76845 45.62027 13.01681 0.49412 0.50588 0.49804 1.00000
v -6.73825 45.66488 12.93462 0.49412 0.50588 0.49804 1.00000
v -6.77181 45.60642 12.93469 0.49412 0.50588 0.49804 1.00000
v -10.94743 46.86753 13.73182 0.49412 0.50588 0.49804 1.00000
v -10.94743 46.86753 13.73182 0.49412 0.50588 0.49804 1.00000
v 6.37957 48.65374 5.83948 0.49412 0.50588 0.49804 1.00000
v 6.37214 49.06752 5.38769 0.49412 0.50588 0.49804 1.00000
v 6.52835 49.16507 5.37110 0.49412 0.50588 0.49804 1.00000
v 6.57592 48.80659 5.82425 0.49412 0.50588 0.49804 1.00000
v 6.47857 48.56184 5.72906 0.49412 0.50588 0.49804 1.00000
v 6.45114 48.98912 5.29763 0.49412 0.50588 0.49804 1.00000
v 6.37214 49.06752 5.38769 0.49412 0.50588 0.49804 1.00000
v 6.37957 48.65374 5.83948 0.49412 0.50588 0.49804 1.00000
v 6.36606 49.44681 4.96956 0.49412 0.50588 0.49804 1.00000
v 6.48415 49.49811 4.94892 0.49412 0.50588 0.49804 1.00000
v 6.42018 49.38169 4.89792 0.49412 0.50588 0.49804 1.00000
v 6.36606 49.44681 4.96956 0.49412 0.50588 0.49804 1.00000
v 6.34112 50.09986 4.23734 0.49412 0.50588 0.49804 1.00000
v 6.41669 50.10370 4.21168 0.49412 0.50588 0.49804 1.00000
v 6.36139 50.05045 4.18495 0.49412 0.50588 0.49804 1.00000
v 6.34112 50.09986 4.23734 0.49412 0.50588 0.49804 1.00000
v 6.07682 53.87724 1.43832 0.49412 0.50588 0.49804 1.00000
v 6.07682 53.87724 1.43832 0.49412 0.50588 0.49804 1.00000
v 3.00146 44.29234 3.56202 0.49412 0.50588 0.49804 1.00000
v 3.03980 44.76826 3.91637 0.49412 0.50588 0.49804 1.00000
v 3.22001 44.98355 3.98508 0.49412 0.50588 0.49804 1.00000
v 3.22142 44.60639 3.64787 0.49412 0.50588 0.49804 1.00000
v 3.30861 44.50520 3.43406 0.49412 0.50588 0.49804 1.00000
v 3.28694 44.92627 3.79770 0.49412 0.50588 0.49804 1.00000
v 3.05738 44.75518 3.71151 0.49412 0.50588 0.49804 1.00000
v 3.00508 44.26455 3.31948 0.49412 0.50588 0.49804 1.00000
v 3.00146 44.29234 3.56202 0.49412 0.50588 0.49804 1.00000
v 3.03980 44.76826 3.91637 0.49412 0.50588 0.49804 1.00000
v 3.06732 45.20798 4.23385 0.49412 0.50588 0.49804 1.00000
v 3.21344 45.34145 4.29454 0.49412 0.50588 0.49804 1.00000
v 3.26133 45.31713 4.13306 0.49412 0.50588 0.49804 1.00000
v 3.09106 45.20671 4.06303 0.49412 0.50588 0.49804 1.00000
v 3.06732 45.20798 4.23385 0.49412 0.50588 0.49804 1.00000
v 3.09502 45.94938 4.78818 0.49412 0.50588 0.49804 1.00000
v 3.20646 45.99211 4.83885 0.49412 0.50588 0.49804 1.00000
v 3.23350 46.00756 4.71693 0.49412 0.50588 0.49804 1.00000
v 3.11875 45.97066 4.66332 0.49412 0.50588 0.49804 1.00000
v 3.09502 45.94938 4.78818 0.49412 0.50588 0.49804 1.00000
v 3.24296 49.41486 6.45397 0.49412 0.50588 0.49804 1.00000
v 3.31717 49.39897 6.47270 0.49412 0.50588 0.49804 1.00000
v 3.34411 49.42073 6.39947 0.49412 0.50588 0.49804 1.00000
v 3.26595 49.43679 6.38173 0.49412 0.50588 0.49804 1.00000
v 3.24296 49.41486 6.45397 0.49412 0.50588 0.49804 1.00000
v 3.07170 51.91859 7.21070 0.49412 0.50588 0.49804 1.00000
v 3.07170 51.91859 7.21070 0.49412 0.50588 0.49804 1.00000
v 5.60001 47.41055 5.28141 0.49412 0.50588 0.49804 1.00000
v 5.73908 47.84852 5.71090 0.49412 0.50588 0.49804 1.00000
v 5.80217 48.04332 5.73537 0.49412 0.50588 0.49804 1.00000
v 5.65793 47.67826 5.32848 0.49412 0.50588 0.49804 1.00000
v 5.47583 47.48886 5.14497 0.49412 0.50588 0.49804 1.00000
v 5.65656 47.91977 5.59186 0.49412 0.50588 0.49804 1.00000
v 5.73908 47.84852 5.71090 0.49412 0.50588 0.49804 1.00000
v 5.60001 47.41055 5.28141 0.49412 0.50588 0.49804 1.00000
v 5.85966 48.25246 6.10478 0.49412 0.50588 0.49804 1.00000
v 5.93072 48.38235 6.11774 0.49412 0.50588 0.49804 1.00000
v 5.81637 48.31209 6.00394 0.49412 0.50588 0.49804 1.00000
v 5.85966 48.25246 6.10478 0.49412 0.50588 0.49804 1.00000
v 6.07522 48.93944 6.78849 0.49412 0.50588 0.49804 1.00000
v 6.15573 48.99418 6.79153 0.49412 0.50588 0.49804 1.00000
v 6.07666 48.98420 6.71296 0.49412 0.50588 0.49804 1.00000
v 6.07522 48.93944 6.78849 0.49412 0.50588 0.49804 1.00000
v 5.35764 52.59777 10.03643 0.49412 0.50588 0.49804 1.00000
v 5.35764 52.59777 10.03643 0.49412 0.50588 0.49804 1.00000
v 4.51273 46.03746 4.54726 0.49412 0.50588 0.49804 1.00000
v 4.76916 46.37479 5.16283 0.49412 0.50588 0.49804 1.00000
v 4.81930 46.56475 5.29226 0.49412 0.50588 0.49804 1.00000
v 4.55523 46.30072 4.73104 0.49412 0.50588 0.49804 1.00000
v 4.31191 46.13265 4.52703 0.49412 0.50588 0.49804 1.00000
v 4.63383 46.46448 5.13666 0.49412 0.50588 0.49804 1.00000
v 4.76916 46.37479 5.16283 0.49412 0.50588 0.49804 1.00000
v 4.51273 46.03746 4.54726 0.49412 0.50588 0.49804 1.00000
v 4.99514 46.68364 5.73157 0.49412 0.50588 0.49804 1.00000
v 5.06128 46.80347 5.82054 0.49412 0.50588 0.49804 1.00000
v 4.92703 46.76223 5.69844 0.49412 0.50588 0.49804 1.00000
v 4.99514 46.68364 5.73157 0.49412 0.50588 0.49804 1.00000
v 5.39771 47.20326 6.71109 0.49412 0.50588 0.49804 1.00000
v 5.48626 47.23929 6.75677 0.49412 0.50588 0.49804 1.00000
v 5.41229 47.26612 6.67394 0.49412 0.50588 0.49804 1.00000
v 5.39771 47.20326 6.71109 0.49412 0.50588 0.49804 1.00000
v 4.56168 48.59737 10.94031 0.49412 0.50588 0.49804 1.00000
v 4.56168 48.59737 10.94031 0.49412 0.50588 0.49804 1.00000
v 4.44021 48.38091 -4.92162 0.49412 0.50588 0.49804 1.00000
v 4.05582 48.78042 -5.17692 0.49412 0.50588 0.49804 1.00000
v 4.08416 48.85897 -5.37784 0.49412 0.50588 0.49804 1.00000
v 4.48044 48.50755 -5.17640 0.49412 0.50588 0.49804 1.00000
v 4.33248 48.26924 -5.05448 0.49412 0.50588 0.49804 1.00000
v 3.96709 48.68444 -5.28522 0.49412 0.50588 0.49804 1.00000
v 4.05582 48.78042 -5.17692 0.49412 0.50588 0.49804 1.00000
v 4.44021 48.38091 -4.92162 0.49412 0.50588 0.49804 1.00000
v 3.69969 49.14611 -5.41169 0.49412 0.50588 0.49804 1.00000
v 3.71365 49.18404 -5.56501 0.49412 0.50588 0.49804 1.00000
v 3.62574 49.06681 -5.49102 0.49412 0.50588 0.49804 1.00000
v 3.69969 49.14611 -5.41169 0.49412 0.50588 0.49804 1.00000
v 3.07034 49.77639 -5.80808 0.49412 0.50588 0.49804 1.00000
v 3.07086 49.76835 -5.90830 0.49412 0.50588 0.49804 1.00000
v 3.01249 49.71482 -5.84758 0.49412 0.50588 0.49804 1.00000
v 3.07034 49.77639 -5.80808 0.49412 0.50588 0.49804 1.00000
v 0.46204 53.51766 -7.68287 0.49412 0.50588 0.49804 1.00000
v 0.46204 53.51766 -7.68287 0.49412 0.50588 0.49804 1.00000
v 5.43606 49.88315 -6.05952 0.49412 0.50588 0.49804 1.00000
v 5.24054 50.40029 -5.74299 0.49412 0.50588 0.49804 1.00000
v 5.24313 50.53101 -5.83482 0.49412 0.50588 0.49804 1.00000
v 5.44650 50.06194 -6.17128 0.49412 0.50588 0.49804 1.00000
v 5.31099 49.89014 -6.11910 0.49412 0.50588 0.49804 1.00000
v 5.13658 50.40666 -5.79601 0.49412 0.50588 0.49804 1.00000
v 5.24054 50.40029 -5.74299 0.49412 0.50588 0.49804 1.00000
v 5.43606 49.88315 -6.05952 0.49412 0.50588 0.49804 1.00000
v 5.05768 50.87545 -5.45062 0.49412 0.50588 0.49804 1.00000
v 5.05489 50.96640 -5.52215 0.49412 0.50588 0.49804 1.00000
v 4.97565 50.88090 -5.49467 0.49412 0.50588 0.49804 1.00000
v 5.05768 50.87545 -5.45062 0.49412 0.50588 0.49804 1.00000
v 4.73756 51.69442 -4.93117 0.49412 0.50588 0.49804 1.00000
v 4.73158 51.74495 -4.97982 0.49412 0.50588 0.49804 1.00000
v 4.68218 51.69800 -4.96272 0.49412 0.50588 0.49804 1.00000
v 4.73756 51.69442 -4.93117 0.49412 0.50588 0.49804 1.00000
v 3.13202 54.95902 -2.66318 0.49412 0.50588 0.49804 1.00000
v 3.13202 54.95902 -2.66318 0.49412 0.50588 0.49804 1.00000
v 4.78195 48.85110 -5.50375 0.49412 0.50588 0.49804 1.00000
v 5.17956 49.27909 -5.53037 0.49412 0.50588 0.49804 1.00000
v 5.21719 49.46490 -5.58692 0.49412 0.50588 0.49804 1.00000
v 4.83713 49.10728 -5.55292 0.49412 0.50588 0.49804 1.00000
v 4.62927 48.92957 -5.42991 0.49412 0.50588 0.49804 1.00000
v 5.05330 49.34993 -5.48907 0.49412 0.50588 0.49804 1.00000
v 5.17956 49.27909 -5.53037 0.49412 0.50588 0.49804 1.00000
v 4.78195 48.85110 -5.50375 0.49412 0.50588 0.49804 1.00000
v 5.54243 49.67361 -5.54766 0.49412 0.50588 0.49804 1.00000
v 5.57322 49.79703 -5.61231 0.49412 0.50588 0.49804 1.00000
v 5.44334 49.73292 -5.53684 0.49412 0.50588 0.49804 1.00000
v 5.54243 49.67361 -5.54766 0.49412 0.50588 0.49804 1.00000
v 6.17481 50.34477 -5.58107 0.49412 0.50588 0.49804 1.00000
v 6.20046 50.39543 -5.65519 0.49412 0.50588 0.49804 1.00000
v 6.11170 50.39026 -5.60427 0.49412 0.50588 0.49804 1.00000
v 6.17481 50.34477 -5.58107 0.49412 0.50588 0.49804 1.00000
v 8.63631 53.92947 -4.10669 0.49412 0.50588 0.49804 1.00000
v 8.63631 53.92947 -4.10669 0.49412 0.50588 0.49804 1.00000
v 2.80780 46.15680 -3.37442 0.49412 0.50588 0.49804 1.00000
v 3.29147 46.22654 -3.15171 0.49412 0.50588 0.49804 1.00000
v 3.44674 46.41639 -3.24004 0.49412 0.50588 0.49804 1.00000
v 3.01989 46.41318 -3.48097 0.49412 0.50588 0.49804 1.00000
v 2.89367 46.48273 -3.29574 0.49412 0.50588 0.49804 1.00000
v 3.36180 46.49085 -3.09061 0.49412 0.50588 0.49804 1.00000
v 3.26127 46.26544 -2.96834 0.49412 0.50588 0.49804 1.00000
v 2.77364 46.16549 -3.13229 0.49412 0.50588 0.49804 1.00000
v 2.80780 46.15680 -3.37442 0.49412 0.50588 0.49804 1.00000
v 3.29147 46.22654 -3.15171 0.49412 0.50588 0.49804 1.00000
v 3.73441 46.28735 -2.94047 0.49412 0.50588 0.49804 1.00000
v 3.84740 46.41560 -3.01618 0.49412 0.50588 0.49804 1.00000
v 3.79716 46.49455 -2.90557 0.49412 0.50588 0.49804 1.00000
v 3.71153 46.34951 -2.81274 0.49412 0.50588 0.49804 1.00000
v 3.73441 46.28735 -2.94047 0.49412 0.50588 0.49804 1.00000
v 4.50427 46.37437 -2.56981 0.49412 0.50588 0.49804 1.00000
v 4.57691 46.43488 -2.63837 0.49412 0.50588 0.49804 1.00000
v 4.55750 46.51837 -2.57772 0.49412 0.50588 0.49804 1.00000
v 4.48978 46.45680 -2.50576 0.49412 0.50588 0.49804 1.00000
v 4.50427 46.37437 -2.56981 0.49412 0.50588 0.49804 1.00000
v 6.56414 46.22924 0.00859 0.49412 0.50588 0.49804 1.00000
v 6.61224 46.17591 0.00205 0.49412 0.50588 0.49804 1.00000
v 6.66997 46.22335 0.00306 0.49412 0.50588 0.49804 1.00000
v 6.61832 46.27786 0.00986 0.49412 0.50588 0.49804 1.00000
v 6.56414 46.22924 0.00859 0.49412 0.50588 0.49804 1.00000
v 6.38974 46.05677 2.32931 0.49412 0.50588 0.49804 1.00000
v 6.38974 46.05677 2.32931 0.49412 0.50588 0.49804 1.00000
v -5.60134 48.56170 6.61482 0.49412 0.50588 0.49804 1.00000
v -5.08651 49.08623 6.77474 0.49412 0.50588 0.49804 1.00000
v -5.06678 49.18145 7.01151 0.49412 0.50588 0.49804 1.00000
v -5.58510 48.72693 6.91943 0.49412 0.50588 0.49804 1.00000
v -5.41837 48.42149 6.71949 0.49412 0.50588 0.49804 1.00000
v -4.93766 48.96955 6.85920 0.49412 0.50588 0.49804 1.00000
v -5.08651 49.08623 6.77474 0.49412 0.50588 0.49804 1.00000
v -5.60134 48.56170 6.61482 0.49412 0.50588 0.49804 1.00000
v -4.61004 49.56691 6.92233 0.49412 0.50588 0.49804 1.00000
v -4.58279 49.60506 7.09589 0.49412 0.50588 0.49804 1.00000
v -4.49105 49.47507 6.97908 0.49412 0.50588 0.49804 1.00000
v -4.61004 49.56691 6.92233 0.49412 0.50588 0.49804 1.00000
v -3.77398 50.39840 7.16068 0.49412 0.50588 0.49804 1.00000
v -3.74010 50.37625 7.26322 0.49412 0.50588 0.49804 1.00000
v -3.68647 50.33625 7.17761 0.49412 0.50588 0.49804 1.00000
v -3.77398 50.39840 7.16068 0.49412 0.50588 0.49804 1.00000
v -0.98285 54.26683 8.52975 0.49412 0.50588 0.49804 1.00000
v -0.98285 54.26683 8.52975 0.49412 0.50588 0.49804 1.00000
v -7.52328 51.64019 10.12534 0.49412 0.50588 0.49804 1.00000
v -7.79725 52.07198 10.17824 0.49412 0.50588 0.49804 1.00000
v -7.80667 52.18202 10.27942 0.49412 0.50588 0.49804 1.00000
v -7.53852 51.79908 10.24870 0.49412 0.50588 0.49804 1.00000
v -7.41927 51.65174 10.19682 0.49412 0.50588 0.49804 1.00000
v -7.70623 52.08299 10.23688 0.49412 0.50588 0.49804 1.00000
v -7.79725 52.07198 10.17824 0.49412 0.50588 0.49804 1.00000
v -7.52328 51.64019 10.12534 0.49412 0.50588 0.49804 1.00000
v -8.04504 52.47018 10.22314 0.49412 0.50588 0.49804 1.00000
v -8.05327 52.53973 10.30454 0.49412 0.50588 0.49804 1.00000
v -7.96828 52.47968 10.26894 0.49412 0.50588 0.49804 1.00000
v -8.04504 52.47018 10.22314 0.49412 0.50588 0.49804 1.00000
v -8.47624 53.15268 10.29068 0.49412 0.50588 0.49804 1.00000
v -8.48310 53.17626 10.35063 0.49412 0.50588 0.49804 1.00000
v -8.41981 53.16309 10.32176 0.49412 0.50588 0.49804 1.00000
v -8.47624 53.15268 10.29068 0.49412 0.50588 0.49804 1.00000
v -10.02611 57.22873 9.56109 0.49412 0.50588 0.49804 1.00000
v -10.02611 57.22873 9.56109 0.49412 0.50588 0.49804 1.00000
v -6.10650 49.43572 7.95609 0.49412 0.50588 0.49804 1.00000
v -6.58410 49.74507 8.18310 0.49412 0.50588 0.49804 1.00000
v -6.62826 49.93832 8.29221 0.49412 0.50588 0.49804 1.00000
v -6.18043 49.70832 8.07706 0.49412 0.50588 0.49804 1.00000
v -5.97288 49.55920 7.85135 0.49412 0.50588 0.49804 1.00000
v -6.46833 49.85167 8.11673 0.49412 0.50588 0.49804 1.00000
v -6.58410 49.74507 8.18310 0.49412 0.50588 0.49804 1.00000
v -6.10650 49.43572 7.95609 0.49412 0.50588 0.49804 1.00000
v -7.02276 50.03239 8.38390 0.49412 0.50588 0.49804 1.00000
v -7.04937 50.15278 8.48636 0.49412 0.50588 0.49804 1.00000
v -6.92477 50.11776 8.35378 0.49412 0.50588 0.49804 1.00000
v -7.02276 50.03239 8.38390 0.49412 0.50588 0.49804 1.00000
v -7.78243 50.51229 8.73416 0.49412 0.50588 0.49804 1.00000
v -7.79349 50.54973 8.83047 0.49412 0.50588 0.49804 1.00000
v -7.71178 50.57244 8.74764 0.49412 0.50588 0.49804 1.00000
v -7.78243 50.51229 8.73416 0.49412 0.50588 0.49804 1.00000
v -11.03335 54.04471 8.99112 0.49412 0.50588 0.49804 1.00000
v -11.03335 54.04471 8.99112 0.49412 0.50588 0.49804 1.00000
v -5.81143 49.15606 7.58386 0.49412 0.50588 0.49804 1.00000
v -6.43612 49.20482 7.89798 0.49412 0.50588 0.49804 1.00000
v -6.56408 49.37449 7.99598 0.49412 0.50588 0.49804 1.00000
v -6.00063 49.40328 7.70041 0.49412 0.50588 0.49804 1.00000
v -5.83632 49.28651 7.41559 0.49412 0.50588 0.49804 1.00000
v -6.44593 49.31707 7.78695 0.49412 0.50588 0.49804 1.00000
v -6.43612 49.20482 7.89798 0.49412 0.50588 0.49804 1.00000
v -5.81143 49.15606 7.58386 0.49412 0.50588 0.49804 1.00000
v -7.01388 49.24939 8.17764 0.49412 0.50588 0.49804 1.00000
v -7.09218 49.34190 8.26752 0.49412 0.50588 0.49804 1.00000
v -7.00564 49.34006 8.12703 0.49412 0.50588 0.49804 1.00000
v -7.01388 49.24939 8.17764 0.49412 0.50588 0.49804 1.00000
v -8.00658 49.30505 8.66827 0.49412 0.50588 0.49804 1.00000
v -8.03246 49.30756 8.75574 0.49412 0.50588 0.49804 1.00000
v -7.98059 49.36737 8.69481 0.49412 0.50588 0.49804 1.00000
v -8.00658 49.30505 8.66827 0.49412 0.50588 0.49804 1.00000
v -12.24356 49.50088 7.95391 0.49412 0.50588 0.49804 1.00000
v -12.24356 49.50088 7.95391 0.49412 0.50588 0.49804 1.00000
v 6.50448 54.20904 4.31817 0.49412 0.50588 0.49804 1.00000
v 6.49390 54.56363 3.97039 0.49412 0.50588 0.49804 1.00000
v 6.60005 54.63515 3.95699 0.49412 0.50588 0.49804 1.00000
v 6.63788 54.31834 4.30268 0.49412 0.50588 0.49804 1.00000
v 6.57987 54.15501 4.25821 0.49412 0.50588 0.49804 1.00000
v 6.55448 54.51504 3.91828 0.49412 0.50588 0.49804 1.00000
v 6.49390 54.56363 3.97039 0.49412 0.50588 0.49804 1.00000
v 6.50448 54.20904 4.31817 0.49412 0.50588 0.49804 1.00000
v 6.48369 54.88839 3.64850 0.49412 0.50588 0.49804 1.00000
v 6.56458 54.92897 3.63539 0.49412 0.50588 0.49804 1.00000
v 6.52757 54.84562 3.60453 0.49412 0.50588 0.49804 1.00000
v 6.48369 54.88839 3.64850 0.49412 0.50588 0.49804 1.00000
v 6.45532 55.44787 3.08596 0.49412 0.50588 0.49804 1.00000
v 6.50877 55.45643 3.07385 0.49412 0.50588 0.49804 1.00000
v 6.47787 55.41207 3.05198 0.49412 0.50588 0.49804 1.00000
v 6.45532 55.44787 3.08596 0.49412 0.50588 0.49804 1.00000
v 6.43069 59.01078 0.47188 0.49412 0.50588 0.49804 1.00000
v 6.43069 59.01078 0.47188 0.49412 0.50588 0.49804 1.00000
v 5.40827 52.64425 3.83580 0.49412 0.50588 0.49804 1.00000
v 5.54453 53.20052 4.02459 0.49412 0.50588 0.49804 1.00000
v 5.64453 53.35443 3.97940 0.49412 0.50588 0.49804 1.00000
v 5.52268 52.86145 3.78413 0.49412 0.50588 0.49804 1.00000
v 5.39303 52.64893 3.66751 0.49412 0.50588 0.49804 1.00000
v 5.53857 53.20773 3.88336 0.49412 0.50588 0.49804 1.00000
v 5.54453 53.20052 4.02459 0.49412 0.50588 0.49804 1.00000
v 5.40827 52.64425 3.83580 0.49412 0.50588 0.49804 1.00000
v 5.66475 53.71252 4.19480 0.49412 0.50588 0.49804 1.00000
v 5.75232 53.81487 4.16043 0.49412 0.50588 0.49804 1.00000
v 5.66510 53.72020 4.08216 0.49412 0.50588 0.49804 1.00000
v 5.66475 53.71252 4.19480 0.49412 0.50588 0.49804 1.00000
v 5.86966 54.59048 4.49646 0.49412 0.50588 0.49804 1.00000
v 5.94236 54.63465 4.47551 0.49412 0.50588 0.49804 1.00000
v 5.87566 54.60127 4.42045 0.49412 0.50588 0.49804 1.00000
v 5.86966 54.59048 4.49646 0.49412 0.50588 0.49804 1.00000
v 6.32359 59.03148 5.48641 0.49412 0.50588 0.49804 1.00000
v 6.32359 59.03148 5.48641 0.49412 0.50588 0.49804 1.00000
v 3.89257 50.72573 3.29448 0.49412 0.50588 0.49804 1.00000
v 4.08925 51.17533 3.82813 0.49412 0.50588 0.49804 1.00000
v 4.16811 51.40089 3.83802 0.49412 0.50588 0.49804 1.00000
v 3.97566 51.04138 3.32433 0.49412 0.50588 0.49804 1.00000
v 3.74616 50.82331 3.16802 0.49412 0.50588 0.49804 1.00000
v 3.98678 51.26075 3.71328 0.49412 0.50588 0.49804 1.00000
v 4.08925 51.17533 3.82813 0.49412 0.50588 0.49804 1.00000
v 3.89257 50.72573 3.29448 0.49412 0.50588 0.49804 1.00000
v 4.26080 51.58957 4.31943 0.49412 0.50588 0.49804 1.00000
v 4.34166 51.73431 4.32038 0.49412 0.50588 0.49804 1.00000
v 4.20285 51.65876 4.21693 0.49412 0.50588 0.49804 1.00000
v 4.26080 51.58957 4.31943 0.49412 0.50588 0.49804 1.00000
v 4.56261 52.28886 5.17473 0.49412 0.50588 0.49804 1.00000
v 4.64909 52.34249 5.16878 0.49412 0.50588 0.49804 1.00000
v 4.55924 52.33888 5.09224 0.49412 0.50588 0.49804 1.00000
v 4.56261 52.28886 5.17473 0.49412 0.50588 0.49804 1.00000
v 3.83147 55.41763 8.45711 0.49412 0.50588 0.49804 1.00000
v 3.83147 55.41763 8.45711 0.49412 0.50588 0.49804 1.00000
v 4.78688 51.85895 3.47656 0.49412 0.50588 0.49804 1.00000
v 5.19876 52.04639 3.85150 0.49412 0.50588 0.49804 1.00000
v 5.26978 52.21889 3.92904 0.49412 0.50588 0.49804 1.00000
v 4.86775 52.10219 3.60261 0.49412 0.50588 0.49804 1.00000
v 4.62356 51.93900 3.52097 0.49412 0.50588 0.49804 1.00000
v 5.08027 52.12215 3.87079 0.49412 0.50588 0.49804 1.00000
v 5.19876 52.04639 3.85150 0.49412 0.50588 0.49804 1.00000
v 4.78688 51.85895 3.47656 0.49412 0.50588 0.49804 1.00000
v 5.57090 52.21721 4.20200 0.49412 0.50588 0.49804 1.00000
v 5.64281 52.32228 4.23826 0.49412 0.50588 0.49804 1.00000
v 5.49860 52.28539 4.19334 0.49412 0.50588 0.49804 1.00000
v 5.57090 52.21721 4.20200 0.49412 0.50588 0.49804 1.00000
v 6.22225 52.49637 4.79934 0.49412 0.50588 0.49804 1.00000
v 6.30106 52.52407 4.79052 0.49412 0.50588 0.49804 1.00000
v 6.21111 52.55471 4.76008 0.49412 0.50588 0.49804 1.00000
v 6.22225 52.49637 4.79934 0.49412 0.50588 0.49804 1.00000
v 6.76105 53.59776 8.76276 0.49412 0.50588 0.49804 1.00000
v 6.76105 53.59776 8.76276 0.49412 0.50588 0.49804 1.00000
v -7.12136 48.64450 -0.46767 0.49412 0.50588 0.49804 1.00000
v -7.27440 48.98780 -0.07042 0.49412 0.50588 0.49804 1.00000
v -7.46759 49.16483 -0.08077 0.49412 0.50588 0.49804 1.00000
v -7.36512 48.90545 -0.48348 0.49412 0.50588 0.49804 1.00000
v -7.47386 48.71973 -0.41798 0.49412 0.50588 0.49804 1.00000
v -7.54939 49.01818 -0.00936 0.49412 0.50588 0.49804 1.00000
v -7.33945 48.87123 0.04382 0.49412 0.50588 0.49804 1.00000
v -7.20162 48.51020 -0.33072 0.49412 0.50588 0.49804 1.00000
v -7.12136 48.64450 -0.46767 0.49412 0.50588 0.49804 1.00000
v -7.27440 48.98780 -0.07042 0.49412 0.50588 0.49804 1.00000
v -7.41034 49.30063 0.29957 0.49412 0.50588 0.49804 1.00000
v -7.56180 49.40738 0.29704 0.49412 0.50588 0.49804 1.00000
v -7.61399 49.29535 0.36939 0.49412 0.50588 0.49804 1.00000
v -7.45443 49.20279 0.39387 0.49412 0.50588 0.49804 1.00000
v -7.41034 49.30063 0.29957 0.49412 0.50588 0.49804 1.00000
v -7.62143 49.83338 0.95811 0.49412 0.50588 0.49804 1.00000
v -7.73047 49.86507 0.95933 0.49412 0.50588 0.49804 1.00000
v -7.74476 49.78730 1.02550 0.49412 0.50588 0.49804 1.00000
v -7.63481 49.75654 1.02929 0.49412 0.50588 0.49804 1.00000
v -7.62143 49.83338 0.95811 0.49412 0.50588 0.49804 1.00000
v -8.03485 52.49852 3.27100 0.49412 0.50588 0.49804 1.00000
v -8.09907 52.48396 3.29396 0.49412 0.50588 0.49804 1.00000
v -8.07398 52.45275 3.35413 0.49412 0.50588 0.49804 1.00000
v -8.00753 52.46873 3.32866 0.49412 0.50588 0.49804 1.00000
v -8.03485 52.49852 3.27100 0.49412 0.50588 0.49804 1.00000
v -8.67572 54.29679 4.78410 0.49412 0.50588 0.49804 1.00000
v -8.67572 54.29679 4.78410 0.49412 0.50588 0.49804 1.00000
v -9.33917 51.81767 -1.46466 0.49412 0.50588 0.49804 1.00000
v -8.92137 52.31497 -1.34633 0.49412 0.50588 0.49804 1.00000
v -9.01576 52.47955 -1.30677 0.49412 0.50588 0.49804 1.00000
v -9.45342 52.04329 -1.42210 0.49412 0.50588 0.49804 1.00000
v -9.35840 51.82122 -1.29702 0.49412 0.50588 0.49804 1.00000
v -8.94282 52.31825 -1.20600 0.49412 0.50588 0.49804 1.00000
v -8.92137 52.31497 -1.34633 0.49412 0.50588 0.49804 1.00000
v -9.33917 51.81767 -1.46466 0.49412 0.50588 0.49804 1.00000
v -8.53429 52.77142 -1.23449 0.49412 0.50588 0.49804 1.00000
v -8.60860 52.88514 -1.20052 0.49412 0.50588 0.49804 1.00000
v -8.55560 52.77424 -1.12344 0.49412 0.50588 0.49804 1.00000
v -8.53429 52.77142 -1.23449 0.49412 0.50588 0.49804 1.00000
v -7.84757 53.55634 -1.04237 0.49412 0.50588 0.49804 1.00000
v -7.90102 53.61721 -1.01816 0.49412 0.50588 0.49804 1.00000
v -7.86767 53.55708 -0.96777 0.49412 0.50588 0.49804 1.00000
v -7.84757 53.55634 -1.04237 0.49412 0.50588 0.49804 1.00000
v -4.85224 56.64550 -0.07464 0.49412 0.50588 0.49804 1.00000
v -4.85224 56.64550 -0.07464 0.49412 0.50588 0.49804 1.00000
v -10.98737 54.15281 -1.50309 0.49412 0.50588 0.49804 1.00000
v -11.23159 54.46860 -1.77439 0.49412 0.50588 0.49804 1.00000
v -11.25094 54.56344 -1.76992 0.49412 0.50588 0.49804 1.00000
v -11.00654 54.28389 -1.51001 0.49412 0.50588 0.49804 1.00000
v -10.90511 54.18116 -1.47262 0.49412 0.50588 0.49804 1.00000
v -11.16838 54.49643 -1.74269 0.49412 0.50588 0.49804 1.00000
v -11.23159 54.46860 -1.77439 0.49412 0.50588 0.49804 1.00000
v -10.98737 54.15281 -1.50309 0.49412 0.50588 0.49804 1.00000
v -11.45302 54.75930 -2.02518 0.49412 0.50588 0.49804 1.00000
v -11.47571 54.82195 -2.01330 0.49412 0.50588 0.49804 1.00000
v -11.40848 54.78452 -1.99258 0.49412 0.50588 0.49804 1.00000
v -11.45302 54.75930 -2.02518 0.49412 0.50588 0.49804 1.00000
v -11.84042 55.25640 -2.45869 0.49412 0.50588 0.49804 1.00000
v -11.86771 55.28244 -2.43949 0.49412 0.50588 0.49804 1.00000
v -11.81906 55.27860 -2.42719 0.49412 0.50588 0.49804 1.00000
v -11.84042 55.25640 -2.45869 0.49412 0.50588 0.49804 1.00000
v -11.97010 57.85944 -5.55716 0.49412 0.50588 0.49804 1.00000
v -11.97010 57.85944 -5.55716 0.49412 0.50588 0.49804 1.00000
v -8.81744 50.90197 -1.01010 0.49412 0.50588 0.49804 1.00000
v -8.63283 51.11649 -1.53456 0.49412 0.50588 0.49804 1.00000
v -8.66137 51.29872 -1.63506 0.49412 0.50588 0.49804 1.00000
v -8.84851 51.13518 -1.14594 0.49412 0.50588 0.49804 1.00000
v -8.60561 50.93425 -1.04332 0.49412 0.50588 0.49804 1.00000
v -8.47792 51.16928 -1.55567 0.49412 0.50588 0.49804 1.00000
v -8.63283 51.11649 -1.53456 0.49412 0.50588 0.49804 1.00000
v -8.81744 50.90197 -1.01010 0.49412 0.50588 0.49804 1.00000
v -8.45930 51.31158 -2.01690 0.49412 0.50588 0.49804 1.00000
v -8.49089 51.44613 -2.09399 0.49412 0.50588 0.49804 1.00000
v -8.35999 51.38023 -2.03051 0.49412 0.50588 0.49804 1.00000
v -8.45930 51.31158 -2.01690 0.49412 0.50588 0.49804 1.00000
v -8.15934 51.64598 -2.85563 0.49412 0.50588 0.49804 1.00000
v -8.20249 51.72490 -2.90916 0.49412 0.50588 0.49804 1.00000
v -8.12629 51.72584 -2.85761 0.49412 0.50588 0.49804 1.00000
v -8.15934 51.64598 -2.85563 0.49412 0.50588 0.49804 1.00000
v -5.01900 51.42928 -6.00877 0.49412 0.50588 0.49804 1.00000
v -5.01900 51.42928 -6.00877 0.49412 0.50588 0.49804 1.00000
v 5.25636 57.04628 -0.83697 0.49412 0.50588 0.49804 1.00000
v 4.99761 57.32974 -1.12126 0.49412 0.50588 0.49804 1.00000
v 5.05390 57.41480 -1.20836 0.49412 0.50588 0.49804 1.00000
v 5.32556 57.17468 -0.94210 0.49412 0.50588 0.49804 1.00000
v 5.25835 56.98682 -0.94544 0.49412 0.50588 0.49804 1.00000
v 4.99799 57.27794 -1.21093 0.49412 0.50588 0.49804 1.00000
v 4.99761 57.32974 -1.12126 0.49412 0.50588 0.49804 1.00000
v 5.25636 57.04628 -0.83697 0.49412 0.50588 0.49804 1.00000
v 4.75845 57.58926 -1.38381 0.49412 0.50588 0.49804 1.00000
v 4.80039 57.63784 -1.45535 0.49412 0.50588 0.49804 1.00000
v 4.75385 57.54479 -1.45345 0.49412 0.50588 0.49804 1.00000
v 4.75845 57.58926 -1.38381 0.49412 0.50588 0.49804 1.00000
v 4.33398 58.03439 -1.83704 0.49412 0.50588 0.49804 1.00000
v 4.36001 58.04458 -1.89045 0.49412 0.50588 0.49804 1.00000
v 4.32115 57.99729 -1.88122 0.49412 0.50588 0.49804 1.00000
v 4.33398 58.03439 -1.83704 0.49412 0.50588 0.49804 1.00000
v 2.42152 61.17998 -3.78935 0.49412 0.50588 0.49804 1.00000
v 2.42152 61.17998 -3.78935 0.49412 0.50588 0.49804 1.00000
v 2.91326 53.47589 -0.28489 0.49412 0.50588 0.49804 1.00000
v 2.55313 54.07444 -0.25541 0.49412 0.50588 0.49804 1.00000
v 2.62503 54.29012 -0.37618 0.49412 0.50588 0.49804 1.00000
v 3.00721 53.77340 -0.42458 0.49412 0.50588 0.49804 1.00000
v 2.82588 53.48617 -0.48262 0.49412 0.50588 0.49804 1.00000
v 2.48019 54.08012 -0.42322 0.49412 0.50588 0.49804 1.00000
v 2.55313 54.07444 -0.25541 0.49412 0.50588 0.49804 1.00000
v 2.91326 53.47589 -0.28489 0.49412 0.50588 0.49804 1.00000
v 2.21612 54.62252 -0.22777 0.49412 0.50588 0.49804 1.00000
v 2.26789 54.77132 -0.32806 0.49412 0.50588 0.49804 1.00000
v 2.15840 54.62468 -0.36273 0.49412 0.50588 0.49804 1.00000
v 2.21612 54.62252 -0.22777 0.49412 0.50588 0.49804 1.00000
v 1.61550 55.56512 -0.16710 0.49412 0.50588 0.49804 1.00000
v 1.65084 55.64190 -0.24259 0.49412 0.50588 0.49804 1.00000
v 1.57945 55.55938 -0.26121 0.49412 0.50588 0.49804 1.00000
v 1.61550 55.56512 -0.16710 0.49412 0.50588 0.49804 1.00000
v -1.10607 59.35410 0.33084 0.49412 0.50588 0.49804 1.00000
v -1.10607 59.35410 0.33084 0.49412 0.50588 0.49804 1.00000
v 5.23578 56.89749 -0.91678 0.49412 0.50588 0.49804 1.00000
v 5.56642 57.15562 -0.70802 0.49412 0.50588 0.49804 1.00000
v 5.58532 57.28762 -0.72140 0.49412 0.50588 0.49804 1.00000
v 5.25647 57.08002 -0.91612 0.49412 0.50588 0.49804 1.00000
v 5.10977 56.93061 -0.91531 0.49412 0.50588 0.49804 1.00000
v 5.46657 57.19076 -0.71892 0.49412 0.50588 0.49804 1.00000
v 5.56642 57.15562 -0.70802 0.49412 0.50588 0.49804 1.00000
v 5.23578 56.89749 -0.91678 0.49412 0.50588 0.49804 1.00000
v 5.86686 57.39353 -0.51268 0.49412 0.50588 0.49804 1.00000
v 5.88931 57.47992 -0.53663 0.49412 0.50588 0.49804 1.00000
v 5.79231 57.42767 -0.53519 0.49412 0.50588 0.49804 1.00000
v 5.86686 57.39353 -0.51268 0.49412 0.50588 0.49804 1.00000
v 6.39181 57.79574 -0.17690 0.49412 0.50588 0.49804 1.00000
v 6.42110 57.83178 -0.21134 0.49412 0.50588 0.49804 1.00000
v 6.35057 57.82902 -0.20958 0.49412 0.50588 0.49804 1.00000
v 6.39181 57.79574 -0.17690 0.49412 0.50588 0.49804 1.00000
v 7.84770 60.24832 2.62014 0.49412 0.50588 0.49804 1.00000
v 7.84770 60.24832 2.62014 0.49412 0.50588 0.49804 1.00000
v 3.20572 53.96577 -0.55759 0.49412 0.50588 0.49804 1.00000
v 3.37020 54.18258 -0.03385 0.49412 0.50588 0.49804 1.00000
v 3.45988 54.38405 0.03190 0.49412 0.50588 0.49804 1.00000
v 3.32021 54.22563 -0.46446 0.49412 0.50588 0.49804 1.00000
v 3.04997 54.00875 -0.40033 0.49412 0.50588 0.49804 1.00000
v 3.25339 54.24446 0.07896 0.49412 0.50588 0.49804 1.00000
v 3.37020 54.18258 -0.03385 0.49412 0.50588 0.49804 1.00000
v 3.20572 53.96577 -0.55759 0.49412 0.50588 0.49804 1.00000
v 3.51811 54.37899 0.45065 0.49412 0.50588 0.49804 1.00000
v 3.59558 54.52649 0.49526 0.49412 0.50588 0.49804 1.00000
v 3.44291 54.45560 0.52304 0.49412 0.50588 0.49804 1.00000
v 3.51811 54.37899 0.45065 0.49412 0.50588 0.49804 1.00000
v 3.77705 54.71331 1.29355 0.49412 0.50588 0.49804 1.00000
v 3.84959 54.79852 1.31100 0.49412 0.50588 0.49804 1.00000
v 3.75054 54.80000 1.31465 0.49412 0.50588 0.49804 1.00000
v 3.77705 54.71331 1.29355 0.49412 0.50588 0.49804 1.00000
v 3.18713 54.37342 5.64459 0.49412 0.50588 0.49804 1.00000
v 3.18713 54.37342 5.64459 0.49412 0.50588 0.49804 1.00000
v -10.60575 55.49433 6.02675 0.49412 0.50588 0.49804 1.00000
v -10.27240 55.79945 6.14990 0.49412 0.50588 0.49804 1.00000
v -10.29594 55.87080 6.24333 0.49412 0.50588 0.49804 1.00000
v -10.63583 55.60192 6.14061 0.49412 0.50588 0.49804 1.00000
v -10.56267 55.43538 6.11691 0.49412 0.50588 0.49804 1.00000
v -10.23766 55.74940 6.22436 0.49412 0.50588 0.49804 1.00000
v -10.27240 55.79945 6.14990 0.49412 0.50588 0.49804 1.00000
v -10.60575 55.49433 6.02675 0.49412 0.50588 0.49804 1.00000
v -9.96449 56.07922 6.26419 0.49412 0.50588 0.49804 1.00000
v -9.97975 56.12024 6.33866 0.49412 0.50588 0.49804 1.00000
v -9.93510 56.03743 6.32067 0.49412 0.50588 0.49804 1.00000
v -9.96449 56.07922 6.26419 0.49412 0.50588 0.49804 1.00000
v -9.42369 56.56122 6.45691 0.49412 0.50588 0.49804 1.00000
v -9.42941 56.57089 6.50997 0.49412 0.50588 0.49804 1.00000
v -9.39737 56.52871 6.49024 0.49412 0.50588 0.49804 1.00000
v -9.42369 56.56122 6.45691 0.49412 0.50588 0.49804 1.00000
v -7.16877 59.89261 7.41266 0.49412 0.50588 0.49804 1.00000
v -7.16877 59.89261 7.41266 0.49412 0.50588 0.49804 1.00000
v -8.91261 52.99310 5.04802 0.49412 0.50588 0.49804 1.00000
v -9.13803 53.50578 4.92340 0.49412 0.50588 0.49804 1.00000
v -9.20342 53.67491 5.03461 0.49412 0.50588 0.49804 1.00000
v -8.98368 53.23286 5.18224 0.49412 0.50588 0.49804 1.00000
v -8.78430 53.00278 5.18657 0.49412 0.50588 0.49804 1.00000
v -9.03967 53.51593 5.04788 0.49412 0.50588 0.49804 1.00000
v -9.13803 53.50578 4.92340 0.49412 0.50588 0.49804 1.00000
v -8.91261 52.99310 5.04802 0.49412 0.50588 0.49804 1.00000
v -9.33742 53.97866 4.80775 0.49412 0.50588 0.49804 1.00000
v -9.40297 54.08873 4.89373 0.49412 0.50588 0.49804 1.00000
v -9.26823 53.98687 4.91562 0.49412 0.50588 0.49804 1.00000
v -9.33742 53.97866 4.80775 0.49412 0.50588 0.49804 1.00000
v -9.68415 54.78733 4.59651 0.49412 0.50588 0.49804 1.00000
v -9.75208 54.83224 4.65289 0.49412 0.50588 0.49804 1.00000
v -9.65147 54.79766 4.68056 0.49412 0.50588 0.49804 1.00000
v -9.68415 54.78733 4.59651 0.49412 0.50588 0.49804 1.00000
v -10.28490 59.21348 3.49155 0.49412 0.50588 0.49804 1.00000
v -10.28490 59.21348 3.49155 0.49412 0.50588 0.49804 1.00000
v -10.27897 54.86806 5.86415 0.49412 0.50588 0.49804 1.00000
v -10.61788 55.30483 5.70467 0.49412 0.50588 0.49804 1.00000
v -10.64832 55.43800 5.72086 0.49412 0.50588 0.49804 1.00000
v -10.31040 55.05595 5.87453 0.49412 0.50588 0.49804 1.00000
v -10.15240 54.90847 5.81502 0.49412 0.50588 0.49804 1.00000
v -10.52546 55.34303 5.68307 0.49412 0.50588 0.49804 1.00000
v -10.61788 55.30483 5.70467 0.49412 0.50588 0.49804 1.00000
v -10.27897 54.86806 5.86415 0.49412 0.50588 0.49804 1.00000
v -10.92576 55.70721 5.55426 0.49412 0.50588 0.49804 1.00000
v -10.96312 55.79085 5.57338 0.49412 0.50588 0.49804 1.00000
v -10.86833 55.73944 5.55897 0.49412 0.50588 0.49804 1.00000
v -10.92576 55.70721 5.55426 0.49412 0.50588 0.49804 1.00000
v -11.46598 56.39618 5.29708 0.49412 0.50588 0.49804 1.00000
v -11.51527 56.42236 5.31846 0.49412 0.50588 0.49804 1.00000
v -11.45263 56.42065 5.33041 0.49412 0.50588 0.49804 1.00000
v -11.46598 56.39618 5.29708 0.49412 0.50588 0.49804 1.00000
v -12.23886 58.74105 2.81030 0.49412 0.50588 0.49804 1.00000
v -12.23886 58.74105 2.81030 0.49412 0.50588 0.49804 1.00000
v 1.61042 58.06646 -3.37896 0.49412 0.50588 0.49804 1.00000
v 1.39752 58.56824 -3.12482 0.49412 0.50588 0.49804 1.00000
v 1.35232 58.70549 -3.21344 0.49412 0.50588 0.49804 1.00000
v 1.56734 58.26293 -3.48482 0.49412 0.50588 0.49804 1.00000
v 1.44861 58.03833 -3.40946 0.49412 0.50588 0.49804 1.00000
v 1.26577 58.54461 -3.14997 0.49412 0.50588 0.49804 1.00000
v 1.39752 58.56824 -3.12482 0.49412 0.50588 0.49804 1.00000
v 1.61042 58.06646 -3.37896 0.49412 0.50588 0.49804 1.00000
v 1.19932 59.02903 -2.89093 0.49412 0.50588 0.49804 1.00000
v 1.15173 59.11650 -2.95982 0.49412 0.50588 0.49804 1.00000
v 1.09735 59.00815 -2.90531 0.49412 0.50588 0.49804 1.00000
v 1.19932 59.02903 -2.89093 0.49412 0.50588 0.49804 1.00000
v 0.85495 59.82233 -2.47485 0.49412 0.50588 0.49804 1.00000
v 0.80615 59.85637 -2.52065 0.49412 0.50588 0.49804 1.00000
v 0.78762 59.80289 -2.47147 0.49412 0.50588 0.49804 1.00000
v 0.85495 59.82233 -2.47485 0.49412 0.50588 0.49804 1.00000
v -0.22143 63.41856 -1.19761 0.49412 0.50588 0.49804 1.00000
v -0.22143 63.41856 -1.19761 0.49412 0.50588 0.49804 1.00000
v 2.32385 59.76094 -4.40682 0.49412 0.50588 0.49804 1.00000
v 2.66470 59.86560 -4.14055 0.49412 0.50588 0.49804 1.00000
v 2.68770 59.96724 -4.14609 0.49412 0.50588 0.49804 1.00000
v 2.36359 59.89268 -4.41589 0.49412 0.50588 0.49804 1.00000
v 2.27595 59.80123 -4.34108 0.49412 0.50588 0.49804 1.00000
v 2.62315 59.90105 -4.08560 0.49412 0.50588 0.49804 1.00000
v 2.66470 59.86560 -4.14055 0.49412 0.50588 0.49804 1.00000
v 2.32385 59.76094 -4.40682 0.49412 0.50588 0.49804 1.00000
v 2.97789 59.96124 -3.89367 0.49412 0.50588 0.49804 1.00000
v 2.98868 60.03617 -3.89613 0.49412 0.50588 0.49804 1.00000
v 2.94370 59.99053 -3.84942 0.49412 0.50588 0.49804 1.00000
v 2.97789 59.96124 -3.89367 0.49412 0.50588 0.49804 1.00000
v 3.52297 60.11938 -3.46143 0.49412 0.50588 0.49804 1.00000
v 3.52230 60.16593 -3.46190 0.49412 0.50588 0.49804 1.00000
v 3.49793 60.14009 -3.42995 0.49412 0.50588 0.49804 1.00000
v 3.52297 60.11938 -3.46143 0.49412 0.50588 0.49804 1.00000
v 6.12073 61.42605 -0.78846 0.49412 0.50588 0.49804 1.00000
v 6.12073 61.42605 -0.78846 0.49412 0.50588 0.49804 1.00000
v 0.39964 55.17132 -1.54035 0.49412 0.50588 0.49804 1.00000
v 0.76175 55.07310 -2.06159 0.49412 0.50588 0.49804 1.00000
v 0.93165 55.26069 -2.15995 0.49412 0.50588 0.49804 1.00000
v 0.63901 55.41164 -1.68029 0.49412 0.50588 0.49804 1.00000
v 0.59511 55.16808 -1.42075 0.49412 0.50588 0.49804 1.00000
v 0.92237 55.08290 -1.96383 0.49412 0.50588 0.49804 1.00000
v 0.76175 55.07310 -2.06159 0.49412 0.50588 0.49804 1.00000
v 0.39964 55.17132 -1.54035 0.49412 0.50588 0.49804 1.00000
v 1.09714 54.97444 -2.53846 0.49412 0.50588 0.49804 1.00000
v 1.20275 55.11689 -2.60953 0.49412 0.50588 0.49804 1.00000
v 1.22012 55.00080 -2.46509 0.49412 0.50588 0.49804 1.00000
v 1.09714 54.97444 -2.53846 0.49412 0.50588 0.49804 1.00000
v 1.66485 54.78466 -3.37231 0.49412 0.50588 0.49804 1.00000
v 1.69517 54.88345 -3.41718 0.49412 0.50588 0.49804 1.00000
v 1.73979 54.83429 -3.32786 0.49412 0.50588 0.49804 1.00000
v 1.66485 54.78466 -3.37231 0.49412 0.50588 0.49804 1.00000
v 4.83191 53.24713 -6.72449 0.49412 0.50588 0.49804 1.00000
v 4.83191 53.24713 -6.72449 0.49412 0.50588 0.49804 1.00000
v 0.42873 54.84158 -1.16355 0.49412 0.50588 0.49804 1.00000
v 0.00444 54.89117 -1.72084 0.49412 0.50588 0.49804 1.00000
v 0.05935 55.03442 -1.93129 0.49412 0.50588 0.49804 1.00000
v 0.50670 55.02197 -1.45781 0.49412 0.50588 0.49804 1.00000
v 0.47255 54.65184 -1.31855 0.49412 0.50588 0.49804 1.00000
v 0.05359 54.76837 -1.85378 0.49412 0.50588 0.49804 1.00000
v 0.00444 54.89117 -1.72084 0.49412 0.50588 0.49804 1.00000
v 0.42873 54.84158 -1.16355 0.49412 0.50588 0.49804 1.00000
v -0.38698 54.92957 -2.23494 0.49412 0.50588 0.49804 1.00000
v -0.36279 55.04764 -2.36902 0.49412 0.50588 0.49804 1.00000
v -0.33855 54.87556 -2.34417 0.49412 0.50588 0.49804 1.00000
v -0.38698 54.92957 -2.23494 0.49412 0.50588 0.49804 1.00000
v -1.08290 54.99572 -3.11774 0.49412 0.50588 0.49804 1.00000
v -1.09748 55.09533 -3.16418 0.49412 0.50588 0.49804 1.00000
v -1.03864 55.02371 -3.19464 0.49412 0.50588 0.49804 1.00000
v -1.08290 54.99572 -3.11774 0.49412 0.50588 0.49804 1.00000
v -4.58849 53.46074 -5.34520 0.49412 0.50588 0.49804 1.00000
v -4.58849 53.46074 -5.34520 0.49412 0.50588 0.49804 1.00000
v -0.84072 16.60366 22.01669 0.49412 0.50588 0.49804 1.00000
v -0.84072 16.60366 22.01669 0.49412 0.50588 0.49804 1.00000
v -0.84072 16.60366 22.01669 0.49412 0.50588 0.49804 1.00000
v 0.28569 18.31740 18.23181 0.49412 0.50588 0.49804 1.00000
v 0.32446 18.26429 18.27432 0.49412 0.50588 0.49804 1.00000
v 0.35416 18.32075 18.32446 0.49412 0.50588 0.49804 1.00000
v 0.31294 18.37482 18.27883 0.49412 0.50588 0.49804 1.00000
v 0.28569 18.31740 18.23181 0.49412 0.50588 0.49804 1.00000
v -1.38633 18.92581 20.30671 0.49412 0.50588 0.49804 1.00000
v -1.38633 18.92581 20.30671 0.49412 0.50588 0.49804 1.00000
v -4.49356 17.82520 16.40105 0.49412 0.50588 0.49804 1.00000
v -4.49356 17.82520 16.40105 0.49412 0.50588 0.49804 1.00000
v -4.49356 17.82520 16.40105 0.49412 0.50588 0.49804 1.00000
v 0.07835 16.80918 12.24697 0.49412 0.50588 0.49804 1.00000
v 0.08485 16.71608 12.25790 0.49412 0.50588 0.49804 1.00000
v 0.05770 16.72924 12.34631 0.49412 0.50588 0.49804 1.00000
v 0.05241 16.81766 12.33290 0.49412 0.50588 0.49804 1.00000
v 0.07835 16.80918 12.24697 0.49412 0.50588 0.49804 1.00000
v -2.91623 17.59237 12.42886 0.49412 0.50588 0.49804 1.00000
v -2.91623 17.59237 12.42886 0.49412 0.50588 0.49804 1.00000
v 1.66884 14.90992 11.59412 0.49412 0.50588 0.49804 1.00000
v 1.69547 14.83164 11.57530 0.49412 0.50588 0.49804 1.00000
v 1.63993 14.79474 11.63253 0.49412 0.50588 0.49804 1.00000
v 1.61349 14.87739 11.65077 0.49412 0.50588 0.49804 1.00000
v 1.66884 14.90992 11.59412 0.49412 0.50588 0.49804 1.00000
v -0.63819 15.96280 10.46268 0.49412 0.50588 0.49804 1.00000
v -0.63819 15.96280 10.46268 0.49412 0.50588 0.49804 1.00000
v 14.54912 25.15178 2.23184 0.49412 0.50588 0.49804 1.00000
v 14.57546 25.05803 2.21288 0.49412 0.50588 0.49804 1.00000
v 14.59845 25.03926 2.11879 0.49412 0.50588 0.49804 1.00000
v 14.59509 25.10688 2.05277 0.49412 0.50588 0.49804 1.00000
v 14.56987 25.19461 2.07348 0.49412 0.50588 0.49804 1.00000
v 14.54666 25.21853 2.16233 0.49412 0.50588 0.49804 1.00000
v 14.54912 25.15178 2.23184 0.49412 0.50588 0.49804 1.00000
v 17.31161 25.87470 2.80461 0.49412 0.50588 0.49804 1.00000
v 17.33938 25.81475 2.76649 0.49412 0.50588 0.49804 1.00000
v 17.35854 25.81712 2.69265 0.49412 0.50588 0.49804 1.00000
v 17.34958 25.88411 2.65313 0.49412 0.50588 0.49804 1.00000
v 17.32168 25.94246 2.69347 0.49412 0.50588 0.49804 1.00000
v 17.30166 25.94304 2.76732 0.49412 0.50588 0.49804 1.00000
v 17.31161 25.87470 2.80461 0.49412 0.50588 0.49804 1.00000
v 19.63995 26.75195 2.73616 0.49412 0.50588 0.49804 1.00000
v 19.63995 26.75195 2.73616 0.49412 0.50588 0.49804 1.00000
v 19.63995 26.75195 2.73616 0.49412 0.50588 0.49804 1.00000
v 15.42226 24.27788 5.21061 0.49412 0.50588 0.49804 1.00000
v 15.46810 24.19417 5.16712 0.49412 0.50588 0.49804 1.00000
v 15.50469 24.21619 5.06709 0.49412 0.50588 0.49804 1.00000
v 15.47660 24.32145 5.05406 0.49412 0.50588 0.49804 1.00000
v 15.42694 24.35789 5.14105 0.49412 0.50588 0.49804 1.00000
v 15.42226 24.27788 5.21061 0.49412 0.50588 0.49804 1.00000
v 17.44572 25.15934 6.50893 0.49412 0.50588 0.49804 1.00000
v 17.49684 25.09725 6.47735 0.49412 0.50588 0.49804 1.00000
v 17.54031 25.13061 6.41080 0.49412 0.50588 0.49804 1.00000
v 17.51399 25.20817 6.40604 0.49412 0.50588 0.49804 1.00000
v 17.45880 25.22878 6.46153 0.49412 0.50588 0.49804 1.00000
v 17.44572 25.15934 6.50893 0.49412 0.50588 0.49804 1.00000
v 19.25082 26.41493 7.66511 0.49412 0.50588 0.49804 1.00000
v 19.25082 26.41493 7.66511 0.49412 0.50588 0.49804 1.00000
v 19.25082 26.41493 7.66511 0.49412 0.50588 0.49804 1.00000
v 13.14156 24.35524 6.50979 0.49412 0.50588 0.49804 1.00000
v 13.22044 24.27688 6.48577 0.49412 0.50588 0.49804 1.00000
v 13.30329 24.33557 6.43592 0.49412 0.50588 0.49804 1.00000
v 13.27493 24.44013 6.43122 0.49412 0.50588 0.49804 1.00000
v 13.17789 24.45268 6.47541 0.49412 0.50588 0.49804 1.00000
v 13.14156 24.35524 6.50979 0.49412 0.50588 0.49804 1.00000
v 14.27013 25.35755 8.86146 0.49412 0.50588 0.49804 1.00000
v 14.33138 25.29534 8.86691 0.49412 0.50588 0.49804 1.00000
v 14.40351 25.31904 8.82336 0.49412 0.50588 0.49804 1.00000
v 14.38801 25.40021 8.78825 0.49412 0.50588 0.49804 1.00000
v 14.30669 25.41963 8.81358 0.49412 0.50588 0.49804 1.00000
v 14.27013 25.35755 8.86146 0.49412 0.50588 0.49804 1.00000
v 15.65445 26.72182 10.20340 0.49412 0.50588 0.49804 1.00000
v 15.65445 26.72182 10.20340 0.49412 0.50588 0.49804 1.00000
v 15.65445 26.72182 10.20340 0.49412 0.50588 0.49804 1.00000
v 9.32686 20.69921 9.09230 0.49412 0.50588 0.49804 1.00000
v 9.33191 20.62016 9.07590 0.49412 0.50588 0.49804 1.00000
v 9.40862 20.59351 9.06107 0.49412 0.50588 0.49804 1.00000
v 9.46863 20.64497 9.06389 0.49412 0.50588 0.49804 1.00000
v 9.45706 20.71850 9.07999 0.49412 0.50588 0.49804 1.00000
v 9.38700 20.75220 9.09541 0.49412 0.50588 0.49804 1.00000
v 9.32686 20.69921 9.09230 0.49412 0.50588 0.49804 1.00000
v 9.65145 21.67889 11.59346 0.49412 0.50588 0.49804 1.00000
v 9.65145 21.67889 11.59346 0.49412 0.50588 0.49804 1.00000
v 9.65145 21.67889 11.59346 0.49412 0.50588 0.49804 1.00000
v 14.09968 16.85348 6.06543 0.49412 0.50588 0.49804 1.00000
v 14.09113 16.79531 5.98713 0.49412 0.50588 0.49804 1.00000
v 14.18524 16.77348 5.99910 0.49412 0.50588 0.49804 1.00000
v 14.19024 16.82973 6.07344 0.49412 0.50588 0.49804 1.00000
v 14.09968 16.85348 6.06543 0.49412 0.50588 0.49804 1.00000
v 13.47683 16.23327 8.88088 0.49412 0.50588 0.49804 1.00000
v 13.47683 16.23327 8.88088 0.49412 0.50588 0.49804 1.00000
v 12.91215 23.33111 -13.44896 0.49412 0.50588 0.49804 1.00000
v 12.88254 23.26460 -13.48649 0.49412 0.50588 0.49804 1.00000
v 12.82516 23.28762 -13.54599 0.49412 0.50588 0.49804 1.00000
v 12.82507 23.37266 -13.53867 0.49412 0.50588 0.49804 1.00000
v 12.87813 23.40280 -13.47918 0.49412 0.50588 0.49804 1.00000
v 12.91215 23.33111 -13.44896 0.49412 0.50588 0.49804 1.00000
v 14.72887 23.63317 -16.15564 0.49412 0.50588 0.49804 1.00000
v 14.72887 23.63317 -16.15564 0.49412 0.50588 0.49804 1.00000
v 14.72887 23.63317 -16.15564 0.49412 0.50588 0.49804 1.00000
v 14.24781 25.78451 -11.18276 0.49412 0.50588 0.49804 1.00000
v 14.24869 25.72629 -11.25685 0.49412 0.50588 0.49804 1.00000
v 14.19034 25.76168 -11.32152 0.49412 0.50588 0.49804 1.00000
v 14.15860 25.83659 -11.28426 0.49412 0.50588 0.49804 1.00000
v 14.18950 25.85370 -11.20335 0.49412 0.50588 0.49804 1.00000
v 14.24781 25.78451 -11.18276 0.49412 0.50588 0.49804 1.00000
v 15.71399 27.39038 -12.51072 0.49412 0.50588 0.49804 1.00000
v 15.71399 27.39038 -12.51072 0.49412 0.50588 0.49804 1.00000
v 15.71399 27.39038 -12.51072 0.49412 0.50588 0.49804 1.00000
v 18.06350 23.36578 -5.87977 0.49412 0.50588 0.49804 1.00000
v 18.11603 23.33365 -5.91677 0.49412 0.50588 0.49804 1.00000
v 18.13134 23.39552 -5.95523 0.49412 0.50588 0.49804 1.00000
v 18.07611 23.42755 -5.91564 0.49412 0.50588 0.49804 1.00000
v 18.06350 23.36578 -5.87977 0.49412 0.50588 0.49804 1.00000
v 19.57437 24.85491 -4.14749 0.49412 0.50588 0.49804 1.00000
v 19.57437 24.85491 -4.14749 0.49412 0.50588 0.49804 1.00000
v 13.07479 24.11321 -0.94905 0.49412 0.50588 0.49804 1.00000
v 13.11360 24.03668 -0.91958 0.49412 0.50588 0.49804 1.00000
v 13.19829 24.02079 -0.95574 0.49412 0.50588 0.49804 1.00000
v 13.23902 24.07877 -1.01676 0.49412 0.50588 0.49804 1.00000
v 13.19238 24.15707 -1.04308 0.49412 0.50588 0.49804 1.00000
v 13.10785 24.17245 -1.00667 0.49412 0.50588 0.49804 1.00000
v 13.07479 24.11321 -0.94905 0.49412 0.50588 0.49804 1.00000
v 13.84877 25.81005 0.46508 0.49412 0.50588 0.49804 1.00000
v 13.84877 25.81005 0.46508 0.49412 0.50588 0.49804 1.00000
v 13.84877 25.81005 0.46508 0.49412 0.50588 0.49804 1.00000
v 19.87787 19.08728 -6.01969 0.49412 0.50588 0.49804 1.00000
v 19.87787 19.08728 -6.01969 0.49412 0.50588 0.49804 1.00000
v 19.87787 19.08728 -6.01969 0.49412 0.50588 0.49804 1.00000
v -1.24367 19.96931 -21.27655 0.49412 0.50588 0.49804 1.00000
v -1.30568 19.91190 -21.28594 0.49412 0.50588 0.49804 1.00000
v -1.36877 19.97296 -21.27831 0.49412 0.50588 0.49804 1.00000
v -1.30245 20.03140 -21.26870 0.49412 0.50588 0.49804 1.00000
v -1.24367 19.96931 -21.27655 0.49412 0.50588 0.49804 1.00000
v -0.76579 20.47009 -24.19271 0.49412 0.50588 0.49804 1.00000
v -0.76579 20.47009 -24.19271 0.49412 0.50588 0.49804 1.00000
v 1.39488 20.19314 -20.90076 0.49412 0.50588 0.49804 1.00000
v 1.36713 20.12579 -20.94303 0.49412 0.50588 0.49804 1.00000
v 1.30107 20.17043 -20.97856 0.49412 0.50588 0.49804 1.00000
v 1.33168 20.23966 -20.93353 0.49412 0.50588 0.49804 1.00000
v 1.39488 20.19314 -20.90076 0.49412 0.50588 0.49804 1.00000
v 2.54448 21.65665 -23.27711 0.49412 0.50588 0.49804 1.00000
v 2.54448 21.65665 -23.27711 0.49412 0.50588 0.49804 1.00000
v 4.93567 24.11460 -15.42821 0.49412 0.50588 0.49804 1.00000
v 4.99422 24.08088 -15.47252 0.49412 0.50588 0.49804 1.00000
v 4.96803 24.05018 -15.54531 0.49412 0.50588 0.49804 1.00000
v 4.88856 24.05404 -15.56994 0.49412 0.50588 0.49804 1.00000
v 4.83212 24.09069 -15.51885 0.49412 0.50588 0.49804 1.00000
v 4.85875 24.12119 -15.44627 0.49412 0.50588 0.49804 1.00000
v 4.93567 24.11460 -15.42821 0.49412 0.50588 0.49804 1.00000
v 5.69374 26.56732 -16.00744 0.49412 0.50588 0.49804 1.00000
v 5.69374 26.56732 -16.00744 0.49412 0.50588 0.49804 1.00000
v 5.69374 26.56732 -16.00744 0.49412 0.50588 0.49804 1.00000
v 3.51963 18.70783 -17.71653 0.49412 0.50588 0.49804 1.00000
v 3.58598 18.64164 -17.69970 0.49412 0.50588 0.49804 1.00000
v 3.57513 18.61461 -17.78976 0.49412 0.50588 0.49804 1.00000
v 3.51216 18.67869 -17.80280 0.49412 0.50588 0.49804 1.00000
v 3.51963 18.70783 -17.71653 0.49412 0.50588 0.49804 1.00000
v 4.75938 21.30372 -19.00567 0.49412 0.50588 0.49804 1.00000
v 4.75938 21.30372 -19.00567 0.49412 0.50588 0.49804 1.00000
v -7.37165 24.78601 -11.91374 0.49412 0.50588 0.49804 1.00000
v -7.42852 24.69910 -11.95154 0.49412 0.50588 0.49804 1.00000
v -7.54326 24.70189 -11.96732 0.49412 0.50588 0.49804 1.00000
v -7.58917 24.80389 -11.93939 0.49412 0.50588 0.49804 1.00000
v -7.53498 24.89737 -11.89975 0.49412 0.50588 0.49804 1.00000
v -7.41669 24.88791 -11.88572 0.49412 0.50588 0.49804 1.00000
v -7.37165 24.78601 -11.91374 0.49412 0.50588 0.49804 1.00000
v -7.69381 26.22269 -14.13875 0.49412 0.50588 0.49804 1.00000
v -7.75433 26.16651 -14.16111 0.49412 0.50588 0.49804 1.00000
v -7.83179 26.17965 -14.12118 0.49412 0.50588 0.49804 1.00000
v -7.84531 26.24492 -14.06345 0.49412 0.50588 0.49804 1.00000
v -7.77751 26.30015 -14.04460 0.49412 0.50588 0.49804 1.00000
v -7.70037 26.28660 -14.08473 0.49412 0.50588 0.49804 1.00000
v -7.69381 26.22269 -14.13875 0.49412 0.50588 0.49804 1.00000
v -8.52400 27.40706 -16.17494 0.49412 0.50588 0.49804 1.00000
v -8.52400 27.40706 -16.17494 0.49412 0.50588 0.49804 1.00000
v -8.52400 27.40706 -16.17494 0.49412 0.50588 0.49804 1.00000
v -9.19485 24.61073 -17.44528 0.49412 0.50588 0.49804 1.00000
v -9.26438 24.54835 -17.45794 0.49412 0.50588 0.49804 1.00000
v -9.34557 24.59214 -17.43961 0.49412 0.50588 0.49804 1.00000
v -9.32146 24.67550 -17.41770 0.49412 0.50588 0.49804 1.00000
v -9.23448 24.69067 -17.41971 0.49412 0.50588 0.49804 1.00000
v -9.19485 24.61073 -17.44528 0.49412 0.50588 0.49804 1.00000
v -9.54957 25.77278 -19.56860 0.49412 0.50588 0.49804 1.00000
v -9.54957 25.77278 -19.56860 0.49412 0.50588 0.49804 1.00000
v -9.54957 25.77278 -19.56860 0.49412 0.50588 0.49804 1.00000
v -1.66930 21.52198 -19.74666 0.49412 0.50588 0.49804 1.00000
v -1.69015 21.47737 -19.79656 0.49412 0.50588 0.49804 1.00000
v -1.72469 21.52962 -19.83340 0.49412 0.50588 0.49804 1.00000
v -1.70206 21.57491 -19.78037 0.49412 0.50588 0.49804 1.00000
v -1.66930 21.52198 -19.74666 0.49412 0.50588 0.49804 1.00000
v 0.45907 23.18852 -20.81123 0.49412 0.50588 0.49804 1.00000
v 0.45907 23.18852 -20.81123 0.49412 0.50588 0.49804 1.00000
v -2.68825 20.27326 -16.28308 0.49412 0.50588 0.49804 1.00000
v -2.69895 20.19335 -16.31006 0.49412 0.50588 0.49804 1.00000
v -2.74510 20.19287 -16.38623 0.49412 0.50588 0.49804 1.00000
v -2.75940 20.27927 -16.39971 0.49412 0.50588 0.49804 1.00000
v -2.72533 20.33197 -16.33737 0.49412 0.50588 0.49804 1.00000
v -2.68825 20.27326 -16.28308 0.49412 0.50588 0.49804 1.00000
v -0.70782 21.57664 -18.17341 0.49412 0.50588 0.49804 1.00000
v -0.70782 21.57664 -18.17341 0.49412 0.50588 0.49804 1.00000
v -0.70782 21.57664 -18.17341 0.49412 0.50588 0.49804 1.00000
v -4.10324 17.51457 -15.14285 0.49412 0.50588 0.49804 1.00000
v -4.13821 17.44389 -15.11493 0.49412 0.50588 0.49804 1.00000
v -4.16217 17.39358 -15.18255 0.49412 0.50588 0.49804 1.00000
v -4.13769 17.44199 -15.25079 0.49412 0.50588 0.49804 1.00000
v -4.10071 17.51784 -15.22948 0.49412 0.50588 0.49804 1.00000
v -4.10324 17.51457 -15.14285 0.49412 0.50588 0.49804 1.00000
v -1.36179 17.82821 -16.03828 0.49412 0.50588 0.49804 1.00000
v -1.36179 17.82821 -16.03828 0.49412 0.50588 0.49804 1.00000
v -1.36179 17.82821 -16.03828 0.49412 0.50588 0.49804 1.00000
v -18.91703 20.07530 5.57737 0.49412 0.50588 0.49804 1.00000
v -18.88560 20.00865 5.62156 0.49412 0.50588 0.49804 1.00000
v -18.83420 20.01722 5.68997 0.49412 0.50588 0.49804 1.00000
v -18.81197 20.09816 5.71703 0.49412 0.50588 0.49804 1.00000
v -18.84483 20.16279 5.67100 0.49412 0.50588 0.49804 1.00000
v -18.89646 20.15765 5.60217 0.49412 0.50588 0.49804 1.00000
v -18.91703 20.07530 5.57737 0.49412 0.50588 0.49804 1.00000
v -21.19929 20.01615 6.74981 0.49412 0.50588 0.49804 1.00000
v -21.19929 20.01615 6.74981 0.49412 0.50588 0.49804 1.00000
v -21.19929 20.01615 6.74981 0.49412 0.50588 0.49804 1.00000
v -23.42293 16.67376 3.17321 0.49412 0.50588 0.49804 1.00000
v -23.43753 16.62137 3.22204 0.49412 0.50588 0.49804 1.00000
v -23.43739 16.67042 3.27976 0.49412 0.50588 0.49804 1.00000
v -23.42214 16.72391 3.22734 0.49412 0.50588 0.49804 1.00000
v -23.42293 16.67376 3.17321 0.49412 0.50588 0.49804 1.00000
v -25.79194 17.77010 2.56909 0.49412 0.50588 0.49804 1.00000
v -25.79194 17.77010 2.56909 0.49412 0.50588 0.49804 1.00000
v -21.20509 18.50697 0.27992 0.49412 0.50588 0.49804 1.00000
v -21.24214 18.43928 0.31174 0.49412 0.50588 0.49804 1.00000
v -21.26020 18.45208 0.39633 0.49412 0.50588 0.49804 1.00000
v -21.23015 18.53268 0.40930 0.49412 0.50588 0.49804 1.00000
v -21.19526 18.56958 0.33885 0.49412 0.50588 0.49804 1.00000
v -21.20509 18.50697 0.27992 0.49412 0.50588 0.49804 1.00000
v -23.69525 19.95917 -0.76632 0.49412 0.50588 0.49804 1.00000
v -23.69525 19.95917 -0.76632 0.49412 0.50588 0.49804 1.00000
v -23.69525 19.95917 -0.76632 0.49412 0.50588 0.49804 1.00000
v -20.13840 15.24757 0.38139 0.49412 0.50588 0.49804 1.00000
v -20.13563 15.16274 0.37936 0.49412 0.50588 0.49804 1.00000
v -20.17357 15.13920 0.45101 0.49412 0.50588 0.49804 1.00000
v -20.19669 15.20524 0.49173 0.49412 0.50588 0.49804 1.00000
v -20.17580 15.27060 0.45034 0.49412 0.50588 0.49804 1.00000
v -20.13840 15.24757 0.38139 0.49412 0.50588 0.49804 1.00000
v -22.69832 17.00014 -0.69551 0.49412 0.50588 0.49804 1.00000
v -22.69832 17.00014 -0.69551 0.49412 0.50588 0.49804 1.00000
v -22.69832 17.00014 -0.69551 0.49412 0.50588 0.49804 1.00000
v -19.52734 11.82758 1.14442 0.49412 0.50588 0.49804 1.00000
v -19.48284 11.76400 1.14144 0.49412 0.50588 0.49804 1.00000
v -19.53507 11.72100 1.18503 0.49412 0.50588 0.49804 1.00000
v -19.58025 11.78845 1.18707 0.49412 0.50588 0.49804 1.00000
v -19.52734 11.82758 1.14442 0.49412 0.50588 0.49804 1.00000
v -21.32014 12.07404 -0.84659 0.49412 0.50588 0.49804 1.00000
v -21.32014 12.07404 -0.84659 0.49412 0.50588 0.49804 1.00000
v -15.45122 25.15857 13.49238 0.49412 0.50588 0.49804 1.00000
v -15.43313 25.09012 13.54373 0.49412 0.50588 0.49804 1.00000
v -15.37246 25.11434 13.60797 0.49412 0.50588 0.49804 1.00000
v -15.35804 25.20218 13.58834 0.49412 0.50588 0.49804 1.00000
v -15.40547 25.23288 13.51700 0.49412 0.50588 0.49804 1.00000
v -15.45122 25.15857 13.49238 0.49412 0.50588 0.49804 1.00000
v -17.61209 26.08558 16.06657 0.49412 0.50588 0.49804 1.00000
v -17.61209 26.08558 16.06657 0.49412 0.50588 0.49804 1.00000
v -17.61209 26.08558 16.06657 0.49412 0.50588 0.49804 1.00000
v -13.12931 27.56845 6.26452 0.49412 0.50588 0.49804 1.00000
v -13.19264 27.50081 6.31482 0.49412 0.50588 0.49804 1.00000
v -13.19388 27.49130 6.42491 0.49412 0.50588 0.49804 1.00000
v -13.12271 27.55939 6.47384 0.49412 0.50588 0.49804 1.00000
v -13.05479 27.63144 6.42643 0.49412 0.50588 0.49804 1.00000
v -13.05819 27.63655 6.31261 0.49412 0.50588 0.49804 1.00000
v -13.12931 27.56845 6.26452 0.49412 0.50588 0.49804 1.00000
v -15.03798 29.27330 6.47973 0.49412 0.50588 0.49804 1.00000
v -15.08695 29.21596 6.51093 0.49412 0.50588 0.49804 1.00000
v -15.08864 29.21461 6.59496 0.49412 0.50588 0.49804 1.00000
v -15.04377 29.26772 6.64231 0.49412 0.50588 0.49804 1.00000
v -14.99442 29.32544 6.60337 0.49412 0.50588 0.49804 1.00000
v -14.99308 29.32639 6.51944 0.49412 0.50588 0.49804 1.00000
v -15.03798 29.27330 6.47973 0.49412 0.50588 0.49804 1.00000
v -16.22986 31.30599 6.01401 0.49412 0.50588 0.49804 1.00000
v -16.22986 31.30599 6.01401 0.49412 0.50588 0.49804 1.00000
v -16.22986 31.30599 6.01401 0.49412 0.50588 0.49804 1.00000
v -16.37171 26.60637 5.73824 0.49412 0.50588 0.49804 1.00000
v -16.40937 26.53912 5.71880 0.49412 0.50588 0.49804 1.00000
v -16.46007 26.51170 5.77589 0.49412 0.50588 0.49804 1.00000
v -16.46764 26.55148 5.84225 0.49412 0.50588 0.49804 1.00000
v -16.42914 26.61447 5.85450 0.49412 0.50588 0.49804 1.00000
v -16.37867 26.64744 5.80517 0.49412 0.50588 0.49804 1.00000
v -16.37171 26.60637 5.73824 0.49412 0.50588 0.49804 1.00000
v -18.29863 28.67367 5.55794 0.49412 0.50588 0.49804 1.00000
v -18.29863 28.67367 5.55794 0.49412 0.50588 0.49804 1.00000
v -18.29863 28.67367 5.55794 0.49412 0.50588 0.49804 1.00000
v -17.03048 22.93694 5.64962 0.49412 0.50588 0.49804 1.00000
v -17.01204 22.85727 5.61892 0.49412 0.50588 0.49804 1.00000
v -17.06172 22.79444 5.66315 0.49412 0.50588 0.49804 1.00000
v -17.10961 22.84558 5.72128 0.49412 0.50588 0.49804 1.00000
v -17.09258 22.93467 5.71550 0.49412 0.50588 0.49804 1.00000
v -17.03048 22.93694 5.64962 0.49412 0.50588 0.49804 1.00000
v -20.13991 24.04190 4.90885 0.49412 0.50588 0.49804 1.00000
v -20.13991 24.04190 4.90885 0.49412 0.50588 0.49804 1.00000
v -20.13991 24.04190 4.90885 0.49412 0.50588 0.49804 1.00000
v 20.51729 34.00515 9.68174 0.49412 0.50588 0.49804 1.00000
v 20.51729 34.00515 9.68174 0.49412 0.50588 0.49804 1.00000
v 20.51729 34.00515 9.68174 0.49412 0.50588 0.49804 1.00000
v 11.96483 35.41688 5.58212 0.49412 0.50588 0.49804 1.00000
v 12.03958 35.37868 5.53349 0.49412 0.50588 0.49804 1.00000
v 12.02460 35.44659 5.46666 0.49412 0.50588 0.49804 1.00000
v 11.95376 35.48076 5.51533 0.49412 0.50588 0.49804 1.00000
v 11.96483 35.41688 5.58212 0.49412 0.50588 0.49804 1.00000
v 13.53348 37.20575 7.64183 0.49412 0.50588 0.49804 1.00000
v 13.53348 37.20575 7.64183 0.49412 0.50588 0.49804 1.00000
v 14.06608 34.28434 12.30529 0.49412 0.50588 0.49804 1.00000
v 14.06608 34.28434 12.30529 0.49412 0.50588 0.49804 1.00000
v 14.06608 34.28434 12.30529 0.49412 0.50588 0.49804 1.00000
v 15.25594 32.00569 12.64693 0.49412 0.50588 0.49804 1.00000
v 15.25594 32.00569 12.64693 0.49412 0.50588 0.49804 1.00000
v 15.25594 32.00569 12.64693 0.49412 0.50588 0.49804 1.00000
v 16.32227 28.83812 7.60184 0.49412 0.50588 0.49804 1.00000
v 16.38905 28.85482 7.55311 0.49412 0.50588 0.49804 1.00000
v 16.37626 28.89299 7.62556 0.49412 0.50588 0.49804 1.00000
v 16.32227 28.83812 7.60184 0.49412 0.50588 0.49804 1.00000
v 16.77876 28.28026 11.34859 0.49412 0.50588 0.49804 1.00000
v 16.77876 28.28026 11.34859 0.49412 0.50588 0.49804 1.00000
v -0.73991 29.06936 -16.42367 0.49412 0.50588 0.49804 1.00000
v -0.79792 28.99333 -16.40523 0.49412 0.50588 0.49804 1.00000
v -0.88938 29.02606 -16.40269 0.49412 0.50588 0.49804 1.00000
v -0.88183 29.11676 -16.41914 0.49412 0.50588 0.49804 1.00000
v -0.79648 29.14637 -16.43197 0.49412 0.50588 0.49804 1.00000
v -0.73991 29.06936 -16.42367 0.49412 0.50588 0.49804 1.00000
v -0.39158 29.24536 -18.97849 0.49412 0.50588 0.49804 1.00000
v -0.39158 29.24536 -18.97849 0.49412 0.50588 0.49804 1.00000
v -0.39158 29.24536 -18.97849 0.49412 0.50588 0.49804 1.00000
v -0.73673 27.54482 -18.94222 0.49412 0.50588 0.49804 1.00000
v -0.81571 27.50460 -18.97968 0.49412 0.50588 0.49804 1.00000
v -0.81234 27.59567 -18.96082 0.49412 0.50588 0.49804 1.00000
v -0.73673 27.54482 -18.94222 0.49412 0.50588 0.49804 1.00000
v -0.24839 29.61147 -22.45833 0.49412 0.50588 0.49804 1.00000
v -0.24839 29.61147 -22.45833 0.49412 0.50588 0.49804 1.00000
v 2.33114 27.14429 -18.01817 0.49412 0.50588 0.49804 1.00000
v 2.29079 27.08456 -18.06542 0.49412 0.50588 0.49804 1.00000
v 2.24733 27.14612 -18.11339 0.49412 0.50588 0.49804 1.00000
v 2.29055 27.20697 -18.06285 0.49412 0.50588 0.49804 1.00000
v 2.33114 27.14429 -18.01817 0.49412 0.50588 0.49804 1.00000
v 4.12559 28.06318 -20.45691 0.49412 0.50588 0.49804 1.00000
v 4.12559 28.06318 -20.45691 0.49412 0.50588 0.49804 1.00000
v 5.47439 25.82520 -19.20209 0.49412 0.50588 0.49804 1.00000
v 5.47439 25.82520 -19.20209 0.49412 0.50588 0.49804 1.00000
v 5.47439 25.82520 -19.20209 0.49412 0.50588 0.49804 1.00000
v 4.85494 23.37390 -18.42694 0.49412 0.50588 0.49804 1.00000
v 4.85494 23.37390 -18.42694 0.49412 0.50588 0.49804 1.00000
v 4.85494 23.37390 -18.42694 0.49412 0.50588 0.49804 1.00000
v -10.83284 33.65773 -12.57745 0.49412 0.50588 0.49804 1.00000
v -10.91099 33.60169 -12.58775 0.49412 0.50588 0.49804 1.00000
v -10.96201 33.67424 -12.55063 0.49412 0.50588 0.49804 1.00000
v -10.88570 33.72528 -12.54205 0.49412 0.50588 0.49804 1.00000
v -10.83284 33.65773 -12.57745 0.49412 0.50588 0.49804 1.00000
v -12.18008 35.31388 -14.85338 0.49412 0.50588 0.49804 1.00000
v -12.18008 35.31388 -14.85338 0.49412 0.50588 0.49804 1.00000
v -8.21000 35.55015 -20.62962 0.49412 0.50588 0.49804 1.00000
v -8.21000 35.55015 -20.62962 0.49412 0.50588 0.49804 1.00000
v -8.21000 35.55015 -20.62962 0.49412 0.50588 0.49804 1.00000
v -7.73974 32.76449 -15.24654 0.49412 0.50588 0.49804 1.00000
v -7.80671 32.71442 -15.29654 0.49412 0.50588 0.49804 1.00000
v -7.82932 32.79325 -15.25015 0.49412 0.50588 0.49804 1.00000
v -7.73974 32.76449 -15.24654 0.49412 0.50588 0.49804 1.00000
v -6.55640 36.11202 -17.23769 0.49412 0.50588 0.49804 1.00000
v -6.55640 36.11202 -17.23769 0.49412 0.50588 0.49804 1.00000
v -6.06575 31.96293 -13.75357 0.49412 0.50588 0.49804 1.00000
v -6.03624 31.88378 -13.80549 0.49412 0.50588 0.49804 1.00000
v -6.11341 31.89993 -13.86466 0.49412 0.50588 0.49804 1.00000
v -6.13899 31.97494 -13.81311 0.49412 0.50588 0.49804 1.00000
v -6.06575 31.96293 -13.75357 0.49412 0.50588 0.49804 1.00000
v -5.32493 34.58841 -15.55504 0.49412 0.50588 0.49804 1.00000
v -5.32493 34.58841 -15.55504 0.49412 0.50588 0.49804 1.00000
v -16.09112 32.11630 -2.38570 0.49412 0.50588 0.49804 1.00000
v -16.09836 32.03386 -2.33029 0.49412 0.50588 0.49804 1.00000
v -16.10708 32.06206 -2.23542 0.49412 0.50588 0.49804 1.00000
v -16.10470 32.15655 -2.23865 0.49412 0.50588 0.49804 1.00000
v -16.09550 32.19258 -2.32421 0.49412 0.50588 0.49804 1.00000
v -16.09112 32.11630 -2.38570 0.49412 0.50588 0.49804 1.00000
v -18.50325 32.47125 -3.20166 0.49412 0.50588 0.49804 1.00000
v -18.50325 32.47125 -3.20166 0.49412 0.50588 0.49804 1.00000
v -18.50325 32.47125 -3.20166 0.49412 0.50588 0.49804 1.00000
v -23.51042 33.74899 -1.67533 0.49412 0.50588 0.49804 1.00000
v -23.51042 33.74899 -1.67533 0.49412 0.50588 0.49804 1.00000
v -23.51042 33.74899 -1.67533 0.49412 0.50588 0.49804 1.00000
v -19.20719 31.47815 -4.01205 0.49412 0.50588 0.49804 1.00000
v -19.25686 31.42689 -4.02407 0.49412 0.50588 0.49804 1.00000
v -19.30446 31.45661 -3.97429 0.49412 0.50588 0.49804 1.00000
v -19.25142 31.50940 -3.96296 0.49412 0.50588 0.49804 1.00000
v -19.20719 31.47815 -4.01205 0.49412 0.50588 0.49804 1.00000
v -19.79836 33.62106 -5.57133 0.49412 0.50588 0.49804 1.00000
v -19.79836 33.62106 -5.57133 0.49412 0.50588 0.49804 1.00000
v -21.08852 29.74943 -6.05327 0.49412 0.50588 0.49804 1.00000
v -21.08852 29.74943 -6.05327 0.49412 0.50588 0.49804 1.00000
v -21.08852 29.74943 -6.05327 0.49412 0.50588 0.49804 1.00000
v -8.57083 35.70129 19.98274 0.49412 0.50588 0.49804 1.00000
v -8.57083 35.70129 19.98274 0.49412 0.50588 0.49804 1.00000
v -8.57083 35.70129 19.98274 0.49412 0.50588 0.49804 1.00000
v -7.51601 35.47523 14.61002 0.49412 0.50588 0.49804 1.00000
v -7.46727 35.45302 14.66155 0.49412 0.50588 0.49804 1.00000
v -7.41526 35.50559 14.63999 0.49412 0.50588 0.49804 1.00000
v -7.46744 35.52748 14.58671 0.49412 0.50588 0.49804 1.00000
v -7.51601 35.47523 14.61002 0.49412 0.50588 0.49804 1.00000
v -8.00618 37.68095 16.23448 0.49412 0.50588 0.49804 1.00000
v -8.00618 37.68095 16.23448 0.49412 0.50588 0.49804 1.00000
v -11.94940 35.61673 17.16350 0.49412 0.50588 0.49804 1.00000
v -11.94940 35.61673 17.16350 0.49412 0.50588 0.49804 1.00000
v -11.94940 35.61673 17.16350 0.49412 0.50588 0.49804 1.00000
v -10.26793 29.60720 12.15322 0.49412 0.50588 0.49804 1.00000
v -10.25250 29.53643 12.19682 0.49412 0.50588 0.49804 1.00000
v -10.19978 29.56089 12.25754 0.49412 0.50588 0.49804 1.00000
v -10.18554 29.63985 12.24996 0.49412 0.50588 0.49804 1.00000
v -10.22624 29.66815 12.18743 0.49412 0.50588 0.49804 1.00000
v -10.26793 29.60720 12.15322 0.49412 0.50588 0.49804 1.00000
v -12.55132 31.03248 13.82430 0.49412 0.50588 0.49804 1.00000
v -12.55132 31.03248 13.82430 0.49412 0.50588 0.49804 1.00000
v -12.55132 31.03248 13.82430 0.49412 0.50588 0.49804 1.00000
v -12.18587 28.92794 15.26813 0.49412 0.50588 0.49804 1.00000
v -12.18587 28.92794 15.26813 0.49412 0.50588 0.49804 1.00000
v -12.18587 28.92794 15.26813 0.49412 0.50588 0.49804 1.00000
v 9.38331 35.28464 17.67391 0.49412 0.50588 0.49804 1.00000
v 9.38331 35.28464 17.67391 0.49412 0.50588 0.49804 1.00000
v 9.38331 35.28464 17.67391 0.49412 0.50588 0.49804 1.00000
v 4.97652 34.66759 17.66586 0.49412 0.50588 0.49804 1.00000
v 5.05151 34.62884 17.68123 0.49412 0.50588 0.49804 1.00000
v 5.04833 34.70344 17.64505 0.49412 0.50588 0.49804 1.00000
v 4.97652 34.66759 17.66586 0.49412 0.50588 0.49804 1.00000
v 5.42479 37.40735 20.54763 0.49412 0.50588 0.49804 1.00000
v 5.42479 37.40735 20.54763 0.49412 0.50588 0.49804 1.00000
v -1.05771 35.40297 15.62875 0.49412 0.50588 0.49804 1.00000
v -1.07319 35.36715 15.69097 0.49412 0.50588 0.49804 1.00000
v -1.01632 35.40096 15.72860 0.49412 0.50588 0.49804 1.00000
v -1.00155 35.43753 15.66270 0.49412 0.50588 0.49804 1.00000
v -1.05771 35.40297 15.62875 0.49412 0.50588 0.49804 1.00000
v -2.50790 37.54880 15.94253 0.49412 0.50588 0.49804 1.00000
v -2.50790 37.54880 15.94253 0.49412 0.50588 0.49804 1.00000
v -1.12940 33.03450 15.35960 0.49412 0.50588 0.49804 1.00000
v -1.15991 32.96570 15.35874 0.49412 0.50588 0.49804 1.00000
v -1.14365 32.95374 15.43408 0.49412 0.50588 0.49804 1.00000
v -1.11220 33.02588 15.43312 0.49412 0.50588 0.49804 1.00000
v -1.12940 33.03450 15.35960 0.49412 0.50588 0.49804 1.00000
v -2.43112 35.21899 15.66865 0.49412 0.50588 0.49804 1.00000
v -2.43112 35.21899 15.66865 0.49412 0.50588 0.49804 1.00000
v 1.08018 42.03439 -18.92020 0.49412 0.50588 0.49804 1.00000
v 1.08018 42.03439 -18.92020 0.49412 0.50588 0.49804 1.00000
v 1.08018 42.03439 -18.92020 0.49412 0.50588 0.49804 1.00000
v 3.26281 40.82962 -13.71641 0.49412 0.50588 0.49804 1.00000
v 3.21474 40.79399 -13.78130 0.49412 0.50588 0.49804 1.00000
v 3.18642 40.86137 -13.73722 0.49412 0.50588 0.49804 1.00000
v 3.26281 40.82962 -13.71641 0.49412 0.50588 0.49804 1.00000
v 5.13346 43.64487 -15.72420 0.49412 0.50588 0.49804 1.00000
v 5.13346 43.64487 -15.72420 0.49412 0.50588 0.49804 1.00000
v 4.33715 40.80041 -9.46233 0.49412 0.50588 0.49804 1.00000
v 4.37681 40.77311 -9.52995 0.49412 0.50588 0.49804 1.00000
v 4.33697 40.82982 -9.58092 0.49412 0.50588 0.49804 1.00000
v 4.29655 40.85693 -9.50904 0.49412 0.50588 0.49804 1.00000
v 4.33715 40.80041 -9.46233 0.49412 0.50588 0.49804 1.00000
v 5.50976 43.14532 -8.72041 0.49412 0.50588 0.49804 1.00000
v 5.50976 43.14532 -8.72041 0.49412 0.50588 0.49804 1.00000
v 4.65081 37.02606 -10.68830 0.49412 0.50588 0.49804 1.00000
v 4.64749 36.94110 -10.70055 0.49412 0.50588 0.49804 1.00000
v 4.64624 36.94991 -10.78912 0.49412 0.50588 0.49804 1.00000
v 4.64973 37.03840 -10.77414 0.49412 0.50588 0.49804 1.00000
v 4.65081 37.02606 -10.68830 0.49412 0.50588 0.49804 1.00000
v 6.76731 38.59161 -11.51220 0.49412 0.50588 0.49804 1.00000
v 6.76731 38.59161 -11.51220 0.49412 0.50588 0.49804 1.00000
v -0.01753 0.00351 3.97208 0.49412 0.50588 0.49804 1.00000
v -0.03580 1.25543 3.05487 0.49412 0.50588 0.49804 1.00000
v 1.35084 1.28471 3.30957 0.49412 0.50588 0.49804 1.00000
v 1.95884 0.00423 4.78873 0.49412 0.50588 0.49804 1.00000
v 1.86800 1.35114 1.86802 0.49412 0.50588 0.49804 1.00000
v 2.14168 0.00190 2.16067 0.49412 0.50588 0.49804 1.00000
v 2.62015 1.40105 1.06412 0.49412 0.50588 0.49804 1.00000
v 3.19863 0.00118 1.34149 0.49412 0.50588 0.49804 1.00000
v 3.65002 1.46940 -0.03668 0.49412 0.50588 0.49804 1.00000
v 5.27721 0.00001 0.02330 0.49412 0.50588 0.49804 1.00000
v 2.63801 1.48137 -1.14571 0.49412 0.50588 0.49804 1.00000
v 3.21034 -0.00117 -1.31319 0.49412 0.50588 0.49804 1.00000
v 1.84281 1.48727 -1.92001 0.49412 0.50588 0.49804 1.00000
v 2.16067 -0.00190 -2.14168 0.49412 0.50588 0.49804 1.00000
v 1.36829 1.52908 -3.44228 0.49412 0.50588 0.49804 1.00000
v 2.00104 -0.00422 -4.77125 0.49412 0.50588 0.49804 1.00000
v -0.04249 1.47944 -3.15200 0.49412 0.50588 0.49804 1.00000
v 0.01752 -0.00350 -3.96798 0.49412 0.50588 0.49804 1.00000
v -1.02495 1.42536 -2.40950 0.49412 0.50588 0.49804 1.00000
v -1.04576 -0.00226 -2.55655 0.49412 0.50588 0.49804 1.00000
v -2.51478 1.38758 -2.50854 0.49412 0.50588 0.49804 1.00000
v -3.44513 -0.00306 -3.47568 0.49412 0.50588 0.49804 1.00000
v -3.12255 1.32751 -1.31246 0.49412 0.50588 0.49804 1.00000
v -4.11985 -0.00152 -1.72784 0.49412 0.50588 0.49804 1.00000
v -2.53026 1.29785 -0.03621 0.49412 0.50588 0.49804 1.00000
v -2.65876 -0.00001 -0.01174 0.49412 0.50588 0.49804 1.00000
v -3.10785 1.23589 1.23517 0.49412 0.50588 0.49804 1.00000
v -4.13494 0.00150 1.69140 0.49412 0.50588 0.49804 1.00000
v -2.54853 1.20663 2.47522 0.49412 0.50588 0.49804 1.00000
v -3.47568 0.00305 3.44512 0.49412 0.50588 0.49804 1.00000
v -1.01463 1.25465 2.32425 0.49412 0.50588 0.49804 1.00000
v -1.06829 0.00225 2.54722 0.49412 0.50588 0.49804 1.00000
v -0.03580 1.25543 3.05487 0.49412 0.50588 0.49804 1.00000
v -0.01753 0.00351 3.97208 0.49412 0.50588 0.49804 1.00000
v -0.11143 2.59542 2.59090 0.49412 0.50588 0.49804 1.00000
v 1.00196 2.66453 2.69260 0.49412 0.50588 0.49804 1.00000
v 1.57648 2.77700 1.69780 0.49412 0.50588 0.49804 1.00000
v 2.17143 2.87234 0.95577 0.49412 0.50588 0.49804 1.00000
v 2.81844 2.98629 0.00893 0.49412 0.50588 0.49804 1.00000
v 2.16191 3.01063 -0.93863 0.49412 0.50588 0.49804 1.00000
v 1.56862 3.02477 -1.68783 0.49412 0.50588 0.49804 1.00000
v 0.98581 3.05804 -2.68788 0.49412 0.50588 0.49804 1.00000
v -0.13025 2.97527 -2.60591 0.49412 0.50588 0.49804 1.00000
v -1.01674 2.88013 -2.14002 0.49412 0.50588 0.49804 1.00000
v -2.13763 2.79328 -2.00692 0.49412 0.50588 0.49804 1.00000
v -2.63892 2.68787 -1.03985 0.49412 0.50588 0.49804 1.00000
v -2.38643 2.62885 0.00165 0.49412 0.50588 0.49804 1.00000
v -2.64240 2.53458 1.04700 0.49412 0.50588 0.49804 1.00000
v -2.14708 2.49619 2.03497 0.49412 0.50588 0.49804 1.00000
v -0.99135 2.56921 2.12314 0.49412 0.50588 0.49804 1.00000
v -0.11143 2.59542 2.59090 0.49412 0.50588 0.49804 1.00000
v -0.23222 3.97969 2.54651 0.49412 0.50588 0.49804 1.00000
v 0.70889 4.07103 2.56159 0.49412 0.50588 0.49804 1.00000
v 1.27929 4.19888 1.80732 0.49412 0.50588 0.49804 1.00000
v 1.77561 4.31232 1.12794 0.49412 0.50588 0.49804 1.00000
v 2.25804 4.43906 0.29399 0.49412 0.50588 0.49804 1.00000
v 1.79333 4.47381 -0.55457 0.49412 0.50588 0.49804 1.00000
v 1.25902 4.48468 -1.22375 0.49412 0.50588 0.49804 1.00000
v 0.67606 4.49810 -1.97043 0.49412 0.50588 0.49804 1.00000
v -0.25959 4.40830 -1.99604 0.49412 0.50588 0.49804 1.00000
v -1.05165 4.29592 -1.63491 0.49412 0.50588 0.49804 1.00000
v -1.97476 4.18631 -1.43891 0.49412 0.50588 0.49804 1.00000
v -2.43965 4.06349 -0.62802 0.49412 0.50588 0.49804 1.00000
v -2.29684 3.99143 0.27920 0.49412 0.50588 0.49804 1.00000
v -2.43111 3.89205 1.18651 0.49412 0.50588 0.49804 1.00000
v -1.95037 3.86260 1.99578 0.49412 0.50588 0.49804 1.00000
v -1.02488 3.93516 2.19253 0.49412 0.50588 0.49804 1.00000
v -0.23222 3.97969 2.54651 0.49412 0.50588 0.49804 1.00000
v -0.41451 5.76525 2.67104 0.49412 0.50588 0.49804 1.00000
v 0.43976 5.86056 2.63891 0.49412 0.50588 0.49804 1.00000
v 0.98407 5.98572 1.98097 0.49412 0.50588 0.49804 1.00000
v 1.46364 6.10009 1.36067 0.49412 0.50588 0.49804 1.00000
v 1.80767 6.21610 0.57966 0.49412 0.50588 0.49804 1.00000
v 1.45473 6.25735 -0.20484 0.49412 0.50588 0.49804 1.00000
v 0.96139 6.26685 -0.82492 0.49412 0.50588 0.49804 1.00000
v 0.40691 6.27334 -1.48039 0.49412 0.50588 0.49804 1.00000
v -0.44373 6.18352 -1.49873 0.49412 0.50588 0.49804 1.00000
v -1.18933 6.07675 -1.23739 0.49412 0.50588 0.49804 1.00000
v -1.99901 5.96496 -0.99460 0.49412 0.50588 0.49804 1.00000
v -2.43341 5.84437 -0.26464 0.49412 0.50588 0.49804 1.00000
v -2.37038 5.76742 0.56392 0.49412 0.50588 0.49804 1.00000
v -2.41032 5.67990 1.38732 0.49412 0.50588 0.49804 1.00000
v -1.98392 5.65058 2.13212 0.49412 0.50588 0.49804 1.00000
v -1.15601 5.71733 2.35454 0.49412 0.50588 0.49804 1.00000
v -0.41451 5.76525 2.67104 0.49412 0.50588 0.49804 1.00000
v -0.57264 7.33960 2.50324 0.49412 0.50588 0.49804 1.00000
v 0.17587 7.41518 2.44210 0.49412 0.50588 0.49804 1.00000
v 0.69161 7.51257 1.90309 0.49412 0.50588 0.49804 1.00000
v 1.09081 7.60238 1.32772 0.49412 0.50588 0.49804 1.00000
v 1.38508 7.69300 0.63587 0.49412 0.50588 0.49804 1.00000
v 1.09286 7.72929 -0.06172 0.49412 0.50588 0.49804 1.00000
v 0.67442 7.74230 -0.63351 0.49412 0.50588 0.49804 1.00000
v 0.15103 7.74251 -1.17252 0.49412 0.50588 0.49804 1.00000
v -0.59724 7.67720 -1.22384 0.49412 0.50588 0.49804 1.00000
v -1.27310 7.59400 -1.00461 0.49412 0.50588 0.49804 1.00000
v -1.96563 7.50530 -0.74224 0.49412 0.50588 0.49804 1.00000
v -2.33615 7.41158 -0.09458 0.49412 0.50588 0.49804 1.00000
v -2.32731 7.34642 0.62897 0.49412 0.50588 0.49804 1.00000
v -2.34266 7.27839 1.35915 0.49412 0.50588 0.49804 1.00000
v -1.94690 7.25688 2.00094 0.49412 0.50588 0.49804 1.00000
v -1.24190 7.30074 2.24294 0.49412 0.50588 0.49804 1.00000
v -0.57264 7.33960 2.50324 0.49412 0.50588 0.49804 1.00000
v -0.68587 9.02431 2.24018 0.49412 0.50588 0.49804 1.00000
v -0.01895 9.06472 2.19067 0.49412 0.50588 0.49804 1.00000
v 0.45791 9.12086 1.72583 0.49412 0.50588 0.49804 1.00000
v 0.81035 9.17385 1.20098 0.49412 0.50588 0.49804 1.00000
v 1.03451 9.22584 0.57885 0.49412 0.50588 0.49804 1.00000
v 0.80313 9.25232 -0.04222 0.49412 0.50588 0.49804 1.00000
v 0.43795 9.26465 -0.55817 0.49412 0.50588 0.49804 1.00000
v -0.04131 9.26692 -1.01608 0.49412 0.50588 0.49804 1.00000
v -0.70341 9.23477 -1.09248 0.49412 0.50588 0.49804 1.00000
v -1.30938 9.18756 -0.88205 0.49412 0.50588 0.49804 1.00000
v -1.91247 9.13768 -0.62703 0.49412 0.50588 0.49804 1.00000
v -2.27073 9.08210 -0.06659 0.49412 0.50588 0.49804 1.00000
v -2.28756 9.03985 0.58460 0.49412 0.50588 0.49804 1.00000
v -2.24893 9.00109 1.22949 0.49412 0.50588 0.49804 1.00000
v -1.90540 8.98406 1.80062 0.49412 0.50588 0.49804 1.00000
v -1.29866 9.00155 2.05935 0.49412 0.50588 0.49804 1.00000
v -0.68587 9.02431 2.24018 0.49412 0.50588 0.49804 1.00000
v -0.75271 11.05131 2.25471 0.49412 0.50588 0.49804 1.00000
v -0.14259 11.07279 2.16193 0.49412 0.50588 0.49804 1.00000
v 0.31419 11.10247 1.75570 0.49412 0.50588 0.49804 1.00000
v 0.66726 11.13212 1.27542 0.49412 0.50588 0.49804 1.00000
v 0.85211 11.16135 0.68485 0.49412 0.50588 0.49804 1.00000
v 0.64803 11.17899 0.10132 0.49412 0.50588 0.49804 1.00000
v 0.30891 11.18886 -0.38710 0.49412 0.50588 0.49804 1.00000
v -0.15206 11.19201 -0.79651 0.49412 0.50588 0.49804 1.00000
v -0.76781 11.17741 -0.87793 0.49412 0.50588 0.49804 1.00000
v -1.34727 11.15368 -0.70750 0.49412 0.50588 0.49804 1.00000
v -1.90283 11.12681 -0.44179 0.49412 0.50588 0.49804 1.00000
v -2.21713 11.09604 0.09401 0.49412 0.50588 0.49804 1.00000
v -2.27156 11.07013 0.69624 0.49412 0.50588 0.49804 1.00000
v -2.23110 11.04666 1.30633 0.49412 0.50588 0.49804 1.00000
v -1.88206 11.03599 1.82165 0.49412 0.50588 0.49804 1.00000
v -1.33412 11.04091 2.09405 0.49412 0.50588 0.49804 1.00000
v -0.75271 11.05131 2.25471 0.49412 0.50588 0.49804 1.00000
v -0.75204 12.83214 2.29113 0.49412 0.50588 0.49804 1.00000
v 0.22276 12.81562 1.85769 0.49412 0.50588 0.49804 1.00000
v 0.67009 12.79974 0.87786 0.49412 0.50588 0.49804 1.00000
v 0.20947 12.79503 -0.09481 0.49412 0.50588 0.49804 1.00000
v -0.76816 12.80255 -0.51088 0.49412 0.50588 0.49804 1.00000
v -1.77519 12.81904 -0.11770 0.49412 0.50588 0.49804 1.00000
v -2.12402 12.83406 0.89358 0.49412 0.50588 0.49804 1.00000
v -1.75080 12.84007 1.88793 0.49412 0.50588 0.49804 1.00000
v -0.75204 12.83214 2.29113 0.49412 0.50588 0.49804 1.00000
v -0.71157 14.64999 2.13080 0.49412 0.50588 0.49804 1.00000
v 0.15717 14.60535 1.73552 0.49412 0.50588 0.49804 1.00000
v 0.55322 14.54393 0.86310 0.49412 0.50588 0.49804 1.00000
v 0.15504 14.50154 -0.01504 0.49412 0.50588 0.49804 1.00000
v -0.72915 14.50135 -0.38178 0.49412 0.50588 0.49804 1.00000
v -1.62480 14.54456 -0.02171 0.49412 0.50588 0.49804 1.00000
v -1.96115 14.60608 0.87702 0.49412 0.50588 0.49804 1.00000
v -1.61830 14.65118 1.77807 0.49412 0.50588 0.49804 1.00000
v -0.71157 14.64999 2.13080 0.49412 0.50588 0.49804 1.00000
v -0.68360 16.83294 1.70943 0.49412 0.50588 0.49804 1.00000
v 0.13653 16.79171 1.35475 0.49412 0.50588 0.49804 1.00000
v 0.49534 16.71747 0.53232 0.49412 0.50588 0.49804 1.00000
v 0.12579 16.65357 -0.28737 0.49412 0.50588 0.49804 1.00000
v -0.70195 16.63490 -0.64529 0.49412 0.50588 0.49804 1.00000
v -1.54177 16.67613 -0.29395 0.49412 0.50588 0.49804 1.00000
v -1.85840 16.75141 0.54781 0.49412 0.50588 0.49804 1.00000
v -1.52467 16.81697 1.38126 0.49412 0.50588 0.49804 1.00000
v -0.68360 16.83294 1.70943 0.49412 0.50588 0.49804 1.00000
v -0.70754 18.69792 1.24922 0.49412 0.50588 0.49804 1.00000
v 0.03649 18.68079 0.92148 0.49412 0.50588 0.49804 1.00000
v 0.36938 18.60894 0.17528 0.49412 0.50588 0.49804 1.00000
v 0.01645 18.52217 -0.55569 0.49412 0.50588 0.49804 1.00000
v -0.72475 18.47170 -0.86004 0.49412 0.50588 0.49804 1.00000
v -1.48452 18.48516 -0.56308 0.49412 0.50588 0.49804 1.00000
v -1.77018 18.55974 0.19802 0.49412 0.50588 0.49804 1.00000
v -1.46856 18.64745 0.94927 0.49412 0.50588 0.49804 1.00000
v -0.70754 18.69792 1.24922 0.49412 0.50588 0.49804 1.00000
v -0.81456 20.60036 1.05969 0.49412 0.50588 0.49804 1.00000
v -0.14456 20.62007 0.75512 0.49412 0.50588 0.49804 1.00000
v 0.14652 20.57247 0.07918 0.49412 0.50588 0.49804 1.00000
v -0.16143 20.48065 -0.58188 0.49412 0.50588 0.49804 1.00000
v -0.83180 20.40102 -0.85693 0.49412 0.50588 0.49804 1.00000
v -1.51586 20.37760 -0.57781 0.49412 0.50588 0.49804 1.00000
v -1.77753 20.42882 0.11143 0.49412 0.50588 0.49804 1.00000
v -1.49871 20.51989 0.78675 0.49412 0.50588 0.49804 1.00000
v -0.81456 20.60036 1.05969 0.49412 0.50588 0.49804 1.00000
v -1.03877 22.93447 0.99910 0.49412 0.50588 0.49804 1.00000
v -0.41174 22.97633 0.71479 0.49412 0.50588 0.49804 1.00000
v -0.13635 22.95059 0.07801 0.49412 0.50588 0.49804 1.00000
v -0.42903 22.86601 -0.54391 0.49412 0.50588 0.49804 1.00000
v -1.05863 22.77682 -0.80568 0.49412 0.50588 0.49804 1.00000
v -1.69803 22.73256 -0.53410 0.49412 0.50588 0.49804 1.00000
v -1.93939 22.76289 0.11425 0.49412 0.50588 0.49804 1.00000
v -1.68199 22.84499 0.75067 0.49412 0.50588 0.49804 1.00000
v -1.03877 22.93447 0.99910 0.49412 0.50588 0.49804 1.00000
v -1.28537 24.92780 0.82521 0.49412 0.50588 0.49804 1.00000
v -0.70755 24.98981 0.57489 0.49412 0.50588 0.49804 1.00000
v -0.47724 24.99333 -0.01628 0.49412 0.50588 0.49804 1.00000
v -0.73142 24.93645 -0.59223 0.49412 0.50588 0.49804 1.00000
v -1.31302 24.85305 -0.82673 0.49412 0.50588 0.49804 1.00000
v -1.89536 24.79053 -0.57510 0.49412 0.50588 0.49804 1.00000
v -2.11522 24.78851 0.02040 0.49412 0.50588 0.49804 1.00000
v -1.87271 24.84419 0.60259 0.49412 0.50588 0.49804 1.00000
v -1.28537 24.92780 0.82521 0.49412 0.50588 0.49804 1.00000
v -1.51230 26.92981 0.51583 0.49412 0.50588 0.49804 1.00000
v -0.99359 26.98582 0.27447 0.49412 0.50588 0.49804 1.00000
v -0.77295 27.01533 -0.25769 0.49412 0.50588 0.49804 1.00000
v -1.01954 26.99713 -0.77834 0.49412 0.50588 0.49804 1.00000
v -1.54823 26.94615 -0.99269 0.49412 0.50588 0.49804 1.00000
v -2.07159 26.88978 -0.75980 0.49412 0.50588 0.49804 1.00000
v -2.27463 26.86201 -0.22358 0.49412 0.50588 0.49804 1.00000
v -2.05176 26.87764 0.30862 0.49412 0.50588 0.49804 1.00000
v -1.51230 26.92981 0.51583 0.49412 0.50588 0.49804 1.00000
v -1.70023 29.48118 0.47206 0.49412 0.50588 0.49804 1.00000
v -1.00801 29.56566 -0.25421 0.49412 0.50588 0.49804 1.00000
v -1.73848 29.54934 -0.95445 0.49412 0.50588 0.49804 1.00000
v -2.42551 29.46486 -0.22102 0.49412 0.50588 0.49804 1.00000
v -1.70023 29.48118 0.47206 0.49412 0.50588 0.49804 1.00000
v -1.75875 31.65268 0.77744 0.49412 0.50588 0.49804 1.00000
v -1.12407 31.72556 0.11066 0.49412 0.50588 0.49804 1.00000
v -1.79647 31.78051 -0.52499 0.49412 0.50588 0.49804 1.00000
v -2.43516 31.70710 0.14683 0.49412 0.50588 0.49804 1.00000
v -1.75875 31.65268 0.77744 0.49412 0.50588 0.49804 1.00000
v -1.72818 33.84176 1.19780 0.49412 0.50588 0.49804 1.00000
v -1.13295 33.90356 0.56867 0.49412 0.50588 0.49804 1.00000
v -1.76372 33.99427 -0.02034 0.49412 0.50588 0.49804 1.00000
v -2.35721 33.93251 0.60802 0.49412 0.50588 0.49804 1.00000
v -1.72818 33.84176 1.19780 0.49412 0.50588 0.49804 1.00000
v -1.63927 36.60565 1.41734 0.49412 0.50588 0.49804 1.00000
v -1.07431 36.66169 0.82155 0.49412 0.50588 0.49804 1.00000
v -1.67300 36.75826 0.26586 0.49412 0.50588 0.49804 1.00000
v -2.23550 36.70221 0.86094 0.49412 0.50588 0.49804 1.00000
v -1.63927 36.60565 1.41734 0.49412 0.50588 0.49804 1.00000
v -1.57231 38.98815 1.38888 0.49412 0.50588 0.49804 1.00000
v -1.04350 39.04350 0.82788 0.49412 0.50588 0.49804 1.00000
v -1.60527 39.11862 0.29485 0.49412 0.50588 0.49804 1.00000
v -2.13445 39.06242 0.86301 0.49412 0.50588 0.49804 1.00000
v -1.57231 38.98815 1.38888 0.49412 0.50588 0.49804 1.00000
v -1.60581 41.41530 1.57855 0.49412 0.50588 0.49804 1.00000
v -1.10334 41.47445 1.03761 0.49412 0.50588 0.49804 1.00000
v -1.63707 41.49535 0.53148 0.49412 0.50588 0.49804 1.00000
v -2.14700 41.43647 1.06587 0.49412 0.50588 0.49804 1.00000
v -1.60581 41.41530 1.57855 0.49412 0.50588 0.49804 1.00000
v -1.78899 44.36608 2.00932 0.49412 0.50588 0.49804 1.00000
v -1.29254 44.42489 1.48471 0.49412 0.50588 0.49804 1.00000
v -1.81784 44.41069 0.98633 0.49412 0.50588 0.49804 1.00000
v -2.31528 44.35184 1.51036 0.49412 0.50588 0.49804 1.00000
v -1.78899 44.36608 2.00932 0.49412 0.50588 0.49804 1.00000
v -2.06325 46.94662 2.22735 0.49412 0.50588 0.49804 1.00000
v -1.57909 46.99636 1.71360 0.49412 0.50588 0.49804 1.00000
v -2.08585 46.92956 1.22793 0.49412 0.50588 0.49804 1.00000
v -2.57485 46.87919 1.73812 0.49412 0.50588 0.49804 1.00000
v -2.06325 46.94662 2.22735 0.49412 0.50588 0.49804 1.00000
v -2.45025 50.00807 1.76345 0.49412 0.50588 0.49804 1.00000
v -1.96567 50.03445 1.25275 0.49412 0.50588 0.49804 1.00000
v -2.46616 49.93805 0.77506 0.49412 0.50588 0.49804 1.00000
v -2.95150 49.91099 1.27737 0.49412 0.50588 0.49804 1.00000
v -2.45025 50.00807 1.76345 0.49412 0.50588 0.49804 1.00000
v -2.47362 50.09417 1.24662 0.49412 0.50588 0.49804 1.00000
v -2.47362 50.09417 1.24662 0.49412 0.50588 0.49804 1.00000
v -2.47362 50.09417 1.24662 0.49412 0.50588 0.49804 1.00000
v -2.47362 50.09417 1.24662 0.49412 0.50588 0.49804 1.00000
v 1.95884 0.00423 4.78873 0.49412 0.50588 0.49804 0.00000
v 0.01391 -0.98972 -0.01887 0.49412 0.50588 0.49804 0.00000
v -0.01753 0.00351 3.97208 0.49412 0.50588 0.49804 0.00000
v 2.14168 0.00190 2.16067 0.49412 0.50588 0.49804 0.00000
v 3.19863 0.00118 1.34149 0.49412 0.50588 0.49804 0.00000
v 5.27721 0.00001 0.02330 0.49412 0.50588 0.49804 0.00000
v 3.21034 -0.00117 -1.31319 0.49412 0.50588 0.49804 0.00000
v 2.16067 -0.00190 -2.14168 0.49412 0.50588 0.49804 0.00000
v 2.00104 -0.00422 -4.77125 0.49412 0.50588 0.49804 0.00000
v 0.01752 -0.00350 -3.96798 0.49412 0.50588 0.49804 0.00000
v -1.04576 -0.00226 -2.55655 0.49412 0.50588 0.49804 0.00000
v -3.44513 -0.00306 -3.47568 0.49412 0.50588 0.49804 0.00000
v -4.11985 -0.00152 -1.72784 0.49412 0.50588 0.49804 0.00000
v -2.65876 -0.00001 -0.01174 0.49412 0.50588 0.49804 0.00000
v -4.13494 0.00150 1.69140 0.49412 0.50588 0.49804 0.00000
v -3.47568 0.00305 3.44512 0.49412 0.50588 0.49804 0.00000
v -1.06829 0.00225 2.54722 0.49412 0.50588 0.49804 0.00000
v -0.01750 0.00351 3.97208 0.49412 0.50588 0.49804 0.00000
# Normals
vn 0.74678 0.08833 -0.65918
vn 0.74745 0.08749 -0.65807
vn 0.92198 0.10097 -0.37169
vn 0.92286 0.09869 -0.37228
vn -0.10375 -0.03362 0.99403
vn -0.10441 -0.03037 0.99226
vn -0.77225 -0.09030 0.62871
vn -0.77288 -0.09014 0.62811
vn 0.49321 0.02748 0.86948
vn 0.49283 0.02446 0.86818
vn 0.74745 0.08749 -0.65807
vn 0.74678 0.08833 -0.65918
vn 0.75707 0.07209 -0.64134
vn 0.90779 0.13527 -0.36524
vn -0.11381 0.02028 0.96272
vn -0.76327 -0.09323 0.63716
vn 0.48383 -0.02387 0.84649
vn 0.75707 0.07209 -0.64134
vn 0.79737 -0.00718 -0.56572
vn 0.84695 0.28023 -0.34477
vn -0.14903 0.25068 0.81780
vn -0.72392 -0.10545 0.67420
vn 0.42739 -0.24352 0.74658
vn 0.79737 -0.00718 -0.56572
vn 0.88666 -0.28762 -0.36210
vn 0.67807 0.65080 -0.34158
vn -0.22576 0.91495 0.33450
vn -0.63288 -0.13564 0.76228
vn 0.18072 -0.87972 0.43980
vn 0.88666 -0.28762 -0.36210
vn 0.77560 -0.45568 -0.43680
vn 0.66706 0.61118 -0.42603
vn -0.12953 0.95954 0.25000
vn -0.68487 -0.13053 0.71688
vn -0.16004 -0.94427 0.28766
vn 0.77560 -0.45568 -0.43680
vn 0.46301 -0.77250 -0.43460
vn 0.70920 0.55290 -0.43743
vn 0.04764 0.98318 0.17634
vn -0.74750 0.04406 0.66280
vn -0.49696 -0.82843 0.25833
vn 0.46301 -0.77250 -0.43460
vn 0.30161 -0.89024 -0.34131
vn 0.83018 0.20399 -0.51884
vn 0.27362 0.96155 -0.02367
vn -0.73995 0.30384 0.60013
vn -0.66528 -0.66873 0.33196
vn 0.30161 -0.89024 -0.34131
vn 0.20570 -0.94636 -0.24917
vn 0.85660 -0.14315 -0.49573
vn 0.53603 0.84082 -0.07539
vn -0.66439 0.57132 0.48185
vn -0.85006 -0.40510 0.33658
vn 0.20570 -0.94636 -0.24917
vn -0.15857 -0.95876 -0.23588
vn 0.86181 -0.34763 -0.36937
vn 0.81414 0.57954 0.03626
vn -0.54791 0.72457 0.41807
vn -0.96703 -0.07241 0.24416
vn -0.15857 -0.95876 -0.23588
vn -0.61491 -0.72501 -0.31024
vn 0.59581 -0.69989 -0.39392
vn 0.98390 0.15219 0.09373
vn -0.04673 0.85755 0.51227
vn -0.84427 0.47892 0.24051
vn -0.61491 -0.72501 -0.31024
vn -0.78034 -0.62535 -0.00404
vn 0.46182 -0.87309 -0.15630
vn 0.99805 0.06213 0.00583
vn 0.04961 0.98403 0.17094
vn -0.81679 0.56003 0.13867
vn -0.78034 -0.62535 -0.00404
vn -0.83914 -0.53492 -0.09849
vn 0.19691 -0.97701 -0.08166
vn 0.94620 -0.31628 0.06841
vn 0.39764 0.90526 0.14961
vn -0.65406 0.75644 0.00285
vn -0.83914 -0.53492 -0.09849
vn -0.93836 -0.30262 -0.16702
vn -0.07217 -0.99706 0.02563
vn 0.80191 -0.51553 0.30195
vn 0.66315 0.74339 0.08725
vn -0.34408 0.90159 -0.26219
vn -0.93836 -0.30262 -0.16702
vn -0.94236 0.05218 -0.33051
vn -0.34431 -0.88869 0.30279
vn 0.62039 -0.52341 0.58409
vn 0.82281 0.56282 0.07886
vn -0.10528 0.86563 -0.48950
vn -0.94236 0.05218 -0.33051
vn -0.48569 -0.70346 0.51889
vn 0.87261 0.47548 0.11168
vn -0.48120 0.56782 -0.66785
vn -0.43702 -0.02130 -0.89920
vn -0.43423 -0.02187 -0.89938
vn -0.11661 0.01450 -0.99199
vn -0.11774 0.01202 -0.99297
vn 0.48593 0.02667 0.87359
vn 0.48458 0.02993 0.87208
vn -0.22669 -0.04523 0.97242
vn -0.22864 -0.04527 0.97246
vn 0.98074 0.09145 0.17260
vn 0.97987 0.08855 0.17205
vn -0.43423 -0.02187 -0.89938
vn -0.43702 -0.02130 -0.89920
vn -0.39237 -0.03270 -0.90168
vn -0.10265 0.05201 -0.97767
vn 0.46215 0.08017 0.84761
vn -0.19797 -0.04519 0.97193
vn 0.96379 0.04183 0.16532
vn -0.39237 -0.03270 -0.90168
vn -0.20848 -0.08861 -0.90876
vn -0.04797 0.21201 -0.91863
vn 0.35352 0.30513 0.72889
vn -0.07271 -0.04536 0.96959
vn 0.88164 -0.17133 0.14664
vn -0.20848 -0.08861 -0.90876
vn 0.28379 -0.28831 -0.91452
vn 0.05112 0.62731 -0.77709
vn -0.01112 0.93698 0.34922
vn 0.24537 -0.04967 0.96815
vn 0.58856 -0.79471 0.14842
vn 0.28379 -0.28831 -0.91452
vn 0.27106 -0.41944 -0.86637
vn -0.04972 0.58880 -0.80675
vn -0.21002 0.94645 0.24521
vn 0.15386 -0.07214 0.98546
vn 0.40540 -0.85901 0.31267
vn 0.27106 -0.41944 -0.86637
vn 0.38516 -0.68509 -0.61831
vn -0.04740 0.56974 -0.82046
vn -0.30182 0.95028 0.07669
vn -0.09266 0.03248 0.99517
vn 0.18900 -0.82222 0.53687
vn 0.38516 -0.68509 -0.61831
vn 0.37600 -0.80702 -0.45535
vn 0.21539 0.32021 -0.92254
vn -0.15627 0.97763 -0.14078
vn -0.33105 0.18909 0.92448
vn -0.11094 -0.69241 0.71292
vn 0.37600 -0.80702 -0.45535
vn 0.13752 -0.97016 -0.19971
vn 0.36145 0.06337 -0.93023
vn 0.12597 0.96619 -0.22496
vn -0.32523 0.48161 0.81380
vn -0.30719 -0.39743 0.86469
vn 0.13752 -0.97016 -0.19971
vn -0.21302 -0.97611 0.04276
vn 0.27263 -0.34794 -0.89700
vn 0.37474 0.78469 -0.49379
vn -0.07540 0.70497 0.70522
vn -0.35475 -0.16878 0.91960
vn -0.21302 -0.97611 0.04276
vn -0.17163 -0.97434 0.14563
vn 0.29666 -0.42200 -0.85668
vn 0.37355 0.68007 -0.63084
vn -0.10248 0.82282 0.55899
vn -0.40787 0.03154 0.91250
vn -0.17163 -0.97434 0.14563
vn -0.23404 -0.88654 0.39908
vn 0.38208 -0.62731 -0.67860
vn 0.53666 0.39788 -0.74410
vn -0.12001 0.93357 0.33772
vn -0.50480 0.25522 0.82465
vn -0.23404 -0.88654 0.39908
vn -0.38290 -0.74233 0.54984
vn 0.42535 -0.81598 -0.39146
vn 0.71779 0.01438 -0.69611
vn -0.00659 0.99977 -0.02030
vn -0.64551 0.54552 0.53454
vn -0.38290 -0.74233 0.54984
vn -0.62477 -0.47625 0.61875
vn 0.45717 -0.88857 0.03802
vn 0.90139 0.03695 -0.43143
vn 0.10623 0.90503 -0.41187
vn -0.73953 0.67312 -0.00019
vn -0.62477 -0.47625 0.61875
vn -0.78380 -0.32980 0.52621
vn 0.34051 -0.78402 0.51901
vn 0.97926 -0.00563 -0.20253
vn 0.23492 0.76748 -0.59648
vn -0.69426 0.66341 -0.27908
vn -0.78380 -0.32980 0.52621
vn 0.27277 -0.69098 0.66944
vn 0.29139 0.70981 -0.64130
vn -0.97683 0.14497 0.15744
vn -0.78496 -0.06188 -0.61645
vn -0.78330 -0.06246 -0.61759
vn -0.43468 -0.01860 -0.89943
vn -0.43491 -0.02107 -0.90022
vn 0.99085 0.09869 -0.09212
vn 0.98824 0.10180 -0.09056
vn 0.69484 0.05054 0.71732
vn 0.69443 0.05066 0.71777
vn 0.77585 0.09034 -0.62441
vn 0.77527 0.08747 -0.62368
vn -0.78330 -0.06246 -0.61759
vn -0.78496 -0.06188 -0.61645
vn -0.75832 -0.07312 -0.63427
vn -0.43367 0.01884 -0.88572
vn 0.94689 0.14923 -0.06718
vn 0.70086 0.04791 0.71063
vn 0.76523 0.04135 -0.60974
vn -0.75832 -0.07312 -0.63427
vn -0.64698 -0.12621 -0.70581
vn -0.43497 0.17967 -0.82395
vn 0.75366 0.35930 0.03254
vn 0.72783 0.03459 0.68051
vn 0.71920 -0.16816 -0.53453
vn -0.64698 -0.12621 -0.70581
vn -0.34252 -0.30564 -0.88840
vn -0.48242 0.60313 -0.63522
vn 0.15215 0.93989 0.30570
vn 0.79028 -0.01329 0.61260
vn 0.57550 -0.77716 -0.25460
vn -0.34252 -0.30564 -0.88840
vn -0.31325 -0.42005 -0.85172
vn -0.53834 0.58307 -0.60846
vn 0.00938 0.95062 0.31020
vn 0.71682 -0.05991 0.69468
vn 0.47183 -0.88130 0.02612
vn -0.31325 -0.42005 -0.85172
vn -0.20096 -0.72682 -0.65677
vn -0.46534 0.58175 -0.66710
vn 0.00389 0.98885 0.14888
vn 0.54532 0.02863 0.83774
vn 0.33283 -0.85925 0.38846
vn -0.20096 -0.72682 -0.65677
vn -0.30865 -0.84535 -0.43602
vn -0.46408 0.30025 -0.83336
vn -0.00909 0.98935 -0.14530
vn 0.51348 0.22235 0.82879
vn 0.30741 -0.75603 0.57785
vn -0.30865 -0.84535 -0.43602
vn -0.39130 -0.87868 -0.27350
vn -0.62004 0.01384 -0.78445
vn -0.12978 0.93300 -0.33566
vn 0.61283 0.43917 0.65694
vn 0.50591 -0.58915 0.63004
vn -0.39130 -0.87868 -0.27350
vn -0.16621 -0.98606 0.00778
vn -0.71799 -0.23164 -0.65638
vn -0.39213 0.73561 -0.55237
vn 0.62639 0.67304 0.39326
vn 0.69063 -0.26800 0.67172
vn -0.16621 -0.98606 0.00778
vn 0.25702 -0.96291 0.08209
vn -0.58553 -0.38178 -0.71513
vn -0.52059 0.65610 -0.54636
vn 0.33585 0.84229 0.42161
vn 0.59307 0.05820 0.80304
vn 0.25702 -0.96291 0.08209
vn 0.58043 -0.78339 0.22227
vn -0.13662 -0.54994 -0.82395
vn -0.49767 0.48190 -0.72118
vn -0.12338 0.86644 0.48379
vn 0.32164 0.11298 0.94010
vn 0.58043 -0.78339 0.22227
vn 0.65143 -0.70997 0.26754
vn 0.27002 -0.57100 -0.77527
vn -0.38073 0.21014 -0.90049
vn -0.52343 0.80301 0.28494
vn 0.06007 0.20455 0.97701
vn 0.65143 -0.70997 0.26754
vn 0.61174 -0.63603 0.47036
vn 0.41625 -0.65506 -0.63059
vn -0.23906 0.07936 -0.96776
vn -0.65133 0.75821 0.02964
vn -0.14292 0.36976 0.91807
vn 0.61174 -0.63603 0.47036
vn 0.42258 -0.50894 0.74993
vn 0.50168 -0.69961 -0.50879
vn -0.02980 0.10856 -0.99364
vn -0.56319 0.80770 -0.17449
vn -0.25987 0.43935 0.85991
vn 0.42258 -0.50894 0.74993
vn 0.57804 -0.66792 -0.46878
vn -0.41166 0.87616 -0.25076
vn -0.05873 -0.02268 0.99802
vn -0.92314 -0.03329 0.38303
vn -0.92324 -0.03402 0.38068
vn -0.99553 -0.04992 0.06611
vn -0.99637 -0.05245 0.06708
vn 0.67701 0.00271 -0.73597
vn 0.67609 0.00611 -0.73393
vn 0.99813 0.05475 -0.01724
vn 0.99836 0.05500 -0.01596
vn -0.25388 -0.06022 -0.96536
vn -0.25295 -0.06262 -0.96446
vn -0.92324 -0.03402 0.38068
vn -0.92314 -0.03329 0.38303
vn -0.92454 -0.04677 0.34600
vn -0.98279 -0.01080 0.05497
vn 0.66121 0.05799 -0.70134
vn 0.99474 0.05002 -0.03616
vn -0.23752 -0.10187 -0.94796
vn -0.92454 -0.04677 0.34600
vn -0.92851 -0.10733 0.19492
vn -0.92805 0.15935 0.01377
vn 0.58908 0.28835 -0.54880
vn 0.97938 0.02644 -0.11971
vn -0.16196 -0.28209 -0.86469
vn -0.92851 -0.10733 0.19492
vn -0.93303 -0.29756 -0.20226
vn -0.78295 0.62089 -0.03853
vn 0.36196 0.93012 -0.06217
vn 0.94319 -0.05328 -0.32795
vn 0.08386 -0.81397 -0.57483
vn -0.93303 -0.29756 -0.20226
vn -0.89830 -0.39232 -0.19786
vn -0.78612 0.61553 0.05601
vn 0.31313 0.94188 0.12173
vn 0.97152 -0.10406 -0.21289
vn 0.23532 -0.90503 -0.35433
vn -0.89830 -0.39232 -0.19786
vn -0.70775 -0.67098 -0.22110
vn -0.77198 0.63554 -0.01180
vn 0.21155 0.97454 0.07427
vn 0.99869 -0.03518 0.03722
vn 0.42569 -0.90427 -0.03306
vn -0.70775 -0.67098 -0.22110
vn -0.62615 -0.77925 -0.02659
vn -0.90137 0.39761 -0.17158
vn 0.03473 0.99260 -0.11633
vn 0.98425 0.11822 0.13141
vn 0.61317 -0.76950 0.17858
vn -0.62615 -0.77925 -0.02659
vn -0.39338 -0.90948 0.13449
vn -0.97635 0.18840 -0.10605
vn -0.07841 0.97326 -0.21593
vn 0.93641 0.35017 -0.02259
vn 0.83110 -0.54991 0.08289
vn -0.39338 -0.90948 0.13449
vn -0.09295 -0.97429 0.20523
vn -0.98004 -0.11739 0.16047
vn -0.40712 0.90637 -0.11289
vn 0.80330 0.52599 -0.27935
vn 0.90863 -0.40631 -0.09643
vn -0.09295 -0.97429 0.20523
vn -0.06604 -0.99726 -0.03332
vn -0.98227 -0.18472 0.03204
vn -0.50829 0.86118 -0.00292
vn 0.74564 0.66537 -0.03623
vn 0.96893 -0.24724 -0.00692
vn -0.06604 -0.99726 -0.03332
vn 0.18047 -0.97760 -0.10831
vn -0.90881 -0.36142 -0.20841
vn -0.70516 0.68793 -0.17177
vn 0.60346 0.78531 0.13832
vn 0.96170 -0.08926 0.25918
vn 0.18047 -0.97760 -0.10831
vn 0.37536 -0.92640 -0.02980
vn -0.70038 -0.52369 -0.48500
vn -0.80833 0.42464 -0.40779
vn 0.26958 0.91603 0.29702
vn 0.81292 0.13989 0.56533
vn 0.37536 -0.92640 -0.02980
vn 0.59578 -0.79150 0.13631
vn -0.40413 -0.63768 -0.65578
vn -0.71517 0.44961 -0.53514
vn -0.10064 0.94016 0.32554
vn 0.53765 0.32918 0.77626
vn 0.59578 -0.79150 0.13631
vn 0.67970 -0.69234 0.24221
vn -0.05648 -0.70904 -0.70290
vn -0.67436 0.21440 -0.70660
vn -0.33209 0.88948 0.31391
vn 0.35650 0.41753 0.83581
vn 0.67970 -0.69234 0.24221
vn 0.74118 -0.59160 0.31727
vn 0.04967 -0.73834 -0.67260
vn -0.58845 -0.02260 -0.80821
vn -0.48605 0.85975 0.15680
vn 0.36716 0.47180 0.80162
vn 0.74118 -0.59160 0.31727
vn 0.05131 -0.74794 -0.66179
vn -0.48814 0.87267 0.01302
vn 0.65510 0.10853 0.74771
vn -0.62089 -0.07893 0.77991
vn -0.62186 -0.07959 0.77853
vn -0.88925 -0.09460 0.44544
vn -0.88983 -0.09722 0.44581
vn 0.02827 0.02639 -0.99925
vn 0.02870 0.02967 -0.99722
vn 0.72261 0.08626 -0.68563
vn 0.72339 0.08666 -0.68497
vn -0.71127 -0.05270 -0.70094
vn -0.71006 -0.05533 -0.70039
vn -0.62186 -0.07959 0.77853
vn -0.62089 -0.07893 0.77991
vn -0.63568 -0.09172 0.75799
vn -0.87851 -0.05434 0.44224
vn 0.03560 0.08020 -0.96415
vn 0.71123 0.07970 -0.69519
vn -0.68862 -0.09751 -0.69055
vn -0.63568 -0.09172 0.75799
vn -0.69390 -0.15230 0.66667
vn -0.82921 0.11956 0.43399
vn 0.06554 0.30602 -0.80574
vn 0.66084 0.04984 -0.73724
vn -0.58054 -0.28933 -0.64364
vn -0.69390 -0.15230 0.66667
vn -0.83303 -0.35519 0.42415
vn -0.66942 0.58513 0.45771
vn 0.16052 0.94222 -0.29404
vn 0.53970 -0.03796 -0.84100
vn -0.21114 -0.84649 -0.48875
vn -0.83303 -0.35519 0.42415
vn -0.77659 -0.46675 0.42315
vn -0.63143 0.57168 0.52391
vn 0.19828 0.96845 -0.15094
vn 0.63071 -0.06459 -0.77333
vn 0.07560 -0.92088 -0.38246
vn -0.77659 -0.46675 0.42315
vn -0.61305 -0.73967 0.27760
vn -0.68154 0.57737 0.44961
vn 0.10924 0.99100 -0.07743
vn 0.80202 0.03724 -0.59614
vn 0.40683 -0.87022 -0.27786
vn -0.61305 -0.73967 0.27760
vn -0.51339 -0.83650 0.19155
vn -0.88306 0.30822 0.35384
vn -0.09289 0.99538 0.02447
vn 0.89026 0.21113 -0.40357
vn 0.59502 -0.77375 -0.21739
vn -0.51339 -0.83650 0.19155
vn -0.46720 -0.87251 0.14299
vn -0.94751 0.03532 0.31778
vn -0.27948 0.95393 0.10907
vn 0.85540 0.42250 -0.29964
vn 0.72762 -0.61830 -0.29712
vn -0.46720 -0.87251 0.14299
vn -0.18739 -0.98197 0.02485
vn -0.91184 -0.18473 0.36663
vn -0.54793 0.79903 0.24762
vn 0.68737 0.65356 -0.31683
vn 0.84015 -0.33727 -0.42474
vn -0.18739 -0.98197 0.02485
vn 0.03330 -0.98994 -0.13752
vn -0.91431 -0.26763 0.30400
vn -0.58036 0.78726 0.20834
vn 0.61437 0.76719 -0.18432
vn 0.95289 -0.11756 -0.27960
vn 0.03330 -0.98994 -0.13752
vn 0.27496 -0.95080 -0.14273
vn -0.88412 -0.46724 0.00274
vn -0.74649 0.66476 -0.02917
vn 0.52525 0.85088 0.01042
vn 0.99882 -0.04292 0.02276
vn 0.27496 -0.95080 -0.14273
vn 0.29596 -0.95334 -0.05962
vn -0.74571 -0.61866 -0.24735
vn -0.88800 0.41859 -0.19035
vn 0.25952 0.95693 0.13013
vn 0.95791 0.10116 0.26866
vn 0.29596 -0.95334 -0.05962
vn 0.47431 -0.87728 -0.07357
vn -0.59373 -0.73303 -0.33188
vn -0.94273 0.26532 -0.20214
vn -0.00392 0.97464 0.22373
vn 0.88319 0.30341 0.35765
vn 0.47431 -0.87728 -0.07357
vn 0.76394 -0.62971 -0.14091
vn -0.46220 -0.73709 -0.49302
vn -0.96096 0.10922 -0.25423
vn -0.21113 0.90624 0.36628
vn 0.78717 0.38623 0.48082
vn 0.76394 -0.62971 -0.14091
vn 0.83754 -0.51819 -0.17322
vn -0.17507 -0.67032 -0.72113
vn -0.88894 0.02370 -0.45742
vn -0.41891 0.77612 0.47133
vn 0.69116 0.35812 0.62773
vn 0.83754 -0.51819 -0.17322
vn -0.05001 -0.57443 -0.81702
vn -0.46088 0.76779 0.44507
vn 0.92064 -0.15572 0.35802
vn 0.42307 0.17622 0.88880
vn 0.42059 0.17561 0.88914
vn 0.17637 0.18934 0.96534
vn 0.17798 0.18805 0.96590
vn -0.93822 0.05422 0.34176
vn -0.93584 0.05762 0.33965
vn -0.09760 -0.18781 -0.97701
vn -0.09683 -0.18921 -0.97715
vn -0.32274 -0.18267 -0.92869
vn -0.32368 -0.18373 -0.92776
vn -0.76995 0.10913 0.62748
vn -0.76992 0.11144 0.62833
vn 0.42307 0.17622 0.88880
vn 0.42059 0.17561 0.88914
vn 0.38375 0.16603 0.89440
vn 0.15669 0.21263 0.95536
vn -0.89441 0.11008 0.30713
vn -0.10803 -0.16562 -0.97499
vn -0.33713 -0.20068 -0.91361
vn -0.76691 0.06936 0.61432
vn 0.38375 0.16603 0.89440
vn 0.22878 0.12384 0.91814
vn 0.07920 0.32132 0.90757
vn -0.69503 0.34134 0.16544
vn -0.15191 -0.06654 -0.96600
vn -0.38902 -0.27962 -0.85350
vn -0.74574 -0.11475 0.55408
vn 0.22878 0.12384 0.91814
vn -0.15878 0.01664 0.98717
vn -0.06161 0.64485 0.76182
vn -0.04318 0.97595 -0.21365
vn -0.23057 0.20783 -0.95060
vn -0.48320 -0.51648 -0.70694
vn -0.63795 -0.67266 0.37489
vn -0.15878 0.01664 0.98717
vn -0.16282 -0.10517 0.98103
vn 0.07473 0.66100 0.74666
vn 0.20686 0.95524 -0.21149
vn -0.08427 0.17913 -0.98021
vn -0.30666 -0.60229 -0.73703
vn -0.55346 -0.75696 0.34740
vn -0.16282 -0.10517 0.98103
vn -0.25945 -0.33502 0.90579
vn 0.08669 0.73059 0.67729
vn 0.21392 0.96380 -0.15917
vn 0.13253 0.22602 -0.96506
vn -0.02182 -0.62782 -0.77805
vn -0.31937 -0.94175 0.10542
vn -0.25945 -0.33502 0.90579
vn -0.20052 -0.43470 0.87797
vn -0.11216 0.56867 0.81488
vn 0.03705 0.99773 -0.05630
vn 0.19714 0.31118 -0.92968
vn 0.15078 -0.44153 -0.88449
vn -0.13104 -0.98900 0.06860
vn -0.20052 -0.43470 0.87797
vn -0.02021 -0.69304 0.72061
vn -0.17992 0.42327 0.88796
vn -0.17166 0.98306 -0.06426
vn 0.06487 0.49179 -0.86829
vn 0.13294 -0.24939 -0.95924
vn 0.08111 -0.99391 -0.07462
vn -0.02021 -0.69304 0.72061
vn 0.14048 -0.70332 0.69686
vn -0.16029 0.26786 0.95003
vn -0.25640 0.96001 0.11243
vn -0.10040 0.52857 -0.84293
vn 0.00499 -0.14294 -0.98972
vn 0.16588 -0.96134 -0.21978
vn 0.14048 -0.70332 0.69686
vn 0.24688 -0.80450 0.54022
vn 0.17258 0.11679 0.97805
vn -0.13160 0.90500 0.40455
vn -0.34354 0.68493 -0.64253
vn -0.24360 -0.01371 -0.96978
vn 0.09628 -0.89896 -0.42733
vn 0.24688 -0.80450 0.54022
vn 0.06076 -0.94942 0.30806
vn 0.05293 -0.02450 0.99830
vn -0.01298 0.84526 0.53419
vn -0.12504 0.79084 -0.59912
vn -0.13329 0.03994 -0.99027
vn -0.02853 -0.87177 -0.48909
vn 0.06076 -0.94942 0.30806
vn 0.11735 -0.94146 0.31603
vn 0.16503 -0.10761 0.98040
vn 0.12029 0.67225 0.73049
vn -0.10926 0.91014 -0.39963
vn -0.18811 0.18763 -0.96406
vn -0.06831 -0.75688 -0.64998
vn 0.11735 -0.94146 0.31603
vn 0.02908 -0.99012 0.13717
vn 0.20154 -0.22988 0.95212
vn 0.07285 0.73224 0.67714
vn -0.08200 0.97317 -0.21497
vn -0.14969 0.48570 -0.86121
vn -0.11195 -0.67977 -0.72483
vn 0.02908 -0.99012 0.13717
vn -0.00156 -0.99734 -0.07287
vn -0.01973 -0.43698 0.89925
vn -0.11015 0.55161 0.82680
vn -0.01857 0.99231 -0.12237
vn 0.08678 0.57241 -0.81536
vn -0.00217 -0.58142 -0.81360
vn -0.00156 -0.99734 -0.07287
vn 0.05674 -0.97631 -0.20878
vn -0.26097 -0.66921 0.69574
vn -0.40583 0.25070 0.87889
vn 0.01640 0.99984 -0.00650
vn 0.32447 0.67483 -0.66282
vn 0.27980 -0.39282 -0.87602
vn 0.05674 -0.97631 -0.20878
vn 0.16779 -0.91571 -0.36514
vn -0.48430 -0.73014 0.48202
vn -0.66194 0.24546 0.70823
vn -0.07359 0.96658 0.24556
vn 0.48906 0.82338 -0.28786
vn 0.60257 -0.21328 -0.76904
vn 0.16779 -0.91571 -0.36514
vn 0.14977 -0.86685 -0.47555
vn -0.62144 -0.76543 0.16711
vn -0.79380 0.22721 0.56415
vn -0.06723 0.94781 0.31167
vn 0.46367 0.88145 -0.08976
vn 0.79032 -0.00293 -0.61269
vn 0.14977 -0.86685 -0.47555
vn -0.65700 -0.75383 -0.00918
vn -0.03539 0.94739 0.31813
vn 0.80073 0.11188 -0.58849
vn 0.94836 0.06775 0.30989
vn 0.94716 0.06722 0.31166
vn 0.91611 0.07151 0.39283
vn 0.91738 0.06992 0.39183
vn -0.71949 -0.00707 0.69447
vn -0.71766 -0.00332 0.69243
vn -0.83722 -0.07131 -0.54159
vn -0.83693 -0.07262 -0.54246
vn -0.93217 -0.06901 -0.35537
vn -0.93217 -0.07015 -0.35419
vn -0.27461 0.02831 0.96046
vn -0.27472 0.03049 0.96104
vn 0.94836 0.06775 0.30989
vn 0.94716 0.06722 0.31166
vn 0.92917 0.05820 0.33818
vn 0.89824 0.09763 0.40500
vn -0.68718 0.05420 0.65787
vn -0.84059 -0.05009 -0.52979
vn -0.93164 -0.08837 -0.33692
vn -0.27124 -0.00989 0.94829
vn 0.92917 0.05820 0.33818
vn 0.85331 0.01409 0.45067
vn 0.82220 0.21485 0.45264
vn -0.54081 0.30704 0.49602
vn -0.85278 0.04737 -0.48006
vn -0.92668 -0.17249 -0.26792
vn -0.25432 -0.18729 0.88580
vn 0.85331 0.01409 0.45067
vn 0.66823 -0.11945 0.73430
vn 0.64494 0.54382 0.53695
vn -0.06692 0.99769 -0.01185
vn -0.86321 0.32952 -0.38247
vn -0.89962 -0.41788 -0.12674
vn -0.19125 -0.72823 0.65811
vn 0.66823 -0.11945 0.73430
vn 0.65781 -0.26555 0.70482
vn 0.72673 0.53419 0.43187
vn 0.10634 0.96993 -0.21891
vn -0.79940 0.32692 -0.50407
vn -0.85130 -0.46490 -0.24321
vn -0.16809 -0.80459 0.56955
vn 0.65781 -0.26555 0.70482
vn 0.45502 -0.43081 0.77934
vn 0.74636 0.57881 0.32852
vn 0.27544 0.90420 -0.32644
vn -0.63243 0.37379 -0.67846
vn -0.78802 -0.45649 -0.41308
vn -0.32131 -0.89149 0.31937
vn 0.45502 -0.43081 0.77934
vn 0.34357 -0.34182 0.87471
vn 0.72879 0.41850 0.54196
vn 0.45115 0.85364 -0.26029
vn -0.42730 0.36355 -0.82779
vn -0.69496 -0.31713 -0.64534
vn -0.39688 -0.86754 0.29976
vn 0.34357 -0.34182 0.87471
vn 0.20497 -0.42960 0.87945
vn 0.61367 0.27665 0.73951
vn 0.45912 0.88454 -0.08247
vn -0.23423 0.44405 -0.86484
vn -0.59703 -0.24863 -0.76272
vn -0.40007 -0.85277 0.33575
vn 0.20497 -0.42960 0.87945
vn 0.09968 -0.59403 0.79825
vn 0.52295 0.28889 0.80191
vn 0.40422 0.90364 0.14156
vn -0.18498 0.51134 -0.83924
vn -0.52941 -0.26753 -0.80508
vn -0.46510 -0.88403 0.04667
vn 0.09968 -0.59403 0.79825
vn 0.00943 -0.80147 0.59796
vn 0.39666 0.03959 0.91711
vn 0.26102 0.90532 0.33504
vn -0.14276 0.78384 -0.60433
vn -0.33953 -0.10257 -0.93499
vn -0.33799 -0.92575 -0.16955
vn 0.00943 -0.80147 0.59796
vn -0.14588 -0.83698 0.52744
vn 0.01331 0.05987 0.99812
vn 0.13436 0.89494 0.42549
vn 0.10942 0.73073 -0.67384
vn -0.04934 0.02794 -0.99839
vn -0.24391 -0.91559 -0.31968
vn -0.14588 -0.83698 0.52744
vn 0.01447 -0.89084 0.45409
vn 0.05914 -0.06622 0.99605
vn 0.12293 0.75058 0.64924
vn 0.02669 0.88823 -0.45863
vn -0.12326 0.09999 -0.98732
vn -0.12117 -0.88819 -0.44322
vn 0.01447 -0.89084 0.45409
vn 0.08926 -0.93815 0.33453
vn 0.24765 -0.19651 0.94871
vn 0.23908 0.68414 0.68905
vn -0.03637 0.96076 -0.27499
vn -0.28815 0.30367 -0.90816
vn -0.13930 -0.84663 -0.51362
vn 0.08926 -0.93815 0.33453
vn -0.00362 -0.99677 0.08025
vn 0.36937 -0.23952 0.89789
vn 0.34679 0.58478 0.73333
vn -0.05046 0.98511 -0.16437
vn -0.41063 0.30975 -0.85758
vn -0.32460 -0.66208 -0.67549
vn -0.00362 -0.99677 0.08025
vn -0.02644 -0.99965 -0.00164
vn 0.35135 -0.41907 0.83722
vn 0.35256 0.37940 0.85543
vn -0.01156 0.99884 -0.04664
vn -0.34290 0.42184 -0.83933
vn -0.35850 -0.56711 -0.74153
vn -0.02644 -0.99965 -0.00164
vn -0.00684 -0.98999 -0.14100
vn 0.17412 -0.62672 0.75954
vn 0.10570 0.31845 0.94203
vn -0.01967 0.99964 -0.01833
vn -0.10820 0.61842 -0.77837
vn -0.20648 -0.44843 -0.86964
vn -0.00684 -0.98999 -0.14100
vn 0.00609 -0.95273 -0.30376
vn -0.10937 -0.68624 0.71911
vn -0.21382 0.31654 0.92417
vn -0.05885 0.98256 0.17639
vn 0.09294 0.73270 -0.67417
vn 0.10046 -0.26643 -0.95860
vn 0.00609 -0.95273 -0.30376
vn -0.34698 -0.65552 0.67074
vn -0.14342 0.95533 0.25840
vn 0.27331 -0.21150 -0.93839
vn -0.32038 -0.14706 -0.93581
vn -0.31033 -0.14901 -0.93431
vn 0.29454 -0.06772 -0.94622
vn 0.29805 -0.07907 -0.95127
vn -0.24465 0.08681 0.96572
vn -0.24464 0.09204 0.96397
vn 0.36100 0.13908 0.91565
vn 0.35888 0.14969 0.92130
vn -0.32038 -0.14706 -0.93581
vn -0.31033 -0.14901 -0.93431
vn -0.15920 -0.18381 -0.90941
vn 0.23821 0.10091 -0.87293
vn -0.24544 0.17441 0.93506
vn 0.38371 -0.02356 0.83529
vn -0.15920 -0.18381 -0.90941
vn 0.49141 -0.36854 -0.78911
vn -0.02975 0.81766 -0.57493
vn -0.27655 0.55395 0.78528
vn 0.43191 -0.73874 0.51742
vn 0.49141 -0.36854 -0.78911
vn 0.51676 -0.47330 -0.71341
vn -0.09282 0.78407 -0.61369
vn -0.45187 0.56956 0.68660
vn 0.32072 -0.77088 0.55034
vn 0.51676 -0.47330 -0.71341
vn 0.55642 -0.65506 -0.51117
vn -0.10978 0.73555 -0.66851
vn -0.52449 0.65592 0.54284
vn 0.10692 -0.66822 0.73624
vn 0.55642 -0.65506 -0.51117
vn 0.43653 -0.82159 -0.36665
vn 0.01950 0.51425 -0.85742
vn -0.41608 0.83815 0.35268
vn 0.02809 -0.54672 0.83685
vn 0.43653 -0.82159 -0.36665
vn 0.27659 -0.94641 -0.16677
vn 0.24982 0.16000 -0.95498
vn -0.19992 0.97975 0.01091
vn -0.18235 -0.31460 0.93155
vn 0.27659 -0.94641 -0.16677
vn 0.39973 -0.90971 0.11241
vn 0.51733 0.21666 -0.82790
vn -0.32553 0.93152 -0.16218
vn -0.47359 -0.28771 0.83242
vn 0.39973 -0.90971 0.11241
vn 0.36632 -0.81212 0.45416
vn 0.68675 0.04169 -0.72570
vn -0.36434 0.82350 -0.43486
vn -0.61108 -0.11124 0.78371
vn 0.36632 -0.81212 0.45416
vn 0.33654 -0.68750 0.64350
vn 0.83040 -0.04854 -0.55505
vn -0.34925 0.71719 -0.60305
vn -0.78961 0.01819 0.61334
vn 0.33654 -0.68750 0.64350
vn 0.90715 0.06643 -0.41552
vn -0.87240 -0.02796 0.48800
vn -0.99088 -0.10135 0.08884
vn -0.98808 -0.10500 0.08147
vn -0.76940 -0.14800 -0.60875
vn -0.77189 -0.16006 -0.61528
vn 0.86764 0.15398 0.47276
vn 0.86655 0.15935 0.46956
vn 0.97598 0.08079 -0.17369
vn 0.98121 0.09060 -0.17036
vn -0.99088 -0.10135 0.08884
vn -0.98808 -0.10500 0.08147
vn -0.94282 -0.16586 -0.02904
vn -0.73608 0.03020 -0.50922
vn 0.84605 0.24481 0.42270
vn 0.90110 -0.06915 -0.21394
vn -0.94282 -0.16586 -0.02904
vn -0.72885 -0.47124 -0.49670
vn -0.62397 0.77909 -0.06068
vn 0.72001 0.64842 0.24726
vn 0.60332 -0.72222 -0.33823
vn -0.72885 -0.47124 -0.49670
vn -0.68174 -0.62302 -0.38351
vn -0.68723 0.72624 0.01721
vn 0.64197 0.70877 0.29244
vn 0.63721 -0.73246 -0.23970
vn -0.68174 -0.62302 -0.38351
vn -0.52467 -0.82194 -0.22167
vn -0.73757 0.67459 0.03031
vn 0.54781 0.81460 0.19061
vn 0.79582 -0.60273 -0.05810
vn -0.52467 -0.82194 -0.22167
vn -0.31143 -0.94990 0.02627
vn -0.94505 0.31390 -0.09133
vn 0.22708 0.97101 -0.07466
vn 0.91373 -0.40039 0.06918
vn -0.31143 -0.94990 0.02627
vn 0.13174 -0.97199 -0.19465
vn -0.95437 0.20950 -0.21280
vn 0.09982 0.97187 0.21331
vn 0.95331 -0.23058 0.19502
vn 0.13174 -0.97199 -0.19465
vn 0.37115 -0.82859 -0.41916
vn -0.93933 -0.02055 -0.34239
vn -0.20912 0.86347 0.45901
vn 0.96055 -0.02172 0.27726
vn 0.37115 -0.82859 -0.41916
vn 0.54476 -0.72185 -0.42682
vn -0.83490 -0.08138 -0.54436
vn -0.46929 0.73645 0.48724
vn 0.85560 0.06429 0.51363
vn 0.54476 -0.72185 -0.42682
vn 0.60607 -0.74190 -0.28679
vn -0.59091 -0.01219 -0.80665
vn -0.48878 0.78021 0.39035
vn 0.63069 0.00266 0.77603
vn 0.60607 -0.74190 -0.28679
vn -0.38724 0.07145 -0.91921
vn 0.48466 -0.07709 0.87130
vn -0.75671 -0.04775 0.65201
vn -0.75783 -0.05217 0.64817
vn -0.52697 -0.04134 -0.83107
vn -0.53521 -0.05416 -0.84298
vn 0.63996 0.03701 -0.76752
vn 0.63672 0.03063 -0.76782
vn -0.75783 -0.05217 0.64817
vn -0.75671 -0.04775 0.65201
vn -0.77283 -0.12211 0.59086
vn -0.40628 0.15077 -0.64902
vn 0.59613 -0.05781 -0.77257
vn -0.77283 -0.12211 0.59086
vn -0.82493 -0.44961 0.34254
vn 0.10106 0.97754 0.18494
vn 0.48064 -0.38218 -0.78926
vn -0.82493 -0.44961 0.34254
vn -0.76848 -0.53738 0.34737
vn 0.08411 0.95536 0.28322
vn 0.62368 -0.26276 -0.73619
vn -0.76848 -0.53738 0.34737
vn -0.68076 -0.72007 0.13441
vn -0.03207 0.94772 0.31748
vn 0.81830 -0.12787 -0.56038
vn -0.68076 -0.72007 0.13441
vn -0.54993 -0.83114 -0.08230
vn -0.56526 0.72616 0.39138
vn 0.91529 0.32189 -0.24213
vn -0.54993 -0.83114 -0.08230
vn -0.43099 -0.85041 -0.30175
vn -0.58993 0.70832 0.38763
vn 0.96340 0.25982 -0.06595
vn -0.43099 -0.85041 -0.30175
vn -0.17466 -0.93253 -0.31603
vn -0.74221 0.62120 0.25148
vn 0.90596 0.41605 0.07834
vn -0.17466 -0.93253 -0.31603
vn 0.06847 -0.97826 -0.19576
vn -0.85411 0.51538 -0.06979
vn 0.85664 0.46225 0.22913
vn 0.06847 -0.97826 -0.19576
vn -0.86087 0.44431 -0.24799
vn 0.81343 -0.56172 0.15100
vn 0.36299 0.04235 0.93083
vn 0.35343 0.03815 0.92997
vn -0.92146 -0.06425 -0.33811
vn -0.93645 -0.07706 -0.34225
vn 0.05011 -0.01177 -0.99867
vn 0.04571 -0.01809 -0.99616
vn 0.35343 0.03815 0.92997
vn 0.36299 0.04235 0.93083
vn 0.21408 -0.02290 0.91965
vn -0.69689 0.12793 -0.27994
vn -0.01794 -0.11234 -0.95968
vn 0.21408 -0.02290 0.91965
vn -0.36632 -0.26738 0.89125
vn 0.29719 0.95385 -0.04297
vn -0.26773 -0.51594 -0.81371
vn -0.36632 -0.26738 0.89125
vn -0.38649 -0.27616 0.87998
vn 0.31652 0.94647 -0.06331
vn -0.03144 -0.54212 -0.83971
vn -0.38649 -0.27616 0.87998
vn -0.32741 -0.49157 0.80695
vn 0.17641 0.98279 -0.05488
vn 0.12362 -0.46556 -0.87634
vn -0.32741 -0.49157 0.80695
vn -0.09696 -0.66011 0.74488
vn 0.08618 0.92904 0.35980
vn -0.00708 -0.02072 -0.99976
vn -0.09696 -0.66011 0.74488
vn -0.39040 -0.77432 0.49801
vn 0.10109 0.92536 0.36536
vn 0.29881 -0.06798 -0.95189
vn -0.39040 -0.77432 0.49801
vn -0.61106 -0.77833 0.14423
vn -0.06390 0.86308 0.50102
vn 0.71358 -0.02145 -0.70025
vn -0.61106 -0.77833 0.14423
vn -0.59805 -0.79978 -0.05178
vn -0.28876 0.79232 0.53744
vn 0.86020 0.10791 -0.49840
vn -0.59805 -0.79978 -0.05178
vn -0.33051 0.76410 0.55399
vn 0.30557 -0.73540 -0.60483
vn 0.96897 0.08176 -0.23325
vn 0.96582 0.08004 -0.22176
vn -0.76611 -0.00178 0.61694
vn -0.77632 -0.01298 0.63020
vn -0.96246 -0.13647 -0.23463
vn -0.96021 -0.14222 -0.22963
vn 0.96582 0.08004 -0.22176
vn 0.96897 0.08176 -0.23325
vn 0.92160 0.05638 -0.05232
vn -0.62020 0.16530 0.41553
vn -0.92705 -0.22870 -0.15865
vn 0.92160 0.05638 -0.05232
vn 0.74801 -0.02247 0.66330
vn -0.01508 0.87228 -0.48878
vn -0.78637 -0.60677 0.11596
vn 0.74801 -0.02247 0.66330
vn 0.73565 -0.02438 0.67692
vn -0.04477 0.84281 -0.53635
vn -0.73805 -0.67078 -0.07304
vn 0.73565 -0.02438 0.67692
vn 0.69621 -0.22926 0.68024
vn -0.08766 0.88366 -0.45985
vn -0.72735 -0.64614 -0.23121
vn 0.69621 -0.22926 0.68024
vn 0.74039 -0.41999 0.52481
vn 0.23728 0.93494 -0.26379
vn -0.91920 -0.27921 -0.27771
vn 0.74039 -0.41999 0.52481
vn 0.52685 -0.57371 0.62713
vn 0.16375 0.97703 -0.13638
vn -0.77600 -0.34948 -0.52505
vn 0.52685 -0.57371 0.62713
vn 0.33692 -0.69481 0.63540
vn 0.26357 0.96321 0.05249
vn -0.65801 -0.22957 -0.71716
vn 0.33692 -0.69481 0.63540
vn 0.19960 -0.75694 0.62226
vn 0.33473 0.91426 0.22822
vn -0.55662 -0.07168 -0.82767
vn 0.19960 -0.75694 0.62226
vn 0.38337 0.88899 0.25046
vn -0.42900 -0.87637 -0.21896
vn 0.75900 0.04797 -0.64932
vn 0.76126 0.04393 -0.64359
vn 0.06291 0.03247 0.98441
vn 0.06619 0.02066 0.99759
vn -0.84096 -0.05598 0.53819
vn -0.83627 -0.06278 0.53954
vn 0.76126 0.04393 -0.64359
vn 0.75900 0.04797 -0.64932
vn 0.79418 -0.01909 -0.55897
vn 0.01531 0.20979 0.78440
vn -0.77398 -0.15971 0.55843
vn 0.79418 -0.01909 -0.55897
vn 0.93105 -0.30454 -0.20101
vn -0.18032 0.97684 -0.11515
vn -0.56414 -0.53812 0.62624
vn 0.93105 -0.30454 -0.20101
vn 0.90317 -0.36690 -0.22286
vn -0.16295 0.96785 -0.19159
vn -0.69999 -0.47145 0.53642
vn 0.90317 -0.36690 -0.22286
vn 0.84516 -0.52860 -0.07934
vn -0.11647 0.95888 -0.25882
vn -0.81603 -0.39216 0.42463
vn 0.84516 -0.52860 -0.07934
vn 0.80785 -0.58290 0.08718
vn 0.08213 0.94807 -0.30726
vn -0.92719 -0.29122 0.23561
vn 0.80785 -0.58290 0.08718
vn 0.69179 -0.72057 0.04690
vn 0.43724 0.84534 -0.30697
vn -0.97126 0.07248 0.22674
vn 0.69179 -0.72057 0.04690
vn 0.53669 -0.81043 0.23488
vn 0.43162 0.89160 -0.13696
vn -0.99671 0.00199 -0.08108
vn 0.53669 -0.81043 0.23488
vn 0.34060 -0.86745 0.36267
vn 0.56606 0.82240 -0.05682
vn -0.97171 0.01028 -0.23594
vn 0.34060 -0.86745 0.36267
vn 0.58165 0.80810 0.09309
vn -0.50837 -0.86038 0.03616
vn -0.88410 -0.08332 0.45980
vn -0.88628 -0.09230 0.41090
vn 0.25311 0.23623 -0.85591
vn 0.26569 0.19338 -0.94447
vn 0.99926 -0.00643 -0.03786
vn 0.98451 -0.03698 -0.06141
vn -0.88628 -0.09230 0.41090
vn -0.88410 -0.08332 0.45980
vn -0.92138 -0.23036 -0.31305
vn 0.06777 0.87636 0.47686
vn 0.79608 -0.47274 -0.37785
vn -0.92138 -0.23036 -0.31305
vn -0.87116 -0.21622 -0.44082
vn 0.05759 0.87677 0.47744
vn 0.84237 -0.53469 -0.06730
vn -0.87116 -0.21622 -0.44082
vn -0.69191 -0.40499 -0.59770
vn -0.24805 0.90934 0.33403
vn 0.90524 -0.32197 0.27725
vn -0.69191 -0.40499 -0.59770
vn -0.59419 -0.47579 -0.64851
vn -0.18668 0.94654 0.26308
vn 0.81746 -0.40490 0.40964
vn -0.59419 -0.47579 -0.64851
vn -0.60986 -0.58972 -0.52944
vn -0.22391 0.97458 -0.00743
vn 0.81259 -0.34176 0.47213
vn -0.60986 -0.58972 -0.52944
vn -0.19309 0.96966 -0.14989
vn 0.06575 -0.99772 0.01520
vn -0.12677 -0.08144 0.98858
vn -0.15158 -0.10301 0.97288
vn -0.74594 0.13619 -0.53612
vn -0.81279 0.08103 -0.57689
vn 0.38629 0.06566 -0.92004
vn 0.36245 0.03195 -0.91758
vn -0.15158 -0.10301 0.97288
vn -0.12677 -0.08144 0.98858
vn -0.51664 -0.44268 0.73288
vn 0.25382 0.96158 0.10455
vn 0.04834 -0.42215 -0.90523
vn -0.51664 -0.44268 0.73288
vn -0.55557 -0.48270 0.67701
vn 0.27165 0.94240 0.19516
vn 0.23421 -0.33516 -0.91258
vn -0.55557 -0.48270 0.67701
vn -0.64714 -0.62876 0.43113
vn 0.12081 0.86886 0.48010
vn 0.51952 -0.08136 -0.85058
vn -0.64714 -0.62876 0.43113
vn -0.70825 -0.66556 0.23540
vn -0.06616 0.93997 0.33479
vn 0.77223 -0.21318 -0.59852
vn -0.70825 -0.66556 0.23540
vn -0.13897 0.91094 0.38842
vn 0.00063 -0.93561 -0.35304
vn 0.85644 -0.07688 0.51048
vn 0.84053 -0.09909 0.52055
vn -0.65323 0.02836 0.65697
vn -0.70282 -0.03542 0.71049
vn -0.88632 0.07336 -0.45722
vn -0.88208 0.03718 -0.44571
vn 0.84053 -0.09909 0.52055
vn 0.85644 -0.07688 0.51048
vn 0.60123 -0.44566 0.66326
vn 0.11261 0.98392 -0.13866
vn -0.83109 -0.45759 -0.31606
vn 0.60123 -0.44566 0.66326
vn 0.48415 -0.47300 0.73611
vn 0.39726 0.91669 -0.04311
vn -0.78265 -0.16896 -0.59909
vn 0.48415 -0.47300 0.73611
vn 0.25795 -0.50887 0.82129
vn 0.37272 0.92235 -0.10174
vn -0.60203 -0.37153 -0.70677
vn 0.25795 -0.50887 0.82129
vn 0.17059 -0.60548 0.77737
vn 0.32808 0.94454 0.01401
vn -0.53523 -0.34570 -0.77072
vn 0.17059 -0.60548 0.77737
vn 0.30726 0.95117 0.02949
vn -0.35218 -0.93522 -0.03652
vn 0.88406 0.00737 -0.46731
vn 0.88897 -0.00858 -0.43127
vn 0.05818 -0.02854 0.90326
vn 0.07077 -0.08934 0.99348
vn -0.96230 0.01266 0.27170
vn -0.94756 -0.01958 0.28397
vn 0.88897 -0.00858 -0.43127
vn 0.88406 0.00737 -0.46731
vn 0.96654 -0.23900 0.09312
vn -0.15056 0.88374 -0.44310
vn -0.72721 -0.50895 0.46058
vn 0.96654 -0.23900 0.09312
vn 0.96223 -0.22167 0.15804
vn -0.17721 0.86748 -0.46484
vn -0.74893 -0.55548 0.36132
vn 0.96223 -0.22167 0.15804
vn 0.92405 -0.32480 0.20161
vn 0.09573 0.81703 -0.56859
vn -0.90323 -0.31998 0.28598
vn 0.92405 -0.32480 0.20161
vn 0.86054 -0.34432 0.37539
vn -0.04889 0.91454 -0.40153
vn -0.81129 -0.58020 0.07196
vn 0.86054 -0.34432 0.37539
vn -0.05061 0.91918 -0.39057
vn 0.01476 -0.90679 0.42133
vn -0.53168 0.18040 -0.82751
vn -0.49408 0.16400 -0.83792
vn 0.82455 -0.03965 0.42013
vn 0.89934 -0.10169 0.42526
vn 0.23286 -0.20196 0.95131
vn 0.24888 -0.23120 0.92677
vn -0.49408 0.16400 -0.83792
vn -0.53168 0.18040 -0.82751
vn 0.05453 -0.07703 -0.99554
vn -0.29991 0.88935 0.34512
vn 0.46968 -0.66254 0.58347
vn 0.05453 -0.07703 -0.99554
vn 0.01567 -0.09516 -0.99534
vn -0.33249 0.87704 0.34678
vn 0.39983 -0.67038 0.62508
vn 0.01567 -0.09516 -0.99534
vn 0.27835 -0.07468 -0.95757
vn -0.55754 0.80883 0.18691
vn 0.24991 -0.56057 0.78950
vn 0.27835 -0.07468 -0.95757
vn 0.58365 -0.06134 -0.80969
vn -0.39959 0.88290 0.24660
vn -0.18744 -0.78428 0.59142
vn 0.58365 -0.06134 -0.80969
vn 0.50729 -0.10248 -0.85566
vn -0.28386 0.93391 0.21734
vn -0.15847 -0.77999 0.60540
vn 0.50729 -0.10248 -0.85566
vn -0.25180 0.94311 0.21714
vn 0.33329 -0.87177 -0.35907
vn -0.44879 -0.08251 0.88982
vn -0.47172 -0.09666 0.86477
vn -0.67132 0.09822 -0.60654
vn -0.74146 0.04731 -0.66933
vn 0.50864 0.08053 -0.85721
vn 0.49303 0.04710 -0.85691
vn -0.47172 -0.09666 0.86477
vn -0.44879 -0.08251 0.88982
vn -0.80609 -0.28131 0.52066
vn 0.40077 0.86173 0.31114
vn 0.25107 -0.47134 -0.84546
vn -0.80609 -0.28131 0.52066
vn -0.83027 -0.23045 0.50750
vn 0.36686 0.82065 0.43812
vn 0.42120 -0.39063 -0.81853
vn -0.83027 -0.23045 0.50750
vn -0.88161 -0.22965 0.41234
vn 0.47709 0.85619 0.19831
vn 0.40142 -0.63307 -0.66188
vn -0.88161 -0.22965 0.41234
vn 0.44903 0.88798 0.09935
vn -0.33798 -0.91641 -0.21439
vn 0.98350 -0.02882 0.17859
vn 0.96656 -0.04507 0.20740
vn -0.62548 0.07557 0.66698
vn -0.67520 0.01972 0.73737
vn -0.92985 0.02727 -0.36692
vn -0.92480 -0.00740 -0.34594
vn 0.96656 -0.04507 0.20740
vn 0.98350 -0.02882 0.17859
vn 0.74108 -0.25362 0.62167
vn 0.09435 0.91084 -0.40184
vn -0.83633 -0.54756 -0.02711
vn 0.74108 -0.25362 0.62167
vn 0.83358 -0.26032 0.48722
vn 0.04651 0.88207 -0.46882
vn -0.84202 -0.53439 0.07363
vn 0.83358 -0.26032 0.48722
vn 0.72507 -0.19985 0.65904
vn 0.15793 0.84541 -0.51023
vn -0.84259 -0.50559 -0.18555
vn 0.72507 -0.19985 0.65904
vn 0.58200 -0.21098 0.78534
vn 0.03895 0.91171 -0.40897
vn -0.64580 -0.66207 -0.38027
vn 0.58200 -0.21098 0.78534
vn 0.14927 0.89566 -0.41895
vn -0.08772 -0.84740 0.52367
vn -0.29816 0.07757 -0.95136
vn -0.24999 0.07288 -0.94698
vn 0.63224 -0.00115 0.64841
vn 0.72036 -0.04952 0.69183
vn -0.15536 -0.08658 0.98406
vn -0.12845 -0.11366 0.97310
vn -0.24999 0.07288 -0.94698
vn -0.29816 0.07757 -0.95136
vn 0.45405 0.01370 -0.89087
vn -0.69291 0.71981 0.04167
vn 0.30023 -0.54761 0.78102
vn 0.45405 0.01370 -0.89087
vn 0.46596 0.08605 -0.88061
vn -0.73747 0.66806 0.09913
vn 0.31086 -0.64055 0.70218
vn 0.46596 0.08605 -0.88061
vn 0.47537 0.09130 -0.87503
vn -0.80879 0.55447 0.19601
vn 0.38002 -0.63510 0.67249
vn 0.47537 0.09130 -0.87503
vn 0.41942 0.16100 -0.89340
vn -0.80068 0.54843 0.24113
vn 0.39667 -0.65869 0.63936
vn 0.41942 0.16100 -0.89340
vn -0.79555 0.55866 0.23451
vn 0.82013 -0.46155 -0.33817
vn -0.98866 -0.00064 -0.15016
vn -0.96401 -0.00311 -0.19099
vn 0.62491 0.11427 -0.64127
vn 0.68909 0.07131 -0.72116
vn 0.93964 -0.01648 0.34175
vn 0.93289 -0.05004 0.32336
vn -0.96401 -0.00311 -0.19099
vn -0.98866 -0.00064 -0.15016
vn -0.65650 0.03762 -0.75339
vn -0.24997 0.74028 0.62411
vn 0.79504 -0.60519 -0.04071
vn -0.65650 0.03762 -0.75339
vn -0.76646 0.10977 -0.63285
vn -0.07505 0.67195 0.73678
vn 0.72381 -0.65979 -0.20196
vn -0.76646 0.10977 -0.63285
vn -0.80732 0.11296 -0.57920
vn 0.11909 0.55721 0.82179
vn 0.69123 -0.65618 -0.30269
vn -0.80732 0.11296 -0.57920
vn 0.17100 0.47110 0.86534
vn -0.01664 -0.52202 -0.85277
vn 0.98544 0.03016 0.16734
vn 0.96826 0.02034 0.20013
vn -0.74245 -0.09241 0.50216
vn -0.80694 -0.15348 0.57035
vn -0.95816 -0.00685 -0.28616
vn -0.95118 -0.03948 -0.27198
vn 0.96826 0.02034 0.20013
vn 0.98544 0.03016 0.16734
vn 0.75324 -0.06279 0.65474
vn 0.14492 0.81449 -0.56179
vn -0.79620 -0.60434 0.02917
vn 0.75324 -0.06279 0.65474
vn 0.85032 0.02253 0.52579
vn -0.02317 0.76897 -0.63887
vn -0.68087 -0.69815 0.22137
vn 0.85032 0.02253 0.52579
vn 0.88294 0.10535 0.45752
vn -0.25009 0.62264 -0.74147
vn -0.60282 -0.71483 0.35444
vn 0.88294 0.10535 0.45752
vn -0.28360 0.45409 -0.84461
vn 0.14691 -0.51118 0.84682
vn -0.42600 0.13662 -0.89435
vn -0.38340 0.13476 -0.89851
vn 0.79347 0.01479 0.42375
vn 0.89780 -0.02482 0.43970
vn 0.09367 -0.17274 0.98050
vn 0.11857 -0.19412 0.96310
vn -0.38340 0.13476 -0.89851
vn -0.42600 0.13662 -0.89435
vn 0.19410 0.14853 -0.96967
vn -0.76289 0.58893 0.26676
vn 0.56733 -0.56132 0.60255
vn 0.19410 0.14853 -0.96967
vn 0.05669 0.23170 -0.97113
vn -0.73746 0.52451 0.42549
vn 0.68091 -0.63204 0.36999
vn 0.05669 0.23170 -0.97113
vn -0.05141 0.32454 -0.94447
vn -0.65607 0.35299 0.66706
vn 0.74711 -0.63376 0.20044
vn -0.05141 0.32454 -0.94447
vn -0.62606 0.22018 0.74805
vn 0.71015 -0.28502 -0.64378
vn -0.36469 -0.18844 0.91186
vn -0.38005 -0.19981 0.89863
vn -0.72756 0.10212 -0.52919
vn -0.81296 0.05552 -0.57966
vn 0.49513 0.18500 -0.84890
vn 0.46194 0.15409 -0.85523
vn -0.38005 -0.19981 0.89863
vn -0.36469 -0.18844 0.91186
vn -0.58624 -0.34258 0.73414
vn 0.55829 0.80381 0.20543
vn -0.07498 -0.36108 -0.92952
vn -0.58624 -0.34258 0.73414
vn -0.50178 -0.25217 0.82743
vn 0.65365 0.73834 0.16611
vn -0.26228 -0.45611 -0.85040
vn -0.50178 -0.25217 0.82743
vn -0.40267 -0.13643 0.90512
vn 0.81114 0.58073 -0.06930
vn -0.49680 -0.44274 -0.74644
vn -0.40267 -0.13643 0.90512
vn 0.78189 0.57719 -0.23558
vn -0.81867 -0.56777 0.08606
vn -0.28123 -0.17870 -0.94285
vn -0.25720 -0.19055 -0.94167
vn 0.87991 0.14010 -0.12770
vn 0.98369 0.10186 -0.14828
vn -0.05692 0.14283 0.98811
vn -0.01258 0.12029 0.97172
vn -0.25720 -0.19055 -0.94167
vn -0.28123 -0.17870 -0.94285
vn 0.00931 -0.31444 -0.94923
vn -0.65114 0.72034 0.23901
vn 0.71088 -0.31728 0.62768
vn 0.00931 -0.31444 -0.94923
vn -0.18142 -0.14720 -0.97233
vn -0.63080 0.66867 0.39366
vn 0.79253 -0.49356 0.35819
vn -0.18142 -0.14720 -0.97233
vn -0.32111 0.04213 -0.94610
vn -0.52039 0.49863 0.69323
vn 0.84549 -0.51538 0.13977
vn -0.32111 0.04213 -0.94610
vn -0.40485 0.43677 0.80333
vn 0.53476 -0.46092 -0.70823
vn 0.41242 -0.04187 0.91003
vn 0.39844 -0.05804 0.91159
vn -0.90796 -0.04211 -0.06301
vn -0.99394 -0.10135 -0.04247
vn -0.25206 0.06409 -0.96559
vn -0.28001 0.03200 -0.93999
vn 0.39844 -0.05804 0.91159
vn 0.41242 -0.04187 0.91003
vn 0.23152 -0.26230 0.93680
vn 0.37247 0.84615 -0.38116
vn -0.70180 -0.50425 -0.50320
vn 0.23152 -0.26230 0.93680
vn 0.39870 -0.15217 0.90437
vn 0.41196 0.77892 -0.47283
vn -0.76540 -0.59923 -0.23471
vn 0.39870 -0.15217 0.90437
vn 0.55346 0.03939 0.83194
vn 0.29396 0.56755 -0.76908
vn -0.80465 -0.58811 0.08165
vn 0.55346 0.03939 0.83194
vn 0.11944 0.49780 -0.85903
vn -0.27343 -0.52587 0.80542
vn 0.96403 0.08358 -0.25230
vn 0.84420 0.09721 -0.23543
vn -0.66980 -0.03493 0.58315
vn -0.75811 0.00315 0.65211
vn -0.97317 -0.14958 -0.17484
vn -0.89436 -0.12699 -0.10554
vn 0.84420 0.09721 -0.23543
vn 0.96403 0.08358 -0.25230
vn 0.80833 -0.56214 0.17494
vn 0.54035 -0.67671 -0.50008
vn 0.02506 0.35570 0.93426
vn 0.80833 -0.56214 0.17494
vn 0.90342 -0.41781 0.09625
vn -0.44825 -0.24492 -0.85970
vn -0.29861 0.55180 0.77869
vn 0.90342 -0.41781 0.09625
vn 0.87800 -0.44290 -0.18154
vn -0.73157 -0.10144 -0.67418
vn -0.01300 0.52607 0.85034
vn 0.87800 -0.44290 -0.18154
vn -0.80193 0.07558 -0.59262
vn 0.73119 0.04647 0.68059
vn -0.74764 -0.11563 -0.65397
vn 0.41665 -0.78728 -0.45452
vn 0.85642 -0.25396 0.44950
vn 0.05621 0.68600 0.72543
vn -0.74513 0.66096 0.08898
vn -0.74764 -0.11563 -0.65397
vn -0.74464 0.03231 -0.66668
vn 0.02878 -0.78597 -0.61759
vn 0.69832 -0.70323 0.13346
vn 0.42346 0.43080 0.79693
vn -0.41380 0.86359 0.28806
vn -0.74464 0.03231 -0.66668
vn -0.72068 0.30152 -0.62427
vn -0.24162 -0.71567 -0.65531
vn 0.38777 -0.91007 0.14629
vn 0.61850 0.19465 0.76129
vn 0.02294 0.95617 0.29192
vn -0.72068 0.30152 -0.62427
vn -0.51897 0.64878 -0.55656
vn -0.59515 -0.62836 -0.50097
vn 0.03627 -0.95281 0.30138
vn 0.68708 -0.01688 0.72638
vn 0.36590 0.91406 0.17495
vn -0.51897 0.64878 -0.55656
vn -0.80581 -0.51105 -0.29918
vn 0.66759 -0.11421 0.73572
vn 0.16496 0.93722 -0.30725
vn -0.53376 -0.83233 0.14941
vn 0.23744 -0.36762 -0.89915
vn 0.61303 0.62071 -0.48879
vn 0.11865 0.77951 0.61505
vn -0.43744 0.03871 0.89842
vn -0.53376 -0.83233 0.14941
vn -0.64743 -0.67816 0.34775
vn 0.07062 -0.71366 -0.69692
vn 0.70087 0.11108 -0.70459
vn 0.32047 0.86865 0.37782
vn -0.36548 0.44462 0.81777
vn -0.64743 -0.67816 0.34775
vn -0.74265 -0.46848 0.47853
vn 0.00403 -0.91165 -0.41094
vn 0.69927 -0.32926 -0.63451
vn 0.48356 0.87452 0.03728
vn -0.34570 0.78493 0.51418
vn -0.74265 -0.46848 0.47853
vn -0.86425 -0.11341 0.49011
vn -0.04828 -0.99866 0.01884
vn 0.86252 -0.40674 -0.30103
vn 0.59228 0.73909 -0.32085
vn -0.30452 0.95175 -0.03792
vn -0.86425 -0.11341 0.49011
vn -0.93739 0.07962 0.33907
vn -0.18399 -0.86245 0.47152
vn 0.88162 -0.47122 -0.02640
vn 0.68567 0.56953 -0.45332
vn -0.22642 0.92091 -0.31728
vn -0.93739 0.07962 0.33907
vn -0.23202 -0.75515 0.61312
vn 0.72397 0.50354 -0.47150
vn -0.81204 0.58300 -0.02658
vn 0.00560 -0.91805 0.39642
vn -0.63518 -0.42036 -0.64796
vn -0.25471 0.65482 -0.71156
vn 0.49695 0.82316 0.27467
vn 0.57212 0.05539 0.81830
vn 0.00560 -0.91805 0.39642
vn 0.26858 -0.73420 0.62355
vn -0.27216 -0.79475 -0.54250
vn -0.24889 0.23203 -0.94033
vn 0.14145 0.98751 0.06941
vn 0.27473 0.42464 0.86267
vn 0.26858 -0.73420 0.62355
vn 0.30468 -0.66969 0.67726
vn 0.10908 -0.91021 -0.39953
vn -0.17283 -0.11421 -0.97831
vn -0.20751 0.95987 -0.18865
vn 0.02625 0.59303 0.80475
vn 0.30468 -0.66969 0.67726
vn 0.26641 -0.50747 0.81945
vn 0.21946 -0.95398 -0.20436
vn -0.05434 -0.28705 -0.95637
vn -0.31839 0.84390 -0.43181
vn -0.12557 0.75603 0.64238
vn 0.26641 -0.50747 0.81945
vn 0.07443 -0.23358 0.96948
vn 0.28028 -0.95798 -0.06093
vn 0.17277 -0.32123 -0.93111
vn -0.19092 0.77505 -0.60237
vn -0.21379 0.81731 0.53506
vn 0.07443 -0.23358 0.96948
vn 0.33964 -0.94043 -0.01559
vn 0.00906 0.76473 -0.64428
vn -0.23715 0.41382 0.87893
vn 0.12391 -0.89292 0.43284
vn -0.96158 -0.05676 0.26859
vn -0.49425 0.80334 -0.33219
vn 0.67293 0.56312 -0.47965
vn 0.95420 -0.29138 -0.06785
vn 0.12391 -0.89292 0.43284
vn 0.32622 -0.89310 0.30977
vn -0.85398 -0.47921 0.20265
vn -0.83022 0.46343 -0.30979
vn 0.47187 0.79286 -0.38562
vn 0.99207 0.11764 0.04414
vn 0.32622 -0.89310 0.30977
vn 0.51299 -0.78283 0.35216
vn -0.66708 -0.74483 -0.01541
vn -0.91209 0.09903 -0.39784
vn 0.15633 0.95587 -0.24875
vn 0.84794 0.46625 0.25222
vn 0.51299 -0.78283 0.35216
vn 0.71755 -0.56161 0.41196
vn -0.37203 -0.91227 -0.17134
vn -0.81509 0.05853 -0.57637
vn -0.20393 0.96305 -0.17592
vn 0.55071 0.72018 0.42197
vn 0.71755 -0.56161 0.41196
vn 0.78647 -0.41483 0.45759
vn -0.00275 -0.96671 -0.25588
vn -0.74038 -0.22592 -0.63309
vn -0.43123 0.89420 -0.12020
vn 0.34632 0.80695 0.47842
vn 0.78647 -0.41483 0.45759
vn 0.83672 -0.28621 0.46689
vn 0.12129 -0.96119 -0.24780
vn -0.61581 -0.46587 -0.63541
vn -0.59356 0.77548 -0.21521
vn 0.33695 0.83366 0.43757
vn 0.83672 -0.28621 0.46689
vn 0.13639 -0.95796 -0.25242
vn -0.60240 0.71859 -0.34749
vn 0.66354 0.51647 0.54127
vn 0.20021 -0.97588 0.08705
vn -0.88247 -0.28964 0.37061
vn -0.61373 0.78871 0.03566
vn 0.56615 0.74899 -0.34422
vn 0.94849 -0.12537 -0.29095
vn 0.20021 -0.97588 0.08705
vn 0.50062 -0.85633 0.12676
vn -0.74424 -0.64357 0.17866
vn -0.88618 0.42081 -0.19393
vn 0.30722 0.91666 -0.25566
vn 0.97705 0.21236 -0.01631
vn 0.50062 -0.85633 0.12676
vn 0.51905 -0.81390 0.26106
vn -0.56071 -0.82801 0.00234
vn -0.94755 0.09717 -0.30447
vn 0.01411 0.97665 -0.21436
vn 0.88663 0.41912 0.19551
vn 0.51905 -0.81390 0.26106
vn 0.67429 -0.70275 0.22688
vn -0.37559 -0.92532 -0.05211
vn -0.96000 -0.06194 -0.27305
vn -0.25311 0.95907 -0.12698
vn 0.75378 0.61593 0.22901
vn 0.67429 -0.70275 0.22688
vn 0.89731 -0.43129 0.09395
vn -0.22722 -0.94810 -0.22244
vn -0.92749 -0.21651 -0.30478
vn -0.45102 0.89171 0.03791
vn 0.62465 0.70114 0.34381
vn 0.89731 -0.43129 0.09395
vn 0.93936 -0.33566 0.07026
vn 0.06252 -0.88852 -0.45455
vn -0.80024 -0.33099 -0.50006
vn -0.62437 0.76778 0.14379
vn 0.51119 0.69191 0.50985
vn 0.93936 -0.33566 0.07026
vn 0.18058 -0.80131 -0.57035
vn -0.65402 0.74978 0.10041
vn 0.86422 0.17925 0.47010
vn 0.57251 -0.80235 0.16874
vn 0.51151 0.11224 0.85192
vn -0.15866 0.87650 0.45450
vn -0.65365 0.62459 -0.42736
vn -0.55440 -0.20092 -0.80764
vn 0.10163 -0.87847 -0.46687
vn 0.57251 -0.80235 0.16874
vn 0.67168 -0.74070 0.01430
vn 0.72273 0.08917 0.68535
vn 0.22307 0.74001 0.63452
vn -0.68606 0.71945 -0.10821
vn -0.77754 -0.03837 -0.62766
vn -0.10294 -0.77881 -0.61875
vn 0.67168 -0.74070 0.01430
vn 0.54525 -0.83112 -0.10929
vn 0.81891 0.02279 0.57347
vn 0.13978 0.76717 0.62603
vn -0.61637 0.78411 0.07256
vn -0.84850 0.23158 -0.47583
vn -0.21786 -0.74659 -0.62860
vn 0.54525 -0.83112 -0.10929
vn 0.41808 -0.86634 -0.27325
vn 0.76286 -0.24878 0.59679
vn 0.21558 0.55461 0.80370
vn -0.54639 0.82659 0.13494
vn -0.75119 0.39298 -0.53036
vn -0.25645 -0.62848 -0.73434
vn 0.41808 -0.86634 -0.27325
vn 0.37995 -0.82557 -0.41723
vn 0.62428 -0.57893 0.52451
vn 0.19736 0.14732 0.96920
vn -0.47885 0.85051 0.21759
vn -0.56526 0.62354 -0.54007
vn -0.21555 -0.34495 -0.91354
vn 0.37995 -0.82557 -0.41723
vn 0.35651 -0.72182 -0.59319
vn 0.37955 -0.78505 0.48952
vn -0.09298 -0.04041 0.99485
vn -0.38530 0.80115 0.45794
vn -0.31239 0.89448 -0.31985
vn -0.00487 0.02078 -0.99977
vn 0.35651 -0.72182 -0.59319
vn 0.25772 -0.70829 -0.65720
vn 0.11908 -0.94213 0.31338
vn -0.27892 -0.15827 0.94718
vn -0.35606 0.79001 0.49910
vn -0.23114 0.96337 -0.13596
vn 0.11836 0.32986 -0.93658
vn 0.25772 -0.70829 -0.65720
vn -0.04357 -0.98137 0.18713
vn -0.32644 0.81054 0.48628
vn 0.09725 0.43845 -0.89348
vn 0.29977 -0.92123 0.24794
vn 0.51762 0.06571 0.85308
vn 0.13662 0.86735 0.47858
vn -0.45335 0.76474 -0.45787
vn -0.58012 0.03375 -0.81383
vn -0.15043 -0.91346 -0.37810
vn 0.29977 -0.92123 0.24794
vn 0.40370 -0.90989 0.09549
vn 0.60838 -0.21268 0.76462
vn 0.35353 0.63864 0.68349
vn -0.37186 0.92040 -0.12073
vn -0.67313 0.21934 -0.70625
vn -0.20656 -0.79723 -0.56724
vn 0.40370 -0.90989 0.09549
vn 0.40187 -0.91415 -0.05322
vn 0.78978 -0.25814 0.55643
vn 0.51436 0.61846 0.59408
vn -0.32632 0.94221 0.07592
vn -0.82064 0.33896 -0.46006
vn -0.29516 -0.76458 -0.57297
vn 0.40187 -0.91415 -0.05322
vn 0.18159 -0.95998 -0.21324
vn 0.88115 -0.24487 0.40449
vn 0.65216 0.55608 0.51523
vn -0.27354 0.94519 0.17830
vn -0.90115 0.29257 -0.31989
vn -0.58768 -0.62933 -0.50851
vn 0.18159 -0.95998 -0.21324
vn 0.11679 -0.95556 -0.27069
vn 0.86243 -0.40695 0.30102
vn 0.76786 0.34964 0.53679
vn -0.17546 0.95061 0.25605
vn -0.86150 0.40981 -0.29977
vn -0.67303 -0.54371 -0.50141
vn 0.11679 -0.95556 -0.27069
vn 0.05314 -0.91342 -0.40354
vn 0.71070 -0.64381 0.28358
vn 0.63000 0.19566 0.75154
vn -0.17251 0.93952 0.29587
vn -0.66813 0.66177 -0.34009
vn -0.65037 -0.36596 -0.66565
vn 0.05314 -0.91342 -0.40354
vn -0.02897 -0.84115 -0.54003
vn 0.46439 -0.78894 0.40240
vn 0.33839 0.07947 0.93765
vn -0.09956 0.87096 0.48116
vn -0.46208 0.81952 -0.33891
vn -0.46896 -0.07004 -0.88044
vn -0.02897 -0.84115 -0.54003
vn 0.23050 -0.83101 0.50625
vn -0.13475 0.79242 0.59491
vn -0.31180 0.04048 -0.94929
vn -0.10360 -0.99452 -0.01384
vn 0.38889 0.19323 -0.90079
vn 0.09084 0.99062 0.10210
vn -0.39585 -0.25094 0.88337
vn -0.10360 -0.99452 -0.01384
vn -0.04620 -0.92278 0.38255
vn 0.52937 -0.23525 -0.81512
vn 0.05698 0.92871 -0.36641
vn -0.49416 0.13107 0.85943
vn -0.04620 -0.92278 0.38255
vn -0.02922 -0.82118 0.56992
vn 0.70032 -0.38537 -0.60087
vn 0.03149 0.84932 -0.52695
vn -0.67922 0.33251 0.65429
vn -0.02922 -0.82118 0.56992
vn 0.84641 -0.32114 -0.42481
vn -0.80197 0.32962 0.49819
vn 0.00685 -0.96157 0.27449
vn -0.93001 0.36722 -0.01519
vn 0.36230 0.87383 -0.32428
vn 0.93590 -0.35226 -0.00170
vn 0.00685 -0.96157 0.27449
vn 0.17151 -0.97807 0.11815
vn -0.97973 0.03155 0.19784
vn -0.01488 0.98263 -0.18496
vn 0.96946 -0.10923 -0.21959
vn 0.17151 -0.97807 0.11815
vn 0.30754 -0.95153 -0.00358
vn -0.98723 -0.14601 0.06377
vn -0.21474 0.97666 0.00456
vn 0.99076 0.10931 -0.08033
vn 0.30754 -0.95153 -0.00358
vn 0.42806 -0.90040 0.07770
vn -0.89199 -0.32013 -0.31918
vn -0.27616 0.95813 -0.07559
vn 0.91381 0.28340 0.29093
vn 0.42806 -0.90040 0.07770
vn -0.74726 -0.37800 -0.54655
vn 0.81560 0.31853 0.48305
vn -0.28809 -0.95752 -0.01252
vn -0.40169 0.85091 0.33853
vn 0.89549 0.05316 -0.44190
vn -0.28809 -0.95752 -0.01252
vn -0.02247 -0.99461 -0.10118
vn -0.79822 0.52035 0.30344
vn 0.78456 0.58586 -0.20305
vn -0.02247 -0.99461 -0.10118
vn 0.26381 -0.96449 0.01316
vn -0.94902 0.31377 -0.03019
vn 0.74933 0.66153 -0.02966
vn 0.26381 -0.96449 0.01316
vn -0.95945 0.19174 -0.20662
vn 0.93148 -0.33385 0.14454
vn 0.14303 -0.89343 0.42581
vn 0.05984 0.99052 0.12365
vn -0.29753 -0.21506 -0.93017
vn 0.14303 -0.89343 0.42581
vn -0.01808 -0.96787 0.25080
vn 0.13128 0.74361 0.65560
vn -0.15039 0.29947 -0.94218
vn -0.01808 -0.96787 0.25080
vn -0.13938 -0.98248 0.12375
vn 0.08601 0.58501 0.80645
vn 0.00722 0.47163 -0.88177
vn -0.13938 -0.98248 0.12375
vn 0.08253 0.54372 0.83520
vn -0.13973 -0.53228 -0.83496
vn 0.62664 -0.76892 0.12682
vn -0.06227 0.97261 -0.22393
vn -0.90100 -0.39486 0.17966
vn 0.62664 -0.76892 0.12682
vn 0.46863 -0.82847 0.30664
vn 0.46402 0.87301 -0.15012
vn -0.98921 0.01470 -0.14575
vn 0.46863 -0.82847 0.30664
vn 0.32716 -0.86463 0.38128
vn 0.61059 0.79191 -0.00743
vn -0.92808 0.15946 -0.33650
vn 0.32716 -0.86463 0.38128
vn 0.65278 0.75755 0.00058
vn -0.66913 -0.74065 0.06083
vn 0.29838 -0.89750 -0.32474
vn 0.18087 0.97731 -0.11022
vn -0.72335 -0.21701 0.65549
vn 0.29838 -0.89750 -0.32474
vn 0.25742 -0.95707 -0.13320
vn 0.52275 0.75746 -0.39114
vn -0.77950 0.15033 0.60809
vn 0.25742 -0.95707 -0.13320
vn 0.62651 0.70305 -0.33647
vn -0.49679 -0.79822 0.34064
vn -0.65871 -0.63760 -0.39946
vn -0.01910 0.92112 0.38882
vn 0.88828 -0.45928 0.00401
vn -0.65871 -0.63760 -0.39946
vn -0.57247 -0.77660 -0.26299
vn -0.46738 0.88179 0.06330
vn 0.98604 -0.07797 0.14715
vn -0.57247 -0.77660 -0.26299
vn -0.48940 0.86897 -0.07334
vn 0.33466 -0.94234 -0.00233
vn -0.32665 -0.80061 0.50231
vn 0.12385 0.97223 0.19856
vn 0.17334 -0.40901 -0.89592
vn -0.32665 -0.80061 0.50231
vn -0.00095 0.83342 0.55264
vn -0.08222 -0.88727 -0.45386
vn 0.37808 -0.60333 0.70218
vn 0.23018 0.92060 -0.31546
vn -0.76238 -0.50391 -0.40602
vn 0.37808 -0.60333 0.70218
vn 0.26284 -0.71588 0.64687
vn 0.48193 0.87616 -0.00959
vn -0.78063 -0.16008 -0.60414
vn 0.26284 -0.71588 0.64687
vn 0.47651 0.87914 0.00748
vn -0.52064 -0.85376 0.00558
vn 0.85963 -0.51084 -0.00895
vn -0.36285 0.84315 -0.39678
vn -0.57958 -0.55943 0.59256
vn 0.85963 -0.51084 -0.00895
vn 0.01040 0.83382 -0.55193
vn -0.03328 -0.80695 0.58969
vn 0.04005 -0.21757 -0.97522
vn -0.50890 0.64152 0.57400
vn 0.68276 -0.55474 0.47550
vn 0.04005 -0.21757 -0.97522
vn 0.04853 -0.27641 -0.95981
vn -0.62161 0.75887 0.19420
vn 0.58193 -0.42682 0.69223
vn 0.04853 -0.27641 -0.95981
vn -0.60218 0.77996 0.17042
vn 0.56280 -0.75120 -0.34488
vn -0.76795 -0.39819 0.50170
vn 0.69944 0.71457 0.01343
vn -0.03226 -0.57305 -0.81889
vn -0.76795 -0.39819 0.50170
vn 0.53303 0.79138 0.29934
vn -0.46456 -0.76608 -0.44418
vn 0.85635 -0.20672 0.47321
vn -0.28191 0.68746 -0.66927
vn -0.64475 -0.66285 0.38069
vn 0.85635 -0.20672 0.47321
vn 0.06735 0.71856 -0.69220
vn 0.05184 -0.67762 0.73358
vn -0.52136 0.80888 -0.27184
vn -0.57363 0.76102 -0.30297
vn -0.35408 -0.93344 -0.05763
vn -0.40771 -0.90913 -0.08522
vn 0.88898 0.07492 0.45177
vn 0.88396 0.17148 0.43497
vn -0.57363 0.76102 -0.30297
vn -0.52136 0.80888 -0.27184
vn -0.67139 0.65077 -0.35458
vn -0.24738 -0.96892 0.00235
vn 0.84248 0.38070 0.38117
vn -0.67139 0.65077 -0.35458
vn -0.76671 0.42535 -0.48087
vn 0.04161 -0.98825 0.14710
vn 0.72756 0.59121 0.34803
vn -0.76671 0.42535 -0.48087
vn -0.05433 -0.90551 0.42084
vn 0.07288 0.91609 -0.39429
vn -0.75125 0.13841 -0.64534
vn -0.74647 0.14659 -0.64907
vn -0.22206 -0.93674 -0.27058
vn -0.25038 -0.91726 -0.30976
vn 0.65645 -0.39047 0.64545
vn 0.66531 -0.32774 0.67078
vn 0.04218 0.97565 0.21524
vn 0.02524 0.97389 0.22561
vn -0.75125 0.13841 -0.64534
vn -0.74647 0.14659 -0.64907
vn -0.73901 0.13839 -0.65933
vn -0.17832 -0.95927 -0.21909
vn 0.68600 -0.23404 0.68893
vn 0.05283 0.97931 0.19535
vn -0.73901 0.13839 -0.65933
vn -0.72025 0.08608 -0.68836
vn -0.22119 -0.96418 -0.14640
vn 0.67994 -0.21829 0.70003
vn 0.18388 0.97108 0.15228
vn -0.72025 0.08608 -0.68836
vn -0.78316 0.05032 -0.61978
vn -0.33066 -0.90628 0.26330
vn 0.76165 -0.05788 0.64539
vn 0.29682 0.91705 -0.26629
vn -0.78316 0.05032 -0.61978
vn -0.51579 -0.66554 0.53946
vn 0.47174 0.69752 -0.53938
vn -0.16910 -0.56244 -0.80936
vn -0.18898 -0.50937 -0.83954
vn 0.19050 -0.58546 0.78800
vn 0.19475 -0.55727 0.80717
vn -0.07597 0.99554 0.05599
vn -0.06020 0.99068 0.12221
vn -0.18898 -0.50937 -0.83954
vn -0.16910 -0.56244 -0.80936
vn -0.20010 -0.39837 -0.89513
vn 0.17740 -0.63756 0.74970
vn -0.02194 0.97066 0.23946
vn -0.20010 -0.39837 -0.89513
vn -0.27486 -0.12056 -0.95390
vn 0.01471 -0.74783 0.66373
vn 0.28938 0.90164 0.32142
vn -0.27486 -0.12056 -0.95390
vn -0.38667 -0.72354 0.57182
vn 0.30321 0.69385 -0.65317
vn 0.30869 -0.69338 -0.65111
vn 0.28276 -0.64233 -0.71236
vn 0.45504 -0.69266 0.55961
vn 0.45574 -0.68993 0.56240
vn -0.30216 0.50505 0.80847
vn -0.30116 0.48986 0.81814
vn -0.51462 0.43004 -0.74178
vn -0.52956 0.36361 -0.76639
vn 0.30869 -0.69338 -0.65111
vn 0.28276 -0.64233 -0.71236
vn 0.22456 -0.53924 -0.81166
vn 0.46212 -0.70714 0.53516
vn -0.25359 0.44660 0.85805
vn -0.52076 0.52399 -0.67398
vn 0.22456 -0.53924 -0.81166
vn 0.16263 -0.08654 -0.98288
vn 0.40702 -0.87607 0.25853
vn -0.16788 0.00191 0.98581
vn -0.45053 0.83715 -0.31017
vn 0.16263 -0.08654 -0.98288
vn 0.09712 0.49710 -0.86224
vn -0.06546 -0.96844 -0.24049
vn -0.11033 -0.44604 0.88819
vn 0.04453 0.96890 0.24341
vn 0.09712 0.49710 -0.86224
vn -0.53492 -0.69597 -0.47904
vn 0.50295 0.71270 0.48897
vn 0.86238 -0.50599 0.01636
vn 0.86970 -0.48367 -0.09842
vn 0.11482 -0.24588 0.96248
vn 0.07963 -0.23402 0.96897
vn -0.90844 0.39219 0.14465
vn -0.90343 0.37597 0.20607
vn 0.04384 -0.03766 -0.99833
vn 0.08532 -0.10482 -0.99082
vn 0.86238 -0.50599 0.01636
vn 0.86970 -0.48367 -0.09842
vn 0.83940 -0.41893 -0.34629
vn 0.20448 -0.28023 0.93790
vn -0.85316 0.34771 0.38887
vn -0.08347 0.06865 -0.99414
vn 0.83940 -0.41893 -0.34629
vn 0.56135 0.01371 -0.82747
vn 0.44921 -0.63867 0.62475
vn -0.55646 -0.07224 0.82773
vn -0.42400 0.57608 -0.69882
vn 0.56135 0.01371 -0.82747
vn 0.42154 0.64457 -0.63784
vn 0.12995 -0.87570 -0.46505
vn -0.44544 -0.58157 0.68071
vn -0.13050 0.89612 0.42419
vn 0.42154 0.64457 -0.63784
vn -0.31812 -0.42268 -0.84861
vn 0.31483 0.46312 0.82849
vn -0.13935 0.94038 0.31028
vn -0.13810 0.90847 0.39447
vn 0.07451 0.04959 0.99599
vn 0.08278 0.12841 0.98826
vn 0.17588 -0.76908 0.61448
vn 0.19196 -0.80075 0.56740
vn 0.26579 -0.95589 -0.12503
vn 0.27557 -0.96104 -0.02172
vn 0.10195 -0.14835 -0.98367
vn 0.06346 -0.04918 -0.99677
vn -0.11537 0.84040 -0.52954
vn -0.08025 0.83107 -0.55034
vn -0.13935 0.94038 0.31028
vn -0.13810 0.90847 0.39447
vn -0.12788 0.84651 0.51679
vn 0.09790 -0.02246 0.99494
vn 0.20976 -0.85946 0.46618
vn 0.25256 -0.91906 -0.30256
vn -0.00108 0.07742 -0.99700
vn -0.16021 0.86088 -0.48293
vn -0.12788 0.84651 0.51679
vn -0.13198 0.65001 0.74838
vn 0.12522 -0.14425 0.98159
vn 0.31957 -0.91764 0.23623
vn 0.21811 -0.79220 -0.56995
vn -0.13859 0.25344 -0.95737
vn -0.26117 0.89489 -0.36189
vn -0.13198 0.65001 0.74838
vn -0.05261 0.28579 0.95685
vn 0.31034 -0.40521 0.85994
vn 0.46534 -0.84429 -0.26576
vn 0.14969 -0.49491 -0.85595
vn -0.40019 0.57584 -0.71292
vn -0.42733 0.90394 -0.01648
vn -0.05261 0.28579 0.95685
vn 0.13172 0.14775 0.98021
vn 0.54083 -0.56713 0.62118
vn 0.50022 -0.75646 -0.42136
vn -0.02014 -0.19406 -0.98078
vn -0.56492 0.61616 -0.54883
vn -0.49834 0.80313 0.32655
vn 0.13172 0.14775 0.98021
vn 0.67448 -0.52037 0.52374
vn -0.16803 -0.17886 -0.96942
vn -0.46268 0.78640 0.40927
vn -0.45587 0.04902 0.88869
vn -0.44926 0.09706 0.88811
vn -0.05788 -0.90336 0.42496
vn -0.05833 -0.91000 0.41049
vn 0.43339 -0.76353 -0.47875
vn 0.45828 -0.73502 -0.49972
vn 0.49459 0.28067 -0.82256
vn 0.50171 0.22189 -0.83609
vn -0.11452 0.99002 0.08211
vn -0.13105 0.98761 0.08631
vn -0.44926 0.09706 0.88811
vn -0.45587 0.04902 0.88869
vn -0.46618 0.13006 0.87508
vn -0.05489 -0.89486 0.44296
vn 0.47094 -0.70562 -0.52945
vn 0.46683 0.36186 -0.80693
vn -0.17309 0.98031 0.09507
vn -0.46618 0.13006 0.87508
vn -0.42662 0.14383 0.89292
vn -0.05378 -0.84432 0.53314
vn 0.43621 -0.73440 -0.51998
vn 0.37964 0.34043 -0.86022
vn -0.23411 0.97198 0.02107
vn -0.42662 0.14383 0.89292
vn -0.38218 0.05166 0.92264
vn 0.17878 -0.83101 0.52674
vn 0.63086 -0.48355 -0.60679
vn 0.16627 0.46585 -0.86910
vn -0.57208 0.81810 0.05866
vn -0.38218 0.05166 0.92264
vn -0.41936 -0.02986 0.90733
vn 0.45443 -0.70621 0.54292
vn 0.72406 -0.34453 -0.59753
vn -0.00609 0.48426 -0.87490
vn -0.72301 0.69082 0.00522
vn -0.41936 -0.02986 0.90733
vn 0.53745 -0.62900 0.56170
vn -0.05158 0.45653 -0.88821
vn -0.74088 0.37959 0.55408
vn -0.38714 -0.72005 0.57589
vn -0.42512 -0.65953 0.61991
vn 0.43524 -0.88388 -0.17122
vn 0.45856 -0.86448 -0.20591
vn 0.76094 -0.02903 -0.64817
vn 0.77044 -0.02098 -0.63717
vn 0.28119 0.89759 -0.33950
vn 0.30308 0.87874 -0.36871
vn -0.60659 0.53809 0.58524
vn -0.60931 0.55862 0.56275
vn -0.42512 -0.65953 0.61991
vn -0.38714 -0.72005 0.57589
vn -0.49175 -0.59258 0.63799
vn 0.39867 -0.90952 -0.11767
vn 0.77205 -0.04662 -0.63385
vn 0.24902 0.91499 -0.31746
vn -0.62104 0.59280 0.51274
vn -0.49175 -0.59258 0.63799
vn -0.58176 -0.44905 0.67817
vn 0.24864 -0.96607 0.06988
vn 0.79777 -0.22994 -0.55739
vn 0.31326 0.83921 -0.44451
vn -0.60685 0.74512 0.27662
vn -0.58176 -0.44905 0.67817
vn -0.67500 -0.26871 0.68715
vn 0.38576 -0.82375 0.41549
vn 0.96208 -0.13525 -0.23686
vn 0.19617 0.72723 -0.65777
vn -0.79931 0.55352 -0.23392
vn -0.67500 -0.26871 0.68715
vn -0.80411 -0.12347 0.58152
vn 0.33176 -0.46660 0.81989
vn 0.98929 -0.14586 -0.00620
vn 0.27197 0.43184 -0.85997
vn -0.78178 0.38007 -0.49434
vn -0.80411 -0.12347 0.58152
vn 0.28614 -0.26022 0.92218
vn 0.30126 0.20703 -0.93079
vn -0.97668 0.21320 0.02538
vn -0.15161 -0.94992 -0.27326
vn -0.25635 -0.94377 -0.20875
vn 0.65099 -0.45002 -0.61131
vn 0.69276 -0.38829 -0.60771
vn 0.87864 0.31192 -0.36153
vn 0.88588 0.25967 -0.38442
vn 0.41297 0.85257 0.32029
vn 0.38753 0.85276 0.35019
vn -0.45019 0.54118 0.71025
vn -0.42870 0.57363 0.69797
vn -0.76615 -0.35425 0.53621
vn -0.73221 -0.39753 0.55303
vn -0.15161 -0.94992 -0.27326
vn -0.25635 -0.94377 -0.20875
vn -0.42175 -0.89813 -0.12445
vn 0.56288 -0.55635 -0.61127
vn 0.87615 0.15290 -0.45715
vn 0.47328 0.83948 0.26697
vn -0.35473 0.65020 0.67187
vn -0.80348 -0.27349 0.52879
vn -0.42175 -0.89813 -0.12445
vn -0.76135 -0.64526 -0.06318
vn 0.40517 -0.73375 -0.54539
vn 0.89987 -0.22741 -0.37219
vn 0.58864 0.78659 0.18649
vn -0.10711 0.86086 0.49744
vn -0.89391 -0.08971 0.43919
vn -0.76135 -0.64526 -0.06318
vn -0.99952 0.00065 0.03089
vn -0.30417 -0.92521 -0.22688
vn 0.49537 -0.86194 -0.10802
vn 0.97302 0.22832 0.03319
vn 0.58322 0.80654 0.09674
vn -0.68555 0.68814 0.23766
vn -0.99952 0.00065 0.03089
vn -0.92350 0.38190 -0.03602
vn -0.65975 -0.65147 0.37459
vn 0.23150 -0.85021 0.47281
vn 0.98680 -0.16196 0.00220
vn 0.78200 0.47605 -0.40231
vn -0.33759 0.87217 -0.35405
vn -0.92350 0.38190 -0.03602
vn -0.66469 -0.33793 0.66632
vn 0.94869 -0.30900 0.06720
vn -0.23598 0.70169 -0.67227
vn 0.26095 -0.12301 -0.95748
vn 0.05438 -0.21343 -0.97544
vn 0.91128 0.38565 -0.14439
vn 0.90575 0.42029 -0.05462
vn 0.22983 0.19812 0.95285
vn 0.27833 0.21128 0.93696
vn -0.85480 -0.51868 0.01688
vn -0.82839 -0.55758 -0.05363
vn 0.26095 -0.12301 -0.95748
vn 0.05438 -0.21343 -0.97544
vn -0.29946 -0.32670 -0.89643
vn 0.88703 0.33550 -0.31720
vn 0.45131 0.30168 0.83983
vn -0.86932 -0.45134 0.20144
vn -0.29946 -0.32670 -0.89643
vn -0.90271 -0.25892 -0.34362
vn 0.74392 0.02012 -0.66797
vn 0.91932 0.21601 0.32892
vn -0.76194 -0.08086 0.64258
vn -0.90271 -0.25892 -0.34362
vn -0.82920 0.50168 0.24648
vn -0.22920 -0.86039 -0.45519
vn 0.90018 -0.38724 -0.19927
vn 0.23751 0.85124 0.46795
vn -0.82920 0.50168 0.24648
vn -0.53092 -0.80814 0.25502
vn 0.53674 0.81398 -0.22213
vn 0.41498 0.88348 0.21738
vn 0.47207 0.85134 0.22883
vn 0.96077 -0.11043 0.25441
vn 0.96455 -0.02197 0.26298
vn 0.30309 -0.95119 -0.05809
vn 0.21162 -0.97213 -0.10090
vn -0.65722 -0.65287 -0.37660
vn -0.58734 -0.72733 -0.35500
vn -0.67334 0.70610 -0.21917
vn -0.63114 0.75268 -0.18741
vn 0.47207 0.85134 0.22883
vn 0.41498 0.88348 0.21738
vn 0.56552 0.78233 0.26105
vn 0.94133 -0.24773 0.22920
vn 0.02645 -0.98683 -0.15959
vn -0.77694 -0.49671 -0.38683
vn -0.53189 0.84046 -0.10355
vn 0.56552 0.78233 0.26105
vn 0.74798 0.51131 0.42318
vn 0.81872 -0.52171 0.23982
vn -0.24962 -0.89523 -0.36911
vn -0.88558 -0.11030 -0.45121
vn -0.32841 0.93892 0.10285
vn 0.74798 0.51131 0.42318
vn 0.90924 0.29388 0.29481
vn 0.73868 -0.62791 -0.24512
vn -0.55193 -0.64686 -0.52626
vn -0.97875 0.18124 -0.09595
vn -0.02899 0.84603 0.53234
vn 0.90924 0.29388 0.29481
vn 0.65670 -0.56249 -0.50235
vn -0.96675 0.19700 0.16306
vn 0.59216 0.65349 0.47149
vn 0.68154 0.26209 0.68324
vn 0.69099 0.24877 0.67871
vn 0.56764 -0.79104 0.22814
vn 0.59341 -0.76342 0.25507
vn -0.19412 -0.85240 -0.48552
vn -0.23575 -0.81212 -0.53374
vn -0.67664 0.08117 -0.73183
vn -0.66690 -0.00810 -0.74510
vn -0.05596 0.98746 0.14761
vn -0.04957 0.98378 0.17240
vn 0.69099 0.24877 0.67871
vn 0.68154 0.26209 0.68324
vn 0.68898 0.22344 0.68948
vn 0.55027 -0.81247 0.19260
vn -0.29768 -0.75502 -0.58423
vn -0.69001 0.22259 -0.68872
vn -0.04859 0.97364 0.22286
vn 0.68898 0.22344 0.68948
vn 0.67806 0.15429 0.71863
vn 0.54361 -0.82798 0.13763
vn -0.30346 -0.64398 -0.70228
vn -0.71174 0.34431 -0.61227
vn -0.10947 0.92014 0.37597
vn 0.67806 0.15429 0.71863
vn 0.58140 -0.01572 0.81347
vn 0.59625 -0.79931 0.07481
vn -0.14065 -0.51166 -0.84760
vn -0.68639 0.46729 -0.55724
vn -0.29020 0.81751 0.49746
vn 0.58140 -0.01572 0.81347
vn 0.61776 0.05278 0.78459
vn 0.74996 -0.64199 -0.15941
vn -0.16044 -0.37638 -0.91247
vn -0.81911 0.41211 -0.39903
vn -0.40458 0.64480 0.64850
vn 0.61776 0.05278 0.78459
vn 0.86462 -0.42087 -0.27440
vn -0.93189 0.21478 -0.29231
vn 0.14575 0.44894 0.88159
vn -0.02060 -0.91034 0.41336
vn -0.08622 -0.86943 0.48647
vn 0.60887 -0.52841 -0.59166
vn 0.60920 -0.50148 -0.61432
vn 0.30544 0.76028 -0.57331
vn 0.31257 0.75283 -0.57927
vn -0.52416 0.48271 0.70161
vn -0.50405 0.44925 0.73763
vn -0.02060 -0.91034 0.41336
vn -0.08622 -0.86943 0.48647
vn -0.20369 -0.77938 0.59252
vn 0.59767 -0.58267 -0.55071
vn 0.33777 0.70877 -0.61932
vn -0.53281 0.55330 0.64029
vn -0.20369 -0.77938 0.59252
vn -0.30209 -0.49346 0.81562
vn 0.56957 -0.77160 -0.28325
vn 0.41294 0.38960 -0.82322
vn -0.54323 0.77850 0.31438
vn -0.30209 -0.49346 0.81562
vn -0.44058 -0.28422 0.85153
vn 0.86027 -0.46454 0.21008
vn 0.44926 0.30386 -0.84014
vn -0.86528 0.47130 -0.17076
vn -0.44058 -0.28422 0.85153
vn 0.88164 -0.19821 0.42827
vn -0.89565 0.22237 -0.38519
vn -0.21012 -0.96235 0.17241
vn -0.23232 -0.93700 0.26088
vn 0.03616 -0.75270 -0.65737
vn 0.05248 -0.72725 -0.68436
vn 0.33971 0.16360 -0.92619
vn 0.33591 0.10404 -0.93613
vn 0.40303 0.86958 -0.28532
vn 0.39715 0.87754 -0.26870
vn 0.19101 0.74469 0.63949
vn 0.18922 0.75233 0.63102
vn -0.09043 -0.27537 0.95708
vn -0.05284 -0.32053 0.94576
vn -0.21012 -0.96235 0.17241
vn -0.23232 -0.93700 0.26088
vn -0.27517 -0.86783 0.41371
vn -0.00184 -0.79956 -0.60059
vn 0.28042 -0.01559 -0.95975
vn 0.40880 0.84868 -0.33559
vn 0.19009 0.80446 0.56277
vn -0.12530 -0.17277 0.97696
vn -0.27517 -0.86783 0.41371
vn -0.31463 -0.62191 0.71710
vn 0.03140 -0.91318 -0.40634
vn 0.38667 -0.36663 -0.84621
vn 0.34238 0.78490 -0.51644
vn 0.01468 0.99191 0.12606
vn -0.24426 0.07582 0.96674
vn -0.31463 -0.62191 0.71710
vn -0.57467 -0.15637 0.80331
vn 0.07470 -0.91666 0.39263
vn 0.68310 -0.70334 -0.19666
vn 0.52059 0.29515 -0.80117
vn -0.02320 0.79213 -0.60991
vn -0.61036 0.62201 0.49047
vn -0.57467 -0.15637 0.80331
vn -0.78388 -0.01583 0.62071
vn 0.20548 -0.48793 0.84835
vn 0.89559 -0.33420 0.29365
vn 0.68147 0.12795 -0.72057
vn -0.10804 0.40720 -0.90693
vn -0.91846 0.39028 -0.06412
vn -0.78388 -0.01583 0.62071
vn 0.10959 -0.17539 0.97838
vn 0.80965 0.19523 -0.55349
vn -0.93643 0.06985 -0.34384
vn -0.29994 -0.63818 -0.70906
vn -0.34992 -0.69279 -0.63055
vn 0.67770 0.66014 -0.32394
vn 0.68791 0.67863 -0.25737
vn -0.31057 -0.20371 0.92847
vn -0.22254 -0.07500 0.97203
vn -0.34992 -0.69279 -0.63055
vn -0.29994 -0.63818 -0.70906
vn -0.49859 -0.78033 -0.37748
vn 0.64823 0.58228 -0.49065
vn 0.04001 0.28748 0.95695
vn -0.49859 -0.78033 -0.37748
vn -0.59859 -0.69126 0.40478
vn 0.55332 0.02980 -0.83244
vn 0.06569 0.90266 0.42531
vn -0.59859 -0.69126 0.40478
vn 0.59037 -0.41148 -0.69436
vn -0.58008 0.37788 0.72160
vn 0.61541 0.78442 0.07711
vn 0.65004 0.75666 0.07008
vn 0.81614 -0.49199 -0.30309
vn 0.85128 -0.44234 -0.28225
vn -0.53029 -0.81737 -0.22515
vn -0.60322 -0.77076 -0.20507
vn -0.78817 0.57376 0.22269
vn -0.80542 0.55460 0.20908
vn 0.61541 0.78442 0.07711
vn 0.65004 0.75666 0.07008
vn 0.73091 0.68006 0.05737
vn 0.75273 -0.57216 -0.32563
vn -0.71485 -0.68343 -0.14805
vn -0.74006 0.62355 0.25199
vn 0.73091 0.68006 0.05737
vn 0.90206 0.43155 -0.00725
vn 0.63109 -0.72841 -0.26672
vn -0.84716 -0.52946 -0.04470
vn -0.63102 0.73876 0.23673
vn 0.90206 0.43155 -0.00725
vn 0.99642 0.08177 -0.02163
vn 0.26429 -0.91296 -0.31089
vn -0.99673 -0.08082 -0.00039
vn -0.24389 0.92425 0.29374
vn 0.99642 0.08177 -0.02163
vn 0.08316 -0.92249 -0.37695
vn -0.05145 0.93725 0.34485
vn 0.95640 0.11974 0.26639
vn 0.94845 0.15438 0.27680
vn 0.32143 -0.94364 -0.07888
vn 0.33645 -0.93991 -0.05800
vn -0.87252 -0.31820 -0.37076
vn -0.88414 -0.27502 -0.37772
vn -0.18733 0.98085 0.05329
vn -0.17259 0.98402 0.04381
vn 0.95640 0.11974 0.26639
vn 0.94845 0.15438 0.27680
vn 0.93687 0.18597 0.29612
vn 0.30239 -0.94806 -0.09866
vn -0.89870 -0.23656 -0.36930
vn -0.20834 0.97569 0.06805
vn 0.93687 0.18597 0.29612
vn 0.91893 0.22256 0.32563
vn 0.41394 -0.89549 -0.16359
vn -0.86207 -0.32889 -0.38558
vn -0.38940 0.91013 0.14156
vn 0.91893 0.22256 0.32563
vn 0.93079 0.24164 0.27429
vn 0.39393 -0.68855 -0.60887
vn -0.92597 -0.23068 -0.29895
vn -0.36729 0.71041 0.60035
vn 0.93079 0.24164 0.27429
vn 0.38909 -0.43598 -0.81150
vn -0.35829 0.47681 0.80267
vn 0.55090 -0.75697 0.35144
vn 0.60720 -0.67829 0.41381
vn -0.10583 -0.95725 -0.26920
vn -0.14786 -0.94047 -0.30604
vn -0.61966 -0.30137 -0.72470
vn -0.59380 -0.36813 -0.71546
vn -0.49989 0.65297 -0.56898
vn -0.48836 0.67645 -0.55129
vn 0.11554 0.99263 0.03663
vn 0.09285 0.99516 0.03202
vn 0.77438 0.34079 0.53310
vn 0.80621 0.30844 0.50487
vn 0.55090 -0.75697 0.35144
vn 0.60720 -0.67829 0.41381
vn 0.67310 -0.52219 0.52370
vn -0.02718 -0.98079 -0.19314
vn -0.56026 -0.50443 -0.65701
vn -0.54005 0.58705 -0.60309
vn 0.00317 0.99988 -0.01496
vn 0.71581 0.42353 0.55519
vn 0.67310 -0.52219 0.52370
vn 0.73038 -0.18077 0.65869
vn 0.15766 -0.98472 -0.07397
vn -0.33895 -0.72924 -0.59441
vn -0.65484 0.41166 -0.63382
vn -0.36087 0.92429 -0.12434
vn 0.55854 0.58211 0.59091
vn 0.73038 -0.18077 0.65869
vn 0.63800 0.30668 0.70633
vn 0.83256 -0.54429 0.10293
vn 0.35570 -0.67361 -0.64786
vn -0.65836 -0.17957 -0.73097
vn -0.94006 0.31182 -0.13807
vn -0.09233 0.74681 0.65860
vn 0.63800 0.30668 0.70633
vn 0.42627 0.29604 0.85479
vn 0.99796 -0.06278 -0.01141
vn 0.56484 -0.27270 -0.77884
vn -0.55642 -0.27577 -0.78380
vn -0.99671 0.04148 -0.06967
vn -0.43298 0.39568 0.80991
vn 0.42627 0.29604 0.85479
vn 0.99588 0.01359 0.08960
vn -0.43745 -0.04911 -0.89790
vn -0.51440 0.14167 0.84577
vn 0.19963 -0.83915 0.50594
vn 0.29137 -0.77474 0.56115
vn -0.73392 -0.56534 -0.37650
vn -0.74896 -0.51844 -0.41265
vn -0.20574 0.71416 -0.66907
vn -0.26127 0.66967 -0.69518
vn 0.86654 0.40652 0.28959
vn 0.88860 0.34502 0.30224
vn 0.19963 -0.83915 0.50594
vn 0.29137 -0.77474 0.56115
vn 0.45664 -0.60838 0.64912
vn -0.69721 -0.65514 -0.29100
vn -0.41701 0.54709 -0.72581
vn 0.81241 0.53447 0.23311
vn 0.45664 -0.60838 0.64912
vn 0.62900 0.07594 0.77369
vn -0.32125 -0.93806 -0.12978
vn -0.58814 -0.13326 -0.79770
vn 0.40154 0.91045 0.09923
vn 0.62900 0.07594 0.77369
vn 0.01514 0.59250 0.80543
vn 0.81046 -0.58448 0.03917
vn -0.12260 -0.53163 -0.83805
vn -0.80279 0.59263 -0.06571
vn 0.01514 0.59250 0.80543
vn 0.99442 0.09357 0.04870
vn -0.99616 -0.05837 -0.06525
vn 0.61713 0.78484 -0.05631
vn 0.62563 0.77777 -0.06045
vn 0.69859 -0.00587 -0.71550
vn 0.70226 0.00937 -0.71186
vn 0.18552 -0.65747 -0.73028
vn 0.12134 -0.68738 -0.71609
vn -0.58587 -0.77958 -0.22137
vn -0.54244 -0.79203 -0.28009
vn -0.84377 -0.10478 0.52637
vn -0.81653 -0.03607 0.57618
vn -0.24391 0.76059 0.60167
vn -0.28720 0.76435 0.57731
vn 0.61713 0.78484 -0.05631
vn 0.62563 0.77777 -0.06045
vn 0.66522 0.74054 -0.09527
vn 0.68303 -0.02927 -0.72980
vn 0.02094 -0.74333 -0.66859
vn -0.66234 -0.74008 -0.11657
vn -0.75923 0.06318 0.64775
vn -0.16931 0.76679 0.61916
vn 0.66522 0.74054 -0.09527
vn 0.90492 0.40939 -0.11623
vn 0.70619 -0.26364 -0.65711
vn -0.15295 -0.77563 -0.61238
vn -0.84690 -0.53173 -0.00404
vn -0.71470 0.32896 0.61725
vn 0.01133 0.79019 0.61275
vn 0.90492 0.40939 -0.11623
vn 0.90446 0.32812 -0.27255
vn 0.58160 -0.25681 -0.77187
vn -0.55772 -0.53783 -0.63221
vn -0.93043 -0.35310 0.09808
vn -0.39322 0.21611 0.89369
vn 0.36224 0.65400 0.66412
vn 0.90446 0.32812 -0.27255
vn 0.81027 0.36796 -0.45615
vn 0.26638 -0.11097 -0.95746
vn -0.67141 -0.53800 -0.50968
vn -0.86669 -0.35213 0.35333
vn -0.15793 0.23228 0.95974
vn 0.63094 0.53319 0.56358
vn 0.81027 0.36796 -0.45615
vn 0.19952 -0.20924 -0.95729
vn -0.80887 -0.37242 0.45501
vn 0.58986 0.67557 0.44234
vn 0.93524 -0.04746 -0.35082
vn 0.93933 0.02393 -0.34217
vn 0.18982 -0.88782 -0.41922
vn 0.16083 -0.90111 -0.40266
vn -0.68634 -0.72274 -0.08111
vn -0.73138 -0.67844 -0.06928
vn -0.90244 0.28917 0.31936
vn -0.92688 0.21581 0.30712
vn 0.25925 0.94526 0.19818
vn 0.27560 0.93889 0.20623
vn 0.93933 0.02393 -0.34217
vn 0.93524 -0.04746 -0.35082
vn 0.94773 0.06711 -0.31193
vn 0.21900 -0.87032 -0.44112
vn -0.77250 -0.63327 -0.04702
vn -0.85225 0.38937 0.34938
vn 0.31014 0.92308 0.22747
vn 0.94773 0.06711 -0.31193
vn 0.92777 0.10985 -0.35661
vn 0.23613 -0.84934 -0.47209
vn -0.78318 -0.62026 0.04369
vn -0.80088 0.41312 0.43350
vn 0.35822 0.90274 0.23821
vn 0.92777 0.10985 -0.35661
vn 0.91276 -0.00447 -0.40848
vn 0.20642 -0.79260 -0.57373
vn -0.86956 -0.49224 -0.03958
vn -0.70099 0.45562 0.54866
vn 0.45363 0.79029 0.41189
vn 0.91276 -0.00447 -0.40848
vn 0.89214 -0.02614 -0.45101
vn -0.06843 -0.59059 -0.80407
vn -0.96226 -0.27030 -0.03153
vn -0.50498 0.41478 0.75694
vn 0.61748 0.56643 0.54578
vn 0.89214 -0.02614 -0.45101
vn -0.11668 -0.47640 -0.87145
vn -0.47887 0.36471 0.79854
vn 0.95140 0.29639 0.08364
vn 0.54420 -0.74320 0.38922
vn 0.58506 -0.67248 0.45331
vn -0.29672 -0.81972 -0.48992
vn -0.31659 -0.81046 -0.49287
vn -0.61398 0.48590 -0.62204
vn -0.60615 0.49619 -0.62159
vn 0.44443 0.73198 0.51642
vn 0.48288 0.70498 0.51945
vn 0.54420 -0.74320 0.38922
vn 0.58506 -0.67248 0.45331
vn 0.63050 -0.55669 0.54090
vn -0.26455 -0.84095 -0.47203
vn -0.61939 0.46791 -0.63041
vn 0.38214 0.78252 0.49156
vn 0.63050 -0.55669 0.54090
vn 0.62118 -0.32006 0.71533
vn -0.04148 -0.92674 -0.37341
vn -0.59420 0.20566 -0.77758
vn 0.08198 0.92391 0.37373
vn 0.62118 -0.32006 0.71533
vn 0.58870 -0.04162 0.80728
vn 0.42151 -0.77065 -0.47794
vn -0.56989 0.05158 -0.82010
vn -0.38971 0.77898 0.49124
vn 0.58870 -0.04162 0.80728
vn 0.71147 -0.45711 -0.53372
vn -0.67796 0.48745 0.55024
vn 0.09917 -0.95286 0.28676
vn 0.17641 -0.93416 0.31020
vn -0.72019 -0.63396 -0.28182
vn -0.73966 -0.59909 -0.30658
vn -0.67769 0.48185 -0.55548
vn -0.70501 0.42776 -0.56566
vn 0.16542 0.95323 -0.25297
vn 0.15245 0.95637 -0.24924
vn 0.91942 -0.05267 0.38973
vn 0.92361 0.02236 0.38268
vn 0.17641 -0.93416 0.31020
vn 0.09917 -0.95286 0.28676
vn 0.30232 -0.87484 0.37849
vn -0.67247 -0.70329 -0.23057
vn -0.77064 0.30447 -0.55983
vn 0.14940 0.95377 -0.26076
vn 0.90524 0.20709 0.37103
vn 0.30232 -0.87484 0.37849
vn 0.59658 -0.56762 0.56736
vn -0.33910 -0.93681 -0.08596
vn -0.70724 -0.23108 -0.66814
vn -0.14390 0.92213 -0.35912
vn 0.52640 0.76287 0.37542
vn 0.59658 -0.56762 0.56736
vn 0.72329 -0.01010 0.69047
vn 0.41913 -0.90337 -0.09080
vn -0.30196 -0.59526 -0.74464
vn -0.66222 0.63396 -0.39944
vn -0.17987 0.87796 0.44365
vn 0.72329 -0.01010 0.69047
vn 0.84039 -0.51784 -0.15993
vn -0.89453 0.26746 -0.35817
vn 0.19013 0.48313 0.85465
vn -0.62938 -0.67814 0.37948
vn -0.55240 -0.72158 0.41736
vn -0.94817 0.04899 -0.31397
vn -0.92804 0.09793 -0.35938
vn -0.04388 0.76026 -0.64814
vn -0.14499 0.73541 -0.66193
vn 0.84366 0.46125 -0.27476
vn 0.84798 0.46123 -0.26116
vn 0.50638 -0.69249 0.51385
vn 0.59207 -0.63332 0.49836
vn -0.55240 -0.72158 0.41736
vn -0.62938 -0.67814 0.37948
vn -0.38587 -0.77039 0.50754
vn -0.97383 -0.06617 -0.21744
vn -0.37446 0.66487 -0.64632
vn 0.79981 0.51053 -0.31571
vn 0.79357 -0.42569 0.43477
vn -0.38587 -0.77039 0.50754
vn 0.22309 -0.64640 0.72965
vn -0.79649 -0.60450 0.01325
vn -0.69261 -0.07340 -0.71756
vn 0.40354 0.77092 -0.49278
vn 0.78936 0.53669 0.29813
vn 0.22309 -0.64640 0.72965
vn 0.44834 0.08656 0.88966
vn 0.29398 -0.91316 0.28235
vn -0.03910 -0.75535 -0.65415
vn -0.37220 0.59904 -0.70895
vn -0.34969 0.93330 0.08160
vn 0.44834 0.08656 0.88966
vn 0.80233 -0.47584 0.36034
vn -0.51347 0.21687 -0.83025
vn -0.44398 0.51351 0.73430
vn -0.42199 0.73682 -0.52822
vn -0.42400 0.73402 -0.53051
vn -0.83081 -0.12863 -0.54148
vn -0.82865 -0.10981 -0.54890
vn -0.53123 -0.84615 -0.04278
vn -0.50613 -0.86246 -0.00233
vn 0.16738 -0.82010 0.54719
vn 0.12879 -0.84547 0.51826
vn 0.68510 0.01455 0.72830
vn 0.70813 0.09397 0.69980
vn 0.34722 0.92644 0.14542
vn 0.33632 0.92323 0.18584
vn -0.42199 0.73682 -0.52822
vn -0.42400 0.73402 -0.53051
vn -0.44395 0.70562 -0.55228
vn -0.83417 -0.16597 -0.52595
vn -0.43941 -0.89707 0.04674
vn 0.24209 -0.77417 0.58485
vn 0.74558 0.20527 0.63402
vn 0.35332 0.93194 0.08160
vn -0.44395 0.70562 -0.55228
vn -0.55539 0.54117 -0.63141
vn -0.80099 -0.27372 -0.53244
vn -0.20545 -0.96603 0.15674
vn 0.36169 -0.70904 0.60535
vn 0.71988 0.45458 0.52453
vn 0.31390 0.94946 -0.00029
vn -0.55539 0.54117 -0.63141
vn -0.74048 0.14730 -0.65573
vn -0.65046 -0.63083 -0.42303
vn 0.12114 -0.91574 0.38307
vn 0.63797 -0.35375 0.68400
vn 0.61142 0.73428 0.29497
vn 0.01319 0.97289 -0.23088
vn -0.74048 0.14730 -0.65573
vn -0.79953 -0.10185 -0.59193
vn -0.64431 -0.76458 -0.01717
vn 0.17626 -0.73380 0.65611
vn 0.77450 0.00428 0.63256
vn 0.56753 0.82311 -0.02005
vn -0.11551 0.81108 -0.57341
vn -0.79953 -0.10185 -0.59193
vn -0.59036 -0.80526 0.05512
vn 0.71005 0.18172 0.68030
vn -0.16368 0.72044 -0.67392
vn 0.09500 0.10588 -0.98983
vn 0.10143 0.11488 -0.98819
vn -0.18771 -0.96251 -0.19578
vn -0.17471 -0.96128 -0.21312
vn -0.22323 -0.18856 0.95635
vn -0.22293 -0.15662 0.96217
vn 0.10755 0.98340 0.14613
vn 0.09935 0.98439 0.14530
vn 0.09500 0.10588 -0.98983
vn 0.10143 0.11488 -0.98819
vn 0.12251 0.11643 -0.98561
vn -0.19936 -0.96416 -0.17507
vn -0.20966 -0.12915 0.96921
vn 0.12675 0.98136 0.14448
vn 0.12251 0.11643 -0.98561
vn 0.08479 0.14400 -0.98594
vn -0.24362 -0.93271 -0.26590
vn -0.14834 -0.25055 0.95667
vn 0.20984 0.94253 0.25999
vn 0.08479 0.14400 -0.98594
vn 0.04500 0.14148 -0.98892
vn -0.57612 -0.79713 -0.18075
vn -0.06828 -0.13092 0.98904
vn 0.55950 0.81335 0.15942
vn 0.04500 0.14148 -0.98892
vn -0.77804 -0.61360 -0.13474
vn 0.75640 0.64545 0.10608
vn 0.04732 -0.66285 -0.74725
vn 0.03125 -0.60523 -0.79544
vn -0.01214 -0.97503 0.22173
vn -0.01144 -0.96788 0.25115
vn -0.13046 -0.02292 0.99119
vn -0.13426 -0.08492 0.98730
vn -0.13456 0.88017 0.45519
vn -0.12106 0.88334 0.45283
vn -0.09584 0.65404 -0.75037
vn -0.09368 0.68708 -0.72052
vn 0.03125 -0.60523 -0.79544
vn 0.04732 -0.66285 -0.74725
vn 0.03776 -0.49481 -0.86818
vn -0.00740 -0.98677 0.16195
vn -0.11061 -0.20896 0.97165
vn -0.13379 0.86300 0.48717
vn -0.06425 0.75933 -0.64752
vn 0.03776 -0.49481 -0.86818
vn -0.06364 -0.19467 -0.97880
vn -0.13425 -0.98072 -0.14198
vn -0.14929 -0.52088 0.84047
vn 0.02235 0.69500 0.71866
vn 0.19857 0.91485 -0.35159
vn -0.06364 -0.19467 -0.97880
vn -0.09162 0.01378 -0.99570
vn -0.60492 -0.73711 -0.30123
vn -0.40968 -0.41247 0.81365
vn 0.38687 0.47594 0.78981
vn 0.65513 0.70426 -0.27355
vn -0.09162 0.01378 -0.99570
vn -0.86599 -0.37196 -0.33423
vn 0.51278 0.28950 0.80824
vn 0.49486 0.19410 -0.84702
vn 0.60145 -0.74220 -0.29562
vn 0.54828 -0.72916 -0.40953
vn 0.49853 -0.50859 0.70200
vn 0.46962 -0.46655 0.74952
vn -0.32199 0.35138 0.87912
vn -0.25042 0.27257 0.92898
vn -0.73265 0.67994 -0.03002
vn -0.72356 0.68715 -0.06556
vn -0.28625 0.01600 -0.95802
vn -0.33146 0.08347 -0.93977
vn 0.54828 -0.72916 -0.40953
vn 0.60145 -0.74220 -0.29562
vn 0.47400 -0.64999 -0.59401
vn 0.55228 -0.57751 0.60122
vn -0.08216 0.13380 0.98760
vn -0.72185 0.68730 0.08097
vn -0.40716 0.23467 -0.88269
vn 0.47400 -0.64999 -0.59401
vn 0.21207 -0.32257 -0.92248
vn 0.48119 -0.86238 0.15735
vn 0.02865 -0.45315 0.89098
vn -0.50243 0.70150 0.50542
vn -0.29904 0.84415 -0.44496
vn 0.21207 -0.32257 -0.92248
vn 0.13515 0.26694 -0.95419
vn -0.10128 -0.86250 -0.49581
vn -0.32806 -0.77978 0.53322
vn -0.08682 0.43239 0.89750
vn 0.33053 0.92874 0.16792
vn 0.13515 0.26694 -0.95419
vn -0.61621 -0.41931 -0.66668
vn 0.15576 0.10476 0.98222
vn 0.71258 0.57748 -0.39843
vn 0.77922 -0.55421 0.29269
vn 0.81656 -0.55238 0.16764
vn -0.08981 -0.09439 0.99148
vn -0.12729 -0.07186 0.98926
vn -0.86898 0.48789 -0.08268
vn -0.87671 0.48056 -0.02119
vn 0.25852 -0.18532 -0.94806
vn 0.29243 -0.25096 -0.92277
vn 0.77922 -0.55421 0.29269
vn 0.81656 -0.55238 0.16764
vn 0.84493 -0.52327 -0.11080
vn 0.00637 -0.14798 0.98897
vn -0.86402 0.47106 0.17769
vn 0.13810 -0.06935 -0.98799
vn 0.84493 -0.52327 -0.11080
vn 0.73781 -0.03737 -0.67397
vn 0.28845 -0.50061 0.81620
vn -0.74172 0.00420 0.67070
vn -0.23908 0.43198 -0.86961
vn 0.73781 -0.03737 -0.67397
vn 0.32552 0.71760 -0.61570
vn 0.42016 -0.85688 -0.29871
vn -0.36643 -0.67200 0.64354
vn -0.41732 0.87142 0.25783
vn 0.32552 0.71760 -0.61570
vn 0.03619 -0.54374 -0.83847
vn -0.04761 0.57894 0.81398
vn -0.32579 0.88920 -0.32122
vn -0.38538 0.85535 -0.34621
vn -0.88590 -0.09497 -0.45405
vn -0.88467 0.00154 -0.46621
vn -0.33819 -0.94103 0.00961
vn -0.25880 -0.96322 0.07229
vn 0.54213 -0.65493 0.52647
vn 0.47507 -0.72985 0.49155
vn 0.63099 0.69754 0.33953
vn 0.59710 0.74513 0.29708
vn -0.38538 0.85535 -0.34621
vn -0.32579 0.88920 -0.32122
vn -0.47305 0.78700 -0.39605
vn -0.87606 -0.23619 -0.42040
vn -0.09102 -0.98108 0.17088
vn 0.66264 -0.49944 0.55810
vn 0.52122 0.83132 0.19297
vn -0.47305 0.78700 -0.39605
vn -0.62591 0.52459 -0.57710
vn -0.77581 -0.50112 -0.38340
vn 0.14730 -0.89920 0.41199
vn 0.77878 -0.12748 0.61420
vn 0.36086 0.93183 -0.03838
vn -0.62591 0.52459 -0.57710
vn -0.83142 0.26408 -0.48889
vn -0.72062 -0.69333 0.00236
vn 0.47380 -0.65721 0.58616
vn 0.90868 0.23100 0.34776
vn 0.07073 0.89890 -0.43241
vn -0.83142 0.26408 -0.48889
vn -0.68575 -0.68575 0.24391
vn 0.94357 0.30756 0.12278
vn -0.53752 0.65170 -0.53513
vn -0.31398 -0.48711 -0.81495
vn -0.22689 -0.35433 -0.90717
vn -0.52567 -0.84913 0.05147
vn -0.50671 -0.84354 0.17799
vn -0.50454 -0.80641 0.30846
vn -0.50559 -0.74890 0.42841
vn -0.12401 0.04512 0.99125
vn -0.20248 -0.01211 0.97921
vn 0.46870 0.84138 0.26906
vn 0.48063 0.83308 0.27380
vn 0.38722 0.67748 -0.62536
vn 0.34953 0.68707 -0.63700
vn -0.31398 -0.48711 -0.81495
vn -0.22689 -0.35433 -0.90717
vn -0.10663 -0.21866 -0.96996
vn -0.53457 -0.83774 -0.11149
vn -0.50049 -0.68671 0.52720
vn -0.07029 0.15125 0.98599
vn 0.47708 0.82028 0.31549
vn 0.43184 0.67376 -0.59963
vn -0.10663 -0.21866 -0.96996
vn -0.04234 -0.04132 -0.99825
vn -0.56561 -0.71137 -0.41719
vn -0.60372 -0.64416 0.46966
vn -0.05644 0.03928 0.99763
vn 0.55451 0.64436 0.52661
vn 0.55198 0.67085 -0.49527
vn -0.04234 -0.04132 -0.99825
vn -0.10559 0.21007 -0.97197
vn -0.74059 -0.43743 -0.51008
vn -0.72421 -0.50531 0.46923
vn 0.06047 -0.09797 0.99335
vn 0.79328 0.30781 0.52532
vn 0.64982 0.56396 -0.50959
vn -0.10559 0.21007 -0.97197
vn -0.02962 0.18357 -0.98256
vn -0.85589 -0.11440 -0.50434
vn -0.82870 -0.26911 0.49075
vn 0.05905 -0.19480 0.97906
vn 0.86108 0.15386 0.48463
vn 0.77226 0.36655 -0.51889
vn -0.02962 0.18357 -0.98256
vn -0.85541 -0.07608 -0.51233
vn -0.03758 0.02511 0.99898
vn 0.83156 0.13936 -0.53767
vn -0.34704 -0.55541 -0.75570
vn -0.32973 -0.49854 -0.80171
vn -0.16868 -0.92784 0.33265
vn -0.15574 -0.89837 0.41071
vn 0.12157 -0.44793 0.88577
vn 0.10187 -0.47289 0.87521
vn 0.22949 0.40497 0.88506
vn 0.21043 0.41732 0.88406
vn 0.11317 0.98082 -0.15867
vn 0.13001 0.98389 -0.12273
vn -0.16274 0.43786 -0.88419
vn -0.19804 0.42485 -0.88333
vn -0.34704 -0.55541 -0.75570
vn -0.32973 -0.49854 -0.80171
vn -0.30155 -0.43183 -0.85005
vn -0.20809 -0.95681 0.20302
vn 0.06980 -0.52707 0.84695
vn 0.21872 0.40879 0.88603
vn 0.15610 0.98682 -0.04275
vn -0.11695 0.47017 -0.87479
vn -0.30155 -0.43183 -0.85005
vn -0.16696 -0.27489 -0.94687
vn -0.29980 -0.95370 0.02386
vn -0.19086 -0.61400 0.76589
vn 0.20231 0.38686 0.89967
vn 0.32549 0.92460 0.19790
vn 0.01502 0.51402 -0.85765
vn -0.16696 -0.27489 -0.94687
vn 0.23655 0.04836 -0.97042
vn -0.36406 -0.79223 -0.48973
vn -0.65091 -0.67870 0.34012
vn -0.15069 0.07917 0.98541
vn 0.35083 0.62233 0.69973
vn 0.47020 0.72164 -0.50809
vn 0.23655 0.04836 -0.97042
vn 0.40519 0.32446 -0.85472
vn -0.65215 -0.08490 -0.75332
vn -0.96401 -0.25164 0.08576
vn -0.25602 -0.20117 0.94551
vn 0.52759 -0.04519 0.84830
vn 0.92638 0.33585 -0.17037
vn 0.40519 0.32446 -0.85472
vn -0.57531 0.33426 -0.74652
vn -0.37225 -0.34206 0.86280
vn 0.99429 0.08759 -0.06092
vn 0.16951 -0.94862 -0.26719
vn 0.16023 -0.91394 -0.37289
vn 0.00473 -0.66173 0.74973
vn -0.01399 -0.60679 0.79474
vn -0.19995 0.44409 0.87339
vn -0.19431 0.35894 0.91291
vn -0.26321 0.96474 0.00107
vn -0.25430 0.96711 -0.00483
vn -0.03087 -0.02954 -0.99909
vn -0.04084 0.07578 -0.99629
vn 0.16023 -0.91394 -0.37289
vn 0.16951 -0.94862 -0.26719
vn 0.17273 -0.80714 -0.56452
vn 0.04385 -0.76580 0.64158
vn -0.14579 0.14969 0.97792
vn -0.26487 0.96203 0.06594
vn -0.05297 0.34079 -0.93865
vn 0.17273 -0.80714 -0.56452
vn 0.32653 -0.30852 -0.89342
vn 0.12870 -0.97339 0.18958
vn -0.22219 -0.54114 0.81105
vn -0.32810 0.84917 0.41383
vn -0.04951 0.91889 -0.39139
vn 0.32653 -0.30852 -0.89342
vn 0.23076 0.59056 -0.77329
vn 0.02312 -0.69347 -0.72012
vn -0.17808 -0.98055 0.08255
vn -0.23835 0.15632 0.95852
vn 0.07800 0.84569 0.52795
vn 0.23076 0.59056 -0.77329
vn -0.33777 -0.20280 -0.91912
vn 0.08325 -0.30932 0.94731
vn 0.34720 0.93552 -0.06520
vn -0.49039 0.78956 0.36894
vn -0.50068 0.76669 0.40189
vn 0.17744 -0.67312 0.71793
vn 0.03055 -0.32064 0.94671
vn 0.22889 0.19330 -0.95407
vn 0.38200 -0.23064 -0.89492
vn -0.50068 0.76669 0.40189
vn -0.49039 0.78956 0.36894
vn -0.50855 0.71930 0.47327
vn 0.26621 -0.75422 0.60024
vn 0.25087 0.01993 -0.96781
vn -0.50855 0.71930 0.47327
vn -0.58197 0.55359 0.59569
vn 0.44598 -0.83115 0.33210
vn 0.17958 0.33883 -0.92355
vn -0.58197 0.55359 0.59569
vn 0.61777 -0.68467 0.38678
vn -0.58323 0.67400 -0.45339
vn -0.33250 -0.29760 0.89492
vn -0.38655 -0.25892 0.88518
vn 0.72994 -0.61682 0.29450
vn 0.71761 -0.63263 0.29121
vn 0.62782 0.18355 -0.75641
vn 0.60001 0.21641 -0.77017
vn -0.71522 0.67511 -0.18079
vn -0.71042 0.68753 -0.15034
vn -0.33250 -0.29760 0.89492
vn -0.38655 -0.25892 0.88518
vn -0.45155 -0.22439 0.86357
vn 0.73745 -0.60588 0.29846
vn 0.56914 0.23056 -0.78925
vn -0.71506 0.66340 -0.22043
vn -0.45155 -0.22439 0.86357
vn -0.43488 -0.08802 0.89618
vn 0.66271 -0.63101 0.40328
vn 0.53497 0.03838 -0.84400
vn -0.64619 0.66206 -0.37963
vn -0.43488 -0.08802 0.89618
vn -0.32056 -0.06750 0.94482
vn 0.85563 -0.42043 0.30190
vn 0.28692 0.10843 -0.95180
vn -0.84602 0.43967 -0.30155
vn -0.32056 -0.06750 0.94482
vn 0.96332 -0.09603 0.25060
vn -0.95609 0.13732 -0.25892
vn -0.22255 -0.90216 0.36955
vn -0.30748 -0.86816 0.38955
vn 0.97209 0.15476 -0.17631
vn 0.95732 0.21500 -0.19318
vn -0.68081 0.72678 -0.09107
vn -0.59909 0.78979 -0.13164
vn -0.30748 -0.86816 0.38955
vn -0.22255 -0.90216 0.36955
vn -0.46455 -0.79877 0.38230
vn 0.98942 0.04271 -0.13867
vn -0.43775 0.87535 -0.20528
vn -0.46455 -0.79877 0.38230
vn -0.69133 -0.57570 0.43662
vn 0.98301 -0.15714 0.09488
vn -0.28789 0.80526 -0.51834
vn -0.69133 -0.57570 0.43662
vn 0.91623 -0.20250 0.34571
vn -0.97490 0.11260 -0.19210
vn 0.25252 -0.96539 -0.06526
vn 0.12902 -0.99164 0.00237
vn 0.80506 0.50215 -0.31579
vn 0.75691 0.58038 -0.30040
vn -0.82374 0.42732 0.37263
vn -0.76381 0.54567 0.34473
vn 0.12902 -0.99164 0.00237
vn 0.25252 -0.96539 -0.06526
vn -0.12484 -0.98765 0.09471
vn 0.87696 0.34193 -0.33768
vn -0.59078 0.76698 0.25044
vn -0.12484 -0.98765 0.09471
vn -0.53087 -0.81091 0.24619
vn 0.98318 -0.01795 -0.18175
vn -0.44689 0.89002 -0.09032
vn -0.53087 -0.81091 0.24619
vn 0.98371 -0.17585 0.03718
vn -0.99925 0.02256 0.03141
vn 0.27461 -0.79458 -0.54151
vn 0.35297 -0.76663 -0.53637
vn 0.60177 0.79731 -0.04653
vn 0.68801 0.69638 -0.20417
vn -0.71039 0.08354 0.69883
vn -0.79618 -0.02545 0.60452
vn 0.35297 -0.76663 -0.53637
vn 0.27461 -0.79458 -0.54151
vn 0.10170 -0.89700 -0.43017
vn 0.70542 0.68965 -0.16362
vn -0.67274 0.35175 0.65092
vn 0.10170 -0.89700 -0.43017
vn -0.37001 -0.92787 0.04629
vn 0.89354 0.34677 -0.28522
vn -0.58954 0.78291 0.19875
vn -0.37001 -0.92787 0.04629
vn 0.99297 -0.11166 0.03933
vn -0.99234 -0.10942 0.05740
vn 0.85860 0.51260 0.00724
vn 0.80747 0.58984 0.00852
vn 0.79577 -0.56025 -0.22993
vn 0.76460 -0.60768 -0.21473
vn -0.20571 -0.94220 -0.26446
vn -0.21630 -0.93500 -0.28104
vn -0.98748 -0.15719 -0.01356
vn -0.98037 -0.19693 -0.00999
vn -0.51422 0.83866 0.17955
vn -0.47800 0.85643 0.19504
vn 0.80747 0.58984 0.00852
vn 0.85860 0.51260 0.00724
vn 0.77819 0.62717 0.03275
vn 0.81579 -0.52413 -0.24448
vn -0.24715 -0.93058 -0.27006
vn -0.99220 -0.12431 0.00880
vn -0.40087 0.88703 0.22909
vn 0.77819 0.62717 0.03275
vn 0.81815 0.57400 0.03392
vn 0.80633 -0.53552 -0.25109
vn -0.39397 -0.89220 -0.22081
vn -0.99558 -0.07819 0.05201
vn -0.20801 0.94183 0.26399
vn 0.81815 0.57400 0.03392
vn 0.93024 0.30510 -0.20387
vn 0.66256 -0.70071 -0.26463
vn -0.59393 -0.80389 0.03168
vn -0.95704 0.18799 0.22075
vn 0.02480 0.98630 0.16311
vn 0.93024 0.30510 -0.20387
vn 0.92722 0.13692 -0.34858
vn 0.32713 -0.81382 -0.48029
vn -0.81873 -0.57072 0.06299
vn -0.77325 0.41386 0.48041
vn 0.30846 0.92113 0.23743
vn 0.92722 0.13692 -0.34858
vn 0.20377 -0.83959 -0.50356
vn -0.74421 0.51437 0.42611
vn 0.81099 0.58471 0.01992
vn 0.99216 0.07137 -0.10264
vn 0.98821 0.12462 -0.08896
vn -0.37123 -0.80624 -0.46061
vn -0.18619 -0.88665 -0.42330
vn -0.77696 0.55321 0.30050
vn -0.62899 0.64459 0.43460
vn 0.98821 0.12462 -0.08896
vn 0.99216 0.07137 -0.10264
vn 0.98950 0.11934 -0.08158
vn -0.39736 -0.79368 -0.46064
vn -0.59935 0.66036 0.45244
vn 0.98950 0.11934 -0.08158
vn 0.97060 0.21471 -0.10881
vn -0.41935 -0.74104 -0.52441
vn -0.55980 0.56201 0.60891
vn 0.97060 0.21471 -0.10881
vn -0.37197 -0.62138 -0.68958
vn 0.45775 0.62710 0.63025
vn 0.76362 -0.63165 0.13375
vn 0.81221 -0.56342 0.15122
vn -0.42563 -0.89692 -0.11991
vn -0.43960 -0.89137 -0.11049
vn -0.88976 0.38653 -0.24276
vn -0.88208 0.39952 -0.24964
vn 0.57283 0.81687 0.06777
vn 0.60355 0.79570 0.05099
vn 0.76362 -0.63165 0.13375
vn 0.81221 -0.56342 0.15122
vn 0.86956 -0.46172 0.17519
vn -0.39962 -0.90841 -0.12288
vn -0.89240 0.37984 -0.24360
vn 0.51388 0.85452 0.07566
vn 0.86956 -0.46172 0.17519
vn 0.92184 -0.23749 0.30629
vn -0.18002 -0.97141 -0.15479
vn -0.92562 0.11968 -0.35902
vn 0.21376 0.96851 0.12768
vn 0.92184 -0.23749 0.30629
vn 0.95439 0.15892 0.25277
vn 0.12228 -0.86700 -0.48307
vn -0.94323 -0.16662 -0.28731
vn -0.08955 0.87851 0.46925
vn 0.95439 0.15892 0.25277
vn 0.33043 -0.57172 -0.75097
vn -0.29597 0.61409 0.73164
vn -0.09197 -0.93645 0.33854
vn -0.00851 -0.91957 0.39284
vn -0.62722 0.14158 -0.76586
vn -0.60079 0.19239 -0.77591
vn 0.74087 0.56408 0.36459
vn 0.69438 0.66606 0.27238
vn -0.00851 -0.91957 0.39284
vn -0.09197 -0.93645 0.33854
vn 0.16534 -0.82948 0.53350
vn -0.67203 0.01195 -0.74043
vn 0.51491 0.85647 0.03647
vn 0.16534 -0.82948 0.53350
vn 0.56623 -0.44231 0.69552
vn -0.54620 -0.45027 -0.70635
vn -0.08515 0.99597 -0.02824
vn 0.56623 -0.44231 0.69552
vn -0.26639 -0.65269 -0.70925
vn 0.35959 0.57164 0.73751
vn -0.68709 -0.72289 -0.07300
vn -0.63910 -0.76906 0.00932
vn -0.21321 0.51265 -0.83170
vn -0.16723 0.54223 -0.82342
vn 0.68366 -0.07759 0.72567
vn 0.74392 0.04021 0.66706
vn -0.63910 -0.76906 0.00932
vn -0.68709 -0.72289 -0.07300
vn -0.51416 -0.82818 0.22305
vn -0.31638 0.42436 -0.84842
vn 0.80590 0.38467 0.45006
vn -0.51416 -0.82818 0.22305
vn 0.10320 -0.75138 0.65175
vn -0.44681 0.03217 -0.89405
vn 0.35444 0.87210 0.33736
vn 0.10320 -0.75138 0.65175
vn -0.27079 -0.42448 -0.86400
vn 0.45851 0.01526 0.88856
vn 0.49985 0.86081 -0.09563
vn 0.54229 0.82771 -0.14424
vn 0.59855 -0.16912 -0.78303
vn 0.65547 -0.04258 -0.75402
vn -0.40203 -0.89854 -0.17609
vn -0.48322 -0.87114 -0.08724
vn -0.55923 0.38844 0.73237
vn -0.58789 0.37950 0.71440
vn 0.49985 0.86081 -0.09563
vn 0.54229 0.82771 -0.14424
vn 0.59534 0.77418 -0.21499
vn 0.51797 -0.31486 -0.79534
vn -0.58430 -0.80758 0.08004
vn -0.50194 0.43838 0.74557
vn 0.59534 0.77418 -0.21499
vn 0.79243 0.51106 -0.33299
vn 0.37603 -0.53533 -0.75633
vn -0.78493 -0.57117 0.24010
vn -0.37906 0.56496 0.73290
vn 0.79243 0.51106 -0.33299
vn 0.75395 0.37622 -0.53853
vn -0.07436 -0.63200 -0.77140
vn -0.76178 -0.34048 0.55115
vn 0.06540 0.64493 0.76143
vn 0.75395 0.37622 -0.53853
vn -0.36089 -0.46831 -0.80650
vn 0.33422 0.49686 0.80089
vn 0.98158 0.06064 0.18115
vn 0.97970 0.07210 0.18706
vn -0.53625 -0.71999 -0.44051
vn -0.58684 -0.68473 -0.43217
vn -0.64907 0.73833 0.18322
vn -0.66320 0.72619 0.18116
vn 0.97970 0.07210 0.18706
vn 0.98158 0.06064 0.18115
vn 0.97270 0.09911 0.20986
vn -0.46917 -0.75802 -0.45308
vn -0.66721 0.72204 0.18300
vn 0.97270 0.09911 0.20986
vn 0.96240 0.18323 0.20056
vn -0.33029 -0.76694 -0.55020
vn -0.68775 0.64796 0.32733
vn 0.96240 0.18323 0.20056
vn -0.18830 -0.71559 -0.67267
vn 0.25390 0.71866 0.64735
vn 0.74316 -0.66405 -0.08224
vn 0.70480 -0.69661 -0.13416
vn -0.93212 -0.10996 -0.34504
vn -0.75693 -0.49011 -0.43226
vn 0.02391 0.94704 0.32022
vn 0.17906 0.90860 0.37733
vn 0.70480 -0.69661 -0.13416
vn 0.74316 -0.66405 -0.08224
vn 0.83193 -0.55428 -0.02571
vn -0.88427 -0.25055 -0.39408
vn -0.08318 0.93924 0.33303
vn 0.83193 -0.55428 -0.02571
vn 0.97882 -0.18779 0.08153
vn -0.67191 -0.46821 -0.57386
vn -0.42747 0.76551 0.48091
vn 0.97882 -0.18779 0.08153
vn -0.38079 -0.40324 -0.83210
vn 0.52439 0.36083 0.77125
vn -0.13564 -0.98780 -0.07649
vn 0.10883 -0.99110 -0.07662
vn -0.98924 -0.13797 0.04859
vn -0.99743 0.00713 0.07131
vn -0.20538 0.97868 -0.00315
vn -0.27358 0.96182 -0.00807
vn 0.98930 -0.01929 -0.14460
vn 0.98039 -0.09599 -0.17209
vn -0.13564 -0.98780 -0.07649
vn 0.10883 -0.99110 -0.07662
vn 0.42001 -0.90508 -0.06645
vn -0.94135 -0.33599 0.03119
vn -0.47506 0.87969 0.02152
vn 0.97852 0.17518 -0.10871
vn 0.42001 -0.90508 -0.06645
vn 0.92756 -0.37287 0.02463
vn -0.70775 -0.69162 -0.14404
vn -0.92963 0.36459 -0.05356
vn 0.75740 0.64529 0.09973
vn 0.92756 -0.37287 0.02463
vn 0.82741 0.29703 0.47662
vn 0.27595 -0.54396 -0.79244
vn -0.87000 -0.25019 -0.42485
vn -0.27964 0.56055 0.77948
vn 0.82741 0.29703 0.47662
vn 0.53672 0.07042 -0.84082
vn -0.54788 -0.02808 0.83609
vn 0.28309 0.50010 -0.81839
vn 0.29096 0.58467 -0.75730
vn -0.16594 -0.50704 -0.84580
vn -0.16999 -0.56271 -0.80899
vn -0.47393 -0.87658 0.08364
vn -0.49295 -0.86522 0.09162
vn -0.25465 -0.19875 0.94639
vn -0.25695 -0.24295 0.93539
vn 0.22933 0.76414 0.60290
vn 0.25693 0.77959 0.57117
vn 0.29096 0.58467 -0.75730
vn 0.28309 0.50010 -0.81839
vn 0.31875 0.61955 -0.71732
vn -0.16815 -0.45916 -0.87229
vn -0.49338 -0.86046 0.12719
vn -0.22674 -0.16318 0.96019
vn 0.31687 0.80632 0.49944
vn 0.31875 0.61955 -0.71732
vn 0.31514 0.57184 -0.75743
vn -0.18123 -0.46046 -0.86898
vn -0.46705 -0.83687 0.28551
vn -0.17236 -0.11653 0.97812
vn 0.39780 0.86155 0.31542
vn 0.31514 0.57184 -0.75743
vn 0.00406 0.38386 -0.92338
vn -0.27303 -0.60974 -0.74409
vn -0.20623 -0.82584 0.52484
vn 0.08372 0.10156 0.99130
vn 0.34363 0.93619 0.07390
vn 0.00406 0.38386 -0.92338
vn -0.21938 0.27243 -0.93683
vn -0.58035 -0.67995 -0.44818
vn -0.11793 -0.63950 0.75969
vn 0.46258 0.25094 0.85032
vn 0.41946 0.88759 -0.19034
vn -0.21938 0.27243 -0.93683
vn -0.59488 -0.72855 -0.33961
vn 0.41415 0.37073 0.83129
vn 0.18164 0.64138 -0.74541
vn 0.09377 0.19757 -0.97579
vn 0.09753 0.19246 -0.97645
vn -0.51320 -0.80987 0.28413
vn -0.50945 -0.81623 0.27245
vn 0.27021 0.49570 0.82539
vn 0.29498 0.52972 0.79522
vn 0.09753 0.19246 -0.97645
vn 0.09377 0.19757 -0.97579
vn 0.11338 0.19564 -0.97410
vn -0.52054 -0.80124 0.29504
vn 0.32863 0.57291 0.75085
vn 0.11338 0.19564 -0.97410
vn 0.14878 0.23640 -0.96020
vn -0.61125 -0.73667 0.28930
vn 0.44575 0.55718 0.70061
vn 0.14878 0.23640 -0.96020
vn -0.78955 -0.59638 0.14473
vn 0.75270 0.61907 -0.22403
vn 0.05499 -0.78749 -0.61387
vn 0.10710 -0.70704 -0.69902
vn -0.38433 -0.72459 0.57206
vn -0.38520 -0.69172 0.61086
vn -0.24313 0.62831 0.73899
vn -0.26059 0.59581 0.75967
vn 0.30697 0.66122 -0.68451
vn 0.29551 0.61829 -0.72828
vn 0.05499 -0.78749 -0.61387
vn 0.10710 -0.70704 -0.69902
vn 0.20100 -0.54091 -0.81671
vn -0.36843 -0.78745 0.49415
vn -0.29296 0.48127 0.82617
vn 0.30799 0.74750 -0.58854
vn 0.20100 -0.54091 -0.81671
vn 0.44696 -0.08095 -0.89088
vn -0.37279 -0.92430 0.08186
vn -0.50737 0.00599 0.86171
vn 0.34461 0.93155 -0.11597
vn 0.44696 -0.08095 -0.89088
vn 0.64995 0.41531 -0.63646
vn -0.51706 -0.63347 -0.57564
vn -0.65523 -0.39282 0.64527
vn 0.51982 0.65757 0.54534
vn 0.64995 0.41531 -0.63646
vn -0.64706 -0.11308 -0.75401
vn 0.65406 0.15981 0.73937
vn 0.13575 -0.97037 0.19987
vn 0.22324 -0.97022 0.09396
vn -0.76895 0.31680 0.55530
vn -0.76394 0.38903 0.51483
vn 0.48868 0.42942 -0.75947
vn 0.39780 0.57054 -0.71849
vn 0.22324 -0.97022 0.09396
vn 0.13575 -0.97037 0.19987
vn 0.46859 -0.86782 -0.16524
vn -0.76243 0.11109 0.63747
vn 0.05954 0.88728 -0.45738
vn 0.46859 -0.86782 -0.16524
vn 0.72565 -0.17247 -0.66610
vn -0.60950 -0.62335 0.48984
vn -0.18374 0.93648 0.29873
vn 0.72565 -0.17247 -0.66610
vn -0.46105 -0.87743 0.13250
vn 0.54657 0.75693 -0.35820
vn -0.56629 0.69628 -0.44104
vn -0.59492 0.66817 -0.44678
vn -0.40252 -0.77911 0.48060
vn -0.49315 -0.74811 0.44399
vn 0.96837 -0.16873 0.18382
vn 0.99607 -0.02193 0.08582
vn -0.59492 0.66817 -0.44678
vn -0.56629 0.69628 -0.44104
vn -0.66494 0.61159 -0.42874
vn -0.26665 -0.81122 0.52040
vn 0.97994 0.18994 -0.06035
vn -0.66494 0.61159 -0.42874
vn -0.79666 0.48048 -0.36671
vn -0.05487 -0.82232 0.56637
vn 0.88260 0.44656 -0.14699
vn -0.79666 0.48048 -0.36671
vn -0.15367 -0.76519 0.62520
vn 0.14818 0.77583 -0.61330
vn -0.99560 -0.09017 0.02565
vn -0.99921 -0.03430 -0.02017
vn -0.16504 -0.78787 0.59331
vn -0.16718 -0.79716 0.58017
vn 0.94722 -0.18381 0.26266
vn 0.96329 -0.13082 0.23441
vn 0.05891 0.82391 -0.56365
vn 0.04377 0.83387 -0.55023
vn -0.99560 -0.09017 0.02565
vn -0.99921 -0.03430 -0.02017
vn -0.99759 0.01371 -0.06799
vn -0.15677 -0.78090 0.60467
vn 0.97882 -0.07911 0.18884
vn 0.07779 0.81286 -0.57724
vn -0.99759 0.01371 -0.06799
vn -0.98575 -0.05145 -0.16017
vn -0.21326 -0.73369 0.64515
vn 0.96122 -0.03062 0.27409
vn 0.19521 0.75112 -0.63065
vn -0.98575 -0.05145 -0.16017
vn -0.99693 0.03760 -0.06870
vn -0.10463 -0.55241 0.82698
vn 0.99474 -0.02499 0.09937
vn 0.07943 0.57066 -0.81734
vn -0.99693 0.03760 -0.06870
vn -0.08247 -0.32763 0.94120
vn 0.05197 0.36777 -0.92846
vn -0.50359 -0.85910 -0.09133
vn -0.54652 -0.82782 -0.12662
vn 0.73355 0.13462 0.66617
vn 0.73533 0.19934 0.64773
vn -0.29505 0.79335 -0.53249
vn -0.22569 0.83927 -0.49466
vn -0.54652 -0.82782 -0.12662
vn -0.50359 -0.85910 -0.09133
vn -0.60507 -0.76548 -0.21894
vn 0.71592 0.02448 0.69775
vn -0.10535 0.89997 -0.42303
vn -0.60507 -0.76548 -0.21894
vn -0.77876 -0.56411 -0.27442
vn 0.54327 -0.17274 0.82160
vn 0.21184 0.82194 -0.52871
vn -0.77876 -0.56411 -0.27442
vn 0.35943 -0.24182 0.90130
vn -0.49672 0.15779 -0.85345
vn 0.31522 -0.94776 -0.04896
vn 0.19126 -0.97608 -0.10338
vn 0.88171 -0.10244 0.46053
vn 0.87883 -0.01345 0.47695
vn 0.24861 0.85197 0.46080
vn 0.36182 0.78542 0.50219
vn -0.72831 0.67923 -0.09058
vn -0.76096 0.63534 -0.13151
vn -0.80884 -0.38957 -0.44047
vn -0.84096 -0.30483 -0.44706
vn 0.19126 -0.97608 -0.10338
vn 0.31522 -0.94776 -0.04896
vn 0.00492 -0.97379 -0.22738
vn 0.87453 -0.25785 0.41073
vn 0.55802 0.64192 0.52589
vn -0.62352 0.78172 -0.01158
vn -0.88458 -0.13275 -0.44710
vn 0.00492 -0.97379 -0.22738
vn -0.44809 -0.79052 -0.41748
vn 0.65325 -0.70429 0.27792
vn 0.77549 0.09174 0.62466
vn -0.18392 0.97011 0.15827
vn -0.72099 0.52893 -0.44766
vn -0.44809 -0.79052 -0.41748
vn -0.84216 -0.16467 -0.51347
vn -0.17437 -0.93105 0.32052
vn 0.56986 -0.46142 0.67996
vn 0.60204 0.78239 0.15941
vn -0.04018 0.85083 -0.52390
vn -0.84216 -0.16467 -0.51347
vn -0.67037 -0.53795 0.51109
vn 0.93710 0.34883 0.01270
vn -0.42866 0.39632 -0.81190
vn 0.54770 -0.81323 -0.19666
vn 0.49157 -0.83198 -0.25722
vn 0.34022 0.44867 0.82640
vn 0.29723 0.46985 0.83120
vn -0.79233 0.04856 -0.60815
vn -0.82891 0.16877 -0.53331
vn 0.49157 -0.83198 -0.25722
vn 0.54770 -0.81323 -0.19666
vn 0.32789 -0.83882 -0.43459
vn 0.43634 0.36116 0.82412
vn -0.83127 0.47375 -0.29076
vn 0.32789 -0.83882 -0.43459
vn -0.33542 -0.72429 -0.60242
vn 0.62043 -0.05146 0.78257
vn -0.46994 0.87078 -0.14458
vn -0.33542 -0.72429 -0.60242
vn 0.63602 -0.43200 0.63941
vn -0.79218 -0.19310 -0.57893
vn -0.43668 0.67352 0.59639
vn -0.42809 0.67748 0.59813
vn -0.04874 -0.80990 0.58455
vn -0.07582 -0.79155 0.60639
vn 0.47624 -0.09622 -0.87403
vn 0.47419 -0.02192 -0.88015
vn -0.42809 0.67748 0.59813
vn -0.43668 0.67352 0.59639
vn -0.44273 0.64278 0.62516
vn 0.01085 -0.86002 0.51015
vn 0.40300 0.19205 -0.89482
vn -0.44273 0.64278 0.62516
vn -0.52946 0.53145 0.66124
vn 0.21639 -0.93443 0.28288
vn 0.32800 0.42350 -0.84443
vn -0.52946 0.53145 0.66124
vn 0.34161 -0.88936 0.30389
vn -0.33196 0.89905 -0.28551
vn -0.87452 -0.15900 0.45819
vn -0.87179 -0.09229 0.48111
vn 0.68759 -0.69886 0.19702
vn 0.50658 -0.80719 0.30301
vn 0.52005 0.66232 -0.53932
vn 0.31885 0.74201 -0.58971
vn -0.87179 -0.09229 0.48111
vn -0.87452 -0.15900 0.45819
vn -0.90663 0.00586 0.42189
vn 0.64538 -0.72486 0.24097
vn 0.38093 0.70040 -0.60359
vn -0.90663 0.00586 0.42189
vn -0.90588 0.18940 0.37883
vn 0.58873 -0.71874 0.36988
vn 0.37584 0.56377 -0.73546
vn -0.90588 0.18940 0.37883
vn 0.56533 -0.60600 0.55962
vn -0.64327 0.60598 -0.46798
vn -0.53909 -0.84213 -0.01440
vn -0.61772 -0.78059 -0.09539
vn 0.54958 -0.57233 0.60860
vn 0.58485 -0.53602 0.60879
vn 0.61685 0.74867 0.24286
vn 0.63856 0.71988 0.27205
vn -0.65566 0.52540 -0.54229
vn -0.69722 0.47897 -0.53336
vn -0.53909 -0.84213 -0.01440
vn -0.61772 -0.78059 -0.09539
vn -0.72528 -0.64407 -0.24317
vn 0.47889 -0.64798 0.59227
vn 0.71267 0.61135 0.34403
vn -0.56563 0.62144 -0.54211
vn -0.72528 -0.64407 -0.24317
vn -0.87881 -0.18364 -0.44042
vn 0.06150 -0.83155 0.55204
vn 0.84590 0.11234 0.52138
vn -0.09752 0.84240 -0.52995
vn -0.87881 -0.18364 -0.44042
vn -0.77048 0.14981 -0.61961
vn -0.49031 -0.52047 0.69908
vn 0.77662 -0.12430 0.61758
vn 0.45586 0.54095 -0.70680
vn -0.77048 0.14981 -0.61961
vn -0.64234 -0.07524 0.76272
vn 0.61777 0.11458 -0.77796
vn 0.22254 -0.97455 -0.02714
vn 0.03294 -0.99328 -0.11093
vn 0.92630 -0.03510 0.37515
vn 0.92181 0.05976 0.38300
vn -0.00923 0.96771 0.25191
vn 0.08402 0.95448 0.28620
vn -0.95082 -0.11842 -0.28622
vn -0.93887 -0.20719 -0.27496
vn 0.22254 -0.97455 -0.02714
vn 0.03294 -0.99328 -0.11093
vn -0.33421 -0.90358 -0.26806
vn 0.91254 -0.23728 0.33312
vn 0.38083 0.85547 0.35092
vn -0.95513 0.10249 -0.27790
vn -0.33421 -0.90358 -0.26806
vn -0.79207 -0.21033 -0.57305
vn 0.61234 -0.74043 0.27714
vn 0.77579 0.21671 0.59261
vn -0.65921 0.70600 -0.25885
vn -0.79207 -0.21033 -0.57305
vn -0.34490 0.53487 -0.77133
vn -0.70274 -0.67984 0.20970
vn 0.39973 -0.49625 0.77068
vn 0.67116 0.70652 -0.22446
vn -0.34490 0.53487 -0.77133
vn -0.96176 -0.09582 0.25657
vn 0.95362 0.13520 -0.26894
vn 0.66246 0.73158 0.16103
vn 0.64300 0.74838 0.16273
vn 0.58622 -0.66448 -0.46348
vn 0.61734 -0.64658 -0.44813
vn -0.94513 -0.31424 0.08931
vn -0.96813 -0.22071 0.11837
vn 0.64300 0.74838 0.16273
vn 0.66246 0.73158 0.16103
vn 0.65519 0.73745 0.16396
vn 0.50396 -0.71674 -0.48198
vn -0.97500 -0.02910 0.22028
vn 0.65519 0.73745 0.16396
vn 0.71847 0.67579 0.16465
vn 0.27355 -0.81614 -0.50901
vn -0.94371 0.16591 0.28615
vn 0.71847 0.67579 0.16465
vn 0.25612 -0.75422 -0.60461
vn -0.21680 0.78272 0.58339
vn 0.93073 -0.21316 0.29718
vn 0.93857 -0.14121 0.31487
vn -0.38319 -0.54586 -0.74512
vn -0.19602 -0.66422 -0.72138
vn -0.75667 0.64446 0.11014
vn -0.67983 0.68457 0.26306
vn 0.93857 -0.14121 0.31487
vn 0.93073 -0.21316 0.29718
vn 0.91656 -0.05753 0.39573
vn -0.30770 -0.58157 -0.75306
vn -0.71043 0.66273 0.23680
vn 0.91656 -0.05753 0.39573
vn 0.89027 0.08971 0.44651
vn -0.16738 -0.59134 -0.78886
vn -0.77287 0.55924 0.29986
vn 0.89027 0.08971 0.44651
vn -0.02269 -0.51059 -0.85952
vn 0.10443 0.50929 0.85423
vn 0.68222 -0.73114 0.00083
vn 0.72051 -0.67989 0.13644
vn -0.14298 -0.49060 -0.85958
vn -0.19440 -0.45938 -0.86671
vn -0.69157 0.63117 -0.35121
vn -0.68821 0.62326 -0.37136
vn 0.31347 0.44635 0.83816
vn 0.36934 0.42121 0.82835
vn 0.68222 -0.73114 0.00083
vn 0.72051 -0.67989 0.13644
vn 0.74425 -0.57653 0.33720
vn -0.06371 -0.54891 -0.83345
vn -0.70115 0.55334 -0.44968
vn 0.20899 0.51675 0.83024
vn 0.74425 -0.57653 0.33720
vn 0.69800 -0.25222 0.67021
vn 0.31032 -0.64773 -0.69581
vn -0.62543 0.20567 -0.75269
vn -0.26041 0.66043 0.70429
vn 0.69800 -0.25222 0.67021
vn 0.52585 -0.01504 0.85045
vn 0.77408 -0.18683 -0.60489
vn -0.52843 0.03584 -0.84822
vn -0.74819 0.20433 0.63123
vn 0.52585 -0.01504 0.85045
vn 0.83590 0.26883 -0.47854
vn -0.82537 -0.23695 0.51246
vn -0.37683 -0.85462 -0.35724
vn -0.18452 -0.95996 -0.21078
vn -0.80006 0.22512 -0.55608
vn -0.78345 0.33204 -0.52532
vn 0.08146 0.99646 -0.02064
vn 0.00541 0.99710 -0.07596
vn 0.82292 -0.31399 0.47351
vn 0.80726 -0.39993 0.43403
vn -0.37683 -0.85462 -0.35724
vn -0.18452 -0.95996 -0.21078
vn 0.18473 -0.97804 0.09653
vn -0.81654 -0.01851 -0.57699
vn -0.28409 0.92938 -0.23570
vn 0.84692 -0.07597 0.52627
vn 0.18473 -0.97804 0.09653
vn 0.55204 -0.48011 0.68172
vn -0.61544 -0.57674 -0.53722
vn -0.53771 0.45779 -0.70802
vn 0.64316 0.55751 0.52490
vn 0.55204 -0.48011 0.68172
vn 0.54434 0.40599 0.73407
vn 0.37882 -0.88025 -0.28576
vn -0.52969 -0.41423 -0.74017
vn -0.34313 0.89046 0.29890
vn 0.54434 0.40599 0.73407
vn 0.81127 -0.49344 -0.31361
vn -0.78526 0.53124 0.31805
vn 0.31549 0.65451 -0.68708
vn 0.31144 0.66336 -0.68041
vn -0.52784 -0.72629 -0.44033
vn -0.51325 -0.71693 -0.47179
vn 0.02637 -0.07997 0.99645
vn 0.06416 -0.02003 0.99774
vn 0.31144 0.66336 -0.68041
vn 0.31549 0.65451 -0.68708
vn 0.30745 0.64354 -0.70095
vn -0.54805 -0.75170 -0.36686
vn 0.16419 0.11322 0.97991
vn 0.30745 0.64354 -0.70095
vn 0.31462 0.54964 -0.77390
vn -0.56645 -0.80130 -0.19250
vn 0.22637 0.28626 0.93103
vn 0.31462 0.54964 -0.77390
vn -0.57227 -0.81739 -0.06628
vn 0.55079 0.81378 0.18546
vn 0.30559 -0.13284 -0.94285
vn 0.32778 -0.08599 -0.94083
vn -0.71433 -0.65156 0.25534
vn -0.70866 -0.65089 0.27229
vn 0.19777 0.64944 0.73424
vn 0.20497 0.65480 0.72748
vn 0.32778 -0.08599 -0.94083
vn 0.30559 -0.13284 -0.94285
vn 0.36896 -0.04494 -0.92836
vn -0.72056 -0.65017 0.24098
vn 0.23616 0.66659 0.70703
vn 0.36896 -0.04494 -0.92836
vn 0.38730 0.03077 -0.92144
vn -0.74606 -0.63146 0.21134
vn 0.31729 0.62561 0.71269
vn 0.38730 0.03077 -0.92144
vn -0.79665 -0.58728 0.14301
vn 0.78742 0.58855 -0.18325
vn 0.07422 -0.75481 -0.65173
vn 0.18877 -0.70438 -0.68426
vn -0.81958 -0.55132 0.15596
vn -0.82061 -0.53570 0.19906
vn -0.42639 0.62046 0.65819
vn -0.42139 0.63509 0.64737
vn 0.81183 0.50225 -0.29779
vn 0.80519 0.48438 -0.34211
vn 0.07422 -0.75481 -0.65173
vn 0.18877 -0.70438 -0.68426
vn 0.33061 -0.63018 -0.70255
vn -0.80698 -0.58165 0.10230
vn -0.44517 0.60892 0.65654
vn 0.80639 0.54806 -0.22220
vn 0.33061 -0.63018 -0.70255
vn 0.57404 -0.52278 -0.63022
vn -0.79770 -0.60295 0.01144
vn -0.58661 0.54222 0.60157
vn 0.79571 0.60166 -0.06965
vn 0.57404 -0.52278 -0.63022
vn 0.80026 -0.34800 -0.48834
vn -0.69186 -0.62591 -0.35996
vn -0.77625 0.39692 0.48979
vn 0.68402 0.64324 0.34404
vn 0.80026 -0.34800 -0.48834
vn -0.58922 -0.48990 -0.64251
vn 0.58770 0.52425 0.61626
vn -0.44653 -0.81833 0.36187
vn -0.30774 -0.93469 0.17793
vn -0.55400 0.23727 0.79799
vn -0.50595 0.33828 0.79346
vn 0.03810 0.99704 0.06672
vn 0.00558 0.99650 0.08340
vn 0.51455 -0.26832 -0.81440
vn 0.47713 -0.33463 -0.81263
vn -0.44653 -0.81833 0.36187
vn -0.30774 -0.93469 0.17793
vn -0.06163 -0.99201 -0.11011
vn -0.60047 0.03893 0.79870
vn -0.08861 0.97166 0.21915
vn 0.56887 -0.09765 -0.81661
vn -0.06163 -0.99201 -0.11011
vn 0.32809 -0.83114 -0.44896
vn -0.70139 -0.23420 0.67321
vn -0.34825 0.83054 0.43466
vn 0.69264 0.20728 -0.69086
vn 0.32809 -0.83114 -0.44896
vn 0.71683 -0.59623 -0.36148
vn -0.73622 -0.67267 0.07409
vn -0.71814 0.60739 0.33964
vn 0.74654 0.65647 -0.10829
vn 0.71683 -0.59623 -0.36148
vn -0.65371 -0.73708 -0.17140
vn 0.67616 0.72619 0.12432
vn -0.39486 -0.55589 0.73149
vn -0.30340 -0.63544 0.71005
vn -0.78816 0.54891 0.27841
vn -0.77669 0.58257 0.23950
vn 0.14506 0.62230 -0.76922
vn 0.09857 0.65436 -0.74973
vn 0.60069 -0.74689 -0.28517
vn 0.54741 -0.79490 -0.26167
vn -0.39486 -0.55589 0.73149
vn -0.30340 -0.63544 0.71005
vn -0.10977 -0.76001 0.64058
vn -0.80199 0.47790 0.35836
vn -0.01311 0.74497 -0.66697
vn 0.66965 -0.64581 -0.36674
vn -0.10977 -0.76001 0.64058
vn 0.52767 -0.77074 0.35709
vn -0.84155 0.27243 0.46645
vn -0.55971 0.74128 -0.37043
vn 0.79993 -0.35185 -0.48611
vn 0.52767 -0.77074 0.35709
vn 0.99184 0.11352 -0.05798
vn -0.29605 -0.63670 0.71201
vn -0.99799 -0.06328 0.00309
vn 0.26935 0.62731 -0.73071
vn 0.99184 0.11352 -0.05798
vn 0.16982 -0.84197 0.51210
vn -0.15887 0.81994 -0.54996
vn -0.36114 0.53555 -0.76339
vn -0.34453 0.54696 -0.76298
vn -0.90998 -0.38543 -0.15292
vn -0.90707 -0.37335 -0.19450
vn -0.06190 -0.66825 0.74136
vn 0.04891 -0.62626 0.77808
vn 0.89137 0.43248 0.13572
vn 0.88981 0.42706 0.16079
vn -0.36114 0.53555 -0.76339
vn -0.34453 0.54696 -0.76298
vn -0.37491 0.52154 -0.76644
vn -0.90212 -0.42369 -0.08165
vn 0.23533 -0.55280 0.79939
vn 0.88508 0.45949 0.07418
vn -0.37491 0.52154 -0.76644
vn -0.55842 0.31864 -0.76592
vn -0.85427 -0.51753 0.04892
vn 0.52409 -0.32059 0.78902
vn 0.84303 0.53631 -0.04079
vn -0.55842 0.31864 -0.76592
vn -0.77309 0.04651 -0.63259
vn -0.63652 -0.65482 0.40750
vn 0.75795 -0.03816 0.65119
vn 0.61194 0.67263 -0.41605
vn -0.77309 0.04651 -0.63259
vn -0.53502 -0.62636 0.56695
vn 0.49318 0.65664 -0.57061
vn -0.70282 0.01843 -0.71113
vn -0.68099 0.05398 -0.73030
vn -0.29055 -0.60768 0.73913
vn -0.28222 -0.61332 0.73769
vn 0.87973 0.42630 0.21059
vn 0.87793 0.44012 0.18850
vn -0.68099 0.05398 -0.73030
vn -0.70282 0.01843 -0.71113
vn -0.63710 0.09042 -0.76546
vn -0.30042 -0.59948 0.74187
vn 0.87708 0.45753 0.14629
vn -0.63710 0.09042 -0.76546
vn -0.57684 0.17261 -0.79841
vn -0.34729 -0.55098 0.75882
vn 0.91707 0.39214 0.07218
vn -0.57684 0.17261 -0.79841
vn -0.44588 -0.42788 0.78620
vn 0.40094 0.44080 -0.80309
vn -0.36970 -0.85457 -0.36473
vn -0.36435 -0.81573 -0.44925
vn 0.00582 0.21826 0.97587
vn 0.03887 0.30479 0.95163
vn 0.29460 0.71876 -0.62976
vn 0.32530 0.78833 -0.52222
vn -0.36435 -0.81573 -0.44925
vn -0.36970 -0.85457 -0.36473
vn -0.30448 -0.72653 -0.61599
vn -0.06488 0.05817 0.99620
vn 0.36632 0.88166 -0.29747
vn -0.30448 -0.72653 -0.61599
vn -0.22149 -0.52485 -0.82188
vn -0.31673 -0.17772 0.93172
vn 0.56089 0.82699 -0.03852
vn -0.22149 -0.52485 -0.82188
vn -0.63327 -0.13016 0.76290
vn 0.57042 0.06724 -0.81860
vn 0.00967 -0.89221 0.45153
vn -0.10000 -0.96992 0.22196
vn 0.44491 0.11161 0.88859
vn 0.46636 0.25100 0.84824
vn 0.08345 0.99635 0.01775
vn 0.11183 0.99008 0.08505
vn -0.55347 -0.19515 -0.80968
vn -0.58242 -0.26374 -0.76892
vn 0.00967 -0.89221 0.45153
vn -0.10000 -0.96992 0.22196
vn -0.24793 -0.95542 -0.16032
vn 0.40938 -0.12405 0.90389
vn 0.23937 0.92575 0.29272
vn -0.50732 0.00408 -0.86175
vn -0.24793 -0.95542 -0.16032
vn -0.23703 -0.54259 -0.80586
vn 0.19934 -0.44264 0.87426
vn 0.21881 0.55727 0.80098
vn -0.24577 0.39472 -0.88532
vn -0.23703 -0.54259 -0.80586
vn 0.44329 0.12086 -0.88819
vn -0.26495 -0.95060 0.16176
vn -0.45222 -0.10561 0.88563
vn 0.23504 0.95962 -0.15454
vn 0.44329 0.12086 -0.88819
vn -0.10956 -0.98718 -0.11603
vn 0.06648 0.99300 0.09765
vn -0.22702 0.62254 -0.74894
vn -0.28855 0.66413 -0.68969
vn -0.37712 0.21074 0.90187
vn -0.40538 0.27821 0.87078
vn 0.68731 -0.66901 -0.28290
vn 0.68360 -0.64437 -0.34274
vn -0.28855 0.66413 -0.68969
vn -0.22702 0.62254 -0.74894
vn -0.40002 0.73360 -0.54938
vn -0.29753 0.09095 0.95037
vn 0.64953 -0.57200 -0.50092
vn -0.40002 0.73360 -0.54938
vn -0.62275 0.70463 -0.34012
vn -0.08563 -0.19914 0.97622
vn 0.66580 -0.38002 -0.64210
vn -0.62275 0.70463 -0.34012
vn 0.02697 -0.32913 0.94390
vn 0.02599 0.31456 -0.94888
vn -0.78205 -0.08399 0.61753
vn -0.84462 0.01009 0.53527
vn 0.67078 -0.51070 0.53781
vn 0.71365 -0.51001 0.48020
vn 0.40854 0.33498 -0.84905
vn 0.41151 0.35263 -0.84042
vn -0.84462 0.01009 0.53527
vn -0.78205 -0.08399 0.61753
vn -0.90522 0.08750 0.41583
vn 0.62177 -0.51076 0.59374
vn 0.39974 0.35418 -0.84544
vn -0.90522 0.08750 0.41583
vn -0.94520 0.17645 0.27470
vn 0.60106 -0.45740 0.65537
vn 0.36262 0.28663 -0.88677
vn -0.94520 0.17645 0.27470
vn 0.60226 -0.31181 0.73489
vn -0.65413 0.32460 -0.68318
vn -0.21854 -0.87945 0.42285
vn -0.36707 -0.83994 0.39971
vn 0.92864 0.36718 0.05292
vn 0.86798 0.49578 -0.02851
vn -0.61078 0.65729 -0.44149
vn -0.45137 0.76128 -0.46554
vn -0.36707 -0.83994 0.39971
vn -0.21854 -0.87945 0.42285
vn -0.62300 -0.73416 0.26996
vn 0.97413 0.12570 0.18782
vn -0.12499 0.87627 -0.46533
vn -0.62300 -0.73416 0.26996
vn -0.88086 -0.47152 0.04193
vn 0.85689 -0.22243 0.46505
vn 0.17457 0.82508 -0.53737
vn -0.88086 -0.47152 0.04193
vn 0.62584 -0.22856 0.74571
vn -0.68917 0.17191 -0.70391
vn 0.29743 -0.85432 0.42623
vn 0.04733 -0.94215 0.33182
vn 0.92383 0.13913 0.35663
vn 0.91532 0.26362 0.30447
vn 0.09094 0.98117 -0.17041
vn 0.17694 0.97559 -0.13004
vn -0.94313 -0.21709 -0.25175
vn -0.93358 -0.29641 -0.20140
vn 0.29743 -0.85432 0.42623
vn 0.04733 -0.94215 0.33182
vn -0.37533 -0.92024 0.11086
vn 0.89803 -0.12073 0.42304
vn 0.46328 0.88608 -0.01522
vn -0.93983 0.00717 -0.34156
vn -0.37533 -0.92024 0.11086
vn -0.70118 -0.52083 -0.48691
vn 0.70653 -0.46650 0.53216
vn 0.68399 0.53815 0.49249
vn -0.74233 0.42524 -0.51781
vn -0.70118 -0.52083 -0.48691
vn -0.23893 0.28387 -0.92862
vn -0.08196 -0.99350 0.07903
vn 0.22527 -0.28931 0.93035
vn 0.05029 0.99404 -0.09671
vn -0.23893 0.28387 -0.92862
vn -0.33051 -0.90445 -0.26970
vn 0.29578 0.92405 0.24218
vn -0.70181 0.31760 0.63765
vn -0.64157 0.36971 0.67209
vn 0.87225 0.48663 -0.04874
vn 0.84551 0.53392 -0.00716
vn -0.36091 -0.69981 -0.61645
vn -0.41271 -0.69915 -0.58384
vn -0.64157 0.36971 0.67209
vn -0.70181 0.31760 0.63765
vn -0.50057 0.47458 0.72402
vn 0.90307 0.40239 -0.15015
vn -0.54566 -0.69141 -0.47350
vn -0.50057 0.47458 0.72402
vn -0.22168 0.52508 0.82167
vn 0.91609 0.14334 -0.37448
vn -0.72482 -0.56681 -0.39162
vn -0.22168 0.52508 0.82167
vn 0.89008 -0.00675 -0.45575
vn -0.91341 -0.01065 0.40691
vn 0.49029 -0.62223 0.61029
vn 0.37804 -0.59871 0.70614
vn 0.84991 -0.37984 -0.36522
vn 0.83949 -0.41427 -0.35161
vn 0.15331 0.44089 -0.88437
vn 0.08876 0.48913 -0.86768
vn -0.79998 0.34382 0.49176
vn -0.77368 0.33913 0.53518
vn 0.49029 -0.62223 0.61029
vn 0.37804 -0.59871 0.70614
vn 0.18383 -0.54769 0.81624
vn 0.85970 -0.37234 -0.34969
vn 0.06146 0.49679 -0.86569
vn -0.83101 0.37508 0.41078
vn 0.18383 -0.54769 0.81624
vn -0.01210 -0.34463 0.93866
vn 0.89051 -0.39413 -0.22726
vn 0.06952 0.35065 -0.93392
vn -0.87795 0.41207 0.24373
vn -0.01210 -0.34463 0.93866
vn -0.08423 -0.28605 0.95451
vn 0.95453 -0.29785 -0.01237
vn 0.09832 0.30769 -0.94639
vn -0.95024 0.30893 0.04015
vn -0.08423 -0.28605 0.95451
vn 0.98741 -0.14378 0.06590
vn -0.98530 0.16919 -0.02364
vn 0.26654 -0.86401 0.42714
vn 0.20865 -0.84502 0.49234
vn 0.41669 0.52661 -0.74098
vn 0.33197 0.61495 -0.71529
vn -0.76415 0.49041 0.41901
vn -0.74327 0.59167 0.31220
vn 0.20865 -0.84502 0.49234
vn 0.26654 -0.86401 0.42714
vn 0.04260 -0.80153 0.59644
vn 0.55848 0.35668 -0.74892
vn -0.66128 0.74254 0.10649
vn 0.04260 -0.80153 0.59644
vn -0.18141 -0.66183 0.72737
vn 0.81040 0.08874 -0.57912
vn -0.63775 0.73988 -0.21413
vn -0.18141 -0.66183 0.72737
vn 0.95763 0.09976 -0.27017
vn -0.92775 -0.16134 0.33653
vn 0.31543 -0.86134 -0.39824
vn 0.31309 -0.91635 -0.24957
vn -0.02237 0.89997 -0.43537
vn -0.07128 0.95992 -0.27105
vn -0.23422 0.08549 0.96842
vn -0.27428 0.32625 0.90461
vn 0.31309 -0.91635 -0.24957
vn 0.31543 -0.86134 -0.39824
vn 0.18741 -0.97115 0.14743
vn 0.10637 0.65351 -0.74941
vn -0.29219 0.77455 0.56098
vn 0.18741 -0.97115 0.14743
vn -0.17073 -0.72787 0.66412
vn 0.45545 0.05600 -0.88850
vn -0.37853 0.92379 0.05762
vn -0.17073 -0.72787 0.66412
vn 0.87447 -0.14728 -0.46218
vn -0.85789 -0.00074 0.51383
vn 0.87024 0.49096 0.04044
vn 0.84620 0.53240 -0.02236
vn -0.65769 0.34229 -0.67103
vn -0.61225 0.39616 -0.68425
vn -0.07569 -0.67071 0.73785
vn -0.02792 -0.65874 0.75185
vn 0.84620 0.53240 -0.02236
vn 0.87024 0.49096 0.04044
vn 0.77471 0.61176 -0.15992
vn -0.74627 0.24243 -0.61993
vn 0.13773 -0.61645 0.77525
vn 0.77471 0.61176 -0.15992
vn 0.64693 0.64263 -0.41050
vn -0.89060 -0.03482 -0.45344
vn 0.30118 -0.48055 0.82363
vn 0.64693 0.64263 -0.41050
vn -0.91399 -0.17508 -0.36602
vn 0.90920 0.18579 0.37261
vn 0.43473 -0.32155 -0.84120
vn 0.56096 -0.24211 -0.79165
vn -0.64857 -0.56730 -0.50747
vn -0.67373 -0.57803 -0.46041
vn -0.86200 0.02502 0.50629
vn -0.83772 0.07100 0.54146
vn 0.65380 0.58804 0.47618
vn 0.66476 0.59876 0.44674
vn 0.43473 -0.32155 -0.84120
vn 0.56096 -0.24211 -0.79165
vn 0.68739 -0.15510 -0.70954
vn -0.60915 -0.56222 -0.55933
vn -0.81313 0.09533 0.57422
vn 0.62573 0.58048 0.52106
vn 0.68739 -0.15510 -0.70954
vn 0.77308 -0.06192 -0.63128
vn -0.57554 -0.52469 -0.62726
vn -0.80049 0.07054 0.59518
vn 0.58094 0.54303 0.60633
vn 0.77308 -0.06192 -0.63128
vn 0.79086 -0.04983 -0.60996
vn -0.57100 -0.36520 -0.73524
vn -0.80032 0.07247 0.59518
vn 0.58795 0.38370 0.71210
vn 0.79086 -0.04983 -0.60996
vn -0.58114 -0.21735 -0.78424
vn 0.60598 0.25464 0.75362
vn 0.00364 -0.76871 -0.63959
vn 0.11995 -0.74104 -0.66065
vn -0.87951 0.27419 0.38895
vn -0.82172 0.35762 0.44372
vn 0.77188 0.57947 0.26158
vn 0.67555 0.65124 0.34571
vn 0.11995 -0.74104 -0.66065
vn 0.00364 -0.76871 -0.63959
vn 0.36425 -0.67205 -0.64473
vn -0.95557 0.11329 0.27213
vn 0.45442 0.74793 0.48384
vn 0.36425 -0.67205 -0.64473
vn 0.68631 -0.48498 -0.54201
vn -0.99300 -0.10875 -0.04613
vn 0.23668 0.68689 0.68714
vn 0.68631 -0.48498 -0.54201
vn -0.92066 -0.05075 -0.38706
vn 0.95036 0.00264 0.31116
vn -0.45171 -0.89157 0.03272
vn -0.34431 -0.93749 -0.05069
vn -0.45748 0.79896 0.39035
vn -0.35092 0.87072 0.34454
vn 0.86551 0.18537 -0.46532
vn 0.83455 0.37660 -0.40211
vn -0.34431 -0.93749 -0.05069
vn -0.45171 -0.89157 0.03272
vn -0.03659 -0.97710 -0.20962
vn -0.66178 0.59303 0.45865
vn 0.65332 0.72587 -0.21516
vn -0.03659 -0.97710 -0.20962
vn 0.46429 -0.84875 -0.25311
vn -0.94763 0.12721 0.29295
vn 0.45731 0.88370 0.09970
vn 0.46429 -0.84875 -0.25311
vn -0.95794 -0.01165 -0.28675
vn 0.95480 -0.12095 0.27153
vn -0.25848 0.42409 -0.86795
vn -0.31896 0.46034 -0.82847
vn -0.41580 0.27786 0.86597
vn -0.44244 0.32159 0.83715
vn 0.79135 -0.60138 -0.11001
vn 0.78777 -0.59230 -0.16911
vn -0.31896 0.46034 -0.82847
vn -0.25848 0.42409 -0.86795
vn -0.43889 0.53217 -0.72399
vn -0.33953 0.20068 0.91894
vn 0.75798 -0.56171 -0.33158
vn -0.43889 0.53217 -0.72399
vn -0.64403 0.54988 -0.53183
vn -0.15032 -0.04566 0.98758
vn 0.75918 -0.41872 -0.49832
vn -0.64403 0.54988 -0.53183
vn -0.08475 -0.20137 0.97584
vn 0.13655 0.18860 -0.97251
vn -0.92489 -0.21220 -0.31551
vn -0.91221 -0.17821 -0.36893
vn 0.22915 -0.21028 0.95041
vn 0.28159 -0.19392 0.93974
vn 0.79280 0.43167 -0.43026
vn 0.81028 0.42581 -0.40265
vn -0.91221 -0.17821 -0.36893
vn -0.92489 -0.21220 -0.31551
vn -0.87563 -0.14474 -0.46079
vn 0.15302 -0.23145 0.96074
vn 0.82608 0.41746 -0.37857
vn -0.87563 -0.14474 -0.46079
vn -0.82616 -0.07583 -0.55831
vn 0.02443 -0.22729 0.97352
vn 0.85623 0.34535 -0.38419
vn -0.82616 -0.07583 -0.55831
vn -0.08307 -0.15324 0.98469
vn 0.06207 0.16291 -0.98469
vn -0.48774 -0.85904 0.15546
vn -0.54897 -0.83409 0.05413
vn 0.57831 0.41785 0.70069
vn 0.59262 0.50891 0.62435
vn -0.13283 0.54200 -0.82982
vn -0.02719 0.64273 -0.76561
vn -0.54897 -0.83409 0.05413
vn -0.48774 -0.85904 0.15546
vn -0.60902 -0.77438 -0.17157
vn 0.52547 0.24295 0.81539
vn 0.16110 0.78150 -0.60275
vn -0.60902 -0.77438 -0.17157
vn -0.64044 -0.61483 -0.46024
vn 0.28729 -0.03027 0.95736
vn 0.41991 0.77897 -0.46571
vn -0.64044 -0.61483 -0.46024
vn -0.01506 -0.03199 0.99937
vn -0.05658 -0.03087 -0.99792
vn 0.29140 -0.86132 0.41619
vn 0.15502 -0.92472 0.34764
vn 0.42601 0.86733 0.25739
vn 0.32163 0.93166 0.16903
vn -0.79575 0.11061 -0.59543
vn -0.73190 0.33911 -0.59104
vn 0.15502 -0.92472 0.34764
vn 0.29140 -0.86132 0.41619
vn -0.16347 -0.98421 0.06793
vn 0.62973 0.63133 0.45261
vn -0.43083 0.78256 -0.44942
vn -0.16347 -0.98421 0.06793
vn -0.54648 -0.69771 -0.46320
vn 0.63263 -0.01613 0.77428
vn 0.12502 0.94617 -0.29855
vn -0.54648 -0.69771 -0.46320
vn 0.09426 -0.23831 0.96660
vn -0.16018 0.09090 -0.98289
vn -0.96498 0.19354 0.17706
vn -0.94666 0.23724 0.21807
vn 0.70343 0.58388 0.40531
vn 0.66690 0.61687 0.41799
vn 0.09264 -0.70587 -0.70225
vn 0.05460 -0.71060 -0.70147
vn -0.94666 0.23724 0.21807
vn -0.96498 0.19354 0.17706
vn -0.88828 0.33601 0.31313
vn 0.77502 0.52357 0.35386
vn -0.08201 -0.72603 -0.68276
vn -0.88828 0.33601 0.31313
vn -0.75325 0.40383 0.51916
vn 0.92164 0.32326 0.21466
vn -0.26127 -0.64734 -0.71602
vn -0.75325 0.40383 0.51916
vn 0.96471 0.20674 0.16307
vn -0.96237 -0.20202 -0.18175
vn -0.56507 -0.47015 0.67798
vn -0.63988 -0.43433 0.63397
vn 0.66001 -0.48208 0.57618
vn 0.64330 -0.50895 0.57196
vn 0.83876 0.35409 -0.41365
vn 0.81144 0.39214 -0.43335
vn -0.72159 0.46959 -0.50872
vn -0.74192 0.46503 -0.48301
vn -0.56507 -0.47015 0.67798
vn -0.63988 -0.43433 0.63397
vn -0.74071 -0.38692 0.54921
vn 0.65624 -0.46924 0.59090
vn 0.81399 0.38745 -0.43279
vn -0.68038 0.48015 -0.55366
vn -0.74071 -0.38692 0.54921
vn -0.85265 -0.23081 0.46874
vn 0.58697 -0.45562 0.66923
vn 0.86523 0.25277 -0.43300
vn -0.59029 0.47743 -0.65085
vn -0.85265 -0.23081 0.46874
vn -0.88417 -0.17984 0.43116
vn 0.47144 -0.33293 0.81664
vn 0.88755 0.20307 -0.41355
vn -0.49081 0.34978 -0.79797
vn -0.88417 -0.17984 0.43116
vn 0.44845 -0.21073 0.86861
vn -0.47867 0.24422 -0.84334
vn 0.24881 -0.73380 0.63217
vn 0.11257 -0.71144 0.69367
vn 0.73343 0.36214 -0.57527
vn 0.62730 0.45590 -0.63139
vn -0.84854 0.50783 -0.14861
vn -0.76388 0.58885 -0.26409
vn 0.11257 -0.71144 0.69367
vn 0.24881 -0.73380 0.63217
vn -0.15934 -0.66823 0.72669
vn 0.86775 0.19610 -0.45667
vn -0.58240 0.68603 -0.43609
vn -0.15934 -0.66823 0.72669
vn -0.50103 -0.53702 0.67866
vn 0.98714 0.00040 -0.15984
vn -0.44574 0.63828 -0.62762
vn -0.50103 -0.53702 0.67866
vn 0.98381 0.06891 0.16545
vn -0.98935 -0.11615 -0.08775
vn 0.62039 -0.77074 0.14515
vn 0.49223 -0.83081 0.25975
vn 0.44156 0.71583 -0.54093
vn 0.30367 0.79912 -0.51883
vn -0.90443 0.27267 0.32811
vn -0.86646 0.45202 0.21197
vn 0.49223 -0.83081 0.25975
vn 0.62039 -0.77074 0.14515
vn 0.08618 -0.89094 0.44588
vn 0.70387 0.47002 -0.53259
vn -0.59547 0.79511 -0.11500
vn 0.08618 -0.89094 0.44588
vn -0.59925 -0.66881 0.44000
vn 0.96550 -0.01763 -0.25980
vn -0.32548 0.87369 -0.36156
vn -0.59925 -0.66881 0.44000
vn 0.96545 -0.09279 0.24349
vn -0.97039 0.09359 -0.22268
vn -0.14080 0.44677 0.88350
vn -0.10026 0.47830 0.87245
vn 0.67780 0.38405 -0.62697
vn 0.67856 0.41959 -0.60291
vn -0.68746 -0.70467 -0.17564
vn -0.69595 -0.70237 -0.14944
vn -0.10026 0.47830 0.87245
vn -0.14080 0.44677 0.88350
vn -0.00187 0.54488 0.83851
vn 0.65237 0.31990 -0.68707
vn -0.72001 -0.69285 -0.03917
vn -0.00187 0.54488 0.83851
vn 0.20174 0.58072 0.78871
vn 0.58111 0.11506 -0.80565
vn -0.79647 -0.60089 0.06763
vn 0.20174 0.58072 0.78871
vn 0.55477 -0.00776 -0.83197
vn -0.57238 0.01182 0.81990
vn 0.44889 -0.33181 0.82970
vn 0.46156 -0.32367 0.82595
vn 0.46498 0.63084 -0.62115
vn 0.46885 0.63995 -0.60881
vn -0.95322 -0.30064 -0.03153
vn -0.95530 -0.29144 -0.04967
vn 0.46156 -0.32367 0.82595
vn 0.44889 -0.33181 0.82970
vn 0.48345 -0.31603 0.81633
vn 0.45271 0.62936 -0.63163
vn -0.95470 -0.28807 -0.07458
vn 0.48345 -0.31603 0.81633
vn 0.49635 -0.30724 0.81193
vn 0.42872 0.63574 -0.64190
vn -0.94231 -0.31492 -0.11343
vn 0.49635 -0.30724 0.81193
vn 0.41402 0.65880 -0.62815
vn -0.40841 -0.64769 0.64319
vn 0.71510 -0.69832 -0.03131
vn 0.73321 -0.66991 0.11675
vn -0.34115 0.28777 -0.89487
vn -0.43033 0.37947 -0.81904
vn -0.42600 0.53077 0.73267
vn -0.51119 0.59737 0.61793
vn 0.73321 -0.66991 0.11675
vn 0.71510 -0.69832 -0.03131
vn 0.68274 -0.61837 0.38922
vn -0.17989 0.12897 -0.97519
vn -0.62330 0.67418 0.39621
vn 0.68274 -0.61837 0.38922
vn 0.51816 -0.48049 0.70756
vn 0.15070 -0.04201 -0.98769
vn -0.76742 0.60703 0.20634
vn 0.51816 -0.48049 0.70756
vn 0.47268 0.05945 -0.87923
vn -0.40401 -0.09671 0.90963
vn 0.28675 -0.90844 -0.30414
vn 0.24116 -0.94693 -0.21251
vn 0.46455 0.25784 -0.84718
vn 0.46703 0.30099 -0.83144
vn -0.13388 0.94973 0.28300
vn -0.10060 0.97134 0.21535
vn -0.23710 -0.40631 0.88244
vn -0.19330 -0.46985 0.86132
vn 0.28675 -0.90844 -0.30414
vn 0.24116 -0.94693 -0.21251
vn 0.13134 -0.99126 -0.01237
vn 0.46582 0.15614 -0.87100
vn -0.03674 0.99879 0.03269
vn -0.29865 -0.26578 0.91661
vn 0.13134 -0.99126 -0.01237
vn -0.42135 -0.81235 0.40319
vn 0.57741 -0.10988 -0.80903
vn 0.45002 0.80794 -0.38041
vn -0.51716 0.07444 0.85265
vn -0.42135 -0.81235 0.40319
vn -0.94897 0.03096 0.31385
vn 0.26380 -0.91683 -0.29974
vn 0.95249 -0.04053 -0.30186
vn -0.28007 0.90130 0.33048
vn -0.94897 0.03096 0.31385
vn -0.07669 -0.99535 -0.05829
vn 0.04176 0.99422 0.09889
vn -0.15089 0.43826 -0.88609
vn -0.19789 0.47548 -0.85718
vn -0.49558 0.38358 0.77927
vn -0.51020 0.43104 0.74424
vn 0.75300 -0.65628 -0.04780
vn 0.75482 -0.65081 -0.08183
vn -0.19789 0.47548 -0.85718
vn -0.15089 0.43826 -0.88609
vn -0.30647 0.55191 -0.77555
vn -0.43767 0.30058 0.84741
vn 0.74192 -0.63400 -0.21817
vn -0.30647 0.55191 -0.77555
vn -0.50636 0.59007 -0.62882
vn -0.29548 0.03592 0.95467
vn 0.77487 -0.51965 -0.35992
vn -0.50636 0.59007 -0.62882
vn -0.26608 -0.12267 0.95611
vn 0.27959 0.13470 -0.95062
vn -0.58886 -0.31100 -0.74600
vn -0.57468 -0.28740 -0.76625
vn 0.01514 -0.06743 0.99761
vn 0.15196 0.02715 0.98801
vn 0.80155 0.56480 -0.19628
vn 0.82310 0.56108 -0.08778
vn -0.57468 -0.28740 -0.76625
vn -0.58886 -0.31100 -0.74600
vn -0.52712 -0.26129 -0.80862
vn -0.13299 -0.15680 0.97864
vn 0.83141 0.55544 -0.01580
vn -0.52712 -0.26129 -0.80862
vn -0.47856 -0.22084 -0.84983
vn -0.33504 -0.17109 0.92654
vn 0.88844 0.45875 -0.01504
vn -0.47856 -0.22084 -0.84983
vn -0.49324 -0.01836 0.86970
vn 0.47864 0.02490 -0.87766
vn -0.48812 -0.86925 0.07834
vn -0.55732 -0.82939 -0.03890
vn 0.55520 0.41855 0.71873
vn 0.57452 0.56210 0.59495
vn -0.05582 0.62167 -0.78128
vn 0.07445 0.73680 -0.67200
vn -0.55732 -0.82939 -0.03890
vn -0.48812 -0.86925 0.07834
vn -0.60617 -0.73787 -0.29684
vn 0.47825 0.17022 0.86157
vn 0.26793 0.85475 -0.44453
vn -0.60617 -0.73787 -0.29684
vn -0.63241 -0.47312 -0.61336
vn 0.19037 -0.17190 0.96654
vn 0.54997 0.79057 -0.26931
vn -0.63241 -0.47312 -0.61336
vn -0.18279 -0.21356 0.95968
vn 0.07135 0.13753 -0.98793
vn 0.11910 -0.92798 0.35307
vn 0.04547 -0.96658 0.25231
vn 0.23378 0.82157 0.51997
vn 0.18689 0.87746 0.44175
vn -0.51202 0.12670 -0.84958
vn -0.48183 0.32082 -0.81542
vn 0.04547 -0.96658 0.25231
vn 0.11910 -0.92798 0.35307
vn -0.11924 -0.98731 -0.10486
vn 0.33467 0.62549 0.70481
vn -0.31757 0.75496 -0.57374
vn -0.11924 -0.98731 -0.10486
vn -0.23678 -0.64845 -0.72350
vn 0.27863 -0.11604 0.95336
vn 0.06336 0.99069 -0.12046
vn -0.23678 -0.64845 -0.72350
vn -0.19087 -0.34306 0.91971
vn 0.17183 0.32437 -0.93019
vn -0.97932 0.13309 0.15240
vn -0.96529 0.17203 0.19652
vn 0.70835 0.55016 0.44223
vn 0.68250 0.57450 0.45182
vn 0.15778 -0.66950 -0.72586
vn 0.12381 -0.67605 -0.72638
vn -0.96529 0.17203 0.19652
vn -0.97932 0.13309 0.15240
vn -0.92477 0.25242 0.28475
vn 0.75855 0.51144 0.40378
vn 0.02786 -0.69282 -0.72058
vn -0.92477 0.25242 0.28475
vn -0.83894 0.32092 0.43954
vn 0.86871 0.36988 0.32944
vn -0.09004 -0.64143 -0.76188
vn -0.83894 0.32092 0.43954
vn 0.90813 0.26012 0.32807
vn -0.90733 -0.25276 -0.33596
vn -0.26415 -0.26975 0.92599
vn -0.32936 -0.23146 0.91539
vn 0.94487 -0.10270 -0.31091
vn 0.91995 -0.07497 -0.38479
vn -0.50830 0.42347 -0.74987
vn -0.46342 0.41938 -0.78061
vn -0.32936 -0.23146 0.91539
vn -0.26415 -0.26975 0.92599
vn -0.43868 -0.19988 0.87613
vn 0.96844 -0.13783 -0.20769
vn -0.41813 0.41257 -0.80929
vn -0.43868 -0.19988 0.87613
vn -0.55338 -0.11738 0.82462
vn 0.98676 -0.15697 -0.04080
vn -0.39863 0.33369 -0.85425
vn -0.55338 -0.11738 0.82462
vn 0.99031 -0.10639 0.08927
vn -0.99141 0.11515 -0.06199
vn 0.26673 -0.79395 0.54635
vn 0.16090 -0.78143 0.60290
vn 0.60309 0.52959 -0.59650
vn 0.49958 0.61060 -0.61449
vn -0.91363 0.39692 0.08800
vn -0.85840 0.51198 -0.03194
vn 0.16090 -0.78143 0.60290
vn 0.26673 -0.79395 0.54635
vn -0.09320 -0.75003 0.65481
vn 0.76918 0.35995 -0.52801
vn -0.68276 0.68625 -0.25078
vn -0.09320 -0.75003 0.65481
vn -0.44973 -0.60846 0.65385
vn 0.97131 0.08171 -0.22335
vn -0.48977 0.68345 -0.54131
vn -0.44973 -0.60846 0.65385
vn 0.98385 0.11430 0.13773
vn -0.98420 -0.16636 -0.06065
vn 0.53793 -0.81550 -0.21351
vn 0.48109 -0.87288 -0.08143
vn 0.08732 0.89860 -0.43000
vn -0.01520 0.94731 -0.31995
vn -0.61536 0.03019 0.78767
vn -0.65047 0.25675 0.71482
vn 0.48109 -0.87288 -0.08143
vn 0.53793 -0.81550 -0.21351
vn 0.21299 -0.95076 0.22514
vn 0.33507 0.69069 -0.64084
vn -0.58275 0.70644 0.40167
vn 0.21299 -0.95076 0.22514
vn -0.34868 -0.75673 0.55297
vn 0.77214 0.10716 -0.62635
vn -0.45468 0.88282 -0.11792
vn -0.34868 -0.75673 0.55297
vn 0.99347 -0.05437 -0.10035
vn -0.98419 -0.08248 0.15671
vn 0.93665 0.34115 0.07937
vn 0.92451 0.37997 0.03004
vn -0.15333 0.80885 -0.56767
vn -0.09977 0.82477 -0.55660
vn -0.97133 -0.23772 -0.00314
vn -0.95698 -0.28676 0.04419
vn 0.25282 -0.65956 0.70785
vn 0.22718 -0.65804 0.71790
vn 0.93665 0.34115 0.07937
vn 0.92451 0.37997 0.03004
vn 0.87599 0.47417 -0.08833
vn -0.26240 0.76981 -0.58184
vn -0.90215 -0.40951 0.13575
vn 0.32439 -0.65030 0.68693
vn 0.87599 0.47417 -0.08833
vn 0.68250 0.58378 -0.43976
vn -0.48961 0.61846 -0.61464
vn -0.70557 -0.55366 0.44231
vn 0.50017 -0.56696 0.65451
vn 0.68250 0.58378 -0.43976
vn 0.34804 0.65835 -0.66741
vn -0.83139 0.25583 -0.49330
vn -0.36121 -0.63959 0.67857
vn 0.84144 -0.22203 0.49263
vn 0.34804 0.65835 -0.66741
vn -0.90154 0.06488 -0.42781
vn 0.90465 -0.00855 0.42606
vn 0.62107 -0.34747 -0.70252
vn 0.61694 -0.34071 -0.70944
vn -0.67217 0.70927 -0.21242
vn -0.66030 0.71941 -0.21554
vn 0.24200 -0.36489 0.89905
vn 0.22182 -0.35155 0.90951
vn 0.61694 -0.34071 -0.70944
vn 0.62107 -0.34747 -0.70252
vn 0.60722 -0.33910 -0.71854
vn -0.67649 0.70708 -0.20594
vn 0.18622 -0.33910 0.92213
vn 0.60722 -0.33910 -0.71854
vn 0.60480 -0.34310 -0.71868
vn -0.67630 0.70880 -0.20055
vn 0.13471 -0.34973 0.92712
vn 0.60480 -0.34310 -0.71868
vn -0.65968 0.72539 -0.19657
vn 0.67478 -0.71345 0.18885
vn -0.54937 -0.75558 -0.35677
vn -0.46834 -0.75502 -0.45892
vn -0.22448 0.55270 0.80258
vn -0.08637 0.63683 0.76615
vn 0.83896 0.33912 -0.42562
vn 0.84076 0.46510 -0.27712
vn -0.46834 -0.75502 -0.45892
vn -0.54937 -0.75558 -0.35677
vn -0.26210 -0.74112 -0.61810
vn -0.44515 0.37896 0.81131
vn 0.77804 0.62774 -0.02462
vn -0.26210 -0.74112 -0.61810
vn 0.03465 -0.65481 -0.75500
vn -0.76749 0.17571 0.61651
vn 0.75830 0.59510 0.26614
vn 0.03465 -0.65481 -0.75500
vn -0.92657 0.27440 0.25724
vn 0.87040 -0.35843 -0.33755
vn -0.43452 -0.76995 -0.46731
vn -0.36586 -0.80410 -0.46858
vn -0.69040 0.72342 0.00396
vn -0.66330 0.74835 -0.00358
vn 0.96493 -0.20647 0.16213
vn 0.97341 -0.06735 0.21896
vn -0.36586 -0.80410 -0.46858
vn -0.43452 -0.76995 -0.46731
vn -0.17347 -0.88522 -0.43162
vn -0.75064 0.65994 -0.03195
vn 0.89725 0.26097 0.35615
vn -0.17347 -0.88522 -0.43162
vn 0.17871 -0.96380 -0.19787
vn -0.82156 0.46395 -0.33135
vn 0.64590 0.59005 0.48441
vn 0.17871 -0.96380 -0.19787
vn -0.61861 0.40399 -0.67388
vn 0.67472 -0.26207 0.68999
vn -0.66520 0.14593 0.73227
vn -0.62616 0.19956 0.75373
vn 0.72799 0.67649 -0.11134
vn 0.70016 0.71015 -0.07393
vn -0.27426 -0.77169 -0.57383
vn -0.30388 -0.77830 -0.54946
vn -0.62616 0.19956 0.75373
vn -0.66520 0.14593 0.73227
vn -0.53031 0.31401 0.78751
vn 0.76267 0.61488 -0.20064
vn -0.39093 -0.79816 -0.45839
vn -0.53031 0.31401 0.78751
vn -0.30279 0.41243 0.85920
vn 0.82799 0.40211 -0.39082
vn -0.56135 -0.72339 -0.40199
vn -0.30279 0.41243 0.85920
vn 0.85655 0.25938 -0.44613
vn -0.85867 -0.24148 0.45207
vn -0.25516 -0.19002 0.94804
vn -0.22780 -0.17750 0.95739
vn 0.78462 0.58118 -0.21587
vn 0.77983 0.59500 -0.19451
vn -0.69417 -0.33703 -0.63604
vn -0.69183 -0.33728 -0.63844
vn -0.22780 -0.17750 0.95739
vn -0.25516 -0.19002 0.94804
vn -0.18345 -0.16238 0.96952
vn 0.77763 0.57737 -0.24887
vn -0.68629 -0.34919 -0.63803
vn -0.18345 -0.16238 0.96952
vn -0.13009 -0.16960 0.97689
vn 0.75779 0.57495 -0.30851
vn -0.68117 -0.36811 -0.63286
vn -0.13009 -0.16960 0.97689
vn 0.73278 0.59516 -0.32988
vn -0.74838 -0.57987 0.32199
vn 0.57939 -0.81375 0.04594
vn 0.53946 -0.82384 0.17398
vn -0.06200 0.73093 -0.67963
vn -0.15470 0.79509 -0.58642
vn -0.57219 0.18307 0.79943
vn -0.63541 0.34835 0.68913
vn 0.53946 -0.82384 0.17398
vn 0.57939 -0.81375 0.04594
vn 0.38598 -0.83013 0.40237
vn 0.13437 0.56101 -0.81683
vn -0.67481 0.60452 0.42330
vn 0.38598 -0.83013 0.40237
vn 0.15822 -0.71882 0.67695
vn 0.54497 0.22609 -0.80740
vn -0.73550 0.67654 0.03651
vn 0.15822 -0.71882 0.67695
vn 0.79548 0.20044 -0.57186
vn -0.72568 -0.28395 0.62671
vn 0.61624 -0.77722 0.12718
vn 0.56081 -0.81036 0.16975
vn 0.54528 0.72892 -0.41394
vn 0.52602 0.75612 -0.38934
vn -0.87332 -0.18892 0.44903
vn -0.91228 -0.05010 0.40648
vn 0.56081 -0.81036 0.16975
vn 0.61624 -0.77722 0.12718
vn 0.38181 -0.88877 0.25359
vn 0.61847 0.66300 -0.42181
vn -0.92906 0.27310 0.24953
vn 0.38181 -0.88877 0.25359
vn -0.03577 -0.96432 0.26231
vn 0.85932 0.46027 -0.22296
vn -0.80261 0.59642 0.01029
vn -0.03577 -0.96432 0.26231
vn 0.90055 0.39726 0.17663
vn -0.95512 -0.25573 -0.14947
vn 0.22464 0.15689 -0.96173
vn 0.18930 0.19600 -0.96216
vn -0.64383 0.62898 0.43573
vn -0.64002 0.65659 0.39909
vn 0.56567 -0.72428 0.39426
vn 0.57448 -0.72853 0.37311
vn 0.18930 0.19600 -0.96216
vn 0.22464 0.15689 -0.96173
vn 0.10285 0.28151 -0.95403
vn -0.63170 0.58039 0.51392
vn 0.60226 -0.74749 0.28024
vn 0.10285 0.28151 -0.95403
vn -0.09592 0.35052 -0.93163
vn -0.61892 0.39378 0.67961
vn 0.71846 -0.67009 0.18656
vn -0.09592 0.35052 -0.93163
vn -0.64534 0.24233 0.72444
vn 0.64449 -0.22674 -0.73022
vn -0.30801 -0.37468 -0.87450
vn -0.23456 -0.32656 -0.91561
vn -0.48406 0.05313 0.87342
vn -0.36410 0.12715 0.92264
vn 0.87919 0.46825 0.08817
vn 0.84388 0.48339 0.23280
vn -0.23456 -0.32656 -0.91561
vn -0.30801 -0.37468 -0.87450
vn -0.06614 -0.27657 -0.95871
vn -0.64389 -0.04792 0.76362
vn 0.76236 0.48886 0.42405
vn -0.06614 -0.27657 -0.95871
vn 0.15064 -0.16356 -0.97497
vn -0.84841 -0.12628 0.51406
vn 0.71327 0.37855 0.58987
vn 0.15064 -0.16356 -0.97497
vn -0.94666 -0.03009 0.32082
vn 0.92999 0.03487 -0.36593
vn -0.76637 -0.63733 -0.08058
vn -0.72678 -0.64390 -0.23913
vn 0.05339 0.41410 0.90867
vn 0.14941 0.47987 0.86452
vn 0.62164 0.31389 -0.71766
vn 0.69930 0.42565 -0.57429
vn -0.72678 -0.64390 -0.23913
vn -0.76637 -0.63733 -0.08058
vn -0.51205 -0.61679 -0.59781
vn -0.18517 0.23026 0.95535
vn 0.76922 0.63151 -0.09749
vn -0.51205 -0.61679 -0.59781
vn 0.09770 -0.44376 -0.89081
vn -0.68770 -0.09626 0.71959
vn 0.68262 0.62785 0.37394
vn 0.09770 -0.44376 -0.89081
vn -0.94795 0.04514 0.31521
vn 0.93935 -0.05018 -0.33926
vn 0.63569 -0.10484 0.76479
vn 0.67524 -0.07195 0.73408
vn 0.29892 0.59181 -0.74860
vn 0.34359 0.60657 -0.71695
vn -0.88733 -0.42213 0.18559
vn -0.87506 -0.43386 0.21454
vn 0.67524 -0.07195 0.73408
vn 0.63569 -0.10484 0.76479
vn 0.75895 0.00113 0.65115
vn 0.19693 0.57114 -0.79688
vn -0.81318 -0.48593 0.32032
vn 0.75895 0.00113 0.65115
vn 0.87730 0.07461 0.47410
vn -0.04715 0.44145 -0.89604
vn -0.74693 -0.46092 0.47922
vn 0.87730 0.07461 0.47410
vn -0.13283 0.31119 -0.94102
vn 0.13296 -0.29613 0.94585
vn 0.43941 -0.87336 -0.21013
vn 0.44968 -0.86399 -0.22651
vn 0.22501 0.82495 -0.51848
vn 0.24226 0.82050 -0.51778
vn -0.57410 -0.08102 0.81476
vn -0.57894 -0.06450 0.81281
vn 0.44968 -0.86399 -0.22651
vn 0.43941 -0.87336 -0.21013
vn 0.46313 -0.84786 -0.25817
vn 0.20968 0.83564 -0.50767
vn -0.58971 -0.05096 0.80601
vn 0.46313 -0.84786 -0.25817
vn 0.52636 -0.81495 -0.24250
vn 0.16880 0.84551 -0.50658
vn -0.64309 -0.05925 0.76350
vn 0.52636 -0.81495 -0.24250
vn 0.14116 0.83552 -0.53102
vn -0.08248 -0.86137 0.50124
vn -0.73429 -0.54721 -0.40172
vn -0.71355 -0.58413 -0.38683
vn 0.13220 0.96931 -0.20728
vn 0.17866 0.96449 -0.19450
vn 0.67702 -0.55215 0.48659
vn 0.72134 -0.47611 0.50299
vn -0.71355 -0.58413 -0.38683
vn -0.73429 -0.54721 -0.40172
vn -0.66137 -0.68111 -0.31413
vn 0.04228 0.96489 -0.25925
vn 0.80103 -0.28102 0.52856
vn -0.66137 -0.68111 -0.31413
vn -0.52096 -0.83214 -0.19013
vn -0.16149 0.88974 -0.42695
vn 0.79929 -0.02215 0.60054
vn -0.52096 -0.83214 -0.19013
vn -0.18049 0.80275 -0.56835
vn 0.20111 -0.80443 0.55897
vn -0.77141 0.17879 0.61071
vn -0.79284 0.08362 0.60366
vn 0.42436 0.83243 -0.35635
vn 0.44634 0.80015 -0.40067
vn 0.05287 -0.96687 -0.24972
vn 0.17418 -0.92404 -0.34032
vn -0.79284 0.08362 0.60366
vn -0.77141 0.17879 0.61071
vn -0.78693 -0.19520 0.58535
vn 0.33041 0.90852 -0.25577
vn 0.48406 -0.69570 -0.53074
vn -0.78693 -0.19520 0.58535
vn -0.52486 -0.64886 0.55090
vn -0.11504 0.99334 0.00606
vn 0.65325 -0.28548 -0.70126
vn -0.52486 -0.64886 0.55090
vn -0.39701 0.91638 -0.05133
vn 0.43882 -0.89557 -0.07347
vn -0.44893 -0.74480 -0.49370
vn 0.79869 -0.29908 0.52216
vn -0.09889 0.98256 0.15745
vn -0.73131 0.00167 -0.68204
vn 0.02760 -0.97508 0.22014
vn 0.71730 0.16648 0.67659
vn -0.07431 0.97066 -0.22869
vn -0.73131 0.00167 -0.68204
vn -0.16057 -0.97035 0.18068
vn 0.10522 0.97845 -0.17768
vn -0.17392 -0.90614 -0.38556
vn 0.15032 0.18230 0.97168
vn -0.00278 0.74584 -0.66612
vn 0.16254 0.50812 -0.84581
vn 0.04708 -0.95795 -0.28303
vn -0.20174 -0.27837 0.93905
vn -0.05785 0.95137 0.30257
vn 0.16254 0.50812 -0.84581
vn -0.25028 -0.73397 -0.63138
vn 0.21375 0.74010 0.63762
vn 0.36588 0.83527 -0.41044
vn 0.52810 -0.59112 -0.60966
vn -0.50489 -0.67506 0.53794
vn -0.50943 0.61715 0.59967
vn 0.36588 0.83527 -0.41044
vn 0.29650 -0.28490 -0.91155
vn -0.31611 0.32133 0.89265
vn -0.16075 0.25239 0.95418
vn 0.17597 -0.67138 0.71992
vn 0.31334 -0.90609 -0.28428
vn 0.13934 -0.26367 -0.95450
vn -0.14036 0.71845 -0.68127
vn -0.27908 0.93670 0.21143
vn -0.16075 0.25239 0.95418
vn -0.07722 -0.03675 0.99634
vn 0.17310 -0.79167 0.58592
vn 0.33626 -0.82059 -0.46213
vn 0.16666 -0.04560 -0.98496
vn -0.19759 0.83592 -0.51205
vn -0.30009 0.87395 0.38230
vn -0.07722 -0.03675 0.99634
vn 0.32607 -0.78327 0.52930
vn 0.02907 0.01891 -0.99940
vn -0.28336 0.83712 0.46790
vn -0.47517 0.03539 0.87918
vn 0.11596 -0.94068 0.31885
vn 0.55036 -0.50813 -0.66250
vn 0.20986 0.64945 -0.73087
vn -0.40214 0.89151 0.20856
vn -0.47517 0.03539 0.87918
vn -0.51789 -0.02999 0.85492
vn 0.17526 -0.87360 0.45399
vn 0.67350 -0.45403 -0.58331
vn 0.23178 0.58007 -0.78089
vn -0.50398 0.86182 0.05729
vn -0.51789 -0.02999 0.85492
vn 0.27669 -0.81998 0.50107
vn 0.18775 0.56676 -0.80221
vn -0.68587 0.49391 0.53445
vn -0.81284 -0.18107 0.55363
vn 0.20007 -0.97191 0.12396
vn 0.86339 -0.31686 -0.39263
vn 0.34057 0.84299 -0.41639
vn -0.58277 0.80595 0.10404
vn -0.81284 -0.18107 0.55363
vn -0.83738 0.03843 0.54527
vn -0.01793 -0.85297 0.52165
vn 0.81096 -0.56637 -0.14689
vn 0.54112 0.56476 -0.62308
vn -0.46011 0.85828 -0.22728
vn -0.83738 0.03843 0.54527
vn 0.02600 -0.69622 0.71736
vn 0.47147 0.39336 -0.78929
vn -0.77591 0.60208 0.18832
vn -0.95682 0.28896 -0.03158
vn -0.63310 -0.77232 -0.05195
vn 0.42044 -0.90729 0.00756
vn 0.98834 -0.13585 0.06870
vn 0.65460 0.75238 0.07369
vn -0.38354 0.92337 0.01695
vn -0.95682 0.28896 -0.03158
vn -0.72973 -0.59224 0.34168
vn 0.94239 -0.32796 0.06594
vn -0.17403 0.92912 -0.32625
vn -0.70311 0.68824 0.17877
vn -0.63161 -0.50530 -0.58800
vn 0.80966 -0.58389 -0.05943
vn 0.65365 0.50245 0.56594
vn -0.70311 0.68824 0.17877
vn -0.83997 -0.47082 -0.26976
vn 0.83558 0.45433 0.30885
vn 0.81569 0.04480 0.57675
vn 0.33806 -0.93411 0.11469
vn -0.62430 -0.56758 -0.53675
vn -0.67935 0.59472 -0.42987
vn 0.18460 0.95435 0.23481
vn 0.81569 0.04480 0.57675
vn 0.35082 -0.92944 0.11433
vn -0.68615 0.57808 -0.44161
vn 0.67279 0.53476 0.51126
vn 0.56099 -0.06836 0.82500
vn 0.51160 -0.83323 -0.20974
vn -0.30616 -0.27714 -0.91075
vn -0.67041 0.65334 -0.35172
vn -0.13022 0.73227 0.66845
vn 0.56099 -0.06836 0.82500
vn 0.67194 -0.72058 -0.17108
vn -0.78630 0.48771 -0.37931
vn 0.25519 0.46709 0.84659
vn -0.56732 -0.33917 0.75041
vn 0.57319 -0.79939 -0.18011
vn 0.46470 0.52672 -0.71177
vn -0.58036 0.78370 0.22134
vn -0.56732 -0.33917 0.75041
vn 0.56849 -0.79427 0.21435
vn -0.57086 0.80420 -0.16547
vn -0.86755 0.13305 0.47922
vn -0.23646 -0.72952 0.64178
vn 0.65547 -0.74870 0.09908
vn 0.85404 -0.01517 -0.51998
vn 0.21569 0.76171 -0.61097
vn -0.66203 0.74806 -0.04610
vn -0.86755 0.13305 0.47922
vn -0.34846 -0.48284 0.80340
vn 0.95897 -0.11652 -0.25847
vn -0.61350 0.66306 -0.42892
vn -0.24345 -0.92659 -0.28665
vn 0.68115 0.68766 -0.25131
vn -0.56631 0.34840 0.74694
vn 0.99762 0.06380 0.02632
vn -0.03354 -0.98277 -0.18178
vn -0.99753 0.06600 -0.02388
vn 0.06607 0.98513 0.15858
vn 0.99762 0.06380 0.02632
vn -0.00513 -0.98187 -0.18950
vn 0.04259 0.98686 0.15587
vn 0.84714 0.22310 0.48227
vn 0.21160 -0.92479 -0.31621
vn -0.89518 -0.03523 -0.44431
vn -0.16914 0.93476 0.31244
vn 0.84714 0.22310 0.48227
vn 0.46274 -0.83013 -0.31104
vn -0.41823 0.85680 0.30162
vn 0.35389 0.30679 0.88354
vn 0.93179 -0.30108 0.20276
vn 0.47511 -0.55409 -0.68356
vn -0.44844 -0.23280 -0.86297
vn -0.92131 0.34572 -0.17798
vn -0.43101 0.57974 0.69148
vn 0.35389 0.30679 0.88354
vn 0.91743 -0.18198 0.35385
vn -0.21114 -0.10159 -0.97216
vn -0.65185 0.37387 0.65978
vn -0.24229 0.70457 0.66699
vn 0.67075 -0.43059 0.60389
vn 0.10034 -0.61673 -0.78076
vn -0.67764 0.39851 -0.61805
vn -0.24229 0.70457 0.66699
vn 0.75642 -0.01259 0.65397
vn -0.73705 0.04107 -0.67459
vn 0.97410 -0.01957 -0.22528
vn 0.46359 -0.66260 -0.58825
vn -0.60998 -0.69587 -0.37906
vn -0.97558 0.00215 0.21963
vn -0.39926 0.71461 0.57439
vn 0.56463 0.73756 0.37041
vn 0.97410 -0.01957 -0.22528
vn 0.91655 -0.17503 -0.35958
vn 0.30075 -0.77146 -0.56071
vn -0.75908 -0.61431 -0.21547
vn -0.95796 0.12980 0.25586
vn -0.15593 0.83556 0.52680
vn 0.71108 0.66096 0.23979
vn 0.91655 -0.17503 -0.35958
vn 0.18984 -0.80188 -0.56652
vn -0.91089 0.15950 0.38057
vn 0.73561 0.67365 0.07125
vn 0.96265 -0.11316 -0.24597
vn -0.03757 -0.88458 -0.46488
vn -0.96621 -0.25665 0.02372
vn -0.54407 0.71053 0.44624
vn 0.60312 0.75367 0.26119
vn 0.96265 -0.11316 -0.24597
vn 0.08379 -0.85699 -0.50848
vn -0.64797 0.64847 0.39954
vn 0.90301 0.42207 0.08013
vn 0.48511 -0.16391 0.85895
vn 0.13926 -0.86628 -0.47975
vn -0.50816 0.36603 -0.77961
vn -0.10502 0.85809 0.50265
vn 0.48511 -0.16391 0.85895
vn 0.48045 -0.80703 -0.34333
vn -0.44153 0.82165 0.36048
vn 0.59420 0.09989 0.79809
vn 0.29914 -0.93677 0.18158
vn -0.44032 -0.52634 -0.72739
vn -0.53467 0.58261 -0.61212
vn 0.12396 0.92435 0.36084
vn 0.59420 0.09989 0.79809
vn 0.68144 -0.70198 0.20704
vn -0.72483 0.29512 -0.62251
vn 0.16388 0.72353 0.67056
vn 0.36294 0.54886 0.75301
vn 0.02717 -0.56063 0.82762
vn -0.30389 -0.89302 -0.33192
vn -0.20527 0.08046 -0.97539
vn 0.15564 0.92825 -0.33784
vn 0.36294 0.54886 0.75301
vn 0.33890 -0.35388 0.87173
vn -0.22881 -0.26523 -0.93664
vn -0.10243 0.99414 0.03462
vn -0.58987 -0.08395 -0.80312
vn -0.20753 -0.94048 -0.26913
vn 0.35428 -0.78031 0.51536
vn 0.55907 0.18426 0.80839
vn 0.19036 0.93462 0.30041
vn -0.37703 0.78550 -0.49074
vn -0.58987 -0.08395 -0.80312
vn -0.17150 -0.92260 -0.34555
vn 0.38785 0.15399 0.90877
vn -0.30168 0.80824 -0.50570
vn 0.18843 0.03203 -0.98156
vn -0.32195 -0.94329 0.08089
vn -0.14929 0.14983 0.97738
vn 0.30392 0.94582 -0.11428
vn 0.18843 0.03203 -0.98156
vn -0.40848 -0.90495 -0.11920
vn 0.38380 0.91991 0.08032
vn 0.23561 0.03264 -0.97130
vn -0.21257 -0.93398 -0.28723
vn -0.34073 -0.46618 0.81644
vn -0.00892 0.64480 0.76430
vn 0.32172 0.87811 -0.35415
vn 0.23561 0.03264 -0.97130
vn -0.26604 -0.80525 -0.52989
vn -0.12377 0.49494 0.86007
vn 0.56937 0.51424 -0.64139
vn 0.40004 0.48033 -0.78054
vn 0.19050 -0.78647 -0.58751
vn -0.32835 -0.78259 0.52891
vn -0.38067 0.30470 0.87307
vn 0.08051 0.99312 0.08500
vn 0.40004 0.48033 -0.78054
vn 0.01806 -0.48597 -0.87379
vn -0.43392 -0.00886 0.90091
vn 0.55746 0.82982 0.02530
vn 0.28981 0.87668 -0.38399
vn 0.80619 -0.43671 -0.39918
vn -0.42106 -0.79889 0.42952
vn -0.79308 0.46583 0.39245
vn 0.28981 0.87668 -0.38399
vn 0.69489 -0.23654 -0.67910
vn -0.71381 0.26564 0.64800
vn -0.72669 0.07429 -0.68294
vn -0.41540 -0.90693 -0.07016
vn 0.48621 -0.57130 0.66123
vn 0.68175 0.56503 0.46471
vn -0.05962 0.93656 -0.34540
vn -0.72669 0.07429 -0.68294
vn -0.45682 -0.88847 -0.04398
vn 0.70746 0.54592 0.44886
vn -0.53590 0.54392 -0.64573
vn -0.03882 0.02401 -0.99896
vn -0.62486 -0.66700 -0.40578
vn -0.55167 -0.62406 0.55336
vn 0.09126 0.09062 0.99169
vn 0.60115 0.65808 0.45338
vn 0.50726 0.59196 -0.62632
vn -0.03882 0.02401 -0.99896
vn 0.09311 0.00076 -0.99566
vn -0.61223 -0.55777 -0.56042
vn -0.72830 -0.52305 0.44271
vn -0.06343 0.00513 0.99797
vn 0.61035 0.58604 0.53294
vn 0.63796 0.58721 -0.49819
vn 0.09311 0.00076 -0.99566
vn -0.65269 -0.49358 -0.57478
vn -0.23980 0.15584 0.95823
vn 0.80233 0.38477 -0.45631
vn 0.59350 0.28430 -0.75294
vn -0.02357 -0.62924 -0.77685
vn -0.62091 -0.77849 0.09178
vn -0.57034 -0.14707 0.80813
vn -0.01564 0.62130 0.78341
vn 0.59029 0.80446 -0.06642
vn 0.59350 0.28430 -0.75294
vn -0.15659 -0.21131 -0.96479
vn -0.56189 -0.38682 0.73120
vn 0.68235 0.67946 0.26969
vn 0.42347 0.71026 -0.56232
vn 0.31037 -0.41835 -0.85361
vn -0.28413 -0.95345 0.10101
vn -0.45972 -0.13696 0.87744
vn -0.01479 0.88069 0.47347
vn 0.42347 0.71026 -0.56232
vn 0.18747 -0.09123 -0.97802
vn -0.38928 -0.43446 0.81223
vn 0.26191 0.92395 0.27879
vn -0.22745 -0.72047 0.65512
vn 0.70179 -0.16604 -0.69276
vn -0.17191 0.93431 -0.31227
vn -0.48603 -0.21701 0.84657
vn 0.75425 -0.65599 0.02801
vn 0.34821 0.37373 -0.85969
vn -0.73965 0.67288 -0.01253
vn -0.48603 -0.21701 0.84657
vn 0.66538 -0.72908 0.16035
vn -0.63836 0.75693 -0.13979
vn 0.19724 -0.84175 0.50254
vn 0.65725 0.70117 -0.27638
vn -0.97320 0.10267 -0.20578
vn 0.27362 -0.94318 0.18851
vn 0.53068 0.83922 -0.11869
vn -0.99878 0.01436 -0.04717
vn -0.81732 -0.54200 -0.19552
vn 0.97241 -0.19353 -0.13023
vn -0.01170 0.96038 0.27845
vn -0.81732 -0.54200 -0.19552
vn 0.85759 -0.48816 -0.16195
vn -0.73936 0.64700 0.18641
vn 0.99845 0.04526 -0.03247
vn 0.24020 -0.97017 -0.03280
vn -0.87236 -0.48886 0.00048
vn -0.75047 0.66084 0.00944
vn 0.35605 0.93433 -0.01569
vn 0.99845 0.04526 -0.03247
vn 0.29081 -0.95559 -0.04767
vn -0.79161 0.59882 -0.12155
vn 0.78926 0.59579 0.14865
vn 0.99703 -0.01234 0.07604
vn -0.73728 -0.58631 -0.33565
vn -0.25374 0.89193 0.37427
vn 0.99703 -0.01234 0.07604
vn -0.46021 -0.72414 -0.51364
vn 0.39213 0.76824 0.50601
vn 0.84073 -0.05726 0.53842
vn -0.11824 -0.95128 -0.28474
vn -0.82327 0.26320 -0.50295
vn 0.16340 0.94373 0.28754
vn 0.84073 -0.05726 0.53842
vn 0.21693 -0.95049 -0.22252
vn -0.16453 0.96199 0.21794
vn 0.24044 -0.95675 0.16374
vn -0.43269 0.48419 -0.76049
vn 0.27366 0.58376 0.76442
vn -0.26282 -0.96358 0.04941
vn 0.12204 0.75344 -0.64609
vn 0.23955 0.32862 0.91358
vn 0.86324 0.14652 -0.48306
vn -0.25188 -0.85286 -0.45738
vn -0.84318 0.00062 0.53763
vn 0.24760 0.86835 0.42972
vn 0.86324 0.14652 -0.48306
vn -0.24504 -0.83455 -0.49343
vn 0.22617 0.85726 0.46254
vn 0.67328 -0.67460 -0.30268
vn -0.95892 -0.00681 -0.28360
vn 0.25672 0.75041 0.60908
vn 0.86534 -0.20349 0.45801
vn -0.60731 -0.31006 -0.73146
vn -0.29804 0.82241 0.48457
vn 0.86534 -0.20349 0.45801
vn -0.13584 -0.45332 -0.88094
vn 0.11788 0.47654 0.87121
vn 0.56691 0.41040 0.71427
vn 0.70824 -0.66623 -0.23354
vn -0.67632 -0.29166 -0.67641
vn -0.73463 0.64304 0.21636
vn 0.56691 0.41040 0.71427
vn 0.91410 -0.36049 -0.18563
vn -0.90723 0.38910 0.15981
vn 0.15526 0.09439 -0.98335
vn -0.11690 -0.94434 -0.30751
vn -0.22328 -0.52371 0.82212
vn -0.04194 0.61771 0.78529
vn 0.17206 0.94163 -0.28936
vn 0.15526 0.09439 -0.98335
vn -0.04422 -0.93645 -0.34801
vn -0.23907 0.57414 0.78308
vn 0.33382 0.60307 -0.72448
vn -0.35466 -0.72381 -0.59187
vn -0.25226 0.07738 0.96456
vn 0.61876 0.74741 -0.24188
vn 0.86074 0.13947 -0.48957
vn -0.33571 -0.81308 -0.47561
vn -0.78961 0.05463 0.61117
vn 0.35889 0.82103 0.44397
vn 0.86074 0.13947 -0.48957
vn -0.13027 -0.59265 -0.79485
vn 0.15191 0.62349 0.76693
vn 0.39599 -0.80459 -0.44252
vn -0.82114 0.25908 0.50853
vn 0.61344 0.78053 -0.12028
vn -0.68179 -0.73055 0.03826
vn 0.90186 0.00435 0.43201
vn -0.00063 0.88184 -0.47156
vn -0.97509 -0.14751 -0.16563
vn 0.13044 -0.61072 0.78103
vn 0.95963 0.27730 0.04699
vn -0.17443 0.61748 -0.76700
vn -0.97509 -0.14751 -0.16563
vn -0.06460 -0.58593 0.80779
vn 0.01958 0.61065 -0.79166
vn -0.29269 -0.82831 0.47774
vn 0.65329 0.67411 0.34466
vn -0.44835 0.11167 -0.88686
vn -0.59647 -0.09151 -0.79740
vn -0.12488 -0.99180 0.02721
vn 0.52571 -0.31602 0.78978
vn 0.43191 0.76466 0.47828
vn -0.24219 0.83544 -0.49334
vn -0.59647 -0.09151 -0.79740
vn -0.55519 -0.83148 -0.01987
vn 0.66398 0.51381 0.54326
vn -0.20970 0.58373 -0.78440
vn 0.22298 -0.96761 -0.11840
vn 0.09614 0.75036 0.65400
vn -0.50513 0.45842 -0.73123
vn -0.35468 -0.63849 0.68303
vn 0.71979 -0.33574 -0.60760
vn -0.20262 0.95499 -0.21667
vn -0.98696 -0.02487 0.15905
vn 0.83364 -0.51334 0.20379
vn 0.08532 0.83373 -0.54554
vn -0.98696 -0.02487 0.15905
vn 0.55116 -0.63385 0.54264
vn -0.49455 0.66702 -0.55723
vn -0.49394 -0.02908 -0.86901
vn -0.44855 -0.74822 0.48884
vn 0.60646 0.21660 0.76505
vn 0.41556 0.75245 -0.51100
vn -0.49394 -0.02908 -0.86901
vn -0.78549 -0.54941 0.28488
vn 0.75391 0.57904 -0.31038
vn 0.16019 0.48638 -0.85894
vn -0.61072 -0.58838 -0.52993
vn -0.08753 -0.38858 0.91725
vn 0.61755 0.61413 0.49141
vn 0.16019 0.48638 -0.85894
vn -0.70651 -0.31116 -0.63563
vn 0.69762 0.35256 0.62372
vn 0.86662 -0.44337 -0.22888
vn -0.79383 -0.54619 -0.26742
vn -0.25045 0.87045 0.42378
vn 0.81427 -0.13073 0.56558
vn -0.45018 -0.39543 -0.80061
vn -0.46478 0.77957 0.41983
vn 0.81427 -0.13073 0.56558
vn -0.02704 -0.55047 -0.83442
vn 0.01541 0.57377 0.81887
vn 0.15551 -0.25110 0.95539
vn 0.70565 -0.54534 -0.45239
vn -0.32363 0.39632 -0.85918
vn -0.68287 0.54398 0.48763
vn 0.15551 -0.25110 0.95539
vn 0.90928 -0.41011 -0.07080
vn -0.89344 0.43482 0.11272
vn 0.09256 0.40409 0.91002
vn 0.44861 -0.82810 0.33615
vn -0.15350 -0.23594 -0.95957
vn -0.44350 0.84422 -0.30101
vn 0.09256 0.40409 0.91002
vn 0.64441 -0.58613 0.49111
vn -0.62167 0.62024 -0.47837
vn -0.50513 0.53182 0.67971
vn -0.38902 0.34575 0.85389
vn 0.23071 0.64026 0.73269
vn 0.59972 0.66204 0.44949
vn 0.81898 0.33302 0.46729
vn 0.79475 0.31174 0.52077
vn 0.66407 0.31814 0.67661
vn 0.56308 0.43932 0.69995
vn 0.83073 0.53209 0.16364
vn 0.70366 0.65428 -0.27709
vn 0.63553 0.37554 -0.67459
vn 0.59558 0.28903 -0.74950
vn 0.78575 0.28151 -0.55077
vn 0.86330 0.32034 -0.39000
vn 0.61088 0.52334 -0.59409
vn 0.17209 0.65078 -0.73950
vn -0.36067 0.37912 -0.85216
vn -0.58913 0.30929 -0.74650
vn -0.40368 0.19312 -0.89429
vn -0.15771 0.21732 -0.96327
vn -0.34979 0.41972 -0.83755
vn -0.43385 0.68096 -0.58997
vn -0.85293 0.52017 -0.04394
vn -0.85040 0.44644 0.27840
vn -0.97174 0.21227 0.10321
vn -0.96457 0.21553 -0.15218
vn -0.90617 0.39216 -0.15831
vn -0.75929 0.65053 -0.01723
vn -0.48963 0.54036 0.68431
vn -0.10349 0.59069 0.80023
vn -0.15100 0.26491 0.95238
vn -0.38246 0.27455 0.88224
vn -0.38902 0.34575 0.85389
vn -0.50513 0.53182 0.67971
vn -0.26612 0.10764 0.95791
vn 0.43424 0.31702 0.84317
vn 0.79415 0.17543 0.58185
vn 0.74534 0.23912 0.62233
vn 0.92566 0.37692 0.03295
vn 0.73730 0.32362 -0.59301
vn 0.77529 0.31296 -0.54862
vn 0.43234 0.42949 -0.79286
vn -0.26816 0.34744 -0.89854
vn -0.30255 0.27420 -0.91284
vn -0.56592 0.36604 -0.73875
vn -0.96609 0.25121 -0.05975
vn -0.99514 0.09800 0.00921
vn -0.96496 0.25086 0.07701
vn -0.55445 0.18559 0.81126
vn -0.27741 0.13754 0.95085
vn -0.26612 0.10764 0.95791
vn -0.20029 -0.05143 0.97839
vn 0.43267 0.09261 0.89678
vn 0.78508 0.08720 0.61322
vn 0.81078 0.12917 0.57092
vn 0.96438 0.26249 0.03262
vn 0.78294 0.32235 -0.53207
vn 0.74940 0.29086 -0.59481
vn 0.41038 0.39272 -0.82302
vn -0.20970 0.27829 -0.93733
vn -0.32492 0.28473 -0.90186
vn -0.60681 0.23662 -0.75881
vn -0.98181 0.12581 -0.14223
vn -0.99994 0.00663 0.00858
vn -0.98153 0.08409 0.17183
vn -0.59053 -0.01590 0.80686
vn -0.29607 -0.04593 0.95406
vn -0.20029 -0.05143 0.97839
vn -0.17198 0.03076 0.98462
vn 0.43073 0.07023 0.89974
vn 0.75687 0.14902 0.63635
vn 0.83447 0.13483 0.53431
vn 0.96531 0.26022 0.02147
vn 0.82119 0.26148 -0.50723
vn 0.74779 0.24674 -0.61638
vn 0.40842 0.28203 -0.86813
vn -0.16498 0.19368 -0.96709
vn -0.32733 0.17689 -0.92821
vn -0.63546 0.14773 -0.75787
vn -0.97743 0.05143 -0.20488
vn -0.99991 0.01062 0.00865
vn -0.97536 -0.00344 0.22060
vn -0.61549 0.02042 0.78788
vn -0.31706 -0.05029 0.94707
vn -0.17198 0.03076 0.98462
vn -0.13907 0.12061 0.98291
vn 0.40818 0.17243 0.89647
vn 0.74627 0.18122 0.64050
vn 0.83806 0.20586 0.50525
vn 0.97238 0.23284 0.01642
vn 0.84663 0.22435 -0.48257
vn 0.75062 0.17837 -0.63620
vn 0.40631 0.20595 -0.89022
vn -0.12742 0.11032 -0.98569
vn -0.33523 0.11323 -0.93531
vn -0.65273 0.08885 -0.75236
vn -0.96978 0.06346 -0.23557
vn -0.99946 0.03244 0.00547
vn -0.96531 0.05491 0.25526
vn -0.63381 0.09136 0.76807
vn -0.34072 0.07043 0.93752
vn -0.13907 0.12061 0.98291
vn -0.09261 0.04543 0.99467
vn 0.40218 0.13374 0.90574
vn 0.75101 0.08978 0.65416
vn 0.87015 0.14735 0.47024
vn 0.99101 0.13380 -0.00231
vn 0.87175 0.15100 -0.46610
vn 0.74912 0.12406 -0.65071
vn 0.41630 0.13115 -0.89972
vn -0.10296 0.09438 -0.99020
vn -0.35471 0.06906 -0.93242
vn -0.65769 0.07290 -0.74975
vn -0.96041 0.04539 -0.27487
vn -0.99983 0.01666 0.00835
vn -0.95722 0.04114 0.28643
vn -0.65704 0.02804 0.75334
vn -0.34159 0.06338 0.93771
vn -0.09261 0.04543 0.99467
vn -0.05866 -0.01477 0.99817
vn 0.41742 0.02250 0.90843
vn 0.73832 0.02133 0.67411
vn 0.89231 0.05654 0.44787
vn 0.99459 0.10313 -0.01211
vn 0.88432 0.13028 -0.44834
vn 0.74203 0.13661 -0.65630
vn 0.40784 0.17234 -0.89664
vn -0.08132 0.16345 -0.98319
vn -0.35987 0.14000 -0.92244
vn -0.67569 0.12995 -0.72565
vn -0.94957 0.08896 -0.30066
vn -0.99887 0.04644 -0.01002
vn -0.94641 0.03728 0.32080
vn -0.65796 0.00998 0.75298
vn -0.35379 -0.00918 0.93528
vn -0.05866 -0.01477 0.99817
vn 0.00197 0.05014 0.99874
vn 0.71566 0.05377 0.69637
vn 0.99502 0.09946 -0.00688
vn 0.70508 0.16119 -0.69057
vn -0.01228 0.16550 -0.98613
vn -0.69677 0.17533 -0.69553
vn -0.99358 0.11310 0.00369
vn -0.69420 0.06572 0.71677
vn 0.00197 0.05014 0.99874
vn 0.02765 0.15436 0.98763
vn 0.70629 0.09137 0.70200
vn 0.99927 0.03800 -0.00469
vn 0.69478 0.01294 -0.71911
vn 0.00498 -0.05424 -0.99852
vn -0.71621 0.04267 -0.69658
vn -0.99795 0.06391 0.00123
vn -0.70842 0.11652 0.69611
vn 0.02765 0.15436 0.98763
vn 0.01867 0.22403 0.97440
vn 0.70560 0.15266 0.69197
vn 0.99848 0.05309 -0.01478
vn 0.69957 -0.07505 -0.71061
vn 0.00669 -0.12143 -0.99258
vn -0.71983 -0.06805 -0.69081
vn -0.99878 0.04914 0.00577
vn -0.70155 0.16504 0.69325
vn 0.01867 0.22403 0.97440
vn 0.01634 0.14799 0.98885
vn 0.70272 0.17093 0.69063
vn 0.99532 0.09367 -0.02392
vn 0.69131 -0.02506 -0.72212
vn 0.00625 -0.03663 -0.99931
vn -0.71563 -0.05690 -0.69615
vn -0.99983 0.01531 0.01013
vn -0.70497 0.13866 0.69555
vn 0.01634 0.14799 0.98885
vn 0.02234 0.05147 0.99842
vn 0.70901 0.11500 0.69576
vn 0.99291 0.11632 -0.02462
vn 0.68180 0.06513 -0.72864
vn -0.00314 0.01552 -0.99987
vn -0.71488 -0.02710 -0.69872
vn -0.99869 -0.04789 0.01806
vn -0.70426 0.01727 0.70973
vn 0.02234 0.05147 0.99842
vn 0.02037 0.06734 0.99752
vn 0.70894 0.11221 0.69629
vn 0.98905 0.14516 -0.02669
vn 0.68020 0.08566 -0.72800
vn -0.00765 -0.00080 -0.99997
vn -0.71979 -0.05664 -0.69188
vn -0.99662 -0.07946 0.02098
vn -0.69872 -0.03286 0.71464
vn 0.02037 0.06734 0.99752
vn 0.01168 0.13348 0.99098
vn 0.70264 0.17196 0.69046
vn 0.98810 0.15144 -0.02684
vn 0.68665 0.06825 -0.72378
vn -0.00777 -0.05644 -0.99838
vn -0.71944 -0.09580 -0.68791
vn -0.99679 -0.07738 0.02072
vn -0.69861 0.00470 0.71548
vn 0.01168 0.13348 0.99098
vn 0.02536 0.08739 0.99585
vn 0.70630 0.15444 0.69086
vn 0.99286 0.11685 -0.02383
vn 0.68719 0.05719 -0.72423
vn -0.01310 -0.03334 -0.99936
vn -0.72230 -0.07356 -0.68766
vn -0.99766 -0.06632 0.01640
vn -0.69741 0.02094 0.71637
vn 0.02536 0.08739 0.99585
vn 0.02707 -0.02703 0.99927
vn 0.99307 0.11557 -0.02137
vn -0.02845 0.12214 -0.99211
vn -0.99966 -0.00667 0.02516
vn 0.02707 -0.02703 0.99927
vn 0.02965 -0.17114 0.98480
vn 0.99890 0.04081 -0.02294
vn -0.02784 0.21140 -0.97700
vn -0.99945 0.00402 0.03295
vn 0.02965 -0.17114 0.98480
vn 0.02851 -0.11672 0.99276
vn 0.99960 0.00006 -0.02839
vn -0.02970 0.14355 -0.98920
vn -0.99894 0.03121 0.03387
vn 0.02851 -0.11672 0.99276
vn 0.03202 -0.01894 0.99931
vn 0.99935 -0.01622 -0.03225
vn -0.03245 0.04498 -0.99846
vn -0.99855 0.04161 0.03404
vn 0.03202 -0.01894 0.99931
vn 0.03189 -0.04719 0.99838
vn 0.99959 -0.00075 -0.02863
vn -0.02961 0.06899 -0.99718
vn -0.99909 0.02497 0.03460
vn 0.03189 -0.04719 0.99838
vn 0.03464 -0.12165 0.99197
vn 0.99880 0.04053 -0.02738
vn -0.03052 0.13413 -0.99049
vn -0.99934 -0.02468 0.02677
vn 0.03464 -0.12165 0.99197
vn 0.03468 -0.10138 0.99424
vn 0.99617 0.08380 -0.02486
vn -0.03304 0.11139 -0.99323
vn -0.99690 -0.07528 0.02307
vn 0.03468 -0.10138 0.99424
vn 0.01735 0.07476 0.99705
vn 0.99291 0.11619 -0.02521
vn -0.01418 -0.06943 -0.99749
vn -0.99382 -0.10867 0.02284
vn 0.01735 0.07476 0.99705
vn -0.08031 0.77296 0.62935
vn 0.79862 0.59875 -0.06085
vn -0.09697 0.62201 -0.77698
vn -0.92163 0.38765 -0.01808
vn -0.08031 0.77296 0.62935
vn -0.11807 0.97863 0.16837
vn 0.11468 0.94361 -0.31057
vn -0.35828 0.88460 -0.29852
vn -0.11807 0.97863 0.16837
vn 0.15555 -0.97796 0.13926
vn -0.00208 -1.00000 -0.00041
vn -0.09865 -0.96585 0.23959
vn 0.29768 -0.94448 0.13910
vn 0.18292 -0.94758 0.26199
vn 0.18480 -0.98278 0.00017
vn 0.18706 -0.94696 -0.26129
vn 0.30001 -0.94419 -0.13598
vn 0.15625 -0.97810 -0.13750
vn -0.20392 -0.94977 -0.23737
vn -0.07654 -0.93958 -0.33365
vn -0.02185 -0.96693 -0.25412
vn -0.27223 -0.95644 0.10542
vn -0.34727 -0.93776 -0.00224
vn -0.27284 -0.95600 -0.10780
vn -0.02495 -0.96738 0.25211
vn -0.07954 -0.94060 0.33006
vn -0.30742 -0.92397 0.22753
# Uv
vt 0.00000 4.11723
vt 0.00000 4.32302
vt 0.20000 4.28341
vt 0.20000 4.11723
vt 0.40000 4.11723
vt 0.40000 4.30969
vt 0.60000 4.31300
vt 0.60000 4.11723
vt 0.80000 4.11723
vt 0.80000 4.30752
vt 1.00000 4.32302
vt 1.00000 4.11723
vt 0.00000 4.50218
vt 0.20000 4.44919
vt 0.40000 4.48945
vt 0.60000 4.49021
vt 0.80000 4.48623
vt 1.00000 4.50218
vt 0.00000 4.64518
vt 0.20000 4.59164
vt 0.40000 4.63347
vt 0.60000 4.63278
vt 0.80000 4.62830
vt 1.00000 4.64518
vt 0.00000 4.77228
vt 0.20000 4.73984
vt 0.40000 4.76690
vt 0.60000 4.76555
vt 0.80000 4.76335
vt 1.00000 4.77228
vt 0.00000 4.87819
vt 0.20000 4.87819
vt 0.40000 4.87819
vt 0.60000 4.87819
vt 0.80000 4.87819
vt 1.00000 4.87819
vt 0.00000 5.68728
vt 0.20000 5.68728
vt 0.40000 5.68728
vt 0.60000 5.68728
vt 0.80000 5.68728
vt 1.00000 5.68728
vt 0.00000 6.51886
vt 0.20000 6.51886
vt 0.40000 6.51886
vt 0.60000 6.51886
vt 0.80000 6.51886
vt 1.00000 6.51886
vt 0.00000 7.35878
vt 0.20000 7.35878
vt 0.40000 7.35878
vt 0.60000 7.35878
vt 0.80000 7.35878
vt 1.00000 7.35878
vt 0.00000 8.38331
vt 0.20000 8.38331
vt 0.40000 8.38331
vt 0.60000 8.38331
vt 0.80000 8.38331
vt 1.00000 8.38331
vt 0.00000 9.45520
vt 0.20000 9.45520
vt 0.40000 9.45520
vt 0.60000 9.45520
vt 0.80000 9.45520
vt 1.00000 9.45520
vt 0.00000 10.22810
vt 0.20000 10.22810
vt 0.40000 10.22810
vt 0.60000 10.22810
vt 0.80000 10.22810
vt 1.00000 10.22810
vt 0.00000 11.00011
vt 0.20000 11.00011
vt 0.40000 11.00011
vt 0.60000 11.00011
vt 0.80000 11.00011
vt 1.00000 11.00011
vt 0.00000 11.74699
vt 0.20000 11.74699
vt 0.40000 11.74699
vt 0.60000 11.74699
vt 0.80000 11.74699
vt 1.00000 11.74699
vt 0.00000 12.60977
vt 0.20000 12.60977
vt 0.40000 12.60977
vt 0.60000 12.60977
vt 0.80000 12.60977
vt 1.00000 12.60977
vt 0.20000 13.47377
vt 0.60000 13.47377
vt 1.00000 13.47377
vt 0.00000 3.90945
vt 0.00000 4.11026
vt 0.20000 4.07126
vt 0.20000 3.90945
vt 0.40000 3.90945
vt 0.40000 4.09655
vt 0.60000 4.09687
vt 0.60000 3.90945
vt 0.80000 3.90945
vt 0.80000 4.09086
vt 1.00000 4.11026
vt 1.00000 3.90945
vt 0.00000 4.27971
vt 0.20000 4.22787
vt 0.40000 4.27089
vt 0.60000 4.26957
vt 0.80000 4.26106
vt 1.00000 4.27971
vt 0.00000 4.41629
vt 0.20000 4.36514
vt 0.40000 4.40997
vt 0.60000 4.40729
vt 0.80000 4.39718
vt 1.00000 4.41629
vt 0.00000 4.53627
vt 0.20000 4.50580
vt 0.40000 4.53652
vt 0.60000 4.53478
vt 0.80000 4.52750
vt 1.00000 4.53627
vt 0.00000 4.63939
vt 0.20000 4.63939
vt 0.40000 4.63939
vt 0.60000 4.63939
vt 0.80000 4.63939
vt 1.00000 4.63939
vt 0.00000 5.41721
vt 0.20000 5.41721
vt 0.40000 5.41721
vt 0.60000 5.41721
vt 0.80000 5.41721
vt 1.00000 5.41721
vt 0.00000 6.39577
vt 0.20000 6.39577
vt 0.40000 6.39577
vt 0.60000 6.39577
vt 0.80000 6.39577
vt 1.00000 6.39577
vt 0.00000 7.21519
vt 0.20000 7.21519
vt 0.40000 7.21519
vt 0.60000 7.21519
vt 0.80000 7.21519
vt 1.00000 7.21519
vt 0.00000 8.25019
vt 0.20000 8.25019
vt 0.40000 8.25019
vt 0.60000 8.25019
vt 0.80000 8.25019
vt 1.00000 8.25019
vt 0.00000 9.03679
vt 0.20000 9.03679
vt 0.40000 9.03679
vt 0.60000 9.03679
vt 0.80000 9.03679
vt 1.00000 9.03679
vt 0.00000 10.00631
vt 0.20000 10.00631
vt 0.40000 10.00631
vt 0.60000 10.00631
vt 0.80000 10.00631
vt 1.00000 10.00631
vt 0.00000 10.77922
vt 0.20000 10.77922
vt 0.40000 10.77922
vt 0.60000 10.77922
vt 0.80000 10.77922
vt 1.00000 10.77922
vt 0.00000 11.70475
vt 0.20000 11.70475
vt 0.40000 11.70475
vt 0.60000 11.70475
vt 0.80000 11.70475
vt 1.00000 11.70475
vt 0.00000 12.57767
vt 0.20000 12.57767
vt 0.40000 12.57767
vt 0.60000 12.57767
vt 0.80000 12.57767
vt 1.00000 12.57767
vt 0.20000 13.44447
vt 0.60000 13.44447
vt 1.00000 13.44447
vt 0.00000 4.14312
vt 0.00000 4.35447
vt 0.20000 4.31192
vt 0.20000 4.14312
vt 0.40000 4.14312
vt 0.40000 4.33694
vt 0.60000 4.33848
vt 0.60000 4.14312
vt 0.80000 4.14312
vt 0.80000 4.32871
vt 1.00000 4.35447
vt 1.00000 4.14312
vt 0.00000 4.52970
vt 0.20000 4.47295
vt 0.40000 4.51908
vt 0.60000 4.52000
vt 0.80000 4.50569
vt 1.00000 4.52970
vt 0.00000 4.67103
vt 0.20000 4.61536
vt 0.40000 4.66399
vt 0.60000 4.66347
vt 0.80000 4.64699
vt 1.00000 4.67103
vt 0.00000 4.79522
vt 0.20000 4.76218
vt 0.40000 4.79664
vt 0.60000 4.79652
vt 0.80000 4.78505
vt 1.00000 4.79522
vt 0.00000 4.90436
vt 0.20000 4.90436
vt 0.40000 4.90436
vt 0.60000 4.90436
vt 0.80000 4.90436
vt 1.00000 4.90436
vt 0.00000 5.71359
vt 0.20000 5.71359
vt 0.40000 5.71359
vt 0.60000 5.71359
vt 0.80000 5.71359
vt 1.00000 5.71359
vt 0.00000 6.54341
vt 0.20000 6.54341
vt 0.40000 6.54341
vt 0.60000 6.54341
vt 0.80000 6.54341
vt 1.00000 6.54341
vt 0.00000 7.38291
vt 0.20000 7.38291
vt 0.40000 7.38291
vt 0.60000 7.38291
vt 0.80000 7.38291
vt 1.00000 7.38291
vt 0.00000 8.24239
vt 0.20000 8.24239
vt 0.40000 8.24239
vt 0.60000 8.24239
vt 0.80000 8.24239
vt 1.00000 8.24239
vt 0.00000 9.25165
vt 0.20000 9.25165
vt 0.40000 9.25165
vt 0.60000 9.25165
vt 0.80000 9.25165
vt 1.00000 9.25165
vt 0.00000 10.24602
vt 0.20000 10.24602
vt 0.40000 10.24602
vt 0.60000 10.24602
vt 0.80000 10.24602
vt 1.00000 10.24602
vt 0.00000 11.03278
vt 0.20000 11.03278
vt 0.40000 11.03278
vt 0.60000 11.03278
vt 0.80000 11.03278
vt 1.00000 11.03278
vt 0.00000 11.79630
vt 0.20000 11.79630
vt 0.40000 11.79630
vt 0.60000 11.79630
vt 0.80000 11.79630
vt 1.00000 11.79630
vt 0.00000 12.68845
vt 0.20000 12.68845
vt 0.40000 12.68845
vt 0.60000 12.68845
vt 0.80000 12.68845
vt 1.00000 12.68845
vt 0.20000 13.57308
vt 0.60000 13.57308
vt 1.00000 13.57308
vt 0.00000 3.71232
vt 0.00000 3.90269
vt 0.20000 3.86508
vt 0.20000 3.71232
vt 0.40000 3.71232
vt 0.40000 3.88560
vt 0.60000 3.88715
vt 0.60000 3.71232
vt 0.80000 3.71232
vt 0.80000 3.87923
vt 1.00000 3.90269
vt 1.00000 3.71232
vt 0.00000 4.05849
vt 0.20000 4.00831
vt 0.40000 4.04659
vt 0.60000 4.04802
vt 0.80000 4.03487
vt 1.00000 4.05849
vt 0.00000 4.18454
vt 0.20000 4.13596
vt 0.40000 4.17530
vt 0.60000 4.17533
vt 0.80000 4.16061
vt 1.00000 4.18454
vt 0.00000 4.29155
vt 0.20000 4.26292
vt 0.40000 4.29097
vt 0.60000 4.29121
vt 0.80000 4.28052
vt 1.00000 4.29155
vt 0.00000 4.38392
vt 0.20000 4.38392
vt 0.40000 4.38392
vt 0.60000 4.38392
vt 0.80000 4.38392
vt 1.00000 4.38392
vt 0.00000 5.09774
vt 0.20000 5.09774
vt 0.40000 5.09774
vt 0.60000 5.09774
vt 0.80000 5.09774
vt 1.00000 5.09774
vt 0.00000 6.00177
vt 0.20000 6.00177
vt 0.40000 6.00177
vt 0.60000 6.00177
vt 0.80000 6.00177
vt 1.00000 6.00177
vt 0.00000 6.75815
vt 0.20000 6.75815
vt 0.40000 6.75815
vt 0.60000 6.75815
vt 0.80000 6.75815
vt 1.00000 6.75815
vt 0.00000 7.71997
vt 0.20000 7.71997
vt 0.40000 7.71997
vt 0.60000 7.71997
vt 0.80000 7.71997
vt 1.00000 7.71997
vt 0.00000 8.50825
vt 0.20000 8.50825
vt 0.40000 8.50825
vt 0.60000 8.50825
vt 0.80000 8.50825
vt 1.00000 8.50825
vt 0.00000 9.47283
vt 0.20000 9.47283
vt 0.40000 9.47283
vt 0.60000 9.47283
vt 0.80000 9.47283
vt 1.00000 9.47283
vt 0.00000 10.25762
vt 0.20000 10.25762
vt 0.40000 10.25762
vt 0.60000 10.25762
vt 0.80000 10.25762
vt 1.00000 10.25762
vt 0.00000 11.20199
vt 0.20000 11.20199
vt 0.40000 11.20199
vt 0.60000 11.20199
vt 0.80000 11.20199
vt 1.00000 11.20199
vt 0.00000 11.94003
vt 0.20000 11.94003
vt 0.40000 11.94003
vt 0.60000 11.94003
vt 0.80000 11.94003
vt 1.00000 11.94003
vt 0.00000 12.81442
vt 0.20000 12.81442
vt 0.40000 12.81442
vt 0.60000 12.81442
vt 0.80000 12.81442
vt 1.00000 12.81442
vt 0.20000 13.67850
vt 0.60000 13.67850
vt 1.00000 13.67850
vt 0.00000 3.86006
vt 0.00000 4.05681
vt 0.20000 4.01775
vt 0.20000 3.86006
vt 0.40000 3.86006
vt 0.40000 4.03818
vt 0.60000 4.04323
vt 0.60000 3.86006
vt 0.80000 3.86006
vt 0.80000 4.03100
vt 1.00000 4.05681
vt 1.00000 3.86006
vt 0.00000 4.22014
vt 0.20000 4.16748
vt 0.40000 4.20520
vt 0.60000 4.20997
vt 0.80000 4.19267
vt 1.00000 4.22014
vt 0.00000 4.35168
vt 0.20000 4.29972
vt 0.40000 4.33862
vt 0.60000 4.34219
vt 0.80000 4.32343
vt 1.00000 4.35168
vt 0.00000 4.46400
vt 0.20000 4.43291
vt 0.40000 4.46030
vt 0.60000 4.46230
vt 0.80000 4.44980
vt 1.00000 4.46400
vt 0.00000 4.55935
vt 0.20000 4.55935
vt 0.40000 4.55935
vt 0.60000 4.55935
vt 0.80000 4.55935
vt 1.00000 4.55935
vt 0.00000 5.30312
vt 0.20000 5.30312
vt 0.40000 5.30312
vt 0.60000 5.30312
vt 0.80000 5.30312
vt 1.00000 5.30312
vt 0.00000 6.06703
vt 0.20000 6.06703
vt 0.40000 6.06703
vt 0.60000 6.06703
vt 0.80000 6.06703
vt 1.00000 6.06703
vt 0.00000 6.84259
vt 0.20000 6.84259
vt 0.40000 6.84259
vt 0.60000 6.84259
vt 0.80000 6.84259
vt 1.00000 6.84259
vt 0.00000 7.63844
vt 0.20000 7.63844
vt 0.40000 7.63844
vt 0.60000 7.63844
vt 0.80000 7.63844
vt 1.00000 7.63844
vt 0.00000 8.62129
vt 0.20000 8.62129
vt 0.40000 8.62129
vt 0.60000 8.62129
vt 0.80000 8.62129
vt 1.00000 8.62129
vt 0.00000 9.60752
vt 0.20000 9.60752
vt 0.40000 9.60752
vt 0.60000 9.60752
vt 0.80000 9.60752
vt 1.00000 9.60752
vt 0.00000 10.39168
vt 0.20000 10.39168
vt 0.40000 10.39168
vt 0.60000 10.39168
vt 0.80000 10.39168
vt 1.00000 10.39168
vt 0.00000 11.15798
vt 0.20000 11.15798
vt 0.40000 11.15798
vt 0.60000 11.15798
vt 0.80000 11.15798
vt 1.00000 11.15798
vt 0.00000 11.90280
vt 0.20000 11.90280
vt 0.40000 11.90280
vt 0.60000 11.90280
vt 0.80000 11.90280
vt 1.00000 11.90280
vt 0.00000 12.77420
vt 0.20000 12.77420
vt 0.40000 12.77420
vt 0.60000 12.77420
vt 0.80000 12.77420
vt 1.00000 12.77420
vt 0.20000 13.64027
vt 0.60000 13.64027
vt 1.00000 13.64027
vt 0.00000 3.27615
vt 0.00000 3.43462
vt 0.16667 3.41061
vt 0.16667 3.27615
vt 0.33333 3.27615
vt 0.33333 3.41621
vt 0.50000 3.42389
vt 0.50000 3.27615
vt 0.66667 3.27615
vt 0.66667 3.40577
vt 0.83333 3.41296
vt 0.83333 3.27615
vt 1.00000 3.27615
vt 1.00000 3.43462
vt 0.00000 3.56325
vt 0.16667 3.52631
vt 0.33333 3.54640
vt 0.50000 3.55802
vt 0.66667 3.53389
vt 0.83333 3.53944
vt 1.00000 3.56325
vt 0.00000 3.66703
vt 0.16667 3.63047
vt 0.33333 3.65298
vt 0.50000 3.66399
vt 0.66667 3.63874
vt 0.83333 3.64416
vt 1.00000 3.66703
vt 0.00000 3.75416
vt 0.16667 3.73079
vt 0.33333 3.74910
vt 0.50000 3.75705
vt 0.66667 3.74161
vt 0.83333 3.74290
vt 1.00000 3.75416
vt 0.00000 3.82919
vt 0.16667 3.82919
vt 0.33333 3.82919
vt 0.50000 3.82919
vt 0.66667 3.82919
vt 0.83333 3.82919
vt 1.00000 3.82919
vt 0.00000 4.41535
vt 0.16667 4.41535
vt 0.33333 4.41535
vt 0.50000 4.41535
vt 0.66667 4.41535
vt 0.83333 4.41535
vt 1.00000 4.41535
vt 0.00000 5.16119
vt 0.16667 5.16119
vt 0.33333 5.16119
vt 0.50000 5.16119
vt 0.66667 5.16119
vt 0.83333 5.16119
vt 1.00000 5.16119
vt 0.00000 5.78836
vt 0.16667 5.78836
vt 0.33333 5.78836
vt 0.50000 5.78836
vt 0.66667 5.78836
vt 0.83333 5.78836
vt 1.00000 5.78836
vt 0.00000 6.57977
vt 0.16667 6.57977
vt 0.33333 6.57977
vt 0.50000 6.57977
vt 0.66667 6.57977
vt 0.83333 6.57977
vt 1.00000 6.57977
vt 0.00000 7.22302
vt 0.16667 7.22302
vt 0.33333 7.22302
vt 0.50000 7.22302
vt 0.66667 7.22302
vt 0.83333 7.22302
vt 1.00000 7.22302
vt 0.00000 8.04330
vt 0.16667 8.04330
vt 0.33333 8.04330
vt 0.50000 8.04330
vt 0.66667 8.04330
vt 0.83333 8.04330
vt 1.00000 8.04330
vt 0.00000 8.87309
vt 0.16667 8.87309
vt 0.33333 8.87309
vt 0.50000 8.87309
vt 0.66667 8.87309
vt 0.83333 8.87309
vt 1.00000 8.87309
vt 0.00000 9.53519
vt 0.16667 9.53519
vt 0.33333 9.53519
vt 0.50000 9.53519
vt 0.66667 9.53519
vt 0.83333 9.53519
vt 1.00000 9.53519
vt 0.00000 10.32691
vt 0.16667 10.32691
vt 0.33333 10.32691
vt 0.50000 10.32691
vt 0.66667 10.32691
vt 0.83333 10.32691
vt 1.00000 10.32691
vt 0.00000 10.96420
vt 0.16667 10.96420
vt 0.33333 10.96420
vt 0.50000 10.96420
vt 0.66667 10.96420
vt 0.83333 10.96420
vt 1.00000 10.96420
vt 0.00000 11.72615
vt 0.16667 11.72615
vt 0.33333 11.72615
vt 0.50000 11.72615
vt 0.66667 11.72615
vt 0.83333 11.72615
vt 1.00000 11.72615
vt 0.00000 12.45835
vt 0.16667 12.45835
vt 0.33333 12.45835
vt 0.50000 12.45835
vt 0.66667 12.45835
vt 0.83333 12.45835
vt 1.00000 12.45835
vt 0.16667 13.18501
vt 0.50000 13.18501
vt 0.83333 13.18501
vt 0.00000 3.43815
vt 0.00000 3.60408
vt 0.16667 3.58369
vt 0.16667 3.43815
vt 0.33333 3.43815
vt 0.33333 3.58416
vt 0.50000 3.59702
vt 0.50000 3.43815
vt 0.66667 3.43815
vt 0.66667 3.57780
vt 0.83333 3.58503
vt 0.83333 3.43815
vt 1.00000 3.43815
vt 1.00000 3.60408
vt 0.00000 3.74263
vt 0.16667 3.70972
vt 0.33333 3.72349
vt 0.50000 3.74111
vt 0.66667 3.71473
vt 0.83333 3.72154
vt 1.00000 3.74263
vt 0.00000 3.85442
vt 0.16667 3.82122
vt 0.33333 3.83768
vt 0.50000 3.85482
vt 0.66667 3.82727
vt 0.83333 3.83404
vt 1.00000 3.85442
vt 0.00000 3.95105
vt 0.16667 3.92932
vt 0.33333 3.94391
vt 0.50000 3.95528
vt 0.66667 3.93824
vt 0.83333 3.94064
vt 1.00000 3.95105
vt 0.00000 4.03395
vt 0.16667 4.03395
vt 0.33333 4.03395
vt 0.50000 4.03395
vt 0.66667 4.03395
vt 0.83333 4.03395
vt 1.00000 4.03395
vt 0.00000 4.66687
vt 0.16667 4.66687
vt 0.33333 4.66687
vt 0.50000 4.66687
vt 0.66667 4.66687
vt 0.83333 4.66687
vt 1.00000 4.66687
vt 0.00000 5.31923
vt 0.16667 5.31923
vt 0.33333 5.31923
vt 0.50000 5.31923
vt 0.66667 5.31923
vt 0.83333 5.31923
vt 1.00000 5.31923
vt 0.00000 5.98447
vt 0.16667 5.98447
vt 0.33333 5.98447
vt 0.50000 5.98447
vt 0.66667 5.98447
vt 0.83333 5.98447
vt 1.00000 5.98447
vt 0.00000 6.65716
vt 0.16667 6.65716
vt 0.33333 6.65716
vt 0.50000 6.65716
vt 0.66667 6.65716
vt 0.83333 6.65716
vt 1.00000 6.65716
vt 0.00000 7.34457
vt 0.16667 7.34457
vt 0.33333 7.34457
vt 0.50000 7.34457
vt 0.66667 7.34457
vt 0.83333 7.34457
vt 1.00000 7.34457
vt 0.00000 8.25701
vt 0.16667 8.25701
vt 0.33333 8.25701
vt 0.50000 8.25701
vt 0.66667 8.25701
vt 0.83333 8.25701
vt 1.00000 8.25701
vt 0.00000 9.17760
vt 0.16667 9.17760
vt 0.33333 9.17760
vt 0.50000 9.17760
vt 0.66667 9.17760
vt 0.83333 9.17760
vt 1.00000 9.17760
vt 0.00000 9.90030
vt 0.16667 9.90030
vt 0.33333 9.90030
vt 0.50000 9.90030
vt 0.66667 9.90030
vt 0.83333 9.90030
vt 1.00000 9.90030
vt 0.00000 10.61105
vt 0.16667 10.61105
vt 0.33333 10.61105
vt 0.50000 10.61105
vt 0.66667 10.61105
vt 0.83333 10.61105
vt 1.00000 10.61105
vt 0.00000 11.30572
vt 0.16667 11.30572
vt 0.33333 11.30572
vt 0.50000 11.30572
vt 0.66667 11.30572
vt 0.83333 11.30572
vt 1.00000 11.30572
vt 0.00000 11.98152
vt 0.16667 11.98152
vt 0.33333 11.98152
vt 0.50000 11.98152
vt 0.66667 11.98152
vt 0.83333 11.98152
vt 1.00000 11.98152
vt 0.00000 12.77164
vt 0.16667 12.77164
vt 0.33333 12.77164
vt 0.50000 12.77164
vt 0.66667 12.77164
vt 0.83333 12.77164
vt 1.00000 12.77164
vt 0.16667 13.56261
vt 0.50000 13.56261
vt 0.83333 13.56261
vt 0.00000 5.16063
vt 0.00000 5.48337
vt 0.25000 5.45134
vt 0.25000 5.16063
vt 0.50000 5.16063
vt 0.50000 5.49182
vt 0.75000 5.45710
vt 0.75000 5.16063
vt 1.00000 5.16063
vt 1.00000 5.48337
vt 0.00000 5.76000
vt 0.25000 5.73980
vt 0.50000 5.79279
vt 0.75000 5.75260
vt 1.00000 5.76000
vt 0.00000 6.00487
vt 0.25000 6.00253
vt 0.50000 6.04460
vt 0.75000 6.01483
vt 1.00000 6.00487
vt 0.00000 6.26936
vt 0.25000 6.26936
vt 0.50000 6.26936
vt 0.75000 6.26936
vt 1.00000 6.26936
vt 0.00000 7.44337
vt 0.25000 7.44337
vt 0.50000 7.44337
vt 0.75000 7.44337
vt 1.00000 7.44337
vt 0.00000 8.62738
vt 0.25000 8.62738
vt 0.50000 8.62738
vt 0.75000 8.62738
vt 1.00000 8.62738
vt 0.00000 9.83845
vt 0.25000 9.83845
vt 0.50000 9.83845
vt 0.75000 9.83845
vt 1.00000 9.83845
vt 0.00000 10.94116
vt 0.25000 10.94116
vt 0.50000 10.94116
vt 0.75000 10.94116
vt 1.00000 10.94116
vt 0.00000 12.03881
vt 0.25000 12.03881
vt 0.50000 12.03881
vt 0.75000 12.03881
vt 1.00000 12.03881
vt 0.00000 13.29709
vt 0.25000 13.29709
vt 0.50000 13.29709
vt 0.75000 13.29709
vt 1.00000 13.29709
vt 0.25000 14.54092
vt 0.75000 14.54092
vt 0.00000 5.01201
vt 0.00000 5.33031
vt 0.25000 5.29924
vt 0.25000 5.01201
vt 0.50000 5.01201
vt 0.50000 5.32386
vt 0.75000 5.28631
vt 0.75000 5.01201
vt 1.00000 5.01201
vt 1.00000 5.33031
vt 0.00000 5.58925
vt 0.25000 5.57896
vt 0.50000 5.60801
vt 0.75000 5.55848
vt 1.00000 5.58925
vt 0.00000 5.81327
vt 0.25000 5.82377
vt 0.50000 5.84530
vt 0.75000 5.80573
vt 1.00000 5.81327
vt 0.00000 6.05526
vt 0.25000 6.05526
vt 0.50000 6.05526
vt 0.75000 6.05526
vt 1.00000 6.05526
vt 0.00000 7.16048
vt 0.25000 7.16048
vt 0.50000 7.16048
vt 0.75000 7.16048
vt 1.00000 7.16048
vt 0.00000 8.30726
vt 0.25000 8.30726
vt 0.50000 8.30726
vt 0.75000 8.30726
vt 1.00000 8.30726
vt 0.00000 9.66598
vt 0.25000 9.66598
vt 0.50000 9.66598
vt 0.75000 9.66598
vt 1.00000 9.66598
vt 0.00000 11.01226
vt 0.25000 11.01226
vt 0.50000 11.01226
vt 0.75000 11.01226
vt 1.00000 11.01226
vt 0.00000 12.07305
vt 0.25000 12.07305
vt 0.50000 12.07305
vt 0.75000 12.07305
vt 1.00000 12.07305
vt 0.00000 13.29333
vt 0.25000 13.29333
vt 0.50000 13.29333
vt 0.75000 13.29333
vt 1.00000 13.29333
vt 0.25000 14.50578
vt 0.75000 14.50578
vt 0.00000 5.61837
vt 0.00000 5.99095
vt 0.33333 5.99419
vt 0.33333 5.61837
vt 0.66667 5.61837
vt 0.66667 5.93482
vt 1.00000 5.99095
vt 1.00000 5.61837
vt 0.00000 6.30518
vt 0.33333 6.34036
vt 0.66667 6.26215
vt 1.00000 6.30518
vt 0.00000 6.58141
vt 0.33333 6.62644
vt 0.66667 6.56708
vt 1.00000 6.58141
vt 0.00000 6.87767
vt 0.33333 6.87767
vt 0.66667 6.87767
vt 1.00000 6.87767
vt 0.00000 8.20981
vt 0.33333 8.20981
vt 0.66667 8.20981
vt 1.00000 8.20981
vt 0.00000 9.58118
vt 0.33333 9.58118
vt 0.66667 9.58118
vt 1.00000 9.58118
vt 0.00000 10.88878
vt 0.33333 10.88878
vt 0.66667 10.88878
vt 1.00000 10.88878
vt 0.00000 12.19187
vt 0.33333 12.19187
vt 0.66667 12.19187
vt 1.00000 12.19187
vt 0.00000 13.67908
vt 0.33333 13.67908
vt 0.66667 13.67908
vt 1.00000 13.67908
vt 0.33333 15.14460
vt 1.00000 15.14460
vt 0.00000 5.38191
vt 0.00000 5.75212
vt 0.33333 5.73618
vt 0.33333 5.38191
vt 0.66667 5.38191
vt 0.66667 5.68868
vt 1.00000 5.75212
vt 1.00000 5.38191
vt 0.00000 6.03652
vt 0.33333 6.06094
vt 0.66667 6.00149
vt 1.00000 6.03652
vt 0.00000 6.28121
vt 0.33333 6.32848
vt 0.66667 6.28486
vt 1.00000 6.28121
vt 0.00000 6.55989
vt 0.33333 6.55989
vt 0.66667 6.55989
vt 1.00000 6.55989
vt 0.00000 7.81030
vt 0.33333 7.81030
vt 0.66667 7.81030
vt 1.00000 7.81030
vt 0.00000 9.10339
vt 0.33333 9.10339
vt 0.66667 9.10339
vt 1.00000 9.10339
vt 0.00000 10.56102
vt 0.33333 10.56102
vt 0.66667 10.56102
vt 1.00000 10.56102
vt 0.00000 11.99321
vt 0.33333 11.99321
vt 0.66667 11.99321
vt 1.00000 11.99321
vt 0.00000 13.31323
vt 0.33333 13.31323
vt 0.66667 13.31323
vt 1.00000 13.31323
vt 0.33333 14.61322
vt 1.00000 14.61322
vt 0.00000 5.28993
vt 0.00000 5.65752
vt 0.33333 5.64818
vt 0.33333 5.28993
vt 0.66667 5.28993
vt 0.66667 5.60024
vt 1.00000 5.65752
vt 1.00000 5.28993
vt 0.00000 5.93425
vt 0.33333 5.97370
vt 0.66667 5.91491
vt 1.00000 5.93425
vt 0.00000 6.17768
vt 0.33333 6.24027
vt 0.66667 6.19755
vt 1.00000 6.17768
vt 0.00000 6.46883
vt 0.33333 6.46883
vt 0.66667 6.46883
vt 1.00000 6.46883
vt 0.00000 7.72048
vt 0.33333 7.72048
vt 0.66667 7.72048
vt 1.00000 7.72048
vt 0.00000 9.01607
vt 0.33333 9.01607
vt 0.66667 9.01607
vt 1.00000 9.01607
vt 0.00000 10.66498
vt 0.33333 10.66498
vt 0.66667 10.66498
vt 1.00000 10.66498
vt 0.00000 12.32277
vt 0.33333 12.32277
vt 0.66667 12.32277
vt 1.00000 12.32277
vt 0.00000 13.81056
vt 0.33333 13.81056
vt 0.66667 13.81056
vt 1.00000 13.81056
vt 0.33333 15.27499
vt 1.00000 15.27499
vt 0.00000 5.87097
vt 0.00000 6.26219
vt 0.33333 6.26696
vt 0.33333 5.87097
vt 0.66667 5.87097
vt 0.66667 6.20978
vt 1.00000 6.26219
vt 1.00000 5.87097
vt 0.00000 6.59920
vt 0.33333 6.63406
vt 0.66667 6.56183
vt 1.00000 6.59920
vt 0.00000 6.89790
vt 0.33333 6.94131
vt 0.66667 6.88804
vt 1.00000 6.89790
vt 0.00000 7.21892
vt 0.33333 7.21892
vt 0.66667 7.21892
vt 1.00000 7.21892
vt 0.00000 8.64218
vt 0.33333 8.64218
vt 0.66667 8.64218
vt 1.00000 8.64218
vt 0.00000 10.05901
vt 0.33333 10.05901
vt 0.66667 10.05901
vt 1.00000 10.05901
vt 0.00000 11.49308
vt 0.33333 11.49308
vt 0.66667 11.49308
vt 1.00000 11.49308
vt 0.00000 12.70220
vt 0.33333 12.70220
vt 0.66667 12.70220
vt 1.00000 12.70220
vt 0.00000 13.88243
vt 0.33333 13.88243
vt 0.66667 13.88243
vt 1.00000 13.88243
vt 0.33333 15.01451
vt 1.00000 15.01451
vt 0.00000 6.81033
vt 0.00000 7.27708
vt 0.33333 7.40760
vt 0.33333 6.81033
vt 0.66667 6.81033
vt 0.66667 7.36266
vt 1.00000 7.27708
vt 1.00000 6.81033
vt 0.00000 7.79107
vt 0.33333 7.95433
vt 0.66667 7.90874
vt 1.00000 7.79107
vt 0.00000 8.52491
vt 0.33333 8.52491
vt 0.66667 8.52491
vt 1.00000 8.52491
vt 0.00000 10.39526
vt 0.33333 10.39526
vt 0.66667 10.39526
vt 1.00000 10.39526
vt 0.00000 12.03088
vt 0.33333 12.03088
vt 0.66667 12.03088
vt 1.00000 12.03088
vt 0.00000 13.96704
vt 0.33333 13.96704
vt 0.66667 13.96704
vt 1.00000 13.96704
vt 0.33333 15.86062
vt 1.00000 15.86062
vt 0.00000 7.73410
vt 0.00000 8.30668
vt 0.33333 8.42552
vt 0.33333 7.73410
vt 0.66667 7.73410
vt 0.66667 8.36272
vt 1.00000 8.30668
vt 1.00000 7.73410
vt 0.00000 8.93720
vt 0.33333 9.07928
vt 0.66667 9.01333
vt 1.00000 8.93720
vt 0.00000 9.79210
vt 0.33333 9.79210
vt 0.66667 9.79210
vt 1.00000 9.79210
vt 0.00000 12.04674
vt 0.33333 12.04674
vt 0.66667 12.04674
vt 1.00000 12.04674
vt 0.00000 14.25586
vt 0.33333 14.25586
vt 0.66667 14.25586
vt 1.00000 14.25586
vt 0.33333 16.54034
vt 1.00000 16.54034
vt 0.00000 7.37915
vt 0.00000 7.92232
vt 0.33333 8.04270
vt 0.33333 7.37915
vt 0.66667 7.37915
vt 0.66667 7.98007
vt 1.00000 7.92232
vt 1.00000 7.37915
vt 0.00000 8.52017
vt 0.33333 8.66430
vt 0.66667 8.59768
vt 1.00000 8.52017
vt 0.00000 9.33294
vt 0.33333 9.33294
vt 0.66667 9.33294
vt 1.00000 9.33294
vt 0.00000 11.74235
vt 0.33333 11.74235
vt 0.66667 11.74235
vt 1.00000 11.74235
vt 0.00000 14.50140
vt 0.33333 14.50140
vt 0.66667 14.50140
vt 1.00000 14.50140
vt 0.33333 16.76777
vt 1.00000 16.76777
vt 0.00000 7.39146
vt 0.00000 7.90051
vt 0.33333 8.16291
vt 0.33333 7.39146
vt 0.66667 7.39146
vt 0.66667 8.08521
vt 1.00000 7.90051
vt 1.00000 7.39146
vt 0.00000 8.58514
vt 0.33333 8.88762
vt 0.66667 8.80412
vt 1.00000 8.58514
vt 0.00000 9.65849
vt 0.33333 9.65849
vt 0.66667 9.65849
vt 1.00000 9.65849
vt 0.00000 12.22628
vt 0.33333 12.22628
vt 0.66667 12.22628
vt 1.00000 12.22628
vt 0.00000 14.25171
vt 0.33333 14.25171
vt 0.66667 14.25171
vt 1.00000 14.25171
vt 0.33333 16.34018
vt 1.00000 16.34018
vt 0.00000 6.83676
vt 0.00000 7.30994
vt 0.33333 7.43624
vt 0.33333 6.83676
vt 0.66667 6.83676
vt 0.66667 7.37728
vt 1.00000 7.30994
vt 1.00000 6.83676
vt 0.00000 7.82425
vt 0.33333 7.98365
vt 0.66667 7.92031
vt 1.00000 7.82425
vt 0.00000 8.54907
vt 0.33333 8.54907
vt 0.66667 8.54907
vt 1.00000 8.54907
vt 0.00000 10.42166
vt 0.33333 10.42166
vt 0.66667 10.42166
vt 1.00000 10.42166
vt 0.00000 12.23590
vt 0.33333 12.23590
vt 0.66667 12.23590
vt 1.00000 12.23590
vt 0.00000 14.37381
vt 0.33333 14.37381
vt 0.66667 14.37381
vt 1.00000 14.37381
vt 0.33333 16.47208
vt 1.00000 16.47208
vt 0.00000 8.80048
vt 0.00000 9.44756
vt 0.33333 9.69136
vt 0.33333 8.80048
vt 0.66667 8.80048
vt 0.66667 9.62743
vt 1.00000 9.44756
vt 1.00000 8.80048
vt 0.00000 10.28624
vt 0.33333 10.56119
vt 0.66667 10.49359
vt 1.00000 10.28624
vt 0.00000 11.53561
vt 0.33333 11.53561
vt 0.66667 11.53561
vt 1.00000 11.53561
vt 0.00000 14.44253
vt 0.33333 14.44253
vt 0.66667 14.44253
vt 1.00000 14.44253
vt 0.33333 17.50522
vt 1.00000 17.50522
vt 0.00000 8.44278
vt 0.00000 9.00856
vt 0.33333 9.20318
vt 0.33333 8.44278
vt 0.66667 8.44278
vt 0.66667 9.13214
vt 1.00000 9.00856
vt 1.00000 8.44278
vt 0.00000 9.70057
vt 0.33333 9.92635
vt 0.66667 9.85066
vt 1.00000 9.70057
vt 0.00000 10.71429
vt 0.33333 10.71429
vt 0.66667 10.71429
vt 1.00000 10.71429
vt 0.00000 13.19750
vt 0.33333 13.19750
vt 0.66667 13.19750
vt 1.00000 13.19750
vt 0.00000 15.09025
vt 0.33333 15.09025
vt 0.66667 15.09025
vt 1.00000 15.09025
vt 0.33333 17.01495
vt 1.00000 17.01495
vt 0.00000 8.66057
vt 0.00000 9.14364
vt 0.33333 9.46880
vt 0.33333 8.66057
vt 0.66667 8.66057
vt 0.66667 9.38367
vt 1.00000 9.14364
vt 1.00000 8.66057
vt 0.00000 9.86622
vt 0.33333 10.23024
vt 0.66667 10.13727
vt 1.00000 9.86622
vt 0.00000 11.04119
vt 0.33333 11.04119
vt 0.66667 11.04119
vt 1.00000 11.04119
vt 0.00000 13.20032
vt 0.33333 13.20032
vt 0.66667 13.20032
vt 1.00000 13.20032
vt 0.00000 15.30308
vt 0.33333 15.30308
vt 0.66667 15.30308
vt 1.00000 15.30308
vt 0.33333 17.28011
vt 1.00000 17.28011
vt 0.00000 9.03938
vt 0.00000 9.61587
vt 0.33333 9.93578
vt 0.33333 9.03938
vt 0.66667 9.03938
vt 0.66667 9.86951
vt 1.00000 9.61587
vt 1.00000 9.03938
vt 0.00000 10.44820
vt 0.33333 10.80274
vt 0.66667 10.73406
vt 1.00000 10.44820
vt 0.00000 11.76332
vt 0.33333 11.76332
vt 0.66667 11.76332
vt 1.00000 11.76332
vt 0.00000 14.57577
vt 0.33333 14.57577
vt 0.66667 14.57577
vt 1.00000 14.57577
vt 0.33333 17.53268
vt 1.00000 17.53268
vt 0.00000 9.98018
vt 0.00000 10.64756
vt 0.33333 10.99120
vt 0.33333 9.98018
vt 0.66667 9.98018
vt 0.66667 10.90156
vt 1.00000 10.64756
vt 1.00000 9.98018
vt 0.00000 11.60054
vt 0.33333 11.97845
vt 0.66667 11.88192
vt 1.00000 11.60054
vt 0.00000 13.07835
vt 0.33333 13.07835
vt 0.66667 13.07835
vt 1.00000 13.07835
vt 0.00000 15.61559
vt 0.33333 15.61559
vt 0.66667 15.61559
vt 1.00000 15.61559
vt 0.33333 18.21769
vt 1.00000 18.21769
vt 0.00000 9.99621
vt 0.00000 10.65700
vt 0.33333 11.00750
vt 0.33333 9.99621
vt 0.66667 9.99621
vt 0.66667 10.91068
vt 1.00000 10.65700
vt 1.00000 9.99621
vt 0.00000 11.60685
vt 0.33333 11.99238
vt 0.66667 11.88675
vt 1.00000 11.60685
vt 0.00000 13.08369
vt 0.33333 13.08369
vt 0.66667 13.08369
vt 1.00000 13.08369
vt 0.00000 15.60762
vt 0.33333 15.60762
vt 0.66667 15.60762
vt 1.00000 15.60762
vt 0.33333 18.20487
vt 1.00000 18.20487
vt 0.00000 9.94692
vt 0.00000 10.69830
vt 0.33333 10.96114
vt 0.33333 9.94692
vt 0.66667 9.94692
vt 0.66667 10.83926
vt 1.00000 10.69830
vt 1.00000 9.94692
vt 0.00000 11.65882
vt 0.33333 11.95256
vt 0.66667 11.81709
vt 1.00000 11.65882
vt 0.00000 13.05604
vt 0.33333 13.05604
vt 0.66667 13.05604
vt 1.00000 13.05604
vt 0.00000 15.59775
vt 0.33333 15.59775
vt 0.66667 15.59775
vt 1.00000 15.59775
vt 0.33333 18.20383
vt 1.00000 18.20383
vt 0.00000 11.05761
vt 0.00000 11.75985
vt 0.33333 12.01974
vt 0.33333 11.05761
vt 0.66667 11.05761
vt 0.66667 11.90058
vt 1.00000 11.75985
vt 1.00000 11.05761
vt 0.00000 12.66231
vt 0.33333 12.95637
vt 0.66667 12.82374
vt 1.00000 12.66231
vt 0.00000 13.99228
vt 0.33333 13.99228
vt 0.66667 13.99228
vt 1.00000 13.99228
vt 0.00000 16.37835
vt 0.33333 16.37835
vt 0.66667 16.37835
vt 1.00000 16.37835
vt 0.33333 18.83200
vt 1.00000 18.83200
vt 0.00000 10.91049
vt 0.00000 11.64252
vt 0.33333 11.88292
vt 0.33333 10.91049
vt 0.66667 10.91049
vt 0.66667 11.75173
vt 1.00000 11.64252
vt 1.00000 10.91049
vt 0.00000 12.55853
vt 0.33333 12.83020
vt 0.66667 12.68321
vt 1.00000 12.55853
vt 0.00000 13.87762
vt 0.33333 13.87762
vt 0.66667 13.87762
vt 1.00000 13.87762
vt 0.00000 16.28980
vt 0.33333 16.28980
vt 0.66667 16.28980
vt 1.00000 16.28980
vt 0.33333 18.76550
vt 1.00000 18.76550
vt 0.00000 11.53366
vt 0.00000 12.33569
vt 0.33333 12.49542
vt 0.33333 11.53366
vt 0.66667 11.53366
vt 0.66667 12.28369
vt 1.00000 12.33569
vt 1.00000 11.53366
vt 0.00000 13.22915
vt 0.33333 13.42067
vt 0.66667 13.18245
vt 1.00000 13.22915
vt 0.00000 14.42257
vt 0.33333 14.42257
vt 0.66667 14.42257
vt 1.00000 14.42257
vt 0.00000 16.74996
vt 0.33333 16.74996
vt 0.66667 16.74996
vt 1.00000 16.74996
vt 0.33333 19.14196
vt 1.00000 19.14196
vt 0.00000 10.29545
vt 0.20000 10.29545
vt 0.40000 10.29545
vt 0.60000 10.29545
vt 0.80000 10.29545
vt 1.00000 10.29545
vt 0.00000 11.11559
vt 0.20000 11.11559
vt 0.40000 11.11559
vt 0.60000 11.11559
vt 0.80000 11.11559
vt 1.00000 11.11559
vt 0.00000 11.89584
vt 0.20000 11.89584
vt 0.40000 11.89584
vt 0.60000 11.89584
vt 0.80000 11.89584
vt 1.00000 11.89584
vt 0.00000 12.78241
vt 0.20000 12.78241
vt 0.40000 12.78241
vt 0.60000 12.78241
vt 0.80000 12.78241
vt 1.00000 12.78241
vt 0.20000 13.66831
vt 0.60000 13.66831
vt 1.00000 13.66831
vt 0.00000 9.01898
vt 0.20000 9.01898
vt 0.40000 9.01898
vt 0.60000 9.01898
vt 0.80000 9.01898
vt 1.00000 9.01898
vt 0.00000 9.94033
vt 0.20000 9.94033
vt 0.40000 9.94033
vt 0.60000 9.94033
vt 0.80000 9.94033
vt 1.00000 9.94033
vt 0.00000 10.65608
vt 0.20000 10.65608
vt 0.40000 10.65608
vt 0.60000 10.65608
vt 0.80000 10.65608
vt 1.00000 10.65608
vt 0.00000 11.49380
vt 0.20000 11.49380
vt 0.40000 11.49380
vt 0.60000 11.49380
vt 0.80000 11.49380
vt 1.00000 11.49380
vt 0.00000 12.27864
vt 0.20000 12.27864
vt 0.40000 12.27864
vt 0.60000 12.27864
vt 0.80000 12.27864
vt 1.00000 12.27864
vt 0.20000 13.05232
vt 0.60000 13.05232
vt 1.00000 13.05232
vt 0.00000 9.23251
vt 0.20000 9.23251
vt 0.40000 9.23251
vt 0.60000 9.23251
vt 0.80000 9.23251
vt 1.00000 9.23251
vt 0.00000 10.19270
vt 0.20000 10.19270
vt 0.40000 10.19270
vt 0.60000 10.19270
vt 0.80000 10.19270
vt 1.00000 10.19270
vt 0.00000 10.93815
vt 0.20000 10.93815
vt 0.40000 10.93815
vt 0.60000 10.93815
vt 0.80000 10.93815
vt 1.00000 10.93815
vt 0.00000 11.64991
vt 0.20000 11.64991
vt 0.40000 11.64991
vt 0.60000 11.64991
vt 0.80000 11.64991
vt 1.00000 11.64991
vt 0.00000 12.46745
vt 0.20000 12.46745
vt 0.40000 12.46745
vt 0.60000 12.46745
vt 0.80000 12.46745
vt 1.00000 12.46745
vt 0.20000 13.27393
vt 0.60000 13.27393
vt 1.00000 13.27393
vt 0.00000 8.40778
vt 0.20000 8.40778
vt 0.40000 8.40778
vt 0.60000 8.40778
vt 0.80000 8.40778
vt 1.00000 8.40778
vt 0.00000 9.22531
vt 0.20000 9.22531
vt 0.40000 9.22531
vt 0.60000 9.22531
vt 0.80000 9.22531
vt 1.00000 9.22531
vt 0.00000 9.86667
vt 0.20000 9.86667
vt 0.40000 9.86667
vt 0.60000 9.86667
vt 0.80000 9.86667
vt 1.00000 9.86667
vt 0.00000 10.62405
vt 0.20000 10.62405
vt 0.40000 10.62405
vt 0.60000 10.62405
vt 0.80000 10.62405
vt 1.00000 10.62405
vt 0.00000 11.20704
vt 0.20000 11.20704
vt 0.40000 11.20704
vt 0.60000 11.20704
vt 0.80000 11.20704
vt 1.00000 11.20704
vt 0.00000 11.89149
vt 0.20000 11.89149
vt 0.40000 11.89149
vt 0.60000 11.89149
vt 0.80000 11.89149
vt 1.00000 11.89149
vt 0.20000 12.56357
vt 0.60000 12.56357
vt 1.00000 12.56357
vt 0.00000 8.53530
vt 0.20000 8.53530
vt 0.40000 8.53530
vt 0.60000 8.53530
vt 0.80000 8.53530
vt 1.00000 8.53530
vt 0.00000 9.40627
vt 0.20000 9.40627
vt 0.40000 9.40627
vt 0.60000 9.40627
vt 0.80000 9.40627
vt 1.00000 9.40627
vt 0.00000 10.07224
vt 0.20000 10.07224
vt 0.40000 10.07224
vt 0.60000 10.07224
vt 0.80000 10.07224
vt 1.00000 10.07224
vt 0.00000 10.70976
vt 0.20000 10.70976
vt 0.40000 10.70976
vt 0.60000 10.70976
vt 0.80000 10.70976
vt 1.00000 10.70976
vt 0.00000 11.32015
vt 0.20000 11.32015
vt 0.40000 11.32015
vt 0.60000 11.32015
vt 0.80000 11.32015
vt 1.00000 11.32015
vt 0.00000 12.02514
vt 0.20000 12.02514
vt 0.40000 12.02514
vt 0.60000 12.02514
vt 0.80000 12.02514
vt 1.00000 12.02514
vt 0.20000 12.72268
vt 0.60000 12.72268
vt 1.00000 12.72268
vt 0.00000 7.94222
vt 0.16667 7.94222
vt 0.33333 7.94222
vt 0.50000 7.94222
vt 0.66667 7.94222
vt 0.83333 7.94222
vt 1.00000 7.94222
vt 0.00000 8.64514
vt 0.16667 8.64514
vt 0.33333 8.64514
vt 0.50000 8.64514
vt 0.66667 8.64514
vt 0.83333 8.64514
vt 1.00000 8.64514
vt 0.00000 9.19501
vt 0.16667 9.19501
vt 0.33333 9.19501
vt 0.50000 9.19501
vt 0.66667 9.19501
vt 0.83333 9.19501
vt 1.00000 9.19501
vt 0.00000 9.84222
vt 0.16667 9.84222
vt 0.33333 9.84222
vt 0.50000 9.84222
vt 0.66667 9.84222
vt 0.83333 9.84222
vt 1.00000 9.84222
vt 0.00000 10.34956
vt 0.16667 10.34956
vt 0.33333 10.34956
vt 0.50000 10.34956
vt 0.66667 10.34956
vt 0.83333 10.34956
vt 1.00000 10.34956
vt 0.00000 10.94627
vt 0.16667 10.94627
vt 0.33333 10.94627
vt 0.50000 10.94627
vt 0.66667 10.94627
vt 0.83333 10.94627
vt 1.00000 10.94627
vt 0.00000 11.51709
vt 0.16667 11.51709
vt 0.33333 11.51709
vt 0.50000 11.51709
vt 0.66667 11.51709
vt 0.83333 11.51709
vt 1.00000 11.51709
vt 0.16667 12.08159
vt 0.50000 12.08159
vt 0.83333 12.08159
vt 0.00000 8.10656
vt 0.16667 8.10656
vt 0.33333 8.10656
vt 0.50000 8.10656
vt 0.66667 8.10656
vt 0.83333 8.10656
vt 1.00000 8.10656
vt 0.00000 8.85590
vt 0.16667 8.85590
vt 0.33333 8.85590
vt 0.50000 8.85590
vt 0.66667 8.85590
vt 0.83333 8.85590
vt 1.00000 8.85590
vt 0.00000 9.42944
vt 0.16667 9.42944
vt 0.33333 9.42944
vt 0.50000 9.42944
vt 0.66667 9.42944
vt 0.83333 9.42944
vt 1.00000 9.42944
vt 0.00000 9.98236
vt 0.16667 9.98236
vt 0.33333 9.98236
vt 0.50000 9.98236
vt 0.66667 9.98236
vt 0.83333 9.98236
vt 1.00000 9.98236
vt 0.00000 10.51396
vt 0.16667 10.51396
vt 0.33333 10.51396
vt 0.50000 10.51396
vt 0.66667 10.51396
vt 0.83333 10.51396
vt 1.00000 10.51396
vt 0.00000 11.02430
vt 0.16667 11.02430
vt 0.33333 11.02430
vt 0.50000 11.02430
vt 0.66667 11.02430
vt 0.83333 11.02430
vt 1.00000 11.02430
vt 0.00000 11.61441
vt 0.16667 11.61441
vt 0.33333 11.61441
vt 0.50000 11.61441
vt 0.66667 11.61441
vt 0.83333 11.61441
vt 1.00000 11.61441
vt 0.16667 12.20311
vt 0.50000 12.20311
vt 0.83333 12.20311
vt 0.00000 10.92569
vt 0.25000 10.92569
vt 0.50000 10.92569
vt 0.75000 10.92569
vt 1.00000 10.92569
vt 0.00000 11.97595
vt 0.25000 11.97595
vt 0.50000 11.97595
vt 0.75000 11.97595
vt 1.00000 11.97595
vt 0.00000 13.15230
vt 0.25000 13.15230
vt 0.50000 13.15230
vt 0.75000 13.15230
vt 1.00000 13.15230
vt 0.25000 14.30559
vt 0.75000 14.30559
vt 0.00000 9.55407
vt 0.25000 9.55407
vt 0.50000 9.55407
vt 0.75000 9.55407
vt 1.00000 9.55407
vt 0.00000 10.75871
vt 0.25000 10.75871
vt 0.50000 10.75871
vt 0.75000 10.75871
vt 1.00000 10.75871
vt 0.00000 11.65951
vt 0.25000 11.65951
vt 0.50000 11.65951
vt 0.75000 11.65951
vt 1.00000 11.65951
vt 0.00000 12.67128
vt 0.25000 12.67128
vt 0.50000 12.67128
vt 0.75000 12.67128
vt 1.00000 12.67128
vt 0.25000 13.66804
vt 0.75000 13.66804
vt 0.00000 10.76302
vt 0.33333 10.76302
vt 0.66667 10.76302
vt 1.00000 10.76302
vt 0.00000 11.89836
vt 0.33333 11.89836
vt 0.66667 11.89836
vt 1.00000 11.89836
vt 0.00000 13.15923
vt 0.33333 13.15923
vt 0.66667 13.15923
vt 1.00000 13.15923
vt 0.33333 14.38518
vt 1.00000 14.38518
vt 0.00000 10.52255
vt 0.33333 10.52255
vt 0.66667 10.52255
vt 1.00000 10.52255
vt 0.00000 11.89895
vt 0.33333 11.89895
vt 0.66667 11.89895
vt 1.00000 11.89895
vt 0.00000 13.16541
vt 0.33333 13.16541
vt 0.66667 13.16541
vt 1.00000 13.16541
vt 0.33333 14.39827
vt 1.00000 14.39827
vt 0.00000 10.35597
vt 0.33333 10.35597
vt 0.66667 10.35597
vt 1.00000 10.35597
vt 0.00000 11.65895
vt 0.33333 11.65895
vt 0.66667 11.65895
vt 1.00000 11.65895
vt 0.00000 12.80254
vt 0.33333 12.80254
vt 0.66667 12.80254
vt 1.00000 12.80254
vt 0.33333 13.91501
vt 1.00000 13.91501
vt 0.00000 12.82296
vt 0.33333 12.82296
vt 0.66667 12.82296
vt 1.00000 12.82296
vt 0.00000 14.09225
vt 0.33333 14.09225
vt 0.66667 14.09225
vt 1.00000 14.09225
vt 0.33333 15.30208
vt 1.00000 15.30208
vt 0.00000 11.96904
vt 0.33333 11.96904
vt 0.66667 11.96904
vt 1.00000 11.96904
vt 0.00000 13.76040
vt 0.33333 13.76040
vt 0.66667 13.76040
vt 1.00000 13.76040
vt 0.33333 15.48984
vt 1.00000 15.48984
vt 0.00000 14.21690
vt 0.33333 14.21690
vt 0.66667 14.21690
vt 1.00000 14.21690
vt 0.33333 16.38842
vt 1.00000 16.38842
vt 0.00000 11.33234
vt 0.33333 11.33234
vt 0.66667 11.33234
vt 1.00000 11.33234
vt 0.00000 13.52480
vt 0.33333 13.52480
vt 0.66667 13.52480
vt 1.00000 13.52480
vt 0.33333 15.16320
vt 1.00000 15.16320
vt 0.00000 14.16169
vt 0.33333 14.16169
vt 0.66667 14.16169
vt 1.00000 14.16169
vt 0.33333 16.10766
vt 1.00000 16.10766
vt 0.00000 11.90056
vt 0.33333 11.90056
vt 0.66667 11.90056
vt 1.00000 11.90056
vt 0.00000 13.57294
vt 0.33333 13.57294
vt 0.66667 13.57294
vt 1.00000 13.57294
vt 0.33333 15.17694
vt 1.00000 15.17694
vt 0.00000 14.07567
vt 0.33333 14.07567
vt 0.66667 14.07567
vt 1.00000 14.07567
vt 0.33333 16.61633
vt 1.00000 16.61633
vt 0.00000 15.19334
vt 0.33333 15.19334
vt 0.66667 15.19334
vt 1.00000 15.19334
vt 0.33333 17.18750
vt 1.00000 17.18750
vt 0.00000 11.27674
vt 0.00000 11.91842
vt 0.33333 12.10206
vt 0.33333 11.27674
vt 0.66667 11.27674
vt 0.66667 12.02858
vt 1.00000 11.91842
vt 1.00000 11.27674
vt 0.00000 12.56623
vt 0.33333 12.81645
vt 0.66667 12.71359
vt 1.00000 12.56623
vt 0.00000 13.88890
vt 0.33333 13.88890
vt 0.66667 13.88890
vt 1.00000 13.88890
vt 0.33333 16.01444
vt 1.00000 16.01444
vt 0.00000 10.61545
vt 0.00000 10.99685
vt 0.25000 11.16926
vt 0.25000 10.61545
vt 0.50000 10.61545
vt 0.50000 11.21361
vt 0.75000 11.13371
vt 0.75000 10.61545
vt 1.00000 10.61545
vt 1.00000 10.99685
vt 0.00000 11.42678
vt 0.25000 11.66150
vt 0.50000 11.72109
vt 0.75000 11.61092
vt 1.00000 11.42678
vt 0.00000 12.43934
vt 0.25000 12.43934
vt 0.50000 12.43934
vt 0.75000 12.43934
vt 1.00000 12.43934
vt 0.00000 14.04263
vt 0.25000 14.04263
vt 0.50000 14.04263
vt 0.75000 14.04263
vt 1.00000 14.04263
vt 0.25000 15.65289
vt 0.75000 15.65289
vt 0.00000 11.35727
vt 0.00000 11.97698
vt 0.33333 12.16664
vt 0.33333 11.35727
vt 0.66667 11.35727
vt 0.66667 12.09503
vt 1.00000 11.97698
vt 1.00000 11.35727
vt 0.00000 12.60637
vt 0.33333 12.86726
vt 0.66667 12.77084
vt 1.00000 12.60637
vt 0.00000 13.91565
vt 0.33333 13.91565
vt 0.66667 13.91565
vt 1.00000 13.91565
vt 0.33333 16.11482
vt 1.00000 16.11482
vt 0.00000 7.86317
vt 0.00000 8.18786
vt 0.25000 8.32559
vt 0.25000 7.86317
vt 0.50000 7.86317
vt 0.50000 8.35877
vt 0.75000 8.31527
vt 0.75000 7.86317
vt 1.00000 7.86317
vt 1.00000 8.18786
vt 0.00000 8.54327
vt 0.25000 8.73458
vt 0.50000 8.78220
vt 0.75000 8.71720
vt 1.00000 8.54327
vt 0.00000 9.36915
vt 0.25000 9.36915
vt 0.50000 9.36915
vt 0.75000 9.36915
vt 1.00000 9.36915
vt 0.00000 11.18563
vt 0.25000 11.18563
vt 0.50000 11.18563
vt 0.75000 11.18563
vt 1.00000 11.18563
vt 0.25000 13.00229
vt 0.75000 13.00229
vt 0.00000 10.45885
vt 0.00000 10.81025
vt 0.25000 10.93464
vt 0.25000 10.45885
vt 0.50000 10.45885
vt 0.50000 10.97718
vt 0.75000 10.92747
vt 0.75000 10.45885
vt 1.00000 10.45885
vt 1.00000 10.81025
vt 0.00000 11.18568
vt 0.25000 11.35695
vt 0.50000 11.41816
vt 0.75000 11.34567
vt 1.00000 11.18568
vt 0.00000 12.03268
vt 0.25000 12.03268
vt 0.50000 12.03268
vt 0.75000 12.03268
vt 1.00000 12.03268
vt 0.00000 13.62642
vt 0.25000 13.62642
vt 0.50000 13.62642
vt 0.75000 13.62642
vt 1.00000 13.62642
vt 0.25000 15.32571
vt 0.75000 15.32571
vt 0.00000 7.82851
vt 0.00000 8.06817
vt 0.16667 8.13134
vt 0.16667 7.82851
vt 0.33333 7.82851
vt 0.33333 8.25404
vt 0.50000 8.28483
vt 0.50000 7.82851
vt 0.66667 7.82851
vt 0.66667 8.25251
vt 0.83333 8.19520
vt 0.83333 7.82851
vt 1.00000 7.82851
vt 1.00000 8.06817
vt 0.00000 8.36511
vt 0.16667 8.45184
vt 0.33333 8.61923
vt 0.50000 8.65993
vt 0.66667 8.61739
vt 0.83333 8.53691
vt 1.00000 8.36511
vt 0.00000 9.14759
vt 0.16667 9.14759
vt 0.33333 9.14759
vt 0.50000 9.14759
vt 0.66667 9.14759
vt 0.83333 9.14759
vt 1.00000 9.14759
vt 0.00000 10.55053
vt 0.16667 10.55053
vt 0.33333 10.55053
vt 0.50000 10.55053
vt 0.66667 10.55053
vt 0.83333 10.55053
vt 1.00000 10.55053
vt 0.00000 12.08735
vt 0.16667 12.08735
vt 0.33333 12.08735
vt 0.50000 12.08735
vt 0.66667 12.08735
vt 0.83333 12.08735
vt 1.00000 12.08735
vt 0.16667 13.37629
vt 0.50000 13.37629
vt 0.83333 13.37629
vt 0.00000 5.58420
vt 0.00000 5.83707
vt 0.20000 5.97460
vt 0.20000 5.58420
vt 0.40000 5.58420
vt 0.40000 6.05191
vt 0.60000 6.05183
vt 0.60000 5.58420
vt 0.80000 5.58420
vt 0.80000 5.96705
vt 1.00000 5.83707
vt 1.00000 5.58420
vt 0.00000 6.15012
vt 0.20000 6.34254
vt 0.40000 6.44431
vt 0.60000 6.44098
vt 0.80000 6.32798
vt 1.00000 6.15012
vt 0.00000 6.97124
vt 0.20000 6.97124
vt 0.40000 6.97124
vt 0.60000 6.97124
vt 0.80000 6.97124
vt 1.00000 6.97124
vt 0.00000 8.23971
vt 0.20000 8.23971
vt 0.40000 8.23971
vt 0.60000 8.23971
vt 0.80000 8.23971
vt 1.00000 8.23971
vt 0.00000 9.64091
vt 0.20000 9.64091
vt 0.40000 9.64091
vt 0.60000 9.64091
vt 0.80000 9.64091
vt 1.00000 9.64091
vt 0.20000 11.02503
vt 0.60000 11.02503
vt 1.00000 11.02503
vt 0.00000 8.01714
vt 0.00000 8.26950
vt 0.20000 8.38666
vt 0.20000 8.01714
vt 0.40000 8.01714
vt 0.40000 8.46080
vt 0.60000 8.46684
vt 0.60000 8.01714
vt 0.80000 8.01714
vt 0.80000 8.38457
vt 1.00000 8.26950
vt 1.00000 8.01714
vt 0.00000 8.56461
vt 0.20000 8.73648
vt 0.40000 8.83373
vt 0.60000 8.83746
vt 0.80000 8.72867
vt 1.00000 8.56461
vt 0.00000 9.32635
vt 0.20000 9.32635
vt 0.40000 9.32635
vt 0.60000 9.32635
vt 0.80000 9.32635
vt 1.00000 9.32635
vt 0.00000 10.72109
vt 0.20000 10.72109
vt 0.40000 10.72109
vt 0.60000 10.72109
vt 0.80000 10.72109
vt 1.00000 10.72109
vt 0.00000 12.20635
vt 0.20000 12.20635
vt 0.40000 12.20635
vt 0.60000 12.20635
vt 0.80000 12.20635
vt 1.00000 12.20635
vt 0.20000 13.53187
vt 0.60000 13.53187
vt 1.00000 13.53187
vt 0.00000 7.28864
vt 0.00000 7.62578
vt 0.16667 7.63655
vt 0.16667 7.28864
vt 0.33333 7.28864
vt 0.33333 7.72659
vt 0.50000 7.73857
vt 0.50000 7.28864
vt 0.66667 7.28864
vt 0.66667 7.72890
vt 0.83333 7.66464
vt 0.83333 7.28864
vt 1.00000 7.28864
vt 1.00000 7.62578
vt 0.00000 7.95352
vt 0.16667 7.98470
vt 0.33333 8.10472
vt 0.50000 8.11933
vt 0.66667 8.10263
vt 0.83333 8.01661
vt 1.00000 7.95352
vt 0.00000 8.63951
vt 0.16667 8.63951
vt 0.33333 8.63951
vt 0.50000 8.63951
vt 0.66667 8.63951
vt 0.83333 8.63951
vt 1.00000 8.63951
vt 0.00000 10.07661
vt 0.16667 10.07661
vt 0.33333 10.07661
vt 0.50000 10.07661
vt 0.66667 10.07661
vt 0.83333 10.07661
vt 1.00000 10.07661
vt 0.00000 11.42091
vt 0.16667 11.42091
vt 0.33333 11.42091
vt 0.50000 11.42091
vt 0.66667 11.42091
vt 0.83333 11.42091
vt 1.00000 11.42091
vt 0.16667 12.75918
vt 0.50000 12.75918
vt 0.83333 12.75918
vt 0.00000 9.70253
vt 0.00000 10.01166
vt 0.25000 10.20593
vt 0.25000 9.70253
vt 0.50000 9.70253
vt 0.50000 10.22015
vt 0.75000 10.12711
vt 0.75000 9.70253
vt 1.00000 9.70253
vt 1.00000 10.01166
vt 0.00000 10.36461
vt 0.25000 10.63682
vt 0.50000 10.65300
vt 0.75000 10.52422
vt 1.00000 10.36461
vt 0.00000 11.24627
vt 0.25000 11.24627
vt 0.50000 11.24627
vt 0.75000 11.24627
vt 1.00000 11.24627
vt 0.00000 13.07203
vt 0.25000 13.07203
vt 0.50000 13.07203
vt 0.75000 13.07203
vt 1.00000 13.07203
vt 0.25000 14.88031
vt 0.75000 14.88031
vt 0.00000 8.20485
vt 0.00000 8.62419
vt 0.20000 8.72914
vt 0.20000 8.20485
vt 0.40000 8.20485
vt 0.40000 8.83136
vt 0.60000 8.82323
vt 0.60000 8.20485
vt 0.80000 8.20485
vt 0.80000 8.74894
vt 1.00000 8.62419
vt 1.00000 8.20485
vt 0.00000 9.08047
vt 0.20000 9.22590
vt 0.40000 9.36617
vt 0.60000 9.35468
vt 0.80000 9.25110
vt 1.00000 9.08047
vt 0.00000 10.13871
vt 0.20000 10.13871
vt 0.40000 10.13871
vt 0.60000 10.13871
vt 0.80000 10.13871
vt 1.00000 10.13871
vt 0.00000 11.72776
vt 0.20000 11.72776
vt 0.40000 11.72776
vt 0.60000 11.72776
vt 0.80000 11.72776
vt 1.00000 11.72776
vt 0.20000 13.33214
vt 0.60000 13.33214
vt 1.00000 13.33214
vt 0.00000 6.19522
vt 0.00000 6.41243
vt 0.20000 6.55263
vt 0.20000 6.19522
vt 0.40000 6.19522
vt 0.40000 6.63860
vt 0.60000 6.64005
vt 0.60000 6.19522
vt 0.80000 6.19522
vt 0.80000 6.56549
vt 1.00000 6.41243
vt 1.00000 6.19522
vt 0.00000 6.69995
vt 0.20000 6.89448
vt 0.40000 7.01026
vt 0.60000 7.00973
vt 0.80000 6.90929
vt 1.00000 6.69995
vt 0.00000 7.50436
vt 0.20000 7.50436
vt 0.40000 7.50436
vt 0.60000 7.50436
vt 0.80000 7.50436
vt 1.00000 7.50436
vt 0.00000 8.85120
vt 0.20000 8.85120
vt 0.40000 8.85120
vt 0.60000 8.85120
vt 0.80000 8.85120
vt 1.00000 8.85120
vt 0.00000 10.15112
vt 0.20000 10.15112
vt 0.40000 10.15112
vt 0.60000 10.15112
vt 0.80000 10.15112
vt 1.00000 10.15112
vt 0.20000 11.47724
vt 0.60000 11.47724
vt 1.00000 11.47724
vt 0.00000 10.77818
vt 0.00000 11.21861
vt 0.25000 11.32629
vt 0.25000 10.77818
vt 0.50000 10.77818
vt 0.50000 11.34905
vt 0.75000 11.28365
vt 0.75000 10.77818
vt 1.00000 10.77818
vt 1.00000 11.21861
vt 0.00000 11.66355
vt 0.25000 11.81359
vt 0.50000 11.84001
vt 0.75000 11.74638
vt 1.00000 11.66355
vt 0.00000 12.57004
vt 0.25000 12.57004
vt 0.50000 12.57004
vt 0.75000 12.57004
vt 1.00000 12.57004
vt 0.00000 14.05454
vt 0.25000 14.05454
vt 0.50000 14.05454
vt 0.75000 14.05454
vt 1.00000 14.05454
vt 0.25000 15.54962
vt 0.75000 15.54962
vt 0.00000 7.34527
vt 0.00000 7.71912
vt 0.16667 7.69640
vt 0.16667 7.34527
vt 0.33333 7.34527
vt 0.33333 7.80905
vt 0.50000 7.82686
vt 0.50000 7.34527
vt 0.66667 7.34527
vt 0.66667 7.81356
vt 0.83333 7.77300
vt 0.83333 7.34527
vt 1.00000 7.34527
vt 1.00000 7.71912
vt 0.00000 8.07916
vt 0.16667 8.06187
vt 0.33333 8.21084
vt 0.50000 8.23613
vt 0.66667 8.21601
vt 0.83333 8.15516
vt 1.00000 8.07916
vt 0.00000 8.79704
vt 0.16667 8.79704
vt 0.33333 8.79704
vt 0.50000 8.79704
vt 0.66667 8.79704
vt 0.83333 8.79704
vt 1.00000 8.79704
vt 0.00000 10.29705
vt 0.16667 10.29705
vt 0.33333 10.29705
vt 0.50000 10.29705
vt 0.66667 10.29705
vt 0.83333 10.29705
vt 1.00000 10.29705
vt 0.00000 11.66455
vt 0.16667 11.66455
vt 0.33333 11.66455
vt 0.50000 11.66455
vt 0.66667 11.66455
vt 0.83333 11.66455
vt 1.00000 11.66455
vt 0.16667 13.04027
vt 0.50000 13.04027
vt 0.83333 13.04027
vt 0.00000 11.38797
vt 0.00000 12.01703
vt 0.33333 12.15236
vt 0.33333 11.38797
vt 0.66667 11.38797
vt 0.66667 12.09961
vt 1.00000 12.01703
vt 1.00000 11.38797
vt 0.00000 12.62764
vt 0.33333 12.81476
vt 0.66667 12.74806
vt 1.00000 12.62764
vt 0.00000 13.83794
vt 0.33333 13.83794
vt 0.66667 13.83794
vt 1.00000 13.83794
vt 0.33333 15.80805
vt 1.00000 15.80805
vt 0.00000 9.57742
vt 0.00000 9.97204
vt 0.25000 10.11121
vt 0.25000 9.57742
vt 0.50000 9.57742
vt 0.50000 10.14006
vt 0.75000 10.06414
vt 0.75000 9.57742
vt 1.00000 9.57742
vt 1.00000 9.97204
vt 0.00000 10.38650
vt 0.25000 10.57988
vt 0.50000 10.61862
vt 0.75000 10.51315
vt 1.00000 10.38650
vt 0.00000 11.30328
vt 0.25000 11.30328
vt 0.50000 11.30328
vt 0.75000 11.30328
vt 1.00000 11.30328
vt 0.00000 13.11075
vt 0.25000 13.11075
vt 0.50000 13.11075
vt 0.75000 13.11075
vt 1.00000 13.11075
vt 0.25000 14.94828
vt 0.75000 14.94828
vt 0.00000 9.61787
vt 0.00000 9.97053
vt 0.25000 10.14534
vt 0.25000 9.61787
vt 0.50000 9.61787
vt 0.50000 10.18481
vt 0.75000 10.10638
vt 0.75000 9.61787
vt 1.00000 9.61787
vt 1.00000 9.97053
vt 0.00000 10.37240
vt 0.25000 10.61304
vt 0.50000 10.66531
vt 0.75000 10.55660
vt 1.00000 10.37240
vt 0.00000 11.33851
vt 0.25000 11.33851
vt 0.50000 11.33851
vt 0.75000 11.33851
vt 1.00000 11.33851
vt 0.00000 13.06550
vt 0.25000 13.06550
vt 0.50000 13.06550
vt 0.75000 13.06550
vt 1.00000 13.06550
vt 0.25000 14.82455
vt 0.75000 14.82455
vt 0.00000 7.20772
vt 0.00000 7.57649
vt 0.16667 7.60010
vt 0.16667 7.20772
vt 0.33333 7.20772
vt 0.33333 7.68681
vt 0.50000 7.70732
vt 0.50000 7.20772
vt 0.66667 7.20772
vt 0.66667 7.67334
vt 0.83333 7.63166
vt 0.83333 7.20772
vt 1.00000 7.20772
vt 1.00000 7.57649
vt 0.00000 7.94396
vt 0.16667 7.98698
vt 0.33333 8.10147
vt 0.50000 8.12623
vt 0.66667 8.08125
vt 0.83333 8.01809
vt 1.00000 7.94396
vt 0.00000 8.69924
vt 0.16667 8.69924
vt 0.33333 8.69924
vt 0.50000 8.69924
vt 0.66667 8.69924
vt 0.83333 8.69924
vt 1.00000 8.69924
vt 0.00000 10.24376
vt 0.16667 10.24376
vt 0.33333 10.24376
vt 0.50000 10.24376
vt 0.66667 10.24376
vt 0.83333 10.24376
vt 1.00000 10.24376
vt 0.00000 11.50659
vt 0.16667 11.50659
vt 0.33333 11.50659
vt 0.50000 11.50659
vt 0.66667 11.50659
vt 0.83333 11.50659
vt 1.00000 11.50659
vt 0.16667 12.77581
vt 0.50000 12.77581
vt 0.83333 12.77581
vt 0.00000 9.16769
vt 0.00000 9.58609
vt 0.25000 9.62314
vt 0.25000 9.16769
vt 0.50000 9.16769
vt 0.50000 9.68577
vt 0.75000 9.61727
vt 0.75000 9.16769
vt 1.00000 9.16769
vt 1.00000 9.58609
vt 0.00000 9.96922
vt 0.25000 10.03854
vt 0.50000 10.12033
vt 0.75000 10.02698
vt 1.00000 9.96922
vt 0.00000 10.70588
vt 0.25000 10.70588
vt 0.50000 10.70588
vt 0.75000 10.70588
vt 1.00000 10.70588
vt 0.00000 12.48834
vt 0.25000 12.48834
vt 0.50000 12.48834
vt 0.75000 12.48834
vt 1.00000 12.48834
vt 0.25000 14.26802
vt 0.75000 14.26802
vt 0.00000 7.00119
vt 0.00000 7.33356
vt 0.16667 7.38948
vt 0.16667 7.00119
vt 0.33333 7.00119
vt 0.33333 7.50641
vt 0.50000 7.52680
vt 0.50000 7.00119
vt 0.66667 7.00119
vt 0.66667 7.49794
vt 0.83333 7.43198
vt 0.83333 7.00119
vt 1.00000 7.00119
vt 1.00000 7.33356
vt 0.00000 7.69517
vt 0.16667 7.77886
vt 0.33333 7.93761
vt 0.50000 7.96575
vt 0.66667 7.92502
vt 0.83333 7.83352
vt 1.00000 7.69517
vt 0.00000 8.55847
vt 0.16667 8.55847
vt 0.33333 8.55847
vt 0.50000 8.55847
vt 0.66667 8.55847
vt 0.83333 8.55847
vt 1.00000 8.55847
vt 0.00000 9.98515
vt 0.16667 9.98515
vt 0.33333 9.98515
vt 0.50000 9.98515
vt 0.66667 9.98515
vt 0.83333 9.98515
vt 1.00000 9.98515
vt 0.00000 11.37150
vt 0.16667 11.37150
vt 0.33333 11.37150
vt 0.50000 11.37150
vt 0.66667 11.37150
vt 0.83333 11.37150
vt 1.00000 11.37150
vt 0.16667 12.72835
vt 0.50000 12.72835
vt 0.83333 12.72835
vt 0.00000 7.83628
vt 0.00000 8.04567
vt 0.20000 8.21330
vt 0.20000 7.83628
vt 0.40000 7.83628
vt 0.40000 8.29135
vt 0.60000 8.28650
vt 0.60000 7.83628
vt 0.80000 7.83628
vt 0.80000 8.19868
vt 1.00000 8.04567
vt 1.00000 7.83628
vt 0.00000 8.33777
vt 0.20000 8.56761
vt 0.40000 8.66964
vt 0.60000 8.66048
vt 0.80000 8.54336
vt 1.00000 8.33777
vt 0.00000 9.16727
vt 0.20000 9.16727
vt 0.40000 9.16727
vt 0.60000 9.16727
vt 0.80000 9.16727
vt 1.00000 9.16727
vt 0.00000 10.53771
vt 0.20000 10.53771
vt 0.40000 10.53771
vt 0.60000 10.53771
vt 0.80000 10.53771
vt 1.00000 10.53771
vt 0.00000 11.92339
vt 0.20000 11.92339
vt 0.40000 11.92339
vt 0.60000 11.92339
vt 0.80000 11.92339
vt 1.00000 11.92339
vt 0.20000 13.32741
vt 0.60000 13.32741
vt 1.00000 13.32741
vt 0.00000 10.61543
vt 0.00000 11.01048
vt 0.25000 11.16154
vt 0.25000 10.61543
vt 0.50000 10.61543
vt 0.50000 11.19945
vt 0.75000 11.12080
vt 0.75000 10.61543
vt 1.00000 10.61543
vt 1.00000 11.01048
vt 0.00000 11.44042
vt 0.25000 11.64753
vt 0.50000 11.69816
vt 0.75000 11.58974
vt 1.00000 11.44042
vt 0.00000 12.41504
vt 0.25000 12.41504
vt 0.50000 12.41504
vt 0.75000 12.41504
vt 1.00000 12.41504
vt 0.00000 13.85058
vt 0.25000 13.85058
vt 0.50000 13.85058
vt 0.75000 13.85058
vt 1.00000 13.85058
vt 0.25000 15.28627
vt 0.75000 15.28627
vt 0.00000 8.63525
vt 0.00000 9.09369
vt 0.20000 9.16728
vt 0.20000 8.63525
vt 0.40000 8.63525
vt 0.40000 9.27066
vt 0.60000 9.26422
vt 0.60000 8.63525
vt 0.80000 8.63525
vt 0.80000 9.20463
vt 1.00000 9.09369
vt 1.00000 8.63525
vt 0.00000 9.57283
vt 0.20000 9.67513
vt 0.40000 9.81739
vt 0.60000 9.80877
vt 0.80000 9.72296
vt 1.00000 9.57283
vt 0.00000 10.61403
vt 0.20000 10.61403
vt 0.40000 10.61403
vt 0.60000 10.61403
vt 0.80000 10.61403
vt 1.00000 10.61403
vt 0.00000 12.25808
vt 0.20000 12.25808
vt 0.40000 12.25808
vt 0.60000 12.25808
vt 0.80000 12.25808
vt 1.00000 12.25808
vt 0.20000 13.90071
vt 0.60000 13.90071
vt 1.00000 13.90071
vt 0.00000 8.77020
vt 0.00000 9.19828
vt 0.20000 9.29061
vt 0.20000 8.77020
vt 0.40000 8.77020
vt 0.40000 9.39898
vt 0.60000 9.38343
vt 0.60000 8.77020
vt 0.80000 8.77020
vt 0.80000 9.32699
vt 1.00000 9.19828
vt 1.00000 8.77020
vt 0.00000 9.65952
vt 0.20000 9.78603
vt 0.40000 9.93690
vt 0.60000 9.91770
vt 0.80000 9.83047
vt 1.00000 9.65952
vt 0.00000 10.70603
vt 0.20000 10.70603
vt 0.40000 10.70603
vt 0.60000 10.70603
vt 0.80000 10.70603
vt 1.00000 10.70603
vt 0.00000 12.28093
vt 0.20000 12.28093
vt 0.40000 12.28093
vt 0.60000 12.28093
vt 0.80000 12.28093
vt 1.00000 12.28093
vt 0.20000 13.84123
vt 0.60000 13.84123
vt 1.00000 13.84123
vt 0.00000 6.82994
vt 0.00000 7.16825
vt 0.16667 7.20078
vt 0.16667 6.82994
vt 0.33333 6.82994
vt 0.33333 7.29824
vt 0.50000 7.32121
vt 0.50000 6.82994
vt 0.66667 6.82994
vt 0.66667 7.27722
vt 0.83333 7.25315
vt 0.83333 6.82994
vt 1.00000 6.82994
vt 1.00000 7.16825
vt 0.00000 7.52190
vt 0.16667 7.57224
vt 0.33333 7.70150
vt 0.50000 7.73039
vt 0.66667 7.67309
vt 0.83333 7.63151
vt 1.00000 7.52190
vt 0.00000 8.29097
vt 0.16667 8.29097
vt 0.33333 8.29097
vt 0.50000 8.29097
vt 0.66667 8.29097
vt 0.83333 8.29097
vt 1.00000 8.29097
vt 0.00000 9.81525
vt 0.16667 9.81525
vt 0.33333 9.81525
vt 0.50000 9.81525
vt 0.66667 9.81525
vt 0.83333 9.81525
vt 1.00000 9.81525
vt 0.00000 11.04885
vt 0.16667 11.04885
vt 0.33333 11.04885
vt 0.50000 11.04885
vt 0.66667 11.04885
vt 0.83333 11.04885
vt 1.00000 11.04885
vt 0.16667 12.29939
vt 0.50000 12.29939
vt 0.83333 12.29939
vt 0.00000 10.49162
vt 0.00000 10.92607
vt 0.25000 11.03903
vt 0.25000 10.49162
vt 0.50000 10.49162
vt 0.50000 11.05857
vt 0.75000 10.98980
vt 0.75000 10.49162
vt 1.00000 10.49162
vt 1.00000 10.92607
vt 0.00000 11.36299
vt 0.25000 11.52231
vt 0.50000 11.54860
vt 0.75000 11.45231
vt 1.00000 11.36299
vt 0.00000 12.27378
vt 0.25000 12.27378
vt 0.50000 12.27378
vt 0.75000 12.27378
vt 1.00000 12.27378
vt 0.00000 13.79458
vt 0.25000 13.79458
vt 0.50000 13.79458
vt 0.75000 13.79458
vt 1.00000 13.79458
vt 0.25000 15.32575
vt 0.75000 15.32575
vt 0.00000 8.49706
vt 0.00000 8.99293
vt 0.20000 9.05797
vt 0.20000 8.49706
vt 0.40000 8.49706
vt 0.40000 9.13909
vt 0.60000 9.11609
vt 0.60000 8.49706
vt 0.80000 8.49706
vt 0.80000 9.06346
vt 1.00000 8.99293
vt 1.00000 8.49706
vt 0.00000 9.49012
vt 0.20000 9.58437
vt 0.40000 9.68912
vt 0.60000 9.65778
vt 0.80000 9.58091
vt 1.00000 9.49012
vt 0.00000 10.49437
vt 0.20000 10.49437
vt 0.40000 10.49437
vt 0.60000 10.49437
vt 0.80000 10.49437
vt 1.00000 10.49437
vt 0.00000 12.22100
vt 0.20000 12.22100
vt 0.40000 12.22100
vt 0.60000 12.22100
vt 0.80000 12.22100
vt 1.00000 12.22100
vt 0.20000 13.96608
vt 0.60000 13.96608
vt 1.00000 13.96608
vt 0.00000 8.65544
vt 0.00000 9.03936
vt 0.20000 9.11846
vt 0.20000 8.65544
vt 0.40000 8.65544
vt 0.40000 9.18843
vt 0.60000 9.17844
vt 0.60000 8.65544
vt 0.80000 8.65544
vt 0.80000 9.11282
vt 1.00000 9.03936
vt 1.00000 8.65544
vt 0.00000 9.43591
vt 0.20000 9.55203
vt 0.40000 9.64372
vt 0.60000 9.62821
vt 0.80000 9.53561
vt 1.00000 9.43591
vt 0.00000 10.29145
vt 0.20000 10.29145
vt 0.40000 10.29145
vt 0.60000 10.29145
vt 0.80000 10.29145
vt 1.00000 10.29145
vt 0.00000 12.18885
vt 0.20000 12.18885
vt 0.40000 12.18885
vt 0.60000 12.18885
vt 0.80000 12.18885
vt 1.00000 12.18885
vt 0.20000 14.07477
vt 0.60000 14.07477
vt 1.00000 14.07477
vt 0.00000 10.10289
vt 0.00000 10.48998
vt 0.25000 10.63520
vt 0.25000 10.10289
vt 0.50000 10.10289
vt 0.50000 10.67950
vt 0.75000 10.62065
vt 0.75000 10.10289
vt 1.00000 10.10289
vt 1.00000 10.48998
vt 0.00000 10.90969
vt 0.25000 11.10955
vt 0.50000 11.17303
vt 0.75000 11.08715
vt 1.00000 10.90969
vt 0.00000 11.87422
vt 0.25000 11.87422
vt 0.50000 11.87422
vt 0.75000 11.87422
vt 1.00000 11.87422
vt 0.00000 13.41685
vt 0.25000 13.41685
vt 0.50000 13.41685
vt 0.75000 13.41685
vt 1.00000 13.41685
vt 0.25000 14.93466
vt 0.75000 14.93466
vt 0.00000 8.37143
vt 0.00000 8.80096
vt 0.20000 8.91718
vt 0.20000 8.37143
vt 0.40000 8.37143
vt 0.40000 9.02612
vt 0.60000 9.01414
vt 0.60000 8.37143
vt 0.80000 8.37143
vt 0.80000 8.93496
vt 1.00000 8.80096
vt 1.00000 8.37143
vt 0.00000 9.27324
vt 0.20000 9.43379
vt 0.40000 9.58308
vt 0.60000 9.56701
vt 0.80000 9.45630
vt 1.00000 9.27324
vt 0.00000 10.38161
vt 0.20000 10.38161
vt 0.40000 10.38161
vt 0.60000 10.38161
vt 0.80000 10.38161
vt 1.00000 10.38161
vt 0.00000 12.03705
vt 0.20000 12.03705
vt 0.40000 12.03705
vt 0.60000 12.03705
vt 0.80000 12.03705
vt 1.00000 12.03705
vt 0.20000 13.71046
vt 0.60000 13.71046
vt 1.00000 13.71046
vt 0.00000 7.32416
vt 0.00000 7.58014
vt 0.16667 7.76698
vt 0.16667 7.32416
vt 0.33333 7.32416
vt 0.33333 7.83977
vt 0.50000 7.83979
vt 0.50000 7.32416
vt 0.66667 7.32416
vt 0.66667 7.82022
vt 0.83333 7.71851
vt 0.83333 7.32416
vt 1.00000 7.32416
vt 1.00000 7.58014
vt 0.00000 7.91730
vt 0.16667 8.17938
vt 0.33333 8.27716
vt 0.50000 8.27652
vt 0.66667 8.24503
vt 0.83333 8.10884
vt 1.00000 7.91730
vt 0.00000 8.87937
vt 0.16667 8.87937
vt 0.33333 8.87937
vt 0.50000 8.87937
vt 0.66667 8.87937
vt 0.83333 8.87937
vt 1.00000 8.87937
vt 0.00000 10.29853
vt 0.16667 10.29853
vt 0.33333 10.29853
vt 0.50000 10.29853
vt 0.66667 10.29853
vt 0.83333 10.29853
vt 1.00000 10.29853
vt 0.00000 11.67199
vt 0.16667 11.67199
vt 0.33333 11.67199
vt 0.50000 11.67199
vt 0.66667 11.67199
vt 0.83333 11.67199
vt 1.00000 11.67199
vt 0.16667 13.03186
vt 0.50000 13.03186
vt 0.83333 13.03186
vt 0.00000 5.00562
vt 0.00000 5.24841
vt 0.16667 5.32545
vt 0.16667 5.00562
vt 0.33333 5.00562
vt 0.33333 5.43908
vt 0.50000 5.46027
vt 0.50000 5.00562
vt 0.66667 5.00562
vt 0.66667 5.45306
vt 0.83333 5.37942
vt 0.83333 5.00562
vt 1.00000 5.00562
vt 1.00000 5.24841
vt 0.00000 5.55300
vt 0.16667 5.65742
vt 0.33333 5.81561
vt 0.50000 5.84288
vt 0.66667 5.82935
vt 0.83333 5.73190
vt 1.00000 5.55300
vt 0.00000 6.35238
vt 0.16667 6.35238
vt 0.33333 6.35238
vt 0.50000 6.35238
vt 0.66667 6.35238
vt 0.83333 6.35238
vt 1.00000 6.35238
vt 0.00000 7.77689
vt 0.16667 7.77689
vt 0.33333 7.77689
vt 0.50000 7.77689
vt 0.66667 7.77689
vt 0.83333 7.77689
vt 1.00000 7.77689
vt 0.00000 9.09561
vt 0.16667 9.09561
vt 0.33333 9.09561
vt 0.50000 9.09561
vt 0.66667 9.09561
vt 0.83333 9.09561
vt 1.00000 9.09561
vt 0.16667 10.41702
vt 0.50000 10.41702
vt 0.83333 10.41702
vt 0.00000 8.37628
vt 0.00000 8.80825
vt 0.20000 8.89153
vt 0.20000 8.37628
vt 0.40000 8.37628
vt 0.40000 8.99144
vt 0.60000 8.99359
vt 0.60000 8.37628
vt 0.80000 8.37628
vt 0.80000 8.92393
vt 1.00000 8.80825
vt 1.00000 8.37628
vt 0.00000 9.26392
vt 0.20000 9.37968
vt 0.40000 9.52166
vt 0.60000 9.52420
vt 0.80000 9.42580
vt 1.00000 9.26392
vt 0.00000 10.28980
vt 0.20000 10.28980
vt 0.40000 10.28980
vt 0.60000 10.28980
vt 0.80000 10.28980
vt 1.00000 10.28980
vt 0.00000 11.94287
vt 0.20000 11.94287
vt 0.40000 11.94287
vt 0.60000 11.94287
vt 0.80000 11.94287
vt 1.00000 11.94287
vt 0.20000 13.56449
vt 0.60000 13.56449
vt 1.00000 13.56449
vt 0.00000 12.57587
vt 0.00000 13.04976
vt 0.33333 13.22931
vt 0.33333 12.57587
vt 0.66667 12.57587
vt 0.66667 13.17328
vt 1.00000 13.04976
vt 1.00000 12.57587
vt 0.00000 13.54624
vt 0.33333 13.79297
vt 0.66667 13.71614
vt 1.00000 13.54624
vt 0.00000 14.62754
vt 0.33333 14.62754
vt 0.66667 14.62754
vt 1.00000 14.62754
vt 0.33333 16.80175
vt 1.00000 16.80175
vt 0.00000 9.66907
vt 0.00000 10.02321
vt 0.25000 10.15824
vt 0.25000 9.66907
vt 0.50000 9.66907
vt 0.50000 10.19032
vt 0.75000 10.09670
vt 0.75000 9.66907
vt 1.00000 9.66907
vt 1.00000 10.02321
vt 0.00000 10.39653
vt 0.25000 10.58759
vt 0.50000 10.62555
vt 0.75000 10.49758
vt 1.00000 10.39653
vt 0.00000 11.21996
vt 0.25000 11.21996
vt 0.50000 11.21996
vt 0.75000 11.21996
vt 1.00000 11.21996
vt 0.00000 13.02107
vt 0.25000 13.02107
vt 0.50000 13.02107
vt 0.75000 13.02107
vt 1.00000 13.02107
vt 0.25000 14.84290
vt 0.75000 14.84290
vt 0.00000 12.45324
vt 0.00000 12.98092
vt 0.33333 13.10637
vt 0.33333 12.45324
vt 0.66667 12.45324
vt 0.66667 13.03714
vt 1.00000 12.98092
vt 1.00000 12.45324
vt 0.00000 13.50005
vt 0.33333 13.67207
vt 0.66667 13.57419
vt 1.00000 13.50005
vt 0.00000 14.51565
vt 0.33333 14.51565
vt 0.66667 14.51565
vt 1.00000 14.51565
vt 0.33333 16.68308
vt 1.00000 16.68308
vt 0.00000 12.56170
vt 0.00000 13.04750
vt 0.33333 13.20380
vt 0.33333 12.56170
vt 0.66667 12.56170
vt 0.66667 13.13898
vt 1.00000 13.04750
vt 1.00000 12.56170
vt 0.00000 13.54138
vt 0.33333 13.75665
vt 0.66667 13.66754
vt 1.00000 13.54138
vt 0.00000 14.57241
vt 0.33333 14.57241
vt 0.66667 14.57241
vt 1.00000 14.57241
vt 0.33333 16.74450
vt 1.00000 16.74450
vt 0.00000 12.26053
vt 0.00000 12.73068
vt 0.33333 12.89751
vt 0.33333 12.26053
vt 0.66667 12.26053
vt 0.66667 12.84600
vt 1.00000 12.73068
vt 1.00000 12.26053
vt 0.00000 13.21706
vt 0.33333 13.44668
vt 0.66667 13.37576
vt 1.00000 13.21706
vt 0.00000 14.26192
vt 0.33333 14.26192
vt 0.66667 14.26192
vt 1.00000 14.26192
vt 0.33333 16.34003
vt 1.00000 16.34003
vt 0.00000 5.66753
vt 0.00000 5.91250
vt 0.20000 6.05403
vt 0.20000 5.66753
vt 0.40000 5.66753
vt 0.40000 6.12442
vt 0.60000 6.09576
vt 0.60000 5.66753
vt 0.80000 5.66753
vt 0.80000 6.01269
vt 1.00000 5.91250
vt 1.00000 5.66753
vt 0.00000 6.20876
vt 0.20000 6.40845
vt 0.40000 6.49847
vt 0.60000 6.46063
vt 0.80000 6.34454
vt 1.00000 6.20876
vt 0.00000 6.97738
vt 0.20000 6.97738
vt 0.40000 6.97738
vt 0.60000 6.97738
vt 0.80000 6.97738
vt 1.00000 6.97738
vt 0.00000 8.32886
vt 0.20000 8.32886
vt 0.40000 8.32886
vt 0.60000 8.32886
vt 0.80000 8.32886
vt 1.00000 8.32886
vt 0.00000 9.60435
vt 0.20000 9.60435
vt 0.40000 9.60435
vt 0.60000 9.60435
vt 0.80000 9.60435
vt 1.00000 9.60435
vt 0.20000 10.89758
vt 0.60000 10.89758
vt 1.00000 10.89758
vt 0.00000 11.14153
vt 0.00000 11.71127
vt 0.33333 11.89699
vt 0.33333 11.14153
vt 0.66667 11.14153
vt 0.66667 11.83244
vt 1.00000 11.71127
vt 1.00000 11.14153
vt 0.00000 12.29521
vt 0.33333 12.55204
vt 0.66667 12.46103
vt 1.00000 12.29521
vt 0.00000 13.52423
vt 0.33333 13.52423
vt 0.66667 13.52423
vt 1.00000 13.52423
vt 0.33333 15.92193
vt 1.00000 15.92193
vt 0.00000 9.97611
vt 0.00000 10.30868
vt 0.25000 10.49327
vt 0.25000 9.97611
vt 0.50000 9.97611
vt 0.50000 10.53696
vt 0.75000 10.45123
vt 0.75000 9.97611
vt 1.00000 9.97611
vt 1.00000 10.30868
vt 0.00000 10.70127
vt 0.25000 10.95066
vt 0.50000 11.00875
vt 0.75000 10.89278
vt 1.00000 10.70127
vt 0.00000 11.65923
vt 0.25000 11.65923
vt 0.50000 11.65923
vt 0.75000 11.65923
vt 1.00000 11.65923
vt 0.00000 13.20673
vt 0.25000 13.20673
vt 0.50000 13.20673
vt 0.75000 13.20673
vt 1.00000 13.20673
vt 0.25000 14.79825
vt 0.75000 14.79825
vt 0.00000 11.17992
vt 0.00000 11.81367
vt 0.33333 11.95223
vt 0.33333 11.17992
vt 0.66667 11.17992
vt 0.66667 11.89822
vt 1.00000 11.81367
vt 1.00000 11.17992
vt 0.00000 12.43222
vt 0.33333 12.62279
vt 0.66667 12.55039
vt 1.00000 12.43222
vt 0.00000 13.65101
vt 0.33333 13.65101
vt 0.66667 13.65101
vt 1.00000 13.65101
vt 0.33333 15.69254
vt 1.00000 15.69254
vt 0.00000 11.69147
vt 0.00000 12.19114
vt 0.33333 12.33493
vt 0.33333 11.69147
vt 0.66667 11.69147
vt 0.66667 12.29896
vt 1.00000 12.19114
vt 1.00000 11.69147
vt 0.00000 12.69176
vt 0.33333 12.89017
vt 0.66667 12.84495
vt 1.00000 12.69176
vt 0.00000 13.73524
vt 0.33333 13.73524
vt 0.66667 13.73524
vt 1.00000 13.73524
vt 0.33333 16.07511
vt 1.00000 16.07511
vt 0.00000 6.57978
vt 0.00000 6.81949
vt 0.25000 7.05909
vt 0.25000 6.57978
vt 0.50000 6.57978
vt 0.50000 7.10665
vt 0.75000 7.01944
vt 0.75000 6.57978
vt 1.00000 6.57978
vt 1.00000 6.81949
vt 0.00000 7.15464
vt 0.25000 7.47897
vt 0.50000 7.54400
vt 0.75000 7.42584
vt 1.00000 7.15464
vt 0.00000 8.12282
vt 0.25000 8.12282
vt 0.50000 8.12282
vt 0.75000 8.12282
vt 1.00000 8.12282
vt 0.00000 9.96767
vt 0.25000 9.96767
vt 0.50000 9.96767
vt 0.75000 9.96767
vt 1.00000 9.96767
vt 0.25000 11.83056
vt 0.75000 11.83056
vt 0.00000 12.48927
vt 0.00000 12.99421
vt 0.33333 13.13384
vt 0.33333 12.48927
vt 0.66667 12.48927
vt 0.66667 13.07891
vt 1.00000 12.99421
vt 1.00000 12.48927
vt 0.00000 13.50113
vt 0.33333 13.69480
vt 0.66667 13.61424
vt 1.00000 13.50113
vt 0.00000 14.53115
vt 0.33333 14.53115
vt 0.66667 14.53115
vt 1.00000 14.53115
vt 0.33333 16.70545
vt 1.00000 16.70545
vt 0.00000 11.24021
vt 0.00000 11.78667
vt 0.33333 11.95749
vt 0.33333 11.24021
vt 0.66667 11.24021
vt 0.66667 11.89221
vt 1.00000 11.78667
vt 1.00000 11.24021
vt 0.00000 12.34125
vt 0.33333 12.57679
vt 0.66667 12.48177
vt 1.00000 12.34125
vt 0.00000 13.48805
vt 0.33333 13.48805
vt 0.66667 13.48805
vt 1.00000 13.48805
vt 0.33333 15.69640
vt 1.00000 15.69640
vt 0.00000 5.92994
vt 0.00000 6.17069
vt 0.25000 6.41112
vt 0.25000 5.92994
vt 0.50000 5.92994
vt 0.50000 6.45827
vt 0.75000 6.36775
vt 0.75000 5.92994
vt 1.00000 5.92994
vt 1.00000 6.17069
vt 0.00000 6.50480
vt 0.25000 6.83624
vt 0.50000 6.89649
vt 0.75000 6.77266
vt 1.00000 6.50480
vt 0.00000 7.47317
vt 0.25000 7.47317
vt 0.50000 7.47317
vt 0.75000 7.47317
vt 1.00000 7.47317
vt 0.00000 9.09419
vt 0.25000 9.09419
vt 0.50000 9.09419
vt 0.75000 9.09419
vt 1.00000 9.09419
vt 0.25000 10.71631
vt 0.75000 10.71631
vt 0.00000 8.43516
vt 0.00000 8.65681
vt 0.20000 8.81984
vt 0.20000 8.43516
vt 0.40000 8.43516
vt 0.40000 8.88720
vt 0.60000 8.87130
vt 0.60000 8.43516
vt 0.80000 8.43516
vt 0.80000 8.77672
vt 1.00000 8.65681
vt 1.00000 8.43516
vt 0.00000 8.94075
vt 0.20000 9.17229
vt 0.40000 9.25937
vt 0.60000 9.23653
vt 0.80000 9.10795
vt 1.00000 8.94075
vt 0.00000 9.73821
vt 0.20000 9.73821
vt 0.40000 9.73821
vt 0.60000 9.73821
vt 0.80000 9.73821
vt 1.00000 9.73821
vt 0.00000 11.08349
vt 0.20000 11.08349
vt 0.40000 11.08349
vt 0.60000 11.08349
vt 0.80000 11.08349
vt 1.00000 11.08349
vt 0.00000 12.35966
vt 0.20000 12.35966
vt 0.40000 12.35966
vt 0.60000 12.35966
vt 0.80000 12.35966
vt 1.00000 12.35966
vt 0.20000 13.65338
vt 0.60000 13.65338
vt 1.00000 13.65338
vt 0.00000 11.93220
vt 0.00000 12.51870
vt 0.33333 12.70042
vt 0.33333 11.93220
vt 0.66667 11.93220
vt 0.66667 12.64261
vt 1.00000 12.51870
vt 1.00000 11.93220
vt 0.00000 13.11657
vt 0.33333 13.36956
vt 0.66667 13.28758
vt 1.00000 13.11657
vt 0.00000 14.37334
vt 0.33333 14.37334
vt 0.66667 14.37334
vt 1.00000 14.37334
vt 0.33333 16.39569
vt 1.00000 16.39569
vt 0.00000 10.84443
vt 0.00000 11.25830
vt 0.25000 11.38725
vt 0.25000 10.84443
vt 0.50000 10.84443
vt 0.50000 11.41700
vt 0.75000 11.34076
vt 0.75000 10.84443
vt 1.00000 10.84443
vt 1.00000 11.25830
vt 0.00000 11.69011
vt 0.25000 11.86814
vt 0.50000 11.90642
vt 0.75000 11.80169
vt 1.00000 11.69011
vt 0.00000 12.61788
vt 0.25000 12.61788
vt 0.50000 12.61788
vt 0.75000 12.61788
vt 1.00000 12.61788
vt 0.00000 14.03452
vt 0.25000 14.03452
vt 0.50000 14.03452
vt 0.75000 14.03452
vt 1.00000 14.03452
vt 0.25000 15.44571
vt 0.75000 15.44571
vt 0.00000 11.97998
vt 0.00000 12.57961
vt 0.33333 12.71774
vt 0.33333 11.97998
vt 0.66667 11.97998
vt 0.66667 12.66055
vt 1.00000 12.57961
vt 1.00000 11.97998
vt 0.00000 13.16410
vt 0.33333 13.35550
vt 0.66667 13.27909
vt 1.00000 13.16410
vt 0.00000 14.33234
vt 0.33333 14.33234
vt 0.66667 14.33234
vt 1.00000 14.33234
vt 0.33333 16.35400
vt 1.00000 16.35400
vt 0.00000 11.75566
vt 0.00000 12.26986
vt 0.33333 12.44177
vt 0.33333 11.75566
vt 0.66667 11.75566
vt 0.66667 12.38197
vt 1.00000 12.26986
vt 1.00000 11.75566
vt 0.00000 12.80016
vt 0.33333 13.03564
vt 0.66667 12.94838
vt 1.00000 12.80016
vt 0.00000 13.91479
vt 0.33333 13.91479
vt 0.66667 13.91479
vt 1.00000 13.91479
vt 0.33333 16.26157
vt 1.00000 16.26157
vt 0.00000 10.47104
vt 0.00000 10.85063
vt 0.25000 11.02438
vt 0.25000 10.47104
vt 0.50000 10.47104
vt 0.50000 11.06466
vt 0.75000 10.97271
vt 0.75000 10.47104
vt 1.00000 10.47104
vt 1.00000 10.85063
vt 0.00000 11.27719
vt 0.25000 11.51435
vt 0.50000 11.56812
vt 0.75000 11.44308
vt 1.00000 11.27719
vt 0.00000 12.28086
vt 0.25000 12.28086
vt 0.50000 12.28086
vt 0.75000 12.28086
vt 1.00000 12.28086
vt 0.00000 13.78286
vt 0.25000 13.78286
vt 0.50000 13.78286
vt 0.75000 13.78286
vt 1.00000 13.78286
vt 0.25000 15.29107
vt 0.75000 15.29107
vt 0.00000 11.62175
vt 0.00000 12.16768
vt 0.33333 12.30270
vt 0.33333 11.62175
vt 0.66667 11.62175
vt 0.66667 12.23283
vt 1.00000 12.16768
vt 1.00000 11.62175
vt 0.00000 12.70913
vt 0.33333 12.89236
vt 0.66667 12.79272
vt 1.00000 12.70913
vt 0.00000 13.77148
vt 0.33333 13.77148
vt 0.66667 13.77148
vt 1.00000 13.77148
vt 0.33333 16.09075
vt 1.00000 16.09075
vt 0.00000 6.38109
vt 0.00000 6.73445
vt 0.20000 6.82198
vt 0.20000 6.38109
vt 0.40000 6.38109
vt 0.40000 6.87940
vt 0.60000 6.87752
vt 0.60000 6.38109
vt 0.80000 6.38109
vt 0.80000 6.80598
vt 1.00000 6.73445
vt 1.00000 6.38109
vt 0.00000 7.10218
vt 0.20000 7.23209
vt 0.40000 7.30779
vt 0.60000 7.30147
vt 0.80000 7.20441
vt 1.00000 7.10218
vt 0.00000 7.91936
vt 0.20000 7.91936
vt 0.40000 7.91936
vt 0.60000 7.91936
vt 0.80000 7.91936
vt 1.00000 7.91936
vt 0.00000 9.61166
vt 0.20000 9.61166
vt 0.40000 9.61166
vt 0.60000 9.61166
vt 0.80000 9.61166
vt 1.00000 9.61166
vt 0.20000 11.31064
vt 0.60000 11.31064
vt 1.00000 11.31064
vt 0.00000 10.98214
vt 0.00000 11.61195
vt 0.33333 11.74095
vt 0.33333 10.98214
vt 0.66667 10.98214
vt 0.66667 11.70824
vt 1.00000 11.61195
vt 1.00000 10.98214
vt 0.00000 12.22355
vt 0.33333 12.39881
vt 0.66667 12.36683
vt 1.00000 12.22355
vt 0.00000 13.43572
vt 0.33333 13.43572
vt 0.66667 13.43572
vt 1.00000 13.43572
vt 0.33333 15.49828
vt 1.00000 15.49828
vt 0.00000 7.95851
vt 0.00000 8.57111
vt 0.33333 8.77821
vt 0.33333 7.95851
vt 0.66667 7.95851
vt 0.66667 8.69639
vt 1.00000 8.57111
vt 1.00000 7.95851
vt 0.00000 9.19602
vt 0.33333 9.48016
vt 0.66667 9.37235
vt 1.00000 9.19602
vt 0.00000 10.51971
vt 0.33333 10.51971
vt 0.66667 10.51971
vt 1.00000 10.51971
vt 0.33333 12.59352
vt 1.00000 12.59352
vt 0.00000 12.19703
vt 0.00000 12.72701
vt 0.33333 12.89214
vt 0.33333 12.19703
vt 0.66667 12.19703
vt 0.66667 12.81019
vt 1.00000 12.72701
vt 1.00000 12.19703
vt 0.00000 13.26430
vt 0.33333 13.48914
vt 0.66667 13.37467
vt 1.00000 13.26430
vt 0.00000 14.36120
vt 0.33333 14.36120
vt 0.66667 14.36120
vt 1.00000 14.36120
vt 0.33333 16.52744
vt 1.00000 16.52744
vt 0.00000 11.30923
vt 0.00000 11.73118
vt 0.25000 11.85429
vt 0.25000 11.30923
vt 0.50000 11.30923
vt 0.50000 11.88317
vt 0.75000 11.80714
vt 0.75000 11.30923
vt 1.00000 11.30923
vt 1.00000 11.73118
vt 0.00000 12.16509
vt 0.25000 12.33894
vt 0.50000 12.37407
vt 0.75000 12.26808
vt 1.00000 12.16509
vt 0.00000 13.08996
vt 0.25000 13.08996
vt 0.50000 13.08996
vt 0.75000 13.08996
vt 1.00000 13.08996
vt 0.00000 14.59680
vt 0.25000 14.59680
vt 0.50000 14.59680
vt 0.75000 14.59680
vt 1.00000 14.59680
vt 0.25000 16.11162
vt 0.75000 16.11162
vt 0.00000 11.15969
vt 0.00000 11.55761
vt 0.25000 11.69898
vt 0.25000 11.15969
vt 0.50000 11.15969
vt 0.50000 11.72958
vt 0.75000 11.65137
vt 0.75000 11.15969
vt 1.00000 11.15969
vt 1.00000 11.55761
vt 0.00000 11.97371
vt 0.25000 12.17686
vt 0.50000 12.21601
vt 0.75000 12.10599
vt 1.00000 11.97371
vt 0.00000 12.91681
vt 0.25000 12.91681
vt 0.50000 12.91681
vt 0.75000 12.91681
vt 1.00000 12.91681
vt 0.00000 14.46594
vt 0.25000 14.46594
vt 0.50000 14.46594
vt 0.75000 14.46594
vt 1.00000 14.46594
vt 0.25000 16.00309
vt 0.75000 16.00309
vt 0.00000 12.85565
vt 0.00000 13.31087
vt 0.33333 13.50523
vt 0.33333 12.85565
vt 0.66667 12.85565
vt 0.66667 13.43289
vt 1.00000 13.31087
vt 1.00000 12.85565
vt 0.00000 13.79140
vt 0.33333 14.05966
vt 0.66667 13.96448
vt 1.00000 13.79140
vt 0.00000 14.86304
vt 0.33333 14.86304
vt 0.66667 14.86304
vt 1.00000 14.86304
vt 0.33333 17.03872
vt 1.00000 17.03872
vt 0.00000 12.41822
vt 0.00000 12.92458
vt 0.33333 13.10137
vt 0.33333 12.41822
vt 0.66667 12.41822
vt 0.66667 13.02054
vt 1.00000 12.92458
vt 1.00000 12.41822
vt 0.00000 13.44632
vt 0.33333 13.68793
vt 0.66667 13.57265
vt 1.00000 13.44632
vt 0.00000 14.53620
vt 0.33333 14.53620
vt 0.66667 14.53620
vt 1.00000 14.53620
vt 0.33333 16.67045
vt 1.00000 16.67045
vt 0.00000 8.57488
vt 0.00000 8.88655
vt 0.25000 9.05422
vt 0.25000 8.57488
vt 0.50000 8.57488
vt 0.50000 9.09474
vt 0.75000 9.01608
vt 0.75000 8.57488
vt 1.00000 8.57488
vt 1.00000 8.88655
vt 0.00000 9.24737
vt 0.25000 9.48035
vt 0.50000 9.53224
vt 0.75000 9.42202
vt 1.00000 9.24737
vt 0.00000 10.13236
vt 0.25000 10.13236
vt 0.50000 10.13236
vt 0.75000 10.13236
vt 1.00000 10.13236
vt 0.00000 11.79157
vt 0.25000 11.79157
vt 0.50000 11.79157
vt 0.75000 11.79157
vt 1.00000 11.79157
vt 0.25000 13.49957
vt 0.75000 13.49957
vt 0.00000 7.90980
vt 0.00000 8.25332
vt 0.25000 8.40684
vt 0.25000 7.90980
vt 0.50000 7.90980
vt 0.50000 8.43949
vt 0.75000 8.33143
vt 0.75000 7.90980
vt 1.00000 7.90980
vt 1.00000 8.25332
vt 0.00000 8.61437
vt 0.25000 8.84464
vt 0.50000 8.88198
vt 0.75000 8.73443
vt 1.00000 8.61437
vt 0.00000 9.49242
vt 0.25000 9.49242
vt 0.50000 9.49242
vt 0.75000 9.49242
vt 1.00000 9.49242
vt 0.00000 11.04155
vt 0.25000 11.04155
vt 0.50000 11.04155
vt 0.75000 11.04155
vt 1.00000 11.04155
vt 0.25000 12.67133
vt 0.75000 12.67133
vt 0.00000 12.50371
vt 0.00000 12.96199
vt 0.33333 13.13432
vt 0.33333 12.50371
vt 0.66667 12.50371
vt 0.66667 13.05622
vt 1.00000 12.96199
vt 1.00000 12.50371
vt 0.00000 13.43654
vt 0.33333 13.67211
vt 0.66667 13.56732
vt 1.00000 13.43654
vt 0.00000 14.45005
vt 0.33333 14.45005
vt 0.66667 14.45005
vt 1.00000 14.45005
vt 0.33333 16.59222
vt 1.00000 16.59222
vt 0.00000 11.34175
vt 0.00000 11.83582
vt 0.33333 12.01503
vt 0.33333 11.34175
vt 0.66667 11.34175
vt 0.66667 11.93318
vt 1.00000 11.83582
vt 1.00000 11.34175
vt 0.00000 12.34536
vt 0.33333 12.59112
vt 0.66667 12.48049
vt 1.00000 12.34536
vt 0.00000 13.42616
vt 0.33333 13.42616
vt 0.66667 13.42616
vt 1.00000 13.42616
vt 0.33333 15.53698
vt 1.00000 15.53698
vt 0.00000 10.81573
vt 0.00000 11.07664
vt 0.25000 11.27418
vt 0.25000 10.81573
vt 0.50000 10.81573
vt 0.50000 11.31515
vt 0.75000 11.22737
vt 0.75000 10.81573
vt 1.00000 10.81573
vt 1.00000 11.07664
vt 0.00000 11.40415
vt 0.25000 11.67801
vt 0.50000 11.72929
vt 0.75000 11.61071
vt 1.00000 11.40415
vt 0.00000 12.27701
vt 0.25000 12.27701
vt 0.50000 12.27701
vt 0.75000 12.27701
vt 1.00000 12.27701
vt 0.00000 13.91280
vt 0.25000 13.91280
vt 0.50000 13.91280
vt 0.75000 13.91280
vt 1.00000 13.91280
vt 0.25000 15.56168
vt 0.75000 15.56168
vt 0.00000 11.28667
vt 0.00000 11.59512
vt 0.25000 11.77114
vt 0.25000 11.28667
vt 0.50000 11.28667
vt 0.50000 11.81490
vt 0.75000 11.70593
vt 0.75000 11.28667
vt 1.00000 11.28667
vt 1.00000 11.59512
vt 0.00000 11.94575
vt 0.25000 12.20234
vt 0.50000 12.25323
vt 0.75000 12.10470
vt 1.00000 11.94575
vt 0.00000 12.84456
vt 0.25000 12.84456
vt 0.50000 12.84456
vt 0.75000 12.84456
vt 1.00000 12.84456
vt 0.00000 14.36729
vt 0.25000 14.36729
vt 0.50000 14.36729
vt 0.75000 14.36729
vt 1.00000 14.36729
vt 0.25000 15.91764
vt 0.75000 15.91764
vt 0.00000 10.72887
vt 0.00000 11.07874
vt 0.25000 11.18503
vt 0.25000 10.72887
vt 0.50000 10.72887
vt 0.50000 11.21554
vt 0.75000 11.15932
vt 0.75000 10.72887
vt 1.00000 10.72887
vt 1.00000 11.07874
vt 0.00000 11.43593
vt 0.25000 11.58203
vt 0.50000 11.62305
vt 0.75000 11.54612
vt 1.00000 11.43593
vt 0.00000 12.18245
vt 0.25000 12.18245
vt 0.50000 12.18245
vt 0.75000 12.18245
vt 1.00000 12.18245
vt 0.00000 13.81750
vt 0.25000 13.81750
vt 0.50000 13.81750
vt 0.75000 13.81750
vt 1.00000 13.81750
vt 0.25000 15.44222
vt 0.75000 15.44222
vt 0.00000 10.96944
vt 0.00000 11.33017
vt 0.25000 11.49638
vt 0.25000 10.96944
vt 0.50000 10.96944
vt 0.50000 11.53330
vt 0.75000 11.44528
vt 0.75000 10.96944
vt 1.00000 10.96944
vt 1.00000 11.33017
vt 0.00000 11.73278
vt 0.25000 11.96337
vt 0.50000 12.01300
vt 0.75000 11.89002
vt 1.00000 11.73278
vt 0.00000 12.69268
vt 0.25000 12.69268
vt 0.50000 12.69268
vt 0.75000 12.69268
vt 1.00000 12.69268
vt 0.00000 14.14716
vt 0.25000 14.14716
vt 0.50000 14.14716
vt 0.75000 14.14716
vt 1.00000 14.14716
vt 0.25000 15.61454
vt 0.75000 15.61454
vt 0.00000 11.17149
vt 0.00000 11.76188
vt 0.33333 11.97285
vt 0.33333 11.17149
vt 0.66667 11.17149
vt 0.66667 11.89750
vt 1.00000 11.76188
vt 1.00000 11.17149
vt 0.00000 12.37343
vt 0.33333 12.66541
vt 0.66667 12.56188
vt 1.00000 12.37343
vt 0.00000 13.68751
vt 0.33333 13.68751
vt 0.66667 13.68751
vt 1.00000 13.68751
vt 0.33333 15.78875
vt 1.00000 15.78875
vt 0.00000 12.81813
vt 0.00000 13.33226
vt 0.33333 13.46099
vt 0.33333 12.81813
vt 0.66667 12.81813
vt 0.66667 13.39580
vt 1.00000 13.33226
vt 1.00000 12.81813
vt 0.00000 13.84138
vt 0.33333 14.01770
vt 0.66667 13.92451
vt 1.00000 13.84138
vt 0.00000 14.84735
vt 0.33333 14.84735
vt 0.66667 14.84735
vt 1.00000 14.84735
vt 0.33333 16.93509
vt 1.00000 16.93509
vt 0.00000 9.13930
vt 0.00000 9.39721
vt 0.25000 9.59070
vt 0.25000 9.13930
vt 0.50000 9.13930
vt 0.50000 9.62988
vt 0.75000 9.54085
vt 0.75000 9.13930
vt 1.00000 9.13930
vt 1.00000 9.39721
vt 0.00000 9.70883
vt 0.25000 9.98875
vt 0.50000 10.03657
vt 0.75000 9.91136
vt 1.00000 9.70883
vt 0.00000 10.57214
vt 0.25000 10.57214
vt 0.50000 10.57214
vt 0.75000 10.57214
vt 1.00000 10.57214
vt 0.00000 12.25606
vt 0.25000 12.25606
vt 0.50000 12.25606
vt 0.75000 12.25606
vt 1.00000 12.25606
vt 0.25000 13.92993
vt 0.75000 13.92993
vt 0.00000 12.08423
vt 0.00000 12.72998
vt 0.33333 12.87206
vt 0.33333 12.08423
vt 0.66667 12.08423
vt 0.66667 12.82998
vt 1.00000 12.72998
vt 1.00000 12.08423
vt 0.00000 13.36287
vt 0.33333 13.55416
vt 0.66667 13.50648
vt 1.00000 13.36287
vt 0.00000 14.61853
vt 0.33333 14.61853
vt 0.66667 14.61853
vt 1.00000 14.61853
vt 0.33333 16.73579
vt 1.00000 16.73579
vt 0.00000 11.73127
vt 0.00000 12.20268
vt 0.33333 12.37851
vt 0.33333 11.73127
vt 0.66667 11.73127
vt 0.66667 12.30233
vt 1.00000 12.20268
vt 1.00000 11.73127
vt 0.00000 12.68766
vt 0.33333 12.93249
vt 0.66667 12.83112
vt 1.00000 12.68766
vt 0.00000 13.73597
vt 0.33333 13.73597
vt 0.66667 13.73597
vt 1.00000 13.73597
vt 0.33333 15.95303
vt 1.00000 15.95303
vt 0.00000 8.35104
vt 0.00000 8.89875
vt 0.33333 9.05619
vt 0.33333 8.35104
vt 0.66667 8.35104
vt 0.66667 8.96151
vt 1.00000 8.89875
vt 1.00000 8.35104
vt 0.00000 9.44147
vt 0.33333 9.66274
vt 0.66667 9.52839
vt 1.00000 9.44147
vt 0.00000 10.54329
vt 0.33333 10.54329
vt 0.66667 10.54329
vt 1.00000 10.54329
vt 0.33333 12.72858
vt 1.00000 12.72858
vt 0.00000 11.58610
vt 0.00000 11.94994
vt 0.25000 12.12505
vt 0.25000 11.58610
vt 0.50000 11.58610
vt 0.50000 12.16530
vt 0.75000 12.06751
vt 0.75000 11.58610
vt 1.00000 11.58610
vt 1.00000 11.94994
vt 0.00000 12.35470
vt 0.25000 12.60316
vt 0.50000 12.65330
vt 0.75000 12.51837
vt 1.00000 12.35470
vt 0.00000 13.33767
vt 0.25000 13.33767
vt 0.50000 13.33767
vt 0.75000 13.33767
vt 1.00000 13.33767
vt 0.00000 14.78011
vt 0.25000 14.78011
vt 0.50000 14.78011
vt 0.75000 14.78011
vt 1.00000 14.78011
vt 0.25000 16.21642
vt 0.75000 16.21642
vt 0.00000 11.78335
vt 0.00000 12.36188
vt 0.33333 12.47581
vt 0.33333 11.78335
vt 0.66667 11.78335
vt 0.66667 12.43736
vt 1.00000 12.36188
vt 1.00000 11.78335
vt 0.00000 12.92091
vt 0.33333 13.07667
vt 0.66667 13.03068
vt 1.00000 12.92091
vt 0.00000 14.01262
vt 0.33333 14.01262
vt 0.66667 14.01262
vt 1.00000 14.01262
vt 0.33333 16.26786
vt 1.00000 16.26786
vt 0.00000 10.30105
vt 0.00000 10.72776
vt 0.25000 10.83164
vt 0.25000 10.30105
vt 0.50000 10.30105
vt 0.50000 10.86048
vt 0.75000 10.74516
vt 0.75000 10.30105
vt 1.00000 10.30105
vt 1.00000 10.72776
vt 0.00000 11.15052
vt 0.25000 11.30392
vt 0.50000 11.33363
vt 0.75000 11.17319
vt 1.00000 11.15052
vt 0.00000 12.01491
vt 0.25000 12.01491
vt 0.50000 12.01491
vt 0.75000 12.01491
vt 1.00000 12.01491
vt 0.00000 13.46577
vt 0.25000 13.46577
vt 0.50000 13.46577
vt 0.75000 13.46577
vt 1.00000 13.46577
vt 0.25000 14.92738
vt 0.75000 14.92738
vt 0.00000 13.11769
vt 0.00000 13.62087
vt 0.33333 13.73343
vt 0.33333 13.11769
vt 0.66667 13.11769
vt 0.66667 13.66758
vt 1.00000 13.62087
vt 1.00000 13.11769
vt 0.00000 14.11282
vt 0.33333 14.26859
vt 0.66667 14.17267
vt 1.00000 14.11282
vt 0.00000 15.06857
vt 0.33333 15.06857
vt 0.66667 15.06857
vt 1.00000 15.06857
vt 0.33333 17.20465
vt 1.00000 17.20465
vt 0.00000 13.08882
vt 0.00000 13.56964
vt 0.33333 13.69413
vt 0.33333 13.08882
vt 0.66667 13.08882
vt 0.66667 13.62183
vt 1.00000 13.56964
vt 1.00000 13.08882
vt 0.00000 14.03854
vt 0.33333 14.21648
vt 0.66667 14.11367
vt 1.00000 14.03854
vt 0.00000 14.98794
vt 0.33333 14.98794
vt 0.66667 14.98794
vt 1.00000 14.98794
vt 0.33333 17.07543
vt 1.00000 17.07543
vt 0.00000 14.48213
vt 0.00000 14.97663
vt 0.33333 15.06339
vt 0.33333 14.48213
vt 0.66667 14.48213
vt 0.66667 15.03410
vt 1.00000 14.97663
vt 1.00000 14.48213
vt 0.00000 15.45359
vt 0.33333 15.57064
vt 0.66667 15.53705
vt 1.00000 15.45359
vt 0.00000 16.37481
vt 0.33333 16.37481
vt 0.66667 16.37481
vt 1.00000 16.37481
vt 0.33333 18.28497
vt 1.00000 18.28497
vt 0.00000 11.19752
vt 0.00000 11.52944
vt 0.25000 11.69119
vt 0.25000 11.19752
vt 0.50000 11.19752
vt 0.50000 11.73112
vt 0.75000 11.63041
vt 0.75000 11.19752
vt 1.00000 11.19752
vt 1.00000 11.52944
vt 0.00000 11.90351
vt 0.25000 12.12930
vt 0.50000 12.17858
vt 0.75000 12.04163
vt 1.00000 11.90351
vt 0.00000 12.79913
vt 0.25000 12.79913
vt 0.50000 12.79913
vt 0.75000 12.79913
vt 1.00000 12.79913
vt 0.00000 14.14890
vt 0.25000 14.14890
vt 0.50000 14.14890
vt 0.75000 14.14890
vt 1.00000 14.14890
vt 0.25000 15.50992
vt 0.75000 15.50992
vt 0.00000 14.59061
vt 0.00000 15.11680
vt 0.33333 15.23764
vt 0.33333 14.59061
vt 0.66667 14.59061
vt 0.66667 15.17776
vt 1.00000 15.11680
vt 1.00000 14.59061
vt 0.00000 15.63523
vt 0.33333 15.80230
vt 0.66667 15.71853
vt 1.00000 15.63523
vt 0.00000 16.66215
vt 0.33333 16.66215
vt 0.66667 16.66215
vt 1.00000 16.66215
vt 0.33333 18.35307
vt 1.00000 18.35307
vt 0.00000 15.16995
vt 0.00000 15.59258
vt 0.33333 15.67677
vt 0.33333 15.16995
vt 0.66667 15.16995
vt 0.66667 15.63401
vt 1.00000 15.59258
vt 1.00000 15.16995
vt 0.00000 16.00452
vt 0.33333 16.12091
vt 0.66667 16.06085
vt 1.00000 16.00452
vt 0.00000 16.80713
vt 0.33333 16.80713
vt 0.66667 16.80713
vt 1.00000 16.80713
vt 0.33333 18.78006
vt 1.00000 18.78006
vt 0.00000 8.78805
vt 0.00000 9.42079
vt 0.33333 9.52752
vt 0.33333 8.78805
vt 0.66667 8.78805
vt 0.66667 9.48109
vt 1.00000 9.42079
vt 1.00000 8.78805
vt 0.00000 10.02838
vt 0.33333 10.17175
vt 0.66667 10.11452
vt 1.00000 10.02838
vt 0.00000 11.18501
vt 0.33333 11.18501
vt 0.66667 11.18501
vt 1.00000 11.18501
vt 0.33333 13.16885
vt 1.00000 13.16885
vt 0.00000 15.25243
vt 0.00000 15.77998
vt 0.33333 15.90718
vt 0.33333 15.25243
vt 0.66667 15.25243
vt 0.66667 15.84447
vt 1.00000 15.77998
vt 1.00000 15.25243
vt 0.00000 16.30254
vt 0.33333 16.47851
vt 0.66667 16.39083
vt 1.00000 16.30254
vt 0.00000 17.34461
vt 0.33333 17.34461
vt 0.66667 17.34461
vt 1.00000 17.34461
vt 0.33333 19.06777
vt 1.00000 19.06777
vt 0.00000 10.89045
vt 0.00000 11.39005
vt 0.33333 11.52151
vt 0.33333 10.89045
vt 0.66667 10.89045
vt 0.66667 11.44797
vt 1.00000 11.39005
vt 1.00000 10.89045
vt 0.00000 11.88513
vt 0.33333 12.06619
vt 0.66667 11.96091
vt 1.00000 11.88513
vt 0.00000 12.86851
vt 0.33333 12.86851
vt 0.66667 12.86851
vt 1.00000 12.86851
vt 0.33333 15.05149
vt 1.00000 15.05149
vt 0.00000 12.47124
vt 0.00000 12.92952
vt 0.33333 13.05302
vt 0.33333 12.47124
vt 0.66667 12.47124
vt 0.66667 12.98114
vt 1.00000 12.92952
vt 1.00000 12.47124
vt 0.00000 13.37713
vt 0.33333 13.55425
vt 0.66667 13.45216
vt 1.00000 13.37713
vt 0.00000 14.29027
vt 0.33333 14.29027
vt 0.66667 14.29027
vt 1.00000 14.29027
vt 0.33333 16.34557
vt 1.00000 16.34557
vt 0.00000 14.75962
vt 0.00000 15.29140
vt 0.33333 15.35089
vt 0.33333 14.75962
vt 0.66667 14.75962
vt 0.66667 15.32366
vt 1.00000 15.29140
vt 1.00000 14.75962
vt 0.00000 15.79287
vt 0.33333 15.87040
vt 0.66667 15.83720
vt 1.00000 15.79287
vt 0.00000 16.70794
vt 0.33333 16.70794
vt 0.66667 16.70794
vt 1.00000 16.70794
vt 0.33333 18.67168
vt 1.00000 18.67168
vt 0.00000 11.95717
vt 0.00000 12.36917
vt 0.25000 12.49530
vt 0.25000 11.95717
vt 0.50000 11.95717
vt 0.50000 12.52383
vt 0.75000 12.41997
vt 0.75000 11.95717
vt 1.00000 11.95717
vt 1.00000 12.36917
vt 0.00000 12.78785
vt 0.25000 12.97237
vt 0.50000 13.00375
vt 0.75000 12.85967
vt 1.00000 12.78785
vt 0.00000 13.68847
vt 0.25000 13.68847
vt 0.50000 13.68847
vt 0.75000 13.68847
vt 1.00000 13.68847
vt 0.00000 15.14216
vt 0.25000 15.14216
vt 0.50000 15.14216
vt 0.75000 15.14216
vt 1.00000 15.14216
vt 0.25000 16.60942
vt 0.75000 16.60942
vt 0.00000 14.00249
vt 0.00000 14.47891
vt 0.33333 14.62586
vt 0.33333 14.00249
vt 0.66667 14.00249
vt 0.66667 14.54914
vt 1.00000 14.47891
vt 1.00000 14.00249
vt 0.00000 14.95754
vt 0.33333 15.16279
vt 0.66667 15.05452
vt 1.00000 14.95754
vt 0.00000 15.94504
vt 0.33333 15.94504
vt 0.66667 15.94504
vt 1.00000 15.94504
vt 0.33333 18.08753
vt 1.00000 18.08753
vt 0.00000 13.08877
vt 0.00000 13.64685
vt 0.33333 13.82266
vt 0.33333 13.08877
vt 0.66667 13.08877
vt 0.66667 13.74073
vt 1.00000 13.64685
vt 1.00000 13.08877
vt 0.00000 14.20534
vt 0.33333 14.45534
vt 0.66667 14.34126
vt 1.00000 14.20534
vt 0.00000 15.38725
vt 0.33333 15.38725
vt 0.66667 15.38725
vt 1.00000 15.38725
vt 0.33333 17.28157
vt 1.00000 17.28157
vt 0.00000 14.29898
vt 0.00000 14.80045
vt 0.33333 14.87778
vt 0.33333 14.29898
vt 0.66667 14.29898
vt 0.66667 14.85451
vt 1.00000 14.80045
vt 1.00000 14.29898
vt 0.00000 15.27839
vt 0.33333 15.38333
vt 0.66667 15.35629
vt 1.00000 15.27839
vt 0.00000 16.18016
vt 0.33333 16.18016
vt 0.66667 16.18016
vt 1.00000 16.18016
vt 0.33333 18.25449
vt 1.00000 18.25449
vt 0.00000 15.33687
vt 0.00000 15.90283
vt 0.33333 15.94915
vt 0.33333 15.33687
vt 0.66667 15.33687
vt 0.66667 15.92897
vt 1.00000 15.90283
vt 1.00000 15.33687
vt 0.00000 16.43476
vt 0.33333 16.49545
vt 0.66667 16.47084
vt 1.00000 16.43476
vt 0.00000 17.39513
vt 0.33333 17.39513
vt 0.66667 17.39513
vt 1.00000 17.39513
vt 0.33333 19.07341
vt 1.00000 19.07341
vt 0.00000 14.67738
vt 0.00000 15.11547
vt 0.33333 15.25977
vt 0.33333 14.67738
vt 0.66667 14.67738
vt 0.66667 15.18917
vt 1.00000 15.11547
vt 1.00000 14.67738
vt 0.00000 15.55888
vt 0.33333 15.76041
vt 0.66667 15.66214
vt 1.00000 15.55888
vt 0.00000 16.48831
vt 0.33333 16.48831
vt 0.66667 16.48831
vt 1.00000 16.48831
vt 0.33333 18.49062
vt 1.00000 18.49062
vt 0.00000 12.82649
vt 0.00000 13.26303
vt 0.25000 13.29895
vt 0.25000 12.82649
vt 0.50000 12.82649
vt 0.50000 13.32347
vt 0.75000 13.30361
vt 0.75000 12.82649
vt 1.00000 12.82649
vt 1.00000 13.26303
vt 0.00000 13.67059
vt 0.25000 13.71839
vt 0.50000 13.75604
vt 0.75000 13.73077
vt 1.00000 13.67059
vt 0.00000 14.41585
vt 0.25000 14.41585
vt 0.50000 14.41585
vt 0.75000 14.41585
vt 1.00000 14.41585
vt 0.00000 15.72784
vt 0.25000 15.72784
vt 0.50000 15.72784
vt 0.75000 15.72784
vt 1.00000 15.72784
vt 0.25000 17.04144
vt 0.75000 17.04144
vt 0.00000 13.66134
vt 0.00000 14.27683
vt 0.33333 14.37809
vt 0.33333 13.66134
vt 0.66667 13.66134
vt 0.66667 14.33869
vt 1.00000 14.27683
vt 1.00000 13.66134
vt 0.00000 14.86590
vt 0.33333 14.99669
vt 0.66667 14.95260
vt 1.00000 14.86590
vt 0.00000 15.97217
vt 0.33333 15.97217
vt 0.66667 15.97217
vt 1.00000 15.97217
vt 0.33333 17.87277
vt 1.00000 17.87277
vt 0.00000 16.12762
vt 0.00000 16.54145
vt 0.33333 16.63851
vt 0.33333 16.12762
vt 0.66667 16.12762
vt 0.66667 16.58867
vt 1.00000 16.54145
vt 1.00000 16.12762
vt 0.00000 16.95047
vt 0.33333 17.08434
vt 0.66667 17.01170
vt 1.00000 16.95047
vt 0.00000 17.75589
vt 0.33333 17.75589
vt 0.66667 17.75589
vt 1.00000 17.75589
vt 0.33333 19.73825
vt 1.00000 19.73825
vt 0.00000 14.46534
vt 0.00000 14.93187
vt 0.33333 15.07326
vt 0.33333 14.46534
vt 0.66667 14.46534
vt 0.66667 14.99046
vt 1.00000 14.93187
vt 1.00000 14.46534
vt 0.00000 15.39483
vt 0.33333 15.59476
vt 0.66667 15.47785
vt 1.00000 15.39483
vt 0.00000 16.34481
vt 0.33333 16.34481
vt 0.66667 16.34481
vt 1.00000 16.34481
vt 0.33333 18.43205
vt 1.00000 18.43205
vt 0.00000 14.21042
vt 0.00000 14.76482
vt 0.33333 14.89632
vt 0.33333 14.21042
vt 0.66667 14.21042
vt 0.66667 14.82314
vt 1.00000 14.76482
vt 1.00000 14.21042
vt 0.00000 15.30123
vt 0.33333 15.48739
vt 0.66667 15.38508
vt 1.00000 15.30123
vt 0.00000 16.37093
vt 0.33333 16.37093
vt 0.66667 16.37093
vt 1.00000 16.37093
vt 0.33333 18.22366
vt 1.00000 18.22366
vt 0.00000 16.37640
vt 0.00000 16.81052
vt 0.33333 16.86101
vt 0.33333 16.37640
vt 0.66667 16.37640
vt 0.66667 16.83696
vt 1.00000 16.81052
vt 1.00000 16.37640
vt 0.00000 17.22316
vt 0.33333 17.28948
vt 0.66667 17.25851
vt 1.00000 17.22316
vt 0.00000 17.98103
vt 0.33333 17.98103
vt 0.66667 17.98103
vt 1.00000 17.98103
vt 0.33333 19.94500
vt 1.00000 19.94500
vt 0.00000 15.40633
vt 0.00000 15.87150
vt 0.33333 16.00748
vt 0.33333 15.40633
vt 0.66667 15.40633
vt 0.66667 15.93818
vt 1.00000 15.87150
vt 1.00000 15.40633
vt 0.00000 16.33899
vt 0.33333 16.52672
vt 0.66667 16.42997
vt 1.00000 16.33899
vt 0.00000 17.29240
vt 0.33333 17.29240
vt 0.66667 17.29240
vt 1.00000 17.29240
vt 0.33333 19.19566
vt 1.00000 19.19566
vt 0.00000 14.20638
vt 0.00000 14.77297
vt 0.33333 14.91589
vt 0.33333 14.20638
vt 0.66667 14.20638
vt 0.66667 14.83524
vt 1.00000 14.77297
vt 1.00000 14.20638
vt 0.00000 15.33079
vt 0.33333 15.52966
vt 0.66667 15.41344
vt 1.00000 15.33079
vt 0.00000 16.43752
vt 0.33333 16.43752
vt 0.66667 16.43752
vt 1.00000 16.43752
vt 0.33333 18.30491
vt 1.00000 18.30491
vt 0.00000 14.90373
vt 0.00000 15.36516
vt 0.33333 15.48657
vt 0.33333 14.90373
vt 0.66667 14.90373
vt 0.66667 15.41520
vt 1.00000 15.36516
vt 1.00000 14.90373
vt 0.00000 15.81393
vt 0.33333 15.98862
vt 0.66667 15.88650
vt 1.00000 15.81393
vt 0.00000 16.72503
vt 0.33333 16.72503
vt 0.66667 16.72503
vt 1.00000 16.72503
vt 0.33333 18.61913
vt 1.00000 18.61913
vt 0.00000 13.43372
vt 0.00000 13.86157
vt 0.25000 13.91320
vt 0.25000 13.43372
vt 0.50000 13.43372
vt 0.50000 13.94302
vt 0.75000 13.91130
vt 0.75000 13.43372
vt 1.00000 13.43372
vt 1.00000 13.86157
vt 0.00000 14.26665
vt 0.25000 14.33863
vt 0.50000 14.38381
vt 0.75000 14.34267
vt 1.00000 14.26665
vt 0.00000 15.04989
vt 0.25000 15.04989
vt 0.50000 15.04989
vt 0.75000 15.04989
vt 1.00000 15.04989
vt 0.00000 16.40299
vt 0.25000 16.40299
vt 0.50000 16.40299
vt 0.75000 16.40299
vt 1.00000 16.40299
vt 0.25000 17.76600
vt 0.75000 17.76600
vt 0.00000 15.34032
vt 0.00000 15.91744
vt 0.33333 15.97224
vt 0.33333 15.34032
vt 0.66667 15.34032
vt 0.66667 15.94938
vt 1.00000 15.91744
vt 1.00000 15.34032
vt 0.00000 16.46145
vt 0.33333 16.53254
vt 0.66667 16.50462
vt 1.00000 16.46145
vt 0.00000 17.44563
vt 0.33333 17.44563
vt 0.66667 17.44563
vt 1.00000 17.44563
vt 0.33333 19.15143
vt 1.00000 19.15143
vt 0.00000 16.73590
vt 0.00000 17.14904
vt 0.33333 17.22003
vt 0.33333 16.73590
vt 0.66667 16.73590
vt 0.66667 17.17514
vt 1.00000 17.14904
vt 1.00000 16.73590
vt 0.00000 17.54816
vt 0.33333 17.64560
vt 0.66667 17.58204
vt 1.00000 17.54816
vt 0.00000 18.30577
vt 0.33333 18.30577
vt 0.66667 18.30577
vt 1.00000 18.30577
vt 0.33333 20.19324
vt 1.00000 20.19324
vt 0.00000 14.78531
vt 0.00000 15.25731
vt 0.33333 15.35213
vt 0.33333 14.78531
vt 0.66667 14.78531
vt 0.66667 15.33758
vt 1.00000 15.25731
vt 1.00000 14.78531
vt 0.00000 15.71588
vt 0.33333 15.84439
vt 0.66667 15.83311
vt 1.00000 15.71588
vt 0.00000 16.62235
vt 0.33333 16.62235
vt 0.66667 16.62235
vt 1.00000 16.62235
vt 0.33333 18.61247
vt 1.00000 18.61247
vt 0.00000 16.90463
vt 0.00000 17.31512
vt 0.33333 17.36867
vt 0.33333 16.90463
vt 0.66667 16.90463
vt 0.66667 17.35093
vt 1.00000 17.31512
vt 1.00000 16.90463
vt 0.00000 17.70610
vt 0.33333 17.77754
vt 0.66667 17.75752
vt 1.00000 17.70610
vt 0.00000 18.43805
vt 0.33333 18.43805
vt 0.66667 18.43805
vt 1.00000 18.43805
vt 0.33333 20.28428
vt 1.00000 20.28428
vt 0.00000 14.82629
vt 0.00000 15.39665
vt 0.33333 15.49200
vt 0.33333 14.82629
vt 0.66667 14.82629
vt 0.66667 15.45991
vt 1.00000 15.39665
vt 1.00000 14.82629
vt 0.00000 15.94403
vt 0.33333 16.07311
vt 0.66667 16.03443
vt 1.00000 15.94403
vt 0.00000 16.98395
vt 0.33333 16.98395
vt 0.66667 16.98395
vt 1.00000 16.98395
vt 0.33333 18.78367
vt 1.00000 18.78367
vt 0.00000 16.84309
vt 0.00000 17.24016
vt 0.33333 17.31672
vt 0.33333 16.84309
vt 0.66667 16.84309
vt 0.66667 17.25672
vt 1.00000 17.24016
vt 1.00000 16.84309
vt 0.00000 17.62181
vt 0.33333 17.72838
vt 0.66667 17.64213
vt 1.00000 17.62181
vt 0.00000 18.34521
vt 0.33333 18.34521
vt 0.66667 18.34521
vt 1.00000 18.34521
vt 0.33333 20.16750
vt 1.00000 20.16750
vt 0.00000 15.09939
vt 0.00000 15.56240
vt 0.33333 15.66090
vt 0.33333 15.09939
vt 0.66667 15.09939
vt 0.66667 15.64362
vt 1.00000 15.56240
vt 1.00000 15.09939
vt 0.00000 16.01175
vt 0.33333 16.14598
vt 0.66667 16.13156
vt 1.00000 16.01175
vt 0.00000 16.90420
vt 0.33333 16.90420
vt 0.66667 16.90420
vt 1.00000 16.90420
vt 0.33333 18.87247
vt 1.00000 18.87247
vt 0.00000 17.00419
vt 0.00000 17.41616
vt 0.33333 17.46045
vt 0.33333 17.00419
vt 0.66667 17.00419
vt 0.66667 17.44295
vt 1.00000 17.41616
vt 1.00000 17.00419
vt 0.00000 17.80656
vt 0.33333 17.86458
vt 0.66667 17.84336
vt 1.00000 17.80656
vt 0.00000 18.52292
vt 0.33333 18.52292
vt 0.66667 18.52292
vt 1.00000 18.52292
vt 0.33333 20.36745
vt 1.00000 20.36745
vt 0.00000 15.46132
vt 0.00000 15.90796
vt 0.33333 16.03228
vt 0.33333 15.46132
vt 0.66667 15.46132
vt 0.66667 15.95872
vt 1.00000 15.90796
vt 1.00000 15.46132
vt 0.00000 16.34966
vt 0.33333 16.52470
vt 0.66667 16.41951
vt 1.00000 16.34966
vt 0.00000 17.23890
vt 0.33333 17.23890
vt 0.66667 17.23890
vt 1.00000 17.23890
vt 0.33333 19.20582
vt 1.00000 19.20582
vt 0.00000 16.64950
vt 0.00000 17.11974
vt 0.33333 17.22549
vt 0.33333 16.64950
vt 0.66667 16.64950
vt 0.66667 17.16897
vt 1.00000 17.11974
vt 1.00000 16.64950
vt 0.00000 17.57952
vt 0.33333 17.72601
vt 0.66667 17.64930
vt 1.00000 17.57952
vt 0.00000 18.49046
vt 0.33333 18.49046
vt 0.66667 18.49046
vt 1.00000 18.49046
vt 0.33333 19.99757
vt 1.00000 19.99757
vt 0.00000 16.67491
vt 0.00000 17.18121
vt 0.33333 17.25929
vt 0.33333 16.67491
vt 0.66667 16.67491
vt 0.66667 17.22813
vt 1.00000 17.18121
vt 1.00000 16.67491
vt 0.00000 17.66744
vt 0.33333 17.76988
vt 0.66667 17.73207
vt 1.00000 17.66744
vt 0.00000 18.58220
vt 0.33333 18.58220
vt 0.66667 18.58220
vt 1.00000 18.58220
vt 0.33333 20.13191
vt 1.00000 20.13191
vt 0.00000 17.72268
vt 0.00000 18.12400
vt 0.33333 18.15525
vt 0.33333 17.72268
vt 0.66667 17.72268
vt 0.66667 18.14252
vt 1.00000 18.12400
vt 1.00000 17.72268
vt 0.00000 18.50153
vt 0.33333 18.54181
vt 0.66667 18.52710
vt 1.00000 18.50153
vt 0.00000 19.18245
vt 0.33333 19.18245
vt 0.66667 19.18245
vt 1.00000 19.18245
vt 0.33333 20.94053
vt 1.00000 20.94053
vt 0.00000 14.93869
vt 0.00000 15.45963
vt 0.33333 15.55838
vt 0.33333 14.93869
vt 0.66667 14.93869
vt 0.66667 15.51328
vt 1.00000 15.45963
vt 1.00000 14.93869
vt 0.00000 15.95884
vt 0.33333 16.09264
vt 0.66667 16.03402
vt 1.00000 15.95884
vt 0.00000 16.90412
vt 0.33333 16.90412
vt 0.66667 16.90412
vt 1.00000 16.90412
vt 0.33333 18.89281
vt 1.00000 18.89281
vt 0.00000 14.70682
vt 0.00000 15.28500
vt 0.33333 15.37444
vt 0.33333 14.70682
vt 0.66667 14.70682
vt 0.66667 15.34579
vt 1.00000 15.28500
vt 1.00000 14.70682
vt 0.00000 15.83139
vt 0.33333 15.95120
vt 0.66667 15.92214
vt 1.00000 15.83139
vt 0.00000 16.86477
vt 0.33333 16.86477
vt 0.66667 16.86477
vt 1.00000 16.86477
vt 0.33333 18.67887
vt 1.00000 18.67887
vt 0.00000 16.08994
vt 0.33333 16.08994
vt 0.66667 16.08994
vt 0.00000 13.90503
vt 0.25000 13.90503
vt 0.50000 13.90503
vt 0.75000 13.90503
vt 1.00000 13.90503
vt 0.25000 15.36957
vt 0.75000 15.36957
vt 0.00000 15.94661
vt 0.33333 15.94661
vt 0.66667 15.94661
vt 0.00000 11.03425
vt 0.25000 11.03425
vt 0.50000 11.03425
vt 0.75000 11.03425
vt 1.00000 11.03425
vt 0.25000 12.66718
vt 0.75000 12.66718
vt 0.00000 13.49228
vt 0.25000 13.49228
vt 0.50000 13.49228
vt 0.75000 13.49228
vt 1.00000 13.49228
vt 0.25000 14.98530
vt 0.75000 14.98530
vt 0.00000 10.50851
vt 0.16667 10.50851
vt 0.33333 10.50851
vt 0.50000 10.50851
vt 0.66667 10.50851
vt 0.83333 10.50851
vt 1.00000 10.50851
vt 0.00000 11.96461
vt 0.16667 11.96461
vt 0.33333 11.96461
vt 0.50000 11.96461
vt 0.66667 11.96461
vt 0.83333 11.96461
vt 1.00000 11.96461
vt 0.16667 13.19650
vt 0.50000 13.19650
vt 0.83333 13.19650
vt 0.00000 8.18787
vt 0.20000 8.18787
vt 0.40000 8.18787
vt 0.60000 8.18787
vt 0.80000 8.18787
vt 1.00000 8.18787
vt 0.00000 9.50224
vt 0.20000 9.50224
vt 0.40000 9.50224
vt 0.60000 9.50224
vt 0.80000 9.50224
vt 1.00000 9.50224
vt 0.20000 10.76130
vt 0.60000 10.76130
vt 1.00000 10.76130
vt 0.00000 10.64985
vt 0.20000 10.64985
vt 0.40000 10.64985
vt 0.60000 10.64985
vt 0.80000 10.64985
vt 1.00000 10.64985
vt 0.00000 12.04942
vt 0.20000 12.04942
vt 0.40000 12.04942
vt 0.60000 12.04942
vt 0.80000 12.04942
vt 1.00000 12.04942
vt 0.20000 13.22160
vt 0.60000 13.22160
vt 1.00000 13.22160
vt 0.00000 11.50027
vt 0.16667 11.50027
vt 0.33333 11.50027
vt 0.50000 11.50027
vt 0.66667 11.50027
vt 0.83333 11.50027
vt 1.00000 11.50027
vt 0.16667 12.89672
vt 0.50000 12.89672
vt 0.83333 12.89672
vt 0.00000 12.86893
vt 0.25000 12.86893
vt 0.50000 12.86893
vt 0.75000 12.86893
vt 1.00000 12.86893
vt 0.25000 14.43233
vt 0.75000 14.43233
vt 0.00000 11.84574
vt 0.20000 11.84574
vt 0.40000 11.84574
vt 0.60000 11.84574
vt 0.80000 11.84574
vt 1.00000 11.84574
vt 0.20000 13.55183
vt 0.60000 13.55183
vt 1.00000 13.55183
vt 0.00000 10.17757
vt 0.20000 10.17757
vt 0.40000 10.17757
vt 0.60000 10.17757
vt 0.80000 10.17757
vt 1.00000 10.17757
vt 0.20000 11.50952
vt 0.60000 11.50952
vt 1.00000 11.50952
vt 0.00000 14.06774
vt 0.25000 14.06774
vt 0.50000 14.06774
vt 0.75000 14.06774
vt 1.00000 14.06774
vt 0.25000 15.55461
vt 0.75000 15.55461
vt 0.00000 11.50894
vt 0.16667 11.50894
vt 0.33333 11.50894
vt 0.50000 11.50894
vt 0.66667 11.50894
vt 0.83333 11.50894
vt 1.00000 11.50894
vt 0.16667 12.71129
vt 0.50000 12.71129
vt 0.83333 12.71129
vt 0.00000 15.76091
vt 0.33333 15.76091
vt 0.66667 15.76091
vt 0.00000 12.90672
vt 0.25000 12.90672
vt 0.50000 12.90672
vt 0.75000 12.90672
vt 1.00000 12.90672
vt 0.25000 14.51236
vt 0.75000 14.51236
vt 0.00000 12.94727
vt 0.25000 12.94727
vt 0.50000 12.94727
vt 0.75000 12.94727
vt 1.00000 12.94727
vt 0.25000 14.55771
vt 0.75000 14.55771
vt 0.00000 11.61027
vt 0.16667 11.61027
vt 0.33333 11.61027
vt 0.50000 11.61027
vt 0.66667 11.61027
vt 0.83333 11.61027
vt 1.00000 11.61027
vt 0.16667 12.97028
vt 0.50000 12.97028
vt 0.83333 12.97028
vt 0.00000 12.40502
vt 0.25000 12.40502
vt 0.50000 12.40502
vt 0.75000 12.40502
vt 1.00000 12.40502
vt 0.25000 14.07047
vt 0.75000 14.07047
vt 0.00000 9.89958
vt 0.16667 9.89958
vt 0.33333 9.89958
vt 0.50000 9.89958
vt 0.66667 9.89958
vt 0.83333 9.89958
vt 1.00000 9.89958
vt 0.00000 11.18248
vt 0.16667 11.18248
vt 0.33333 11.18248
vt 0.50000 11.18248
vt 0.66667 11.18248
vt 0.83333 11.18248
vt 1.00000 11.18248
vt 0.16667 12.40417
vt 0.50000 12.40417
vt 0.83333 12.40417
vt 0.00000 11.81963
vt 0.20000 11.81963
vt 0.40000 11.81963
vt 0.60000 11.81963
vt 0.80000 11.81963
vt 1.00000 11.81963
vt 0.20000 13.10195
vt 0.60000 13.10195
vt 1.00000 13.10195
vt 0.00000 14.00607
vt 0.25000 14.00607
vt 0.50000 14.00607
vt 0.75000 14.00607
vt 1.00000 14.00607
vt 0.25000 15.58990
vt 0.75000 15.58990
vt 0.00000 12.21616
vt 0.20000 12.21616
vt 0.40000 12.21616
vt 0.60000 12.21616
vt 0.80000 12.21616
vt 1.00000 12.21616
vt 0.20000 13.79274
vt 0.60000 13.79274
vt 1.00000 13.79274
vt 0.00000 12.27350
vt 0.20000 12.27350
vt 0.40000 12.27350
vt 0.60000 12.27350
vt 0.80000 12.27350
vt 1.00000 12.27350
vt 0.20000 13.79701
vt 0.60000 13.79701
vt 1.00000 13.79701
vt 0.00000 11.14912
vt 0.16667 11.14912
vt 0.33333 11.14912
vt 0.50000 11.14912
vt 0.66667 11.14912
vt 0.83333 11.14912
vt 1.00000 11.14912
vt 0.16667 12.48990
vt 0.50000 12.48990
vt 0.83333 12.48990
vt 0.00000 13.73352
vt 0.25000 13.73352
vt 0.50000 13.73352
vt 0.75000 13.73352
vt 1.00000 13.73352
vt 0.25000 15.19041
vt 0.75000 15.19041
vt 0.00000 12.11107
vt 0.20000 12.11107
vt 0.40000 12.11107
vt 0.60000 12.11107
vt 0.80000 12.11107
vt 1.00000 12.11107
vt 0.20000 13.71737
vt 0.60000 13.71737
vt 1.00000 13.71737
vt 0.00000 12.05151
vt 0.20000 12.05151
vt 0.40000 12.05151
vt 0.60000 12.05151
vt 0.80000 12.05151
vt 1.00000 12.05151
vt 0.20000 13.77316
vt 0.60000 13.77316
vt 1.00000 13.77316
vt 0.00000 13.35949
vt 0.25000 13.35949
vt 0.50000 13.35949
vt 0.75000 13.35949
vt 1.00000 13.35949
vt 0.25000 14.81887
vt 0.75000 14.81887
vt 0.00000 12.18492
vt 0.20000 12.18492
vt 0.40000 12.18492
vt 0.60000 12.18492
vt 0.80000 12.18492
vt 1.00000 12.18492
vt 0.20000 13.98719
vt 0.60000 13.98719
vt 1.00000 13.98719
vt 0.00000 10.22061
vt 0.16667 10.22061
vt 0.33333 10.22061
vt 0.50000 10.22061
vt 0.66667 10.22061
vt 0.83333 10.22061
vt 1.00000 10.22061
vt 0.00000 11.48899
vt 0.16667 11.48899
vt 0.33333 11.48899
vt 0.50000 11.48899
vt 0.66667 11.48899
vt 0.83333 11.48899
vt 1.00000 11.48899
vt 0.16667 12.68199
vt 0.50000 12.68199
vt 0.83333 12.68199
vt 0.00000 9.24658
vt 0.16667 9.24658
vt 0.33333 9.24658
vt 0.50000 9.24658
vt 0.66667 9.24658
vt 0.83333 9.24658
vt 1.00000 9.24658
vt 0.16667 10.69928
vt 0.50000 10.69928
vt 0.83333 10.69928
vt 0.00000 12.05483
vt 0.20000 12.05483
vt 0.40000 12.05483
vt 0.60000 12.05483
vt 0.80000 12.05483
vt 1.00000 12.05483
vt 0.20000 13.80905
vt 0.60000 13.80905
vt 1.00000 13.80905
vt 0.00000 17.04740
vt 0.33333 17.04740
vt 0.66667 17.04740
vt 0.00000 12.89120
vt 0.25000 12.89120
vt 0.50000 12.89120
vt 0.75000 12.89120
vt 1.00000 12.89120
vt 0.25000 14.55077
vt 0.75000 14.55077
vt 0.00000 16.77890
vt 0.33333 16.77890
vt 0.66667 16.77890
vt 0.00000 16.71659
vt 0.33333 16.71659
vt 0.66667 16.71659
vt 0.00000 14.25349
vt 0.33333 14.25349
vt 0.66667 14.25349
vt 1.00000 14.25349
vt 0.33333 16.26261
vt 1.00000 16.26261
vt 0.00000 9.68468
vt 0.20000 9.68468
vt 0.40000 9.68468
vt 0.60000 9.68468
vt 0.80000 9.68468
vt 1.00000 9.68468
vt 0.20000 11.04822
vt 0.60000 11.04822
vt 1.00000 11.04822
vt 0.00000 13.24427
vt 0.33333 13.24427
vt 0.66667 13.24427
vt 1.00000 13.24427
vt 0.33333 15.34285
vt 1.00000 15.34285
vt 0.00000 13.33797
vt 0.25000 13.33797
vt 0.50000 13.33797
vt 0.75000 13.33797
vt 1.00000 13.33797
vt 0.25000 15.01878
vt 0.75000 15.01878
vt 0.00000 15.70852
vt 0.33333 15.70852
vt 0.66667 15.70852
vt 0.00000 15.78159
vt 0.33333 15.78159
vt 0.66667 15.78159
vt 0.00000 9.74977
vt 0.25000 9.74977
vt 0.50000 9.74977
vt 0.75000 9.74977
vt 1.00000 9.74977
vt 0.25000 11.37663
vt 0.75000 11.37663
vt 0.00000 16.84671
vt 0.33333 16.84671
vt 0.66667 16.84671
vt 0.00000 13.37724
vt 0.33333 13.37724
vt 0.66667 13.37724
vt 1.00000 13.37724
vt 0.33333 15.46534
vt 1.00000 15.46534
vt 0.00000 9.20671
vt 0.25000 9.20671
vt 0.50000 9.20671
vt 0.75000 9.20671
vt 1.00000 9.20671
vt 0.25000 10.91791
vt 0.75000 10.91791
vt 0.00000 12.42844
vt 0.20000 12.42844
vt 0.40000 12.42844
vt 0.60000 12.42844
vt 0.80000 12.42844
vt 1.00000 12.42844
vt 0.20000 13.78164
vt 0.60000 13.78164
vt 1.00000 13.78164
vt 0.00000 16.39128
vt 0.33333 16.39128
vt 0.66667 16.39128
vt 0.00000 14.10487
vt 0.25000 14.10487
vt 0.50000 14.10487
vt 0.75000 14.10487
vt 1.00000 14.10487
vt 0.25000 15.58396
vt 0.75000 15.58396
vt 0.00000 16.19377
vt 0.33333 16.19377
vt 0.66667 16.19377
vt 0.00000 16.31139
vt 0.33333 16.31139
vt 0.66667 16.31139
vt 0.00000 13.78266
vt 0.25000 13.78266
vt 0.50000 13.78266
vt 0.75000 13.78266
vt 1.00000 13.78266
vt 0.25000 15.28353
vt 0.75000 15.28353
vt 0.00000 16.20328
vt 0.33333 16.20328
vt 0.66667 16.20328
vt 0.00000 9.59742
vt 0.20000 9.59742
vt 0.40000 9.59742
vt 0.60000 9.59742
vt 0.80000 9.59742
vt 1.00000 9.59742
vt 0.20000 11.25136
vt 0.60000 11.25136
vt 1.00000 11.25136
vt 0.00000 15.41171
vt 0.33333 15.41171
vt 0.66667 15.41171
vt 0.00000 12.72054
vt 0.33333 12.72054
vt 0.66667 12.72054
vt 0.00000 14.28820
vt 0.33333 14.28820
vt 0.66667 14.28820
vt 1.00000 14.28820
vt 0.33333 16.37092
vt 1.00000 16.37092
vt 0.00000 14.51910
vt 0.25000 14.51910
vt 0.50000 14.51910
vt 0.75000 14.51910
vt 1.00000 14.51910
vt 0.25000 15.93703
vt 0.75000 15.93703
vt 0.00000 14.35172
vt 0.25000 14.35172
vt 0.50000 14.35172
vt 0.75000 14.35172
vt 1.00000 14.35172
vt 0.25000 15.75093
vt 0.75000 15.75093
vt 0.00000 17.14727
vt 0.33333 17.14727
vt 0.66667 17.14727
vt 0.00000 14.46623
vt 0.33333 14.46623
vt 0.66667 14.46623
vt 1.00000 14.46623
vt 0.33333 16.50949
vt 1.00000 16.50949
vt 0.00000 11.58343
vt 0.25000 11.58343
vt 0.50000 11.58343
vt 0.75000 11.58343
vt 1.00000 11.58343
vt 0.25000 13.04488
vt 0.75000 13.04488
vt 0.00000 10.95779
vt 0.25000 10.95779
vt 0.50000 10.95779
vt 0.75000 10.95779
vt 1.00000 10.95779
vt 0.25000 12.43399
vt 0.75000 12.43399
vt 0.00000 0.00000
vt 0.00000 0.16405
vt 0.06250 0.16405
vt 0.06250 0.00000
vt 0.12500 0.16405
vt 0.12500 0.00000
vt 0.18750 0.16405
vt 0.18750 0.00000
vt 0.25000 0.16405
vt 0.25000 0.00000
vt 0.31250 0.16405
vt 0.31250 0.00000
vt 0.37500 0.16405
vt 0.37500 0.00000
vt 0.43750 0.16405
vt 0.43750 0.00000
vt 0.50000 0.16405
vt 0.50000 0.00000
vt 0.56250 0.16405
vt 0.56250 0.00000
vt 0.62500 0.16405
vt 0.62500 0.00000
vt 0.68750 0.16405
vt 0.68750 0.00000
vt 0.75000 0.16405
vt 0.75000 0.00000
vt 0.81250 0.16405
vt 0.81250 0.00000
vt 0.87500 0.16405
vt 0.87500 0.00000
vt 0.93750 0.16405
vt 0.93750 0.00000
vt 1.00000 0.16405
vt 1.00000 0.00000
vt 0.00000 0.35390
vt 0.06250 0.35390
vt 0.12500 0.35390
vt 0.18750 0.35390
vt 0.25000 0.35390
vt 0.31250 0.35390
vt 0.37500 0.35390
vt 0.43750 0.35390
vt 0.50000 0.35390
vt 0.56250 0.35390
vt 0.62500 0.35390
vt 0.68750 0.35390
vt 0.75000 0.35390
vt 0.81250 0.35390
vt 0.87500 0.35390
vt 0.93750 0.35390
vt 1.00000 0.35390
vt 0.00000 0.56305
vt 0.06250 0.56305
vt 0.12500 0.56305
vt 0.18750 0.56305
vt 0.25000 0.56305
vt 0.31250 0.56305
vt 0.37500 0.56305
vt 0.43750 0.56305
vt 0.50000 0.56305
vt 0.56250 0.56305
vt 0.62500 0.56305
vt 0.68750 0.56305
vt 0.75000 0.56305
vt 0.81250 0.56305
vt 0.87500 0.56305
vt 0.93750 0.56305
vt 1.00000 0.56305
vt 0.00000 0.84039
vt 0.06250 0.84039
vt 0.12500 0.84039
vt 0.18750 0.84039
vt 0.25000 0.84039
vt 0.31250 0.84039
vt 0.37500 0.84039
vt 0.43750 0.84039
vt 0.50000 0.84039
vt 0.56250 0.84039
vt 0.62500 0.84039
vt 0.68750 0.84039
vt 0.75000 0.84039
vt 0.81250 0.84039
vt 0.87500 0.84039
vt 0.93750 0.84039
vt 1.00000 0.84039
vt 0.00000 1.09199
vt 0.06250 1.09199
vt 0.12500 1.09199
vt 0.18750 1.09199
vt 0.25000 1.09199
vt 0.31250 1.09199
vt 0.37500 1.09199
vt 0.43750 1.09199
vt 0.50000 1.09199
vt 0.56250 1.09199
vt 0.62500 1.09199
vt 0.68750 1.09199
vt 0.75000 1.09199
vt 0.81250 1.09199
vt 0.87500 1.09199
vt 0.93750 1.09199
vt 1.00000 1.09199
vt 0.00000 1.37387
vt 0.06250 1.37387
vt 0.12500 1.37387
vt 0.18750 1.37387
vt 0.25000 1.37387
vt 0.31250 1.37387
vt 0.37500 1.37387
vt 0.43750 1.37387
vt 0.50000 1.37387
vt 0.56250 1.37387
vt 0.62500 1.37387
vt 0.68750 1.37387
vt 0.75000 1.37387
vt 0.81250 1.37387
vt 0.87500 1.37387
vt 0.93750 1.37387
vt 1.00000 1.37387
vt 0.00000 1.73171
vt 0.06250 1.73171
vt 0.12500 1.73171
vt 0.18750 1.73171
vt 0.25000 1.73171
vt 0.31250 1.73171
vt 0.37500 1.73171
vt 0.43750 1.73171
vt 0.50000 1.73171
vt 0.56250 1.73171
vt 0.62500 1.73171
vt 0.68750 1.73171
vt 0.75000 1.73171
vt 0.81250 1.73171
vt 0.87500 1.73171
vt 0.93750 1.73171
vt 1.00000 1.73171
vt 0.00000 2.05782
vt 0.12500 2.05782
vt 0.25000 2.05782
vt 0.37500 2.05782
vt 0.50000 2.05782
vt 0.62500 2.05782
vt 0.75000 2.05782
vt 0.87500 2.05782
vt 1.00000 2.05782
vt 0.00000 2.40962
vt 0.12500 2.40962
vt 0.25000 2.40962
vt 0.37500 2.40962
vt 0.50000 2.40962
vt 0.62500 2.40962
vt 0.75000 2.40962
vt 0.87500 2.40962
vt 1.00000 2.40962
vt 0.00000 2.85977
vt 0.12500 2.85977
vt 0.25000 2.85977
vt 0.37500 2.85977
vt 0.50000 2.85977
vt 0.62500 2.85977
vt 0.75000 2.85977
vt 0.87500 2.85977
vt 1.00000 2.85977
vt 0.00000 3.26689
vt 0.12500 3.26689
vt 0.25000 3.26689
vt 0.37500 3.26689
vt 0.50000 3.26689
vt 0.62500 3.26689
vt 0.75000 3.26689
vt 0.87500 3.26689
vt 1.00000 3.26689
vt 0.00000 3.70000
vt 0.12500 3.70000
vt 0.25000 3.70000
vt 0.37500 3.70000
vt 0.50000 3.70000
vt 0.62500 3.70000
vt 0.75000 3.70000
vt 0.87500 3.70000
vt 1.00000 3.70000
vt 0.00000 4.24789
vt 0.12500 4.24789
vt 0.25000 4.24789
vt 0.37500 4.24789
vt 0.50000 4.24789
vt 0.62500 4.24789
vt 0.75000 4.24789
vt 0.87500 4.24789
vt 1.00000 4.24789
vt 0.00000 4.73968
vt 0.12500 4.73968
vt 0.25000 4.73968
vt 0.37500 4.73968
vt 0.50000 4.73968
vt 0.62500 4.73968
vt 0.75000 4.73968
vt 0.87500 4.73968
vt 1.00000 4.73968
vt 0.00000 5.25492
vt 0.12500 5.25492
vt 0.25000 5.25492
vt 0.37500 5.25492
vt 0.50000 5.25492
vt 0.62500 5.25492
vt 0.75000 5.25492
vt 0.87500 5.25492
vt 1.00000 5.25492
vt 0.00000 5.90878
vt 0.25000 5.90878
vt 0.50000 5.90878
vt 0.75000 5.90878
vt 1.00000 5.90878
vt 0.00000 6.49129
vt 0.25000 6.49129
vt 0.50000 6.49129
vt 0.75000 6.49129
vt 1.00000 6.49129
vt 0.00000 7.09268
vt 0.25000 7.09268
vt 0.50000 7.09268
vt 0.75000 7.09268
vt 1.00000 7.09268
vt 0.00000 7.84564
vt 0.25000 7.84564
vt 0.50000 7.84564
vt 0.75000 7.84564
vt 1.00000 7.84564
vt 0.00000 8.50146
vt 0.25000 8.50146
vt 0.50000 8.50146
vt 0.75000 8.50146
vt 1.00000 8.50146
vt 0.00000 9.17810
vt 0.25000 9.17810
vt 0.50000 9.17810
vt 0.75000 9.17810
vt 1.00000 9.17810
vt 0.00000 10.01768
vt 0.25000 10.01768
vt 0.50000 10.01768
vt 0.75000 10.01768
vt 1.00000 10.01768
vt 0.00000 10.75019
vt 0.25000 10.75019
vt 0.50000 10.75019
vt 0.75000 10.75019
vt 1.00000 10.75019
vt 0.00000 11.63300
vt 0.25000 11.63300
vt 0.50000 11.63300
vt 0.75000 11.63300
vt 1.00000 11.63300
vt 0.12500 11.60722
vt 0.37500 11.60722
vt 0.62500 11.60722
vt 0.87500 11.60722
vt 0.14645 0.14645
vt 0.50000 0.50000
vt 0.03806 0.30866
vt 0.30866 0.03806
vt 0.50000 0.00000
vt 0.69134 0.03806
vt 0.85355 0.14645
vt 0.96194 0.30866
vt 1.00000 0.50000
vt 0.96194 0.69134
vt 0.85355 0.85355
vt 0.69134 0.96194
vt 0.50000 1.00000
vt 0.30866 0.96194
vt 0.14645 0.85355
vt 0.03806 0.69134
vt 0.00000 0.50000
vt 0.03806 0.30866

g bark02
usemtl bark02
f 2/2/2 1/1/1 3/3/3
f 4/4/4 3/3/3 1/1/1
f 4/4/4 5/5/5 3/3/3
f 6/6/6 3/3/3 5/5/5
f 6/6/6 5/5/5 7/7/7
f 8/8/8 7/7/7 5/5/5
f 8/8/8 9/9/9 7/7/7
f 10/10/10 7/7/7 9/9/9
f 10/10/10 9/9/9 11/11/11
f 12/12/12 11/11/11 9/9/9
f 13/13/13 2/2/2 14/14/14
f 3/3/3 14/14/14 2/2/2
f 3/3/3 6/6/6 14/14/14
f 15/15/15 14/14/14 6/6/6
f 15/15/15 6/6/6 16/16/16
f 7/7/7 16/16/16 6/6/6
f 7/7/7 10/10/10 16/16/16
f 17/17/17 16/16/16 10/10/10
f 17/17/17 10/10/10 18/18/18
f 11/11/11 18/18/18 10/10/10
f 19/19/19 13/13/13 20/20/20
f 14/14/14 20/20/20 13/13/13
f 14/14/14 15/15/15 20/20/20
f 21/21/21 20/20/20 15/15/15
f 21/21/21 15/15/15 22/22/22
f 16/16/16 22/22/22 15/15/15
f 16/16/16 17/17/17 22/22/22
f 23/23/23 22/22/22 17/17/17
f 23/23/23 17/17/17 24/24/24
f 18/18/18 24/24/24 17/17/17
f 25/25/25 19/19/19 26/26/26
f 20/20/20 26/26/26 19/19/19
f 20/20/20 21/21/21 26/26/26
f 27/27/27 26/26/26 21/21/21
f 27/27/27 21/21/21 28/28/28
f 22/22/22 28/28/28 21/21/21
f 22/22/22 23/23/23 28/28/28
f 29/29/29 28/28/28 23/23/23
f 29/29/29 23/23/23 30/30/30
f 24/24/24 30/30/30 23/23/23
f 31/31/31 25/25/25 32/32/32
f 26/26/26 32/32/32 25/25/25
f 26/26/26 27/27/27 32/32/32
f 33/33/33 32/32/32 27/27/27
f 33/33/33 27/27/27 34/34/34
f 28/28/28 34/34/34 27/27/27
f 28/28/28 29/29/29 34/34/34
f 35/35/35 34/34/34 29/29/29
f 35/35/35 29/29/29 36/36/36
f 30/30/30 36/36/36 29/29/29
f 37/37/37 31/31/31 38/38/38
f 32/32/32 38/38/38 31/31/31
f 32/32/32 33/33/33 38/38/38
f 39/39/39 38/38/38 33/33/33
f 39/39/39 33/33/33 40/40/40
f 34/34/34 40/40/40 33/33/33
f 34/34/34 35/35/35 40/40/40
f 41/41/41 40/40/40 35/35/35
f 41/41/41 35/35/35 42/42/42
f 36/36/36 42/42/42 35/35/35
f 43/43/43 37/37/37 44/44/44
f 38/38/38 44/44/44 37/37/37
f 38/38/38 39/39/39 44/44/44
f 45/45/45 44/44/44 39/39/39
f 45/45/45 39/39/39 46/46/46
f 40/40/40 46/46/46 39/39/39
f 40/40/40 41/41/41 46/46/46
f 47/47/47 46/46/46 41/41/41
f 47/47/47 41/41/41 48/48/48
f 42/42/42 48/48/48 41/41/41
f 49/49/49 43/43/43 50/50/50
f 44/44/44 50/50/50 43/43/43
f 44/44/44 45/45/45 50/50/50
f 51/51/51 50/50/50 45/45/45
f 51/51/51 45/45/45 52/52/52
f 46/46/46 52/52/52 45/45/45
f 46/46/46 47/47/47 52/52/52
f 53/53/53 52/52/52 47/47/47
f 53/53/53 47/47/47 54/54/54
f 48/48/48 54/54/54 47/47/47
f 55/55/55 49/49/49 56/56/56
f 50/50/50 56/56/56 49/49/49
f 50/50/50 51/51/51 56/56/56
f 57/57/57 56/56/56 51/51/51
f 57/57/57 51/51/51 58/58/58
f 52/52/52 58/58/58 51/51/51
f 52/52/52 53/53/53 58/58/58
f 59/59/59 58/58/58 53/53/53
f 59/59/59 53/53/53 60/60/60
f 54/54/54 60/60/60 53/53/53
f 61/61/61 55/55/55 62/62/62
f 56/56/56 62/62/62 55/55/55
f 56/56/56 57/57/57 62/62/62
f 63/63/63 62/62/62 57/57/57
f 63/63/63 57/57/57 64/64/64
f 58/58/58 64/64/64 57/57/57
f 58/58/58 59/59/59 64/64/64
f 65/65/65 64/64/64 59/59/59
f 65/65/65 59/59/59 66/66/66
f 60/60/60 66/66/66 59/59/59
f 67/67/67 61/61/61 68/68/68
f 62/62/62 68/68/68 61/61/61
f 62/62/62 63/63/63 68/68/68
f 69/69/69 68/68/68 63/63/63
f 69/69/69 63/63/63 70/70/70
f 64/64/64 70/70/70 63/63/63
f 64/64/64 65/65/65 70/70/70
f 71/71/71 70/70/70 65/65/65
f 71/71/71 65/65/65 72/72/72
f 66/66/66 72/72/72 65/65/65
f 73/73/73 67/67/67 74/74/74
f 68/68/68 74/74/74 67/67/67
f 68/68/68 69/69/69 74/74/74
f 75/75/75 74/74/74 69/69/69
f 75/75/75 69/69/69 76/76/76
f 70/70/70 76/76/76 69/69/69
f 70/70/70 71/71/71 76/76/76
f 77/77/77 76/76/76 71/71/71
f 77/77/77 71/71/71 78/78/78
f 72/72/72 78/78/78 71/71/71
f 79/79/79 73/73/73 80/80/80
f 74/74/74 80/80/80 73/73/73
f 74/74/74 75/75/75 80/80/80
f 81/81/81 80/80/80 75/75/75
f 81/81/81 75/75/75 82/82/82
f 76/76/76 82/82/82 75/75/75
f 76/76/76 77/77/77 82/82/82
f 83/83/83 82/82/82 77/77/77
f 83/83/83 77/77/77 84/84/84
f 78/78/78 84/84/84 77/77/77
f 85/85/85 79/79/79 86/86/86
f 80/80/80 86/86/86 79/79/79
f 80/80/80 81/81/81 86/86/86
f 87/87/87 86/86/86 81/81/81
f 87/87/87 81/81/81 88/88/88
f 82/82/82 88/88/88 81/81/81
f 82/82/82 83/83/83 88/88/88
f 89/89/89 88/88/88 83/83/83
f 89/89/89 83/83/83 90/90/90
f 84/84/84 90/90/90 83/83/83
f 86/86/86 91/91/91 85/85/85
f 86/86/86 87/87/87 91/91/91
f 88/88/88 92/92/92 87/87/87
f 88/88/88 89/89/89 92/92/92
f 90/90/90 93/93/93 89/89/89
f 95/95/95 94/94/94 96/96/96
f 97/97/97 96/96/96 94/94/94
f 97/97/97 98/98/98 96/96/96
f 99/99/99 96/96/96 98/98/98
f 99/99/99 98/98/98 100/100/100
f 101/101/101 100/100/100 98/98/98
f 101/101/101 102/102/102 100/100/100
f 103/103/103 100/100/100 102/102/102
f 103/103/103 102/102/102 104/104/104
f 105/105/105 104/104/104 102/102/102
f 106/106/106 95/95/95 107/107/107
f 96/96/96 107/107/107 95/95/95
f 96/96/96 99/99/99 107/107/107
f 108/108/108 107/107/107 99/99/99
f 108/108/108 99/99/99 109/109/109
f 100/100/100 109/109/109 99/99/99
f 100/100/100 103/103/103 109/109/109
f 110/110/110 109/109/109 103/103/103
f 110/110/110 103/103/103 111/111/111
f 104/104/104 111/111/111 103/103/103
f 112/112/112 106/106/106 113/113/113
f 107/107/107 113/113/113 106/106/106
f 107/107/107 108/108/108 113/113/113
f 114/114/114 113/113/113 108/108/108
f 114/114/114 108/108/108 115/115/115
f 109/109/109 115/115/115 108/108/108
f 109/109/109 110/110/110 115/115/115
f 116/116/116 115/115/115 110/110/110
f 116/116/116 110/110/110 117/117/117
f 111/111/111 117/117/117 110/110/110
f 118/118/118 112/112/112 119/119/119
f 113/113/113 119/119/119 112/112/112
f 113/113/113 114/114/114 119/119/119
f 120/120/120 119/119/119 114/114/114
f 120/120/120 114/114/114 121/121/121
f 115/115/115 121/121/121 114/114/114
f 115/115/115 116/116/116 121/121/121
f 122/122/122 121/121/121 116/116/116
f 122/122/122 116/116/116 123/123/123
f 117/117/117 123/123/123 116/116/116
f 124/124/124 118/118/118 125/125/125
f 119/119/119 125/125/125 118/118/118
f 119/119/119 120/120/120 125/125/125
f 126/126/126 125/125/125 120/120/120
f 126/126/126 120/120/120 127/127/127
f 121/121/121 127/127/127 120/120/120
f 121/121/121 122/122/122 127/127/127
f 128/128/128 127/127/127 122/122/122
f 128/128/128 122/122/122 129/129/129
f 123/123/123 129/129/129 122/122/122
f 130/130/130 124/124/124 131/131/131
f 125/125/125 131/131/131 124/124/124
f 125/125/125 126/126/126 131/131/131
f 132/132/132 131/131/131 126/126/126
f 132/132/132 126/126/126 133/133/133
f 127/127/127 133/133/133 126/126/126
f 127/127/127 128/128/128 133/133/133
f 134/134/134 133/133/133 128/128/128
f 134/134/134 128/128/128 135/135/135
f 129/129/129 135/135/135 128/128/128
f 136/136/136 130/130/130 137/137/137
f 131/131/131 137/137/137 130/130/130
f 131/131/131 132/132/132 137/137/137
f 138/138/138 137/137/137 132/132/132
f 138/138/138 132/132/132 139/139/139
f 133/133/133 139/139/139 132/132/132
f 133/133/133 134/134/134 139/139/139
f 140/140/140 139/139/139 134/134/134
f 140/140/140 134/134/134 141/141/141
f 135/135/135 141/141/141 134/134/134
f 142/142/142 136/136/136 143/143/143
f 137/137/137 143/143/143 136/136/136
f 137/137/137 138/138/138 143/143/143
f 144/144/144 143/143/143 138/138/138
f 144/144/144 138/138/138 145/145/145
f 139/139/139 145/145/145 138/138/138
f 139/139/139 140/140/140 145/145/145
f 146/146/146 145/145/145 140/140/140
f 146/146/146 140/140/140 147/147/147
f 141/141/141 147/147/147 140/140/140
f 148/148/148 142/142/142 149/149/149
f 143/143/143 149/149/149 142/142/142
f 143/143/143 144/144/144 149/149/149
f 150/150/150 149/149/149 144/144/144
f 150/150/150 144/144/144 151/151/151
f 145/145/145 151/151/151 144/144/144
f 145/145/145 146/146/146 151/151/151
f 152/152/152 151/151/151 146/146/146
f 152/152/152 146/146/146 153/153/153
f 147/147/147 153/153/153 146/146/146
f 154/154/154 148/148/148 155/155/155
f 149/149/149 155/155/155 148/148/148
f 149/149/149 150/150/150 155/155/155
f 156/156/156 155/155/155 150/150/150
f 156/156/156 150/150/150 157/157/157
f 151/151/151 157/157/157 150/150/150
f 151/151/151 152/152/152 157/157/157
f 158/158/158 157/157/157 152/152/152
f 158/158/158 152/152/152 159/159/159
f 153/153/153 159/159/159 152/152/152
f 160/160/160 154/154/154 161/161/161
f 155/155/155 161/161/161 154/154/154
f 155/155/155 156/156/156 161/161/161
f 162/162/162 161/161/161 156/156/156
f 162/162/162 156/156/156 163/163/163
f 157/157/157 163/163/163 156/156/156
f 157/157/157 158/158/158 163/163/163
f 164/164/164 163/163/163 158/158/158
f 164/164/164 158/158/158 165/165/165
f 159/159/159 165/165/165 158/158/158
f 166/166/166 160/160/160 167/167/167
f 161/161/161 167/167/167 160/160/160
f 161/161/161 162/162/162 167/167/167
f 168/168/168 167/167/167 162/162/162
f 168/168/168 162/162/162 169/169/169
f 163/163/163 169/169/169 162/162/162
f 163/163/163 164/164/164 169/169/169
f 170/170/170 169/169/169 164/164/164
f 170/170/170 164/164/164 171/171/171
f 165/165/165 171/171/171 164/164/164
f 172/172/172 166/166/166 173/173/173
f 167/167/167 173/173/173 166/166/166
f 167/167/167 168/168/168 173/173/173
f 174/174/174 173/173/173 168/168/168
f 174/174/174 168/168/168 175/175/175
f 169/169/169 175/175/175 168/168/168
f 169/169/169 170/170/170 175/175/175
f 176/176/176 175/175/175 170/170/170
f 176/176/176 170/170/170 177/177/177
f 171/171/171 177/177/177 170/170/170
f 178/178/178 172/172/172 179/179/179
f 173/173/173 179/179/179 172/172/172
f 173/173/173 174/174/174 179/179/179
f 180/180/180 179/179/179 174/174/174
f 180/180/180 174/174/174 181/181/181
f 175/175/175 181/181/181 174/174/174
f 175/175/175 176/176/176 181/181/181
f 182/182/182 181/181/181 176/176/176
f 182/182/182 176/176/176 183/183/183
f 177/177/177 183/183/183 176/176/176
f 179/179/179 184/184/184 178/178/178
f 179/179/179 180/180/180 184/184/184
f 181/181/181 185/185/185 180/180/180
f 181/181/181 182/182/182 185/185/185
f 183/183/183 186/186/186 182/182/182
f 188/188/188 187/187/187 189/189/189
f 190/190/190 189/189/189 187/187/187
f 190/190/190 191/191/191 189/189/189
f 192/192/192 189/189/189 191/191/191
f 192/192/192 191/191/191 193/193/193
f 194/194/194 193/193/193 191/191/191
f 194/194/194 195/195/195 193/193/193
f 196/196/196 193/193/193 195/195/195
f 196/196/196 195/195/195 197/197/197
f 198/198/198 197/197/197 195/195/195
f 199/199/199 188/188/188 200/200/200
f 189/189/189 200/200/200 188/188/188
f 189/189/189 192/192/192 200/200/200
f 201/201/201 200/200/200 192/192/192
f 201/201/201 192/192/192 202/202/202
f 193/193/193 202/202/202 192/192/192
f 193/193/193 196/196/196 202/202/202
f 203/203/203 202/202/202 196/196/196
f 203/203/203 196/196/196 204/204/204
f 197/197/197 204/204/204 196/196/196
f 205/205/205 199/199/199 206/206/206
f 200/200/200 206/206/206 199/199/199
f 200/200/200 201/201/201 206/206/206
f 207/207/207 206/206/206 201/201/201
f 207/207/207 201/201/201 208/208/208
f 202/202/202 208/208/208 201/201/201
f 202/202/202 203/203/203 208/208/208
f 209/209/209 208/208/208 203/203/203
f 209/209/209 203/203/203 210/210/210
f 204/204/204 210/210/210 203/203/203
f 211/211/211 205/205/205 212/212/212
f 206/206/206 212/212/212 205/205/205
f 206/206/206 207/207/207 212/212/212
f 213/213/213 212/212/212 207/207/207
f 213/213/213 207/207/207 214/214/214
f 208/208/208 214/214/214 207/207/207
f 208/208/208 209/209/209 214/214/214
f 215/215/215 214/214/214 209/209/209
f 215/215/215 209/209/209 216/216/216
f 210/210/210 216/216/216 209/209/209
f 217/217/217 211/211/211 218/218/218
f 212/212/212 218/218/218 211/211/211
f 212/212/212 213/213/213 218/218/218
f 219/219/219 218/218/218 213/213/213
f 219/219/219 213/213/213 220/220/220
f 214/214/214 220/220/220 213/213/213
f 214/214/214 215/215/215 220/220/220
f 221/221/221 220/220/220 215/215/215
f 221/221/221 215/215/215 222/222/222
f 216/216/216 222/222/222 215/215/215
f 223/223/223 217/217/217 224/224/224
f 218/218/218 224/224/224 217/217/217
f 218/218/218 219/219/219 224/224/224
f 225/225/225 224/224/224 219/219/219
f 225/225/225 219/219/219 226/226/226
f 220/220/220 226/226/226 219/219/219
f 220/220/220 221/221/221 226/226/226
f 227/227/227 226/226/226 221/221/221
f 227/227/227 221/221/221 228/228/228
f 222/222/222 228/228/228 221/221/221
f 229/229/229 223/223/223 230/230/230
f 224/224/224 230/230/230 223/223/223
f 224/224/224 225/225/225 230/230/230
f 231/231/231 230/230/230 225/225/225
f 231/231/231 225/225/225 232/232/232
f 226/226/226 232/232/232 225/225/225
f 226/226/226 227/227/227 232/232/232
f 233/233/233 232/232/232 227/227/227
f 233/233/233 227/227/227 234/234/234
f 228/228/228 234/234/234 227/227/227
f 235/235/235 229/229/229 236/236/236
f 230/230/230 236/236/236 229/229/229
f 230/230/230 231/231/231 236/236/236
f 237/237/237 236/236/236 231/231/231
f 237/237/237 231/231/231 238/238/238
f 232/232/232 238/238/238 231/231/231
f 232/232/232 233/233/233 238/238/238
f 239/239/239 238/238/238 233/233/233
f 239/239/239 233/233/233 240/240/240
f 234/234/234 240/240/240 233/233/233
f 241/241/241 235/235/235 242/242/242
f 236/236/236 242/242/242 235/235/235
f 236/236/236 237/237/237 242/242/242
f 243/243/243 242/242/242 237/237/237
f 243/243/243 237/237/237 244/244/244
f 238/238/238 244/244/244 237/237/237
f 238/238/238 239/239/239 244/244/244
f 245/245/245 244/244/244 239/239/239
f 245/245/245 239/239/239 246/246/246
f 240/240/240 246/246/246 239/239/239
f 247/247/247 241/241/241 248/248/248
f 242/242/242 248/248/248 241/241/241
f 242/242/242 243/243/243 248/248/248
f 249/249/249 248/248/248 243/243/243
f 249/249/249 243/243/243 250/250/250
f 244/244/244 250/250/250 243/243/243
f 244/244/244 245/245/245 250/250/250
f 251/251/251 250/250/250 245/245/245
f 251/251/251 245/245/245 252/252/252
f 246/246/246 252/252/252 245/245/245
f 253/253/253 247/247/247 254/254/254
f 248/248/248 254/254/254 247/247/247
f 248/248/248 249/249/249 254/254/254
f 255/255/255 254/254/254 249/249/249
f 255/255/255 249/249/249 256/256/256
f 250/250/250 256/256/256 249/249/249
f 250/250/250 251/251/251 256/256/256
f 257/257/257 256/256/256 251/251/251
f 257/257/257 251/251/251 258/258/258
f 252/252/252 258/258/258 251/251/251
f 259/259/259 253/253/253 260/260/260
f 254/254/254 260/260/260 253/253/253
f 254/254/254 255/255/255 260/260/260
f 261/261/261 260/260/260 255/255/255
f 261/261/261 255/255/255 262/262/262
f 256/256/256 262/262/262 255/255/255
f 256/256/256 257/257/257 262/262/262
f 263/263/263 262/262/262 257/257/257
f 263/263/263 257/257/257 264/264/264
f 258/258/258 264/264/264 257/257/257
f 265/265/265 259/259/259 266/266/266
f 260/260/260 266/266/266 259/259/259
f 260/260/260 261/261/261 266/266/266
f 267/267/267 266/266/266 261/261/261
f 267/267/267 261/261/261 268/268/268
f 262/262/262 268/268/268 261/261/261
f 262/262/262 263/263/263 268/268/268
f 269/269/269 268/268/268 263/263/263
f 269/269/269 263/263/263 270/270/270
f 264/264/264 270/270/270 263/263/263
f 271/271/271 265/265/265 272/272/272
f 266/266/266 272/272/272 265/265/265
f 266/266/266 267/267/267 272/272/272
f 273/273/273 272/272/272 267/267/267
f 273/273/273 267/267/267 274/274/274
f 268/268/268 274/274/274 267/267/267
f 268/268/268 269/269/269 274/274/274
f 275/275/275 274/274/274 269/269/269
f 275/275/275 269/269/269 276/276/276
f 270/270/270 276/276/276 269/269/269
f 272/272/272 277/277/277 271/271/271
f 272/272/272 273/273/273 277/277/277
f 274/274/274 278/278/278 273/273/273
f 274/274/274 275/275/275 278/278/278
f 276/276/276 279/279/279 275/275/275
f 281/281/281 280/280/280 282/282/282
f 283/283/283 282/282/282 280/280/280
f 283/283/283 284/284/284 282/282/282
f 285/285/285 282/282/282 284/284/284
f 285/285/285 284/284/284 286/286/286
f 287/287/287 286/286/286 284/284/284
f 287/287/287 288/288/288 286/286/286
f 289/289/289 286/286/286 288/288/288
f 289/289/289 288/288/288 290/290/290
f 291/291/291 290/290/290 288/288/288
f 292/292/292 281/281/281 293/293/293
f 282/282/282 293/293/293 281/281/281
f 282/282/282 285/285/285 293/293/293
f 294/294/294 293/293/293 285/285/285
f 294/294/294 285/285/285 295/295/295
f 286/286/286 295/295/295 285/285/285
f 286/286/286 289/289/289 295/295/295
f 296/296/296 295/295/295 289/289/289
f 296/296/296 289/289/289 297/297/297
f 290/290/290 297/297/297 289/289/289
f 298/298/298 292/292/292 299/299/299
f 293/293/293 299/299/299 292/292/292
f 293/293/293 294/294/294 299/299/299
f 300/300/300 299/299/299 294/294/294
f 300/300/300 294/294/294 301/301/301
f 295/295/295 301/301/301 294/294/294
f 295/295/295 296/296/296 301/301/301
f 302/302/302 301/301/301 296/296/296
f 302/302/302 296/296/296 303/303/303
f 297/297/297 303/303/303 296/296/296
f 304/304/304 298/298/298 305/305/305
f 299/299/299 305/305/305 298/298/298
f 299/299/299 300/300/300 305/305/305
f 306/306/306 305/305/305 300/300/300
f 306/306/306 300/300/300 307/307/307
f 301/301/301 307/307/307 300/300/300
f 301/301/301 302/302/302 307/307/307
f 308/308/308 307/307/307 302/302/302
f 308/308/308 302/302/302 309/309/309
f 303/303/303 309/309/309 302/302/302
f 310/310/310 304/304/304 311/311/311
f 305/305/305 311/311/311 304/304/304
f 305/305/305 306/306/306 311/311/311
f 312/312/312 311/311/311 306/306/306
f 312/312/312 306/306/306 313/313/313
f 307/307/307 313/313/313 306/306/306
f 307/307/307 308/308/308 313/313/313
f 314/314/314 313/313/313 308/308/308
f 314/314/314 308/308/308 315/315/315
f 309/309/309 315/315/315 308/308/308
f 316/316/316 310/310/310 317/317/317
f 311/311/311 317/317/317 310/310/310
f 311/311/311 312/312/312 317/317/317
f 318/318/318 317/317/317 312/312/312
f 318/318/318 312/312/312 319/319/319
f 313/313/313 319/319/319 312/312/312
f 313/313/313 314/314/314 319/319/319
f 320/320/320 319/319/319 314/314/314
f 320/320/320 314/314/314 321/321/321
f 315/315/315 321/321/321 314/314/314
f 322/322/322 316/316/316 323/323/323
f 317/317/317 323/323/323 316/316/316
f 317/317/317 318/318/318 323/323/323
f 324/324/324 323/323/323 318/318/318
f 324/324/324 318/318/318 325/325/325
f 319/319/319 325/325/325 318/318/318
f 319/319/319 320/320/320 325/325/325
f 326/326/326 325/325/325 320/320/320
f 326/326/326 320/320/320 327/327/327
f 321/321/321 327/327/327 320/320/320
f 328/328/328 322/322/322 329/329/329
f 323/323/323 329/329/329 322/322/322
f 323/323/323 324/324/324 329/329/329
f 330/330/330 329/329/329 324/324/324
f 330/330/330 324/324/324 331/331/331
f 325/325/325 331/331/331 324/324/324
f 325/325/325 326/326/326 331/331/331
f 332/332/332 331/331/331 326/326/326
f 332/332/332 326/326/326 333/333/333
f 327/327/327 333/333/333 326/326/326
f 334/334/334 328/328/328 335/335/335
f 329/329/329 335/335/335 328/328/328
f 329/329/329 330/330/330 335/335/335
f 336/336/336 335/335/335 330/330/330
f 336/336/336 330/330/330 337/337/337
f 331/331/331 337/337/337 330/330/330
f 331/331/331 332/332/332 337/337/337
f 338/338/338 337/337/337 332/332/332
f 338/338/338 332/332/332 339/339/339
f 333/333/333 339/339/339 332/332/332
f 340/340/340 334/334/334 341/341/341
f 335/335/335 341/341/341 334/334/334
f 335/335/335 336/336/336 341/341/341
f 342/342/342 341/341/341 336/336/336
f 342/342/342 336/336/336 343/343/343
f 337/337/337 343/343/343 336/336/336
f 337/337/337 338/338/338 343/343/343
f 344/344/344 343/343/343 338/338/338
f 344/344/344 338/338/338 345/345/345
f 339/339/339 345/345/345 338/338/338
f 346/346/346 340/340/340 347/347/347
f 341/341/341 347/347/347 340/340/340
f 341/341/341 342/342/342 347/347/347
f 348/348/348 347/347/347 342/342/342
f 348/348/348 342/342/342 349/349/349
f 343/343/343 349/349/349 342/342/342
f 343/343/343 344/344/344 349/349/349
f 350/350/350 349/349/349 344/344/344
f 350/350/350 344/344/344 351/351/351
f 345/345/345 351/351/351 344/344/344
f 352/352/352 346/346/346 353/353/353
f 347/347/347 353/353/353 346/346/346
f 347/347/347 348/348/348 353/353/353
f 354/354/354 353/353/353 348/348/348
f 354/354/354 348/348/348 355/355/355
f 349/349/349 355/355/355 348/348/348
f 349/349/349 350/350/350 355/355/355
f 356/356/356 355/355/355 350/350/350
f 356/356/356 350/350/350 357/357/357
f 351/351/351 357/357/357 350/350/350
f 358/358/358 352/352/352 359/359/359
f 353/353/353 359/359/359 352/352/352
f 353/353/353 354/354/354 359/359/359
f 360/360/360 359/359/359 354/354/354
f 360/360/360 354/354/354 361/361/361
f 355/355/355 361/361/361 354/354/354
f 355/355/355 356/356/356 361/361/361
f 362/362/362 361/361/361 356/356/356
f 362/362/362 356/356/356 363/363/363
f 357/357/357 363/363/363 356/356/356
f 364/364/364 358/358/358 365/365/365
f 359/359/359 365/365/365 358/358/358
f 359/359/359 360/360/360 365/365/365
f 366/366/366 365/365/365 360/360/360
f 366/366/366 360/360/360 367/367/367
f 361/361/361 367/367/367 360/360/360
f 361/361/361 362/362/362 367/367/367
f 368/368/368 367/367/367 362/362/362
f 368/368/368 362/362/362 369/369/369
f 363/363/363 369/369/369 362/362/362
f 370/370/370 364/364/364 371/371/371
f 365/365/365 371/371/371 364/364/364
f 365/365/365 366/366/366 371/371/371
f 372/372/372 371/371/371 366/366/366
f 372/372/372 366/366/366 373/373/373
f 367/367/367 373/373/373 366/366/366
f 367/367/367 368/368/368 373/373/373
f 374/374/374 373/373/373 368/368/368
f 374/374/374 368/368/368 375/375/375
f 369/369/369 375/375/375 368/368/368
f 371/371/371 376/376/376 370/370/370
f 371/371/371 372/372/372 376/376/376
f 373/373/373 377/377/377 372/372/372
f 373/373/373 374/374/374 377/377/377
f 375/375/375 378/378/378 374/374/374
f 380/380/380 379/379/379 381/381/381
f 382/382/382 381/381/381 379/379/379
f 382/382/382 383/383/383 381/381/381
f 384/384/384 381/381/381 383/383/383
f 384/384/384 383/383/383 385/385/385
f 386/386/386 385/385/385 383/383/383
f 386/386/386 387/387/387 385/385/385
f 388/388/388 385/385/385 387/387/387
f 388/388/388 387/387/387 389/389/389
f 390/390/390 389/389/389 387/387/387
f 391/391/391 380/380/380 392/392/392
f 381/381/381 392/392/392 380/380/380
f 381/381/381 384/384/384 392/392/392
f 393/393/393 392/392/392 384/384/384
f 393/393/393 384/384/384 394/394/394
f 385/385/385 394/394/394 384/384/384
f 385/385/385 388/388/388 394/394/394
f 395/395/395 394/394/394 388/388/388
f 395/395/395 388/388/388 396/396/396
f 389/389/389 396/396/396 388/388/388
f 397/397/397 391/391/391 398/398/398
f 392/392/392 398/398/398 391/391/391
f 392/392/392 393/393/393 398/398/398
f 399/399/399 398/398/398 393/393/393
f 399/399/399 393/393/393 400/400/400
f 394/394/394 400/400/400 393/393/393
f 394/394/394 395/395/395 400/400/400
f 401/401/401 400/400/400 395/395/395
f 401/401/401 395/395/395 402/402/402
f 396/396/396 402/402/402 395/395/395
f 403/403/403 397/397/397 404/404/404
f 398/398/398 404/404/404 397/397/397
f 398/398/398 399/399/399 404/404/404
f 405/405/405 404/404/404 399/399/399
f 405/405/405 399/399/399 406/406/406
f 400/400/400 406/406/406 399/399/399
f 400/400/400 401/401/401 406/406/406
f 407/407/407 406/406/406 401/401/401
f 407/407/407 401/401/401 408/408/408
f 402/402/402 408/408/408 401/401/401
f 409/409/409 403/403/403 410/410/410
f 404/404/404 410/410/410 403/403/403
f 404/404/404 405/405/405 410/410/410
f 411/411/411 410/410/410 405/405/405
f 411/411/411 405/405/405 412/412/412
f 406/406/406 412/412/412 405/405/405
f 406/406/406 407/407/407 412/412/412
f 413/413/413 412/412/412 407/407/407
f 413/413/413 407/407/407 414/414/414
f 408/408/408 414/414/414 407/407/407
f 415/415/415 409/409/409 416/416/416
f 410/410/410 416/416/416 409/409/409
f 410/410/410 411/411/411 416/416/416
f 417/417/417 416/416/416 411/411/411
f 417/417/417 411/411/411 418/418/418
f 412/412/412 418/418/418 411/411/411
f 412/412/412 413/413/413 418/418/418
f 419/419/419 418/418/418 413/413/413
f 419/419/419 413/413/413 420/420/420
f 414/414/414 420/420/420 413/413/413
f 421/421/421 415/415/415 422/422/422
f 416/416/416 422/422/422 415/415/415
f 416/416/416 417/417/417 422/422/422
f 423/423/423 422/422/422 417/417/417
f 423/423/423 417/417/417 424/424/424
f 418/418/418 424/424/424 417/417/417
f 418/418/418 419/419/419 424/424/424
f 425/425/425 424/424/424 419/419/419
f 425/425/425 419/419/419 426/426/426
f 420/420/420 426/426/426 419/419/419
f 427/427/427 421/421/421 428/428/428
f 422/422/422 428/428/428 421/421/421
f 422/422/422 423/423/423 428/428/428
f 429/429/429 428/428/428 423/423/423
f 429/429/429 423/423/423 430/430/430
f 424/424/424 430/430/430 423/423/423
f 424/424/424 425/425/425 430/430/430
f 431/431/431 430/430/430 425/425/425
f 431/431/431 425/425/425 432/432/432
f 426/426/426 432/432/432 425/425/425
f 433/433/433 427/427/427 434/434/434
f 428/428/428 434/434/434 427/427/427
f 428/428/428 429/429/429 434/434/434
f 435/435/435 434/434/434 429/429/429
f 435/435/435 429/429/429 436/436/436
f 430/430/430 436/436/436 429/429/429
f 430/430/430 431/431/431 436/436/436
f 437/437/437 436/436/436 431/431/431
f 437/437/437 431/431/431 438/438/438
f 432/432/432 438/438/438 431/431/431
f 439/439/439 433/433/433 440/440/440
f 434/434/434 440/440/440 433/433/433
f 434/434/434 435/435/435 440/440/440
f 441/441/441 440/440/440 435/435/435
f 441/441/441 435/435/435 442/442/442
f 436/436/436 442/442/442 435/435/435
f 436/436/436 437/437/437 442/442/442
f 443/443/443 442/442/442 437/437/437
f 443/443/443 437/437/437 444/444/444
f 438/438/438 444/444/444 437/437/437
f 445/445/445 439/439/439 446/446/446
f 440/440/440 446/446/446 439/439/439
f 440/440/440 441/441/441 446/446/446
f 447/447/447 446/446/446 441/441/441
f 447/447/447 441/441/441 448/448/448
f 442/442/442 448/448/448 441/441/441
f 442/442/442 443/443/443 448/448/448
f 449/449/449 448/448/448 443/443/443
f 449/449/449 443/443/443 450/450/450
f 444/444/444 450/450/450 443/443/443
f 451/451/451 445/445/445 452/452/452
f 446/446/446 452/452/452 445/445/445
f 446/446/446 447/447/447 452/452/452
f 453/453/453 452/452/452 447/447/447
f 453/453/453 447/447/447 454/454/454
f 448/448/448 454/454/454 447/447/447
f 448/448/448 449/449/449 454/454/454
f 455/455/455 454/454/454 449/449/449
f 455/455/455 449/449/449 456/456/456
f 450/450/450 456/456/456 449/449/449
f 457/457/457 451/451/451 458/458/458
f 452/452/452 458/458/458 451/451/451
f 452/452/452 453/453/453 458/458/458
f 459/459/459 458/458/458 453/453/453
f 459/459/459 453/453/453 460/460/460
f 454/454/454 460/460/460 453/453/453
f 454/454/454 455/455/455 460/460/460
f 461/461/461 460/460/460 455/455/455
f 461/461/461 455/455/455 462/462/462
f 456/456/456 462/462/462 455/455/455
f 463/463/463 457/457/457 464/464/464
f 458/458/458 464/464/464 457/457/457
f 458/458/458 459/459/459 464/464/464
f 465/465/465 464/464/464 459/459/459
f 465/465/465 459/459/459 466/466/466
f 460/460/460 466/466/466 459/459/459
f 460/460/460 461/461/461 466/466/466
f 467/467/467 466/466/466 461/461/461
f 467/467/467 461/461/461 468/468/468
f 462/462/462 468/468/468 461/461/461
f 469/469/469 463/463/463 470/470/470
f 464/464/464 470/470/470 463/463/463
f 464/464/464 465/465/465 470/470/470
f 471/471/471 470/470/470 465/465/465
f 471/471/471 465/465/465 472/472/472
f 466/466/466 472/472/472 465/465/465
f 466/466/466 467/467/467 472/472/472
f 473/473/473 472/472/472 467/467/467
f 473/473/473 467/467/467 474/474/474
f 468/468/468 474/474/474 467/467/467
f 470/470/470 475/475/475 469/469/469
f 470/470/470 471/471/471 475/475/475
f 472/472/472 476/476/476 471/471/471
f 472/472/472 473/473/473 476/476/476
f 474/474/474 477/477/477 473/473/473
f 479/479/479 478/478/478 480/480/480
f 481/481/481 480/480/480 478/478/478
f 481/481/481 482/482/482 480/480/480
f 483/483/483 480/480/480 482/482/482
f 483/483/483 482/482/482 484/484/484
f 485/485/485 484/484/484 482/482/482
f 485/485/485 486/486/486 484/484/484
f 487/487/487 484/484/484 486/486/486
f 487/487/487 486/486/486 488/488/488
f 489/489/489 488/488/488 486/486/486
f 489/489/489 490/490/490 488/488/488
f 491/491/491 488/488/488 490/490/490
f 492/492/492 479/479/479 493/493/493
f 480/480/480 493/493/493 479/479/479
f 480/480/480 483/483/483 493/493/493
f 494/494/494 493/493/493 483/483/483
f 494/494/494 483/483/483 495/495/495
f 484/484/484 495/495/495 483/483/483
f 484/484/484 487/487/487 495/495/495
f 496/496/496 495/495/495 487/487/487
f 496/496/496 487/487/487 497/497/497
f 488/488/488 497/497/497 487/487/487
f 488/488/488 491/491/491 497/497/497
f 498/498/498 497/497/497 491/491/491
f 499/499/499 492/492/492 500/500/500
f 493/493/493 500/500/500 492/492/492
f 493/493/493 494/494/494 500/500/500
f 501/501/501 500/500/500 494/494/494
f 501/501/501 494/494/494 502/502/502
f 495/495/495 502/502/502 494/494/494
f 495/495/495 496/496/496 502/502/502
f 503/503/503 502/502/502 496/496/496
f 503/503/503 496/496/496 504/504/504
f 497/497/497 504/504/504 496/496/496
f 497/497/497 498/498/498 504/504/504
f 505/505/505 504/504/504 498/498/498
f 506/506/506 499/499/499 507/507/507
f 500/500/500 507/507/507 499/499/499
f 500/500/500 501/501/501 507/507/507
f 508/508/508 507/507/507 501/501/501
f 508/508/508 501/501/501 509/509/509
f 502/502/502 509/509/509 501/501/501
f 502/502/502 503/503/503 509/509/509
f 510/510/510 509/509/509 503/503/503
f 510/510/510 503/503/503 511/511/511
f 504/504/504 511/511/511 503/503/503
f 504/504/504 505/505/505 511/511/511
f 512/512/512 511/511/511 505/505/505
f 513/513/513 506/506/506 514/514/514
f 507/507/507 514/514/514 506/506/506
f 507/507/507 508/508/508 514/514/514
f 515/515/515 514/514/514 508/508/508
f 515/515/515 508/508/508 516/516/516
f 509/509/509 516/516/516 508/508/508
f 509/509/509 510/510/510 516/516/516
f 517/517/517 516/516/516 510/510/510
f 517/517/517 510/510/510 518/518/518
f 511/511/511 518/518/518 510/510/510
f 511/511/511 512/512/512 518/518/518
f 519/519/519 518/518/518 512/512/512
f 520/520/520 513/513/513 521/521/521
f 514/514/514 521/521/521 513/513/513
f 514/514/514 515/515/515 521/521/521
f 522/522/522 521/521/521 515/515/515
f 522/522/522 515/515/515 523/523/523
f 516/516/516 523/523/523 515/515/515
f 516/516/516 517/517/517 523/523/523
f 524/524/524 523/523/523 517/517/517
f 524/524/524 517/517/517 525/525/525
f 518/518/518 525/525/525 517/517/517
f 518/518/518 519/519/519 525/525/525
f 526/526/526 525/525/525 519/519/519
f 527/527/527 520/520/520 528/528/528
f 521/521/521 528/528/528 520/520/520
f 521/521/521 522/522/522 528/528/528
f 529/529/529 528/528/528 522/522/522
f 529/529/529 522/522/522 530/530/530
f 523/523/523 530/530/530 522/522/522
f 523/523/523 524/524/524 530/530/530
f 531/531/531 530/530/530 524/524/524
f 531/531/531 524/524/524 532/532/532
f 525/525/525 532/532/532 524/524/524
f 525/525/525 526/526/526 532/532/532
f 533/533/533 532/532/532 526/526/526
f 534/534/534 527/527/527 535/535/535
f 528/528/528 535/535/535 527/527/527
f 528/528/528 529/529/529 535/535/535
f 536/536/536 535/535/535 529/529/529
f 536/536/536 529/529/529 537/537/537
f 530/530/530 537/537/537 529/529/529
f 530/530/530 531/531/531 537/537/537
f 538/538/538 537/537/537 531/531/531
f 538/538/538 531/531/531 539/539/539
f 532/532/532 539/539/539 531/531/531
f 532/532/532 533/533/533 539/539/539
f 540/540/540 539/539/539 533/533/533
f 541/541/541 534/534/534 542/542/542
f 535/535/535 542/542/542 534/534/534
f 535/535/535 536/536/536 542/542/542
f 543/543/543 542/542/542 536/536/536
f 543/543/543 536/536/536 544/544/544
f 537/537/537 544/544/544 536/536/536
f 537/537/537 538/538/538 544/544/544
f 545/545/545 544/544/544 538/538/538
f 545/545/545 538/538/538 546/546/546
f 539/539/539 546/546/546 538/538/538
f 539/539/539 540/540/540 546/546/546
f 547/547/547 546/546/546 540/540/540
f 548/548/548 541/541/541 549/549/549
f 542/542/542 549/549/549 541/541/541
f 542/542/542 543/543/543 549/549/549
f 550/550/550 549/549/549 543/543/543
f 550/550/550 543/543/543 551/551/551
f 544/544/544 551/551/551 543/543/543
f 544/544/544 545/545/545 551/551/551
f 552/552/552 551/551/551 545/545/545
f 552/552/552 545/545/545 553/553/553
f 546/546/546 553/553/553 545/545/545
f 546/546/546 547/547/547 553/553/553
f 554/554/554 553/553/553 547/547/547
f 555/555/555 548/548/548 556/556/556
f 549/549/549 556/556/556 548/548/548
f 549/549/549 550/550/550 556/556/556
f 557/557/557 556/556/556 550/550/550
f 557/557/557 550/550/550 558/558/558
f 551/551/551 558/558/558 550/550/550
f 551/551/551 552/552/552 558/558/558
f 559/559/559 558/558/558 552/552/552
f 559/559/559 552/552/552 560/560/560
f 553/553/553 560/560/560 552/552/552
f 553/553/553 554/554/554 560/560/560
f 561/561/561 560/560/560 554/554/554
f 562/562/562 555/555/555 563/563/563
f 556/556/556 563/563/563 555/555/555
f 556/556/556 557/557/557 563/563/563
f 564/564/564 563/563/563 557/557/557
f 564/564/564 557/557/557 565/565/565
f 558/558/558 565/565/565 557/557/557
f 558/558/558 559/559/559 565/565/565
f 566/566/566 565/565/565 559/559/559
f 566/566/566 559/559/559 567/567/567
f 560/560/560 567/567/567 559/559/559
f 560/560/560 561/561/561 567/567/567
f 568/568/568 567/567/567 561/561/561
f 569/569/569 562/562/562 570/570/570
f 563/563/563 570/570/570 562/562/562
f 563/563/563 564/564/564 570/570/570
f 571/571/571 570/570/570 564/564/564
f 571/571/571 564/564/564 572/572/572
f 565/565/565 572/572/572 564/564/564
f 565/565/565 566/566/566 572/572/572
f 573/573/573 572/572/572 566/566/566
f 573/573/573 566/566/566 574/574/574
f 567/567/567 574/574/574 566/566/566
f 567/567/567 568/568/568 574/574/574
f 575/575/575 574/574/574 568/568/568
f 576/576/576 569/569/569 577/577/577
f 570/570/570 577/577/577 569/569/569
f 570/570/570 571/571/571 577/577/577
f 578/578/578 577/577/577 571/571/571
f 578/578/578 571/571/571 579/579/579
f 572/572/572 579/579/579 571/571/571
f 572/572/572 573/573/573 579/579/579
f 580/580/580 579/579/579 573/573/573
f 580/580/580 573/573/573 581/581/581
f 574/574/574 581/581/581 573/573/573
f 574/574/574 575/575/575 581/581/581
f 582/582/582 581/581/581 575/575/575
f 583/583/583 576/576/576 584/584/584
f 577/577/577 584/584/584 576/576/576
f 577/577/577 578/578/578 584/584/584
f 585/585/585 584/584/584 578/578/578
f 585/585/585 578/578/578 586/586/586
f 579/579/579 586/586/586 578/578/578
f 579/579/579 580/580/580 586/586/586
f 587/587/587 586/586/586 580/580/580
f 587/587/587 580/580/580 588/588/588
f 581/581/581 588/588/588 580/580/580
f 581/581/581 582/582/582 588/588/588
f 589/589/589 588/588/588 582/582/582
f 590/590/590 583/583/583 591/591/591
f 584/584/584 591/591/591 583/583/583
f 584/584/584 585/585/585 591/591/591
f 592/592/592 591/591/591 585/585/585
f 592/592/592 585/585/585 593/593/593
f 586/586/586 593/593/593 585/585/585
f 586/586/586 587/587/587 593/593/593
f 594/594/594 593/593/593 587/587/587
f 594/594/594 587/587/587 595/595/595
f 588/588/588 595/595/595 587/587/587
f 588/588/588 589/589/589 595/595/595
f 596/596/596 595/595/595 589/589/589
f 597/597/597 590/590/590 598/598/598
f 591/591/591 598/598/598 590/590/590
f 591/591/591 592/592/592 598/598/598
f 599/599/599 598/598/598 592/592/592
f 599/599/599 592/592/592 600/600/600
f 593/593/593 600/600/600 592/592/592
f 593/593/593 594/594/594 600/600/600
f 601/601/601 600/600/600 594/594/594
f 601/601/601 594/594/594 602/602/602
f 595/595/595 602/602/602 594/594/594
f 595/595/595 596/596/596 602/602/602
f 603/603/603 602/602/602 596/596/596
f 598/598/598 604/604/604 597/597/597
f 598/598/598 599/599/599 604/604/604
f 600/600/600 605/605/605 599/599/599
f 600/600/600 601/601/601 605/605/605
f 602/602/602 606/606/606 601/601/601
f 602/602/602 603/603/603 606/606/606
f 608/608/608 607/607/607 609/609/609
f 610/610/610 609/609/609 607/607/607
f 610/610/610 611/611/611 609/609/609
f 612/612/612 609/609/609 611/611/611
f 612/612/612 611/611/611 613/613/613
f 614/614/614 613/613/613 611/611/611
f 614/614/614 615/615/615 613/613/613
f 616/616/616 613/613/613 615/615/615
f 616/616/616 615/615/615 617/617/617
f 618/618/618 617/617/617 615/615/615
f 618/618/618 619/619/619 617/617/617
f 620/620/620 617/617/617 619/619/619
f 621/621/621 608/608/608 622/622/622
f 609/609/609 622/622/622 608/608/608
f 609/609/609 612/612/612 622/622/622
f 623/623/623 622/622/622 612/612/612
f 623/623/623 612/612/612 624/624/624
f 613/613/613 624/624/624 612/612/612
f 613/613/613 616/616/616 624/624/624
f 625/625/625 624/624/624 616/616/616
f 625/625/625 616/616/616 626/626/626
f 617/617/617 626/626/626 616/616/616
f 617/617/617 620/620/620 626/626/626
f 627/627/627 626/626/626 620/620/620
f 628/628/628 621/621/621 629/629/629
f 622/622/622 629/629/629 621/621/621
f 622/622/622 623/623/623 629/629/629
f 630/630/630 629/629/629 623/623/623
f 630/630/630 623/623/623 631/631/631
f 624/624/624 631/631/631 623/623/623
f 624/624/624 625/625/625 631/631/631
f 632/632/632 631/631/631 625/625/625
f 632/632/632 625/625/625 633/633/633
f 626/626/626 633/633/633 625/625/625
f 626/626/626 627/627/627 633/633/633
f 634/634/634 633/633/633 627/627/627
f 635/635/635 628/628/628 636/636/636
f 629/629/629 636/636/636 628/628/628
f 629/629/629 630/630/630 636/636/636
f 637/637/637 636/636/636 630/630/630
f 637/637/637 630/630/630 638/638/638
f 631/631/631 638/638/638 630/630/630
f 631/631/631 632/632/632 638/638/638
f 639/639/639 638/638/638 632/632/632
f 639/639/639 632/632/632 640/640/640
f 633/633/633 640/640/640 632/632/632
f 633/633/633 634/634/634 640/640/640
f 641/641/641 640/640/640 634/634/634
f 642/642/642 635/635/635 643/643/643
f 636/636/636 643/643/643 635/635/635
f 636/636/636 637/637/637 643/643/643
f 644/644/644 643/643/643 637/637/637
f 644/644/644 637/637/637 645/645/645
f 638/638/638 645/645/645 637/637/637
f 638/638/638 639/639/639 645/645/645
f 646/646/646 645/645/645 639/639/639
f 646/646/646 639/639/639 647/647/647
f 640/640/640 647/647/647 639/639/639
f 640/640/640 641/641/641 647/647/647
f 648/648/648 647/647/647 641/641/641
f 649/649/649 642/642/642 650/650/650
f 643/643/643 650/650/650 642/642/642
f 643/643/643 644/644/644 650/650/650
f 651/651/651 650/650/650 644/644/644
f 651/651/651 644/644/644 652/652/652
f 645/645/645 652/652/652 644/644/644
f 645/645/645 646/646/646 652/652/652
f 653/653/653 652/652/652 646/646/646
f 653/653/653 646/646/646 654/654/654
f 647/647/647 654/654/654 646/646/646
f 647/647/647 648/648/648 654/654/654
f 655/655/655 654/654/654 648/648/648
f 656/656/656 649/649/649 657/657/657
f 650/650/650 657/657/657 649/649/649
f 650/650/650 651/651/651 657/657/657
f 658/658/658 657/657/657 651/651/651
f 658/658/658 651/651/651 659/659/659
f 652/652/652 659/659/659 651/651/651
f 652/652/652 653/653/653 659/659/659
f 660/660/660 659/659/659 653/653/653
f 660/660/660 653/653/653 661/661/661
f 654/654/654 661/661/661 653/653/653
f 654/654/654 655/655/655 661/661/661
f 662/662/662 661/661/661 655/655/655
f 663/663/663 656/656/656 664/664/664
f 657/657/657 664/664/664 656/656/656
f 657/657/657 658/658/658 664/664/664
f 665/665/665 664/664/664 658/658/658
f 665/665/665 658/658/658 666/666/666
f 659/659/659 666/666/666 658/658/658
f 659/659/659 660/660/660 666/666/666
f 667/667/667 666/666/666 660/660/660
f 667/667/667 660/660/660 668/668/668
f 661/661/661 668/668/668 660/660/660
f 661/661/661 662/662/662 668/668/668
f 669/669/669 668/668/668 662/662/662
f 670/670/670 663/663/663 671/671/671
f 664/664/664 671/671/671 663/663/663
f 664/664/664 665/665/665 671/671/671
f 672/672/672 671/671/671 665/665/665
f 672/672/672 665/665/665 673/673/673
f 666/666/666 673/673/673 665/665/665
f 666/666/666 667/667/667 673/673/673
f 674/674/674 673/673/673 667/667/667
f 674/674/674 667/667/667 675/675/675
f 668/668/668 675/675/675 667/667/667
f 668/668/668 669/669/669 675/675/675
f 676/676/676 675/675/675 669/669/669
f 677/677/677 670/670/670 678/678/678
f 671/671/671 678/678/678 670/670/670
f 671/671/671 672/672/672 678/678/678
f 679/679/679 678/678/678 672/672/672
f 679/679/679 672/672/672 680/680/680
f 673/673/673 680/680/680 672/672/672
f 673/673/673 674/674/674 680/680/680
f 681/681/681 680/680/680 674/674/674
f 681/681/681 674/674/674 682/682/682
f 675/675/675 682/682/682 674/674/674
f 675/675/675 676/676/676 682/682/682
f 683/683/683 682/682/682 676/676/676
f 684/684/684 677/677/677 685/685/685
f 678/678/678 685/685/685 677/677/677
f 678/678/678 679/679/679 685/685/685
f 686/686/686 685/685/685 679/679/679
f 686/686/686 679/679/679 687/687/687
f 680/680/680 687/687/687 679/679/679
f 680/680/680 681/681/681 687/687/687
f 688/688/688 687/687/687 681/681/681
f 688/688/688 681/681/681 689/689/689
f 682/682/682 689/689/689 681/681/681
f 682/682/682 683/683/683 689/689/689
f 690/690/690 689/689/689 683/683/683
f 691/691/691 684/684/684 692/692/692
f 685/685/685 692/692/692 684/684/684
f 685/685/685 686/686/686 692/692/692
f 693/693/693 692/692/692 686/686/686
f 693/693/693 686/686/686 694/694/694
f 687/687/687 694/694/694 686/686/686
f 687/687/687 688/688/688 694/694/694
f 695/695/695 694/694/694 688/688/688
f 695/695/695 688/688/688 696/696/696
f 689/689/689 696/696/696 688/688/688
f 689/689/689 690/690/690 696/696/696
f 697/697/697 696/696/696 690/690/690
f 698/698/698 691/691/691 699/699/699
f 692/692/692 699/699/699 691/691/691
f 692/692/692 693/693/693 699/699/699
f 700/700/700 699/699/699 693/693/693
f 700/700/700 693/693/693 701/701/701
f 694/694/694 701/701/701 693/693/693
f 694/694/694 695/695/695 701/701/701
f 702/702/702 701/701/701 695/695/695
f 702/702/702 695/695/695 703/703/703
f 696/696/696 703/703/703 695/695/695
f 696/696/696 697/697/697 703/703/703
f 704/704/704 703/703/703 697/697/697
f 705/705/705 698/698/698 706/706/706
f 699/699/699 706/706/706 698/698/698
f 699/699/699 700/700/700 706/706/706
f 707/707/707 706/706/706 700/700/700
f 707/707/707 700/700/700 708/708/708
f 701/701/701 708/708/708 700/700/700
f 701/701/701 702/702/702 708/708/708
f 709/709/709 708/708/708 702/702/702
f 709/709/709 702/702/702 710/710/710
f 703/703/703 710/710/710 702/702/702
f 703/703/703 704/704/704 710/710/710
f 711/711/711 710/710/710 704/704/704
f 712/712/712 705/705/705 713/713/713
f 706/706/706 713/713/713 705/705/705
f 706/706/706 707/707/707 713/713/713
f 714/714/714 713/713/713 707/707/707
f 714/714/714 707/707/707 715/715/715
f 708/708/708 715/715/715 707/707/707
f 708/708/708 709/709/709 715/715/715
f 716/716/716 715/715/715 709/709/709
f 716/716/716 709/709/709 717/717/717
f 710/710/710 717/717/717 709/709/709
f 710/710/710 711/711/711 717/717/717
f 718/718/718 717/717/717 711/711/711
f 719/719/719 712/712/712 720/720/720
f 713/713/713 720/720/720 712/712/712
f 713/713/713 714/714/714 720/720/720
f 721/721/721 720/720/720 714/714/714
f 721/721/721 714/714/714 722/722/722
f 715/715/715 722/722/722 714/714/714
f 715/715/715 716/716/716 722/722/722
f 723/723/723 722/722/722 716/716/716
f 723/723/723 716/716/716 724/724/724
f 717/717/717 724/724/724 716/716/716
f 717/717/717 718/718/718 724/724/724
f 725/725/725 724/724/724 718/718/718
f 726/726/726 719/719/719 727/727/727
f 720/720/720 727/727/727 719/719/719
f 720/720/720 721/721/721 727/727/727
f 728/728/728 727/727/727 721/721/721
f 728/728/728 721/721/721 729/729/729
f 722/722/722 729/729/729 721/721/721
f 722/722/722 723/723/723 729/729/729
f 730/730/730 729/729/729 723/723/723
f 730/730/730 723/723/723 731/731/731
f 724/724/724 731/731/731 723/723/723
f 724/724/724 725/725/725 731/731/731
f 732/732/732 731/731/731 725/725/725
f 727/727/727 733/733/733 726/726/726
f 727/727/727 728/728/728 733/733/733
f 729/729/729 734/734/734 728/728/728
f 729/729/729 730/730/730 734/734/734
f 731/731/731 735/735/735 730/730/730
f 731/731/731 732/732/732 735/735/735
f 737/737/737 736/736/736 738/738/738
f 739/739/739 738/738/738 736/736/736
f 739/739/739 740/740/740 738/738/738
f 741/741/741 738/738/738 740/740/740
f 741/741/741 740/740/740 742/742/742
f 743/743/743 742/742/742 740/740/740
f 743/743/743 744/744/744 742/742/742
f 745/745/745 742/742/742 744/744/744
f 746/746/746 737/737/737 747/747/747
f 738/738/738 747/747/747 737/737/737
f 738/738/738 741/741/741 747/747/747
f 748/748/748 747/747/747 741/741/741
f 748/748/748 741/741/741 749/749/749
f 742/742/742 749/749/749 741/741/741
f 742/742/742 745/745/745 749/749/749
f 750/750/750 749/749/749 745/745/745
f 751/751/751 746/746/746 752/752/752
f 747/747/747 752/752/752 746/746/746
f 747/747/747 748/748/748 752/752/752
f 753/753/753 752/752/752 748/748/748
f 753/753/753 748/748/748 754/754/754
f 749/749/749 754/754/754 748/748/748
f 749/749/749 750/750/750 754/754/754
f 755/755/755 754/754/754 750/750/750
f 756/756/756 751/751/751 757/757/757
f 752/752/752 757/757/757 751/751/751
f 752/752/752 753/753/753 757/757/757
f 758/758/758 757/757/757 753/753/753
f 758/758/758 753/753/753 759/759/759
f 754/754/754 759/759/759 753/753/753
f 754/754/754 755/755/755 759/759/759
f 760/760/760 759/759/759 755/755/755
f 761/761/761 756/756/756 762/762/762
f 757/757/757 762/762/762 756/756/756
f 757/757/757 758/758/758 762/762/762
f 763/763/763 762/762/762 758/758/758
f 763/763/763 758/758/758 764/764/764
f 759/759/759 764/764/764 758/758/758
f 759/759/759 760/760/760 764/764/764
f 765/765/765 764/764/764 760/760/760
f 766/766/766 761/761/761 767/767/767
f 762/762/762 767/767/767 761/761/761
f 762/762/762 763/763/763 767/767/767
f 768/768/768 767/767/767 763/763/763
f 768/768/768 763/763/763 769/769/769
f 764/764/764 769/769/769 763/763/763
f 764/764/764 765/765/765 769/769/769
f 770/770/770 769/769/769 765/765/765
f 771/771/771 766/766/766 772/772/772
f 767/767/767 772/772/772 766/766/766
f 767/767/767 768/768/768 772/772/772
f 773/773/773 772/772/772 768/768/768
f 773/773/773 768/768/768 774/774/774
f 769/769/769 774/774/774 768/768/768
f 769/769/769 770/770/770 774/774/774
f 775/775/775 774/774/774 770/770/770
f 776/776/776 771/771/771 777/777/777
f 772/772/772 777/777/777 771/771/771
f 772/772/772 773/773/773 777/777/777
f 778/778/778 777/777/777 773/773/773
f 778/778/778 773/773/773 779/779/779
f 774/774/774 779/779/779 773/773/773
f 774/774/774 775/775/775 779/779/779
f 780/780/780 779/779/779 775/775/775
f 781/781/781 776/776/776 782/782/782
f 777/777/777 782/782/782 776/776/776
f 777/777/777 778/778/778 782/782/782
f 783/783/783 782/782/782 778/778/778
f 783/783/783 778/778/778 784/784/784
f 779/779/779 784/784/784 778/778/778
f 779/779/779 780/780/780 784/784/784
f 785/785/785 784/784/784 780/780/780
f 786/786/786 781/781/781 787/787/787
f 782/782/782 787/787/787 781/781/781
f 782/782/782 783/783/783 787/787/787
f 788/788/788 787/787/787 783/783/783
f 788/788/788 783/783/783 789/789/789
f 784/784/784 789/789/789 783/783/783
f 784/784/784 785/785/785 789/789/789
f 790/790/790 789/789/789 785/785/785
f 787/787/787 791/791/791 786/786/786
f 787/787/787 788/788/788 791/791/791
f 789/789/789 792/792/792 788/788/788
f 789/789/789 790/790/790 792/792/792
f 794/794/794 793/793/793 795/795/795
f 796/796/796 795/795/795 793/793/793
f 796/796/796 797/797/797 795/795/795
f 798/798/798 795/795/795 797/797/797
f 798/798/798 797/797/797 799/799/799
f 800/800/800 799/799/799 797/797/797
f 800/800/800 801/801/801 799/799/799
f 802/802/802 799/799/799 801/801/801
f 803/803/803 794/794/794 804/804/804
f 795/795/795 804/804/804 794/794/794
f 795/795/795 798/798/798 804/804/804
f 805/805/805 804/804/804 798/798/798
f 805/805/805 798/798/798 806/806/806
f 799/799/799 806/806/806 798/798/798
f 799/799/799 802/802/802 806/806/806
f 807/807/807 806/806/806 802/802/802
f 808/808/808 803/803/803 809/809/809
f 804/804/804 809/809/809 803/803/803
f 804/804/804 805/805/805 809/809/809
f 810/810/810 809/809/809 805/805/805
f 810/810/810 805/805/805 811/811/811
f 806/806/806 811/811/811 805/805/805
f 806/806/806 807/807/807 811/811/811
f 812/812/812 811/811/811 807/807/807
f 813/813/813 808/808/808 814/814/814
f 809/809/809 814/814/814 808/808/808
f 809/809/809 810/810/810 814/814/814
f 815/815/815 814/814/814 810/810/810
f 815/815/815 810/810/810 816/816/816
f 811/811/811 816/816/816 810/810/810
f 811/811/811 812/812/812 816/816/816
f 817/817/817 816/816/816 812/812/812
f 818/818/818 813/813/813 819/819/819
f 814/814/814 819/819/819 813/813/813
f 814/814/814 815/815/815 819/819/819
f 820/820/820 819/819/819 815/815/815
f 820/820/820 815/815/815 821/821/821
f 816/816/816 821/821/821 815/815/815
f 816/816/816 817/817/817 821/821/821
f 822/822/822 821/821/821 817/817/817
f 823/823/823 818/818/818 824/824/824
f 819/819/819 824/824/824 818/818/818
f 819/819/819 820/820/820 824/824/824
f 825/825/825 824/824/824 820/820/820
f 825/825/825 820/820/820 826/826/826
f 821/821/821 826/826/826 820/820/820
f 821/821/821 822/822/822 826/826/826
f 827/827/827 826/826/826 822/822/822
f 828/828/828 823/823/823 829/829/829
f 824/824/824 829/829/829 823/823/823
f 824/824/824 825/825/825 829/829/829
f 830/830/830 829/829/829 825/825/825
f 830/830/830 825/825/825 831/831/831
f 826/826/826 831/831/831 825/825/825
f 826/826/826 827/827/827 831/831/831
f 832/832/832 831/831/831 827/827/827
f 833/833/833 828/828/828 834/834/834
f 829/829/829 834/834/834 828/828/828
f 829/829/829 830/830/830 834/834/834
f 835/835/835 834/834/834 830/830/830
f 835/835/835 830/830/830 836/836/836
f 831/831/831 836/836/836 830/830/830
f 831/831/831 832/832/832 836/836/836
f 837/837/837 836/836/836 832/832/832
f 838/838/838 833/833/833 839/839/839
f 834/834/834 839/839/839 833/833/833
f 834/834/834 835/835/835 839/839/839
f 840/840/840 839/839/839 835/835/835
f 840/840/840 835/835/835 841/841/841
f 836/836/836 841/841/841 835/835/835
f 836/836/836 837/837/837 841/841/841
f 842/842/842 841/841/841 837/837/837
f 843/843/843 838/838/838 844/844/844
f 839/839/839 844/844/844 838/838/838
f 839/839/839 840/840/840 844/844/844
f 845/845/845 844/844/844 840/840/840
f 845/845/845 840/840/840 846/846/846
f 841/841/841 846/846/846 840/840/840
f 841/841/841 842/842/842 846/846/846
f 847/847/847 846/846/846 842/842/842
f 844/844/844 848/848/848 843/843/843
f 844/844/844 845/845/845 848/848/848
f 846/846/846 849/849/849 845/845/845
f 846/846/846 847/847/847 849/849/849
f 851/851/851 850/850/850 852/852/852
f 853/853/853 852/852/852 850/850/850
f 853/853/853 854/854/854 852/852/852
f 855/855/855 852/852/852 854/854/854
f 855/855/855 854/854/854 856/856/856
f 857/857/857 856/856/856 854/854/854
f 858/858/858 851/851/851 859/859/859
f 852/852/852 859/859/859 851/851/851
f 852/852/852 855/855/855 859/859/859
f 860/860/860 859/859/859 855/855/855
f 860/860/860 855/855/855 861/861/861
f 856/856/856 861/861/861 855/855/855
f 862/862/862 858/858/858 863/863/863
f 859/859/859 863/863/863 858/858/858
f 859/859/859 860/860/860 863/863/863
f 864/864/864 863/863/863 860/860/860
f 864/864/864 860/860/860 865/865/865
f 861/861/861 865/865/865 860/860/860
f 866/866/866 862/862/862 867/867/867
f 863/863/863 867/867/867 862/862/862
f 863/863/863 864/864/864 867/867/867
f 868/868/868 867/867/867 864/864/864
f 868/868/868 864/864/864 869/869/869
f 865/865/865 869/869/869 864/864/864
f 870/870/870 866/866/866 871/871/871
f 867/867/867 871/871/871 866/866/866
f 867/867/867 868/868/868 871/871/871
f 872/872/872 871/871/871 868/868/868
f 872/872/872 868/868/868 873/873/873
f 869/869/869 873/873/873 868/868/868
f 874/874/874 870/870/870 875/875/875
f 871/871/871 875/875/875 870/870/870
f 871/871/871 872/872/872 875/875/875
f 876/876/876 875/875/875 872/872/872
f 876/876/876 872/872/872 877/877/877
f 873/873/873 877/877/877 872/872/872
f 878/878/878 874/874/874 879/879/879
f 875/875/875 879/879/879 874/874/874
f 875/875/875 876/876/876 879/879/879
f 880/880/880 879/879/879 876/876/876
f 880/880/880 876/876/876 881/881/881
f 877/877/877 881/881/881 876/876/876
f 882/882/882 878/878/878 883/883/883
f 879/879/879 883/883/883 878/878/878
f 879/879/879 880/880/880 883/883/883
f 884/884/884 883/883/883 880/880/880
f 884/884/884 880/880/880 885/885/885
f 881/881/881 885/885/885 880/880/880
f 886/886/886 882/882/882 887/887/887
f 883/883/883 887/887/887 882/882/882
f 883/883/883 884/884/884 887/887/887
f 888/888/888 887/887/887 884/884/884
f 888/888/888 884/884/884 889/889/889
f 885/885/885 889/889/889 884/884/884
f 887/887/887 890/890/890 886/886/886
f 887/887/887 888/888/888 890/890/890
f 889/889/889 891/891/891 888/888/888
f 893/893/893 892/892/892 894/894/894
f 895/895/895 894/894/894 892/892/892
f 895/895/895 896/896/896 894/894/894
f 897/897/897 894/894/894 896/896/896
f 897/897/897 896/896/896 898/898/898
f 899/899/899 898/898/898 896/896/896
f 900/900/900 893/893/893 901/901/901
f 894/894/894 901/901/901 893/893/893
f 894/894/894 897/897/897 901/901/901
f 902/902/902 901/901/901 897/897/897
f 902/902/902 897/897/897 903/903/903
f 898/898/898 903/903/903 897/897/897
f 904/904/904 900/900/900 905/905/905
f 901/901/901 905/905/905 900/900/900
f 901/901/901 902/902/902 905/905/905
f 906/906/906 905/905/905 902/902/902
f 906/906/906 902/902/902 907/907/907
f 903/903/903 907/907/907 902/902/902
f 908/908/908 904/904/904 909/909/909
f 905/905/905 909/909/909 904/904/904
f 905/905/905 906/906/906 909/909/909
f 910/910/910 909/909/909 906/906/906
f 910/910/910 906/906/906 911/911/911
f 907/907/907 911/911/911 906/906/906
f 912/912/912 908/908/908 913/913/913
f 909/909/909 913/913/913 908/908/908
f 909/909/909 910/910/910 913/913/913
f 914/914/914 913/913/913 910/910/910
f 914/914/914 910/910/910 915/915/915
f 911/911/911 915/915/915 910/910/910
f 916/916/916 912/912/912 917/917/917
f 913/913/913 917/917/917 912/912/912
f 913/913/913 914/914/914 917/917/917
f 918/918/918 917/917/917 914/914/914
f 918/918/918 914/914/914 919/919/919
f 915/915/915 919/919/919 914/914/914
f 920/920/920 916/916/916 921/921/921
f 917/917/917 921/921/921 916/916/916
f 917/917/917 918/918/918 921/921/921
f 922/922/922 921/921/921 918/918/918
f 922/922/922 918/918/918 923/923/923
f 919/919/919 923/923/923 918/918/918
f 924/924/924 920/920/920 925/925/925
f 921/921/921 925/925/925 920/920/920
f 921/921/921 922/922/922 925/925/925
f 926/926/926 925/925/925 922/922/922
f 926/926/926 922/922/922 927/927/927
f 923/923/923 927/927/927 922/922/922
f 928/928/928 924/924/924 929/929/929
f 925/925/925 929/929/929 924/924/924
f 925/925/925 926/926/926 929/929/929
f 930/930/930 929/929/929 926/926/926
f 930/930/930 926/926/926 931/931/931
f 927/927/927 931/931/931 926/926/926
f 929/929/929 932/932/932 928/928/928
f 929/929/929 930/930/930 932/932/932
f 931/931/931 933/933/933 930/930/930
f 935/935/935 934/934/934 936/936/936
f 937/937/937 936/936/936 934/934/934
f 937/937/937 938/938/938 936/936/936
f 939/939/939 936/936/936 938/938/938
f 939/939/939 938/938/938 940/940/940
f 941/941/941 940/940/940 938/938/938
f 942/942/942 935/935/935 943/943/943
f 936/936/936 943/943/943 935/935/935
f 936/936/936 939/939/939 943/943/943
f 944/944/944 943/943/943 939/939/939
f 944/944/944 939/939/939 945/945/945
f 940/940/940 945/945/945 939/939/939
f 946/946/946 942/942/942 947/947/947
f 943/943/943 947/947/947 942/942/942
f 943/943/943 944/944/944 947/947/947
f 948/948/948 947/947/947 944/944/944
f 948/948/948 944/944/944 949/949/949
f 945/945/945 949/949/949 944/944/944
f 950/950/950 946/946/946 951/951/951
f 947/947/947 951/951/951 946/946/946
f 947/947/947 948/948/948 951/951/951
f 952/952/952 951/951/951 948/948/948
f 952/952/952 948/948/948 953/953/953
f 949/949/949 953/953/953 948/948/948
f 954/954/954 950/950/950 955/955/955
f 951/951/951 955/955/955 950/950/950
f 951/951/951 952/952/952 955/955/955
f 956/956/956 955/955/955 952/952/952
f 956/956/956 952/952/952 957/957/957
f 953/953/953 957/957/957 952/952/952
f 958/958/958 954/954/954 959/959/959
f 955/955/955 959/959/959 954/954/954
f 955/955/955 956/956/956 959/959/959
f 960/960/960 959/959/959 956/956/956
f 960/960/960 956/956/956 961/961/961
f 957/957/957 961/961/961 956/956/956
f 962/962/962 958/958/958 963/963/963
f 959/959/959 963/963/963 958/958/958
f 959/959/959 960/960/960 963/963/963
f 964/964/964 963/963/963 960/960/960
f 964/964/964 960/960/960 965/965/965
f 961/961/961 965/965/965 960/960/960
f 966/966/966 962/962/962 967/967/967
f 963/963/963 967/967/967 962/962/962
f 963/963/963 964/964/964 967/967/967
f 968/968/968 967/967/967 964/964/964
f 968/968/968 964/964/964 969/969/969
f 965/965/965 969/969/969 964/964/964
f 970/970/970 966/966/966 971/971/971
f 967/967/967 971/971/971 966/966/966
f 967/967/967 968/968/968 971/971/971
f 972/972/972 971/971/971 968/968/968
f 972/972/972 968/968/968 973/973/973
f 969/969/969 973/973/973 968/968/968
f 971/971/971 974/974/974 970/970/970
f 971/971/971 972/972/972 974/974/974
f 973/973/973 975/975/975 972/972/972
f 977/977/977 976/976/976 978/978/978
f 979/979/979 978/978/978 976/976/976
f 979/979/979 980/980/980 978/978/978
f 981/981/981 978/978/978 980/980/980
f 981/981/981 980/980/980 982/982/982
f 983/983/983 982/982/982 980/980/980
f 984/984/984 977/977/977 985/985/985
f 978/978/978 985/985/985 977/977/977
f 978/978/978 981/981/981 985/985/985
f 986/986/986 985/985/985 981/981/981
f 986/986/986 981/981/981 987/987/987
f 982/982/982 987/987/987 981/981/981
f 988/988/988 984/984/984 989/989/989
f 985/985/985 989/989/989 984/984/984
f 985/985/985 986/986/986 989/989/989
f 990/990/990 989/989/989 986/986/986
f 990/990/990 986/986/986 991/991/991
f 987/987/987 991/991/991 986/986/986
f 992/992/992 988/988/988 993/993/993
f 989/989/989 993/993/993 988/988/988
f 989/989/989 990/990/990 993/993/993
f 994/994/994 993/993/993 990/990/990
f 994/994/994 990/990/990 995/995/995
f 991/991/991 995/995/995 990/990/990
f 996/996/996 992/992/992 997/997/997
f 993/993/993 997/997/997 992/992/992
f 993/993/993 994/994/994 997/997/997
f 998/998/998 997/997/997 994/994/994
f 998/998/998 994/994/994 999/999/999
f 995/995/995 999/999/999 994/994/994
f 1000/1000/1000 996/996/996 1001/1001/1001
f 997/997/997 1001/1001/1001 996/996/996
f 997/997/997 998/998/998 1001/1001/1001
f 1002/1002/1002 1001/1001/1001 998/998/998
f 1002/1002/1002 998/998/998 1003/1003/1003
f 999/999/999 1003/1003/1003 998/998/998
f 1004/1004/1004 1000/1000/1000 1005/1005/1005
f 1001/1001/1001 1005/1005/1005 1000/1000/1000
f 1001/1001/1001 1002/1002/1002 1005/1005/1005
f 1006/1006/1006 1005/1005/1005 1002/1002/1002
f 1006/1006/1006 1002/1002/1002 1007/1007/1007
f 1003/1003/1003 1007/1007/1007 1002/1002/1002
f 1008/1008/1008 1004/1004/1004 1009/1009/1009
f 1005/1005/1005 1009/1009/1009 1004/1004/1004
f 1005/1005/1005 1006/1006/1006 1009/1009/1009
f 1010/1010/1010 1009/1009/1009 1006/1006/1006
f 1010/1010/1010 1006/1006/1006 1011/1011/1011
f 1007/1007/1007 1011/1011/1011 1006/1006/1006
f 1012/1012/1012 1008/1008/1008 1013/1013/1013
f 1009/1009/1009 1013/1013/1013 1008/1008/1008
f 1009/1009/1009 1010/1010/1010 1013/1013/1013
f 1014/1014/1014 1013/1013/1013 1010/1010/1010
f 1014/1014/1014 1010/1010/1010 1015/1015/1015
f 1011/1011/1011 1015/1015/1015 1010/1010/1010
f 1013/1013/1013 1016/1016/1016 1012/1012/1012
f 1013/1013/1013 1014/1014/1014 1016/1016/1016
f 1015/1015/1015 1017/1017/1017 1014/1014/1014
f 1019/1019/1019 1018/1018/1018 1020/1020/1020
f 1021/1021/1021 1020/1020/1020 1018/1018/1018
f 1021/1021/1021 1022/1022/1022 1020/1020/1020
f 1023/1023/1023 1020/1020/1020 1022/1022/1022
f 1023/1023/1023 1022/1022/1022 1024/1024/1024
f 1025/1025/1025 1024/1024/1024 1022/1022/1022
f 1026/1026/1026 1019/1019/1019 1027/1027/1027
f 1020/1020/1020 1027/1027/1027 1019/1019/1019
f 1020/1020/1020 1023/1023/1023 1027/1027/1027
f 1028/1028/1028 1027/1027/1027 1023/1023/1023
f 1028/1028/1028 1023/1023/1023 1029/1029/1029
f 1024/1024/1024 1029/1029/1029 1023/1023/1023
f 1030/1030/1030 1026/1026/1026 1031/1031/1031
f 1027/1027/1027 1031/1031/1031 1026/1026/1026
f 1027/1027/1027 1028/1028/1028 1031/1031/1031
f 1032/1032/1032 1031/1031/1031 1028/1028/1028
f 1032/1032/1032 1028/1028/1028 1033/1033/1033
f 1029/1029/1029 1033/1033/1033 1028/1028/1028
f 1034/1034/1034 1030/1030/1030 1035/1035/1035
f 1031/1031/1031 1035/1035/1035 1030/1030/1030
f 1031/1031/1031 1032/1032/1032 1035/1035/1035
f 1036/1036/1036 1035/1035/1035 1032/1032/1032
f 1036/1036/1036 1032/1032/1032 1037/1037/1037
f 1033/1033/1033 1037/1037/1037 1032/1032/1032
f 1038/1038/1038 1034/1034/1034 1039/1039/1039
f 1035/1035/1035 1039/1039/1039 1034/1034/1034
f 1035/1035/1035 1036/1036/1036 1039/1039/1039
f 1040/1040/1040 1039/1039/1039 1036/1036/1036
f 1040/1040/1040 1036/1036/1036 1041/1041/1041
f 1037/1037/1037 1041/1041/1041 1036/1036/1036
f 1042/1042/1042 1038/1038/1038 1043/1043/1043
f 1039/1039/1039 1043/1043/1043 1038/1038/1038
f 1039/1039/1039 1040/1040/1040 1043/1043/1043
f 1044/1044/1044 1043/1043/1043 1040/1040/1040
f 1044/1044/1044 1040/1040/1040 1045/1045/1045
f 1041/1041/1041 1045/1045/1045 1040/1040/1040
f 1043/1043/1043 1046/1046/1046 1042/1042/1042
f 1043/1043/1043 1044/1044/1044 1046/1046/1046
f 1045/1045/1045 1047/1047/1047 1044/1044/1044
f 1049/1049/1049 1048/1048/1048 1050/1050/1050
f 1051/1051/1051 1050/1050/1050 1048/1048/1048
f 1051/1051/1051 1052/1052/1052 1050/1050/1050
f 1053/1053/1053 1050/1050/1050 1052/1052/1052
f 1053/1053/1053 1052/1052/1052 1054/1054/1054
f 1055/1055/1055 1054/1054/1054 1052/1052/1052
f 1056/1056/1056 1049/1049/1049 1057/1057/1057
f 1050/1050/1050 1057/1057/1057 1049/1049/1049
f 1050/1050/1050 1053/1053/1053 1057/1057/1057
f 1058/1058/1058 1057/1057/1057 1053/1053/1053
f 1058/1058/1058 1053/1053/1053 1059/1059/1059
f 1054/1054/1054 1059/1059/1059 1053/1053/1053
f 1060/1060/1060 1056/1056/1056 1061/1061/1061
f 1057/1057/1057 1061/1061/1061 1056/1056/1056
f 1057/1057/1057 1058/1058/1058 1061/1061/1061
f 1062/1062/1062 1061/1061/1061 1058/1058/1058
f 1062/1062/1062 1058/1058/1058 1063/1063/1063
f 1059/1059/1059 1063/1063/1063 1058/1058/1058
f 1064/1064/1064 1060/1060/1060 1065/1065/1065
f 1061/1061/1061 1065/1065/1065 1060/1060/1060
f 1061/1061/1061 1062/1062/1062 1065/1065/1065
f 1066/1066/1066 1065/1065/1065 1062/1062/1062
f 1066/1066/1066 1062/1062/1062 1067/1067/1067
f 1063/1063/1063 1067/1067/1067 1062/1062/1062
f 1068/1068/1068 1064/1064/1064 1069/1069/1069
f 1065/1065/1065 1069/1069/1069 1064/1064/1064
f 1065/1065/1065 1066/1066/1066 1069/1069/1069
f 1070/1070/1070 1069/1069/1069 1066/1066/1066
f 1070/1070/1070 1066/1066/1066 1071/1071/1071
f 1067/1067/1067 1071/1071/1071 1066/1066/1066
f 1069/1069/1069 1072/1072/1072 1068/1068/1068
f 1069/1069/1069 1070/1070/1070 1072/1072/1072
f 1071/1071/1071 1073/1073/1073 1070/1070/1070
f 1075/1075/1075 1074/1074/1074 1076/1076/1076
f 1077/1077/1077 1076/1076/1076 1074/1074/1074
f 1077/1077/1077 1078/1078/1078 1076/1076/1076
f 1079/1079/1079 1076/1076/1076 1078/1078/1078
f 1079/1079/1079 1078/1078/1078 1080/1080/1080
f 1081/1081/1081 1080/1080/1080 1078/1078/1078
f 1082/1082/1082 1075/1075/1075 1083/1083/1083
f 1076/1076/1076 1083/1083/1083 1075/1075/1075
f 1076/1076/1076 1079/1079/1079 1083/1083/1083
f 1084/1084/1084 1083/1083/1083 1079/1079/1079
f 1084/1084/1084 1079/1079/1079 1085/1085/1085
f 1080/1080/1080 1085/1085/1085 1079/1079/1079
f 1086/1086/1086 1082/1082/1082 1087/1087/1087
f 1083/1083/1083 1087/1087/1087 1082/1082/1082
f 1083/1083/1083 1084/1084/1084 1087/1087/1087
f 1088/1088/1088 1087/1087/1087 1084/1084/1084
f 1088/1088/1088 1084/1084/1084 1089/1089/1089
f 1085/1085/1085 1089/1089/1089 1084/1084/1084
f 1090/1090/1090 1086/1086/1086 1091/1091/1091
f 1087/1087/1087 1091/1091/1091 1086/1086/1086
f 1087/1087/1087 1088/1088/1088 1091/1091/1091
f 1092/1092/1092 1091/1091/1091 1088/1088/1088
f 1092/1092/1092 1088/1088/1088 1093/1093/1093
f 1089/1089/1089 1093/1093/1093 1088/1088/1088
f 1094/1094/1094 1090/1090/1090 1095/1095/1095
f 1091/1091/1091 1095/1095/1095 1090/1090/1090
f 1091/1091/1091 1092/1092/1092 1095/1095/1095
f 1096/1096/1096 1095/1095/1095 1092/1092/1092
f 1096/1096/1096 1092/1092/1092 1097/1097/1097
f 1093/1093/1093 1097/1097/1097 1092/1092/1092
f 1095/1095/1095 1098/1098/1098 1094/1094/1094
f 1095/1095/1095 1096/1096/1096 1098/1098/1098
f 1097/1097/1097 1099/1099/1099 1096/1096/1096
f 1101/1101/1101 1100/1100/1100 1102/1102/1102
f 1103/1103/1103 1102/1102/1102 1100/1100/1100
f 1103/1103/1103 1104/1104/1104 1102/1102/1102
f 1105/1105/1105 1102/1102/1102 1104/1104/1104
f 1105/1105/1105 1104/1104/1104 1106/1106/1106
f 1107/1107/1107 1106/1106/1106 1104/1104/1104
f 1108/1108/1108 1101/1101/1101 1109/1109/1109
f 1102/1102/1102 1109/1109/1109 1101/1101/1101
f 1102/1102/1102 1105/1105/1105 1109/1109/1109
f 1110/1110/1110 1109/1109/1109 1105/1105/1105
f 1110/1110/1110 1105/1105/1105 1111/1111/1111
f 1106/1106/1106 1111/1111/1111 1105/1105/1105
f 1112/1112/1112 1108/1108/1108 1113/1113/1113
f 1109/1109/1109 1113/1113/1113 1108/1108/1108
f 1109/1109/1109 1110/1110/1110 1113/1113/1113
f 1114/1114/1114 1113/1113/1113 1110/1110/1110
f 1114/1114/1114 1110/1110/1110 1115/1115/1115
f 1111/1111/1111 1115/1115/1115 1110/1110/1110
f 1116/1116/1116 1112/1112/1112 1117/1117/1117
f 1113/1113/1113 1117/1117/1117 1112/1112/1112
f 1113/1113/1113 1114/1114/1114 1117/1117/1117
f 1118/1118/1118 1117/1117/1117 1114/1114/1114
f 1118/1118/1118 1114/1114/1114 1119/1119/1119
f 1115/1115/1115 1119/1119/1119 1114/1114/1114
f 1120/1120/1120 1116/1116/1116 1121/1121/1121
f 1117/1117/1117 1121/1121/1121 1116/1116/1116
f 1117/1117/1117 1118/1118/1118 1121/1121/1121
f 1122/1122/1122 1121/1121/1121 1118/1118/1118
f 1122/1122/1122 1118/1118/1118 1123/1123/1123
f 1119/1119/1119 1123/1123/1123 1118/1118/1118
f 1121/1121/1121 1124/1124/1124 1120/1120/1120
f 1121/1121/1121 1122/1122/1122 1124/1124/1124
f 1123/1123/1123 1125/1125/1125 1122/1122/1122
f 1127/1127/1127 1126/1126/1126 1128/1128/1128
f 1129/1129/1129 1128/1128/1128 1126/1126/1126
f 1129/1129/1129 1130/1130/1130 1128/1128/1128
f 1131/1131/1131 1128/1128/1128 1130/1130/1130
f 1131/1131/1131 1130/1130/1130 1132/1132/1132
f 1133/1133/1133 1132/1132/1132 1130/1130/1130
f 1134/1134/1134 1127/1127/1127 1135/1135/1135
f 1128/1128/1128 1135/1135/1135 1127/1127/1127
f 1128/1128/1128 1131/1131/1131 1135/1135/1135
f 1136/1136/1136 1135/1135/1135 1131/1131/1131
f 1136/1136/1136 1131/1131/1131 1137/1137/1137
f 1132/1132/1132 1137/1137/1137 1131/1131/1131
f 1138/1138/1138 1134/1134/1134 1139/1139/1139
f 1135/1135/1135 1139/1139/1139 1134/1134/1134
f 1135/1135/1135 1136/1136/1136 1139/1139/1139
f 1140/1140/1140 1139/1139/1139 1136/1136/1136
f 1140/1140/1140 1136/1136/1136 1141/1141/1141
f 1137/1137/1137 1141/1141/1141 1136/1136/1136
f 1142/1142/1142 1138/1138/1138 1143/1143/1143
f 1139/1139/1139 1143/1143/1143 1138/1138/1138
f 1139/1139/1139 1140/1140/1140 1143/1143/1143
f 1144/1144/1144 1143/1143/1143 1140/1140/1140
f 1144/1144/1144 1140/1140/1140 1145/1145/1145
f 1141/1141/1141 1145/1145/1145 1140/1140/1140
f 1146/1146/1146 1142/1142/1142 1147/1147/1147
f 1143/1143/1143 1147/1147/1147 1142/1142/1142
f 1143/1143/1143 1144/1144/1144 1147/1147/1147
f 1148/1148/1148 1147/1147/1147 1144/1144/1144
f 1148/1148/1148 1144/1144/1144 1149/1149/1149
f 1145/1145/1145 1149/1149/1149 1144/1144/1144
f 1150/1150/1150 1146/1146/1146 1151/1151/1151
f 1147/1147/1147 1151/1151/1151 1146/1146/1146
f 1147/1147/1147 1148/1148/1148 1151/1151/1151
f 1152/1152/1152 1151/1151/1151 1148/1148/1148
f 1152/1152/1152 1148/1148/1148 1153/1153/1153
f 1149/1149/1149 1153/1153/1153 1148/1148/1148
f 1151/1151/1151 1154/1154/1154 1150/1150/1150
f 1151/1151/1151 1152/1152/1152 1154/1154/1154
f 1153/1153/1153 1155/1155/1155 1152/1152/1152
f 1157/1157/1157 1156/1156/1156 1158/1158/1158
f 1159/1159/1159 1158/1158/1158 1156/1156/1156
f 1159/1159/1159 1160/1160/1160 1158/1158/1158
f 1161/1161/1161 1158/1158/1158 1160/1160/1160
f 1161/1161/1161 1160/1160/1160 1162/1162/1162
f 1163/1163/1163 1162/1162/1162 1160/1160/1160
f 1164/1164/1164 1157/1157/1157 1165/1165/1165
f 1158/1158/1158 1165/1165/1165 1157/1157/1157
f 1158/1158/1158 1161/1161/1161 1165/1165/1165
f 1166/1166/1166 1165/1165/1165 1161/1161/1161
f 1166/1166/1166 1161/1161/1161 1167/1167/1167
f 1162/1162/1162 1167/1167/1167 1161/1161/1161
f 1168/1168/1168 1164/1164/1164 1169/1169/1169
f 1165/1165/1165 1169/1169/1169 1164/1164/1164
f 1165/1165/1165 1166/1166/1166 1169/1169/1169
f 1170/1170/1170 1169/1169/1169 1166/1166/1166
f 1170/1170/1170 1166/1166/1166 1171/1171/1171
f 1167/1167/1167 1171/1171/1171 1166/1166/1166
f 1172/1172/1172 1168/1168/1168 1173/1173/1173
f 1169/1169/1169 1173/1173/1173 1168/1168/1168
f 1169/1169/1169 1170/1170/1170 1173/1173/1173
f 1174/1174/1174 1173/1173/1173 1170/1170/1170
f 1174/1174/1174 1170/1170/1170 1175/1175/1175
f 1171/1171/1171 1175/1175/1175 1170/1170/1170
f 1173/1173/1173 1176/1176/1176 1172/1172/1172
f 1173/1173/1173 1174/1174/1174 1176/1176/1176
f 1175/1175/1175 1177/1177/1177 1174/1174/1174
f 1179/1179/1179 1178/1178/1178 1180/1180/1180
f 1181/1181/1181 1180/1180/1180 1178/1178/1178
f 1181/1181/1181 1182/1182/1182 1180/1180/1180
f 1183/1183/1183 1180/1180/1180 1182/1182/1182
f 1183/1183/1183 1182/1182/1182 1184/1184/1184
f 1185/1185/1185 1184/1184/1184 1182/1182/1182
f 1186/1186/1186 1179/1179/1179 1187/1187/1187
f 1180/1180/1180 1187/1187/1187 1179/1179/1179
f 1180/1180/1180 1183/1183/1183 1187/1187/1187
f 1188/1188/1188 1187/1187/1187 1183/1183/1183
f 1188/1188/1188 1183/1183/1183 1189/1189/1189
f 1184/1184/1184 1189/1189/1189 1183/1183/1183
f 1190/1190/1190 1186/1186/1186 1191/1191/1191
f 1187/1187/1187 1191/1191/1191 1186/1186/1186
f 1187/1187/1187 1188/1188/1188 1191/1191/1191
f 1192/1192/1192 1191/1191/1191 1188/1188/1188
f 1192/1192/1192 1188/1188/1188 1193/1193/1193
f 1189/1189/1189 1193/1193/1193 1188/1188/1188
f 1194/1194/1194 1190/1190/1190 1195/1195/1195
f 1191/1191/1191 1195/1195/1195 1190/1190/1190
f 1191/1191/1191 1192/1192/1192 1195/1195/1195
f 1196/1196/1196 1195/1195/1195 1192/1192/1192
f 1196/1196/1196 1192/1192/1192 1197/1197/1197
f 1193/1193/1193 1197/1197/1197 1192/1192/1192
f 1198/1198/1198 1194/1194/1194 1199/1199/1199
f 1195/1195/1195 1199/1199/1199 1194/1194/1194
f 1195/1195/1195 1196/1196/1196 1199/1199/1199
f 1200/1200/1200 1199/1199/1199 1196/1196/1196
f 1200/1200/1200 1196/1196/1196 1201/1201/1201
f 1197/1197/1197 1201/1201/1201 1196/1196/1196
f 1199/1199/1199 1202/1202/1202 1198/1198/1198
f 1199/1199/1199 1200/1200/1200 1202/1202/1202
f 1201/1201/1201 1203/1203/1203 1200/1200/1200
f 1205/1205/1205 1204/1204/1204 1206/1206/1206
f 1207/1207/1207 1206/1206/1206 1204/1204/1204
f 1207/1207/1207 1208/1208/1208 1206/1206/1206
f 1209/1209/1209 1206/1206/1206 1208/1208/1208
f 1209/1209/1209 1208/1208/1208 1210/1210/1210
f 1211/1211/1211 1210/1210/1210 1208/1208/1208
f 1212/1212/1212 1205/1205/1205 1213/1213/1213
f 1206/1206/1206 1213/1213/1213 1205/1205/1205
f 1206/1206/1206 1209/1209/1209 1213/1213/1213
f 1214/1214/1214 1213/1213/1213 1209/1209/1209
f 1214/1214/1214 1209/1209/1209 1215/1215/1215
f 1210/1210/1210 1215/1215/1215 1209/1209/1209
f 1216/1216/1216 1212/1212/1212 1217/1217/1217
f 1213/1213/1213 1217/1217/1217 1212/1212/1212
f 1213/1213/1213 1214/1214/1214 1217/1217/1217
f 1218/1218/1218 1217/1217/1217 1214/1214/1214
f 1218/1218/1218 1214/1214/1214 1219/1219/1219
f 1215/1215/1215 1219/1219/1219 1214/1214/1214
f 1220/1220/1220 1216/1216/1216 1221/1221/1221
f 1217/1217/1217 1221/1221/1221 1216/1216/1216
f 1217/1217/1217 1218/1218/1218 1221/1221/1221
f 1222/1222/1222 1221/1221/1221 1218/1218/1218
f 1222/1222/1222 1218/1218/1218 1223/1223/1223
f 1219/1219/1219 1223/1223/1223 1218/1218/1218
f 1224/1224/1224 1220/1220/1220 1225/1225/1225
f 1221/1221/1221 1225/1225/1225 1220/1220/1220
f 1221/1221/1221 1222/1222/1222 1225/1225/1225
f 1226/1226/1226 1225/1225/1225 1222/1222/1222
f 1226/1226/1226 1222/1222/1222 1227/1227/1227
f 1223/1223/1223 1227/1227/1227 1222/1222/1222
f 1225/1225/1225 1228/1228/1228 1224/1224/1224
f 1225/1225/1225 1226/1226/1226 1228/1228/1228
f 1227/1227/1227 1229/1229/1229 1226/1226/1226
f 1231/1231/1231 1230/1230/1230 1232/1232/1232
f 1233/1233/1233 1232/1232/1232 1230/1230/1230
f 1233/1233/1233 1234/1234/1234 1232/1232/1232
f 1235/1235/1235 1232/1232/1232 1234/1234/1234
f 1235/1235/1235 1234/1234/1234 1236/1236/1236
f 1237/1237/1237 1236/1236/1236 1234/1234/1234
f 1238/1238/1238 1231/1231/1231 1239/1239/1239
f 1232/1232/1232 1239/1239/1239 1231/1231/1231
f 1232/1232/1232 1235/1235/1235 1239/1239/1239
f 1240/1240/1240 1239/1239/1239 1235/1235/1235
f 1240/1240/1240 1235/1235/1235 1241/1241/1241
f 1236/1236/1236 1241/1241/1241 1235/1235/1235
f 1242/1242/1242 1238/1238/1238 1243/1243/1243
f 1239/1239/1239 1243/1243/1243 1238/1238/1238
f 1239/1239/1239 1240/1240/1240 1243/1243/1243
f 1244/1244/1244 1243/1243/1243 1240/1240/1240
f 1244/1244/1244 1240/1240/1240 1245/1245/1245
f 1241/1241/1241 1245/1245/1245 1240/1240/1240
f 1246/1246/1246 1242/1242/1242 1247/1247/1247
f 1243/1243/1243 1247/1247/1247 1242/1242/1242
f 1243/1243/1243 1244/1244/1244 1247/1247/1247
f 1248/1248/1248 1247/1247/1247 1244/1244/1244
f 1248/1248/1248 1244/1244/1244 1249/1249/1249
f 1245/1245/1245 1249/1249/1249 1244/1244/1244
f 1247/1247/1247 1250/1250/1250 1246/1246/1246
f 1247/1247/1247 1248/1248/1248 1250/1250/1250
f 1249/1249/1249 1251/1251/1251 1248/1248/1248
f 1253/1253/1253 1252/1252/1252 1254/1254/1254
f 1255/1255/1255 1254/1254/1254 1252/1252/1252
f 1255/1255/1255 1256/1256/1256 1254/1254/1254
f 1257/1257/1257 1254/1254/1254 1256/1256/1256
f 1257/1257/1257 1256/1256/1256 1258/1258/1258
f 1259/1259/1259 1258/1258/1258 1256/1256/1256
f 1260/1260/1260 1253/1253/1253 1261/1261/1261
f 1254/1254/1254 1261/1261/1261 1253/1253/1253
f 1254/1254/1254 1257/1257/1257 1261/1261/1261
f 1262/1262/1262 1261/1261/1261 1257/1257/1257
f 1262/1262/1262 1257/1257/1257 1263/1263/1263
f 1258/1258/1258 1263/1263/1263 1257/1257/1257
f 1264/1264/1264 1260/1260/1260 1265/1265/1265
f 1261/1261/1261 1265/1265/1265 1260/1260/1260
f 1261/1261/1261 1262/1262/1262 1265/1265/1265
f 1266/1266/1266 1265/1265/1265 1262/1262/1262
f 1266/1266/1266 1262/1262/1262 1267/1267/1267
f 1263/1263/1263 1267/1267/1267 1262/1262/1262
f 1268/1268/1268 1264/1264/1264 1269/1269/1269
f 1265/1265/1265 1269/1269/1269 1264/1264/1264
f 1265/1265/1265 1266/1266/1266 1269/1269/1269
f 1270/1270/1270 1269/1269/1269 1266/1266/1266
f 1270/1270/1270 1266/1266/1266 1271/1271/1271
f 1267/1267/1267 1271/1271/1271 1266/1266/1266
f 1269/1269/1269 1272/1272/1272 1268/1268/1268
f 1269/1269/1269 1270/1270/1270 1272/1272/1272
f 1271/1271/1271 1273/1273/1273 1270/1270/1270
f 1275/1275/1275 1274/1274/1274 1276/1276/1276
f 1277/1277/1277 1276/1276/1276 1274/1274/1274
f 1277/1277/1277 1278/1278/1278 1276/1276/1276
f 1279/1279/1279 1276/1276/1276 1278/1278/1278
f 1279/1279/1279 1278/1278/1278 1280/1280/1280
f 1281/1281/1281 1280/1280/1280 1278/1278/1278
f 1282/1282/1282 1275/1275/1275 1283/1283/1283
f 1276/1276/1276 1283/1283/1283 1275/1275/1275
f 1276/1276/1276 1279/1279/1279 1283/1283/1283
f 1284/1284/1284 1283/1283/1283 1279/1279/1279
f 1284/1284/1284 1279/1279/1279 1285/1285/1285
f 1280/1280/1280 1285/1285/1285 1279/1279/1279
f 1286/1286/1286 1282/1282/1282 1287/1287/1287
f 1283/1283/1283 1287/1287/1287 1282/1282/1282
f 1283/1283/1283 1284/1284/1284 1287/1287/1287
f 1288/1288/1288 1287/1287/1287 1284/1284/1284
f 1288/1288/1288 1284/1284/1284 1289/1289/1289
f 1285/1285/1285 1289/1289/1289 1284/1284/1284
f 1290/1290/1290 1286/1286/1286 1291/1291/1291
f 1287/1287/1287 1291/1291/1291 1286/1286/1286
f 1287/1287/1287 1288/1288/1288 1291/1291/1291
f 1292/1292/1292 1291/1291/1291 1288/1288/1288
f 1292/1292/1292 1288/1288/1288 1293/1293/1293
f 1289/1289/1289 1293/1293/1293 1288/1288/1288
f 1291/1291/1291 1294/1294/1294 1290/1290/1290
f 1291/1291/1291 1292/1292/1292 1294/1294/1294
f 1293/1293/1293 1295/1295/1295 1292/1292/1292
f 1297/1297/1297 1296/1296/1296 1298/1298/1298
f 1299/1299/1299 1298/1298/1298 1296/1296/1296
f 1299/1299/1299 1300/1300/1300 1298/1298/1298
f 1301/1301/1301 1298/1298/1298 1300/1300/1300
f 1301/1301/1301 1300/1300/1300 1302/1302/1302
f 1303/1303/1303 1302/1302/1302 1300/1300/1300
f 1304/1304/1304 1297/1297/1297 1305/1305/1305
f 1298/1298/1298 1305/1305/1305 1297/1297/1297
f 1298/1298/1298 1301/1301/1301 1305/1305/1305
f 1306/1306/1306 1305/1305/1305 1301/1301/1301
f 1306/1306/1306 1301/1301/1301 1307/1307/1307
f 1302/1302/1302 1307/1307/1307 1301/1301/1301
f 1308/1308/1308 1304/1304/1304 1309/1309/1309
f 1305/1305/1305 1309/1309/1309 1304/1304/1304
f 1305/1305/1305 1306/1306/1306 1309/1309/1309
f 1310/1310/1310 1309/1309/1309 1306/1306/1306
f 1310/1310/1310 1306/1306/1306 1311/1311/1311
f 1307/1307/1307 1311/1311/1311 1306/1306/1306
f 1312/1312/1312 1308/1308/1308 1313/1313/1313
f 1309/1309/1309 1313/1313/1313 1308/1308/1308
f 1309/1309/1309 1310/1310/1310 1313/1313/1313
f 1314/1314/1314 1313/1313/1313 1310/1310/1310
f 1314/1314/1314 1310/1310/1310 1315/1315/1315
f 1311/1311/1311 1315/1315/1315 1310/1310/1310
f 1313/1313/1313 1316/1316/1316 1312/1312/1312
f 1313/1313/1313 1314/1314/1314 1316/1316/1316
f 1315/1315/1315 1317/1317/1317 1314/1314/1314
f 1319/1319/1319 1318/1318/1318 1320/1320/1320
f 1321/1321/1321 1320/1320/1320 1318/1318/1318
f 1321/1321/1321 1322/1322/1322 1320/1320/1320
f 1323/1323/1323 1320/1320/1320 1322/1322/1322
f 1323/1323/1323 1322/1322/1322 1324/1324/1324
f 1325/1325/1325 1324/1324/1324 1322/1322/1322
f 1326/1326/1326 1319/1319/1319 1327/1327/1327
f 1320/1320/1320 1327/1327/1327 1319/1319/1319
f 1320/1320/1320 1323/1323/1323 1327/1327/1327
f 1328/1328/1328 1327/1327/1327 1323/1323/1323
f 1328/1328/1328 1323/1323/1323 1329/1329/1329
f 1324/1324/1324 1329/1329/1329 1323/1323/1323
f 1330/1330/1330 1326/1326/1326 1331/1331/1331
f 1327/1327/1327 1331/1331/1331 1326/1326/1326
f 1327/1327/1327 1328/1328/1328 1331/1331/1331
f 1332/1332/1332 1331/1331/1331 1328/1328/1328
f 1332/1332/1332 1328/1328/1328 1333/1333/1333
f 1329/1329/1329 1333/1333/1333 1328/1328/1328
f 1334/1334/1334 1330/1330/1330 1335/1335/1335
f 1331/1331/1331 1335/1335/1335 1330/1330/1330
f 1331/1331/1331 1332/1332/1332 1335/1335/1335
f 1336/1336/1336 1335/1335/1335 1332/1332/1332
f 1336/1336/1336 1332/1332/1332 1337/1337/1337
f 1333/1333/1333 1337/1337/1337 1332/1332/1332
f 1335/1335/1335 1338/1338/1338 1334/1334/1334
f 1335/1335/1335 1336/1336/1336 1338/1338/1338
f 1337/1337/1337 1339/1339/1339 1336/1336/1336
f 1341/1341/1341 1340/1340/1340 1342/1342/1342
f 1343/1343/1343 1342/1342/1342 1340/1340/1340
f 1343/1343/1343 1344/1344/1344 1342/1342/1342
f 1345/1345/1345 1342/1342/1342 1344/1344/1344
f 1345/1345/1345 1344/1344/1344 1346/1346/1346
f 1347/1347/1347 1346/1346/1346 1344/1344/1344
f 1348/1348/1348 1341/1341/1341 1349/1349/1349
f 1342/1342/1342 1349/1349/1349 1341/1341/1341
f 1342/1342/1342 1345/1345/1345 1349/1349/1349
f 1350/1350/1350 1349/1349/1349 1345/1345/1345
f 1350/1350/1350 1345/1345/1345 1351/1351/1351
f 1346/1346/1346 1351/1351/1351 1345/1345/1345
f 1352/1352/1352 1348/1348/1348 1353/1353/1353
f 1349/1349/1349 1353/1353/1353 1348/1348/1348
f 1349/1349/1349 1350/1350/1350 1353/1353/1353
f 1354/1354/1354 1353/1353/1353 1350/1350/1350
f 1354/1354/1354 1350/1350/1350 1355/1355/1355
f 1351/1351/1351 1355/1355/1355 1350/1350/1350
f 1356/1356/1356 1352/1352/1352 1357/1357/1357
f 1353/1353/1353 1357/1357/1357 1352/1352/1352
f 1353/1353/1353 1354/1354/1354 1357/1357/1357
f 1358/1358/1358 1357/1357/1357 1354/1354/1354
f 1358/1358/1358 1354/1354/1354 1359/1359/1359
f 1355/1355/1355 1359/1359/1359 1354/1354/1354
f 1357/1357/1357 1360/1360/1360 1356/1356/1356
f 1357/1357/1357 1358/1358/1358 1360/1360/1360
f 1359/1359/1359 1361/1361/1361 1358/1358/1358
f 1363/1363/1363 1362/1362/1362 1364/1364/1364
f 1365/1365/1365 1364/1364/1364 1362/1362/1362
f 1365/1365/1365 1366/1366/1366 1364/1364/1364
f 1367/1367/1367 1364/1364/1364 1366/1366/1366
f 1367/1367/1367 1366/1366/1366 1368/1368/1368
f 1369/1369/1369 1368/1368/1368 1366/1366/1366
f 1370/1370/1370 1363/1363/1363 1371/1371/1371
f 1364/1364/1364 1371/1371/1371 1363/1363/1363
f 1364/1364/1364 1367/1367/1367 1371/1371/1371
f 1372/1372/1372 1371/1371/1371 1367/1367/1367
f 1372/1372/1372 1367/1367/1367 1373/1373/1373
f 1368/1368/1368 1373/1373/1373 1367/1367/1367
f 1374/1374/1374 1370/1370/1370 1375/1375/1375
f 1371/1371/1371 1375/1375/1375 1370/1370/1370
f 1371/1371/1371 1372/1372/1372 1375/1375/1375
f 1376/1376/1376 1375/1375/1375 1372/1372/1372
f 1376/1376/1376 1372/1372/1372 1377/1377/1377
f 1373/1373/1373 1377/1377/1377 1372/1372/1372
f 1378/1378/1378 1374/1374/1374 1379/1379/1379
f 1375/1375/1375 1379/1379/1379 1374/1374/1374
f 1375/1375/1375 1376/1376/1376 1379/1379/1379
f 1380/1380/1380 1379/1379/1379 1376/1376/1376
f 1380/1380/1380 1376/1376/1376 1381/1381/1381
f 1377/1377/1377 1381/1381/1381 1376/1376/1376
f 1379/1379/1379 1382/1382/1382 1378/1378/1378
f 1379/1379/1379 1380/1380/1380 1382/1382/1382
f 1381/1381/1381 1383/1383/1383 1380/1380/1380
f 61/61/61 62/62/62 1384/1384/1384
f 1385/1385/1385 1384/1384/1384 62/62/62
f 62/62/62 63/63/63 1385/1385/1385
f 1386/1386/1386 1385/1385/1385 63/63/63
f 63/63/63 64/64/64 1386/1386/1386
f 1387/1387/1387 1386/1386/1386 64/64/64
f 64/64/64 65/65/65 1387/1387/1387
f 1388/1388/1388 1387/1387/1387 65/65/65
f 65/65/65 66/66/66 1388/1388/1388
f 1389/1389/1389 1388/1388/1388 66/66/66
f 1390/1390/1390 1384/1384/1384 1391/1391/1391
f 1385/1385/1385 1391/1391/1391 1384/1384/1384
f 1385/1385/1385 1386/1386/1386 1391/1391/1391
f 1392/1392/1392 1391/1391/1391 1386/1386/1386
f 1392/1392/1392 1386/1386/1386 1393/1393/1393
f 1387/1387/1387 1393/1393/1393 1386/1386/1386
f 1387/1387/1387 1388/1388/1388 1393/1393/1393
f 1394/1394/1394 1393/1393/1393 1388/1388/1388
f 1394/1394/1394 1388/1388/1388 1395/1395/1395
f 1389/1389/1389 1395/1395/1395 1388/1388/1388
f 1396/1396/1396 1390/1390/1390 1397/1397/1397
f 1391/1391/1391 1397/1397/1397 1390/1390/1390
f 1391/1391/1391 1392/1392/1392 1397/1397/1397
f 1398/1398/1398 1397/1397/1397 1392/1392/1392
f 1398/1398/1398 1392/1392/1392 1399/1399/1399
f 1393/1393/1393 1399/1399/1399 1392/1392/1392
f 1393/1393/1393 1394/1394/1394 1399/1399/1399
f 1400/1400/1400 1399/1399/1399 1394/1394/1394
f 1400/1400/1400 1394/1394/1394 1401/1401/1401
f 1395/1395/1395 1401/1401/1401 1394/1394/1394
f 1402/1402/1402 1396/1396/1396 1403/1403/1403
f 1397/1397/1397 1403/1403/1403 1396/1396/1396
f 1397/1397/1397 1398/1398/1398 1403/1403/1403
f 1404/1404/1404 1403/1403/1403 1398/1398/1398
f 1404/1404/1404 1398/1398/1398 1405/1405/1405
f 1399/1399/1399 1405/1405/1405 1398/1398/1398
f 1399/1399/1399 1400/1400/1400 1405/1405/1405
f 1406/1406/1406 1405/1405/1405 1400/1400/1400
f 1406/1406/1406 1400/1400/1400 1407/1407/1407
f 1401/1401/1401 1407/1407/1407 1400/1400/1400
f 1403/1403/1403 1408/1408/1408 1402/1402/1402
f 1403/1403/1403 1404/1404/1404 1408/1408/1408
f 1405/1405/1405 1409/1409/1409 1404/1404/1404
f 1405/1405/1405 1406/1406/1406 1409/1409/1409
f 1407/1407/1407 1410/1410/1410 1406/1406/1406
f 148/148/148 149/149/149 1411/1411/1411
f 1412/1412/1412 1411/1411/1411 149/149/149
f 149/149/149 150/150/150 1412/1412/1412
f 1413/1413/1413 1412/1412/1412 150/150/150
f 150/150/150 151/151/151 1413/1413/1413
f 1414/1414/1414 1413/1413/1413 151/151/151
f 151/151/151 152/152/152 1414/1414/1414
f 1415/1415/1415 1414/1414/1414 152/152/152
f 152/152/152 153/153/153 1415/1415/1415
f 1416/1416/1416 1415/1415/1415 153/153/153
f 1417/1417/1417 1411/1411/1411 1418/1418/1418
f 1412/1412/1412 1418/1418/1418 1411/1411/1411
f 1412/1412/1412 1413/1413/1413 1418/1418/1418
f 1419/1419/1419 1418/1418/1418 1413/1413/1413
f 1419/1419/1419 1413/1413/1413 1420/1420/1420
f 1414/1414/1414 1420/1420/1420 1413/1413/1413
f 1414/1414/1414 1415/1415/1415 1420/1420/1420
f 1421/1421/1421 1420/1420/1420 1415/1415/1415
f 1421/1421/1421 1415/1415/1415 1422/1422/1422
f 1416/1416/1416 1422/1422/1422 1415/1415/1415
f 1423/1423/1423 1417/1417/1417 1424/1424/1424
f 1418/1418/1418 1424/1424/1424 1417/1417/1417
f 1418/1418/1418 1419/1419/1419 1424/1424/1424
f 1425/1425/1425 1424/1424/1424 1419/1419/1419
f 1425/1425/1425 1419/1419/1419 1426/1426/1426
f 1420/1420/1420 1426/1426/1426 1419/1419/1419
f 1420/1420/1420 1421/1421/1421 1426/1426/1426
f 1427/1427/1427 1426/1426/1426 1421/1421/1421
f 1427/1427/1427 1421/1421/1421 1428/1428/1428
f 1422/1422/1422 1428/1428/1428 1421/1421/1421
f 1429/1429/1429 1423/1423/1423 1430/1430/1430
f 1424/1424/1424 1430/1430/1430 1423/1423/1423
f 1424/1424/1424 1425/1425/1425 1430/1430/1430
f 1431/1431/1431 1430/1430/1430 1425/1425/1425
f 1431/1431/1431 1425/1425/1425 1432/1432/1432
f 1426/1426/1426 1432/1432/1432 1425/1425/1425
f 1426/1426/1426 1427/1427/1427 1432/1432/1432
f 1433/1433/1433 1432/1432/1432 1427/1427/1427
f 1433/1433/1433 1427/1427/1427 1434/1434/1434
f 1428/1428/1428 1434/1434/1434 1427/1427/1427
f 1435/1435/1435 1429/1429/1429 1436/1436/1436
f 1430/1430/1430 1436/1436/1436 1429/1429/1429
f 1430/1430/1430 1431/1431/1431 1436/1436/1436
f 1437/1437/1437 1436/1436/1436 1431/1431/1431
f 1437/1437/1437 1431/1431/1431 1438/1438/1438
f 1432/1432/1432 1438/1438/1438 1431/1431/1431
f 1432/1432/1432 1433/1433/1433 1438/1438/1438
f 1439/1439/1439 1438/1438/1438 1433/1433/1433
f 1439/1439/1439 1433/1433/1433 1440/1440/1440
f 1434/1434/1434 1440/1440/1440 1433/1433/1433
f 1436/1436/1436 1441/1441/1441 1435/1435/1435
f 1436/1436/1436 1437/1437/1437 1441/1441/1441
f 1438/1438/1438 1442/1442/1442 1437/1437/1437
f 1438/1438/1438 1439/1439/1439 1442/1442/1442
f 1440/1440/1440 1443/1443/1443 1439/1439/1439
f 241/241/241 242/242/242 1444/1444/1444
f 1445/1445/1445 1444/1444/1444 242/242/242
f 242/242/242 243/243/243 1445/1445/1445
f 1446/1446/1446 1445/1445/1445 243/243/243
f 243/243/243 244/244/244 1446/1446/1446
f 1447/1447/1447 1446/1446/1446 244/244/244
f 244/244/244 245/245/245 1447/1447/1447
f 1448/1448/1448 1447/1447/1447 245/245/245
f 245/245/245 246/246/246 1448/1448/1448
f 1449/1449/1449 1448/1448/1448 246/246/246
f 1450/1450/1450 1444/1444/1444 1451/1451/1451
f 1445/1445/1445 1451/1451/1451 1444/1444/1444
f 1445/1445/1445 1446/1446/1446 1451/1451/1451
f 1452/1452/1452 1451/1451/1451 1446/1446/1446
f 1452/1452/1452 1446/1446/1446 1453/1453/1453
f 1447/1447/1447 1453/1453/1453 1446/1446/1446
f 1447/1447/1447 1448/1448/1448 1453/1453/1453
f 1454/1454/1454 1453/1453/1453 1448/1448/1448
f 1454/1454/1454 1448/1448/1448 1455/1455/1455
f 1449/1449/1449 1455/1455/1455 1448/1448/1448
f 1456/1456/1456 1450/1450/1450 1457/1457/1457
f 1451/1451/1451 1457/1457/1457 1450/1450/1450
f 1451/1451/1451 1452/1452/1452 1457/1457/1457
f 1458/1458/1458 1457/1457/1457 1452/1452/1452
f 1458/1458/1458 1452/1452/1452 1459/1459/1459
f 1453/1453/1453 1459/1459/1459 1452/1452/1452
f 1453/1453/1453 1454/1454/1454 1459/1459/1459
f 1460/1460/1460 1459/1459/1459 1454/1454/1454
f 1460/1460/1460 1454/1454/1454 1461/1461/1461
f 1455/1455/1455 1461/1461/1461 1454/1454/1454
f 1462/1462/1462 1456/1456/1456 1463/1463/1463
f 1457/1457/1457 1463/1463/1463 1456/1456/1456
f 1457/1457/1457 1458/1458/1458 1463/1463/1463
f 1464/1464/1464 1463/1463/1463 1458/1458/1458
f 1464/1464/1464 1458/1458/1458 1465/1465/1465
f 1459/1459/1459 1465/1465/1465 1458/1458/1458
f 1459/1459/1459 1460/1460/1460 1465/1465/1465
f 1466/1466/1466 1465/1465/1465 1460/1460/1460
f 1466/1466/1466 1460/1460/1460 1467/1467/1467
f 1461/1461/1461 1467/1467/1467 1460/1460/1460
f 1468/1468/1468 1462/1462/1462 1469/1469/1469
f 1463/1463/1463 1469/1469/1469 1462/1462/1462
f 1463/1463/1463 1464/1464/1464 1469/1469/1469
f 1470/1470/1470 1469/1469/1469 1464/1464/1464
f 1470/1470/1470 1464/1464/1464 1471/1471/1471
f 1465/1465/1465 1471/1471/1471 1464/1464/1464
f 1465/1465/1465 1466/1466/1466 1471/1471/1471
f 1472/1472/1472 1471/1471/1471 1466/1466/1466
f 1472/1472/1472 1466/1466/1466 1473/1473/1473
f 1467/1467/1467 1473/1473/1473 1466/1466/1466
f 1469/1469/1469 1474/1474/1474 1468/1468/1468
f 1469/1469/1469 1470/1470/1470 1474/1474/1474
f 1471/1471/1471 1475/1475/1475 1470/1470/1470
f 1471/1471/1471 1472/1472/1472 1475/1475/1475
f 1473/1473/1473 1476/1476/1476 1472/1472/1472
f 334/334/334 335/335/335 1477/1477/1477
f 1478/1478/1478 1477/1477/1477 335/335/335
f 335/335/335 336/336/336 1478/1478/1478
f 1479/1479/1479 1478/1478/1478 336/336/336
f 336/336/336 337/337/337 1479/1479/1479
f 1480/1480/1480 1479/1479/1479 337/337/337
f 337/337/337 338/338/338 1480/1480/1480
f 1481/1481/1481 1480/1480/1480 338/338/338
f 338/338/338 339/339/339 1481/1481/1481
f 1482/1482/1482 1481/1481/1481 339/339/339
f 1483/1483/1483 1477/1477/1477 1484/1484/1484
f 1478/1478/1478 1484/1484/1484 1477/1477/1477
f 1478/1478/1478 1479/1479/1479 1484/1484/1484
f 1485/1485/1485 1484/1484/1484 1479/1479/1479
f 1485/1485/1485 1479/1479/1479 1486/1486/1486
f 1480/1480/1480 1486/1486/1486 1479/1479/1479
f 1480/1480/1480 1481/1481/1481 1486/1486/1486
f 1487/1487/1487 1486/1486/1486 1481/1481/1481
f 1487/1487/1487 1481/1481/1481 1488/1488/1488
f 1482/1482/1482 1488/1488/1488 1481/1481/1481
f 1489/1489/1489 1483/1483/1483 1490/1490/1490
f 1484/1484/1484 1490/1490/1490 1483/1483/1483
f 1484/1484/1484 1485/1485/1485 1490/1490/1490
f 1491/1491/1491 1490/1490/1490 1485/1485/1485
f 1491/1491/1491 1485/1485/1485 1492/1492/1492
f 1486/1486/1486 1492/1492/1492 1485/1485/1485
f 1486/1486/1486 1487/1487/1487 1492/1492/1492
f 1493/1493/1493 1492/1492/1492 1487/1487/1487
f 1493/1493/1493 1487/1487/1487 1494/1494/1494
f 1488/1488/1488 1494/1494/1494 1487/1487/1487
f 1495/1495/1495 1489/1489/1489 1496/1496/1496
f 1490/1490/1490 1496/1496/1496 1489/1489/1489
f 1490/1490/1490 1491/1491/1491 1496/1496/1496
f 1497/1497/1497 1496/1496/1496 1491/1491/1491
f 1497/1497/1497 1491/1491/1491 1498/1498/1498
f 1492/1492/1492 1498/1498/1498 1491/1491/1491
f 1492/1492/1492 1493/1493/1493 1498/1498/1498
f 1499/1499/1499 1498/1498/1498 1493/1493/1493
f 1499/1499/1499 1493/1493/1493 1500/1500/1500
f 1494/1494/1494 1500/1500/1500 1493/1493/1493
f 1501/1501/1501 1495/1495/1495 1502/1502/1502
f 1496/1496/1496 1502/1502/1502 1495/1495/1495
f 1496/1496/1496 1497/1497/1497 1502/1502/1502
f 1503/1503/1503 1502/1502/1502 1497/1497/1497
f 1503/1503/1503 1497/1497/1497 1504/1504/1504
f 1498/1498/1498 1504/1504/1504 1497/1497/1497
f 1498/1498/1498 1499/1499/1499 1504/1504/1504
f 1505/1505/1505 1504/1504/1504 1499/1499/1499
f 1505/1505/1505 1499/1499/1499 1506/1506/1506
f 1500/1500/1500 1506/1506/1506 1499/1499/1499
f 1507/1507/1507 1501/1501/1501 1508/1508/1508
f 1502/1502/1502 1508/1508/1508 1501/1501/1501
f 1502/1502/1502 1503/1503/1503 1508/1508/1508
f 1509/1509/1509 1508/1508/1508 1503/1503/1503
f 1509/1509/1509 1503/1503/1503 1510/1510/1510
f 1504/1504/1504 1510/1510/1510 1503/1503/1503
f 1504/1504/1504 1505/1505/1505 1510/1510/1510
f 1511/1511/1511 1510/1510/1510 1505/1505/1505
f 1511/1511/1511 1505/1505/1505 1512/1512/1512
f 1506/1506/1506 1512/1512/1512 1505/1505/1505
f 1508/1508/1508 1513/1513/1513 1507/1507/1507
f 1508/1508/1508 1509/1509/1509 1513/1513/1513
f 1510/1510/1510 1514/1514/1514 1509/1509/1509
f 1510/1510/1510 1511/1511/1511 1514/1514/1514
f 1512/1512/1512 1515/1515/1515 1511/1511/1511
f 433/433/433 434/434/434 1516/1516/1516
f 1517/1517/1517 1516/1516/1516 434/434/434
f 434/434/434 435/435/435 1517/1517/1517
f 1518/1518/1518 1517/1517/1517 435/435/435
f 435/435/435 436/436/436 1518/1518/1518
f 1519/1519/1519 1518/1518/1518 436/436/436
f 436/436/436 437/437/437 1519/1519/1519
f 1520/1520/1520 1519/1519/1519 437/437/437
f 437/437/437 438/438/438 1520/1520/1520
f 1521/1521/1521 1520/1520/1520 438/438/438
f 1522/1522/1522 1516/1516/1516 1523/1523/1523
f 1517/1517/1517 1523/1523/1523 1516/1516/1516
f 1517/1517/1517 1518/1518/1518 1523/1523/1523
f 1524/1524/1524 1523/1523/1523 1518/1518/1518
f 1524/1524/1524 1518/1518/1518 1525/1525/1525
f 1519/1519/1519 1525/1525/1525 1518/1518/1518
f 1519/1519/1519 1520/1520/1520 1525/1525/1525
f 1526/1526/1526 1525/1525/1525 1520/1520/1520
f 1526/1526/1526 1520/1520/1520 1527/1527/1527
f 1521/1521/1521 1527/1527/1527 1520/1520/1520
f 1528/1528/1528 1522/1522/1522 1529/1529/1529
f 1523/1523/1523 1529/1529/1529 1522/1522/1522
f 1523/1523/1523 1524/1524/1524 1529/1529/1529
f 1530/1530/1530 1529/1529/1529 1524/1524/1524
f 1530/1530/1530 1524/1524/1524 1531/1531/1531
f 1525/1525/1525 1531/1531/1531 1524/1524/1524
f 1525/1525/1525 1526/1526/1526 1531/1531/1531
f 1532/1532/1532 1531/1531/1531 1526/1526/1526
f 1532/1532/1532 1526/1526/1526 1533/1533/1533
f 1527/1527/1527 1533/1533/1533 1526/1526/1526
f 1534/1534/1534 1528/1528/1528 1535/1535/1535
f 1529/1529/1529 1535/1535/1535 1528/1528/1528
f 1529/1529/1529 1530/1530/1530 1535/1535/1535
f 1536/1536/1536 1535/1535/1535 1530/1530/1530
f 1536/1536/1536 1530/1530/1530 1537/1537/1537
f 1531/1531/1531 1537/1537/1537 1530/1530/1530
f 1531/1531/1531 1532/1532/1532 1537/1537/1537
f 1538/1538/1538 1537/1537/1537 1532/1532/1532
f 1538/1538/1538 1532/1532/1532 1539/1539/1539
f 1533/1533/1533 1539/1539/1539 1532/1532/1532
f 1540/1540/1540 1534/1534/1534 1541/1541/1541
f 1535/1535/1535 1541/1541/1541 1534/1534/1534
f 1535/1535/1535 1536/1536/1536 1541/1541/1541
f 1542/1542/1542 1541/1541/1541 1536/1536/1536
f 1542/1542/1542 1536/1536/1536 1543/1543/1543
f 1537/1537/1537 1543/1543/1543 1536/1536/1536
f 1537/1537/1537 1538/1538/1538 1543/1543/1543
f 1544/1544/1544 1543/1543/1543 1538/1538/1538
f 1544/1544/1544 1538/1538/1538 1545/1545/1545
f 1539/1539/1539 1545/1545/1545 1538/1538/1538
f 1546/1546/1546 1540/1540/1540 1547/1547/1547
f 1541/1541/1541 1547/1547/1547 1540/1540/1540
f 1541/1541/1541 1542/1542/1542 1547/1547/1547
f 1548/1548/1548 1547/1547/1547 1542/1542/1542
f 1548/1548/1548 1542/1542/1542 1549/1549/1549
f 1543/1543/1543 1549/1549/1549 1542/1542/1542
f 1543/1543/1543 1544/1544/1544 1549/1549/1549
f 1550/1550/1550 1549/1549/1549 1544/1544/1544
f 1550/1550/1550 1544/1544/1544 1551/1551/1551
f 1545/1545/1545 1551/1551/1551 1544/1544/1544
f 1547/1547/1547 1552/1552/1552 1546/1546/1546
f 1547/1547/1547 1548/1548/1548 1552/1552/1552
f 1549/1549/1549 1553/1553/1553 1548/1548/1548
f 1549/1549/1549 1550/1550/1550 1553/1553/1553
f 1551/1551/1551 1554/1554/1554 1550/1550/1550
f 548/548/548 549/549/549 1555/1555/1555
f 1556/1556/1556 1555/1555/1555 549/549/549
f 549/549/549 550/550/550 1556/1556/1556
f 1557/1557/1557 1556/1556/1556 550/550/550
f 550/550/550 551/551/551 1557/1557/1557
f 1558/1558/1558 1557/1557/1557 551/551/551
f 551/551/551 552/552/552 1558/1558/1558
f 1559/1559/1559 1558/1558/1558 552/552/552
f 552/552/552 553/553/553 1559/1559/1559
f 1560/1560/1560 1559/1559/1559 553/553/553
f 553/553/553 554/554/554 1560/1560/1560
f 1561/1561/1561 1560/1560/1560 554/554/554
f 1562/1562/1562 1555/1555/1555 1563/1563/1563
f 1556/1556/1556 1563/1563/1563 1555/1555/1555
f 1556/1556/1556 1557/1557/1557 1563/1563/1563
f 1564/1564/1564 1563/1563/1563 1557/1557/1557
f 1564/1564/1564 1557/1557/1557 1565/1565/1565
f 1558/1558/1558 1565/1565/1565 1557/1557/1557
f 1558/1558/1558 1559/1559/1559 1565/1565/1565
f 1566/1566/1566 1565/1565/1565 1559/1559/1559
f 1566/1566/1566 1559/1559/1559 1567/1567/1567
f 1560/1560/1560 1567/1567/1567 1559/1559/1559
f 1560/1560/1560 1561/1561/1561 1567/1567/1567
f 1568/1568/1568 1567/1567/1567 1561/1561/1561
f 1569/1569/1569 1562/1562/1562 1570/1570/1570
f 1563/1563/1563 1570/1570/1570 1562/1562/1562
f 1563/1563/1563 1564/1564/1564 1570/1570/1570
f 1571/1571/1571 1570/1570/1570 1564/1564/1564
f 1571/1571/1571 1564/1564/1564 1572/1572/1572
f 1565/1565/1565 1572/1572/1572 1564/1564/1564
f 1565/1565/1565 1566/1566/1566 1572/1572/1572
f 1573/1573/1573 1572/1572/1572 1566/1566/1566
f 1573/1573/1573 1566/1566/1566 1574/1574/1574
f 1567/1567/1567 1574/1574/1574 1566/1566/1566
f 1567/1567/1567 1568/1568/1568 1574/1574/1574
f 1575/1575/1575 1574/1574/1574 1568/1568/1568
f 1576/1576/1576 1569/1569/1569 1577/1577/1577
f 1570/1570/1570 1577/1577/1577 1569/1569/1569
f 1570/1570/1570 1571/1571/1571 1577/1577/1577
f 1578/1578/1578 1577/1577/1577 1571/1571/1571
f 1578/1578/1578 1571/1571/1571 1579/1579/1579
f 1572/1572/1572 1579/1579/1579 1571/1571/1571
f 1572/1572/1572 1573/1573/1573 1579/1579/1579
f 1580/1580/1580 1579/1579/1579 1573/1573/1573
f 1580/1580/1580 1573/1573/1573 1581/1581/1581
f 1574/1574/1574 1581/1581/1581 1573/1573/1573
f 1574/1574/1574 1575/1575/1575 1581/1581/1581
f 1582/1582/1582 1581/1581/1581 1575/1575/1575
f 1583/1583/1583 1576/1576/1576 1584/1584/1584
f 1577/1577/1577 1584/1584/1584 1576/1576/1576
f 1577/1577/1577 1578/1578/1578 1584/1584/1584
f 1585/1585/1585 1584/1584/1584 1578/1578/1578
f 1585/1585/1585 1578/1578/1578 1586/1586/1586
f 1579/1579/1579 1586/1586/1586 1578/1578/1578
f 1579/1579/1579 1580/1580/1580 1586/1586/1586
f 1587/1587/1587 1586/1586/1586 1580/1580/1580
f 1587/1587/1587 1580/1580/1580 1588/1588/1588
f 1581/1581/1581 1588/1588/1588 1580/1580/1580
f 1581/1581/1581 1582/1582/1582 1588/1588/1588
f 1589/1589/1589 1588/1588/1588 1582/1582/1582
f 1590/1590/1590 1583/1583/1583 1591/1591/1591
f 1584/1584/1584 1591/1591/1591 1583/1583/1583
f 1584/1584/1584 1585/1585/1585 1591/1591/1591
f 1592/1592/1592 1591/1591/1591 1585/1585/1585
f 1592/1592/1592 1585/1585/1585 1593/1593/1593
f 1586/1586/1586 1593/1593/1593 1585/1585/1585
f 1586/1586/1586 1587/1587/1587 1593/1593/1593
f 1594/1594/1594 1593/1593/1593 1587/1587/1587
f 1594/1594/1594 1587/1587/1587 1595/1595/1595
f 1588/1588/1588 1595/1595/1595 1587/1587/1587
f 1588/1588/1588 1589/1589/1589 1595/1595/1595
f 1596/1596/1596 1595/1595/1595 1589/1589/1589
f 1597/1597/1597 1590/1590/1590 1598/1598/1598
f 1591/1591/1591 1598/1598/1598 1590/1590/1590
f 1591/1591/1591 1592/1592/1592 1598/1598/1598
f 1599/1599/1599 1598/1598/1598 1592/1592/1592
f 1599/1599/1599 1592/1592/1592 1600/1600/1600
f 1593/1593/1593 1600/1600/1600 1592/1592/1592
f 1593/1593/1593 1594/1594/1594 1600/1600/1600
f 1601/1601/1601 1600/1600/1600 1594/1594/1594
f 1601/1601/1601 1594/1594/1594 1602/1602/1602
f 1595/1595/1595 1602/1602/1602 1594/1594/1594
f 1595/1595/1595 1596/1596/1596 1602/1602/1602
f 1603/1603/1603 1602/1602/1602 1596/1596/1596
f 1598/1598/1598 1604/1604/1604 1597/1597/1597
f 1598/1598/1598 1599/1599/1599 1604/1604/1604
f 1600/1600/1600 1605/1605/1605 1599/1599/1599
f 1600/1600/1600 1601/1601/1601 1605/1605/1605
f 1602/1602/1602 1606/1606/1606 1601/1601/1601
f 1602/1602/1602 1603/1603/1603 1606/1606/1606
f 677/677/677 678/678/678 1607/1607/1607
f 1608/1608/1608 1607/1607/1607 678/678/678
f 678/678/678 679/679/679 1608/1608/1608
f 1609/1609/1609 1608/1608/1608 679/679/679
f 679/679/679 680/680/680 1609/1609/1609
f 1610/1610/1610 1609/1609/1609 680/680/680
f 680/680/680 681/681/681 1610/1610/1610
f 1611/1611/1611 1610/1610/1610 681/681/681
f 681/681/681 682/682/682 1611/1611/1611
f 1612/1612/1612 1611/1611/1611 682/682/682
f 682/682/682 683/683/683 1612/1612/1612
f 1613/1613/1613 1612/1612/1612 683/683/683
f 1614/1614/1614 1607/1607/1607 1615/1615/1615
f 1608/1608/1608 1615/1615/1615 1607/1607/1607
f 1608/1608/1608 1609/1609/1609 1615/1615/1615
f 1616/1616/1616 1615/1615/1615 1609/1609/1609
f 1616/1616/1616 1609/1609/1609 1617/1617/1617
f 1610/1610/1610 1617/1617/1617 1609/1609/1609
f 1610/1610/1610 1611/1611/1611 1617/1617/1617
f 1618/1618/1618 1617/1617/1617 1611/1611/1611
f 1618/1618/1618 1611/1611/1611 1619/1619/1619
f 1612/1612/1612 1619/1619/1619 1611/1611/1611
f 1612/1612/1612 1613/1613/1613 1619/1619/1619
f 1620/1620/1620 1619/1619/1619 1613/1613/1613
f 1621/1621/1621 1614/1614/1614 1622/1622/1622
f 1615/1615/1615 1622/1622/1622 1614/1614/1614
f 1615/1615/1615 1616/1616/1616 1622/1622/1622
f 1623/1623/1623 1622/1622/1622 1616/1616/1616
f 1623/1623/1623 1616/1616/1616 1624/1624/1624
f 1617/1617/1617 1624/1624/1624 1616/1616/1616
f 1617/1617/1617 1618/1618/1618 1624/1624/1624
f 1625/1625/1625 1624/1624/1624 1618/1618/1618
f 1625/1625/1625 1618/1618/1618 1626/1626/1626
f 1619/1619/1619 1626/1626/1626 1618/1618/1618
f 1619/1619/1619 1620/1620/1620 1626/1626/1626
f 1627/1627/1627 1626/1626/1626 1620/1620/1620
f 1628/1628/1628 1621/1621/1621 1629/1629/1629
f 1622/1622/1622 1629/1629/1629 1621/1621/1621
f 1622/1622/1622 1623/1623/1623 1629/1629/1629
f 1630/1630/1630 1629/1629/1629 1623/1623/1623
f 1630/1630/1630 1623/1623/1623 1631/1631/1631
f 1624/1624/1624 1631/1631/1631 1623/1623/1623
f 1624/1624/1624 1625/1625/1625 1631/1631/1631
f 1632/1632/1632 1631/1631/1631 1625/1625/1625
f 1632/1632/1632 1625/1625/1625 1633/1633/1633
f 1626/1626/1626 1633/1633/1633 1625/1625/1625
f 1626/1626/1626 1627/1627/1627 1633/1633/1633
f 1634/1634/1634 1633/1633/1633 1627/1627/1627
f 1635/1635/1635 1628/1628/1628 1636/1636/1636
f 1629/1629/1629 1636/1636/1636 1628/1628/1628
f 1629/1629/1629 1630/1630/1630 1636/1636/1636
f 1637/1637/1637 1636/1636/1636 1630/1630/1630
f 1637/1637/1637 1630/1630/1630 1638/1638/1638
f 1631/1631/1631 1638/1638/1638 1630/1630/1630
f 1631/1631/1631 1632/1632/1632 1638/1638/1638
f 1639/1639/1639 1638/1638/1638 1632/1632/1632
f 1639/1639/1639 1632/1632/1632 1640/1640/1640
f 1633/1633/1633 1640/1640/1640 1632/1632/1632
f 1633/1633/1633 1634/1634/1634 1640/1640/1640
f 1641/1641/1641 1640/1640/1640 1634/1634/1634
f 1642/1642/1642 1635/1635/1635 1643/1643/1643
f 1636/1636/1636 1643/1643/1643 1635/1635/1635
f 1636/1636/1636 1637/1637/1637 1643/1643/1643
f 1644/1644/1644 1643/1643/1643 1637/1637/1637
f 1644/1644/1644 1637/1637/1637 1645/1645/1645
f 1638/1638/1638 1645/1645/1645 1637/1637/1637
f 1638/1638/1638 1639/1639/1639 1645/1645/1645
f 1646/1646/1646 1645/1645/1645 1639/1639/1639
f 1646/1646/1646 1639/1639/1639 1647/1647/1647
f 1640/1640/1640 1647/1647/1647 1639/1639/1639
f 1640/1640/1640 1641/1641/1641 1647/1647/1647
f 1648/1648/1648 1647/1647/1647 1641/1641/1641
f 1649/1649/1649 1642/1642/1642 1650/1650/1650
f 1643/1643/1643 1650/1650/1650 1642/1642/1642
f 1643/1643/1643 1644/1644/1644 1650/1650/1650
f 1651/1651/1651 1650/1650/1650 1644/1644/1644
f 1651/1651/1651 1644/1644/1644 1652/1652/1652
f 1645/1645/1645 1652/1652/1652 1644/1644/1644
f 1645/1645/1645 1646/1646/1646 1652/1652/1652
f 1653/1653/1653 1652/1652/1652 1646/1646/1646
f 1653/1653/1653 1646/1646/1646 1654/1654/1654
f 1647/1647/1647 1654/1654/1654 1646/1646/1646
f 1647/1647/1647 1648/1648/1648 1654/1654/1654
f 1655/1655/1655 1654/1654/1654 1648/1648/1648
f 1650/1650/1650 1656/1656/1656 1649/1649/1649
f 1650/1650/1650 1651/1651/1651 1656/1656/1656
f 1652/1652/1652 1657/1657/1657 1651/1651/1651
f 1652/1652/1652 1653/1653/1653 1657/1657/1657
f 1654/1654/1654 1658/1658/1658 1653/1653/1653
f 1654/1654/1654 1655/1655/1655 1658/1658/1658
f 771/771/771 772/772/772 1659/1659/1659
f 1660/1660/1660 1659/1659/1659 772/772/772
f 772/772/772 773/773/773 1660/1660/1660
f 1661/1661/1661 1660/1660/1660 773/773/773
f 773/773/773 774/774/774 1661/1661/1661
f 1662/1662/1662 1661/1661/1661 774/774/774
f 774/774/774 775/775/775 1662/1662/1662
f 1663/1663/1663 1662/1662/1662 775/775/775
f 1664/1664/1664 1659/1659/1659 1665/1665/1665
f 1660/1660/1660 1665/1665/1665 1659/1659/1659
f 1660/1660/1660 1661/1661/1661 1665/1665/1665
f 1666/1666/1666 1665/1665/1665 1661/1661/1661
f 1666/1666/1666 1661/1661/1661 1667/1667/1667
f 1662/1662/1662 1667/1667/1667 1661/1661/1661
f 1662/1662/1662 1663/1663/1663 1667/1667/1667
f 1668/1668/1668 1667/1667/1667 1663/1663/1663
f 1669/1669/1669 1664/1664/1664 1670/1670/1670
f 1665/1665/1665 1670/1670/1670 1664/1664/1664
f 1665/1665/1665 1666/1666/1666 1670/1670/1670
f 1671/1671/1671 1670/1670/1670 1666/1666/1666
f 1671/1671/1671 1666/1666/1666 1672/1672/1672
f 1667/1667/1667 1672/1672/1672 1666/1666/1666
f 1667/1667/1667 1668/1668/1668 1672/1672/1672
f 1673/1673/1673 1672/1672/1672 1668/1668/1668
f 1670/1670/1670 1674/1674/1674 1669/1669/1669
f 1670/1670/1670 1671/1671/1671 1674/1674/1674
f 1672/1672/1672 1675/1675/1675 1671/1671/1671
f 1672/1672/1672 1673/1673/1673 1675/1675/1675
f 823/823/823 824/824/824 1676/1676/1676
f 1677/1677/1677 1676/1676/1676 824/824/824
f 824/824/824 825/825/825 1677/1677/1677
f 1678/1678/1678 1677/1677/1677 825/825/825
f 825/825/825 826/826/826 1678/1678/1678
f 1679/1679/1679 1678/1678/1678 826/826/826
f 826/826/826 827/827/827 1679/1679/1679
f 1680/1680/1680 1679/1679/1679 827/827/827
f 1681/1681/1681 1676/1676/1676 1682/1682/1682
f 1677/1677/1677 1682/1682/1682 1676/1676/1676
f 1677/1677/1677 1678/1678/1678 1682/1682/1682
f 1683/1683/1683 1682/1682/1682 1678/1678/1678
f 1683/1683/1683 1678/1678/1678 1684/1684/1684
f 1679/1679/1679 1684/1684/1684 1678/1678/1678
f 1679/1679/1679 1680/1680/1680 1684/1684/1684
f 1685/1685/1685 1684/1684/1684 1680/1680/1680
f 1686/1686/1686 1681/1681/1681 1687/1687/1687
f 1682/1682/1682 1687/1687/1687 1681/1681/1681
f 1682/1682/1682 1683/1683/1683 1687/1687/1687
f 1688/1688/1688 1687/1687/1687 1683/1683/1683
f 1688/1688/1688 1683/1683/1683 1689/1689/1689
f 1684/1684/1684 1689/1689/1689 1683/1683/1683
f 1684/1684/1684 1685/1685/1685 1689/1689/1689
f 1690/1690/1690 1689/1689/1689 1685/1685/1685
f 1691/1691/1691 1686/1686/1686 1692/1692/1692
f 1687/1687/1687 1692/1692/1692 1686/1686/1686
f 1687/1687/1687 1688/1688/1688 1692/1692/1692
f 1693/1693/1693 1692/1692/1692 1688/1688/1688
f 1693/1693/1693 1688/1688/1688 1694/1694/1694
f 1689/1689/1689 1694/1694/1694 1688/1688/1688
f 1689/1689/1689 1690/1690/1690 1694/1694/1694
f 1695/1695/1695 1694/1694/1694 1690/1690/1690
f 1692/1692/1692 1696/1696/1696 1691/1691/1691
f 1692/1692/1692 1693/1693/1693 1696/1696/1696
f 1694/1694/1694 1697/1697/1697 1693/1693/1693
f 1694/1694/1694 1695/1695/1695 1697/1697/1697
f 874/874/874 875/875/875 1698/1698/1698
f 1699/1699/1699 1698/1698/1698 875/875/875
f 875/875/875 876/876/876 1699/1699/1699
f 1700/1700/1700 1699/1699/1699 876/876/876
f 876/876/876 877/877/877 1700/1700/1700
f 1701/1701/1701 1700/1700/1700 877/877/877
f 1702/1702/1702 1698/1698/1698 1703/1703/1703
f 1699/1699/1699 1703/1703/1703 1698/1698/1698
f 1699/1699/1699 1700/1700/1700 1703/1703/1703
f 1704/1704/1704 1703/1703/1703 1700/1700/1700
f 1704/1704/1704 1700/1700/1700 1705/1705/1705
f 1701/1701/1701 1705/1705/1705 1700/1700/1700
f 1706/1706/1706 1702/1702/1702 1707/1707/1707
f 1703/1703/1703 1707/1707/1707 1702/1702/1702
f 1703/1703/1703 1704/1704/1704 1707/1707/1707
f 1708/1708/1708 1707/1707/1707 1704/1704/1704
f 1708/1708/1708 1704/1704/1704 1709/1709/1709
f 1705/1705/1705 1709/1709/1709 1704/1704/1704
f 1707/1707/1707 1710/1710/1710 1706/1706/1706
f 1707/1707/1707 1708/1708/1708 1710/1710/1710
f 1709/1709/1709 1711/1711/1711 1708/1708/1708
f 916/916/916 917/917/917 1712/1712/1712
f 1713/1713/1713 1712/1712/1712 917/917/917
f 917/917/917 918/918/918 1713/1713/1713
f 1714/1714/1714 1713/1713/1713 918/918/918
f 918/918/918 919/919/919 1714/1714/1714
f 1715/1715/1715 1714/1714/1714 919/919/919
f 1716/1716/1716 1712/1712/1712 1717/1717/1717
f 1713/1713/1713 1717/1717/1717 1712/1712/1712
f 1713/1713/1713 1714/1714/1714 1717/1717/1717
f 1718/1718/1718 1717/1717/1717 1714/1714/1714
f 1718/1718/1718 1714/1714/1714 1719/1719/1719
f 1715/1715/1715 1719/1719/1719 1714/1714/1714
f 1720/1720/1720 1716/1716/1716 1721/1721/1721
f 1717/1717/1717 1721/1721/1721 1716/1716/1716
f 1717/1717/1717 1718/1718/1718 1721/1721/1721
f 1722/1722/1722 1721/1721/1721 1718/1718/1718
f 1722/1722/1722 1718/1718/1718 1723/1723/1723
f 1719/1719/1719 1723/1723/1723 1718/1718/1718
f 1721/1721/1721 1724/1724/1724 1720/1720/1720
f 1721/1721/1721 1722/1722/1722 1724/1724/1724
f 1723/1723/1723 1725/1725/1725 1722/1722/1722
f 958/958/958 959/959/959 1726/1726/1726
f 1727/1727/1727 1726/1726/1726 959/959/959
f 959/959/959 960/960/960 1727/1727/1727
f 1728/1728/1728 1727/1727/1727 960/960/960
f 960/960/960 961/961/961 1728/1728/1728
f 1729/1729/1729 1728/1728/1728 961/961/961
f 1730/1730/1730 1726/1726/1726 1731/1731/1731
f 1727/1727/1727 1731/1731/1731 1726/1726/1726
f 1727/1727/1727 1728/1728/1728 1731/1731/1731
f 1732/1732/1732 1731/1731/1731 1728/1728/1728
f 1732/1732/1732 1728/1728/1728 1733/1733/1733
f 1729/1729/1729 1733/1733/1733 1728/1728/1728
f 1734/1734/1734 1730/1730/1730 1735/1735/1735
f 1731/1731/1731 1735/1735/1735 1730/1730/1730
f 1731/1731/1731 1732/1732/1732 1735/1735/1735
f 1736/1736/1736 1735/1735/1735 1732/1732/1732
f 1736/1736/1736 1732/1732/1732 1737/1737/1737
f 1733/1733/1733 1737/1737/1737 1732/1732/1732
f 1735/1735/1735 1738/1738/1738 1734/1734/1734
f 1735/1735/1735 1736/1736/1736 1738/1738/1738
f 1737/1737/1737 1739/1739/1739 1736/1736/1736
f 1004/1004/1004 1005/1005/1005 1740/1740/1740
f 1741/1741/1741 1740/1740/1740 1005/1005/1005
f 1005/1005/1005 1006/1006/1006 1741/1741/1741
f 1742/1742/1742 1741/1741/1741 1006/1006/1006
f 1006/1006/1006 1007/1007/1007 1742/1742/1742
f 1743/1743/1743 1742/1742/1742 1007/1007/1007
f 1744/1744/1744 1740/1740/1740 1745/1745/1745
f 1741/1741/1741 1745/1745/1745 1740/1740/1740
f 1741/1741/1741 1742/1742/1742 1745/1745/1745
f 1746/1746/1746 1745/1745/1745 1742/1742/1742
f 1746/1746/1746 1742/1742/1742 1747/1747/1747
f 1743/1743/1743 1747/1747/1747 1742/1742/1742
f 1745/1745/1745 1748/1748/1748 1744/1744/1744
f 1745/1745/1745 1746/1746/1746 1748/1748/1748
f 1747/1747/1747 1749/1749/1749 1746/1746/1746
f 1034/1034/1034 1035/1035/1035 1750/1750/1750
f 1751/1751/1751 1750/1750/1750 1035/1035/1035
f 1035/1035/1035 1036/1036/1036 1751/1751/1751
f 1752/1752/1752 1751/1751/1751 1036/1036/1036
f 1036/1036/1036 1037/1037/1037 1752/1752/1752
f 1753/1753/1753 1752/1752/1752 1037/1037/1037
f 1754/1754/1754 1750/1750/1750 1755/1755/1755
f 1751/1751/1751 1755/1755/1755 1750/1750/1750
f 1751/1751/1751 1752/1752/1752 1755/1755/1755
f 1756/1756/1756 1755/1755/1755 1752/1752/1752
f 1756/1756/1756 1752/1752/1752 1757/1757/1757
f 1753/1753/1753 1757/1757/1757 1752/1752/1752
f 1755/1755/1755 1758/1758/1758 1754/1754/1754
f 1755/1755/1755 1756/1756/1756 1758/1758/1758
f 1757/1757/1757 1759/1759/1759 1756/1756/1756
f 1064/1064/1064 1065/1065/1065 1760/1760/1760
f 1761/1761/1761 1760/1760/1760 1065/1065/1065
f 1065/1065/1065 1066/1066/1066 1761/1761/1761
f 1762/1762/1762 1761/1761/1761 1066/1066/1066
f 1066/1066/1066 1067/1067/1067 1762/1762/1762
f 1763/1763/1763 1762/1762/1762 1067/1067/1067
f 1761/1761/1761 1764/1764/1764 1760/1760/1760
f 1761/1761/1761 1762/1762/1762 1764/1764/1764
f 1763/1763/1763 1765/1765/1765 1762/1762/1762
f 1086/1086/1086 1087/1087/1087 1766/1766/1766
f 1767/1767/1767 1766/1766/1766 1087/1087/1087
f 1087/1087/1087 1088/1088/1088 1767/1767/1767
f 1768/1768/1768 1767/1767/1767 1088/1088/1088
f 1088/1088/1088 1089/1089/1089 1768/1768/1768
f 1769/1769/1769 1768/1768/1768 1089/1089/1089
f 1770/1770/1770 1766/1766/1766 1771/1771/1771
f 1767/1767/1767 1771/1771/1771 1766/1766/1766
f 1767/1767/1767 1768/1768/1768 1771/1771/1771
f 1772/1772/1772 1771/1771/1771 1768/1768/1768
f 1772/1772/1772 1768/1768/1768 1773/1773/1773
f 1769/1769/1769 1773/1773/1773 1768/1768/1768
f 1771/1771/1771 1774/1774/1774 1770/1770/1770
f 1771/1771/1771 1772/1772/1772 1774/1774/1774
f 1773/1773/1773 1775/1775/1775 1772/1772/1772
f 1116/1116/1116 1117/1117/1117 1776/1776/1776
f 1777/1777/1777 1776/1776/1776 1117/1117/1117
f 1117/1117/1117 1118/1118/1118 1777/1777/1777
f 1778/1778/1778 1777/1777/1777 1118/1118/1118
f 1118/1118/1118 1119/1119/1119 1778/1778/1778
f 1779/1779/1779 1778/1778/1778 1119/1119/1119
f 1777/1777/1777 1780/1780/1780 1776/1776/1776
f 1777/1777/1777 1778/1778/1778 1780/1780/1780
f 1779/1779/1779 1781/1781/1781 1778/1778/1778
f 1142/1142/1142 1143/1143/1143 1782/1782/1782
f 1783/1783/1783 1782/1782/1782 1143/1143/1143
f 1143/1143/1143 1144/1144/1144 1783/1783/1783
f 1784/1784/1784 1783/1783/1783 1144/1144/1144
f 1144/1144/1144 1145/1145/1145 1784/1784/1784
f 1785/1785/1785 1784/1784/1784 1145/1145/1145
f 1786/1786/1786 1782/1782/1782 1787/1787/1787
f 1783/1783/1783 1787/1787/1787 1782/1782/1782
f 1783/1783/1783 1784/1784/1784 1787/1787/1787
f 1788/1788/1788 1787/1787/1787 1784/1784/1784
f 1788/1788/1788 1784/1784/1784 1789/1789/1789
f 1785/1785/1785 1789/1789/1789 1784/1784/1784
f 1787/1787/1787 1790/1790/1790 1786/1786/1786
f 1787/1787/1787 1788/1788/1788 1790/1790/1790
f 1789/1789/1789 1791/1791/1791 1788/1788/1788
f 1168/1168/1168 1169/1169/1169 1792/1792/1792
f 1793/1793/1793 1792/1792/1792 1169/1169/1169
f 1169/1169/1169 1170/1170/1170 1793/1793/1793
f 1794/1794/1794 1793/1793/1793 1170/1170/1170
f 1170/1170/1170 1171/1171/1171 1794/1794/1794
f 1795/1795/1795 1794/1794/1794 1171/1171/1171
f 1793/1793/1793 1796/1796/1796 1792/1792/1792
f 1793/1793/1793 1794/1794/1794 1796/1796/1796
f 1795/1795/1795 1797/1797/1797 1794/1794/1794
f 1194/1194/1194 1195/1195/1195 1798/1798/1798
f 1799/1799/1799 1798/1798/1798 1195/1195/1195
f 1195/1195/1195 1196/1196/1196 1799/1799/1799
f 1800/1800/1800 1799/1799/1799 1196/1196/1196
f 1196/1196/1196 1197/1197/1197 1800/1800/1800
f 1801/1801/1801 1800/1800/1800 1197/1197/1197
f 1799/1799/1799 1802/1802/1802 1798/1798/1798
f 1799/1799/1799 1800/1800/1800 1802/1802/1802
f 1801/1801/1801 1803/1803/1803 1800/1800/1800
f 1805/1805/1805 1804/1804/1804 1806/1806/1806
f 1807/1807/1807 1806/1806/1806 1804/1804/1804
f 1807/1807/1807 1808/1808/1808 1806/1806/1806
f 1809/1809/1809 1806/1806/1806 1808/1808/1808
f 1809/1809/1809 1808/1808/1808 1810/1810/1810
f 1811/1811/1811 1810/1810/1810 1808/1808/1808
f 1812/1812/1812 1805/1805/1805 1813/1813/1813
f 1806/1806/1806 1813/1813/1813 1805/1805/1805
f 1806/1806/1806 1809/1809/1809 1813/1813/1813
f 1814/1814/1814 1813/1813/1813 1809/1809/1809
f 1814/1814/1814 1809/1809/1809 1815/1815/1815
f 1810/1810/1810 1815/1815/1815 1809/1809/1809
f 1816/1816/1816 1812/1812/1812 1817/1817/1817
f 1813/1813/1813 1817/1817/1817 1812/1812/1812
f 1813/1813/1813 1814/1814/1814 1817/1817/1817
f 1818/1818/1818 1817/1817/1817 1814/1814/1814
f 1818/1818/1818 1814/1814/1814 1819/1819/1819
f 1815/1815/1815 1819/1819/1819 1814/1814/1814
f 1817/1817/1817 1820/1820/1820 1816/1816/1816
f 1817/1817/1817 1818/1818/1818 1820/1820/1820
f 1819/1819/1819 1821/1821/1821 1818/1818/1818
f 1823/1823/1823 1822/1822/1822 1824/1824/1824
f 1825/1825/1825 1824/1824/1824 1822/1822/1822
f 1825/1825/1825 1826/1826/1826 1824/1824/1824
f 1827/1827/1827 1824/1824/1824 1826/1826/1826
f 1827/1827/1827 1826/1826/1826 1828/1828/1828
f 1829/1829/1829 1828/1828/1828 1826/1826/1826
f 1829/1829/1829 1830/1830/1830 1828/1828/1828
f 1831/1831/1831 1828/1828/1828 1830/1830/1830
f 1832/1832/1832 1823/1823/1823 1833/1833/1833
f 1824/1824/1824 1833/1833/1833 1823/1823/1823
f 1824/1824/1824 1827/1827/1827 1833/1833/1833
f 1834/1834/1834 1833/1833/1833 1827/1827/1827
f 1834/1834/1834 1827/1827/1827 1835/1835/1835
f 1828/1828/1828 1835/1835/1835 1827/1827/1827
f 1828/1828/1828 1831/1831/1831 1835/1835/1835
f 1836/1836/1836 1835/1835/1835 1831/1831/1831
f 1837/1837/1837 1832/1832/1832 1838/1838/1838
f 1833/1833/1833 1838/1838/1838 1832/1832/1832
f 1833/1833/1833 1834/1834/1834 1838/1838/1838
f 1839/1839/1839 1838/1838/1838 1834/1834/1834
f 1839/1839/1839 1834/1834/1834 1840/1840/1840
f 1835/1835/1835 1840/1840/1840 1834/1834/1834
f 1835/1835/1835 1836/1836/1836 1840/1840/1840
f 1841/1841/1841 1840/1840/1840 1836/1836/1836
f 1842/1842/1842 1837/1837/1837 1843/1843/1843
f 1838/1838/1838 1843/1843/1843 1837/1837/1837
f 1838/1838/1838 1839/1839/1839 1843/1843/1843
f 1844/1844/1844 1843/1843/1843 1839/1839/1839
f 1844/1844/1844 1839/1839/1839 1845/1845/1845
f 1840/1840/1840 1845/1845/1845 1839/1839/1839
f 1840/1840/1840 1841/1841/1841 1845/1845/1845
f 1846/1846/1846 1845/1845/1845 1841/1841/1841
f 1843/1843/1843 1847/1847/1847 1842/1842/1842
f 1843/1843/1843 1844/1844/1844 1847/1847/1847
f 1845/1845/1845 1848/1848/1848 1844/1844/1844
f 1845/1845/1845 1846/1846/1846 1848/1848/1848
f 1850/1850/1850 1849/1849/1849 1851/1851/1851
f 1852/1852/1852 1851/1851/1851 1849/1849/1849
f 1852/1852/1852 1853/1853/1853 1851/1851/1851
f 1854/1854/1854 1851/1851/1851 1853/1853/1853
f 1854/1854/1854 1853/1853/1853 1855/1855/1855
f 1856/1856/1856 1855/1855/1855 1853/1853/1853
f 1857/1857/1857 1850/1850/1850 1858/1858/1858
f 1851/1851/1851 1858/1858/1858 1850/1850/1850
f 1851/1851/1851 1854/1854/1854 1858/1858/1858
f 1859/1859/1859 1858/1858/1858 1854/1854/1854
f 1859/1859/1859 1854/1854/1854 1860/1860/1860
f 1855/1855/1855 1860/1860/1860 1854/1854/1854
f 1861/1861/1861 1857/1857/1857 1862/1862/1862
f 1858/1858/1858 1862/1862/1862 1857/1857/1857
f 1858/1858/1858 1859/1859/1859 1862/1862/1862
f 1863/1863/1863 1862/1862/1862 1859/1859/1859
f 1863/1863/1863 1859/1859/1859 1864/1864/1864
f 1860/1860/1860 1864/1864/1864 1859/1859/1859
f 1862/1862/1862 1865/1865/1865 1861/1861/1861
f 1862/1862/1862 1863/1863/1863 1865/1865/1865
f 1864/1864/1864 1866/1866/1866 1863/1863/1863
f 1868/1868/1868 1867/1867/1867 1869/1869/1869
f 1870/1870/1870 1869/1869/1869 1867/1867/1867
f 1870/1870/1870 1871/1871/1871 1869/1869/1869
f 1872/1872/1872 1869/1869/1869 1871/1871/1871
f 1872/1872/1872 1871/1871/1871 1873/1873/1873
f 1874/1874/1874 1873/1873/1873 1871/1871/1871
f 1874/1874/1874 1875/1875/1875 1873/1873/1873
f 1876/1876/1876 1873/1873/1873 1875/1875/1875
f 1877/1877/1877 1868/1868/1868 1878/1878/1878
f 1869/1869/1869 1878/1878/1878 1868/1868/1868
f 1869/1869/1869 1872/1872/1872 1878/1878/1878
f 1879/1879/1879 1878/1878/1878 1872/1872/1872
f 1879/1879/1879 1872/1872/1872 1880/1880/1880
f 1873/1873/1873 1880/1880/1880 1872/1872/1872
f 1873/1873/1873 1876/1876/1876 1880/1880/1880
f 1881/1881/1881 1880/1880/1880 1876/1876/1876
f 1882/1882/1882 1877/1877/1877 1883/1883/1883
f 1878/1878/1878 1883/1883/1883 1877/1877/1877
f 1878/1878/1878 1879/1879/1879 1883/1883/1883
f 1884/1884/1884 1883/1883/1883 1879/1879/1879
f 1884/1884/1884 1879/1879/1879 1885/1885/1885
f 1880/1880/1880 1885/1885/1885 1879/1879/1879
f 1880/1880/1880 1881/1881/1881 1885/1885/1885
f 1886/1886/1886 1885/1885/1885 1881/1881/1881
f 1887/1887/1887 1882/1882/1882 1888/1888/1888
f 1883/1883/1883 1888/1888/1888 1882/1882/1882
f 1883/1883/1883 1884/1884/1884 1888/1888/1888
f 1889/1889/1889 1888/1888/1888 1884/1884/1884
f 1889/1889/1889 1884/1884/1884 1890/1890/1890
f 1885/1885/1885 1890/1890/1890 1884/1884/1884
f 1885/1885/1885 1886/1886/1886 1890/1890/1890
f 1891/1891/1891 1890/1890/1890 1886/1886/1886
f 1888/1888/1888 1892/1892/1892 1887/1887/1887
f 1888/1888/1888 1889/1889/1889 1892/1892/1892
f 1890/1890/1890 1893/1893/1893 1889/1889/1889
f 1890/1890/1890 1891/1891/1891 1893/1893/1893
f 1895/1895/1895 1894/1894/1894 1896/1896/1896
f 1897/1897/1897 1896/1896/1896 1894/1894/1894
f 1897/1897/1897 1898/1898/1898 1896/1896/1896
f 1899/1899/1899 1896/1896/1896 1898/1898/1898
f 1899/1899/1899 1898/1898/1898 1900/1900/1900
f 1901/1901/1901 1900/1900/1900 1898/1898/1898
f 1901/1901/1901 1902/1902/1902 1900/1900/1900
f 1903/1903/1903 1900/1900/1900 1902/1902/1902
f 1904/1904/1904 1895/1895/1895 1905/1905/1905
f 1896/1896/1896 1905/1905/1905 1895/1895/1895
f 1896/1896/1896 1899/1899/1899 1905/1905/1905
f 1906/1906/1906 1905/1905/1905 1899/1899/1899
f 1906/1906/1906 1899/1899/1899 1907/1907/1907
f 1900/1900/1900 1907/1907/1907 1899/1899/1899
f 1900/1900/1900 1903/1903/1903 1907/1907/1907
f 1908/1908/1908 1907/1907/1907 1903/1903/1903
f 1909/1909/1909 1904/1904/1904 1910/1910/1910
f 1905/1905/1905 1910/1910/1910 1904/1904/1904
f 1905/1905/1905 1906/1906/1906 1910/1910/1910
f 1911/1911/1911 1910/1910/1910 1906/1906/1906
f 1911/1911/1911 1906/1906/1906 1912/1912/1912
f 1907/1907/1907 1912/1912/1912 1906/1906/1906
f 1907/1907/1907 1908/1908/1908 1912/1912/1912
f 1913/1913/1913 1912/1912/1912 1908/1908/1908
f 1914/1914/1914 1909/1909/1909 1915/1915/1915
f 1910/1910/1910 1915/1915/1915 1909/1909/1909
f 1910/1910/1910 1911/1911/1911 1915/1915/1915
f 1916/1916/1916 1915/1915/1915 1911/1911/1911
f 1916/1916/1916 1911/1911/1911 1917/1917/1917
f 1912/1912/1912 1917/1917/1917 1911/1911/1911
f 1912/1912/1912 1913/1913/1913 1917/1917/1917
f 1918/1918/1918 1917/1917/1917 1913/1913/1913
f 1915/1915/1915 1919/1919/1919 1914/1914/1914
f 1915/1915/1915 1916/1916/1916 1919/1919/1919
f 1917/1917/1917 1920/1920/1920 1916/1916/1916
f 1917/1917/1917 1918/1918/1918 1920/1920/1920
f 1922/1922/1922 1921/1921/1921 1923/1923/1923
f 1924/1924/1924 1923/1923/1923 1921/1921/1921
f 1924/1924/1924 1925/1925/1925 1923/1923/1923
f 1926/1926/1926 1923/1923/1923 1925/1925/1925
f 1926/1926/1926 1925/1925/1925 1927/1927/1927
f 1928/1928/1928 1927/1927/1927 1925/1925/1925
f 1928/1928/1928 1929/1929/1929 1927/1927/1927
f 1930/1930/1930 1927/1927/1927 1929/1929/1929
f 1930/1930/1930 1929/1929/1929 1931/1931/1931
f 1932/1932/1932 1931/1931/1931 1929/1929/1929
f 1932/1932/1932 1933/1933/1933 1931/1931/1931
f 1934/1934/1934 1931/1931/1931 1933/1933/1933
f 1935/1935/1935 1922/1922/1922 1936/1936/1936
f 1923/1923/1923 1936/1936/1936 1922/1922/1922
f 1923/1923/1923 1926/1926/1926 1936/1936/1936
f 1937/1937/1937 1936/1936/1936 1926/1926/1926
f 1937/1937/1937 1926/1926/1926 1938/1938/1938
f 1927/1927/1927 1938/1938/1938 1926/1926/1926
f 1927/1927/1927 1930/1930/1930 1938/1938/1938
f 1939/1939/1939 1938/1938/1938 1930/1930/1930
f 1939/1939/1939 1930/1930/1930 1940/1940/1940
f 1931/1931/1931 1940/1940/1940 1930/1930/1930
f 1931/1931/1931 1934/1934/1934 1940/1940/1940
f 1941/1941/1941 1940/1940/1940 1934/1934/1934
f 1942/1942/1942 1935/1935/1935 1943/1943/1943
f 1936/1936/1936 1943/1943/1943 1935/1935/1935
f 1936/1936/1936 1937/1937/1937 1943/1943/1943
f 1944/1944/1944 1943/1943/1943 1937/1937/1937
f 1944/1944/1944 1937/1937/1937 1945/1945/1945
f 1938/1938/1938 1945/1945/1945 1937/1937/1937
f 1938/1938/1938 1939/1939/1939 1945/1945/1945
f 1946/1946/1946 1945/1945/1945 1939/1939/1939
f 1946/1946/1946 1939/1939/1939 1947/1947/1947
f 1940/1940/1940 1947/1947/1947 1939/1939/1939
f 1940/1940/1940 1941/1941/1941 1947/1947/1947
f 1948/1948/1948 1947/1947/1947 1941/1941/1941
f 1949/1949/1949 1942/1942/1942 1950/1950/1950
f 1943/1943/1943 1950/1950/1950 1942/1942/1942
f 1943/1943/1943 1944/1944/1944 1950/1950/1950
f 1951/1951/1951 1950/1950/1950 1944/1944/1944
f 1951/1951/1951 1944/1944/1944 1952/1952/1952
f 1945/1945/1945 1952/1952/1952 1944/1944/1944
f 1945/1945/1945 1946/1946/1946 1952/1952/1952
f 1953/1953/1953 1952/1952/1952 1946/1946/1946
f 1953/1953/1953 1946/1946/1946 1954/1954/1954
f 1947/1947/1947 1954/1954/1954 1946/1946/1946
f 1947/1947/1947 1948/1948/1948 1954/1954/1954
f 1955/1955/1955 1954/1954/1954 1948/1948/1948
f 1956/1956/1956 1949/1949/1949 1957/1957/1957
f 1950/1950/1950 1957/1957/1957 1949/1949/1949
f 1950/1950/1950 1951/1951/1951 1957/1957/1957
f 1958/1958/1958 1957/1957/1957 1951/1951/1951
f 1958/1958/1958 1951/1951/1951 1959/1959/1959
f 1952/1952/1952 1959/1959/1959 1951/1951/1951
f 1952/1952/1952 1953/1953/1953 1959/1959/1959
f 1960/1960/1960 1959/1959/1959 1953/1953/1953
f 1960/1960/1960 1953/1953/1953 1961/1961/1961
f 1954/1954/1954 1961/1961/1961 1953/1953/1953
f 1954/1954/1954 1955/1955/1955 1961/1961/1961
f 1962/1962/1962 1961/1961/1961 1955/1955/1955
f 1957/1957/1957 1963/1963/1963 1956/1956/1956
f 1957/1957/1957 1958/1958/1958 1963/1963/1963
f 1959/1959/1959 1964/1964/1964 1958/1958/1958
f 1959/1959/1959 1960/1960/1960 1964/1964/1964
f 1961/1961/1961 1965/1965/1965 1960/1960/1960
f 1961/1961/1961 1962/1962/1962 1965/1965/1965
f 1967/1967/1967 1966/1966/1966 1968/1968/1968
f 1969/1969/1969 1968/1968/1968 1966/1966/1966
f 1969/1969/1969 1970/1970/1970 1968/1968/1968
f 1971/1971/1971 1968/1968/1968 1970/1970/1970
f 1971/1971/1971 1970/1970/1970 1972/1972/1972
f 1973/1973/1973 1972/1972/1972 1970/1970/1970
f 1973/1973/1973 1974/1974/1974 1972/1972/1972
f 1975/1975/1975 1972/1972/1972 1974/1974/1974
f 1975/1975/1975 1974/1974/1974 1976/1976/1976
f 1977/1977/1977 1976/1976/1976 1974/1974/1974
f 1978/1978/1978 1967/1967/1967 1979/1979/1979
f 1968/1968/1968 1979/1979/1979 1967/1967/1967
f 1968/1968/1968 1971/1971/1971 1979/1979/1979
f 1980/1980/1980 1979/1979/1979 1971/1971/1971
f 1980/1980/1980 1971/1971/1971 1981/1981/1981
f 1972/1972/1972 1981/1981/1981 1971/1971/1971
f 1972/1972/1972 1975/1975/1975 1981/1981/1981
f 1982/1982/1982 1981/1981/1981 1975/1975/1975
f 1982/1982/1982 1975/1975/1975 1983/1983/1983
f 1976/1976/1976 1983/1983/1983 1975/1975/1975
f 1984/1984/1984 1978/1978/1978 1985/1985/1985
f 1979/1979/1979 1985/1985/1985 1978/1978/1978
f 1979/1979/1979 1980/1980/1980 1985/1985/1985
f 1986/1986/1986 1985/1985/1985 1980/1980/1980
f 1986/1986/1986 1980/1980/1980 1987/1987/1987
f 1981/1981/1981 1987/1987/1987 1980/1980/1980
f 1981/1981/1981 1982/1982/1982 1987/1987/1987
f 1988/1988/1988 1987/1987/1987 1982/1982/1982
f 1988/1988/1988 1982/1982/1982 1989/1989/1989
f 1983/1983/1983 1989/1989/1989 1982/1982/1982
f 1990/1990/1990 1984/1984/1984 1991/1991/1991
f 1985/1985/1985 1991/1991/1991 1984/1984/1984
f 1985/1985/1985 1986/1986/1986 1991/1991/1991
f 1992/1992/1992 1991/1991/1991 1986/1986/1986
f 1992/1992/1992 1986/1986/1986 1993/1993/1993
f 1987/1987/1987 1993/1993/1993 1986/1986/1986
f 1987/1987/1987 1988/1988/1988 1993/1993/1993
f 1994/1994/1994 1993/1993/1993 1988/1988/1988
f 1994/1994/1994 1988/1988/1988 1995/1995/1995
f 1989/1989/1989 1995/1995/1995 1988/1988/1988
f 1996/1996/1996 1990/1990/1990 1997/1997/1997
f 1991/1991/1991 1997/1997/1997 1990/1990/1990
f 1991/1991/1991 1992/1992/1992 1997/1997/1997
f 1998/1998/1998 1997/1997/1997 1992/1992/1992
f 1998/1998/1998 1992/1992/1992 1999/1999/1999
f 1993/1993/1993 1999/1999/1999 1992/1992/1992
f 1993/1993/1993 1994/1994/1994 1999/1999/1999
f 2000/2000/2000 1999/1999/1999 1994/1994/1994
f 2000/2000/2000 1994/1994/1994 2001/2001/2001
f 1995/1995/1995 2001/2001/2001 1994/1994/1994
f 1997/1997/1997 2002/2002/2002 1996/1996/1996
f 1997/1997/1997 1998/1998/1998 2002/2002/2002
f 1999/1999/1999 2003/2003/2003 1998/1998/1998
f 1999/1999/1999 2000/2000/2000 2003/2003/2003
f 2001/2001/2001 2004/2004/2004 2000/2000/2000
f 2006/2006/2006 2005/2005/2005 2007/2007/2007
f 2008/2008/2008 2007/2007/2007 2005/2005/2005
f 2008/2008/2008 2009/2009/2009 2007/2007/2007
f 2010/2010/2010 2007/2007/2007 2009/2009/2009
f 2010/2010/2010 2009/2009/2009 2011/2011/2011
f 2012/2012/2012 2011/2011/2011 2009/2009/2009
f 2012/2012/2012 2013/2013/2013 2011/2011/2011
f 2014/2014/2014 2011/2011/2011 2013/2013/2013
f 2014/2014/2014 2013/2013/2013 2015/2015/2015
f 2016/2016/2016 2015/2015/2015 2013/2013/2013
f 2017/2017/2017 2006/2006/2006 2018/2018/2018
f 2007/2007/2007 2018/2018/2018 2006/2006/2006
f 2007/2007/2007 2010/2010/2010 2018/2018/2018
f 2019/2019/2019 2018/2018/2018 2010/2010/2010
f 2019/2019/2019 2010/2010/2010 2020/2020/2020
f 2011/2011/2011 2020/2020/2020 2010/2010/2010
f 2011/2011/2011 2014/2014/2014 2020/2020/2020
f 2021/2021/2021 2020/2020/2020 2014/2014/2014
f 2021/2021/2021 2014/2014/2014 2022/2022/2022
f 2015/2015/2015 2022/2022/2022 2014/2014/2014
f 2023/2023/2023 2017/2017/2017 2024/2024/2024
f 2018/2018/2018 2024/2024/2024 2017/2017/2017
f 2018/2018/2018 2019/2019/2019 2024/2024/2024
f 2025/2025/2025 2024/2024/2024 2019/2019/2019
f 2025/2025/2025 2019/2019/2019 2026/2026/2026
f 2020/2020/2020 2026/2026/2026 2019/2019/2019
f 2020/2020/2020 2021/2021/2021 2026/2026/2026
f 2027/2027/2027 2026/2026/2026 2021/2021/2021
f 2027/2027/2027 2021/2021/2021 2028/2028/2028
f 2022/2022/2022 2028/2028/2028 2021/2021/2021
f 2029/2029/2029 2023/2023/2023 2030/2030/2030
f 2024/2024/2024 2030/2030/2030 2023/2023/2023
f 2024/2024/2024 2025/2025/2025 2030/2030/2030
f 2031/2031/2031 2030/2030/2030 2025/2025/2025
f 2031/2031/2031 2025/2025/2025 2032/2032/2032
f 2026/2026/2026 2032/2032/2032 2025/2025/2025
f 2026/2026/2026 2027/2027/2027 2032/2032/2032
f 2033/2033/2033 2032/2032/2032 2027/2027/2027
f 2033/2033/2033 2027/2027/2027 2034/2034/2034
f 2028/2028/2028 2034/2034/2034 2027/2027/2027
f 2035/2035/2035 2029/2029/2029 2036/2036/2036
f 2030/2030/2030 2036/2036/2036 2029/2029/2029
f 2030/2030/2030 2031/2031/2031 2036/2036/2036
f 2037/2037/2037 2036/2036/2036 2031/2031/2031
f 2037/2037/2037 2031/2031/2031 2038/2038/2038
f 2032/2032/2032 2038/2038/2038 2031/2031/2031
f 2032/2032/2032 2033/2033/2033 2038/2038/2038
f 2039/2039/2039 2038/2038/2038 2033/2033/2033
f 2039/2039/2039 2033/2033/2033 2040/2040/2040
f 2034/2034/2034 2040/2040/2040 2033/2033/2033
f 2036/2036/2036 2041/2041/2041 2035/2035/2035
f 2036/2036/2036 2037/2037/2037 2041/2041/2041
f 2038/2038/2038 2042/2042/2042 2037/2037/2037
f 2038/2038/2038 2039/2039/2039 2042/2042/2042
f 2040/2040/2040 2043/2043/2043 2039/2039/2039
f 2045/2045/2045 2044/2044/2044 2046/2046/2046
f 2047/2047/2047 2046/2046/2046 2044/2044/2044
f 2047/2047/2047 2048/2048/2048 2046/2046/2046
f 2049/2049/2049 2046/2046/2046 2048/2048/2048
f 2049/2049/2049 2048/2048/2048 2050/2050/2050
f 2051/2051/2051 2050/2050/2050 2048/2048/2048
f 2051/2051/2051 2052/2052/2052 2050/2050/2050
f 2053/2053/2053 2050/2050/2050 2052/2052/2052
f 2053/2053/2053 2052/2052/2052 2054/2054/2054
f 2055/2055/2055 2054/2054/2054 2052/2052/2052
f 2055/2055/2055 2056/2056/2056 2054/2054/2054
f 2057/2057/2057 2054/2054/2054 2056/2056/2056
f 2058/2058/2058 2045/2045/2045 2059/2059/2059
f 2046/2046/2046 2059/2059/2059 2045/2045/2045
f 2046/2046/2046 2049/2049/2049 2059/2059/2059
f 2060/2060/2060 2059/2059/2059 2049/2049/2049
f 2060/2060/2060 2049/2049/2049 2061/2061/2061
f 2050/2050/2050 2061/2061/2061 2049/2049/2049
f 2050/2050/2050 2053/2053/2053 2061/2061/2061
f 2062/2062/2062 2061/2061/2061 2053/2053/2053
f 2062/2062/2062 2053/2053/2053 2063/2063/2063
f 2054/2054/2054 2063/2063/2063 2053/2053/2053
f 2054/2054/2054 2057/2057/2057 2063/2063/2063
f 2064/2064/2064 2063/2063/2063 2057/2057/2057
f 2065/2065/2065 2058/2058/2058 2066/2066/2066
f 2059/2059/2059 2066/2066/2066 2058/2058/2058
f 2059/2059/2059 2060/2060/2060 2066/2066/2066
f 2067/2067/2067 2066/2066/2066 2060/2060/2060
f 2067/2067/2067 2060/2060/2060 2068/2068/2068
f 2061/2061/2061 2068/2068/2068 2060/2060/2060
f 2061/2061/2061 2062/2062/2062 2068/2068/2068
f 2069/2069/2069 2068/2068/2068 2062/2062/2062
f 2069/2069/2069 2062/2062/2062 2070/2070/2070
f 2063/2063/2063 2070/2070/2070 2062/2062/2062
f 2063/2063/2063 2064/2064/2064 2070/2070/2070
f 2071/2071/2071 2070/2070/2070 2064/2064/2064
f 2072/2072/2072 2065/2065/2065 2073/2073/2073
f 2066/2066/2066 2073/2073/2073 2065/2065/2065
f 2066/2066/2066 2067/2067/2067 2073/2073/2073
f 2074/2074/2074 2073/2073/2073 2067/2067/2067
f 2074/2074/2074 2067/2067/2067 2075/2075/2075
f 2068/2068/2068 2075/2075/2075 2067/2067/2067
f 2068/2068/2068 2069/2069/2069 2075/2075/2075
f 2076/2076/2076 2075/2075/2075 2069/2069/2069
f 2076/2076/2076 2069/2069/2069 2077/2077/2077
f 2070/2070/2070 2077/2077/2077 2069/2069/2069
f 2070/2070/2070 2071/2071/2071 2077/2077/2077
f 2078/2078/2078 2077/2077/2077 2071/2071/2071
f 2079/2079/2079 2072/2072/2072 2080/2080/2080
f 2073/2073/2073 2080/2080/2080 2072/2072/2072
f 2073/2073/2073 2074/2074/2074 2080/2080/2080
f 2081/2081/2081 2080/2080/2080 2074/2074/2074
f 2081/2081/2081 2074/2074/2074 2082/2082/2082
f 2075/2075/2075 2082/2082/2082 2074/2074/2074
f 2075/2075/2075 2076/2076/2076 2082/2082/2082
f 2083/2083/2083 2082/2082/2082 2076/2076/2076
f 2083/2083/2083 2076/2076/2076 2084/2084/2084
f 2077/2077/2077 2084/2084/2084 2076/2076/2076
f 2077/2077/2077 2078/2078/2078 2084/2084/2084
f 2085/2085/2085 2084/2084/2084 2078/2078/2078
f 2080/2080/2080 2086/2086/2086 2079/2079/2079
f 2080/2080/2080 2081/2081/2081 2086/2086/2086
f 2082/2082/2082 2087/2087/2087 2081/2081/2081
f 2082/2082/2082 2083/2083/2083 2087/2087/2087
f 2084/2084/2084 2088/2088/2088 2083/2083/2083
f 2084/2084/2084 2085/2085/2085 2088/2088/2088
f 2090/2090/2090 2089/2089/2089 2091/2091/2091
f 2092/2092/2092 2091/2091/2091 2089/2089/2089
f 2092/2092/2092 2093/2093/2093 2091/2091/2091
f 2094/2094/2094 2091/2091/2091 2093/2093/2093
f 2094/2094/2094 2093/2093/2093 2095/2095/2095
f 2096/2096/2096 2095/2095/2095 2093/2093/2093
f 2096/2096/2096 2097/2097/2097 2095/2095/2095
f 2098/2098/2098 2095/2095/2095 2097/2097/2097
f 2099/2099/2099 2090/2090/2090 2100/2100/2100
f 2091/2091/2091 2100/2100/2100 2090/2090/2090
f 2091/2091/2091 2094/2094/2094 2100/2100/2100
f 2101/2101/2101 2100/2100/2100 2094/2094/2094
f 2101/2101/2101 2094/2094/2094 2102/2102/2102
f 2095/2095/2095 2102/2102/2102 2094/2094/2094
f 2095/2095/2095 2098/2098/2098 2102/2102/2102
f 2103/2103/2103 2102/2102/2102 2098/2098/2098
f 2104/2104/2104 2099/2099/2099 2105/2105/2105
f 2100/2100/2100 2105/2105/2105 2099/2099/2099
f 2100/2100/2100 2101/2101/2101 2105/2105/2105
f 2106/2106/2106 2105/2105/2105 2101/2101/2101
f 2106/2106/2106 2101/2101/2101 2107/2107/2107
f 2102/2102/2102 2107/2107/2107 2101/2101/2101
f 2102/2102/2102 2103/2103/2103 2107/2107/2107
f 2108/2108/2108 2107/2107/2107 2103/2103/2103
f 2109/2109/2109 2104/2104/2104 2110/2110/2110
f 2105/2105/2105 2110/2110/2110 2104/2104/2104
f 2105/2105/2105 2106/2106/2106 2110/2110/2110
f 2111/2111/2111 2110/2110/2110 2106/2106/2106
f 2111/2111/2111 2106/2106/2106 2112/2112/2112
f 2107/2107/2107 2112/2112/2112 2106/2106/2106
f 2107/2107/2107 2108/2108/2108 2112/2112/2112
f 2113/2113/2113 2112/2112/2112 2108/2108/2108
f 2110/2110/2110 2114/2114/2114 2109/2109/2109
f 2110/2110/2110 2111/2111/2111 2114/2114/2114
f 2112/2112/2112 2115/2115/2115 2111/2111/2111
f 2112/2112/2112 2113/2113/2113 2115/2115/2115
f 2117/2117/2117 2116/2116/2116 2118/2118/2118
f 2119/2119/2119 2118/2118/2118 2116/2116/2116
f 2119/2119/2119 2120/2120/2120 2118/2118/2118
f 2121/2121/2121 2118/2118/2118 2120/2120/2120
f 2121/2121/2121 2120/2120/2120 2122/2122/2122
f 2123/2123/2123 2122/2122/2122 2120/2120/2120
f 2123/2123/2123 2124/2124/2124 2122/2122/2122
f 2125/2125/2125 2122/2122/2122 2124/2124/2124
f 2125/2125/2125 2124/2124/2124 2126/2126/2126
f 2127/2127/2127 2126/2126/2126 2124/2124/2124
f 2128/2128/2128 2117/2117/2117 2129/2129/2129
f 2118/2118/2118 2129/2129/2129 2117/2117/2117
f 2118/2118/2118 2121/2121/2121 2129/2129/2129
f 2130/2130/2130 2129/2129/2129 2121/2121/2121
f 2130/2130/2130 2121/2121/2121 2131/2131/2131
f 2122/2122/2122 2131/2131/2131 2121/2121/2121
f 2122/2122/2122 2125/2125/2125 2131/2131/2131
f 2132/2132/2132 2131/2131/2131 2125/2125/2125
f 2132/2132/2132 2125/2125/2125 2133/2133/2133
f 2126/2126/2126 2133/2133/2133 2125/2125/2125
f 2134/2134/2134 2128/2128/2128 2135/2135/2135
f 2129/2129/2129 2135/2135/2135 2128/2128/2128
f 2129/2129/2129 2130/2130/2130 2135/2135/2135
f 2136/2136/2136 2135/2135/2135 2130/2130/2130
f 2136/2136/2136 2130/2130/2130 2137/2137/2137
f 2131/2131/2131 2137/2137/2137 2130/2130/2130
f 2131/2131/2131 2132/2132/2132 2137/2137/2137
f 2138/2138/2138 2137/2137/2137 2132/2132/2132
f 2138/2138/2138 2132/2132/2132 2139/2139/2139
f 2133/2133/2133 2139/2139/2139 2132/2132/2132
f 2140/2140/2140 2134/2134/2134 2141/2141/2141
f 2135/2135/2135 2141/2141/2141 2134/2134/2134
f 2135/2135/2135 2136/2136/2136 2141/2141/2141
f 2142/2142/2142 2141/2141/2141 2136/2136/2136
f 2142/2142/2142 2136/2136/2136 2143/2143/2143
f 2137/2137/2137 2143/2143/2143 2136/2136/2136
f 2137/2137/2137 2138/2138/2138 2143/2143/2143
f 2144/2144/2144 2143/2143/2143 2138/2138/2138
f 2144/2144/2144 2138/2138/2138 2145/2145/2145
f 2139/2139/2139 2145/2145/2145 2138/2138/2138
f 2141/2141/2141 2146/2146/2146 2140/2140/2140
f 2141/2141/2141 2142/2142/2142 2146/2146/2146
f 2143/2143/2143 2147/2147/2147 2142/2142/2142
f 2143/2143/2143 2144/2144/2144 2147/2147/2147
f 2145/2145/2145 2148/2148/2148 2144/2144/2144
f 2150/2150/2150 2149/2149/2149 2151/2151/2151
f 2152/2152/2152 2151/2151/2151 2149/2149/2149
f 2152/2152/2152 2153/2153/2153 2151/2151/2151
f 2154/2154/2154 2151/2151/2151 2153/2153/2153
f 2154/2154/2154 2153/2153/2153 2155/2155/2155
f 2156/2156/2156 2155/2155/2155 2153/2153/2153
f 2156/2156/2156 2157/2157/2157 2155/2155/2155
f 2158/2158/2158 2155/2155/2155 2157/2157/2157
f 2158/2158/2158 2157/2157/2157 2159/2159/2159
f 2160/2160/2160 2159/2159/2159 2157/2157/2157
f 2161/2161/2161 2150/2150/2150 2162/2162/2162
f 2151/2151/2151 2162/2162/2162 2150/2150/2150
f 2151/2151/2151 2154/2154/2154 2162/2162/2162
f 2163/2163/2163 2162/2162/2162 2154/2154/2154
f 2163/2163/2163 2154/2154/2154 2164/2164/2164
f 2155/2155/2155 2164/2164/2164 2154/2154/2154
f 2155/2155/2155 2158/2158/2158 2164/2164/2164
f 2165/2165/2165 2164/2164/2164 2158/2158/2158
f 2165/2165/2165 2158/2158/2158 2166/2166/2166
f 2159/2159/2159 2166/2166/2166 2158/2158/2158
f 2167/2167/2167 2161/2161/2161 2168/2168/2168
f 2162/2162/2162 2168/2168/2168 2161/2161/2161
f 2162/2162/2162 2163/2163/2163 2168/2168/2168
f 2169/2169/2169 2168/2168/2168 2163/2163/2163
f 2169/2169/2169 2163/2163/2163 2170/2170/2170
f 2164/2164/2164 2170/2170/2170 2163/2163/2163
f 2164/2164/2164 2165/2165/2165 2170/2170/2170
f 2171/2171/2171 2170/2170/2170 2165/2165/2165
f 2171/2171/2171 2165/2165/2165 2172/2172/2172
f 2166/2166/2166 2172/2172/2172 2165/2165/2165
f 2173/2173/2173 2167/2167/2167 2174/2174/2174
f 2168/2168/2168 2174/2174/2174 2167/2167/2167
f 2168/2168/2168 2169/2169/2169 2174/2174/2174
f 2175/2175/2175 2174/2174/2174 2169/2169/2169
f 2175/2175/2175 2169/2169/2169 2176/2176/2176
f 2170/2170/2170 2176/2176/2176 2169/2169/2169
f 2170/2170/2170 2171/2171/2171 2176/2176/2176
f 2177/2177/2177 2176/2176/2176 2171/2171/2171
f 2177/2177/2177 2171/2171/2171 2178/2178/2178
f 2172/2172/2172 2178/2178/2178 2171/2171/2171
f 2179/2179/2179 2173/2173/2173 2180/2180/2180
f 2174/2174/2174 2180/2180/2180 2173/2173/2173
f 2174/2174/2174 2175/2175/2175 2180/2180/2180
f 2181/2181/2181 2180/2180/2180 2175/2175/2175
f 2181/2181/2181 2175/2175/2175 2182/2182/2182
f 2176/2176/2176 2182/2182/2182 2175/2175/2175
f 2176/2176/2176 2177/2177/2177 2182/2182/2182
f 2183/2183/2183 2182/2182/2182 2177/2177/2177
f 2183/2183/2183 2177/2177/2177 2184/2184/2184
f 2178/2178/2178 2184/2184/2184 2177/2177/2177
f 2180/2180/2180 2185/2185/2185 2179/2179/2179
f 2180/2180/2180 2181/2181/2181 2185/2185/2185
f 2182/2182/2182 2186/2186/2186 2181/2181/2181
f 2182/2182/2182 2183/2183/2183 2186/2186/2186
f 2184/2184/2184 2187/2187/2187 2183/2183/2183
f 2189/2189/2189 2188/2188/2188 2190/2190/2190
f 2191/2191/2191 2190/2190/2190 2188/2188/2188
f 2191/2191/2191 2192/2192/2192 2190/2190/2190
f 2193/2193/2193 2190/2190/2190 2192/2192/2192
f 2193/2193/2193 2192/2192/2192 2194/2194/2194
f 2195/2195/2195 2194/2194/2194 2192/2192/2192
f 2195/2195/2195 2196/2196/2196 2194/2194/2194
f 2197/2197/2197 2194/2194/2194 2196/2196/2196
f 2198/2198/2198 2189/2189/2189 2199/2199/2199
f 2190/2190/2190 2199/2199/2199 2189/2189/2189
f 2190/2190/2190 2193/2193/2193 2199/2199/2199
f 2200/2200/2200 2199/2199/2199 2193/2193/2193
f 2200/2200/2200 2193/2193/2193 2201/2201/2201
f 2194/2194/2194 2201/2201/2201 2193/2193/2193
f 2194/2194/2194 2197/2197/2197 2201/2201/2201
f 2202/2202/2202 2201/2201/2201 2197/2197/2197
f 2203/2203/2203 2198/2198/2198 2204/2204/2204
f 2199/2199/2199 2204/2204/2204 2198/2198/2198
f 2199/2199/2199 2200/2200/2200 2204/2204/2204
f 2205/2205/2205 2204/2204/2204 2200/2200/2200
f 2205/2205/2205 2200/2200/2200 2206/2206/2206
f 2201/2201/2201 2206/2206/2206 2200/2200/2200
f 2201/2201/2201 2202/2202/2202 2206/2206/2206
f 2207/2207/2207 2206/2206/2206 2202/2202/2202
f 2208/2208/2208 2203/2203/2203 2209/2209/2209
f 2204/2204/2204 2209/2209/2209 2203/2203/2203
f 2204/2204/2204 2205/2205/2205 2209/2209/2209
f 2210/2210/2210 2209/2209/2209 2205/2205/2205
f 2210/2210/2210 2205/2205/2205 2211/2211/2211
f 2206/2206/2206 2211/2211/2211 2205/2205/2205
f 2206/2206/2206 2207/2207/2207 2211/2211/2211
f 2212/2212/2212 2211/2211/2211 2207/2207/2207
f 2209/2209/2209 2213/2213/2213 2208/2208/2208
f 2209/2209/2209 2210/2210/2210 2213/2213/2213
f 2211/2211/2211 2214/2214/2214 2210/2210/2210
f 2211/2211/2211 2212/2212/2212 2214/2214/2214
f 2216/2216/2216 2215/2215/2215 2217/2217/2217
f 2218/2218/2218 2217/2217/2217 2215/2215/2215
f 2218/2218/2218 2219/2219/2219 2217/2217/2217
f 2220/2220/2220 2217/2217/2217 2219/2219/2219
f 2220/2220/2220 2219/2219/2219 2221/2221/2221
f 2222/2222/2222 2221/2221/2221 2219/2219/2219
f 2222/2222/2222 2223/2223/2223 2221/2221/2221
f 2224/2224/2224 2221/2221/2221 2223/2223/2223
f 2224/2224/2224 2223/2223/2223 2225/2225/2225
f 2226/2226/2226 2225/2225/2225 2223/2223/2223
f 2226/2226/2226 2227/2227/2227 2225/2225/2225
f 2228/2228/2228 2225/2225/2225 2227/2227/2227
f 2229/2229/2229 2216/2216/2216 2230/2230/2230
f 2217/2217/2217 2230/2230/2230 2216/2216/2216
f 2217/2217/2217 2220/2220/2220 2230/2230/2230
f 2231/2231/2231 2230/2230/2230 2220/2220/2220
f 2231/2231/2231 2220/2220/2220 2232/2232/2232
f 2221/2221/2221 2232/2232/2232 2220/2220/2220
f 2221/2221/2221 2224/2224/2224 2232/2232/2232
f 2233/2233/2233 2232/2232/2232 2224/2224/2224
f 2233/2233/2233 2224/2224/2224 2234/2234/2234
f 2225/2225/2225 2234/2234/2234 2224/2224/2224
f 2225/2225/2225 2228/2228/2228 2234/2234/2234
f 2235/2235/2235 2234/2234/2234 2228/2228/2228
f 2236/2236/2236 2229/2229/2229 2237/2237/2237
f 2230/2230/2230 2237/2237/2237 2229/2229/2229
f 2230/2230/2230 2231/2231/2231 2237/2237/2237
f 2238/2238/2238 2237/2237/2237 2231/2231/2231
f 2238/2238/2238 2231/2231/2231 2239/2239/2239
f 2232/2232/2232 2239/2239/2239 2231/2231/2231
f 2232/2232/2232 2233/2233/2233 2239/2239/2239
f 2240/2240/2240 2239/2239/2239 2233/2233/2233
f 2240/2240/2240 2233/2233/2233 2241/2241/2241
f 2234/2234/2234 2241/2241/2241 2233/2233/2233
f 2234/2234/2234 2235/2235/2235 2241/2241/2241
f 2242/2242/2242 2241/2241/2241 2235/2235/2235
f 2243/2243/2243 2236/2236/2236 2244/2244/2244
f 2237/2237/2237 2244/2244/2244 2236/2236/2236
f 2237/2237/2237 2238/2238/2238 2244/2244/2244
f 2245/2245/2245 2244/2244/2244 2238/2238/2238
f 2245/2245/2245 2238/2238/2238 2246/2246/2246
f 2239/2239/2239 2246/2246/2246 2238/2238/2238
f 2239/2239/2239 2240/2240/2240 2246/2246/2246
f 2247/2247/2247 2246/2246/2246 2240/2240/2240
f 2247/2247/2247 2240/2240/2240 2248/2248/2248
f 2241/2241/2241 2248/2248/2248 2240/2240/2240
f 2241/2241/2241 2242/2242/2242 2248/2248/2248
f 2249/2249/2249 2248/2248/2248 2242/2242/2242
f 2250/2250/2250 2243/2243/2243 2251/2251/2251
f 2244/2244/2244 2251/2251/2251 2243/2243/2243
f 2244/2244/2244 2245/2245/2245 2251/2251/2251
f 2252/2252/2252 2251/2251/2251 2245/2245/2245
f 2252/2252/2252 2245/2245/2245 2253/2253/2253
f 2246/2246/2246 2253/2253/2253 2245/2245/2245
f 2246/2246/2246 2247/2247/2247 2253/2253/2253
f 2254/2254/2254 2253/2253/2253 2247/2247/2247
f 2254/2254/2254 2247/2247/2247 2255/2255/2255
f 2248/2248/2248 2255/2255/2255 2247/2247/2247
f 2248/2248/2248 2249/2249/2249 2255/2255/2255
f 2256/2256/2256 2255/2255/2255 2249/2249/2249
f 2251/2251/2251 2257/2257/2257 2250/2250/2250
f 2251/2251/2251 2252/2252/2252 2257/2257/2257
f 2253/2253/2253 2258/2258/2258 2252/2252/2252
f 2253/2253/2253 2254/2254/2254 2258/2258/2258
f 2255/2255/2255 2259/2259/2259 2254/2254/2254
f 2255/2255/2255 2256/2256/2256 2259/2259/2259
f 2261/2261/2261 2260/2260/2260 2262/2262/2262
f 2263/2263/2263 2262/2262/2262 2260/2260/2260
f 2263/2263/2263 2264/2264/2264 2262/2262/2262
f 2265/2265/2265 2262/2262/2262 2264/2264/2264
f 2265/2265/2265 2264/2264/2264 2266/2266/2266
f 2267/2267/2267 2266/2266/2266 2264/2264/2264
f 2268/2268/2268 2261/2261/2261 2269/2269/2269
f 2262/2262/2262 2269/2269/2269 2261/2261/2261
f 2262/2262/2262 2265/2265/2265 2269/2269/2269
f 2270/2270/2270 2269/2269/2269 2265/2265/2265
f 2270/2270/2270 2265/2265/2265 2271/2271/2271
f 2266/2266/2266 2271/2271/2271 2265/2265/2265
f 2272/2272/2272 2268/2268/2268 2273/2273/2273
f 2269/2269/2269 2273/2273/2273 2268/2268/2268
f 2269/2269/2269 2270/2270/2270 2273/2273/2273
f 2274/2274/2274 2273/2273/2273 2270/2270/2270
f 2274/2274/2274 2270/2270/2270 2275/2275/2275
f 2271/2271/2271 2275/2275/2275 2270/2270/2270
f 2273/2273/2273 2276/2276/2276 2272/2272/2272
f 2273/2273/2273 2274/2274/2274 2276/2276/2276
f 2275/2275/2275 2277/2277/2277 2274/2274/2274
f 2279/2279/2279 2278/2278/2278 2280/2280/2280
f 2281/2281/2281 2280/2280/2280 2278/2278/2278
f 2281/2281/2281 2282/2282/2282 2280/2280/2280
f 2283/2283/2283 2280/2280/2280 2282/2282/2282
f 2283/2283/2283 2282/2282/2282 2284/2284/2284
f 2285/2285/2285 2284/2284/2284 2282/2282/2282
f 2285/2285/2285 2286/2286/2286 2284/2284/2284
f 2287/2287/2287 2284/2284/2284 2286/2286/2286
f 2288/2288/2288 2279/2279/2279 2289/2289/2289
f 2280/2280/2280 2289/2289/2289 2279/2279/2279
f 2280/2280/2280 2283/2283/2283 2289/2289/2289
f 2290/2290/2290 2289/2289/2289 2283/2283/2283
f 2290/2290/2290 2283/2283/2283 2291/2291/2291
f 2284/2284/2284 2291/2291/2291 2283/2283/2283
f 2284/2284/2284 2287/2287/2287 2291/2291/2291
f 2292/2292/2292 2291/2291/2291 2287/2287/2287
f 2293/2293/2293 2288/2288/2288 2294/2294/2294
f 2289/2289/2289 2294/2294/2294 2288/2288/2288
f 2289/2289/2289 2290/2290/2290 2294/2294/2294
f 2295/2295/2295 2294/2294/2294 2290/2290/2290
f 2295/2295/2295 2290/2290/2290 2296/2296/2296
f 2291/2291/2291 2296/2296/2296 2290/2290/2290
f 2291/2291/2291 2292/2292/2292 2296/2296/2296
f 2297/2297/2297 2296/2296/2296 2292/2292/2292
f 2298/2298/2298 2293/2293/2293 2299/2299/2299
f 2294/2294/2294 2299/2299/2299 2293/2293/2293
f 2294/2294/2294 2295/2295/2295 2299/2299/2299
f 2300/2300/2300 2299/2299/2299 2295/2295/2295
f 2300/2300/2300 2295/2295/2295 2301/2301/2301
f 2296/2296/2296 2301/2301/2301 2295/2295/2295
f 2296/2296/2296 2297/2297/2297 2301/2301/2301
f 2302/2302/2302 2301/2301/2301 2297/2297/2297
f 2299/2299/2299 2303/2303/2303 2298/2298/2298
f 2299/2299/2299 2300/2300/2300 2303/2303/2303
f 2301/2301/2301 2304/2304/2304 2300/2300/2300
f 2301/2301/2301 2302/2302/2302 2304/2304/2304
f 2306/2306/2306 2305/2305/2305 2307/2307/2307
f 2308/2308/2308 2307/2307/2307 2305/2305/2305
f 2308/2308/2308 2309/2309/2309 2307/2307/2307
f 2310/2310/2310 2307/2307/2307 2309/2309/2309
f 2310/2310/2310 2309/2309/2309 2311/2311/2311
f 2312/2312/2312 2311/2311/2311 2309/2309/2309
f 2312/2312/2312 2313/2313/2313 2311/2311/2311
f 2314/2314/2314 2311/2311/2311 2313/2313/2313
f 2315/2315/2315 2306/2306/2306 2316/2316/2316
f 2307/2307/2307 2316/2316/2316 2306/2306/2306
f 2307/2307/2307 2310/2310/2310 2316/2316/2316
f 2317/2317/2317 2316/2316/2316 2310/2310/2310
f 2317/2317/2317 2310/2310/2310 2318/2318/2318
f 2311/2311/2311 2318/2318/2318 2310/2310/2310
f 2311/2311/2311 2314/2314/2314 2318/2318/2318
f 2319/2319/2319 2318/2318/2318 2314/2314/2314
f 2320/2320/2320 2315/2315/2315 2321/2321/2321
f 2316/2316/2316 2321/2321/2321 2315/2315/2315
f 2316/2316/2316 2317/2317/2317 2321/2321/2321
f 2322/2322/2322 2321/2321/2321 2317/2317/2317
f 2322/2322/2322 2317/2317/2317 2323/2323/2323
f 2318/2318/2318 2323/2323/2323 2317/2317/2317
f 2318/2318/2318 2319/2319/2319 2323/2323/2323
f 2324/2324/2324 2323/2323/2323 2319/2319/2319
f 2325/2325/2325 2320/2320/2320 2326/2326/2326
f 2321/2321/2321 2326/2326/2326 2320/2320/2320
f 2321/2321/2321 2322/2322/2322 2326/2326/2326
f 2327/2327/2327 2326/2326/2326 2322/2322/2322
f 2327/2327/2327 2322/2322/2322 2328/2328/2328
f 2323/2323/2323 2328/2328/2328 2322/2322/2322
f 2323/2323/2323 2324/2324/2324 2328/2328/2328
f 2329/2329/2329 2328/2328/2328 2324/2324/2324
f 2326/2326/2326 2330/2330/2330 2325/2325/2325
f 2326/2326/2326 2327/2327/2327 2330/2330/2330
f 2328/2328/2328 2331/2331/2331 2327/2327/2327
f 2328/2328/2328 2329/2329/2329 2331/2331/2331
f 2333/2333/2333 2332/2332/2332 2334/2334/2334
f 2335/2335/2335 2334/2334/2334 2332/2332/2332
f 2335/2335/2335 2336/2336/2336 2334/2334/2334
f 2337/2337/2337 2334/2334/2334 2336/2336/2336
f 2337/2337/2337 2336/2336/2336 2338/2338/2338
f 2339/2339/2339 2338/2338/2338 2336/2336/2336
f 2339/2339/2339 2340/2340/2340 2338/2338/2338
f 2341/2341/2341 2338/2338/2338 2340/2340/2340
f 2341/2341/2341 2340/2340/2340 2342/2342/2342
f 2343/2343/2343 2342/2342/2342 2340/2340/2340
f 2343/2343/2343 2344/2344/2344 2342/2342/2342
f 2345/2345/2345 2342/2342/2342 2344/2344/2344
f 2346/2346/2346 2333/2333/2333 2347/2347/2347
f 2334/2334/2334 2347/2347/2347 2333/2333/2333
f 2334/2334/2334 2337/2337/2337 2347/2347/2347
f 2348/2348/2348 2347/2347/2347 2337/2337/2337
f 2348/2348/2348 2337/2337/2337 2349/2349/2349
f 2338/2338/2338 2349/2349/2349 2337/2337/2337
f 2338/2338/2338 2341/2341/2341 2349/2349/2349
f 2350/2350/2350 2349/2349/2349 2341/2341/2341
f 2350/2350/2350 2341/2341/2341 2351/2351/2351
f 2342/2342/2342 2351/2351/2351 2341/2341/2341
f 2342/2342/2342 2345/2345/2345 2351/2351/2351
f 2352/2352/2352 2351/2351/2351 2345/2345/2345
f 2353/2353/2353 2346/2346/2346 2354/2354/2354
f 2347/2347/2347 2354/2354/2354 2346/2346/2346
f 2347/2347/2347 2348/2348/2348 2354/2354/2354
f 2355/2355/2355 2354/2354/2354 2348/2348/2348
f 2355/2355/2355 2348/2348/2348 2356/2356/2356
f 2349/2349/2349 2356/2356/2356 2348/2348/2348
f 2349/2349/2349 2350/2350/2350 2356/2356/2356
f 2357/2357/2357 2356/2356/2356 2350/2350/2350
f 2357/2357/2357 2350/2350/2350 2358/2358/2358
f 2351/2351/2351 2358/2358/2358 2350/2350/2350
f 2351/2351/2351 2352/2352/2352 2358/2358/2358
f 2359/2359/2359 2358/2358/2358 2352/2352/2352
f 2360/2360/2360 2353/2353/2353 2361/2361/2361
f 2354/2354/2354 2361/2361/2361 2353/2353/2353
f 2354/2354/2354 2355/2355/2355 2361/2361/2361
f 2362/2362/2362 2361/2361/2361 2355/2355/2355
f 2362/2362/2362 2355/2355/2355 2363/2363/2363
f 2356/2356/2356 2363/2363/2363 2355/2355/2355
f 2356/2356/2356 2357/2357/2357 2363/2363/2363
f 2364/2364/2364 2363/2363/2363 2357/2357/2357
f 2364/2364/2364 2357/2357/2357 2365/2365/2365
f 2358/2358/2358 2365/2365/2365 2357/2357/2357
f 2358/2358/2358 2359/2359/2359 2365/2365/2365
f 2366/2366/2366 2365/2365/2365 2359/2359/2359
f 2367/2367/2367 2360/2360/2360 2368/2368/2368
f 2361/2361/2361 2368/2368/2368 2360/2360/2360
f 2361/2361/2361 2362/2362/2362 2368/2368/2368
f 2369/2369/2369 2368/2368/2368 2362/2362/2362
f 2369/2369/2369 2362/2362/2362 2370/2370/2370
f 2363/2363/2363 2370/2370/2370 2362/2362/2362
f 2363/2363/2363 2364/2364/2364 2370/2370/2370
f 2371/2371/2371 2370/2370/2370 2364/2364/2364
f 2371/2371/2371 2364/2364/2364 2372/2372/2372
f 2365/2365/2365 2372/2372/2372 2364/2364/2364
f 2365/2365/2365 2366/2366/2366 2372/2372/2372
f 2373/2373/2373 2372/2372/2372 2366/2366/2366
f 2368/2368/2368 2374/2374/2374 2367/2367/2367
f 2368/2368/2368 2369/2369/2369 2374/2374/2374
f 2370/2370/2370 2375/2375/2375 2369/2369/2369
f 2370/2370/2370 2371/2371/2371 2375/2375/2375
f 2372/2372/2372 2376/2376/2376 2371/2371/2371
f 2372/2372/2372 2373/2373/2373 2376/2376/2376
f 2378/2378/2378 2377/2377/2377 2379/2379/2379
f 2380/2380/2380 2379/2379/2379 2377/2377/2377
f 2380/2380/2380 2381/2381/2381 2379/2379/2379
f 2382/2382/2382 2379/2379/2379 2381/2381/2381
f 2382/2382/2382 2381/2381/2381 2383/2383/2383
f 2384/2384/2384 2383/2383/2383 2381/2381/2381
f 2384/2384/2384 2385/2385/2385 2383/2383/2383
f 2386/2386/2386 2383/2383/2383 2385/2385/2385
f 2387/2387/2387 2378/2378/2378 2388/2388/2388
f 2379/2379/2379 2388/2388/2388 2378/2378/2378
f 2379/2379/2379 2382/2382/2382 2388/2388/2388
f 2389/2389/2389 2388/2388/2388 2382/2382/2382
f 2389/2389/2389 2382/2382/2382 2390/2390/2390
f 2383/2383/2383 2390/2390/2390 2382/2382/2382
f 2383/2383/2383 2386/2386/2386 2390/2390/2390
f 2391/2391/2391 2390/2390/2390 2386/2386/2386
f 2392/2392/2392 2387/2387/2387 2393/2393/2393
f 2388/2388/2388 2393/2393/2393 2387/2387/2387
f 2388/2388/2388 2389/2389/2389 2393/2393/2393
f 2394/2394/2394 2393/2393/2393 2389/2389/2389
f 2394/2394/2394 2389/2389/2389 2395/2395/2395
f 2390/2390/2390 2395/2395/2395 2389/2389/2389
f 2390/2390/2390 2391/2391/2391 2395/2395/2395
f 2396/2396/2396 2395/2395/2395 2391/2391/2391
f 2397/2397/2397 2392/2392/2392 2398/2398/2398
f 2393/2393/2393 2398/2398/2398 2392/2392/2392
f 2393/2393/2393 2394/2394/2394 2398/2398/2398
f 2399/2399/2399 2398/2398/2398 2394/2394/2394
f 2399/2399/2399 2394/2394/2394 2400/2400/2400
f 2395/2395/2395 2400/2400/2400 2394/2394/2394
f 2395/2395/2395 2396/2396/2396 2400/2400/2400
f 2401/2401/2401 2400/2400/2400 2396/2396/2396
f 2398/2398/2398 2402/2402/2402 2397/2397/2397
f 2398/2398/2398 2399/2399/2399 2402/2402/2402
f 2400/2400/2400 2403/2403/2403 2399/2399/2399
f 2400/2400/2400 2401/2401/2401 2403/2403/2403
f 2405/2405/2405 2404/2404/2404 2406/2406/2406
f 2407/2407/2407 2406/2406/2406 2404/2404/2404
f 2407/2407/2407 2408/2408/2408 2406/2406/2406
f 2409/2409/2409 2406/2406/2406 2408/2408/2408
f 2409/2409/2409 2408/2408/2408 2410/2410/2410
f 2411/2411/2411 2410/2410/2410 2408/2408/2408
f 2411/2411/2411 2412/2412/2412 2410/2410/2410
f 2413/2413/2413 2410/2410/2410 2412/2412/2412
f 2413/2413/2413 2412/2412/2412 2414/2414/2414
f 2415/2415/2415 2414/2414/2414 2412/2412/2412
f 2415/2415/2415 2416/2416/2416 2414/2414/2414
f 2417/2417/2417 2414/2414/2414 2416/2416/2416
f 2418/2418/2418 2405/2405/2405 2419/2419/2419
f 2406/2406/2406 2419/2419/2419 2405/2405/2405
f 2406/2406/2406 2409/2409/2409 2419/2419/2419
f 2420/2420/2420 2419/2419/2419 2409/2409/2409
f 2420/2420/2420 2409/2409/2409 2421/2421/2421
f 2410/2410/2410 2421/2421/2421 2409/2409/2409
f 2410/2410/2410 2413/2413/2413 2421/2421/2421
f 2422/2422/2422 2421/2421/2421 2413/2413/2413
f 2422/2422/2422 2413/2413/2413 2423/2423/2423
f 2414/2414/2414 2423/2423/2423 2413/2413/2413
f 2414/2414/2414 2417/2417/2417 2423/2423/2423
f 2424/2424/2424 2423/2423/2423 2417/2417/2417
f 2425/2425/2425 2418/2418/2418 2426/2426/2426
f 2419/2419/2419 2426/2426/2426 2418/2418/2418
f 2419/2419/2419 2420/2420/2420 2426/2426/2426
f 2427/2427/2427 2426/2426/2426 2420/2420/2420
f 2427/2427/2427 2420/2420/2420 2428/2428/2428
f 2421/2421/2421 2428/2428/2428 2420/2420/2420
f 2421/2421/2421 2422/2422/2422 2428/2428/2428
f 2429/2429/2429 2428/2428/2428 2422/2422/2422
f 2429/2429/2429 2422/2422/2422 2430/2430/2430
f 2423/2423/2423 2430/2430/2430 2422/2422/2422
f 2423/2423/2423 2424/2424/2424 2430/2430/2430
f 2431/2431/2431 2430/2430/2430 2424/2424/2424
f 2432/2432/2432 2425/2425/2425 2433/2433/2433
f 2426/2426/2426 2433/2433/2433 2425/2425/2425
f 2426/2426/2426 2427/2427/2427 2433/2433/2433
f 2434/2434/2434 2433/2433/2433 2427/2427/2427
f 2434/2434/2434 2427/2427/2427 2435/2435/2435
f 2428/2428/2428 2435/2435/2435 2427/2427/2427
f 2428/2428/2428 2429/2429/2429 2435/2435/2435
f 2436/2436/2436 2435/2435/2435 2429/2429/2429
f 2436/2436/2436 2429/2429/2429 2437/2437/2437
f 2430/2430/2430 2437/2437/2437 2429/2429/2429
f 2430/2430/2430 2431/2431/2431 2437/2437/2437
f 2438/2438/2438 2437/2437/2437 2431/2431/2431
f 2439/2439/2439 2432/2432/2432 2440/2440/2440
f 2433/2433/2433 2440/2440/2440 2432/2432/2432
f 2433/2433/2433 2434/2434/2434 2440/2440/2440
f 2441/2441/2441 2440/2440/2440 2434/2434/2434
f 2441/2441/2441 2434/2434/2434 2442/2442/2442
f 2435/2435/2435 2442/2442/2442 2434/2434/2434
f 2435/2435/2435 2436/2436/2436 2442/2442/2442
f 2443/2443/2443 2442/2442/2442 2436/2436/2436
f 2443/2443/2443 2436/2436/2436 2444/2444/2444
f 2437/2437/2437 2444/2444/2444 2436/2436/2436
f 2437/2437/2437 2438/2438/2438 2444/2444/2444
f 2445/2445/2445 2444/2444/2444 2438/2438/2438
f 2440/2440/2440 2446/2446/2446 2439/2439/2439
f 2440/2440/2440 2441/2441/2441 2446/2446/2446
f 2442/2442/2442 2447/2447/2447 2441/2441/2441
f 2442/2442/2442 2443/2443/2443 2447/2447/2447
f 2444/2444/2444 2448/2448/2448 2443/2443/2443
f 2444/2444/2444 2445/2445/2445 2448/2448/2448
f 2450/2450/2450 2449/2449/2449 2451/2451/2451
f 2452/2452/2452 2451/2451/2451 2449/2449/2449
f 2452/2452/2452 2453/2453/2453 2451/2451/2451
f 2454/2454/2454 2451/2451/2451 2453/2453/2453
f 2454/2454/2454 2453/2453/2453 2455/2455/2455
f 2456/2456/2456 2455/2455/2455 2453/2453/2453
f 2456/2456/2456 2457/2457/2457 2455/2455/2455
f 2458/2458/2458 2455/2455/2455 2457/2457/2457
f 2458/2458/2458 2457/2457/2457 2459/2459/2459
f 2460/2460/2460 2459/2459/2459 2457/2457/2457
f 2461/2461/2461 2450/2450/2450 2462/2462/2462
f 2451/2451/2451 2462/2462/2462 2450/2450/2450
f 2451/2451/2451 2454/2454/2454 2462/2462/2462
f 2463/2463/2463 2462/2462/2462 2454/2454/2454
f 2463/2463/2463 2454/2454/2454 2464/2464/2464
f 2455/2455/2455 2464/2464/2464 2454/2454/2454
f 2455/2455/2455 2458/2458/2458 2464/2464/2464
f 2465/2465/2465 2464/2464/2464 2458/2458/2458
f 2465/2465/2465 2458/2458/2458 2466/2466/2466
f 2459/2459/2459 2466/2466/2466 2458/2458/2458
f 2467/2467/2467 2461/2461/2461 2468/2468/2468
f 2462/2462/2462 2468/2468/2468 2461/2461/2461
f 2462/2462/2462 2463/2463/2463 2468/2468/2468
f 2469/2469/2469 2468/2468/2468 2463/2463/2463
f 2469/2469/2469 2463/2463/2463 2470/2470/2470
f 2464/2464/2464 2470/2470/2470 2463/2463/2463
f 2464/2464/2464 2465/2465/2465 2470/2470/2470
f 2471/2471/2471 2470/2470/2470 2465/2465/2465
f 2471/2471/2471 2465/2465/2465 2472/2472/2472
f 2466/2466/2466 2472/2472/2472 2465/2465/2465
f 2473/2473/2473 2467/2467/2467 2474/2474/2474
f 2468/2468/2468 2474/2474/2474 2467/2467/2467
f 2468/2468/2468 2469/2469/2469 2474/2474/2474
f 2475/2475/2475 2474/2474/2474 2469/2469/2469
f 2475/2475/2475 2469/2469/2469 2476/2476/2476
f 2470/2470/2470 2476/2476/2476 2469/2469/2469
f 2470/2470/2470 2471/2471/2471 2476/2476/2476
f 2477/2477/2477 2476/2476/2476 2471/2471/2471
f 2477/2477/2477 2471/2471/2471 2478/2478/2478
f 2472/2472/2472 2478/2478/2478 2471/2471/2471
f 2479/2479/2479 2473/2473/2473 2480/2480/2480
f 2474/2474/2474 2480/2480/2480 2473/2473/2473
f 2474/2474/2474 2475/2475/2475 2480/2480/2480
f 2481/2481/2481 2480/2480/2480 2475/2475/2475
f 2481/2481/2481 2475/2475/2475 2482/2482/2482
f 2476/2476/2476 2482/2482/2482 2475/2475/2475
f 2476/2476/2476 2477/2477/2477 2482/2482/2482
f 2483/2483/2483 2482/2482/2482 2477/2477/2477
f 2483/2483/2483 2477/2477/2477 2484/2484/2484
f 2478/2478/2478 2484/2484/2484 2477/2477/2477
f 2480/2480/2480 2485/2485/2485 2479/2479/2479
f 2480/2480/2480 2481/2481/2481 2485/2485/2485
f 2482/2482/2482 2486/2486/2486 2481/2481/2481
f 2482/2482/2482 2483/2483/2483 2486/2486/2486
f 2484/2484/2484 2487/2487/2487 2483/2483/2483
f 2489/2489/2489 2488/2488/2488 2490/2490/2490
f 2491/2491/2491 2490/2490/2490 2488/2488/2488
f 2491/2491/2491 2492/2492/2492 2490/2490/2490
f 2493/2493/2493 2490/2490/2490 2492/2492/2492
f 2493/2493/2493 2492/2492/2492 2494/2494/2494
f 2495/2495/2495 2494/2494/2494 2492/2492/2492
f 2495/2495/2495 2496/2496/2496 2494/2494/2494
f 2497/2497/2497 2494/2494/2494 2496/2496/2496
f 2498/2498/2498 2489/2489/2489 2499/2499/2499
f 2490/2490/2490 2499/2499/2499 2489/2489/2489
f 2490/2490/2490 2493/2493/2493 2499/2499/2499
f 2500/2500/2500 2499/2499/2499 2493/2493/2493
f 2500/2500/2500 2493/2493/2493 2501/2501/2501
f 2494/2494/2494 2501/2501/2501 2493/2493/2493
f 2494/2494/2494 2497/2497/2497 2501/2501/2501
f 2502/2502/2502 2501/2501/2501 2497/2497/2497
f 2503/2503/2503 2498/2498/2498 2504/2504/2504
f 2499/2499/2499 2504/2504/2504 2498/2498/2498
f 2499/2499/2499 2500/2500/2500 2504/2504/2504
f 2505/2505/2505 2504/2504/2504 2500/2500/2500
f 2505/2505/2505 2500/2500/2500 2506/2506/2506
f 2501/2501/2501 2506/2506/2506 2500/2500/2500
f 2501/2501/2501 2502/2502/2502 2506/2506/2506
f 2507/2507/2507 2506/2506/2506 2502/2502/2502
f 2508/2508/2508 2503/2503/2503 2509/2509/2509
f 2504/2504/2504 2509/2509/2509 2503/2503/2503
f 2504/2504/2504 2505/2505/2505 2509/2509/2509
f 2510/2510/2510 2509/2509/2509 2505/2505/2505
f 2510/2510/2510 2505/2505/2505 2511/2511/2511
f 2506/2506/2506 2511/2511/2511 2505/2505/2505
f 2506/2506/2506 2507/2507/2507 2511/2511/2511
f 2512/2512/2512 2511/2511/2511 2507/2507/2507
f 2509/2509/2509 2513/2513/2513 2508/2508/2508
f 2509/2509/2509 2510/2510/2510 2513/2513/2513
f 2511/2511/2511 2514/2514/2514 2510/2510/2510
f 2511/2511/2511 2512/2512/2512 2514/2514/2514
f 2516/2516/2516 2515/2515/2515 2517/2517/2517
f 2518/2518/2518 2517/2517/2517 2515/2515/2515
f 2518/2518/2518 2519/2519/2519 2517/2517/2517
f 2520/2520/2520 2517/2517/2517 2519/2519/2519
f 2520/2520/2520 2519/2519/2519 2521/2521/2521
f 2522/2522/2522 2521/2521/2521 2519/2519/2519
f 2522/2522/2522 2523/2523/2523 2521/2521/2521
f 2524/2524/2524 2521/2521/2521 2523/2523/2523
f 2524/2524/2524 2523/2523/2523 2525/2525/2525
f 2526/2526/2526 2525/2525/2525 2523/2523/2523
f 2527/2527/2527 2516/2516/2516 2528/2528/2528
f 2517/2517/2517 2528/2528/2528 2516/2516/2516
f 2517/2517/2517 2520/2520/2520 2528/2528/2528
f 2529/2529/2529 2528/2528/2528 2520/2520/2520
f 2529/2529/2529 2520/2520/2520 2530/2530/2530
f 2521/2521/2521 2530/2530/2530 2520/2520/2520
f 2521/2521/2521 2524/2524/2524 2530/2530/2530
f 2531/2531/2531 2530/2530/2530 2524/2524/2524
f 2531/2531/2531 2524/2524/2524 2532/2532/2532
f 2525/2525/2525 2532/2532/2532 2524/2524/2524
f 2533/2533/2533 2527/2527/2527 2534/2534/2534
f 2528/2528/2528 2534/2534/2534 2527/2527/2527
f 2528/2528/2528 2529/2529/2529 2534/2534/2534
f 2535/2535/2535 2534/2534/2534 2529/2529/2529
f 2535/2535/2535 2529/2529/2529 2536/2536/2536
f 2530/2530/2530 2536/2536/2536 2529/2529/2529
f 2530/2530/2530 2531/2531/2531 2536/2536/2536
f 2537/2537/2537 2536/2536/2536 2531/2531/2531
f 2537/2537/2537 2531/2531/2531 2538/2538/2538
f 2532/2532/2532 2538/2538/2538 2531/2531/2531
f 2539/2539/2539 2533/2533/2533 2540/2540/2540
f 2534/2534/2534 2540/2540/2540 2533/2533/2533
f 2534/2534/2534 2535/2535/2535 2540/2540/2540
f 2541/2541/2541 2540/2540/2540 2535/2535/2535
f 2541/2541/2541 2535/2535/2535 2542/2542/2542
f 2536/2536/2536 2542/2542/2542 2535/2535/2535
f 2536/2536/2536 2537/2537/2537 2542/2542/2542
f 2543/2543/2543 2542/2542/2542 2537/2537/2537
f 2543/2543/2543 2537/2537/2537 2544/2544/2544
f 2538/2538/2538 2544/2544/2544 2537/2537/2537
f 2540/2540/2540 2545/2545/2545 2539/2539/2539
f 2540/2540/2540 2541/2541/2541 2545/2545/2545
f 2542/2542/2542 2546/2546/2546 2541/2541/2541
f 2542/2542/2542 2543/2543/2543 2546/2546/2546
f 2544/2544/2544 2547/2547/2547 2543/2543/2543
f 2549/2549/2549 2548/2548/2548 2550/2550/2550
f 2551/2551/2551 2550/2550/2550 2548/2548/2548
f 2551/2551/2551 2552/2552/2552 2550/2550/2550
f 2553/2553/2553 2550/2550/2550 2552/2552/2552
f 2553/2553/2553 2552/2552/2552 2554/2554/2554
f 2555/2555/2555 2554/2554/2554 2552/2552/2552
f 2555/2555/2555 2556/2556/2556 2554/2554/2554
f 2557/2557/2557 2554/2554/2554 2556/2556/2556
f 2557/2557/2557 2556/2556/2556 2558/2558/2558
f 2559/2559/2559 2558/2558/2558 2556/2556/2556
f 2560/2560/2560 2549/2549/2549 2561/2561/2561
f 2550/2550/2550 2561/2561/2561 2549/2549/2549
f 2550/2550/2550 2553/2553/2553 2561/2561/2561
f 2562/2562/2562 2561/2561/2561 2553/2553/2553
f 2562/2562/2562 2553/2553/2553 2563/2563/2563
f 2554/2554/2554 2563/2563/2563 2553/2553/2553
f 2554/2554/2554 2557/2557/2557 2563/2563/2563
f 2564/2564/2564 2563/2563/2563 2557/2557/2557
f 2564/2564/2564 2557/2557/2557 2565/2565/2565
f 2558/2558/2558 2565/2565/2565 2557/2557/2557
f 2566/2566/2566 2560/2560/2560 2567/2567/2567
f 2561/2561/2561 2567/2567/2567 2560/2560/2560
f 2561/2561/2561 2562/2562/2562 2567/2567/2567
f 2568/2568/2568 2567/2567/2567 2562/2562/2562
f 2568/2568/2568 2562/2562/2562 2569/2569/2569
f 2563/2563/2563 2569/2569/2569 2562/2562/2562
f 2563/2563/2563 2564/2564/2564 2569/2569/2569
f 2570/2570/2570 2569/2569/2569 2564/2564/2564
f 2570/2570/2570 2564/2564/2564 2571/2571/2571
f 2565/2565/2565 2571/2571/2571 2564/2564/2564
f 2572/2572/2572 2566/2566/2566 2573/2573/2573
f 2567/2567/2567 2573/2573/2573 2566/2566/2566
f 2567/2567/2567 2568/2568/2568 2573/2573/2573
f 2574/2574/2574 2573/2573/2573 2568/2568/2568
f 2574/2574/2574 2568/2568/2568 2575/2575/2575
f 2569/2569/2569 2575/2575/2575 2568/2568/2568
f 2569/2569/2569 2570/2570/2570 2575/2575/2575
f 2576/2576/2576 2575/2575/2575 2570/2570/2570
f 2576/2576/2576 2570/2570/2570 2577/2577/2577
f 2571/2571/2571 2577/2577/2577 2570/2570/2570
f 2573/2573/2573 2578/2578/2578 2572/2572/2572
f 2573/2573/2573 2574/2574/2574 2578/2578/2578
f 2575/2575/2575 2579/2579/2579 2574/2574/2574
f 2575/2575/2575 2576/2576/2576 2579/2579/2579
f 2577/2577/2577 2580/2580/2580 2576/2576/2576
f 2582/2582/2582 2581/2581/2581 2583/2583/2583
f 2584/2584/2584 2583/2583/2583 2581/2581/2581
f 2584/2584/2584 2585/2585/2585 2583/2583/2583
f 2586/2586/2586 2583/2583/2583 2585/2585/2585
f 2586/2586/2586 2585/2585/2585 2587/2587/2587
f 2588/2588/2588 2587/2587/2587 2585/2585/2585
f 2588/2588/2588 2589/2589/2589 2587/2587/2587
f 2590/2590/2590 2587/2587/2587 2589/2589/2589
f 2590/2590/2590 2589/2589/2589 2591/2591/2591
f 2592/2592/2592 2591/2591/2591 2589/2589/2589
f 2592/2592/2592 2593/2593/2593 2591/2591/2591
f 2594/2594/2594 2591/2591/2591 2593/2593/2593
f 2595/2595/2595 2582/2582/2582 2596/2596/2596
f 2583/2583/2583 2596/2596/2596 2582/2582/2582
f 2583/2583/2583 2586/2586/2586 2596/2596/2596
f 2597/2597/2597 2596/2596/2596 2586/2586/2586
f 2597/2597/2597 2586/2586/2586 2598/2598/2598
f 2587/2587/2587 2598/2598/2598 2586/2586/2586
f 2587/2587/2587 2590/2590/2590 2598/2598/2598
f 2599/2599/2599 2598/2598/2598 2590/2590/2590
f 2599/2599/2599 2590/2590/2590 2600/2600/2600
f 2591/2591/2591 2600/2600/2600 2590/2590/2590
f 2591/2591/2591 2594/2594/2594 2600/2600/2600
f 2601/2601/2601 2600/2600/2600 2594/2594/2594
f 2602/2602/2602 2595/2595/2595 2603/2603/2603
f 2596/2596/2596 2603/2603/2603 2595/2595/2595
f 2596/2596/2596 2597/2597/2597 2603/2603/2603
f 2604/2604/2604 2603/2603/2603 2597/2597/2597
f 2604/2604/2604 2597/2597/2597 2605/2605/2605
f 2598/2598/2598 2605/2605/2605 2597/2597/2597
f 2598/2598/2598 2599/2599/2599 2605/2605/2605
f 2606/2606/2606 2605/2605/2605 2599/2599/2599
f 2606/2606/2606 2599/2599/2599 2607/2607/2607
f 2600/2600/2600 2607/2607/2607 2599/2599/2599
f 2600/2600/2600 2601/2601/2601 2607/2607/2607
f 2608/2608/2608 2607/2607/2607 2601/2601/2601
f 2609/2609/2609 2602/2602/2602 2610/2610/2610
f 2603/2603/2603 2610/2610/2610 2602/2602/2602
f 2603/2603/2603 2604/2604/2604 2610/2610/2610
f 2611/2611/2611 2610/2610/2610 2604/2604/2604
f 2611/2611/2611 2604/2604/2604 2612/2612/2612
f 2605/2605/2605 2612/2612/2612 2604/2604/2604
f 2605/2605/2605 2606/2606/2606 2612/2612/2612
f 2613/2613/2613 2612/2612/2612 2606/2606/2606
f 2613/2613/2613 2606/2606/2606 2614/2614/2614
f 2607/2607/2607 2614/2614/2614 2606/2606/2606
f 2607/2607/2607 2608/2608/2608 2614/2614/2614
f 2615/2615/2615 2614/2614/2614 2608/2608/2608
f 2616/2616/2616 2609/2609/2609 2617/2617/2617
f 2610/2610/2610 2617/2617/2617 2609/2609/2609
f 2610/2610/2610 2611/2611/2611 2617/2617/2617
f 2618/2618/2618 2617/2617/2617 2611/2611/2611
f 2618/2618/2618 2611/2611/2611 2619/2619/2619
f 2612/2612/2612 2619/2619/2619 2611/2611/2611
f 2612/2612/2612 2613/2613/2613 2619/2619/2619
f 2620/2620/2620 2619/2619/2619 2613/2613/2613
f 2620/2620/2620 2613/2613/2613 2621/2621/2621
f 2614/2614/2614 2621/2621/2621 2613/2613/2613
f 2614/2614/2614 2615/2615/2615 2621/2621/2621
f 2622/2622/2622 2621/2621/2621 2615/2615/2615
f 2617/2617/2617 2623/2623/2623 2616/2616/2616
f 2617/2617/2617 2618/2618/2618 2623/2623/2623
f 2619/2619/2619 2624/2624/2624 2618/2618/2618
f 2619/2619/2619 2620/2620/2620 2624/2624/2624
f 2621/2621/2621 2625/2625/2625 2620/2620/2620
f 2621/2621/2621 2622/2622/2622 2625/2625/2625
f 2627/2627/2627 2626/2626/2626 2628/2628/2628
f 2629/2629/2629 2628/2628/2628 2626/2626/2626
f 2629/2629/2629 2630/2630/2630 2628/2628/2628
f 2631/2631/2631 2628/2628/2628 2630/2630/2630
f 2631/2631/2631 2630/2630/2630 2632/2632/2632
f 2633/2633/2633 2632/2632/2632 2630/2630/2630
f 2633/2633/2633 2634/2634/2634 2632/2632/2632
f 2635/2635/2635 2632/2632/2632 2634/2634/2634
f 2636/2636/2636 2627/2627/2627 2637/2637/2637
f 2628/2628/2628 2637/2637/2637 2627/2627/2627
f 2628/2628/2628 2631/2631/2631 2637/2637/2637
f 2638/2638/2638 2637/2637/2637 2631/2631/2631
f 2638/2638/2638 2631/2631/2631 2639/2639/2639
f 2632/2632/2632 2639/2639/2639 2631/2631/2631
f 2632/2632/2632 2635/2635/2635 2639/2639/2639
f 2640/2640/2640 2639/2639/2639 2635/2635/2635
f 2641/2641/2641 2636/2636/2636 2642/2642/2642
f 2637/2637/2637 2642/2642/2642 2636/2636/2636
f 2637/2637/2637 2638/2638/2638 2642/2642/2642
f 2643/2643/2643 2642/2642/2642 2638/2638/2638
f 2643/2643/2643 2638/2638/2638 2644/2644/2644
f 2639/2639/2639 2644/2644/2644 2638/2638/2638
f 2639/2639/2639 2640/2640/2640 2644/2644/2644
f 2645/2645/2645 2644/2644/2644 2640/2640/2640
f 2646/2646/2646 2641/2641/2641 2647/2647/2647
f 2642/2642/2642 2647/2647/2647 2641/2641/2641
f 2642/2642/2642 2643/2643/2643 2647/2647/2647
f 2648/2648/2648 2647/2647/2647 2643/2643/2643
f 2648/2648/2648 2643/2643/2643 2649/2649/2649
f 2644/2644/2644 2649/2649/2649 2643/2643/2643
f 2644/2644/2644 2645/2645/2645 2649/2649/2649
f 2650/2650/2650 2649/2649/2649 2645/2645/2645
f 2647/2647/2647 2651/2651/2651 2646/2646/2646
f 2647/2647/2647 2648/2648/2648 2651/2651/2651
f 2649/2649/2649 2652/2652/2652 2648/2648/2648
f 2649/2649/2649 2650/2650/2650 2652/2652/2652
f 2654/2654/2654 2653/2653/2653 2655/2655/2655
f 2656/2656/2656 2655/2655/2655 2653/2653/2653
f 2656/2656/2656 2657/2657/2657 2655/2655/2655
f 2658/2658/2658 2655/2655/2655 2657/2657/2657
f 2658/2658/2658 2657/2657/2657 2659/2659/2659
f 2660/2660/2660 2659/2659/2659 2657/2657/2657
f 2660/2660/2660 2661/2661/2661 2659/2659/2659
f 2662/2662/2662 2659/2659/2659 2661/2661/2661
f 2662/2662/2662 2661/2661/2661 2663/2663/2663
f 2664/2664/2664 2663/2663/2663 2661/2661/2661
f 2665/2665/2665 2654/2654/2654 2666/2666/2666
f 2655/2655/2655 2666/2666/2666 2654/2654/2654
f 2655/2655/2655 2658/2658/2658 2666/2666/2666
f 2667/2667/2667 2666/2666/2666 2658/2658/2658
f 2667/2667/2667 2658/2658/2658 2668/2668/2668
f 2659/2659/2659 2668/2668/2668 2658/2658/2658
f 2659/2659/2659 2662/2662/2662 2668/2668/2668
f 2669/2669/2669 2668/2668/2668 2662/2662/2662
f 2669/2669/2669 2662/2662/2662 2670/2670/2670
f 2663/2663/2663 2670/2670/2670 2662/2662/2662
f 2671/2671/2671 2665/2665/2665 2672/2672/2672
f 2666/2666/2666 2672/2672/2672 2665/2665/2665
f 2666/2666/2666 2667/2667/2667 2672/2672/2672
f 2673/2673/2673 2672/2672/2672 2667/2667/2667
f 2673/2673/2673 2667/2667/2667 2674/2674/2674
f 2668/2668/2668 2674/2674/2674 2667/2667/2667
f 2668/2668/2668 2669/2669/2669 2674/2674/2674
f 2675/2675/2675 2674/2674/2674 2669/2669/2669
f 2675/2675/2675 2669/2669/2669 2676/2676/2676
f 2670/2670/2670 2676/2676/2676 2669/2669/2669
f 2677/2677/2677 2671/2671/2671 2678/2678/2678
f 2672/2672/2672 2678/2678/2678 2671/2671/2671
f 2672/2672/2672 2673/2673/2673 2678/2678/2678
f 2679/2679/2679 2678/2678/2678 2673/2673/2673
f 2679/2679/2679 2673/2673/2673 2680/2680/2680
f 2674/2674/2674 2680/2680/2680 2673/2673/2673
f 2674/2674/2674 2675/2675/2675 2680/2680/2680
f 2681/2681/2681 2680/2680/2680 2675/2675/2675
f 2681/2681/2681 2675/2675/2675 2682/2682/2682
f 2676/2676/2676 2682/2682/2682 2675/2675/2675
f 2678/2678/2678 2683/2683/2683 2677/2677/2677
f 2678/2678/2678 2679/2679/2679 2683/2683/2683
f 2680/2680/2680 2684/2684/2684 2679/2679/2679
f 2680/2680/2680 2681/2681/2681 2684/2684/2684
f 2682/2682/2682 2685/2685/2685 2681/2681/2681
f 2687/2687/2687 2686/2686/2686 2688/2688/2688
f 2689/2689/2689 2688/2688/2688 2686/2686/2686
f 2689/2689/2689 2690/2690/2690 2688/2688/2688
f 2691/2691/2691 2688/2688/2688 2690/2690/2690
f 2691/2691/2691 2690/2690/2690 2692/2692/2692
f 2693/2693/2693 2692/2692/2692 2690/2690/2690
f 2693/2693/2693 2694/2694/2694 2692/2692/2692
f 2695/2695/2695 2692/2692/2692 2694/2694/2694
f 2695/2695/2695 2694/2694/2694 2696/2696/2696
f 2697/2697/2697 2696/2696/2696 2694/2694/2694
f 2698/2698/2698 2687/2687/2687 2699/2699/2699
f 2688/2688/2688 2699/2699/2699 2687/2687/2687
f 2688/2688/2688 2691/2691/2691 2699/2699/2699
f 2700/2700/2700 2699/2699/2699 2691/2691/2691
f 2700/2700/2700 2691/2691/2691 2701/2701/2701
f 2692/2692/2692 2701/2701/2701 2691/2691/2691
f 2692/2692/2692 2695/2695/2695 2701/2701/2701
f 2702/2702/2702 2701/2701/2701 2695/2695/2695
f 2702/2702/2702 2695/2695/2695 2703/2703/2703
f 2696/2696/2696 2703/2703/2703 2695/2695/2695
f 2704/2704/2704 2698/2698/2698 2705/2705/2705
f 2699/2699/2699 2705/2705/2705 2698/2698/2698
f 2699/2699/2699 2700/2700/2700 2705/2705/2705
f 2706/2706/2706 2705/2705/2705 2700/2700/2700
f 2706/2706/2706 2700/2700/2700 2707/2707/2707
f 2701/2701/2701 2707/2707/2707 2700/2700/2700
f 2701/2701/2701 2702/2702/2702 2707/2707/2707
f 2708/2708/2708 2707/2707/2707 2702/2702/2702
f 2708/2708/2708 2702/2702/2702 2709/2709/2709
f 2703/2703/2703 2709/2709/2709 2702/2702/2702
f 2710/2710/2710 2704/2704/2704 2711/2711/2711
f 2705/2705/2705 2711/2711/2711 2704/2704/2704
f 2705/2705/2705 2706/2706/2706 2711/2711/2711
f 2712/2712/2712 2711/2711/2711 2706/2706/2706
f 2712/2712/2712 2706/2706/2706 2713/2713/2713
f 2707/2707/2707 2713/2713/2713 2706/2706/2706
f 2707/2707/2707 2708/2708/2708 2713/2713/2713
f 2714/2714/2714 2713/2713/2713 2708/2708/2708
f 2714/2714/2714 2708/2708/2708 2715/2715/2715
f 2709/2709/2709 2715/2715/2715 2708/2708/2708
f 2711/2711/2711 2716/2716/2716 2710/2710/2710
f 2711/2711/2711 2712/2712/2712 2716/2716/2716
f 2713/2713/2713 2717/2717/2717 2712/2712/2712
f 2713/2713/2713 2714/2714/2714 2717/2717/2717
f 2715/2715/2715 2718/2718/2718 2714/2714/2714
f 2720/2720/2720 2719/2719/2719 2721/2721/2721
f 2722/2722/2722 2721/2721/2721 2719/2719/2719
f 2722/2722/2722 2723/2723/2723 2721/2721/2721
f 2724/2724/2724 2721/2721/2721 2723/2723/2723
f 2724/2724/2724 2723/2723/2723 2725/2725/2725
f 2726/2726/2726 2725/2725/2725 2723/2723/2723
f 2726/2726/2726 2727/2727/2727 2725/2725/2725
f 2728/2728/2728 2725/2725/2725 2727/2727/2727
f 2729/2729/2729 2720/2720/2720 2730/2730/2730
f 2721/2721/2721 2730/2730/2730 2720/2720/2720
f 2721/2721/2721 2724/2724/2724 2730/2730/2730
f 2731/2731/2731 2730/2730/2730 2724/2724/2724
f 2731/2731/2731 2724/2724/2724 2732/2732/2732
f 2725/2725/2725 2732/2732/2732 2724/2724/2724
f 2725/2725/2725 2728/2728/2728 2732/2732/2732
f 2733/2733/2733 2732/2732/2732 2728/2728/2728
f 2734/2734/2734 2729/2729/2729 2735/2735/2735
f 2730/2730/2730 2735/2735/2735 2729/2729/2729
f 2730/2730/2730 2731/2731/2731 2735/2735/2735
f 2736/2736/2736 2735/2735/2735 2731/2731/2731
f 2736/2736/2736 2731/2731/2731 2737/2737/2737
f 2732/2732/2732 2737/2737/2737 2731/2731/2731
f 2732/2732/2732 2733/2733/2733 2737/2737/2737
f 2738/2738/2738 2737/2737/2737 2733/2733/2733
f 2739/2739/2739 2734/2734/2734 2740/2740/2740
f 2735/2735/2735 2740/2740/2740 2734/2734/2734
f 2735/2735/2735 2736/2736/2736 2740/2740/2740
f 2741/2741/2741 2740/2740/2740 2736/2736/2736
f 2741/2741/2741 2736/2736/2736 2742/2742/2742
f 2737/2737/2737 2742/2742/2742 2736/2736/2736
f 2737/2737/2737 2738/2738/2738 2742/2742/2742
f 2743/2743/2743 2742/2742/2742 2738/2738/2738
f 2740/2740/2740 2744/2744/2744 2739/2739/2739
f 2740/2740/2740 2741/2741/2741 2744/2744/2744
f 2742/2742/2742 2745/2745/2745 2741/2741/2741
f 2742/2742/2742 2743/2743/2743 2745/2745/2745
f 2747/2747/2747 2746/2746/2746 2748/2748/2748
f 2749/2749/2749 2748/2748/2748 2746/2746/2746
f 2749/2749/2749 2750/2750/2750 2748/2748/2748
f 2751/2751/2751 2748/2748/2748 2750/2750/2750
f 2751/2751/2751 2750/2750/2750 2752/2752/2752
f 2753/2753/2753 2752/2752/2752 2750/2750/2750
f 2753/2753/2753 2754/2754/2754 2752/2752/2752
f 2755/2755/2755 2752/2752/2752 2754/2754/2754
f 2755/2755/2755 2754/2754/2754 2756/2756/2756
f 2757/2757/2757 2756/2756/2756 2754/2754/2754
f 2758/2758/2758 2747/2747/2747 2759/2759/2759
f 2748/2748/2748 2759/2759/2759 2747/2747/2747
f 2748/2748/2748 2751/2751/2751 2759/2759/2759
f 2760/2760/2760 2759/2759/2759 2751/2751/2751
f 2760/2760/2760 2751/2751/2751 2761/2761/2761
f 2752/2752/2752 2761/2761/2761 2751/2751/2751
f 2752/2752/2752 2755/2755/2755 2761/2761/2761
f 2762/2762/2762 2761/2761/2761 2755/2755/2755
f 2762/2762/2762 2755/2755/2755 2763/2763/2763
f 2756/2756/2756 2763/2763/2763 2755/2755/2755
f 2764/2764/2764 2758/2758/2758 2765/2765/2765
f 2759/2759/2759 2765/2765/2765 2758/2758/2758
f 2759/2759/2759 2760/2760/2760 2765/2765/2765
f 2766/2766/2766 2765/2765/2765 2760/2760/2760
f 2766/2766/2766 2760/2760/2760 2767/2767/2767
f 2761/2761/2761 2767/2767/2767 2760/2760/2760
f 2761/2761/2761 2762/2762/2762 2767/2767/2767
f 2768/2768/2768 2767/2767/2767 2762/2762/2762
f 2768/2768/2768 2762/2762/2762 2769/2769/2769
f 2763/2763/2763 2769/2769/2769 2762/2762/2762
f 2770/2770/2770 2764/2764/2764 2771/2771/2771
f 2765/2765/2765 2771/2771/2771 2764/2764/2764
f 2765/2765/2765 2766/2766/2766 2771/2771/2771
f 2772/2772/2772 2771/2771/2771 2766/2766/2766
f 2772/2772/2772 2766/2766/2766 2773/2773/2773
f 2767/2767/2767 2773/2773/2773 2766/2766/2766
f 2767/2767/2767 2768/2768/2768 2773/2773/2773
f 2774/2774/2774 2773/2773/2773 2768/2768/2768
f 2774/2774/2774 2768/2768/2768 2775/2775/2775
f 2769/2769/2769 2775/2775/2775 2768/2768/2768
f 2771/2771/2771 2776/2776/2776 2770/2770/2770
f 2771/2771/2771 2772/2772/2772 2776/2776/2776
f 2773/2773/2773 2777/2777/2777 2772/2772/2772
f 2773/2773/2773 2774/2774/2774 2777/2777/2777
f 2775/2775/2775 2778/2778/2778 2774/2774/2774
f 2780/2780/2780 2779/2779/2779 2781/2781/2781
f 2782/2782/2782 2781/2781/2781 2779/2779/2779
f 2782/2782/2782 2783/2783/2783 2781/2781/2781
f 2784/2784/2784 2781/2781/2781 2783/2783/2783
f 2784/2784/2784 2783/2783/2783 2785/2785/2785
f 2786/2786/2786 2785/2785/2785 2783/2783/2783
f 2786/2786/2786 2787/2787/2787 2785/2785/2785
f 2788/2788/2788 2785/2785/2785 2787/2787/2787
f 2788/2788/2788 2787/2787/2787 2789/2789/2789
f 2790/2790/2790 2789/2789/2789 2787/2787/2787
f 2790/2790/2790 2791/2791/2791 2789/2789/2789
f 2792/2792/2792 2789/2789/2789 2791/2791/2791
f 2793/2793/2793 2780/2780/2780 2794/2794/2794
f 2781/2781/2781 2794/2794/2794 2780/2780/2780
f 2781/2781/2781 2784/2784/2784 2794/2794/2794
f 2795/2795/2795 2794/2794/2794 2784/2784/2784
f 2795/2795/2795 2784/2784/2784 2796/2796/2796
f 2785/2785/2785 2796/2796/2796 2784/2784/2784
f 2785/2785/2785 2788/2788/2788 2796/2796/2796
f 2797/2797/2797 2796/2796/2796 2788/2788/2788
f 2797/2797/2797 2788/2788/2788 2798/2798/2798
f 2789/2789/2789 2798/2798/2798 2788/2788/2788
f 2789/2789/2789 2792/2792/2792 2798/2798/2798
f 2799/2799/2799 2798/2798/2798 2792/2792/2792
f 2800/2800/2800 2793/2793/2793 2801/2801/2801
f 2794/2794/2794 2801/2801/2801 2793/2793/2793
f 2794/2794/2794 2795/2795/2795 2801/2801/2801
f 2802/2802/2802 2801/2801/2801 2795/2795/2795
f 2802/2802/2802 2795/2795/2795 2803/2803/2803
f 2796/2796/2796 2803/2803/2803 2795/2795/2795
f 2796/2796/2796 2797/2797/2797 2803/2803/2803
f 2804/2804/2804 2803/2803/2803 2797/2797/2797
f 2804/2804/2804 2797/2797/2797 2805/2805/2805
f 2798/2798/2798 2805/2805/2805 2797/2797/2797
f 2798/2798/2798 2799/2799/2799 2805/2805/2805
f 2806/2806/2806 2805/2805/2805 2799/2799/2799
f 2807/2807/2807 2800/2800/2800 2808/2808/2808
f 2801/2801/2801 2808/2808/2808 2800/2800/2800
f 2801/2801/2801 2802/2802/2802 2808/2808/2808
f 2809/2809/2809 2808/2808/2808 2802/2802/2802
f 2809/2809/2809 2802/2802/2802 2810/2810/2810
f 2803/2803/2803 2810/2810/2810 2802/2802/2802
f 2803/2803/2803 2804/2804/2804 2810/2810/2810
f 2811/2811/2811 2810/2810/2810 2804/2804/2804
f 2811/2811/2811 2804/2804/2804 2812/2812/2812
f 2805/2805/2805 2812/2812/2812 2804/2804/2804
f 2805/2805/2805 2806/2806/2806 2812/2812/2812
f 2813/2813/2813 2812/2812/2812 2806/2806/2806
f 2814/2814/2814 2807/2807/2807 2815/2815/2815
f 2808/2808/2808 2815/2815/2815 2807/2807/2807
f 2808/2808/2808 2809/2809/2809 2815/2815/2815
f 2816/2816/2816 2815/2815/2815 2809/2809/2809
f 2816/2816/2816 2809/2809/2809 2817/2817/2817
f 2810/2810/2810 2817/2817/2817 2809/2809/2809
f 2810/2810/2810 2811/2811/2811 2817/2817/2817
f 2818/2818/2818 2817/2817/2817 2811/2811/2811
f 2818/2818/2818 2811/2811/2811 2819/2819/2819
f 2812/2812/2812 2819/2819/2819 2811/2811/2811
f 2812/2812/2812 2813/2813/2813 2819/2819/2819
f 2820/2820/2820 2819/2819/2819 2813/2813/2813
f 2815/2815/2815 2821/2821/2821 2814/2814/2814
f 2815/2815/2815 2816/2816/2816 2821/2821/2821
f 2817/2817/2817 2822/2822/2822 2816/2816/2816
f 2817/2817/2817 2818/2818/2818 2822/2822/2822
f 2819/2819/2819 2823/2823/2823 2818/2818/2818
f 2819/2819/2819 2820/2820/2820 2823/2823/2823
f 2825/2825/2825 2824/2824/2824 2826/2826/2826
f 2827/2827/2827 2826/2826/2826 2824/2824/2824
f 2827/2827/2827 2828/2828/2828 2826/2826/2826
f 2829/2829/2829 2826/2826/2826 2828/2828/2828
f 2829/2829/2829 2828/2828/2828 2830/2830/2830
f 2831/2831/2831 2830/2830/2830 2828/2828/2828
f 2831/2831/2831 2832/2832/2832 2830/2830/2830
f 2833/2833/2833 2830/2830/2830 2832/2832/2832
f 2833/2833/2833 2832/2832/2832 2834/2834/2834
f 2835/2835/2835 2834/2834/2834 2832/2832/2832
f 2835/2835/2835 2836/2836/2836 2834/2834/2834
f 2837/2837/2837 2834/2834/2834 2836/2836/2836
f 2838/2838/2838 2825/2825/2825 2839/2839/2839
f 2826/2826/2826 2839/2839/2839 2825/2825/2825
f 2826/2826/2826 2829/2829/2829 2839/2839/2839
f 2840/2840/2840 2839/2839/2839 2829/2829/2829
f 2840/2840/2840 2829/2829/2829 2841/2841/2841
f 2830/2830/2830 2841/2841/2841 2829/2829/2829
f 2830/2830/2830 2833/2833/2833 2841/2841/2841
f 2842/2842/2842 2841/2841/2841 2833/2833/2833
f 2842/2842/2842 2833/2833/2833 2843/2843/2843
f 2834/2834/2834 2843/2843/2843 2833/2833/2833
f 2834/2834/2834 2837/2837/2837 2843/2843/2843
f 2844/2844/2844 2843/2843/2843 2837/2837/2837
f 2845/2845/2845 2838/2838/2838 2846/2846/2846
f 2839/2839/2839 2846/2846/2846 2838/2838/2838
f 2839/2839/2839 2840/2840/2840 2846/2846/2846
f 2847/2847/2847 2846/2846/2846 2840/2840/2840
f 2847/2847/2847 2840/2840/2840 2848/2848/2848
f 2841/2841/2841 2848/2848/2848 2840/2840/2840
f 2841/2841/2841 2842/2842/2842 2848/2848/2848
f 2849/2849/2849 2848/2848/2848 2842/2842/2842
f 2849/2849/2849 2842/2842/2842 2850/2850/2850
f 2843/2843/2843 2850/2850/2850 2842/2842/2842
f 2843/2843/2843 2844/2844/2844 2850/2850/2850
f 2851/2851/2851 2850/2850/2850 2844/2844/2844
f 2852/2852/2852 2845/2845/2845 2853/2853/2853
f 2846/2846/2846 2853/2853/2853 2845/2845/2845
f 2846/2846/2846 2847/2847/2847 2853/2853/2853
f 2854/2854/2854 2853/2853/2853 2847/2847/2847
f 2854/2854/2854 2847/2847/2847 2855/2855/2855
f 2848/2848/2848 2855/2855/2855 2847/2847/2847
f 2848/2848/2848 2849/2849/2849 2855/2855/2855
f 2856/2856/2856 2855/2855/2855 2849/2849/2849
f 2856/2856/2856 2849/2849/2849 2857/2857/2857
f 2850/2850/2850 2857/2857/2857 2849/2849/2849
f 2850/2850/2850 2851/2851/2851 2857/2857/2857
f 2858/2858/2858 2857/2857/2857 2851/2851/2851
f 2859/2859/2859 2852/2852/2852 2860/2860/2860
f 2853/2853/2853 2860/2860/2860 2852/2852/2852
f 2853/2853/2853 2854/2854/2854 2860/2860/2860
f 2861/2861/2861 2860/2860/2860 2854/2854/2854
f 2861/2861/2861 2854/2854/2854 2862/2862/2862
f 2855/2855/2855 2862/2862/2862 2854/2854/2854
f 2855/2855/2855 2856/2856/2856 2862/2862/2862
f 2863/2863/2863 2862/2862/2862 2856/2856/2856
f 2863/2863/2863 2856/2856/2856 2864/2864/2864
f 2857/2857/2857 2864/2864/2864 2856/2856/2856
f 2857/2857/2857 2858/2858/2858 2864/2864/2864
f 2865/2865/2865 2864/2864/2864 2858/2858/2858
f 2860/2860/2860 2866/2866/2866 2859/2859/2859
f 2860/2860/2860 2861/2861/2861 2866/2866/2866
f 2862/2862/2862 2867/2867/2867 2861/2861/2861
f 2862/2862/2862 2863/2863/2863 2867/2867/2867
f 2864/2864/2864 2868/2868/2868 2863/2863/2863
f 2864/2864/2864 2865/2865/2865 2868/2868/2868
f 2870/2870/2870 2869/2869/2869 2871/2871/2871
f 2872/2872/2872 2871/2871/2871 2869/2869/2869
f 2872/2872/2872 2873/2873/2873 2871/2871/2871
f 2874/2874/2874 2871/2871/2871 2873/2873/2873
f 2874/2874/2874 2873/2873/2873 2875/2875/2875
f 2876/2876/2876 2875/2875/2875 2873/2873/2873
f 2876/2876/2876 2877/2877/2877 2875/2875/2875
f 2878/2878/2878 2875/2875/2875 2877/2877/2877
f 2878/2878/2878 2877/2877/2877 2879/2879/2879
f 2880/2880/2880 2879/2879/2879 2877/2877/2877
f 2881/2881/2881 2870/2870/2870 2882/2882/2882
f 2871/2871/2871 2882/2882/2882 2870/2870/2870
f 2871/2871/2871 2874/2874/2874 2882/2882/2882
f 2883/2883/2883 2882/2882/2882 2874/2874/2874
f 2883/2883/2883 2874/2874/2874 2884/2884/2884
f 2875/2875/2875 2884/2884/2884 2874/2874/2874
f 2875/2875/2875 2878/2878/2878 2884/2884/2884
f 2885/2885/2885 2884/2884/2884 2878/2878/2878
f 2885/2885/2885 2878/2878/2878 2886/2886/2886
f 2879/2879/2879 2886/2886/2886 2878/2878/2878
f 2887/2887/2887 2881/2881/2881 2888/2888/2888
f 2882/2882/2882 2888/2888/2888 2881/2881/2881
f 2882/2882/2882 2883/2883/2883 2888/2888/2888
f 2889/2889/2889 2888/2888/2888 2883/2883/2883
f 2889/2889/2889 2883/2883/2883 2890/2890/2890
f 2884/2884/2884 2890/2890/2890 2883/2883/2883
f 2884/2884/2884 2885/2885/2885 2890/2890/2890
f 2891/2891/2891 2890/2890/2890 2885/2885/2885
f 2891/2891/2891 2885/2885/2885 2892/2892/2892
f 2886/2886/2886 2892/2892/2892 2885/2885/2885
f 2893/2893/2893 2887/2887/2887 2894/2894/2894
f 2888/2888/2888 2894/2894/2894 2887/2887/2887
f 2888/2888/2888 2889/2889/2889 2894/2894/2894
f 2895/2895/2895 2894/2894/2894 2889/2889/2889
f 2895/2895/2895 2889/2889/2889 2896/2896/2896
f 2890/2890/2890 2896/2896/2896 2889/2889/2889
f 2890/2890/2890 2891/2891/2891 2896/2896/2896
f 2897/2897/2897 2896/2896/2896 2891/2891/2891
f 2897/2897/2897 2891/2891/2891 2898/2898/2898
f 2892/2892/2892 2898/2898/2898 2891/2891/2891
f 2894/2894/2894 2899/2899/2899 2893/2893/2893
f 2894/2894/2894 2895/2895/2895 2899/2899/2899
f 2896/2896/2896 2900/2900/2900 2895/2895/2895
f 2896/2896/2896 2897/2897/2897 2900/2900/2900
f 2898/2898/2898 2901/2901/2901 2897/2897/2897
f 2903/2903/2903 2902/2902/2902 2904/2904/2904
f 2905/2905/2905 2904/2904/2904 2902/2902/2902
f 2905/2905/2905 2906/2906/2906 2904/2904/2904
f 2907/2907/2907 2904/2904/2904 2906/2906/2906
f 2907/2907/2907 2906/2906/2906 2908/2908/2908
f 2909/2909/2909 2908/2908/2908 2906/2906/2906
f 2910/2910/2910 2903/2903/2903 2911/2911/2911
f 2904/2904/2904 2911/2911/2911 2903/2903/2903
f 2904/2904/2904 2907/2907/2907 2911/2911/2911
f 2912/2912/2912 2911/2911/2911 2907/2907/2907
f 2912/2912/2912 2907/2907/2907 2913/2913/2913
f 2908/2908/2908 2913/2913/2913 2907/2907/2907
f 2914/2914/2914 2910/2910/2910 2915/2915/2915
f 2911/2911/2911 2915/2915/2915 2910/2910/2910
f 2911/2911/2911 2912/2912/2912 2915/2915/2915
f 2916/2916/2916 2915/2915/2915 2912/2912/2912
f 2916/2916/2916 2912/2912/2912 2917/2917/2917
f 2913/2913/2913 2917/2917/2917 2912/2912/2912
f 2915/2915/2915 2918/2918/2918 2914/2914/2914
f 2915/2915/2915 2916/2916/2916 2918/2918/2918
f 2917/2917/2917 2919/2919/2919 2916/2916/2916
f 2921/2921/2921 2920/2920/2920 2922/2922/2922
f 2923/2923/2923 2922/2922/2922 2920/2920/2920
f 2923/2923/2923 2924/2924/2924 2922/2922/2922
f 2925/2925/2925 2922/2922/2922 2924/2924/2924
f 2925/2925/2925 2924/2924/2924 2926/2926/2926
f 2927/2927/2927 2926/2926/2926 2924/2924/2924
f 2927/2927/2927 2928/2928/2928 2926/2926/2926
f 2929/2929/2929 2926/2926/2926 2928/2928/2928
f 2930/2930/2930 2921/2921/2921 2931/2931/2931
f 2922/2922/2922 2931/2931/2931 2921/2921/2921
f 2922/2922/2922 2925/2925/2925 2931/2931/2931
f 2932/2932/2932 2931/2931/2931 2925/2925/2925
f 2932/2932/2932 2925/2925/2925 2933/2933/2933
f 2926/2926/2926 2933/2933/2933 2925/2925/2925
f 2926/2926/2926 2929/2929/2929 2933/2933/2933
f 2934/2934/2934 2933/2933/2933 2929/2929/2929
f 2935/2935/2935 2930/2930/2930 2936/2936/2936
f 2931/2931/2931 2936/2936/2936 2930/2930/2930
f 2931/2931/2931 2932/2932/2932 2936/2936/2936
f 2937/2937/2937 2936/2936/2936 2932/2932/2932
f 2937/2937/2937 2932/2932/2932 2938/2938/2938
f 2933/2933/2933 2938/2938/2938 2932/2932/2932
f 2933/2933/2933 2934/2934/2934 2938/2938/2938
f 2939/2939/2939 2938/2938/2938 2934/2934/2934
f 2940/2940/2940 2935/2935/2935 2941/2941/2941
f 2936/2936/2936 2941/2941/2941 2935/2935/2935
f 2936/2936/2936 2937/2937/2937 2941/2941/2941
f 2942/2942/2942 2941/2941/2941 2937/2937/2937
f 2942/2942/2942 2937/2937/2937 2943/2943/2943
f 2938/2938/2938 2943/2943/2943 2937/2937/2937
f 2938/2938/2938 2939/2939/2939 2943/2943/2943
f 2944/2944/2944 2943/2943/2943 2939/2939/2939
f 2941/2941/2941 2945/2945/2945 2940/2940/2940
f 2941/2941/2941 2942/2942/2942 2945/2945/2945
f 2943/2943/2943 2946/2946/2946 2942/2942/2942
f 2943/2943/2943 2944/2944/2944 2946/2946/2946
f 2948/2948/2948 2947/2947/2947 2949/2949/2949
f 2950/2950/2950 2949/2949/2949 2947/2947/2947
f 2950/2950/2950 2951/2951/2951 2949/2949/2949
f 2952/2952/2952 2949/2949/2949 2951/2951/2951
f 2952/2952/2952 2951/2951/2951 2953/2953/2953
f 2954/2954/2954 2953/2953/2953 2951/2951/2951
f 2955/2955/2955 2948/2948/2948 2956/2956/2956
f 2949/2949/2949 2956/2956/2956 2948/2948/2948
f 2949/2949/2949 2952/2952/2952 2956/2956/2956
f 2957/2957/2957 2956/2956/2956 2952/2952/2952
f 2957/2957/2957 2952/2952/2952 2958/2958/2958
f 2953/2953/2953 2958/2958/2958 2952/2952/2952
f 2959/2959/2959 2955/2955/2955 2960/2960/2960
f 2956/2956/2956 2960/2960/2960 2955/2955/2955
f 2956/2956/2956 2957/2957/2957 2960/2960/2960
f 2961/2961/2961 2960/2960/2960 2957/2957/2957
f 2961/2961/2961 2957/2957/2957 2962/2962/2962
f 2958/2958/2958 2962/2962/2962 2957/2957/2957
f 2960/2960/2960 2963/2963/2963 2959/2959/2959
f 2960/2960/2960 2961/2961/2961 2963/2963/2963
f 2962/2962/2962 2964/2964/2964 2961/2961/2961
f 2966/2966/2966 2965/2965/2965 2967/2967/2967
f 2968/2968/2968 2967/2967/2967 2965/2965/2965
f 2968/2968/2968 2969/2969/2969 2967/2967/2967
f 2970/2970/2970 2967/2967/2967 2969/2969/2969
f 2970/2970/2970 2969/2969/2969 2971/2971/2971
f 2972/2972/2972 2971/2971/2971 2969/2969/2969
f 2973/2973/2973 2966/2966/2966 2974/2974/2974
f 2967/2967/2967 2974/2974/2974 2966/2966/2966
f 2967/2967/2967 2970/2970/2970 2974/2974/2974
f 2975/2975/2975 2974/2974/2974 2970/2970/2970
f 2975/2975/2975 2970/2970/2970 2976/2976/2976
f 2971/2971/2971 2976/2976/2976 2970/2970/2970
f 2977/2977/2977 2973/2973/2973 2978/2978/2978
f 2974/2974/2974 2978/2978/2978 2973/2973/2973
f 2974/2974/2974 2975/2975/2975 2978/2978/2978
f 2979/2979/2979 2978/2978/2978 2975/2975/2975
f 2979/2979/2979 2975/2975/2975 2980/2980/2980
f 2976/2976/2976 2980/2980/2980 2975/2975/2975
f 2978/2978/2978 2981/2981/2981 2977/2977/2977
f 2978/2978/2978 2979/2979/2979 2981/2981/2981
f 2980/2980/2980 2982/2982/2982 2979/2979/2979
f 2984/2984/2984 2983/2983/2983 2985/2985/2985
f 2986/2986/2986 2985/2985/2985 2983/2983/2983
f 2986/2986/2986 2987/2987/2987 2985/2985/2985
f 2988/2988/2988 2985/2985/2985 2987/2987/2987
f 2988/2988/2988 2987/2987/2987 2989/2989/2989
f 2990/2990/2990 2989/2989/2989 2987/2987/2987
f 2991/2991/2991 2984/2984/2984 2992/2992/2992
f 2985/2985/2985 2992/2992/2992 2984/2984/2984
f 2985/2985/2985 2988/2988/2988 2992/2992/2992
f 2993/2993/2993 2992/2992/2992 2988/2988/2988
f 2993/2993/2993 2988/2988/2988 2994/2994/2994
f 2989/2989/2989 2994/2994/2994 2988/2988/2988
f 2995/2995/2995 2991/2991/2991 2996/2996/2996
f 2992/2992/2992 2996/2996/2996 2991/2991/2991
f 2992/2992/2992 2993/2993/2993 2996/2996/2996
f 2997/2997/2997 2996/2996/2996 2993/2993/2993
f 2997/2997/2997 2993/2993/2993 2998/2998/2998
f 2994/2994/2994 2998/2998/2998 2993/2993/2993
f 2996/2996/2996 2999/2999/2999 2995/2995/2995
f 2996/2996/2996 2997/2997/2997 2999/2999/2999
f 2998/2998/2998 3000/3000/3000 2997/2997/2997
f 3002/3002/3002 3001/3001/3001 3003/3003/3003
f 3004/3004/3004 3003/3003/3003 3001/3001/3001
f 3004/3004/3004 3005/3005/3005 3003/3003/3003
f 3006/3006/3006 3003/3003/3003 3005/3005/3005
f 3006/3006/3006 3005/3005/3005 3007/3007/3007
f 3008/3008/3008 3007/3007/3007 3005/3005/3005
f 3008/3008/3008 3009/3009/3009 3007/3007/3007
f 3010/3010/3010 3007/3007/3007 3009/3009/3009
f 3010/3010/3010 3009/3009/3009 3011/3011/3011
f 3012/3012/3012 3011/3011/3011 3009/3009/3009
f 3013/3013/3013 3002/3002/3002 3014/3014/3014
f 3003/3003/3003 3014/3014/3014 3002/3002/3002
f 3003/3003/3003 3006/3006/3006 3014/3014/3014
f 3015/3015/3015 3014/3014/3014 3006/3006/3006
f 3015/3015/3015 3006/3006/3006 3016/3016/3016
f 3007/3007/3007 3016/3016/3016 3006/3006/3006
f 3007/3007/3007 3010/3010/3010 3016/3016/3016
f 3017/3017/3017 3016/3016/3016 3010/3010/3010
f 3017/3017/3017 3010/3010/3010 3018/3018/3018
f 3011/3011/3011 3018/3018/3018 3010/3010/3010
f 3019/3019/3019 3013/3013/3013 3020/3020/3020
f 3014/3014/3014 3020/3020/3020 3013/3013/3013
f 3014/3014/3014 3015/3015/3015 3020/3020/3020
f 3021/3021/3021 3020/3020/3020 3015/3015/3015
f 3021/3021/3021 3015/3015/3015 3022/3022/3022
f 3016/3016/3016 3022/3022/3022 3015/3015/3015
f 3016/3016/3016 3017/3017/3017 3022/3022/3022
f 3023/3023/3023 3022/3022/3022 3017/3017/3017
f 3023/3023/3023 3017/3017/3017 3024/3024/3024
f 3018/3018/3018 3024/3024/3024 3017/3017/3017
f 3025/3025/3025 3019/3019/3019 3026/3026/3026
f 3020/3020/3020 3026/3026/3026 3019/3019/3019
f 3020/3020/3020 3021/3021/3021 3026/3026/3026
f 3027/3027/3027 3026/3026/3026 3021/3021/3021
f 3027/3027/3027 3021/3021/3021 3028/3028/3028
f 3022/3022/3022 3028/3028/3028 3021/3021/3021
f 3022/3022/3022 3023/3023/3023 3028/3028/3028
f 3029/3029/3029 3028/3028/3028 3023/3023/3023
f 3029/3029/3029 3023/3023/3023 3030/3030/3030
f 3024/3024/3024 3030/3030/3030 3023/3023/3023
f 3031/3031/3031 3025/3025/3025 3032/3032/3032
f 3026/3026/3026 3032/3032/3032 3025/3025/3025
f 3026/3026/3026 3027/3027/3027 3032/3032/3032
f 3033/3033/3033 3032/3032/3032 3027/3027/3027
f 3033/3033/3033 3027/3027/3027 3034/3034/3034
f 3028/3028/3028 3034/3034/3034 3027/3027/3027
f 3028/3028/3028 3029/3029/3029 3034/3034/3034
f 3035/3035/3035 3034/3034/3034 3029/3029/3029
f 3035/3035/3035 3029/3029/3029 3036/3036/3036
f 3030/3030/3030 3036/3036/3036 3029/3029/3029
f 3032/3032/3032 3037/3037/3037 3031/3031/3031
f 3032/3032/3032 3033/3033/3033 3037/3037/3037
f 3034/3034/3034 3038/3038/3038 3033/3033/3033
f 3034/3034/3034 3035/3035/3035 3038/3038/3038
f 3036/3036/3036 3039/3039/3039 3035/3035/3035
f 3041/3041/3041 3040/3040/3040 3042/3042/3042
f 3043/3043/3043 3042/3042/3042 3040/3040/3040
f 3043/3043/3043 3044/3044/3044 3042/3042/3042
f 3045/3045/3045 3042/3042/3042 3044/3044/3044
f 3045/3045/3045 3044/3044/3044 3046/3046/3046
f 3047/3047/3047 3046/3046/3046 3044/3044/3044
f 3048/3048/3048 3041/3041/3041 3049/3049/3049
f 3042/3042/3042 3049/3049/3049 3041/3041/3041
f 3042/3042/3042 3045/3045/3045 3049/3049/3049
f 3050/3050/3050 3049/3049/3049 3045/3045/3045
f 3050/3050/3050 3045/3045/3045 3051/3051/3051
f 3046/3046/3046 3051/3051/3051 3045/3045/3045
f 3052/3052/3052 3048/3048/3048 3053/3053/3053
f 3049/3049/3049 3053/3053/3053 3048/3048/3048
f 3049/3049/3049 3050/3050/3050 3053/3053/3053
f 3054/3054/3054 3053/3053/3053 3050/3050/3050
f 3054/3054/3054 3050/3050/3050 3055/3055/3055
f 3051/3051/3051 3055/3055/3055 3050/3050/3050
f 3053/3053/3053 3056/3056/3056 3052/3052/3052
f 3053/3053/3053 3054/3054/3054 3056/3056/3056
f 3055/3055/3055 3057/3057/3057 3054/3054/3054
f 3059/3059/3059 3058/3058/3058 3060/3060/3060
f 3061/3061/3061 3060/3060/3060 3058/3058/3058
f 3061/3061/3061 3062/3062/3062 3060/3060/3060
f 3063/3063/3063 3060/3060/3060 3062/3062/3062
f 3063/3063/3063 3062/3062/3062 3064/3064/3064
f 3065/3065/3065 3064/3064/3064 3062/3062/3062
f 3065/3065/3065 3066/3066/3066 3064/3064/3064
f 3067/3067/3067 3064/3064/3064 3066/3066/3066
f 3068/3068/3068 3059/3059/3059 3069/3069/3069
f 3060/3060/3060 3069/3069/3069 3059/3059/3059
f 3060/3060/3060 3063/3063/3063 3069/3069/3069
f 3070/3070/3070 3069/3069/3069 3063/3063/3063
f 3070/3070/3070 3063/3063/3063 3071/3071/3071
f 3064/3064/3064 3071/3071/3071 3063/3063/3063
f 3064/3064/3064 3067/3067/3067 3071/3071/3071
f 3072/3072/3072 3071/3071/3071 3067/3067/3067
f 3073/3073/3073 3068/3068/3068 3074/3074/3074
f 3069/3069/3069 3074/3074/3074 3068/3068/3068
f 3069/3069/3069 3070/3070/3070 3074/3074/3074
f 3075/3075/3075 3074/3074/3074 3070/3070/3070
f 3075/3075/3075 3070/3070/3070 3076/3076/3076
f 3071/3071/3071 3076/3076/3076 3070/3070/3070
f 3071/3071/3071 3072/3072/3072 3076/3076/3076
f 3077/3077/3077 3076/3076/3076 3072/3072/3072
f 3078/3078/3078 3073/3073/3073 3079/3079/3079
f 3074/3074/3074 3079/3079/3079 3073/3073/3073
f 3074/3074/3074 3075/3075/3075 3079/3079/3079
f 3080/3080/3080 3079/3079/3079 3075/3075/3075
f 3080/3080/3080 3075/3075/3075 3081/3081/3081
f 3076/3076/3076 3081/3081/3081 3075/3075/3075
f 3076/3076/3076 3077/3077/3077 3081/3081/3081
f 3082/3082/3082 3081/3081/3081 3077/3077/3077
f 3079/3079/3079 3083/3083/3083 3078/3078/3078
f 3079/3079/3079 3080/3080/3080 3083/3083/3083
f 3081/3081/3081 3084/3084/3084 3080/3080/3080
f 3081/3081/3081 3082/3082/3082 3084/3084/3084
f 3086/3086/3086 3085/3085/3085 3087/3087/3087
f 3088/3088/3088 3087/3087/3087 3085/3085/3085
f 3088/3088/3088 3089/3089/3089 3087/3087/3087
f 3090/3090/3090 3087/3087/3087 3089/3089/3089
f 3090/3090/3090 3089/3089/3089 3091/3091/3091
f 3092/3092/3092 3091/3091/3091 3089/3089/3089
f 3093/3093/3093 3086/3086/3086 3094/3094/3094
f 3087/3087/3087 3094/3094/3094 3086/3086/3086
f 3087/3087/3087 3090/3090/3090 3094/3094/3094
f 3095/3095/3095 3094/3094/3094 3090/3090/3090
f 3095/3095/3095 3090/3090/3090 3096/3096/3096
f 3091/3091/3091 3096/3096/3096 3090/3090/3090
f 3097/3097/3097 3093/3093/3093 3098/3098/3098
f 3094/3094/3094 3098/3098/3098 3093/3093/3093
f 3094/3094/3094 3095/3095/3095 3098/3098/3098
f 3099/3099/3099 3098/3098/3098 3095/3095/3095
f 3099/3099/3099 3095/3095/3095 3100/3100/3100
f 3096/3096/3096 3100/3100/3100 3095/3095/3095
f 3098/3098/3098 3101/3101/3101 3097/3097/3097
f 3098/3098/3098 3099/3099/3099 3101/3101/3101
f 3100/3100/3100 3102/3102/3102 3099/3099/3099
f 3104/3104/3104 3103/3103/3103 3105/3105/3105
f 3106/3106/3106 3105/3105/3105 3103/3103/3103
f 3106/3106/3106 3107/3107/3107 3105/3105/3105
f 3108/3108/3108 3105/3105/3105 3107/3107/3107
f 3108/3108/3108 3107/3107/3107 3109/3109/3109
f 3110/3110/3110 3109/3109/3109 3107/3107/3107
f 3111/3111/3111 3104/3104/3104 3112/3112/3112
f 3105/3105/3105 3112/3112/3112 3104/3104/3104
f 3105/3105/3105 3108/3108/3108 3112/3112/3112
f 3113/3113/3113 3112/3112/3112 3108/3108/3108
f 3113/3113/3113 3108/3108/3108 3114/3114/3114
f 3109/3109/3109 3114/3114/3114 3108/3108/3108
f 3115/3115/3115 3111/3111/3111 3116/3116/3116
f 3112/3112/3112 3116/3116/3116 3111/3111/3111
f 3112/3112/3112 3113/3113/3113 3116/3116/3116
f 3117/3117/3117 3116/3116/3116 3113/3113/3113
f 3117/3117/3117 3113/3113/3113 3118/3118/3118
f 3114/3114/3114 3118/3118/3118 3113/3113/3113
f 3116/3116/3116 3119/3119/3119 3115/3115/3115
f 3116/3116/3116 3117/3117/3117 3119/3119/3119
f 3118/3118/3118 3120/3120/3120 3117/3117/3117
f 3122/3122/3122 3121/3121/3121 3123/3123/3123
f 3124/3124/3124 3123/3123/3123 3121/3121/3121
f 3124/3124/3124 3125/3125/3125 3123/3123/3123
f 3126/3126/3126 3123/3123/3123 3125/3125/3125
f 3126/3126/3126 3125/3125/3125 3127/3127/3127
f 3128/3128/3128 3127/3127/3127 3125/3125/3125
f 3128/3128/3128 3129/3129/3129 3127/3127/3127
f 3130/3130/3130 3127/3127/3127 3129/3129/3129
f 3131/3131/3131 3122/3122/3122 3132/3132/3132
f 3123/3123/3123 3132/3132/3132 3122/3122/3122
f 3123/3123/3123 3126/3126/3126 3132/3132/3132
f 3133/3133/3133 3132/3132/3132 3126/3126/3126
f 3133/3133/3133 3126/3126/3126 3134/3134/3134
f 3127/3127/3127 3134/3134/3134 3126/3126/3126
f 3127/3127/3127 3130/3130/3130 3134/3134/3134
f 3135/3135/3135 3134/3134/3134 3130/3130/3130
f 3136/3136/3136 3131/3131/3131 3137/3137/3137
f 3132/3132/3132 3137/3137/3137 3131/3131/3131
f 3132/3132/3132 3133/3133/3133 3137/3137/3137
f 3138/3138/3138 3137/3137/3137 3133/3133/3133
f 3138/3138/3138 3133/3133/3133 3139/3139/3139
f 3134/3134/3134 3139/3139/3139 3133/3133/3133
f 3134/3134/3134 3135/3135/3135 3139/3139/3139
f 3140/3140/3140 3139/3139/3139 3135/3135/3135
f 3141/3141/3141 3136/3136/3136 3142/3142/3142
f 3137/3137/3137 3142/3142/3142 3136/3136/3136
f 3137/3137/3137 3138/3138/3138 3142/3142/3142
f 3143/3143/3143 3142/3142/3142 3138/3138/3138
f 3143/3143/3143 3138/3138/3138 3144/3144/3144
f 3139/3139/3139 3144/3144/3144 3138/3138/3138
f 3139/3139/3139 3140/3140/3140 3144/3144/3144
f 3145/3145/3145 3144/3144/3144 3140/3140/3140
f 3142/3142/3142 3146/3146/3146 3141/3141/3141
f 3142/3142/3142 3143/3143/3143 3146/3146/3146
f 3144/3144/3144 3147/3147/3147 3143/3143/3143
f 3144/3144/3144 3145/3145/3145 3147/3147/3147
f 3149/3149/3149 3148/3148/3148 3150/3150/3150
f 3151/3151/3151 3150/3150/3150 3148/3148/3148
f 3151/3151/3151 3152/3152/3152 3150/3150/3150
f 3153/3153/3153 3150/3150/3150 3152/3152/3152
f 3153/3153/3153 3152/3152/3152 3154/3154/3154
f 3155/3155/3155 3154/3154/3154 3152/3152/3152
f 3156/3156/3156 3149/3149/3149 3157/3157/3157
f 3150/3150/3150 3157/3157/3157 3149/3149/3149
f 3150/3150/3150 3153/3153/3153 3157/3157/3157
f 3158/3158/3158 3157/3157/3157 3153/3153/3153
f 3158/3158/3158 3153/3153/3153 3159/3159/3159
f 3154/3154/3154 3159/3159/3159 3153/3153/3153
f 3160/3160/3160 3156/3156/3156 3161/3161/3161
f 3157/3157/3157 3161/3161/3161 3156/3156/3156
f 3157/3157/3157 3158/3158/3158 3161/3161/3161
f 3162/3162/3162 3161/3161/3161 3158/3158/3158
f 3162/3162/3162 3158/3158/3158 3163/3163/3163
f 3159/3159/3159 3163/3163/3163 3158/3158/3158
f 3161/3161/3161 3164/3164/3164 3160/3160/3160
f 3161/3161/3161 3162/3162/3162 3164/3164/3164
f 3163/3163/3163 3165/3165/3165 3162/3162/3162
f 3167/3167/3167 3166/3166/3166 3168/3168/3168
f 3169/3169/3169 3168/3168/3168 3166/3166/3166
f 3169/3169/3169 3170/3170/3170 3168/3168/3168
f 3171/3171/3171 3168/3168/3168 3170/3170/3170
f 3171/3171/3171 3170/3170/3170 3172/3172/3172
f 3173/3173/3173 3172/3172/3172 3170/3170/3170
f 3174/3174/3174 3167/3167/3167 3175/3175/3175
f 3168/3168/3168 3175/3175/3175 3167/3167/3167
f 3168/3168/3168 3171/3171/3171 3175/3175/3175
f 3176/3176/3176 3175/3175/3175 3171/3171/3171
f 3176/3176/3176 3171/3171/3171 3177/3177/3177
f 3172/3172/3172 3177/3177/3177 3171/3171/3171
f 3178/3178/3178 3174/3174/3174 3179/3179/3179
f 3175/3175/3175 3179/3179/3179 3174/3174/3174
f 3175/3175/3175 3176/3176/3176 3179/3179/3179
f 3180/3180/3180 3179/3179/3179 3176/3176/3176
f 3180/3180/3180 3176/3176/3176 3181/3181/3181
f 3177/3177/3177 3181/3181/3181 3176/3176/3176
f 3179/3179/3179 3182/3182/3182 3178/3178/3178
f 3179/3179/3179 3180/3180/3180 3182/3182/3182
f 3181/3181/3181 3183/3183/3183 3180/3180/3180
f 3185/3185/3185 3184/3184/3184 3186/3186/3186
f 3187/3187/3187 3186/3186/3186 3184/3184/3184
f 3187/3187/3187 3188/3188/3188 3186/3186/3186
f 3189/3189/3189 3186/3186/3186 3188/3188/3188
f 3189/3189/3189 3188/3188/3188 3190/3190/3190
f 3191/3191/3191 3190/3190/3190 3188/3188/3188
f 3191/3191/3191 3192/3192/3192 3190/3190/3190
f 3193/3193/3193 3190/3190/3190 3192/3192/3192
f 3194/3194/3194 3185/3185/3185 3195/3195/3195
f 3186/3186/3186 3195/3195/3195 3185/3185/3185
f 3186/3186/3186 3189/3189/3189 3195/3195/3195
f 3196/3196/3196 3195/3195/3195 3189/3189/3189
f 3196/3196/3196 3189/3189/3189 3197/3197/3197
f 3190/3190/3190 3197/3197/3197 3189/3189/3189
f 3190/3190/3190 3193/3193/3193 3197/3197/3197
f 3198/3198/3198 3197/3197/3197 3193/3193/3193
f 3199/3199/3199 3194/3194/3194 3200/3200/3200
f 3195/3195/3195 3200/3200/3200 3194/3194/3194
f 3195/3195/3195 3196/3196/3196 3200/3200/3200
f 3201/3201/3201 3200/3200/3200 3196/3196/3196
f 3201/3201/3201 3196/3196/3196 3202/3202/3202
f 3197/3197/3197 3202/3202/3202 3196/3196/3196
f 3197/3197/3197 3198/3198/3198 3202/3202/3202
f 3203/3203/3203 3202/3202/3202 3198/3198/3198
f 3204/3204/3204 3199/3199/3199 3205/3205/3205
f 3200/3200/3200 3205/3205/3205 3199/3199/3199
f 3200/3200/3200 3201/3201/3201 3205/3205/3205
f 3206/3206/3206 3205/3205/3205 3201/3201/3201
f 3206/3206/3206 3201/3201/3201 3207/3207/3207
f 3202/3202/3202 3207/3207/3207 3201/3201/3201
f 3202/3202/3202 3203/3203/3203 3207/3207/3207
f 3208/3208/3208 3207/3207/3207 3203/3203/3203
f 3205/3205/3205 3209/3209/3209 3204/3204/3204
f 3205/3205/3205 3206/3206/3206 3209/3209/3209
f 3207/3207/3207 3210/3210/3210 3206/3206/3206
f 3207/3207/3207 3208/3208/3208 3210/3210/3210
f 3212/3212/3212 3211/3211/3211 3213/3213/3213
f 3214/3214/3214 3213/3213/3213 3211/3211/3211
f 3214/3214/3214 3215/3215/3215 3213/3213/3213
f 3216/3216/3216 3213/3213/3213 3215/3215/3215
f 3216/3216/3216 3215/3215/3215 3217/3217/3217
f 3218/3218/3218 3217/3217/3217 3215/3215/3215
f 3218/3218/3218 3219/3219/3219 3217/3217/3217
f 3220/3220/3220 3217/3217/3217 3219/3219/3219
f 3220/3220/3220 3219/3219/3219 3221/3221/3221
f 3222/3222/3222 3221/3221/3221 3219/3219/3219
f 3223/3223/3223 3212/3212/3212 3224/3224/3224
f 3213/3213/3213 3224/3224/3224 3212/3212/3212
f 3213/3213/3213 3216/3216/3216 3224/3224/3224
f 3225/3225/3225 3224/3224/3224 3216/3216/3216
f 3225/3225/3225 3216/3216/3216 3226/3226/3226
f 3217/3217/3217 3226/3226/3226 3216/3216/3216
f 3217/3217/3217 3220/3220/3220 3226/3226/3226
f 3227/3227/3227 3226/3226/3226 3220/3220/3220
f 3227/3227/3227 3220/3220/3220 3228/3228/3228
f 3221/3221/3221 3228/3228/3228 3220/3220/3220
f 3229/3229/3229 3223/3223/3223 3230/3230/3230
f 3224/3224/3224 3230/3230/3230 3223/3223/3223
f 3224/3224/3224 3225/3225/3225 3230/3230/3230
f 3231/3231/3231 3230/3230/3230 3225/3225/3225
f 3231/3231/3231 3225/3225/3225 3232/3232/3232
f 3226/3226/3226 3232/3232/3232 3225/3225/3225
f 3226/3226/3226 3227/3227/3227 3232/3232/3232
f 3233/3233/3233 3232/3232/3232 3227/3227/3227
f 3233/3233/3233 3227/3227/3227 3234/3234/3234
f 3228/3228/3228 3234/3234/3234 3227/3227/3227
f 3235/3235/3235 3229/3229/3229 3236/3236/3236
f 3230/3230/3230 3236/3236/3236 3229/3229/3229
f 3230/3230/3230 3231/3231/3231 3236/3236/3236
f 3237/3237/3237 3236/3236/3236 3231/3231/3231
f 3237/3237/3237 3231/3231/3231 3238/3238/3238
f 3232/3232/3232 3238/3238/3238 3231/3231/3231
f 3232/3232/3232 3233/3233/3233 3238/3238/3238
f 3239/3239/3239 3238/3238/3238 3233/3233/3233
f 3239/3239/3239 3233/3233/3233 3240/3240/3240
f 3234/3234/3234 3240/3240/3240 3233/3233/3233
f 3241/3241/3241 3235/3235/3235 3242/3242/3242
f 3236/3236/3236 3242/3242/3242 3235/3235/3235
f 3236/3236/3236 3237/3237/3237 3242/3242/3242
f 3243/3243/3243 3242/3242/3242 3237/3237/3237
f 3243/3243/3243 3237/3237/3237 3244/3244/3244
f 3238/3238/3238 3244/3244/3244 3237/3237/3237
f 3238/3238/3238 3239/3239/3239 3244/3244/3244
f 3245/3245/3245 3244/3244/3244 3239/3239/3239
f 3245/3245/3245 3239/3239/3239 3246/3246/3246
f 3240/3240/3240 3246/3246/3246 3239/3239/3239
f 3242/3242/3242 3247/3247/3247 3241/3241/3241
f 3242/3242/3242 3243/3243/3243 3247/3247/3247
f 3244/3244/3244 3248/3248/3248 3243/3243/3243
f 3244/3244/3244 3245/3245/3245 3248/3248/3248
f 3246/3246/3246 3249/3249/3249 3245/3245/3245
f 3251/3251/3251 3250/3250/3250 3252/3252/3252
f 3253/3253/3253 3252/3252/3252 3250/3250/3250
f 3253/3253/3253 3254/3254/3254 3252/3252/3252
f 3255/3255/3255 3252/3252/3252 3254/3254/3254
f 3255/3255/3255 3254/3254/3254 3256/3256/3256
f 3257/3257/3257 3256/3256/3256 3254/3254/3254
f 3258/3258/3258 3251/3251/3251 3259/3259/3259
f 3252/3252/3252 3259/3259/3259 3251/3251/3251
f 3252/3252/3252 3255/3255/3255 3259/3259/3259
f 3260/3260/3260 3259/3259/3259 3255/3255/3255
f 3260/3260/3260 3255/3255/3255 3261/3261/3261
f 3256/3256/3256 3261/3261/3261 3255/3255/3255
f 3262/3262/3262 3258/3258/3258 3263/3263/3263
f 3259/3259/3259 3263/3263/3263 3258/3258/3258
f 3259/3259/3259 3260/3260/3260 3263/3263/3263
f 3264/3264/3264 3263/3263/3263 3260/3260/3260
f 3264/3264/3264 3260/3260/3260 3265/3265/3265
f 3261/3261/3261 3265/3265/3265 3260/3260/3260
f 3263/3263/3263 3266/3266/3266 3262/3262/3262
f 3263/3263/3263 3264/3264/3264 3266/3266/3266
f 3265/3265/3265 3267/3267/3267 3264/3264/3264
f 3269/3269/3269 3268/3268/3268 3270/3270/3270
f 3271/3271/3271 3270/3270/3270 3268/3268/3268
f 3271/3271/3271 3272/3272/3272 3270/3270/3270
f 3273/3273/3273 3270/3270/3270 3272/3272/3272
f 3273/3273/3273 3272/3272/3272 3274/3274/3274
f 3275/3275/3275 3274/3274/3274 3272/3272/3272
f 3275/3275/3275 3276/3276/3276 3274/3274/3274
f 3277/3277/3277 3274/3274/3274 3276/3276/3276
f 3278/3278/3278 3269/3269/3269 3279/3279/3279
f 3270/3270/3270 3279/3279/3279 3269/3269/3269
f 3270/3270/3270 3273/3273/3273 3279/3279/3279
f 3280/3280/3280 3279/3279/3279 3273/3273/3273
f 3280/3280/3280 3273/3273/3273 3281/3281/3281
f 3274/3274/3274 3281/3281/3281 3273/3273/3273
f 3274/3274/3274 3277/3277/3277 3281/3281/3281
f 3282/3282/3282 3281/3281/3281 3277/3277/3277
f 3283/3283/3283 3278/3278/3278 3284/3284/3284
f 3279/3279/3279 3284/3284/3284 3278/3278/3278
f 3279/3279/3279 3280/3280/3280 3284/3284/3284
f 3285/3285/3285 3284/3284/3284 3280/3280/3280
f 3285/3285/3285 3280/3280/3280 3286/3286/3286
f 3281/3281/3281 3286/3286/3286 3280/3280/3280
f 3281/3281/3281 3282/3282/3282 3286/3286/3286
f 3287/3287/3287 3286/3286/3286 3282/3282/3282
f 3288/3288/3288 3283/3283/3283 3289/3289/3289
f 3284/3284/3284 3289/3289/3289 3283/3283/3283
f 3284/3284/3284 3285/3285/3285 3289/3289/3289
f 3290/3290/3290 3289/3289/3289 3285/3285/3285
f 3290/3290/3290 3285/3285/3285 3291/3291/3291
f 3286/3286/3286 3291/3291/3291 3285/3285/3285
f 3286/3286/3286 3287/3287/3287 3291/3291/3291
f 3292/3292/3292 3291/3291/3291 3287/3287/3287
f 3289/3289/3289 3293/3293/3293 3288/3288/3288
f 3289/3289/3289 3290/3290/3290 3293/3293/3293
f 3291/3291/3291 3294/3294/3294 3290/3290/3290
f 3291/3291/3291 3292/3292/3292 3294/3294/3294
f 3296/3296/3296 3295/3295/3295 3297/3297/3297
f 3298/3298/3298 3297/3297/3297 3295/3295/3295
f 3298/3298/3298 3299/3299/3299 3297/3297/3297
f 3300/3300/3300 3297/3297/3297 3299/3299/3299
f 3300/3300/3300 3299/3299/3299 3301/3301/3301
f 3302/3302/3302 3301/3301/3301 3299/3299/3299
f 3303/3303/3303 3296/3296/3296 3304/3304/3304
f 3297/3297/3297 3304/3304/3304 3296/3296/3296
f 3297/3297/3297 3300/3300/3300 3304/3304/3304
f 3305/3305/3305 3304/3304/3304 3300/3300/3300
f 3305/3305/3305 3300/3300/3300 3306/3306/3306
f 3301/3301/3301 3306/3306/3306 3300/3300/3300
f 3307/3307/3307 3303/3303/3303 3308/3308/3308
f 3304/3304/3304 3308/3308/3308 3303/3303/3303
f 3304/3304/3304 3305/3305/3305 3308/3308/3308
f 3309/3309/3309 3308/3308/3308 3305/3305/3305
f 3309/3309/3309 3305/3305/3305 3310/3310/3310
f 3306/3306/3306 3310/3310/3310 3305/3305/3305
f 3308/3308/3308 3311/3311/3311 3307/3307/3307
f 3308/3308/3308 3309/3309/3309 3311/3311/3311
f 3310/3310/3310 3312/3312/3312 3309/3309/3309
f 3314/3314/3314 3313/3313/3313 3315/3315/3315
f 3316/3316/3316 3315/3315/3315 3313/3313/3313
f 3316/3316/3316 3317/3317/3317 3315/3315/3315
f 3318/3318/3318 3315/3315/3315 3317/3317/3317
f 3318/3318/3318 3317/3317/3317 3319/3319/3319
f 3320/3320/3320 3319/3319/3319 3317/3317/3317
f 3321/3321/3321 3314/3314/3314 3322/3322/3322
f 3315/3315/3315 3322/3322/3322 3314/3314/3314
f 3315/3315/3315 3318/3318/3318 3322/3322/3322
f 3323/3323/3323 3322/3322/3322 3318/3318/3318
f 3323/3323/3323 3318/3318/3318 3324/3324/3324
f 3319/3319/3319 3324/3324/3324 3318/3318/3318
f 3325/3325/3325 3321/3321/3321 3326/3326/3326
f 3322/3322/3322 3326/3326/3326 3321/3321/3321
f 3322/3322/3322 3323/3323/3323 3326/3326/3326
f 3327/3327/3327 3326/3326/3326 3323/3323/3323
f 3327/3327/3327 3323/3323/3323 3328/3328/3328
f 3324/3324/3324 3328/3328/3328 3323/3323/3323
f 3326/3326/3326 3329/3329/3329 3325/3325/3325
f 3326/3326/3326 3327/3327/3327 3329/3329/3329
f 3328/3328/3328 3330/3330/3330 3327/3327/3327
f 3332/3332/3332 3331/3331/3331 3333/3333/3333
f 3334/3334/3334 3333/3333/3333 3331/3331/3331
f 3334/3334/3334 3335/3335/3335 3333/3333/3333
f 3336/3336/3336 3333/3333/3333 3335/3335/3335
f 3336/3336/3336 3335/3335/3335 3337/3337/3337
f 3338/3338/3338 3337/3337/3337 3335/3335/3335
f 3338/3338/3338 3339/3339/3339 3337/3337/3337
f 3340/3340/3340 3337/3337/3337 3339/3339/3339
f 3341/3341/3341 3332/3332/3332 3342/3342/3342
f 3333/3333/3333 3342/3342/3342 3332/3332/3332
f 3333/3333/3333 3336/3336/3336 3342/3342/3342
f 3343/3343/3343 3342/3342/3342 3336/3336/3336
f 3343/3343/3343 3336/3336/3336 3344/3344/3344
f 3337/3337/3337 3344/3344/3344 3336/3336/3336
f 3337/3337/3337 3340/3340/3340 3344/3344/3344
f 3345/3345/3345 3344/3344/3344 3340/3340/3340
f 3346/3346/3346 3341/3341/3341 3347/3347/3347
f 3342/3342/3342 3347/3347/3347 3341/3341/3341
f 3342/3342/3342 3343/3343/3343 3347/3347/3347
f 3348/3348/3348 3347/3347/3347 3343/3343/3343
f 3348/3348/3348 3343/3343/3343 3349/3349/3349
f 3344/3344/3344 3349/3349/3349 3343/3343/3343
f 3344/3344/3344 3345/3345/3345 3349/3349/3349
f 3350/3350/3350 3349/3349/3349 3345/3345/3345
f 3351/3351/3351 3346/3346/3346 3352/3352/3352
f 3347/3347/3347 3352/3352/3352 3346/3346/3346
f 3347/3347/3347 3348/3348/3348 3352/3352/3352
f 3353/3353/3353 3352/3352/3352 3348/3348/3348
f 3353/3353/3353 3348/3348/3348 3354/3354/3354
f 3349/3349/3349 3354/3354/3354 3348/3348/3348
f 3349/3349/3349 3350/3350/3350 3354/3354/3354
f 3355/3355/3355 3354/3354/3354 3350/3350/3350
f 3352/3352/3352 3356/3356/3356 3351/3351/3351
f 3352/3352/3352 3353/3353/3353 3356/3356/3356
f 3354/3354/3354 3357/3357/3357 3353/3353/3353
f 3354/3354/3354 3355/3355/3355 3357/3357/3357
f 3359/3359/3359 3358/3358/3358 3360/3360/3360
f 3361/3361/3361 3360/3360/3360 3358/3358/3358
f 3361/3361/3361 3362/3362/3362 3360/3360/3360
f 3363/3363/3363 3360/3360/3360 3362/3362/3362
f 3363/3363/3363 3362/3362/3362 3364/3364/3364
f 3365/3365/3365 3364/3364/3364 3362/3362/3362
f 3366/3366/3366 3359/3359/3359 3367/3367/3367
f 3360/3360/3360 3367/3367/3367 3359/3359/3359
f 3360/3360/3360 3363/3363/3363 3367/3367/3367
f 3368/3368/3368 3367/3367/3367 3363/3363/3363
f 3368/3368/3368 3363/3363/3363 3369/3369/3369
f 3364/3364/3364 3369/3369/3369 3363/3363/3363
f 3370/3370/3370 3366/3366/3366 3371/3371/3371
f 3367/3367/3367 3371/3371/3371 3366/3366/3366
f 3367/3367/3367 3368/3368/3368 3371/3371/3371
f 3372/3372/3372 3371/3371/3371 3368/3368/3368
f 3372/3372/3372 3368/3368/3368 3373/3373/3373
f 3369/3369/3369 3373/3373/3373 3368/3368/3368
f 3371/3371/3371 3374/3374/3374 3370/3370/3370
f 3371/3371/3371 3372/3372/3372 3374/3374/3374
f 3373/3373/3373 3375/3375/3375 3372/3372/3372
f 3377/3377/3377 3376/3376/3376 3378/3378/3378
f 3379/3379/3379 3378/3378/3378 3376/3376/3376
f 3379/3379/3379 3380/3380/3380 3378/3378/3378
f 3381/3381/3381 3378/3378/3378 3380/3380/3380
f 3381/3381/3381 3380/3380/3380 3382/3382/3382
f 3383/3383/3383 3382/3382/3382 3380/3380/3380
f 3383/3383/3383 3384/3384/3384 3382/3382/3382
f 3385/3385/3385 3382/3382/3382 3384/3384/3384
f 3385/3385/3385 3384/3384/3384 3386/3386/3386
f 3387/3387/3387 3386/3386/3386 3384/3384/3384
f 3388/3388/3388 3377/3377/3377 3389/3389/3389
f 3378/3378/3378 3389/3389/3389 3377/3377/3377
f 3378/3378/3378 3381/3381/3381 3389/3389/3389
f 3390/3390/3390 3389/3389/3389 3381/3381/3381
f 3390/3390/3390 3381/3381/3381 3391/3391/3391
f 3382/3382/3382 3391/3391/3391 3381/3381/3381
f 3382/3382/3382 3385/3385/3385 3391/3391/3391
f 3392/3392/3392 3391/3391/3391 3385/3385/3385
f 3392/3392/3392 3385/3385/3385 3393/3393/3393
f 3386/3386/3386 3393/3393/3393 3385/3385/3385
f 3394/3394/3394 3388/3388/3388 3395/3395/3395
f 3389/3389/3389 3395/3395/3395 3388/3388/3388
f 3389/3389/3389 3390/3390/3390 3395/3395/3395
f 3396/3396/3396 3395/3395/3395 3390/3390/3390
f 3396/3396/3396 3390/3390/3390 3397/3397/3397
f 3391/3391/3391 3397/3397/3397 3390/3390/3390
f 3391/3391/3391 3392/3392/3392 3397/3397/3397
f 3398/3398/3398 3397/3397/3397 3392/3392/3392
f 3398/3398/3398 3392/3392/3392 3399/3399/3399
f 3393/3393/3393 3399/3399/3399 3392/3392/3392
f 3400/3400/3400 3394/3394/3394 3401/3401/3401
f 3395/3395/3395 3401/3401/3401 3394/3394/3394
f 3395/3395/3395 3396/3396/3396 3401/3401/3401
f 3402/3402/3402 3401/3401/3401 3396/3396/3396
f 3402/3402/3402 3396/3396/3396 3403/3403/3403
f 3397/3397/3397 3403/3403/3403 3396/3396/3396
f 3397/3397/3397 3398/3398/3398 3403/3403/3403
f 3404/3404/3404 3403/3403/3403 3398/3398/3398
f 3404/3404/3404 3398/3398/3398 3405/3405/3405
f 3399/3399/3399 3405/3405/3405 3398/3398/3398
f 3401/3401/3401 3406/3406/3406 3400/3400/3400
f 3401/3401/3401 3402/3402/3402 3406/3406/3406
f 3403/3403/3403 3407/3407/3407 3402/3402/3402
f 3403/3403/3403 3404/3404/3404 3407/3407/3407
f 3405/3405/3405 3408/3408/3408 3404/3404/3404
f 3410/3410/3410 3409/3409/3409 3411/3411/3411
f 3412/3412/3412 3411/3411/3411 3409/3409/3409
f 3412/3412/3412 3413/3413/3413 3411/3411/3411
f 3414/3414/3414 3411/3411/3411 3413/3413/3413
f 3414/3414/3414 3413/3413/3413 3415/3415/3415
f 3416/3416/3416 3415/3415/3415 3413/3413/3413
f 3417/3417/3417 3410/3410/3410 3418/3418/3418
f 3411/3411/3411 3418/3418/3418 3410/3410/3410
f 3411/3411/3411 3414/3414/3414 3418/3418/3418
f 3419/3419/3419 3418/3418/3418 3414/3414/3414
f 3419/3419/3419 3414/3414/3414 3420/3420/3420
f 3415/3415/3415 3420/3420/3420 3414/3414/3414
f 3421/3421/3421 3417/3417/3417 3422/3422/3422
f 3418/3418/3418 3422/3422/3422 3417/3417/3417
f 3418/3418/3418 3419/3419/3419 3422/3422/3422
f 3423/3423/3423 3422/3422/3422 3419/3419/3419
f 3423/3423/3423 3419/3419/3419 3424/3424/3424
f 3420/3420/3420 3424/3424/3424 3419/3419/3419
f 3422/3422/3422 3425/3425/3425 3421/3421/3421
f 3422/3422/3422 3423/3423/3423 3425/3425/3425
f 3424/3424/3424 3426/3426/3426 3423/3423/3423
f 3428/3428/3428 3427/3427/3427 3429/3429/3429
f 3430/3430/3430 3429/3429/3429 3427/3427/3427
f 3430/3430/3430 3431/3431/3431 3429/3429/3429
f 3432/3432/3432 3429/3429/3429 3431/3431/3431
f 3432/3432/3432 3431/3431/3431 3433/3433/3433
f 3434/3434/3434 3433/3433/3433 3431/3431/3431
f 3435/3435/3435 3428/3428/3428 3436/3436/3436
f 3429/3429/3429 3436/3436/3436 3428/3428/3428
f 3429/3429/3429 3432/3432/3432 3436/3436/3436
f 3437/3437/3437 3436/3436/3436 3432/3432/3432
f 3437/3437/3437 3432/3432/3432 3438/3438/3438
f 3433/3433/3433 3438/3438/3438 3432/3432/3432
f 3439/3439/3439 3435/3435/3435 3440/3440/3440
f 3436/3436/3436 3440/3440/3440 3435/3435/3435
f 3436/3436/3436 3437/3437/3437 3440/3440/3440
f 3441/3441/3441 3440/3440/3440 3437/3437/3437
f 3441/3441/3441 3437/3437/3437 3442/3442/3442
f 3438/3438/3438 3442/3442/3442 3437/3437/3437
f 3440/3440/3440 3443/3443/3443 3439/3439/3439
f 3440/3440/3440 3441/3441/3441 3443/3443/3443
f 3442/3442/3442 3444/3444/3444 3441/3441/3441
f 3446/3446/3446 3445/3445/3445 3447/3447/3447
f 3448/3448/3448 3447/3447/3447 3445/3445/3445
f 3448/3448/3448 3449/3449/3449 3447/3447/3447
f 3450/3450/3450 3447/3447/3447 3449/3449/3449
f 3450/3450/3450 3449/3449/3449 3451/3451/3451
f 3452/3452/3452 3451/3451/3451 3449/3449/3449
f 3453/3453/3453 3446/3446/3446 3454/3454/3454
f 3447/3447/3447 3454/3454/3454 3446/3446/3446
f 3447/3447/3447 3450/3450/3450 3454/3454/3454
f 3455/3455/3455 3454/3454/3454 3450/3450/3450
f 3455/3455/3455 3450/3450/3450 3456/3456/3456
f 3451/3451/3451 3456/3456/3456 3450/3450/3450
f 3457/3457/3457 3453/3453/3453 3458/3458/3458
f 3454/3454/3454 3458/3458/3458 3453/3453/3453
f 3454/3454/3454 3455/3455/3455 3458/3458/3458
f 3459/3459/3459 3458/3458/3458 3455/3455/3455
f 3459/3459/3459 3455/3455/3455 3460/3460/3460
f 3456/3456/3456 3460/3460/3460 3455/3455/3455
f 3458/3458/3458 3461/3461/3461 3457/3457/3457
f 3458/3458/3458 3459/3459/3459 3461/3461/3461
f 3460/3460/3460 3462/3462/3462 3459/3459/3459
f 3464/3464/3464 3463/3463/3463 3465/3465/3465
f 3466/3466/3466 3465/3465/3465 3463/3463/3463
f 3466/3466/3466 3467/3467/3467 3465/3465/3465
f 3468/3468/3468 3465/3465/3465 3467/3467/3467
f 3468/3468/3468 3467/3467/3467 3469/3469/3469
f 3470/3470/3470 3469/3469/3469 3467/3467/3467
f 3470/3470/3470 3471/3471/3471 3469/3469/3469
f 3472/3472/3472 3469/3469/3469 3471/3471/3471
f 3473/3473/3473 3464/3464/3464 3474/3474/3474
f 3465/3465/3465 3474/3474/3474 3464/3464/3464
f 3465/3465/3465 3468/3468/3468 3474/3474/3474
f 3475/3475/3475 3474/3474/3474 3468/3468/3468
f 3475/3475/3475 3468/3468/3468 3476/3476/3476
f 3469/3469/3469 3476/3476/3476 3468/3468/3468
f 3469/3469/3469 3472/3472/3472 3476/3476/3476
f 3477/3477/3477 3476/3476/3476 3472/3472/3472
f 3478/3478/3478 3473/3473/3473 3479/3479/3479
f 3474/3474/3474 3479/3479/3479 3473/3473/3473
f 3474/3474/3474 3475/3475/3475 3479/3479/3479
f 3480/3480/3480 3479/3479/3479 3475/3475/3475
f 3480/3480/3480 3475/3475/3475 3481/3481/3481
f 3476/3476/3476 3481/3481/3481 3475/3475/3475
f 3476/3476/3476 3477/3477/3477 3481/3481/3481
f 3482/3482/3482 3481/3481/3481 3477/3477/3477
f 3483/3483/3483 3478/3478/3478 3484/3484/3484
f 3479/3479/3479 3484/3484/3484 3478/3478/3478
f 3479/3479/3479 3480/3480/3480 3484/3484/3484
f 3485/3485/3485 3484/3484/3484 3480/3480/3480
f 3485/3485/3485 3480/3480/3480 3486/3486/3486
f 3481/3481/3481 3486/3486/3486 3480/3480/3480
f 3481/3481/3481 3482/3482/3482 3486/3486/3486
f 3487/3487/3487 3486/3486/3486 3482/3482/3482
f 3484/3484/3484 3488/3488/3488 3483/3483/3483
f 3484/3484/3484 3485/3485/3485 3488/3488/3488
f 3486/3486/3486 3489/3489/3489 3485/3485/3485
f 3486/3486/3486 3487/3487/3487 3489/3489/3489
f 3491/3491/3491 3490/3490/3490 3492/3492/3492
f 3493/3493/3493 3492/3492/3492 3490/3490/3490
f 3493/3493/3493 3494/3494/3494 3492/3492/3492
f 3495/3495/3495 3492/3492/3492 3494/3494/3494
f 3495/3495/3495 3494/3494/3494 3496/3496/3496
f 3497/3497/3497 3496/3496/3496 3494/3494/3494
f 3497/3497/3497 3498/3498/3498 3496/3496/3496
f 3499/3499/3499 3496/3496/3496 3498/3498/3498
f 3500/3500/3500 3491/3491/3491 3501/3501/3501
f 3492/3492/3492 3501/3501/3501 3491/3491/3491
f 3492/3492/3492 3495/3495/3495 3501/3501/3501
f 3502/3502/3502 3501/3501/3501 3495/3495/3495
f 3502/3502/3502 3495/3495/3495 3503/3503/3503
f 3496/3496/3496 3503/3503/3503 3495/3495/3495
f 3496/3496/3496 3499/3499/3499 3503/3503/3503
f 3504/3504/3504 3503/3503/3503 3499/3499/3499
f 3505/3505/3505 3500/3500/3500 3506/3506/3506
f 3501/3501/3501 3506/3506/3506 3500/3500/3500
f 3501/3501/3501 3502/3502/3502 3506/3506/3506
f 3507/3507/3507 3506/3506/3506 3502/3502/3502
f 3507/3507/3507 3502/3502/3502 3508/3508/3508
f 3503/3503/3503 3508/3508/3508 3502/3502/3502
f 3503/3503/3503 3504/3504/3504 3508/3508/3508
f 3509/3509/3509 3508/3508/3508 3504/3504/3504
f 3510/3510/3510 3505/3505/3505 3511/3511/3511
f 3506/3506/3506 3511/3511/3511 3505/3505/3505
f 3506/3506/3506 3507/3507/3507 3511/3511/3511
f 3512/3512/3512 3511/3511/3511 3507/3507/3507
f 3512/3512/3512 3507/3507/3507 3513/3513/3513
f 3508/3508/3508 3513/3513/3513 3507/3507/3507
f 3508/3508/3508 3509/3509/3509 3513/3513/3513
f 3514/3514/3514 3513/3513/3513 3509/3509/3509
f 3511/3511/3511 3515/3515/3515 3510/3510/3510
f 3511/3511/3511 3512/3512/3512 3515/3515/3515
f 3513/3513/3513 3516/3516/3516 3512/3512/3512
f 3513/3513/3513 3514/3514/3514 3516/3516/3516
f 3518/3518/3518 3517/3517/3517 3519/3519/3519
f 3520/3520/3520 3519/3519/3519 3517/3517/3517
f 3520/3520/3520 3521/3521/3521 3519/3519/3519
f 3522/3522/3522 3519/3519/3519 3521/3521/3521
f 3522/3522/3522 3521/3521/3521 3523/3523/3523
f 3524/3524/3524 3523/3523/3523 3521/3521/3521
f 3525/3525/3525 3518/3518/3518 3526/3526/3526
f 3519/3519/3519 3526/3526/3526 3518/3518/3518
f 3519/3519/3519 3522/3522/3522 3526/3526/3526
f 3527/3527/3527 3526/3526/3526 3522/3522/3522
f 3527/3527/3527 3522/3522/3522 3528/3528/3528
f 3523/3523/3523 3528/3528/3528 3522/3522/3522
f 3529/3529/3529 3525/3525/3525 3530/3530/3530
f 3526/3526/3526 3530/3530/3530 3525/3525/3525
f 3526/3526/3526 3527/3527/3527 3530/3530/3530
f 3531/3531/3531 3530/3530/3530 3527/3527/3527
f 3531/3531/3531 3527/3527/3527 3532/3532/3532
f 3528/3528/3528 3532/3532/3532 3527/3527/3527
f 3530/3530/3530 3533/3533/3533 3529/3529/3529
f 3530/3530/3530 3531/3531/3531 3533/3533/3533
f 3532/3532/3532 3534/3534/3534 3531/3531/3531
f 3536/3536/3536 3535/3535/3535 3537/3537/3537
f 3538/3538/3538 3537/3537/3537 3535/3535/3535
f 3538/3538/3538 3539/3539/3539 3537/3537/3537
f 3540/3540/3540 3537/3537/3537 3539/3539/3539
f 3540/3540/3540 3539/3539/3539 3541/3541/3541
f 3542/3542/3542 3541/3541/3541 3539/3539/3539
f 3543/3543/3543 3536/3536/3536 3544/3544/3544
f 3537/3537/3537 3544/3544/3544 3536/3536/3536
f 3537/3537/3537 3540/3540/3540 3544/3544/3544
f 3545/3545/3545 3544/3544/3544 3540/3540/3540
f 3545/3545/3545 3540/3540/3540 3546/3546/3546
f 3541/3541/3541 3546/3546/3546 3540/3540/3540
f 3547/3547/3547 3543/3543/3543 3548/3548/3548
f 3544/3544/3544 3548/3548/3548 3543/3543/3543
f 3544/3544/3544 3545/3545/3545 3548/3548/3548
f 3549/3549/3549 3548/3548/3548 3545/3545/3545
f 3549/3549/3549 3545/3545/3545 3550/3550/3550
f 3546/3546/3546 3550/3550/3550 3545/3545/3545
f 3548/3548/3548 3551/3551/3551 3547/3547/3547
f 3548/3548/3548 3549/3549/3549 3551/3551/3551
f 3550/3550/3550 3552/3552/3552 3549/3549/3549
f 3554/3554/3554 3553/3553/3553 3555/3555/3555
f 3556/3556/3556 3555/3555/3555 3553/3553/3553
f 3556/3556/3556 3557/3557/3557 3555/3555/3555
f 3558/3558/3558 3555/3555/3555 3557/3557/3557
f 3558/3558/3558 3557/3557/3557 3559/3559/3559
f 3560/3560/3560 3559/3559/3559 3557/3557/3557
f 3560/3560/3560 3561/3561/3561 3559/3559/3559
f 3562/3562/3562 3559/3559/3559 3561/3561/3561
f 3563/3563/3563 3554/3554/3554 3564/3564/3564
f 3555/3555/3555 3564/3564/3564 3554/3554/3554
f 3555/3555/3555 3558/3558/3558 3564/3564/3564
f 3565/3565/3565 3564/3564/3564 3558/3558/3558
f 3565/3565/3565 3558/3558/3558 3566/3566/3566
f 3559/3559/3559 3566/3566/3566 3558/3558/3558
f 3559/3559/3559 3562/3562/3562 3566/3566/3566
f 3567/3567/3567 3566/3566/3566 3562/3562/3562
f 3568/3568/3568 3563/3563/3563 3569/3569/3569
f 3564/3564/3564 3569/3569/3569 3563/3563/3563
f 3564/3564/3564 3565/3565/3565 3569/3569/3569
f 3570/3570/3570 3569/3569/3569 3565/3565/3565
f 3570/3570/3570 3565/3565/3565 3571/3571/3571
f 3566/3566/3566 3571/3571/3571 3565/3565/3565
f 3566/3566/3566 3567/3567/3567 3571/3571/3571
f 3572/3572/3572 3571/3571/3571 3567/3567/3567
f 3573/3573/3573 3568/3568/3568 3574/3574/3574
f 3569/3569/3569 3574/3574/3574 3568/3568/3568
f 3569/3569/3569 3570/3570/3570 3574/3574/3574
f 3575/3575/3575 3574/3574/3574 3570/3570/3570
f 3575/3575/3575 3570/3570/3570 3576/3576/3576
f 3571/3571/3571 3576/3576/3576 3570/3570/3570
f 3571/3571/3571 3572/3572/3572 3576/3576/3576
f 3577/3577/3577 3576/3576/3576 3572/3572/3572
f 3574/3574/3574 3578/3578/3578 3573/3573/3573
f 3574/3574/3574 3575/3575/3575 3578/3578/3578
f 3576/3576/3576 3579/3579/3579 3575/3575/3575
f 3576/3576/3576 3577/3577/3577 3579/3579/3579
f 3581/3581/3581 3580/3580/3580 3582/3582/3582
f 3583/3583/3583 3582/3582/3582 3580/3580/3580
f 3583/3583/3583 3584/3584/3584 3582/3582/3582
f 3585/3585/3585 3582/3582/3582 3584/3584/3584
f 3585/3585/3585 3584/3584/3584 3586/3586/3586
f 3587/3587/3587 3586/3586/3586 3584/3584/3584
f 3587/3587/3587 3588/3588/3588 3586/3586/3586
f 3589/3589/3589 3586/3586/3586 3588/3588/3588
f 3590/3590/3590 3581/3581/3581 3591/3591/3591
f 3582/3582/3582 3591/3591/3591 3581/3581/3581
f 3582/3582/3582 3585/3585/3585 3591/3591/3591
f 3592/3592/3592 3591/3591/3591 3585/3585/3585
f 3592/3592/3592 3585/3585/3585 3593/3593/3593
f 3586/3586/3586 3593/3593/3593 3585/3585/3585
f 3586/3586/3586 3589/3589/3589 3593/3593/3593
f 3594/3594/3594 3593/3593/3593 3589/3589/3589
f 3595/3595/3595 3590/3590/3590 3596/3596/3596
f 3591/3591/3591 3596/3596/3596 3590/3590/3590
f 3591/3591/3591 3592/3592/3592 3596/3596/3596
f 3597/3597/3597 3596/3596/3596 3592/3592/3592
f 3597/3597/3597 3592/3592/3592 3598/3598/3598
f 3593/3593/3593 3598/3598/3598 3592/3592/3592
f 3593/3593/3593 3594/3594/3594 3598/3598/3598
f 3599/3599/3599 3598/3598/3598 3594/3594/3594
f 3600/3600/3600 3595/3595/3595 3601/3601/3601
f 3596/3596/3596 3601/3601/3601 3595/3595/3595
f 3596/3596/3596 3597/3597/3597 3601/3601/3601
f 3602/3602/3602 3601/3601/3601 3597/3597/3597
f 3602/3602/3602 3597/3597/3597 3603/3603/3603
f 3598/3598/3598 3603/3603/3603 3597/3597/3597
f 3598/3598/3598 3599/3599/3599 3603/3603/3603
f 3604/3604/3604 3603/3603/3603 3599/3599/3599
f 3601/3601/3601 3605/3605/3605 3600/3600/3600
f 3601/3601/3601 3602/3602/3602 3605/3605/3605
f 3603/3603/3603 3606/3606/3606 3602/3602/3602
f 3603/3603/3603 3604/3604/3604 3606/3606/3606
f 3608/3608/3608 3607/3607/3607 3609/3609/3609
f 3610/3610/3610 3609/3609/3609 3607/3607/3607
f 3610/3610/3610 3611/3611/3611 3609/3609/3609
f 3612/3612/3612 3609/3609/3609 3611/3611/3611
f 3612/3612/3612 3611/3611/3611 3613/3613/3613
f 3614/3614/3614 3613/3613/3613 3611/3611/3611
f 3615/3615/3615 3608/3608/3608 3616/3616/3616
f 3609/3609/3609 3616/3616/3616 3608/3608/3608
f 3609/3609/3609 3612/3612/3612 3616/3616/3616
f 3617/3617/3617 3616/3616/3616 3612/3612/3612
f 3617/3617/3617 3612/3612/3612 3618/3618/3618
f 3613/3613/3613 3618/3618/3618 3612/3612/3612
f 3619/3619/3619 3615/3615/3615 3620/3620/3620
f 3616/3616/3616 3620/3620/3620 3615/3615/3615
f 3616/3616/3616 3617/3617/3617 3620/3620/3620
f 3621/3621/3621 3620/3620/3620 3617/3617/3617
f 3621/3621/3621 3617/3617/3617 3622/3622/3622
f 3618/3618/3618 3622/3622/3622 3617/3617/3617
f 3620/3620/3620 3623/3623/3623 3619/3619/3619
f 3620/3620/3620 3621/3621/3621 3623/3623/3623
f 3622/3622/3622 3624/3624/3624 3621/3621/3621
f 3626/3626/3626 3625/3625/3625 3627/3627/3627
f 3628/3628/3628 3627/3627/3627 3625/3625/3625
f 3628/3628/3628 3629/3629/3629 3627/3627/3627
f 3630/3630/3630 3627/3627/3627 3629/3629/3629
f 3630/3630/3630 3629/3629/3629 3631/3631/3631
f 3632/3632/3632 3631/3631/3631 3629/3629/3629
f 3633/3633/3633 3626/3626/3626 3634/3634/3634
f 3627/3627/3627 3634/3634/3634 3626/3626/3626
f 3627/3627/3627 3630/3630/3630 3634/3634/3634
f 3635/3635/3635 3634/3634/3634 3630/3630/3630
f 3635/3635/3635 3630/3630/3630 3636/3636/3636
f 3631/3631/3631 3636/3636/3636 3630/3630/3630
f 3637/3637/3637 3633/3633/3633 3638/3638/3638
f 3634/3634/3634 3638/3638/3638 3633/3633/3633
f 3634/3634/3634 3635/3635/3635 3638/3638/3638
f 3639/3639/3639 3638/3638/3638 3635/3635/3635
f 3639/3639/3639 3635/3635/3635 3640/3640/3640
f 3636/3636/3636 3640/3640/3640 3635/3635/3635
f 3638/3638/3638 3641/3641/3641 3637/3637/3637
f 3638/3638/3638 3639/3639/3639 3641/3641/3641
f 3640/3640/3640 3642/3642/3642 3639/3639/3639
f 3644/3644/3644 3643/3643/3643 3645/3645/3645
f 3646/3646/3646 3645/3645/3645 3643/3643/3643
f 3646/3646/3646 3647/3647/3647 3645/3645/3645
f 3648/3648/3648 3645/3645/3645 3647/3647/3647
f 3648/3648/3648 3647/3647/3647 3649/3649/3649
f 3650/3650/3650 3649/3649/3649 3647/3647/3647
f 3650/3650/3650 3651/3651/3651 3649/3649/3649
f 3652/3652/3652 3649/3649/3649 3651/3651/3651
f 3653/3653/3653 3644/3644/3644 3654/3654/3654
f 3645/3645/3645 3654/3654/3654 3644/3644/3644
f 3645/3645/3645 3648/3648/3648 3654/3654/3654
f 3655/3655/3655 3654/3654/3654 3648/3648/3648
f 3655/3655/3655 3648/3648/3648 3656/3656/3656
f 3649/3649/3649 3656/3656/3656 3648/3648/3648
f 3649/3649/3649 3652/3652/3652 3656/3656/3656
f 3657/3657/3657 3656/3656/3656 3652/3652/3652
f 3658/3658/3658 3653/3653/3653 3659/3659/3659
f 3654/3654/3654 3659/3659/3659 3653/3653/3653
f 3654/3654/3654 3655/3655/3655 3659/3659/3659
f 3660/3660/3660 3659/3659/3659 3655/3655/3655
f 3660/3660/3660 3655/3655/3655 3661/3661/3661
f 3656/3656/3656 3661/3661/3661 3655/3655/3655
f 3656/3656/3656 3657/3657/3657 3661/3661/3661
f 3662/3662/3662 3661/3661/3661 3657/3657/3657
f 3663/3663/3663 3658/3658/3658 3664/3664/3664
f 3659/3659/3659 3664/3664/3664 3658/3658/3658
f 3659/3659/3659 3660/3660/3660 3664/3664/3664
f 3665/3665/3665 3664/3664/3664 3660/3660/3660
f 3665/3665/3665 3660/3660/3660 3666/3666/3666
f 3661/3661/3661 3666/3666/3666 3660/3660/3660
f 3661/3661/3661 3662/3662/3662 3666/3666/3666
f 3667/3667/3667 3666/3666/3666 3662/3662/3662
f 3664/3664/3664 3668/3668/3668 3663/3663/3663
f 3664/3664/3664 3665/3665/3665 3668/3668/3668
f 3666/3666/3666 3669/3669/3669 3665/3665/3665
f 3666/3666/3666 3667/3667/3667 3669/3669/3669
f 3671/3671/3671 3670/3670/3670 3672/3672/3672
f 3673/3673/3673 3672/3672/3672 3670/3670/3670
f 3673/3673/3673 3674/3674/3674 3672/3672/3672
f 3675/3675/3675 3672/3672/3672 3674/3674/3674
f 3675/3675/3675 3674/3674/3674 3676/3676/3676
f 3677/3677/3677 3676/3676/3676 3674/3674/3674
f 3677/3677/3677 3678/3678/3678 3676/3676/3676
f 3679/3679/3679 3676/3676/3676 3678/3678/3678
f 3680/3680/3680 3671/3671/3671 3681/3681/3681
f 3672/3672/3672 3681/3681/3681 3671/3671/3671
f 3672/3672/3672 3675/3675/3675 3681/3681/3681
f 3682/3682/3682 3681/3681/3681 3675/3675/3675
f 3682/3682/3682 3675/3675/3675 3683/3683/3683
f 3676/3676/3676 3683/3683/3683 3675/3675/3675
f 3676/3676/3676 3679/3679/3679 3683/3683/3683
f 3684/3684/3684 3683/3683/3683 3679/3679/3679
f 3685/3685/3685 3680/3680/3680 3686/3686/3686
f 3681/3681/3681 3686/3686/3686 3680/3680/3680
f 3681/3681/3681 3682/3682/3682 3686/3686/3686
f 3687/3687/3687 3686/3686/3686 3682/3682/3682
f 3687/3687/3687 3682/3682/3682 3688/3688/3688
f 3683/3683/3683 3688/3688/3688 3682/3682/3682
f 3683/3683/3683 3684/3684/3684 3688/3688/3688
f 3689/3689/3689 3688/3688/3688 3684/3684/3684
f 3690/3690/3690 3685/3685/3685 3691/3691/3691
f 3686/3686/3686 3691/3691/3691 3685/3685/3685
f 3686/3686/3686 3687/3687/3687 3691/3691/3691
f 3692/3692/3692 3691/3691/3691 3687/3687/3687
f 3692/3692/3692 3687/3687/3687 3693/3693/3693
f 3688/3688/3688 3693/3693/3693 3687/3687/3687
f 3688/3688/3688 3689/3689/3689 3693/3693/3693
f 3694/3694/3694 3693/3693/3693 3689/3689/3689
f 3691/3691/3691 3695/3695/3695 3690/3690/3690
f 3691/3691/3691 3692/3692/3692 3695/3695/3695
f 3693/3693/3693 3696/3696/3696 3692/3692/3692
f 3693/3693/3693 3694/3694/3694 3696/3696/3696
f 3698/3698/3698 3697/3697/3697 3699/3699/3699
f 3700/3700/3700 3699/3699/3699 3697/3697/3697
f 3700/3700/3700 3701/3701/3701 3699/3699/3699
f 3702/3702/3702 3699/3699/3699 3701/3701/3701
f 3702/3702/3702 3701/3701/3701 3703/3703/3703
f 3704/3704/3704 3703/3703/3703 3701/3701/3701
f 3704/3704/3704 3705/3705/3705 3703/3703/3703
f 3706/3706/3706 3703/3703/3703 3705/3705/3705
f 3707/3707/3707 3698/3698/3698 3708/3708/3708
f 3699/3699/3699 3708/3708/3708 3698/3698/3698
f 3699/3699/3699 3702/3702/3702 3708/3708/3708
f 3709/3709/3709 3708/3708/3708 3702/3702/3702
f 3709/3709/3709 3702/3702/3702 3710/3710/3710
f 3703/3703/3703 3710/3710/3710 3702/3702/3702
f 3703/3703/3703 3706/3706/3706 3710/3710/3710
f 3711/3711/3711 3710/3710/3710 3706/3706/3706
f 3712/3712/3712 3707/3707/3707 3713/3713/3713
f 3708/3708/3708 3713/3713/3713 3707/3707/3707
f 3708/3708/3708 3709/3709/3709 3713/3713/3713
f 3714/3714/3714 3713/3713/3713 3709/3709/3709
f 3714/3714/3714 3709/3709/3709 3715/3715/3715
f 3710/3710/3710 3715/3715/3715 3709/3709/3709
f 3710/3710/3710 3711/3711/3711 3715/3715/3715
f 3716/3716/3716 3715/3715/3715 3711/3711/3711
f 3717/3717/3717 3712/3712/3712 3718/3718/3718
f 3713/3713/3713 3718/3718/3718 3712/3712/3712
f 3713/3713/3713 3714/3714/3714 3718/3718/3718
f 3719/3719/3719 3718/3718/3718 3714/3714/3714
f 3719/3719/3719 3714/3714/3714 3720/3720/3720
f 3715/3715/3715 3720/3720/3720 3714/3714/3714
f 3715/3715/3715 3716/3716/3716 3720/3720/3720
f 3721/3721/3721 3720/3720/3720 3716/3716/3716
f 3718/3718/3718 3722/3722/3722 3717/3717/3717
f 3718/3718/3718 3719/3719/3719 3722/3722/3722
f 3720/3720/3720 3723/3723/3723 3719/3719/3719
f 3720/3720/3720 3721/3721/3721 3723/3723/3723
f 3725/3725/3725 3724/3724/3724 3726/3726/3726
f 3727/3727/3727 3726/3726/3726 3724/3724/3724
f 3727/3727/3727 3728/3728/3728 3726/3726/3726
f 3729/3729/3729 3726/3726/3726 3728/3728/3728
f 3729/3729/3729 3728/3728/3728 3730/3730/3730
f 3731/3731/3731 3730/3730/3730 3728/3728/3728
f 3731/3731/3731 3732/3732/3732 3730/3730/3730
f 3733/3733/3733 3730/3730/3730 3732/3732/3732
f 3734/3734/3734 3725/3725/3725 3735/3735/3735
f 3726/3726/3726 3735/3735/3735 3725/3725/3725
f 3726/3726/3726 3729/3729/3729 3735/3735/3735
f 3736/3736/3736 3735/3735/3735 3729/3729/3729
f 3736/3736/3736 3729/3729/3729 3737/3737/3737
f 3730/3730/3730 3737/3737/3737 3729/3729/3729
f 3730/3730/3730 3733/3733/3733 3737/3737/3737
f 3738/3738/3738 3737/3737/3737 3733/3733/3733
f 3739/3739/3739 3734/3734/3734 3740/3740/3740
f 3735/3735/3735 3740/3740/3740 3734/3734/3734
f 3735/3735/3735 3736/3736/3736 3740/3740/3740
f 3741/3741/3741 3740/3740/3740 3736/3736/3736
f 3741/3741/3741 3736/3736/3736 3742/3742/3742
f 3737/3737/3737 3742/3742/3742 3736/3736/3736
f 3737/3737/3737 3738/3738/3738 3742/3742/3742
f 3743/3743/3743 3742/3742/3742 3738/3738/3738
f 3744/3744/3744 3739/3739/3739 3745/3745/3745
f 3740/3740/3740 3745/3745/3745 3739/3739/3739
f 3740/3740/3740 3741/3741/3741 3745/3745/3745
f 3746/3746/3746 3745/3745/3745 3741/3741/3741
f 3746/3746/3746 3741/3741/3741 3747/3747/3747
f 3742/3742/3742 3747/3747/3747 3741/3741/3741
f 3742/3742/3742 3743/3743/3743 3747/3747/3747
f 3748/3748/3748 3747/3747/3747 3743/3743/3743
f 3745/3745/3745 3749/3749/3749 3744/3744/3744
f 3745/3745/3745 3746/3746/3746 3749/3749/3749
f 3747/3747/3747 3750/3750/3750 3746/3746/3746
f 3747/3747/3747 3748/3748/3748 3750/3750/3750
f 3752/3752/3752 3751/3751/3751 3753/3753/3753
f 3754/3754/3754 3753/3753/3753 3751/3751/3751
f 3754/3754/3754 3755/3755/3755 3753/3753/3753
f 3756/3756/3756 3753/3753/3753 3755/3755/3755
f 3756/3756/3756 3755/3755/3755 3757/3757/3757
f 3758/3758/3758 3757/3757/3757 3755/3755/3755
f 3759/3759/3759 3752/3752/3752 3760/3760/3760
f 3753/3753/3753 3760/3760/3760 3752/3752/3752
f 3753/3753/3753 3756/3756/3756 3760/3760/3760
f 3761/3761/3761 3760/3760/3760 3756/3756/3756
f 3761/3761/3761 3756/3756/3756 3762/3762/3762
f 3757/3757/3757 3762/3762/3762 3756/3756/3756
f 3763/3763/3763 3759/3759/3759 3764/3764/3764
f 3760/3760/3760 3764/3764/3764 3759/3759/3759
f 3760/3760/3760 3761/3761/3761 3764/3764/3764
f 3765/3765/3765 3764/3764/3764 3761/3761/3761
f 3765/3765/3765 3761/3761/3761 3766/3766/3766
f 3762/3762/3762 3766/3766/3766 3761/3761/3761
f 3764/3764/3764 3767/3767/3767 3763/3763/3763
f 3764/3764/3764 3765/3765/3765 3767/3767/3767
f 3766/3766/3766 3768/3768/3768 3765/3765/3765
f 3770/3770/3770 3769/3769/3769 3771/3771/3771
f 3772/3772/3772 3771/3771/3771 3769/3769/3769
f 3772/3772/3772 3773/3773/3773 3771/3771/3771
f 3774/3774/3774 3771/3771/3771 3773/3773/3773
f 3774/3774/3774 3773/3773/3773 3775/3775/3775
f 3776/3776/3776 3775/3775/3775 3773/3773/3773
f 3777/3777/3777 3770/3770/3770 3778/3778/3778
f 3771/3771/3771 3778/3778/3778 3770/3770/3770
f 3771/3771/3771 3774/3774/3774 3778/3778/3778
f 3779/3779/3779 3778/3778/3778 3774/3774/3774
f 3779/3779/3779 3774/3774/3774 3780/3780/3780
f 3775/3775/3775 3780/3780/3780 3774/3774/3774
f 3781/3781/3781 3777/3777/3777 3782/3782/3782
f 3778/3778/3778 3782/3782/3782 3777/3777/3777
f 3778/3778/3778 3779/3779/3779 3782/3782/3782
f 3783/3783/3783 3782/3782/3782 3779/3779/3779
f 3783/3783/3783 3779/3779/3779 3784/3784/3784
f 3780/3780/3780 3784/3784/3784 3779/3779/3779
f 3782/3782/3782 3785/3785/3785 3781/3781/3781
f 3782/3782/3782 3783/3783/3783 3785/3785/3785
f 3784/3784/3784 3786/3786/3786 3783/3783/3783
f 3788/3788/3788 3787/3787/3787 3789/3789/3789
f 3790/3790/3790 3789/3789/3789 3787/3787/3787
f 3790/3790/3790 3791/3791/3791 3789/3789/3789
f 3792/3792/3792 3789/3789/3789 3791/3791/3791
f 3792/3792/3792 3791/3791/3791 3793/3793/3793
f 3794/3794/3794 3793/3793/3793 3791/3791/3791
f 3794/3794/3794 3795/3795/3795 3793/3793/3793
f 3796/3796/3796 3793/3793/3793 3795/3795/3795
f 3797/3797/3797 3788/3788/3788 3798/3798/3798
f 3789/3789/3789 3798/3798/3798 3788/3788/3788
f 3789/3789/3789 3792/3792/3792 3798/3798/3798
f 3799/3799/3799 3798/3798/3798 3792/3792/3792
f 3799/3799/3799 3792/3792/3792 3800/3800/3800
f 3793/3793/3793 3800/3800/3800 3792/3792/3792
f 3793/3793/3793 3796/3796/3796 3800/3800/3800
f 3801/3801/3801 3800/3800/3800 3796/3796/3796
f 3802/3802/3802 3797/3797/3797 3803/3803/3803
f 3798/3798/3798 3803/3803/3803 3797/3797/3797
f 3798/3798/3798 3799/3799/3799 3803/3803/3803
f 3804/3804/3804 3803/3803/3803 3799/3799/3799
f 3804/3804/3804 3799/3799/3799 3805/3805/3805
f 3800/3800/3800 3805/3805/3805 3799/3799/3799
f 3800/3800/3800 3801/3801/3801 3805/3805/3805
f 3806/3806/3806 3805/3805/3805 3801/3801/3801
f 3807/3807/3807 3802/3802/3802 3808/3808/3808
f 3803/3803/3803 3808/3808/3808 3802/3802/3802
f 3803/3803/3803 3804/3804/3804 3808/3808/3808
f 3809/3809/3809 3808/3808/3808 3804/3804/3804
f 3809/3809/3809 3804/3804/3804 3810/3810/3810
f 3805/3805/3805 3810/3810/3810 3804/3804/3804
f 3805/3805/3805 3806/3806/3806 3810/3810/3810
f 3811/3811/3811 3810/3810/3810 3806/3806/3806
f 3808/3808/3808 3812/3812/3812 3807/3807/3807
f 3808/3808/3808 3809/3809/3809 3812/3812/3812
f 3810/3810/3810 3813/3813/3813 3809/3809/3809
f 3810/3810/3810 3811/3811/3811 3813/3813/3813
f 3815/3815/3815 3814/3814/3814 3816/3816/3816
f 3817/3817/3817 3816/3816/3816 3814/3814/3814
f 3817/3817/3817 3818/3818/3818 3816/3816/3816
f 3819/3819/3819 3816/3816/3816 3818/3818/3818
f 3819/3819/3819 3818/3818/3818 3820/3820/3820
f 3821/3821/3821 3820/3820/3820 3818/3818/3818
f 3822/3822/3822 3815/3815/3815 3823/3823/3823
f 3816/3816/3816 3823/3823/3823 3815/3815/3815
f 3816/3816/3816 3819/3819/3819 3823/3823/3823
f 3824/3824/3824 3823/3823/3823 3819/3819/3819
f 3824/3824/3824 3819/3819/3819 3825/3825/3825
f 3820/3820/3820 3825/3825/3825 3819/3819/3819
f 3826/3826/3826 3822/3822/3822 3827/3827/3827
f 3823/3823/3823 3827/3827/3827 3822/3822/3822
f 3823/3823/3823 3824/3824/3824 3827/3827/3827
f 3828/3828/3828 3827/3827/3827 3824/3824/3824
f 3828/3828/3828 3824/3824/3824 3829/3829/3829
f 3825/3825/3825 3829/3829/3829 3824/3824/3824
f 3827/3827/3827 3830/3830/3830 3826/3826/3826
f 3827/3827/3827 3828/3828/3828 3830/3830/3830
f 3829/3829/3829 3831/3831/3831 3828/3828/3828
f 3833/3833/3833 3832/3832/3832 3834/3834/3834
f 3835/3835/3835 3834/3834/3834 3832/3832/3832
f 3835/3835/3835 3836/3836/3836 3834/3834/3834
f 3837/3837/3837 3834/3834/3834 3836/3836/3836
f 3837/3837/3837 3836/3836/3836 3838/3838/3838
f 3839/3839/3839 3838/3838/3838 3836/3836/3836
f 3840/3840/3840 3833/3833/3833 3841/3841/3841
f 3834/3834/3834 3841/3841/3841 3833/3833/3833
f 3834/3834/3834 3837/3837/3837 3841/3841/3841
f 3842/3842/3842 3841/3841/3841 3837/3837/3837
f 3842/3842/3842 3837/3837/3837 3843/3843/3843
f 3838/3838/3838 3843/3843/3843 3837/3837/3837
f 3844/3844/3844 3840/3840/3840 3845/3845/3845
f 3841/3841/3841 3845/3845/3845 3840/3840/3840
f 3841/3841/3841 3842/3842/3842 3845/3845/3845
f 3846/3846/3846 3845/3845/3845 3842/3842/3842
f 3846/3846/3846 3842/3842/3842 3847/3847/3847
f 3843/3843/3843 3847/3847/3847 3842/3842/3842
f 3845/3845/3845 3848/3848/3848 3844/3844/3844
f 3845/3845/3845 3846/3846/3846 3848/3848/3848
f 3847/3847/3847 3849/3849/3849 3846/3846/3846
f 3851/3851/3851 3850/3850/3850 3852/3852/3852
f 3853/3853/3853 3852/3852/3852 3850/3850/3850
f 3853/3853/3853 3854/3854/3854 3852/3852/3852
f 3855/3855/3855 3852/3852/3852 3854/3854/3854
f 3855/3855/3855 3854/3854/3854 3856/3856/3856
f 3857/3857/3857 3856/3856/3856 3854/3854/3854
f 3858/3858/3858 3851/3851/3851 3859/3859/3859
f 3852/3852/3852 3859/3859/3859 3851/3851/3851
f 3852/3852/3852 3855/3855/3855 3859/3859/3859
f 3860/3860/3860 3859/3859/3859 3855/3855/3855
f 3860/3860/3860 3855/3855/3855 3861/3861/3861
f 3856/3856/3856 3861/3861/3861 3855/3855/3855
f 3862/3862/3862 3858/3858/3858 3863/3863/3863
f 3859/3859/3859 3863/3863/3863 3858/3858/3858
f 3859/3859/3859 3860/3860/3860 3863/3863/3863
f 3864/3864/3864 3863/3863/3863 3860/3860/3860
f 3864/3864/3864 3860/3860/3860 3865/3865/3865
f 3861/3861/3861 3865/3865/3865 3860/3860/3860
f 3863/3863/3863 3866/3866/3866 3862/3862/3862
f 3863/3863/3863 3864/3864/3864 3866/3866/3866
f 3865/3865/3865 3867/3867/3867 3864/3864/3864
f 3869/3869/3869 3868/3868/3868 3870/3870/3870
f 3871/3871/3871 3870/3870/3870 3868/3868/3868
f 3871/3871/3871 3872/3872/3872 3870/3870/3870
f 3873/3873/3873 3870/3870/3870 3872/3872/3872
f 3873/3873/3873 3872/3872/3872 3874/3874/3874
f 3875/3875/3875 3874/3874/3874 3872/3872/3872
f 3875/3875/3875 3876/3876/3876 3874/3874/3874
f 3877/3877/3877 3874/3874/3874 3876/3876/3876
f 3878/3878/3878 3869/3869/3869 3879/3879/3879
f 3870/3870/3870 3879/3879/3879 3869/3869/3869
f 3870/3870/3870 3873/3873/3873 3879/3879/3879
f 3880/3880/3880 3879/3879/3879 3873/3873/3873
f 3880/3880/3880 3873/3873/3873 3881/3881/3881
f 3874/3874/3874 3881/3881/3881 3873/3873/3873
f 3874/3874/3874 3877/3877/3877 3881/3881/3881
f 3882/3882/3882 3881/3881/3881 3877/3877/3877
f 3883/3883/3883 3878/3878/3878 3884/3884/3884
f 3879/3879/3879 3884/3884/3884 3878/3878/3878
f 3879/3879/3879 3880/3880/3880 3884/3884/3884
f 3885/3885/3885 3884/3884/3884 3880/3880/3880
f 3885/3885/3885 3880/3880/3880 3886/3886/3886
f 3881/3881/3881 3886/3886/3886 3880/3880/3880
f 3881/3881/3881 3882/3882/3882 3886/3886/3886
f 3887/3887/3887 3886/3886/3886 3882/3882/3882
f 3888/3888/3888 3883/3883/3883 3889/3889/3889
f 3884/3884/3884 3889/3889/3889 3883/3883/3883
f 3884/3884/3884 3885/3885/3885 3889/3889/3889
f 3890/3890/3890 3889/3889/3889 3885/3885/3885
f 3890/3890/3890 3885/3885/3885 3891/3891/3891
f 3886/3886/3886 3891/3891/3891 3885/3885/3885
f 3886/3886/3886 3887/3887/3887 3891/3891/3891
f 3892/3892/3892 3891/3891/3891 3887/3887/3887
f 3889/3889/3889 3893/3893/3893 3888/3888/3888
f 3889/3889/3889 3890/3890/3890 3893/3893/3893
f 3891/3891/3891 3894/3894/3894 3890/3890/3890
f 3891/3891/3891 3892/3892/3892 3894/3894/3894
f 3896/3896/3896 3895/3895/3895 3897/3897/3897
f 3898/3898/3898 3897/3897/3897 3895/3895/3895
f 3898/3898/3898 3899/3899/3899 3897/3897/3897
f 3900/3900/3900 3897/3897/3897 3899/3899/3899
f 3900/3900/3900 3899/3899/3899 3901/3901/3901
f 3902/3902/3902 3901/3901/3901 3899/3899/3899
f 3903/3903/3903 3896/3896/3896 3904/3904/3904
f 3897/3897/3897 3904/3904/3904 3896/3896/3896
f 3897/3897/3897 3900/3900/3900 3904/3904/3904
f 3905/3905/3905 3904/3904/3904 3900/3900/3900
f 3905/3905/3905 3900/3900/3900 3906/3906/3906
f 3901/3901/3901 3906/3906/3906 3900/3900/3900
f 3907/3907/3907 3903/3903/3903 3908/3908/3908
f 3904/3904/3904 3908/3908/3908 3903/3903/3903
f 3904/3904/3904 3905/3905/3905 3908/3908/3908
f 3909/3909/3909 3908/3908/3908 3905/3905/3905
f 3909/3909/3909 3905/3905/3905 3910/3910/3910
f 3906/3906/3906 3910/3910/3910 3905/3905/3905
f 3908/3908/3908 3911/3911/3911 3907/3907/3907
f 3908/3908/3908 3909/3909/3909 3911/3911/3911
f 3910/3910/3910 3912/3912/3912 3909/3909/3909
f 3914/3914/3914 3913/3913/3913 3915/3915/3915
f 3916/3916/3916 3915/3915/3915 3913/3913/3913
f 3916/3916/3916 3917/3917/3917 3915/3915/3915
f 3918/3918/3918 3915/3915/3915 3917/3917/3917
f 3918/3918/3918 3917/3917/3917 3919/3919/3919
f 3920/3920/3920 3919/3919/3919 3917/3917/3917
f 3920/3920/3920 3921/3921/3921 3919/3919/3919
f 3922/3922/3922 3919/3919/3919 3921/3921/3921
f 3923/3923/3923 3914/3914/3914 3924/3924/3924
f 3915/3915/3915 3924/3924/3924 3914/3914/3914
f 3915/3915/3915 3918/3918/3918 3924/3924/3924
f 3925/3925/3925 3924/3924/3924 3918/3918/3918
f 3925/3925/3925 3918/3918/3918 3926/3926/3926
f 3919/3919/3919 3926/3926/3926 3918/3918/3918
f 3919/3919/3919 3922/3922/3922 3926/3926/3926
f 3927/3927/3927 3926/3926/3926 3922/3922/3922
f 3928/3928/3928 3923/3923/3923 3929/3929/3929
f 3924/3924/3924 3929/3929/3929 3923/3923/3923
f 3924/3924/3924 3925/3925/3925 3929/3929/3929
f 3930/3930/3930 3929/3929/3929 3925/3925/3925
f 3930/3930/3930 3925/3925/3925 3931/3931/3931
f 3926/3926/3926 3931/3931/3931 3925/3925/3925
f 3926/3926/3926 3927/3927/3927 3931/3931/3931
f 3932/3932/3932 3931/3931/3931 3927/3927/3927
f 3933/3933/3933 3928/3928/3928 3934/3934/3934
f 3929/3929/3929 3934/3934/3934 3928/3928/3928
f 3929/3929/3929 3930/3930/3930 3934/3934/3934
f 3935/3935/3935 3934/3934/3934 3930/3930/3930
f 3935/3935/3935 3930/3930/3930 3936/3936/3936
f 3931/3931/3931 3936/3936/3936 3930/3930/3930
f 3931/3931/3931 3932/3932/3932 3936/3936/3936
f 3937/3937/3937 3936/3936/3936 3932/3932/3932
f 3934/3934/3934 3938/3938/3938 3933/3933/3933
f 3934/3934/3934 3935/3935/3935 3938/3938/3938
f 3936/3936/3936 3939/3939/3939 3935/3935/3935
f 3936/3936/3936 3937/3937/3937 3939/3939/3939
f 3941/3941/3941 3940/3940/3940 3942/3942/3942
f 3943/3943/3943 3942/3942/3942 3940/3940/3940
f 3943/3943/3943 3944/3944/3944 3942/3942/3942
f 3945/3945/3945 3942/3942/3942 3944/3944/3944
f 3945/3945/3945 3944/3944/3944 3946/3946/3946
f 3947/3947/3947 3946/3946/3946 3944/3944/3944
f 3948/3948/3948 3941/3941/3941 3949/3949/3949
f 3942/3942/3942 3949/3949/3949 3941/3941/3941
f 3942/3942/3942 3945/3945/3945 3949/3949/3949
f 3950/3950/3950 3949/3949/3949 3945/3945/3945
f 3950/3950/3950 3945/3945/3945 3951/3951/3951
f 3946/3946/3946 3951/3951/3951 3945/3945/3945
f 3952/3952/3952 3948/3948/3948 3953/3953/3953
f 3949/3949/3949 3953/3953/3953 3948/3948/3948
f 3949/3949/3949 3950/3950/3950 3953/3953/3953
f 3954/3954/3954 3953/3953/3953 3950/3950/3950
f 3954/3954/3954 3950/3950/3950 3955/3955/3955
f 3951/3951/3951 3955/3955/3955 3950/3950/3950
f 3953/3953/3953 3956/3956/3956 3952/3952/3952
f 3953/3953/3953 3954/3954/3954 3956/3956/3956
f 3955/3955/3955 3957/3957/3957 3954/3954/3954
f 3959/3959/3959 3958/3958/3958 3960/3960/3960
f 3961/3961/3961 3960/3960/3960 3958/3958/3958
f 3961/3961/3961 3962/3962/3962 3960/3960/3960
f 3963/3963/3963 3960/3960/3960 3962/3962/3962
f 3963/3963/3963 3962/3962/3962 3964/3964/3964
f 3965/3965/3965 3964/3964/3964 3962/3962/3962
f 3966/3966/3966 3959/3959/3959 3967/3967/3967
f 3960/3960/3960 3967/3967/3967 3959/3959/3959
f 3960/3960/3960 3963/3963/3963 3967/3967/3967
f 3968/3968/3968 3967/3967/3967 3963/3963/3963
f 3968/3968/3968 3963/3963/3963 3969/3969/3969
f 3964/3964/3964 3969/3969/3969 3963/3963/3963
f 3970/3970/3970 3966/3966/3966 3971/3971/3971
f 3967/3967/3967 3971/3971/3971 3966/3966/3966
f 3967/3967/3967 3968/3968/3968 3971/3971/3971
f 3972/3972/3972 3971/3971/3971 3968/3968/3968
f 3972/3972/3972 3968/3968/3968 3973/3973/3973
f 3969/3969/3969 3973/3973/3973 3968/3968/3968
f 3971/3971/3971 3974/3974/3974 3970/3970/3970
f 3971/3971/3971 3972/3972/3972 3974/3974/3974
f 3973/3973/3973 3975/3975/3975 3972/3972/3972
f 3977/3977/3977 3976/3976/3976 3978/3978/3978
f 3979/3979/3979 3978/3978/3978 3976/3976/3976
f 3979/3979/3979 3980/3980/3980 3978/3978/3978
f 3981/3981/3981 3978/3978/3978 3980/3980/3980
f 3981/3981/3981 3980/3980/3980 3982/3982/3982
f 3983/3983/3983 3982/3982/3982 3980/3980/3980
f 3984/3984/3984 3977/3977/3977 3985/3985/3985
f 3978/3978/3978 3985/3985/3985 3977/3977/3977
f 3978/3978/3978 3981/3981/3981 3985/3985/3985
f 3986/3986/3986 3985/3985/3985 3981/3981/3981
f 3986/3986/3986 3981/3981/3981 3987/3987/3987
f 3982/3982/3982 3987/3987/3987 3981/3981/3981
f 3988/3988/3988 3984/3984/3984 3989/3989/3989
f 3985/3985/3985 3989/3989/3989 3984/3984/3984
f 3985/3985/3985 3986/3986/3986 3989/3989/3989
f 3990/3990/3990 3989/3989/3989 3986/3986/3986
f 3990/3990/3990 3986/3986/3986 3991/3991/3991
f 3987/3987/3987 3991/3991/3991 3986/3986/3986
f 3989/3989/3989 3992/3992/3992 3988/3988/3988
f 3989/3989/3989 3990/3990/3990 3992/3992/3992
f 3991/3991/3991 3993/3993/3993 3990/3990/3990
f 3995/3995/3995 3994/3994/3994 3996/3996/3996
f 3997/3997/3997 3996/3996/3996 3994/3994/3994
f 3997/3997/3997 3998/3998/3998 3996/3996/3996
f 3999/3999/3999 3996/3996/3996 3998/3998/3998
f 3999/3999/3999 3998/3998/3998 4000/4000/4000
f 4001/4001/4001 4000/4000/4000 3998/3998/3998
f 4001/4001/4001 4002/4002/4002 4000/4000/4000
f 4003/4003/4003 4000/4000/4000 4002/4002/4002
f 4004/4004/4004 3995/3995/3995 4005/4005/4005
f 3996/3996/3996 4005/4005/4005 3995/3995/3995
f 3996/3996/3996 3999/3999/3999 4005/4005/4005
f 4006/4006/4006 4005/4005/4005 3999/3999/3999
f 4006/4006/4006 3999/3999/3999 4007/4007/4007
f 4000/4000/4000 4007/4007/4007 3999/3999/3999
f 4000/4000/4000 4003/4003/4003 4007/4007/4007
f 4008/4008/4008 4007/4007/4007 4003/4003/4003
f 4009/4009/4009 4004/4004/4004 4010/4010/4010
f 4005/4005/4005 4010/4010/4010 4004/4004/4004
f 4005/4005/4005 4006/4006/4006 4010/4010/4010
f 4011/4011/4011 4010/4010/4010 4006/4006/4006
f 4011/4011/4011 4006/4006/4006 4012/4012/4012
f 4007/4007/4007 4012/4012/4012 4006/4006/4006
f 4007/4007/4007 4008/4008/4008 4012/4012/4012
f 4013/4013/4013 4012/4012/4012 4008/4008/4008
f 4014/4014/4014 4009/4009/4009 4015/4015/4015
f 4010/4010/4010 4015/4015/4015 4009/4009/4009
f 4010/4010/4010 4011/4011/4011 4015/4015/4015
f 4016/4016/4016 4015/4015/4015 4011/4011/4011
f 4016/4016/4016 4011/4011/4011 4017/4017/4017
f 4012/4012/4012 4017/4017/4017 4011/4011/4011
f 4012/4012/4012 4013/4013/4013 4017/4017/4017
f 4018/4018/4018 4017/4017/4017 4013/4013/4013
f 4015/4015/4015 4019/4019/4019 4014/4014/4014
f 4015/4015/4015 4016/4016/4016 4019/4019/4019
f 4017/4017/4017 4020/4020/4020 4016/4016/4016
f 4017/4017/4017 4018/4018/4018 4020/4020/4020
f 4022/4022/4022 4021/4021/4021 4023/4023/4023
f 4024/4024/4024 4023/4023/4023 4021/4021/4021
f 4024/4024/4024 4025/4025/4025 4023/4023/4023
f 4026/4026/4026 4023/4023/4023 4025/4025/4025
f 4026/4026/4026 4025/4025/4025 4027/4027/4027
f 4028/4028/4028 4027/4027/4027 4025/4025/4025
f 4029/4029/4029 4022/4022/4022 4030/4030/4030
f 4023/4023/4023 4030/4030/4030 4022/4022/4022
f 4023/4023/4023 4026/4026/4026 4030/4030/4030
f 4031/4031/4031 4030/4030/4030 4026/4026/4026
f 4031/4031/4031 4026/4026/4026 4032/4032/4032
f 4027/4027/4027 4032/4032/4032 4026/4026/4026
f 4033/4033/4033 4029/4029/4029 4034/4034/4034
f 4030/4030/4030 4034/4034/4034 4029/4029/4029
f 4030/4030/4030 4031/4031/4031 4034/4034/4034
f 4035/4035/4035 4034/4034/4034 4031/4031/4031
f 4035/4035/4035 4031/4031/4031 4036/4036/4036
f 4032/4032/4032 4036/4036/4036 4031/4031/4031
f 4034/4034/4034 4037/4037/4037 4033/4033/4033
f 4034/4034/4034 4035/4035/4035 4037/4037/4037
f 4036/4036/4036 4038/4038/4038 4035/4035/4035
f 4040/4040/4040 4039/4039/4039 4041/4041/4041
f 4042/4042/4042 4041/4041/4041 4039/4039/4039
f 4042/4042/4042 4043/4043/4043 4041/4041/4041
f 4044/4044/4044 4041/4041/4041 4043/4043/4043
f 4044/4044/4044 4043/4043/4043 4045/4045/4045
f 4046/4046/4046 4045/4045/4045 4043/4043/4043
f 4047/4047/4047 4040/4040/4040 4048/4048/4048
f 4041/4041/4041 4048/4048/4048 4040/4040/4040
f 4041/4041/4041 4044/4044/4044 4048/4048/4048
f 4049/4049/4049 4048/4048/4048 4044/4044/4044
f 4049/4049/4049 4044/4044/4044 4050/4050/4050
f 4045/4045/4045 4050/4050/4050 4044/4044/4044
f 4051/4051/4051 4047/4047/4047 4052/4052/4052
f 4048/4048/4048 4052/4052/4052 4047/4047/4047
f 4048/4048/4048 4049/4049/4049 4052/4052/4052
f 4053/4053/4053 4052/4052/4052 4049/4049/4049
f 4053/4053/4053 4049/4049/4049 4054/4054/4054
f 4050/4050/4050 4054/4054/4054 4049/4049/4049
f 4052/4052/4052 4055/4055/4055 4051/4051/4051
f 4052/4052/4052 4053/4053/4053 4055/4055/4055
f 4054/4054/4054 4056/4056/4056 4053/4053/4053
f 4058/4058/4058 4057/4057/4057 4059/4059/4059
f 4060/4060/4060 4059/4059/4059 4057/4057/4057
f 4060/4060/4060 4061/4061/4061 4059/4059/4059
f 4062/4062/4062 4059/4059/4059 4061/4061/4061
f 4062/4062/4062 4061/4061/4061 4063/4063/4063
f 4064/4064/4064 4063/4063/4063 4061/4061/4061
f 4065/4065/4065 4058/4058/4058 4066/4066/4066
f 4059/4059/4059 4066/4066/4066 4058/4058/4058
f 4059/4059/4059 4062/4062/4062 4066/4066/4066
f 4067/4067/4067 4066/4066/4066 4062/4062/4062
f 4067/4067/4067 4062/4062/4062 4068/4068/4068
f 4063/4063/4063 4068/4068/4068 4062/4062/4062
f 4069/4069/4069 4065/4065/4065 4070/4070/4070
f 4066/4066/4066 4070/4070/4070 4065/4065/4065
f 4066/4066/4066 4067/4067/4067 4070/4070/4070
f 4071/4071/4071 4070/4070/4070 4067/4067/4067
f 4071/4071/4071 4067/4067/4067 4072/4072/4072
f 4068/4068/4068 4072/4072/4072 4067/4067/4067
f 4070/4070/4070 4073/4073/4073 4069/4069/4069
f 4070/4070/4070 4071/4071/4071 4073/4073/4073
f 4072/4072/4072 4074/4074/4074 4071/4071/4071
f 4076/4076/4076 4075/4075/4075 4077/4077/4077
f 4078/4078/4078 4077/4077/4077 4075/4075/4075
f 4078/4078/4078 4079/4079/4079 4077/4077/4077
f 4080/4080/4080 4077/4077/4077 4079/4079/4079
f 4080/4080/4080 4079/4079/4079 4081/4081/4081
f 4082/4082/4082 4081/4081/4081 4079/4079/4079
f 4083/4083/4083 4076/4076/4076 4084/4084/4084
f 4077/4077/4077 4084/4084/4084 4076/4076/4076
f 4077/4077/4077 4080/4080/4080 4084/4084/4084
f 4085/4085/4085 4084/4084/4084 4080/4080/4080
f 4085/4085/4085 4080/4080/4080 4086/4086/4086
f 4081/4081/4081 4086/4086/4086 4080/4080/4080
f 4087/4087/4087 4083/4083/4083 4088/4088/4088
f 4084/4084/4084 4088/4088/4088 4083/4083/4083
f 4084/4084/4084 4085/4085/4085 4088/4088/4088
f 4089/4089/4089 4088/4088/4088 4085/4085/4085
f 4089/4089/4089 4085/4085/4085 4090/4090/4090
f 4086/4086/4086 4090/4090/4090 4085/4085/4085
f 4088/4088/4088 4091/4091/4091 4087/4087/4087
f 4088/4088/4088 4089/4089/4089 4091/4091/4091
f 4090/4090/4090 4092/4092/4092 4089/4089/4089
f 4094/4094/4094 4093/4093/4093 4095/4095/4095
f 4096/4096/4096 4095/4095/4095 4093/4093/4093
f 4096/4096/4096 4097/4097/4097 4095/4095/4095
f 4098/4098/4098 4095/4095/4095 4097/4097/4097
f 4098/4098/4098 4097/4097/4097 4099/4099/4099
f 4100/4100/4100 4099/4099/4099 4097/4097/4097
f 4101/4101/4101 4094/4094/4094 4102/4102/4102
f 4095/4095/4095 4102/4102/4102 4094/4094/4094
f 4095/4095/4095 4098/4098/4098 4102/4102/4102
f 4103/4103/4103 4102/4102/4102 4098/4098/4098
f 4103/4103/4103 4098/4098/4098 4104/4104/4104
f 4099/4099/4099 4104/4104/4104 4098/4098/4098
f 4105/4105/4105 4101/4101/4101 4106/4106/4106
f 4102/4102/4102 4106/4106/4106 4101/4101/4101
f 4102/4102/4102 4103/4103/4103 4106/4106/4106
f 4107/4107/4107 4106/4106/4106 4103/4103/4103
f 4107/4107/4107 4103/4103/4103 4108/4108/4108
f 4104/4104/4104 4108/4108/4108 4103/4103/4103
f 4106/4106/4106 4109/4109/4109 4105/4105/4105
f 4106/4106/4106 4107/4107/4107 4109/4109/4109
f 4108/4108/4108 4110/4110/4110 4107/4107/4107
f 4112/4112/4112 4111/4111/4111 4113/4113/4113
f 4114/4114/4114 4113/4113/4113 4111/4111/4111
f 4114/4114/4114 4115/4115/4115 4113/4113/4113
f 4116/4116/4116 4113/4113/4113 4115/4115/4115
f 4116/4116/4116 4115/4115/4115 4117/4117/4117
f 4118/4118/4118 4117/4117/4117 4115/4115/4115
f 4119/4119/4119 4112/4112/4112 4120/4120/4120
f 4113/4113/4113 4120/4120/4120 4112/4112/4112
f 4113/4113/4113 4116/4116/4116 4120/4120/4120
f 4121/4121/4121 4120/4120/4120 4116/4116/4116
f 4121/4121/4121 4116/4116/4116 4122/4122/4122
f 4117/4117/4117 4122/4122/4122 4116/4116/4116
f 4123/4123/4123 4119/4119/4119 4124/4124/4124
f 4120/4120/4120 4124/4124/4124 4119/4119/4119
f 4120/4120/4120 4121/4121/4121 4124/4124/4124
f 4125/4125/4125 4124/4124/4124 4121/4121/4121
f 4125/4125/4125 4121/4121/4121 4126/4126/4126
f 4122/4122/4122 4126/4126/4126 4121/4121/4121
f 4124/4124/4124 4127/4127/4127 4123/4123/4123
f 4124/4124/4124 4125/4125/4125 4127/4127/4127
f 4126/4126/4126 4128/4128/4128 4125/4125/4125
f 4130/4130/4130 4129/4129/4129 4131/4131/4131
f 4132/4132/4132 4131/4131/4131 4129/4129/4129
f 4132/4132/4132 4133/4133/4133 4131/4131/4131
f 4134/4134/4134 4131/4131/4131 4133/4133/4133
f 4134/4134/4134 4133/4133/4133 4135/4135/4135
f 4136/4136/4136 4135/4135/4135 4133/4133/4133
f 4137/4137/4137 4130/4130/4130 4138/4138/4138
f 4131/4131/4131 4138/4138/4138 4130/4130/4130
f 4131/4131/4131 4134/4134/4134 4138/4138/4138
f 4139/4139/4139 4138/4138/4138 4134/4134/4134
f 4139/4139/4139 4134/4134/4134 4140/4140/4140
f 4135/4135/4135 4140/4140/4140 4134/4134/4134
f 4141/4141/4141 4137/4137/4137 4142/4142/4142
f 4138/4138/4138 4142/4142/4142 4137/4137/4137
f 4138/4138/4138 4139/4139/4139 4142/4142/4142
f 4143/4143/4143 4142/4142/4142 4139/4139/4139
f 4143/4143/4143 4139/4139/4139 4144/4144/4144
f 4140/4140/4140 4144/4144/4144 4139/4139/4139
f 4142/4142/4142 4145/4145/4145 4141/4141/4141
f 4142/4142/4142 4143/4143/4143 4145/4145/4145
f 4144/4144/4144 4146/4146/4146 4143/4143/4143
f 4148/4148/4148 4147/4147/4147 4149/4149/4149
f 4150/4150/4150 4149/4149/4149 4147/4147/4147
f 4150/4150/4150 4151/4151/4151 4149/4149/4149
f 4152/4152/4152 4149/4149/4149 4151/4151/4151
f 4152/4152/4152 4151/4151/4151 4153/4153/4153
f 4154/4154/4154 4153/4153/4153 4151/4151/4151
f 4154/4154/4154 4155/4155/4155 4153/4153/4153
f 4156/4156/4156 4153/4153/4153 4155/4155/4155
f 4157/4157/4157 4148/4148/4148 4158/4158/4158
f 4149/4149/4149 4158/4158/4158 4148/4148/4148
f 4149/4149/4149 4152/4152/4152 4158/4158/4158
f 4159/4159/4159 4158/4158/4158 4152/4152/4152
f 4159/4159/4159 4152/4152/4152 4160/4160/4160
f 4153/4153/4153 4160/4160/4160 4152/4152/4152
f 4153/4153/4153 4156/4156/4156 4160/4160/4160
f 4161/4161/4161 4160/4160/4160 4156/4156/4156
f 4162/4162/4162 4157/4157/4157 4163/4163/4163
f 4158/4158/4158 4163/4163/4163 4157/4157/4157
f 4158/4158/4158 4159/4159/4159 4163/4163/4163
f 4164/4164/4164 4163/4163/4163 4159/4159/4159
f 4164/4164/4164 4159/4159/4159 4165/4165/4165
f 4160/4160/4160 4165/4165/4165 4159/4159/4159
f 4160/4160/4160 4161/4161/4161 4165/4165/4165
f 4166/4166/4166 4165/4165/4165 4161/4161/4161
f 4167/4167/4167 4162/4162/4162 4168/4168/4168
f 4163/4163/4163 4168/4168/4168 4162/4162/4162
f 4163/4163/4163 4164/4164/4164 4168/4168/4168
f 4169/4169/4169 4168/4168/4168 4164/4164/4164
f 4169/4169/4169 4164/4164/4164 4170/4170/4170
f 4165/4165/4165 4170/4170/4170 4164/4164/4164
f 4165/4165/4165 4166/4166/4166 4170/4170/4170
f 4171/4171/4171 4170/4170/4170 4166/4166/4166
f 4168/4168/4168 4172/4172/4172 4167/4167/4167
f 4168/4168/4168 4169/4169/4169 4172/4172/4172
f 4170/4170/4170 4173/4173/4173 4169/4169/4169
f 4170/4170/4170 4171/4171/4171 4173/4173/4173
f 4175/4175/4175 4174/4174/4174 4176/4176/4176
f 4177/4177/4177 4176/4176/4176 4174/4174/4174
f 4177/4177/4177 4178/4178/4178 4176/4176/4176
f 4179/4179/4179 4176/4176/4176 4178/4178/4178
f 4179/4179/4179 4178/4178/4178 4180/4180/4180
f 4181/4181/4181 4180/4180/4180 4178/4178/4178
f 4182/4182/4182 4175/4175/4175 4183/4183/4183
f 4176/4176/4176 4183/4183/4183 4175/4175/4175
f 4176/4176/4176 4179/4179/4179 4183/4183/4183
f 4184/4184/4184 4183/4183/4183 4179/4179/4179
f 4184/4184/4184 4179/4179/4179 4185/4185/4185
f 4180/4180/4180 4185/4185/4185 4179/4179/4179
f 4186/4186/4186 4182/4182/4182 4187/4187/4187
f 4183/4183/4183 4187/4187/4187 4182/4182/4182
f 4183/4183/4183 4184/4184/4184 4187/4187/4187
f 4188/4188/4188 4187/4187/4187 4184/4184/4184
f 4188/4188/4188 4184/4184/4184 4189/4189/4189
f 4185/4185/4185 4189/4189/4189 4184/4184/4184
f 4187/4187/4187 4190/4190/4190 4186/4186/4186
f 4187/4187/4187 4188/4188/4188 4190/4190/4190
f 4189/4189/4189 4191/4191/4191 4188/4188/4188
f 4193/4193/4193 4192/4192/4192 4194/4194/4194
f 4195/4195/4195 4194/4194/4194 4192/4192/4192
f 4195/4195/4195 4196/4196/4196 4194/4194/4194
f 4197/4197/4197 4194/4194/4194 4196/4196/4196
f 4197/4197/4197 4196/4196/4196 4198/4198/4198
f 4199/4199/4199 4198/4198/4198 4196/4196/4196
f 4200/4200/4200 4193/4193/4193 4201/4201/4201
f 4194/4194/4194 4201/4201/4201 4193/4193/4193
f 4194/4194/4194 4197/4197/4197 4201/4201/4201
f 4202/4202/4202 4201/4201/4201 4197/4197/4197
f 4202/4202/4202 4197/4197/4197 4203/4203/4203
f 4198/4198/4198 4203/4203/4203 4197/4197/4197
f 4204/4204/4204 4200/4200/4200 4205/4205/4205
f 4201/4201/4201 4205/4205/4205 4200/4200/4200
f 4201/4201/4201 4202/4202/4202 4205/4205/4205
f 4206/4206/4206 4205/4205/4205 4202/4202/4202
f 4206/4206/4206 4202/4202/4202 4207/4207/4207
f 4203/4203/4203 4207/4207/4207 4202/4202/4202
f 4205/4205/4205 4208/4208/4208 4204/4204/4204
f 4205/4205/4205 4206/4206/4206 4208/4208/4208
f 4207/4207/4207 4209/4209/4209 4206/4206/4206
f 4211/4211/4211 4210/4210/4210 4212/4212/4212
f 4213/4213/4213 4212/4212/4212 4210/4210/4210
f 4213/4213/4213 4214/4214/4214 4212/4212/4212
f 4215/4215/4215 4212/4212/4212 4214/4214/4214
f 4215/4215/4215 4214/4214/4214 4216/4216/4216
f 4217/4217/4217 4216/4216/4216 4214/4214/4214
f 4218/4218/4218 4211/4211/4211 4219/4219/4219
f 4212/4212/4212 4219/4219/4219 4211/4211/4211
f 4212/4212/4212 4215/4215/4215 4219/4219/4219
f 4220/4220/4220 4219/4219/4219 4215/4215/4215
f 4220/4220/4220 4215/4215/4215 4221/4221/4221
f 4216/4216/4216 4221/4221/4221 4215/4215/4215
f 4222/4222/4222 4218/4218/4218 4223/4223/4223
f 4219/4219/4219 4223/4223/4223 4218/4218/4218
f 4219/4219/4219 4220/4220/4220 4223/4223/4223
f 4224/4224/4224 4223/4223/4223 4220/4220/4220
f 4224/4224/4224 4220/4220/4220 4225/4225/4225
f 4221/4221/4221 4225/4225/4225 4220/4220/4220
f 4223/4223/4223 4226/4226/4226 4222/4222/4222
f 4223/4223/4223 4224/4224/4224 4226/4226/4226
f 4225/4225/4225 4227/4227/4227 4224/4224/4224
f 4229/4229/4229 4228/4228/4228 4230/4230/4230
f 4231/4231/4231 4230/4230/4230 4228/4228/4228
f 4231/4231/4231 4232/4232/4232 4230/4230/4230
f 4233/4233/4233 4230/4230/4230 4232/4232/4232
f 4233/4233/4233 4232/4232/4232 4234/4234/4234
f 4235/4235/4235 4234/4234/4234 4232/4232/4232
f 4236/4236/4236 4229/4229/4229 4237/4237/4237
f 4230/4230/4230 4237/4237/4237 4229/4229/4229
f 4230/4230/4230 4233/4233/4233 4237/4237/4237
f 4238/4238/4238 4237/4237/4237 4233/4233/4233
f 4238/4238/4238 4233/4233/4233 4239/4239/4239
f 4234/4234/4234 4239/4239/4239 4233/4233/4233
f 4240/4240/4240 4236/4236/4236 4241/4241/4241
f 4237/4237/4237 4241/4241/4241 4236/4236/4236
f 4237/4237/4237 4238/4238/4238 4241/4241/4241
f 4242/4242/4242 4241/4241/4241 4238/4238/4238
f 4242/4242/4242 4238/4238/4238 4243/4243/4243
f 4239/4239/4239 4243/4243/4243 4238/4238/4238
f 4241/4241/4241 4244/4244/4244 4240/4240/4240
f 4241/4241/4241 4242/4242/4242 4244/4244/4244
f 4243/4243/4243 4245/4245/4245 4242/4242/4242
f 4247/4247/4247 4246/4246/4246 4248/4248/4248
f 4249/4249/4249 4248/4248/4248 4246/4246/4246
f 4249/4249/4249 4250/4250/4250 4248/4248/4248
f 4251/4251/4251 4248/4248/4248 4250/4250/4250
f 4251/4251/4251 4250/4250/4250 4252/4252/4252
f 4253/4253/4253 4252/4252/4252 4250/4250/4250
f 4254/4254/4254 4247/4247/4247 4255/4255/4255
f 4248/4248/4248 4255/4255/4255 4247/4247/4247
f 4248/4248/4248 4251/4251/4251 4255/4255/4255
f 4256/4256/4256 4255/4255/4255 4251/4251/4251
f 4256/4256/4256 4251/4251/4251 4257/4257/4257
f 4252/4252/4252 4257/4257/4257 4251/4251/4251
f 4258/4258/4258 4254/4254/4254 4259/4259/4259
f 4255/4255/4255 4259/4259/4259 4254/4254/4254
f 4255/4255/4255 4256/4256/4256 4259/4259/4259
f 4260/4260/4260 4259/4259/4259 4256/4256/4256
f 4260/4260/4260 4256/4256/4256 4261/4261/4261
f 4257/4257/4257 4261/4261/4261 4256/4256/4256
f 4259/4259/4259 4262/4262/4262 4258/4258/4258
f 4259/4259/4259 4260/4260/4260 4262/4262/4262
f 4261/4261/4261 4263/4263/4263 4260/4260/4260
f 4265/4265/4265 4264/4264/4264 4266/4266/4266
f 4267/4267/4267 4266/4266/4266 4264/4264/4264
f 4267/4267/4267 4268/4268/4268 4266/4266/4266
f 4269/4269/4269 4266/4266/4266 4268/4268/4268
f 4269/4269/4269 4268/4268/4268 4270/4270/4270
f 4271/4271/4271 4270/4270/4270 4268/4268/4268
f 4271/4271/4271 4272/4272/4272 4270/4270/4270
f 4273/4273/4273 4270/4270/4270 4272/4272/4272
f 4274/4274/4274 4265/4265/4265 4275/4275/4275
f 4266/4266/4266 4275/4275/4275 4265/4265/4265
f 4266/4266/4266 4269/4269/4269 4275/4275/4275
f 4276/4276/4276 4275/4275/4275 4269/4269/4269
f 4276/4276/4276 4269/4269/4269 4277/4277/4277
f 4270/4270/4270 4277/4277/4277 4269/4269/4269
f 4270/4270/4270 4273/4273/4273 4277/4277/4277
f 4278/4278/4278 4277/4277/4277 4273/4273/4273
f 4279/4279/4279 4274/4274/4274 4280/4280/4280
f 4275/4275/4275 4280/4280/4280 4274/4274/4274
f 4275/4275/4275 4276/4276/4276 4280/4280/4280
f 4281/4281/4281 4280/4280/4280 4276/4276/4276
f 4281/4281/4281 4276/4276/4276 4282/4282/4282
f 4277/4277/4277 4282/4282/4282 4276/4276/4276
f 4277/4277/4277 4278/4278/4278 4282/4282/4282
f 4283/4283/4283 4282/4282/4282 4278/4278/4278
f 4284/4284/4284 4279/4279/4279 4285/4285/4285
f 4280/4280/4280 4285/4285/4285 4279/4279/4279
f 4280/4280/4280 4281/4281/4281 4285/4285/4285
f 4286/4286/4286 4285/4285/4285 4281/4281/4281
f 4286/4286/4286 4281/4281/4281 4287/4287/4287
f 4282/4282/4282 4287/4287/4287 4281/4281/4281
f 4282/4282/4282 4283/4283/4283 4287/4287/4287
f 4288/4288/4288 4287/4287/4287 4283/4283/4283
f 4285/4285/4285 4289/4289/4289 4284/4284/4284
f 4285/4285/4285 4286/4286/4286 4289/4289/4289
f 4287/4287/4287 4290/4290/4290 4286/4286/4286
f 4287/4287/4287 4288/4288/4288 4290/4290/4290
f 4292/4292/4292 4291/4291/4291 4293/4293/4293
f 4294/4294/4294 4293/4293/4293 4291/4291/4291
f 4294/4294/4294 4295/4295/4295 4293/4293/4293
f 4296/4296/4296 4293/4293/4293 4295/4295/4295
f 4296/4296/4296 4295/4295/4295 4297/4297/4297
f 4298/4298/4298 4297/4297/4297 4295/4295/4295
f 4299/4299/4299 4292/4292/4292 4300/4300/4300
f 4293/4293/4293 4300/4300/4300 4292/4292/4292
f 4293/4293/4293 4296/4296/4296 4300/4300/4300
f 4301/4301/4301 4300/4300/4300 4296/4296/4296
f 4301/4301/4301 4296/4296/4296 4302/4302/4302
f 4297/4297/4297 4302/4302/4302 4296/4296/4296
f 4303/4303/4303 4299/4299/4299 4304/4304/4304
f 4300/4300/4300 4304/4304/4304 4299/4299/4299
f 4300/4300/4300 4301/4301/4301 4304/4304/4304
f 4305/4305/4305 4304/4304/4304 4301/4301/4301
f 4305/4305/4305 4301/4301/4301 4306/4306/4306
f 4302/4302/4302 4306/4306/4306 4301/4301/4301
f 4304/4304/4304 4307/4307/4307 4303/4303/4303
f 4304/4304/4304 4305/4305/4305 4307/4307/4307
f 4306/4306/4306 4308/4308/4308 4305/4305/4305
f 4310/4310/4310 4309/4309/4309 4311/4311/4311
f 4312/4312/4312 4311/4311/4311 4309/4309/4309
f 4312/4312/4312 4313/4313/4313 4311/4311/4311
f 4314/4314/4314 4311/4311/4311 4313/4313/4313
f 4314/4314/4314 4313/4313/4313 4315/4315/4315
f 4316/4316/4316 4315/4315/4315 4313/4313/4313
f 4317/4317/4317 4310/4310/4310 4318/4318/4318
f 4311/4311/4311 4318/4318/4318 4310/4310/4310
f 4311/4311/4311 4314/4314/4314 4318/4318/4318
f 4319/4319/4319 4318/4318/4318 4314/4314/4314
f 4319/4319/4319 4314/4314/4314 4320/4320/4320
f 4315/4315/4315 4320/4320/4320 4314/4314/4314
f 4321/4321/4321 4317/4317/4317 4322/4322/4322
f 4318/4318/4318 4322/4322/4322 4317/4317/4317
f 4318/4318/4318 4319/4319/4319 4322/4322/4322
f 4323/4323/4323 4322/4322/4322 4319/4319/4319
f 4323/4323/4323 4319/4319/4319 4324/4324/4324
f 4320/4320/4320 4324/4324/4324 4319/4319/4319
f 4322/4322/4322 4325/4325/4325 4321/4321/4321
f 4322/4322/4322 4323/4323/4323 4325/4325/4325
f 4324/4324/4324 4326/4326/4326 4323/4323/4323
f 4328/4328/4328 4327/4327/4327 4329/4329/4329
f 4330/4330/4330 4329/4329/4329 4327/4327/4327
f 4330/4330/4330 4331/4331/4331 4329/4329/4329
f 4332/4332/4332 4329/4329/4329 4331/4331/4331
f 4332/4332/4332 4331/4331/4331 4333/4333/4333
f 4334/4334/4334 4333/4333/4333 4331/4331/4331
f 4335/4335/4335 4328/4328/4328 4336/4336/4336
f 4329/4329/4329 4336/4336/4336 4328/4328/4328
f 4329/4329/4329 4332/4332/4332 4336/4336/4336
f 4337/4337/4337 4336/4336/4336 4332/4332/4332
f 4337/4337/4337 4332/4332/4332 4338/4338/4338
f 4333/4333/4333 4338/4338/4338 4332/4332/4332
f 4339/4339/4339 4335/4335/4335 4340/4340/4340
f 4336/4336/4336 4340/4340/4340 4335/4335/4335
f 4336/4336/4336 4337/4337/4337 4340/4340/4340
f 4341/4341/4341 4340/4340/4340 4337/4337/4337
f 4341/4341/4341 4337/4337/4337 4342/4342/4342
f 4338/4338/4338 4342/4342/4342 4337/4337/4337
f 4340/4340/4340 4343/4343/4343 4339/4339/4339
f 4340/4340/4340 4341/4341/4341 4343/4343/4343
f 4342/4342/4342 4344/4344/4344 4341/4341/4341
f 4346/4346/4346 4345/4345/4345 4347/4347/4347
f 4348/4348/4348 4347/4347/4347 4345/4345/4345
f 4348/4348/4348 4349/4349/4349 4347/4347/4347
f 4350/4350/4350 4347/4347/4347 4349/4349/4349
f 4350/4350/4350 4349/4349/4349 4351/4351/4351
f 4352/4352/4352 4351/4351/4351 4349/4349/4349
f 4353/4353/4353 4346/4346/4346 4354/4354/4354
f 4347/4347/4347 4354/4354/4354 4346/4346/4346
f 4347/4347/4347 4350/4350/4350 4354/4354/4354
f 4355/4355/4355 4354/4354/4354 4350/4350/4350
f 4355/4355/4355 4350/4350/4350 4356/4356/4356
f 4351/4351/4351 4356/4356/4356 4350/4350/4350
f 4357/4357/4357 4353/4353/4353 4358/4358/4358
f 4354/4354/4354 4358/4358/4358 4353/4353/4353
f 4354/4354/4354 4355/4355/4355 4358/4358/4358
f 4359/4359/4359 4358/4358/4358 4355/4355/4355
f 4359/4359/4359 4355/4355/4355 4360/4360/4360
f 4356/4356/4356 4360/4360/4360 4355/4355/4355
f 4358/4358/4358 4361/4361/4361 4357/4357/4357
f 4358/4358/4358 4359/4359/4359 4361/4361/4361
f 4360/4360/4360 4362/4362/4362 4359/4359/4359
f 4364/4364/4364 4363/4363/4363 4365/4365/4365
f 4366/4366/4366 4365/4365/4365 4363/4363/4363
f 4366/4366/4366 4367/4367/4367 4365/4365/4365
f 4368/4368/4368 4365/4365/4365 4367/4367/4367
f 4368/4368/4368 4367/4367/4367 4369/4369/4369
f 4370/4370/4370 4369/4369/4369 4367/4367/4367
f 4371/4371/4371 4364/4364/4364 4372/4372/4372
f 4365/4365/4365 4372/4372/4372 4364/4364/4364
f 4365/4365/4365 4368/4368/4368 4372/4372/4372
f 4373/4373/4373 4372/4372/4372 4368/4368/4368
f 4373/4373/4373 4368/4368/4368 4374/4374/4374
f 4369/4369/4369 4374/4374/4374 4368/4368/4368
f 4375/4375/4375 4371/4371/4371 4376/4376/4376
f 4372/4372/4372 4376/4376/4376 4371/4371/4371
f 4372/4372/4372 4373/4373/4373 4376/4376/4376
f 4377/4377/4377 4376/4376/4376 4373/4373/4373
f 4377/4377/4377 4373/4373/4373 4378/4378/4378
f 4374/4374/4374 4378/4378/4378 4373/4373/4373
f 4376/4376/4376 4379/4379/4379 4375/4375/4375
f 4376/4376/4376 4377/4377/4377 4379/4379/4379
f 4378/4378/4378 4380/4380/4380 4377/4377/4377
f 4382/4382/4382 4381/4381/4381 4383/4383/4383
f 4384/4384/4384 4383/4383/4383 4381/4381/4381
f 4384/4384/4384 4385/4385/4385 4383/4383/4383
f 4386/4386/4386 4383/4383/4383 4385/4385/4385
f 4386/4386/4386 4385/4385/4385 4387/4387/4387
f 4388/4388/4388 4387/4387/4387 4385/4385/4385
f 4389/4389/4389 4382/4382/4382 4390/4390/4390
f 4383/4383/4383 4390/4390/4390 4382/4382/4382
f 4383/4383/4383 4386/4386/4386 4390/4390/4390
f 4391/4391/4391 4390/4390/4390 4386/4386/4386
f 4391/4391/4391 4386/4386/4386 4392/4392/4392
f 4387/4387/4387 4392/4392/4392 4386/4386/4386
f 4393/4393/4393 4389/4389/4389 4394/4394/4394
f 4390/4390/4390 4394/4394/4394 4389/4389/4389
f 4390/4390/4390 4391/4391/4391 4394/4394/4394
f 4395/4395/4395 4394/4394/4394 4391/4391/4391
f 4395/4395/4395 4391/4391/4391 4396/4396/4396
f 4392/4392/4392 4396/4396/4396 4391/4391/4391
f 4394/4394/4394 4397/4397/4397 4393/4393/4393
f 4394/4394/4394 4395/4395/4395 4397/4397/4397
f 4396/4396/4396 4398/4398/4398 4395/4395/4395
f 4400/4400/4400 4399/4399/4399 4401/4401/4401
f 4402/4402/4402 4401/4401/4401 4399/4399/4399
f 4402/4402/4402 4403/4403/4403 4401/4401/4401
f 4404/4404/4404 4401/4401/4401 4403/4403/4403
f 4404/4404/4404 4403/4403/4403 4405/4405/4405
f 4406/4406/4406 4405/4405/4405 4403/4403/4403
f 4407/4407/4407 4400/4400/4400 4408/4408/4408
f 4401/4401/4401 4408/4408/4408 4400/4400/4400
f 4401/4401/4401 4404/4404/4404 4408/4408/4408
f 4409/4409/4409 4408/4408/4408 4404/4404/4404
f 4409/4409/4409 4404/4404/4404 4410/4410/4410
f 4405/4405/4405 4410/4410/4410 4404/4404/4404
f 4411/4411/4411 4407/4407/4407 4412/4412/4412
f 4408/4408/4408 4412/4412/4412 4407/4407/4407
f 4408/4408/4408 4409/4409/4409 4412/4412/4412
f 4413/4413/4413 4412/4412/4412 4409/4409/4409
f 4413/4413/4413 4409/4409/4409 4414/4414/4414
f 4410/4410/4410 4414/4414/4414 4409/4409/4409
f 4412/4412/4412 4415/4415/4415 4411/4411/4411
f 4412/4412/4412 4413/4413/4413 4415/4415/4415
f 4414/4414/4414 4416/4416/4416 4413/4413/4413
f 4418/4418/4418 4417/4417/4417 4419/4419/4419
f 4420/4420/4420 4419/4419/4419 4417/4417/4417
f 4420/4420/4420 4421/4421/4421 4419/4419/4419
f 4422/4422/4422 4419/4419/4419 4421/4421/4421
f 4422/4422/4422 4421/4421/4421 4423/4423/4423
f 4424/4424/4424 4423/4423/4423 4421/4421/4421
f 4425/4425/4425 4418/4418/4418 4426/4426/4426
f 4419/4419/4419 4426/4426/4426 4418/4418/4418
f 4419/4419/4419 4422/4422/4422 4426/4426/4426
f 4427/4427/4427 4426/4426/4426 4422/4422/4422
f 4427/4427/4427 4422/4422/4422 4428/4428/4428
f 4423/4423/4423 4428/4428/4428 4422/4422/4422
f 4429/4429/4429 4425/4425/4425 4430/4430/4430
f 4426/4426/4426 4430/4430/4430 4425/4425/4425
f 4426/4426/4426 4427/4427/4427 4430/4430/4430
f 4431/4431/4431 4430/4430/4430 4427/4427/4427
f 4431/4431/4431 4427/4427/4427 4432/4432/4432
f 4428/4428/4428 4432/4432/4432 4427/4427/4427
f 4430/4430/4430 4433/4433/4433 4429/4429/4429
f 4430/4430/4430 4431/4431/4431 4433/4433/4433
f 4432/4432/4432 4434/4434/4434 4431/4431/4431
f 4436/4436/4436 4435/4435/4435 4437/4437/4437
f 4438/4438/4438 4437/4437/4437 4435/4435/4435
f 4438/4438/4438 4439/4439/4439 4437/4437/4437
f 4440/4440/4440 4437/4437/4437 4439/4439/4439
f 4440/4440/4440 4439/4439/4439 4441/4441/4441
f 4442/4442/4442 4441/4441/4441 4439/4439/4439
f 4442/4442/4442 4443/4443/4443 4441/4441/4441
f 4444/4444/4444 4441/4441/4441 4443/4443/4443
f 4445/4445/4445 4436/4436/4436 4446/4446/4446
f 4437/4437/4437 4446/4446/4446 4436/4436/4436
f 4437/4437/4437 4440/4440/4440 4446/4446/4446
f 4447/4447/4447 4446/4446/4446 4440/4440/4440
f 4447/4447/4447 4440/4440/4440 4448/4448/4448
f 4441/4441/4441 4448/4448/4448 4440/4440/4440
f 4441/4441/4441 4444/4444/4444 4448/4448/4448
f 4449/4449/4449 4448/4448/4448 4444/4444/4444
f 4450/4450/4450 4445/4445/4445 4451/4451/4451
f 4446/4446/4446 4451/4451/4451 4445/4445/4445
f 4446/4446/4446 4447/4447/4447 4451/4451/4451
f 4452/4452/4452 4451/4451/4451 4447/4447/4447
f 4452/4452/4452 4447/4447/4447 4453/4453/4453
f 4448/4448/4448 4453/4453/4453 4447/4447/4447
f 4448/4448/4448 4449/4449/4449 4453/4453/4453
f 4454/4454/4454 4453/4453/4453 4449/4449/4449
f 4455/4455/4455 4450/4450/4450 4456/4456/4456
f 4451/4451/4451 4456/4456/4456 4450/4450/4450
f 4451/4451/4451 4452/4452/4452 4456/4456/4456
f 4457/4457/4457 4456/4456/4456 4452/4452/4452
f 4457/4457/4457 4452/4452/4452 4458/4458/4458
f 4453/4453/4453 4458/4458/4458 4452/4452/4452
f 4453/4453/4453 4454/4454/4454 4458/4458/4458
f 4459/4459/4459 4458/4458/4458 4454/4454/4454
f 4456/4456/4456 4460/4460/4460 4455/4455/4455
f 4456/4456/4456 4457/4457/4457 4460/4460/4460
f 4458/4458/4458 4461/4461/4461 4457/4457/4457
f 4458/4458/4458 4459/4459/4459 4461/4461/4461
f 4463/4463/4463 4462/4462/4462 4464/4464/4464
f 4465/4465/4465 4464/4464/4464 4462/4462/4462
f 4465/4465/4465 4466/4466/4466 4464/4464/4464
f 4467/4467/4467 4464/4464/4464 4466/4466/4466
f 4467/4467/4467 4466/4466/4466 4468/4468/4468
f 4469/4469/4469 4468/4468/4468 4466/4466/4466
f 4470/4470/4470 4463/4463/4463 4471/4471/4471
f 4464/4464/4464 4471/4471/4471 4463/4463/4463
f 4464/4464/4464 4467/4467/4467 4471/4471/4471
f 4472/4472/4472 4471/4471/4471 4467/4467/4467
f 4472/4472/4472 4467/4467/4467 4473/4473/4473
f 4468/4468/4468 4473/4473/4473 4467/4467/4467
f 4474/4474/4474 4470/4470/4470 4475/4475/4475
f 4471/4471/4471 4475/4475/4475 4470/4470/4470
f 4471/4471/4471 4472/4472/4472 4475/4475/4475
f 4476/4476/4476 4475/4475/4475 4472/4472/4472
f 4476/4476/4476 4472/4472/4472 4477/4477/4477
f 4473/4473/4473 4477/4477/4477 4472/4472/4472
f 4475/4475/4475 4478/4478/4478 4474/4474/4474
f 4475/4475/4475 4476/4476/4476 4478/4478/4478
f 4477/4477/4477 4479/4479/4479 4476/4476/4476
f 4481/4481/4481 4480/4480/4480 4482/4482/4482
f 4483/4483/4483 4482/4482/4482 4480/4480/4480
f 4483/4483/4483 4484/4484/4484 4482/4482/4482
f 4485/4485/4485 4482/4482/4482 4484/4484/4484
f 4485/4485/4485 4484/4484/4484 4486/4486/4486
f 4487/4487/4487 4486/4486/4486 4484/4484/4484
f 4488/4488/4488 4481/4481/4481 4489/4489/4489
f 4482/4482/4482 4489/4489/4489 4481/4481/4481
f 4482/4482/4482 4485/4485/4485 4489/4489/4489
f 4490/4490/4490 4489/4489/4489 4485/4485/4485
f 4490/4490/4490 4485/4485/4485 4491/4491/4491
f 4486/4486/4486 4491/4491/4491 4485/4485/4485
f 4492/4492/4492 4488/4488/4488 4493/4493/4493
f 4489/4489/4489 4493/4493/4493 4488/4488/4488
f 4489/4489/4489 4490/4490/4490 4493/4493/4493
f 4494/4494/4494 4493/4493/4493 4490/4490/4490
f 4494/4494/4494 4490/4490/4490 4495/4495/4495
f 4491/4491/4491 4495/4495/4495 4490/4490/4490
f 4493/4493/4493 4496/4496/4496 4492/4492/4492
f 4493/4493/4493 4494/4494/4494 4496/4496/4496
f 4495/4495/4495 4497/4497/4497 4494/4494/4494
f 4499/4499/4499 4498/4498/4498 4500/4500/4500
f 4501/4501/4501 4500/4500/4500 4498/4498/4498
f 4501/4501/4501 4502/4502/4502 4500/4500/4500
f 4503/4503/4503 4500/4500/4500 4502/4502/4502
f 4503/4503/4503 4502/4502/4502 4504/4504/4504
f 4505/4505/4505 4504/4504/4504 4502/4502/4502
f 4506/4506/4506 4499/4499/4499 4507/4507/4507
f 4500/4500/4500 4507/4507/4507 4499/4499/4499
f 4500/4500/4500 4503/4503/4503 4507/4507/4507
f 4508/4508/4508 4507/4507/4507 4503/4503/4503
f 4508/4508/4508 4503/4503/4503 4509/4509/4509
f 4504/4504/4504 4509/4509/4509 4503/4503/4503
f 4510/4510/4510 4506/4506/4506 4511/4511/4511
f 4507/4507/4507 4511/4511/4511 4506/4506/4506
f 4507/4507/4507 4508/4508/4508 4511/4511/4511
f 4512/4512/4512 4511/4511/4511 4508/4508/4508
f 4512/4512/4512 4508/4508/4508 4513/4513/4513
f 4509/4509/4509 4513/4513/4513 4508/4508/4508
f 4511/4511/4511 4514/4514/4514 4510/4510/4510
f 4511/4511/4511 4512/4512/4512 4514/4514/4514
f 4513/4513/4513 4515/4515/4515 4512/4512/4512
f 4517/4517/4517 4516/4516/4516 4518/4518/4518
f 4519/4519/4519 4518/4518/4518 4516/4516/4516
f 4519/4519/4519 4520/4520/4520 4518/4518/4518
f 4521/4521/4521 4518/4518/4518 4520/4520/4520
f 4521/4521/4521 4520/4520/4520 4522/4522/4522
f 4523/4523/4523 4522/4522/4522 4520/4520/4520
f 4524/4524/4524 4517/4517/4517 4525/4525/4525
f 4518/4518/4518 4525/4525/4525 4517/4517/4517
f 4518/4518/4518 4521/4521/4521 4525/4525/4525
f 4526/4526/4526 4525/4525/4525 4521/4521/4521
f 4526/4526/4526 4521/4521/4521 4527/4527/4527
f 4522/4522/4522 4527/4527/4527 4521/4521/4521
f 4528/4528/4528 4524/4524/4524 4529/4529/4529
f 4525/4525/4525 4529/4529/4529 4524/4524/4524
f 4525/4525/4525 4526/4526/4526 4529/4529/4529
f 4530/4530/4530 4529/4529/4529 4526/4526/4526
f 4530/4530/4530 4526/4526/4526 4531/4531/4531
f 4527/4527/4527 4531/4531/4531 4526/4526/4526
f 4529/4529/4529 4532/4532/4532 4528/4528/4528
f 4529/4529/4529 4530/4530/4530 4532/4532/4532
f 4531/4531/4531 4533/4533/4533 4530/4530/4530
f 4535/4535/4535 4534/4534/4534 4536/4536/4536
f 4537/4537/4537 4536/4536/4536 4534/4534/4534
f 4537/4537/4537 4538/4538/4538 4536/4536/4536
f 4539/4539/4539 4536/4536/4536 4538/4538/4538
f 4539/4539/4539 4538/4538/4538 4540/4540/4540
f 4541/4541/4541 4540/4540/4540 4538/4538/4538
f 4542/4542/4542 4535/4535/4535 4543/4543/4543
f 4536/4536/4536 4543/4543/4543 4535/4535/4535
f 4536/4536/4536 4539/4539/4539 4543/4543/4543
f 4544/4544/4544 4543/4543/4543 4539/4539/4539
f 4544/4544/4544 4539/4539/4539 4545/4545/4545
f 4540/4540/4540 4545/4545/4545 4539/4539/4539
f 4546/4546/4546 4542/4542/4542 4547/4547/4547
f 4543/4543/4543 4547/4547/4547 4542/4542/4542
f 4543/4543/4543 4544/4544/4544 4547/4547/4547
f 4548/4548/4548 4547/4547/4547 4544/4544/4544
f 4548/4548/4548 4544/4544/4544 4549/4549/4549
f 4545/4545/4545 4549/4549/4549 4544/4544/4544
f 4547/4547/4547 4550/4550/4550 4546/4546/4546
f 4547/4547/4547 4548/4548/4548 4550/4550/4550
f 4549/4549/4549 4551/4551/4551 4548/4548/4548
f 4553/4553/4553 4552/4552/4552 4554/4554/4554
f 4555/4555/4555 4554/4554/4554 4552/4552/4552
f 4555/4555/4555 4556/4556/4556 4554/4554/4554
f 4557/4557/4557 4554/4554/4554 4556/4556/4556
f 4557/4557/4557 4556/4556/4556 4558/4558/4558
f 4559/4559/4559 4558/4558/4558 4556/4556/4556
f 4560/4560/4560 4553/4553/4553 4561/4561/4561
f 4554/4554/4554 4561/4561/4561 4553/4553/4553
f 4554/4554/4554 4557/4557/4557 4561/4561/4561
f 4562/4562/4562 4561/4561/4561 4557/4557/4557
f 4562/4562/4562 4557/4557/4557 4563/4563/4563
f 4558/4558/4558 4563/4563/4563 4557/4557/4557
f 4564/4564/4564 4560/4560/4560 4565/4565/4565
f 4561/4561/4561 4565/4565/4565 4560/4560/4560
f 4561/4561/4561 4562/4562/4562 4565/4565/4565
f 4566/4566/4566 4565/4565/4565 4562/4562/4562
f 4566/4566/4566 4562/4562/4562 4567/4567/4567
f 4563/4563/4563 4567/4567/4567 4562/4562/4562
f 4565/4565/4565 4568/4568/4568 4564/4564/4564
f 4565/4565/4565 4566/4566/4566 4568/4568/4568
f 4567/4567/4567 4569/4569/4569 4566/4566/4566
f 4571/4571/4571 4570/4570/4570 4572/4572/4572
f 4573/4573/4573 4572/4572/4572 4570/4570/4570
f 4573/4573/4573 4574/4574/4574 4572/4572/4572
f 4575/4575/4575 4572/4572/4572 4574/4574/4574
f 4575/4575/4575 4574/4574/4574 4576/4576/4576
f 4577/4577/4577 4576/4576/4576 4574/4574/4574
f 4578/4578/4578 4571/4571/4571 4579/4579/4579
f 4572/4572/4572 4579/4579/4579 4571/4571/4571
f 4572/4572/4572 4575/4575/4575 4579/4579/4579
f 4580/4580/4580 4579/4579/4579 4575/4575/4575
f 4580/4580/4580 4575/4575/4575 4581/4581/4581
f 4576/4576/4576 4581/4581/4581 4575/4575/4575
f 4582/4582/4582 4578/4578/4578 4583/4583/4583
f 4579/4579/4579 4583/4583/4583 4578/4578/4578
f 4579/4579/4579 4580/4580/4580 4583/4583/4583
f 4584/4584/4584 4583/4583/4583 4580/4580/4580
f 4584/4584/4584 4580/4580/4580 4585/4585/4585
f 4581/4581/4581 4585/4585/4585 4580/4580/4580
f 4583/4583/4583 4586/4586/4586 4582/4582/4582
f 4583/4583/4583 4584/4584/4584 4586/4586/4586
f 4585/4585/4585 4587/4587/4587 4584/4584/4584
f 4589/4589/4589 4588/4588/4588 4590/4590/4590
f 4591/4591/4591 4590/4590/4590 4588/4588/4588
f 4591/4591/4591 4592/4592/4592 4590/4590/4590
f 4593/4593/4593 4590/4590/4590 4592/4592/4592
f 4593/4593/4593 4592/4592/4592 4594/4594/4594
f 4595/4595/4595 4594/4594/4594 4592/4592/4592
f 4596/4596/4596 4589/4589/4589 4597/4597/4597
f 4590/4590/4590 4597/4597/4597 4589/4589/4589
f 4590/4590/4590 4593/4593/4593 4597/4597/4597
f 4598/4598/4598 4597/4597/4597 4593/4593/4593
f 4598/4598/4598 4593/4593/4593 4599/4599/4599
f 4594/4594/4594 4599/4599/4599 4593/4593/4593
f 4600/4600/4600 4596/4596/4596 4601/4601/4601
f 4597/4597/4597 4601/4601/4601 4596/4596/4596
f 4597/4597/4597 4598/4598/4598 4601/4601/4601
f 4602/4602/4602 4601/4601/4601 4598/4598/4598
f 4602/4602/4602 4598/4598/4598 4603/4603/4603
f 4599/4599/4599 4603/4603/4603 4598/4598/4598
f 4601/4601/4601 4604/4604/4604 4600/4600/4600
f 4601/4601/4601 4602/4602/4602 4604/4604/4604
f 4603/4603/4603 4605/4605/4605 4602/4602/4602
f 4607/4607/4607 4606/4606/4606 4608/4608/4608
f 4609/4609/4609 4608/4608/4608 4606/4606/4606
f 4609/4609/4609 4610/4610/4610 4608/4608/4608
f 4611/4611/4611 4608/4608/4608 4610/4610/4610
f 4611/4611/4611 4610/4610/4610 4612/4612/4612
f 4613/4613/4613 4612/4612/4612 4610/4610/4610
f 4614/4614/4614 4607/4607/4607 4615/4615/4615
f 4608/4608/4608 4615/4615/4615 4607/4607/4607
f 4608/4608/4608 4611/4611/4611 4615/4615/4615
f 4616/4616/4616 4615/4615/4615 4611/4611/4611
f 4616/4616/4616 4611/4611/4611 4617/4617/4617
f 4612/4612/4612 4617/4617/4617 4611/4611/4611
f 4618/4618/4618 4614/4614/4614 4619/4619/4619
f 4615/4615/4615 4619/4619/4619 4614/4614/4614
f 4615/4615/4615 4616/4616/4616 4619/4619/4619
f 4620/4620/4620 4619/4619/4619 4616/4616/4616
f 4620/4620/4620 4616/4616/4616 4621/4621/4621
f 4617/4617/4617 4621/4621/4621 4616/4616/4616
f 4619/4619/4619 4622/4622/4622 4618/4618/4618
f 4619/4619/4619 4620/4620/4620 4622/4622/4622
f 4621/4621/4621 4623/4623/4623 4620/4620/4620
f 4625/4625/4625 4624/4624/4624 4626/4626/4626
f 4627/4627/4627 4626/4626/4626 4624/4624/4624
f 4627/4627/4627 4628/4628/4628 4626/4626/4626
f 4629/4629/4629 4626/4626/4626 4628/4628/4628
f 4629/4629/4629 4628/4628/4628 4630/4630/4630
f 4631/4631/4631 4630/4630/4630 4628/4628/4628
f 4632/4632/4632 4625/4625/4625 4633/4633/4633
f 4626/4626/4626 4633/4633/4633 4625/4625/4625
f 4626/4626/4626 4629/4629/4629 4633/4633/4633
f 4634/4634/4634 4633/4633/4633 4629/4629/4629
f 4634/4634/4634 4629/4629/4629 4635/4635/4635
f 4630/4630/4630 4635/4635/4635 4629/4629/4629
f 4636/4636/4636 4632/4632/4632 4637/4637/4637
f 4633/4633/4633 4637/4637/4637 4632/4632/4632
f 4633/4633/4633 4634/4634/4634 4637/4637/4637
f 4638/4638/4638 4637/4637/4637 4634/4634/4634
f 4638/4638/4638 4634/4634/4634 4639/4639/4639
f 4635/4635/4635 4639/4639/4639 4634/4634/4634
f 4637/4637/4637 4640/4640/4640 4636/4636/4636
f 4637/4637/4637 4638/4638/4638 4640/4640/4640
f 4639/4639/4639 4641/4641/4641 4638/4638/4638
f 4643/4643/4643 4642/4642/4642 4644/4644/4644
f 4645/4645/4645 4644/4644/4644 4642/4642/4642
f 4645/4645/4645 4646/4646/4646 4644/4644/4644
f 4647/4647/4647 4644/4644/4644 4646/4646/4646
f 4647/4647/4647 4646/4646/4646 4648/4648/4648
f 4649/4649/4649 4648/4648/4648 4646/4646/4646
f 4650/4650/4650 4643/4643/4643 4651/4651/4651
f 4644/4644/4644 4651/4651/4651 4643/4643/4643
f 4644/4644/4644 4647/4647/4647 4651/4651/4651
f 4652/4652/4652 4651/4651/4651 4647/4647/4647
f 4652/4652/4652 4647/4647/4647 4653/4653/4653
f 4648/4648/4648 4653/4653/4653 4647/4647/4647
f 4654/4654/4654 4650/4650/4650 4655/4655/4655
f 4651/4651/4651 4655/4655/4655 4650/4650/4650
f 4651/4651/4651 4652/4652/4652 4655/4655/4655
f 4656/4656/4656 4655/4655/4655 4652/4652/4652
f 4656/4656/4656 4652/4652/4652 4657/4657/4657
f 4653/4653/4653 4657/4657/4657 4652/4652/4652
f 4655/4655/4655 4658/4658/4658 4654/4654/4654
f 4655/4655/4655 4656/4656/4656 4658/4658/4658
f 4657/4657/4657 4659/4659/4659 4656/4656/4656
f 4661/4661/4661 4660/4660/4660 4662/4662/4662
f 4663/4663/4663 4662/4662/4662 4660/4660/4660
f 4663/4663/4663 4664/4664/4664 4662/4662/4662
f 4665/4665/4665 4662/4662/4662 4664/4664/4664
f 4665/4665/4665 4664/4664/4664 4666/4666/4666
f 4667/4667/4667 4666/4666/4666 4664/4664/4664
f 4668/4668/4668 4661/4661/4661 4669/4669/4669
f 4662/4662/4662 4669/4669/4669 4661/4661/4661
f 4662/4662/4662 4665/4665/4665 4669/4669/4669
f 4670/4670/4670 4669/4669/4669 4665/4665/4665
f 4670/4670/4670 4665/4665/4665 4671/4671/4671
f 4666/4666/4666 4671/4671/4671 4665/4665/4665
f 4672/4672/4672 4668/4668/4668 4673/4673/4673
f 4669/4669/4669 4673/4673/4673 4668/4668/4668
f 4669/4669/4669 4670/4670/4670 4673/4673/4673
f 4674/4674/4674 4673/4673/4673 4670/4670/4670
f 4674/4674/4674 4670/4670/4670 4675/4675/4675
f 4671/4671/4671 4675/4675/4675 4670/4670/4670
f 4673/4673/4673 4676/4676/4676 4672/4672/4672
f 4673/4673/4673 4674/4674/4674 4676/4676/4676
f 4675/4675/4675 4677/4677/4677 4674/4674/4674
f 4679/4679/4679 4678/4678/4678 4680/4680/4680
f 4681/4681/4681 4680/4680/4680 4678/4678/4678
f 4681/4681/4681 4682/4682/4682 4680/4680/4680
f 4683/4683/4683 4680/4680/4680 4682/4682/4682
f 4683/4683/4683 4682/4682/4682 4684/4684/4684
f 4685/4685/4685 4684/4684/4684 4682/4682/4682
f 4686/4686/4686 4679/4679/4679 4687/4687/4687
f 4680/4680/4680 4687/4687/4687 4679/4679/4679
f 4680/4680/4680 4683/4683/4683 4687/4687/4687
f 4688/4688/4688 4687/4687/4687 4683/4683/4683
f 4688/4688/4688 4683/4683/4683 4689/4689/4689
f 4684/4684/4684 4689/4689/4689 4683/4683/4683
f 4690/4690/4690 4686/4686/4686 4691/4691/4691
f 4687/4687/4687 4691/4691/4691 4686/4686/4686
f 4687/4687/4687 4688/4688/4688 4691/4691/4691
f 4692/4692/4692 4691/4691/4691 4688/4688/4688
f 4692/4692/4692 4688/4688/4688 4693/4693/4693
f 4689/4689/4689 4693/4693/4693 4688/4688/4688
f 4691/4691/4691 4694/4694/4694 4690/4690/4690
f 4691/4691/4691 4692/4692/4692 4694/4694/4694
f 4693/4693/4693 4695/4695/4695 4692/4692/4692
f 4697/4697/4697 4696/4696/4696 4698/4698/4698
f 4699/4699/4699 4698/4698/4698 4696/4696/4696
f 4699/4699/4699 4700/4700/4700 4698/4698/4698
f 4701/4701/4701 4698/4698/4698 4700/4700/4700
f 4701/4701/4701 4700/4700/4700 4702/4702/4702
f 4703/4703/4703 4702/4702/4702 4700/4700/4700
f 4704/4704/4704 4697/4697/4697 4705/4705/4705
f 4698/4698/4698 4705/4705/4705 4697/4697/4697
f 4698/4698/4698 4701/4701/4701 4705/4705/4705
f 4706/4706/4706 4705/4705/4705 4701/4701/4701
f 4706/4706/4706 4701/4701/4701 4707/4707/4707
f 4702/4702/4702 4707/4707/4707 4701/4701/4701
f 4708/4708/4708 4704/4704/4704 4709/4709/4709
f 4705/4705/4705 4709/4709/4709 4704/4704/4704
f 4705/4705/4705 4706/4706/4706 4709/4709/4709
f 4710/4710/4710 4709/4709/4709 4706/4706/4706
f 4710/4710/4710 4706/4706/4706 4711/4711/4711
f 4707/4707/4707 4711/4711/4711 4706/4706/4706
f 4709/4709/4709 4712/4712/4712 4708/4708/4708
f 4709/4709/4709 4710/4710/4710 4712/4712/4712
f 4711/4711/4711 4713/4713/4713 4710/4710/4710
f 1816/1816/1816 1817/1817/1817 4714/4714/4714
f 1817/1817/1817 1818/1818/1818 4715/4715/4715
f 1818/1818/1818 1819/1819/1819 4716/4716/4716
f 1837/1837/1837 1838/1838/1838 4717/4717/4717
f 4718/4718/4718 4717/4717/4717 1838/1838/1838
f 1838/1838/1838 1839/1839/1839 4718/4718/4718
f 4719/4719/4719 4718/4718/4718 1839/1839/1839
f 1839/1839/1839 1840/1840/1840 4719/4719/4719
f 4720/4720/4720 4719/4719/4719 1840/1840/1840
f 1840/1840/1840 1841/1841/1841 4720/4720/4720
f 4721/4721/4721 4720/4720/4720 1841/1841/1841
f 4718/4718/4718 4722/4722/4722 4717/4717/4717
f 4718/4718/4718 4719/4719/4719 4722/4722/4722
f 4720/4720/4720 4723/4723/4723 4719/4719/4719
f 4720/4720/4720 4721/4721/4721 4723/4723/4723
f 1861/1861/1861 1862/1862/1862 4724/4724/4724
f 1862/1862/1862 1863/1863/1863 4725/4725/4725
f 1863/1863/1863 1864/1864/1864 4726/4726/4726
f 1882/1882/1882 1883/1883/1883 4727/4727/4727
f 4728/4728/4728 4727/4727/4727 1883/1883/1883
f 1883/1883/1883 1884/1884/1884 4728/4728/4728
f 4729/4729/4729 4728/4728/4728 1884/1884/1884
f 1884/1884/1884 1885/1885/1885 4729/4729/4729
f 4730/4730/4730 4729/4729/4729 1885/1885/1885
f 1885/1885/1885 1886/1886/1886 4730/4730/4730
f 4731/4731/4731 4730/4730/4730 1886/1886/1886
f 4728/4728/4728 4732/4732/4732 4727/4727/4727
f 4728/4728/4728 4729/4729/4729 4732/4732/4732
f 4730/4730/4730 4733/4733/4733 4729/4729/4729
f 4730/4730/4730 4731/4731/4731 4733/4733/4733
f 1909/1909/1909 1910/1910/1910 4734/4734/4734
f 4735/4735/4735 4734/4734/4734 1910/1910/1910
f 1910/1910/1910 1911/1911/1911 4735/4735/4735
f 4736/4736/4736 4735/4735/4735 1911/1911/1911
f 1911/1911/1911 1912/1912/1912 4736/4736/4736
f 4737/4737/4737 4736/4736/4736 1912/1912/1912
f 1912/1912/1912 1913/1913/1913 4737/4737/4737
f 4738/4738/4738 4737/4737/4737 1913/1913/1913
f 4735/4735/4735 4739/4739/4739 4734/4734/4734
f 4735/4735/4735 4736/4736/4736 4739/4739/4739
f 4737/4737/4737 4740/4740/4740 4736/4736/4736
f 4737/4737/4737 4738/4738/4738 4740/4740/4740
f 1942/1942/1942 1943/1943/1943 4741/4741/4741
f 4742/4742/4742 4741/4741/4741 1943/1943/1943
f 1943/1943/1943 1944/1944/1944 4742/4742/4742
f 4743/4743/4743 4742/4742/4742 1944/1944/1944
f 1944/1944/1944 1945/1945/1945 4743/4743/4743
f 4744/4744/4744 4743/4743/4743 1945/1945/1945
f 1945/1945/1945 1946/1946/1946 4744/4744/4744
f 4745/4745/4745 4744/4744/4744 1946/1946/1946
f 1946/1946/1946 1947/1947/1947 4745/4745/4745
f 4746/4746/4746 4745/4745/4745 1947/1947/1947
f 1947/1947/1947 1948/1948/1948 4746/4746/4746
f 4747/4747/4747 4746/4746/4746 1948/1948/1948
f 4748/4748/4748 4741/4741/4741 4749/4749/4749
f 4742/4742/4742 4749/4749/4749 4741/4741/4741
f 4742/4742/4742 4743/4743/4743 4749/4749/4749
f 4750/4750/4750 4749/4749/4749 4743/4743/4743
f 4750/4750/4750 4743/4743/4743 4751/4751/4751
f 4744/4744/4744 4751/4751/4751 4743/4743/4743
f 4744/4744/4744 4745/4745/4745 4751/4751/4751
f 4752/4752/4752 4751/4751/4751 4745/4745/4745
f 4752/4752/4752 4745/4745/4745 4753/4753/4753
f 4746/4746/4746 4753/4753/4753 4745/4745/4745
f 4746/4746/4746 4747/4747/4747 4753/4753/4753
f 4754/4754/4754 4753/4753/4753 4747/4747/4747
f 4749/4749/4749 4755/4755/4755 4748/4748/4748
f 4749/4749/4749 4750/4750/4750 4755/4755/4755
f 4751/4751/4751 4756/4756/4756 4750/4750/4750
f 4751/4751/4751 4752/4752/4752 4756/4756/4756
f 4753/4753/4753 4757/4757/4757 4752/4752/4752
f 4753/4753/4753 4754/4754/4754 4757/4757/4757
f 1984/1984/1984 1985/1985/1985 4758/4758/4758
f 4759/4759/4759 4758/4758/4758 1985/1985/1985
f 1985/1985/1985 1986/1986/1986 4759/4759/4759
f 4760/4760/4760 4759/4759/4759 1986/1986/1986
f 1986/1986/1986 1987/1987/1987 4760/4760/4760
f 4761/4761/4761 4760/4760/4760 1987/1987/1987
f 1987/1987/1987 1988/1988/1988 4761/4761/4761
f 4762/4762/4762 4761/4761/4761 1988/1988/1988
f 1988/1988/1988 1989/1989/1989 4762/4762/4762
f 4763/4763/4763 4762/4762/4762 1989/1989/1989
f 4764/4764/4764 4758/4758/4758 4765/4765/4765
f 4759/4759/4759 4765/4765/4765 4758/4758/4758
f 4759/4759/4759 4760/4760/4760 4765/4765/4765
f 4766/4766/4766 4765/4765/4765 4760/4760/4760
f 4766/4766/4766 4760/4760/4760 4767/4767/4767
f 4761/4761/4761 4767/4767/4767 4760/4760/4760
f 4761/4761/4761 4762/4762/4762 4767/4767/4767
f 4768/4768/4768 4767/4767/4767 4762/4762/4762
f 4768/4768/4768 4762/4762/4762 4769/4769/4769
f 4763/4763/4763 4769/4769/4769 4762/4762/4762
f 4765/4765/4765 4770/4770/4770 4764/4764/4764
f 4765/4765/4765 4766/4766/4766 4770/4770/4770
f 4767/4767/4767 4771/4771/4771 4766/4766/4766
f 4767/4767/4767 4768/4768/4768 4771/4771/4771
f 4769/4769/4769 4772/4772/4772 4768/4768/4768
f 2023/2023/2023 2024/2024/2024 4773/4773/4773
f 4774/4774/4774 4773/4773/4773 2024/2024/2024
f 2024/2024/2024 2025/2025/2025 4774/4774/4774
f 4775/4775/4775 4774/4774/4774 2025/2025/2025
f 2025/2025/2025 2026/2026/2026 4775/4775/4775
f 4776/4776/4776 4775/4775/4775 2026/2026/2026
f 2026/2026/2026 2027/2027/2027 4776/4776/4776
f 4777/4777/4777 4776/4776/4776 2027/2027/2027
f 2027/2027/2027 2028/2028/2028 4777/4777/4777
f 4778/4778/4778 4777/4777/4777 2028/2028/2028
f 4779/4779/4779 4773/4773/4773 4780/4780/4780
f 4774/4774/4774 4780/4780/4780 4773/4773/4773
f 4774/4774/4774 4775/4775/4775 4780/4780/4780
f 4781/4781/4781 4780/4780/4780 4775/4775/4775
f 4781/4781/4781 4775/4775/4775 4782/4782/4782
f 4776/4776/4776 4782/4782/4782 4775/4775/4775
f 4776/4776/4776 4777/4777/4777 4782/4782/4782
f 4783/4783/4783 4782/4782/4782 4777/4777/4777
f 4783/4783/4783 4777/4777/4777 4784/4784/4784
f 4778/4778/4778 4784/4784/4784 4777/4777/4777
f 4780/4780/4780 4785/4785/4785 4779/4779/4779
f 4780/4780/4780 4781/4781/4781 4785/4785/4785
f 4782/4782/4782 4786/4786/4786 4781/4781/4781
f 4782/4782/4782 4783/4783/4783 4786/4786/4786
f 4784/4784/4784 4787/4787/4787 4783/4783/4783
f 2072/2072/2072 2073/2073/2073 4788/4788/4788
f 4789/4789/4789 4788/4788/4788 2073/2073/2073
f 2073/2073/2073 2074/2074/2074 4789/4789/4789
f 4790/4790/4790 4789/4789/4789 2074/2074/2074
f 2074/2074/2074 2075/2075/2075 4790/4790/4790
f 4791/4791/4791 4790/4790/4790 2075/2075/2075
f 2075/2075/2075 2076/2076/2076 4791/4791/4791
f 4792/4792/4792 4791/4791/4791 2076/2076/2076
f 2076/2076/2076 2077/2077/2077 4792/4792/4792
f 4793/4793/4793 4792/4792/4792 2077/2077/2077
f 2077/2077/2077 2078/2078/2078 4793/4793/4793
f 4794/4794/4794 4793/4793/4793 2078/2078/2078
f 4789/4789/4789 4795/4795/4795 4788/4788/4788
f 4789/4789/4789 4790/4790/4790 4795/4795/4795
f 4791/4791/4791 4796/4796/4796 4790/4790/4790
f 4791/4791/4791 4792/4792/4792 4796/4796/4796
f 4793/4793/4793 4797/4797/4797 4792/4792/4792
f 4793/4793/4793 4794/4794/4794 4797/4797/4797
f 2104/2104/2104 2105/2105/2105 4798/4798/4798
f 4799/4799/4799 4798/4798/4798 2105/2105/2105
f 2105/2105/2105 2106/2106/2106 4799/4799/4799
f 4800/4800/4800 4799/4799/4799 2106/2106/2106
f 2106/2106/2106 2107/2107/2107 4800/4800/4800
f 4801/4801/4801 4800/4800/4800 2107/2107/2107
f 2107/2107/2107 2108/2108/2108 4801/4801/4801
f 4802/4802/4802 4801/4801/4801 2108/2108/2108
f 4799/4799/4799 4803/4803/4803 4798/4798/4798
f 4799/4799/4799 4800/4800/4800 4803/4803/4803
f 4801/4801/4801 4804/4804/4804 4800/4800/4800
f 4801/4801/4801 4802/4802/4802 4804/4804/4804
f 2134/2134/2134 2135/2135/2135 4805/4805/4805
f 4806/4806/4806 4805/4805/4805 2135/2135/2135
f 2135/2135/2135 2136/2136/2136 4806/4806/4806
f 4807/4807/4807 4806/4806/4806 2136/2136/2136
f 2136/2136/2136 2137/2137/2137 4807/4807/4807
f 4808/4808/4808 4807/4807/4807 2137/2137/2137
f 2137/2137/2137 2138/2138/2138 4808/4808/4808
f 4809/4809/4809 4808/4808/4808 2138/2138/2138
f 2138/2138/2138 2139/2139/2139 4809/4809/4809
f 4810/4810/4810 4809/4809/4809 2139/2139/2139
f 4806/4806/4806 4811/4811/4811 4805/4805/4805
f 4806/4806/4806 4807/4807/4807 4811/4811/4811
f 4808/4808/4808 4812/4812/4812 4807/4807/4807
f 4808/4808/4808 4809/4809/4809 4812/4812/4812
f 4810/4810/4810 4813/4813/4813 4809/4809/4809
f 2173/2173/2173 2174/2174/2174 4814/4814/4814
f 4815/4815/4815 4814/4814/4814 2174/2174/2174
f 2174/2174/2174 2175/2175/2175 4815/4815/4815
f 4816/4816/4816 4815/4815/4815 2175/2175/2175
f 2175/2175/2175 2176/2176/2176 4816/4816/4816
f 4817/4817/4817 4816/4816/4816 2176/2176/2176
f 2176/2176/2176 2177/2177/2177 4817/4817/4817
f 4818/4818/4818 4817/4817/4817 2177/2177/2177
f 2177/2177/2177 2178/2178/2178 4818/4818/4818
f 4819/4819/4819 4818/4818/4818 2178/2178/2178
f 4815/4815/4815 4820/4820/4820 4814/4814/4814
f 4815/4815/4815 4816/4816/4816 4820/4820/4820
f 4817/4817/4817 4821/4821/4821 4816/4816/4816
f 4817/4817/4817 4818/4818/4818 4821/4821/4821
f 4819/4819/4819 4822/4822/4822 4818/4818/4818
f 2203/2203/2203 2204/2204/2204 4823/4823/4823
f 4824/4824/4824 4823/4823/4823 2204/2204/2204
f 2204/2204/2204 2205/2205/2205 4824/4824/4824
f 4825/4825/4825 4824/4824/4824 2205/2205/2205
f 2205/2205/2205 2206/2206/2206 4825/4825/4825
f 4826/4826/4826 4825/4825/4825 2206/2206/2206
f 2206/2206/2206 2207/2207/2207 4826/4826/4826
f 4827/4827/4827 4826/4826/4826 2207/2207/2207
f 4824/4824/4824 4828/4828/4828 4823/4823/4823
f 4824/4824/4824 4825/4825/4825 4828/4828/4828
f 4826/4826/4826 4829/4829/4829 4825/4825/4825
f 4826/4826/4826 4827/4827/4827 4829/4829/4829
f 2243/2243/2243 2244/2244/2244 4830/4830/4830
f 4831/4831/4831 4830/4830/4830 2244/2244/2244
f 2244/2244/2244 2245/2245/2245 4831/4831/4831
f 4832/4832/4832 4831/4831/4831 2245/2245/2245
f 2245/2245/2245 2246/2246/2246 4832/4832/4832
f 4833/4833/4833 4832/4832/4832 2246/2246/2246
f 2246/2246/2246 2247/2247/2247 4833/4833/4833
f 4834/4834/4834 4833/4833/4833 2247/2247/2247
f 2247/2247/2247 2248/2248/2248 4834/4834/4834
f 4835/4835/4835 4834/4834/4834 2248/2248/2248
f 2248/2248/2248 2249/2249/2249 4835/4835/4835
f 4836/4836/4836 4835/4835/4835 2249/2249/2249
f 4831/4831/4831 4837/4837/4837 4830/4830/4830
f 4831/4831/4831 4832/4832/4832 4837/4837/4837
f 4833/4833/4833 4838/4838/4838 4832/4832/4832
f 4833/4833/4833 4834/4834/4834 4838/4838/4838
f 4835/4835/4835 4839/4839/4839 4834/4834/4834
f 4835/4835/4835 4836/4836/4836 4839/4839/4839
f 2272/2272/2272 2273/2273/2273 4840/4840/4840
f 2273/2273/2273 2274/2274/2274 4841/4841/4841
f 2274/2274/2274 2275/2275/2275 4842/4842/4842
f 2293/2293/2293 2294/2294/2294 4843/4843/4843
f 4844/4844/4844 4843/4843/4843 2294/2294/2294
f 2294/2294/2294 2295/2295/2295 4844/4844/4844
f 4845/4845/4845 4844/4844/4844 2295/2295/2295
f 2295/2295/2295 2296/2296/2296 4845/4845/4845
f 4846/4846/4846 4845/4845/4845 2296/2296/2296
f 2296/2296/2296 2297/2297/2297 4846/4846/4846
f 4847/4847/4847 4846/4846/4846 2297/2297/2297
f 4844/4844/4844 4848/4848/4848 4843/4843/4843
f 4844/4844/4844 4845/4845/4845 4848/4848/4848
f 4846/4846/4846 4849/4849/4849 4845/4845/4845
f 4846/4846/4846 4847/4847/4847 4849/4849/4849
f 2320/2320/2320 2321/2321/2321 4850/4850/4850
f 4851/4851/4851 4850/4850/4850 2321/2321/2321
f 2321/2321/2321 2322/2322/2322 4851/4851/4851
f 4852/4852/4852 4851/4851/4851 2322/2322/2322
f 2322/2322/2322 2323/2323/2323 4852/4852/4852
f 4853/4853/4853 4852/4852/4852 2323/2323/2323
f 2323/2323/2323 2324/2324/2324 4853/4853/4853
f 4854/4854/4854 4853/4853/4853 2324/2324/2324
f 4851/4851/4851 4855/4855/4855 4850/4850/4850
f 4851/4851/4851 4852/4852/4852 4855/4855/4855
f 4853/4853/4853 4856/4856/4856 4852/4852/4852
f 4853/4853/4853 4854/4854/4854 4856/4856/4856
f 2360/2360/2360 2361/2361/2361 4857/4857/4857
f 4858/4858/4858 4857/4857/4857 2361/2361/2361
f 2361/2361/2361 2362/2362/2362 4858/4858/4858
f 4859/4859/4859 4858/4858/4858 2362/2362/2362
f 2362/2362/2362 2363/2363/2363 4859/4859/4859
f 4860/4860/4860 4859/4859/4859 2363/2363/2363
f 2363/2363/2363 2364/2364/2364 4860/4860/4860
f 4861/4861/4861 4860/4860/4860 2364/2364/2364
f 2364/2364/2364 2365/2365/2365 4861/4861/4861
f 4862/4862/4862 4861/4861/4861 2365/2365/2365
f 2365/2365/2365 2366/2366/2366 4862/4862/4862
f 4863/4863/4863 4862/4862/4862 2366/2366/2366
f 4858/4858/4858 4864/4864/4864 4857/4857/4857
f 4858/4858/4858 4859/4859/4859 4864/4864/4864
f 4860/4860/4860 4865/4865/4865 4859/4859/4859
f 4860/4860/4860 4861/4861/4861 4865/4865/4865
f 4862/4862/4862 4866/4866/4866 4861/4861/4861
f 4862/4862/4862 4863/4863/4863 4866/4866/4866
f 2392/2392/2392 2393/2393/2393 4867/4867/4867
f 4868/4868/4868 4867/4867/4867 2393/2393/2393
f 2393/2393/2393 2394/2394/2394 4868/4868/4868
f 4869/4869/4869 4868/4868/4868 2394/2394/2394
f 2394/2394/2394 2395/2395/2395 4869/4869/4869
f 4870/4870/4870 4869/4869/4869 2395/2395/2395
f 2395/2395/2395 2396/2396/2396 4870/4870/4870
f 4871/4871/4871 4870/4870/4870 2396/2396/2396
f 4868/4868/4868 4872/4872/4872 4867/4867/4867
f 4868/4868/4868 4869/4869/4869 4872/4872/4872
f 4870/4870/4870 4873/4873/4873 4869/4869/4869
f 4870/4870/4870 4871/4871/4871 4873/4873/4873
f 2425/2425/2425 2426/2426/2426 4874/4874/4874
f 4875/4875/4875 4874/4874/4874 2426/2426/2426
f 2426/2426/2426 2427/2427/2427 4875/4875/4875
f 4876/4876/4876 4875/4875/4875 2427/2427/2427
f 2427/2427/2427 2428/2428/2428 4876/4876/4876
f 4877/4877/4877 4876/4876/4876 2428/2428/2428
f 2428/2428/2428 2429/2429/2429 4877/4877/4877
f 4878/4878/4878 4877/4877/4877 2429/2429/2429
f 2429/2429/2429 2430/2430/2430 4878/4878/4878
f 4879/4879/4879 4878/4878/4878 2430/2430/2430
f 2430/2430/2430 2431/2431/2431 4879/4879/4879
f 4880/4880/4880 4879/4879/4879 2431/2431/2431
f 4881/4881/4881 4874/4874/4874 4882/4882/4882
f 4875/4875/4875 4882/4882/4882 4874/4874/4874
f 4875/4875/4875 4876/4876/4876 4882/4882/4882
f 4883/4883/4883 4882/4882/4882 4876/4876/4876
f 4883/4883/4883 4876/4876/4876 4884/4884/4884
f 4877/4877/4877 4884/4884/4884 4876/4876/4876
f 4877/4877/4877 4878/4878/4878 4884/4884/4884
f 4885/4885/4885 4884/4884/4884 4878/4878/4878
f 4885/4885/4885 4878/4878/4878 4886/4886/4886
f 4879/4879/4879 4886/4886/4886 4878/4878/4878
f 4879/4879/4879 4880/4880/4880 4886/4886/4886
f 4887/4887/4887 4886/4886/4886 4880/4880/4880
f 4882/4882/4882 4888/4888/4888 4881/4881/4881
f 4882/4882/4882 4883/4883/4883 4888/4888/4888
f 4884/4884/4884 4889/4889/4889 4883/4883/4883
f 4884/4884/4884 4885/4885/4885 4889/4889/4889
f 4886/4886/4886 4890/4890/4890 4885/4885/4885
f 4886/4886/4886 4887/4887/4887 4890/4890/4890
f 2473/2473/2473 2474/2474/2474 4891/4891/4891
f 4892/4892/4892 4891/4891/4891 2474/2474/2474
f 2474/2474/2474 2475/2475/2475 4892/4892/4892
f 4893/4893/4893 4892/4892/4892 2475/2475/2475
f 2475/2475/2475 2476/2476/2476 4893/4893/4893
f 4894/4894/4894 4893/4893/4893 2476/2476/2476
f 2476/2476/2476 2477/2477/2477 4894/4894/4894
f 4895/4895/4895 4894/4894/4894 2477/2477/2477
f 2477/2477/2477 2478/2478/2478 4895/4895/4895
f 4896/4896/4896 4895/4895/4895 2478/2478/2478
f 4892/4892/4892 4897/4897/4897 4891/4891/4891
f 4892/4892/4892 4893/4893/4893 4897/4897/4897
f 4894/4894/4894 4898/4898/4898 4893/4893/4893
f 4894/4894/4894 4895/4895/4895 4898/4898/4898
f 4896/4896/4896 4899/4899/4899 4895/4895/4895
f 2503/2503/2503 2504/2504/2504 4900/4900/4900
f 4901/4901/4901 4900/4900/4900 2504/2504/2504
f 2504/2504/2504 2505/2505/2505 4901/4901/4901
f 4902/4902/4902 4901/4901/4901 2505/2505/2505
f 2505/2505/2505 2506/2506/2506 4902/4902/4902
f 4903/4903/4903 4902/4902/4902 2506/2506/2506
f 2506/2506/2506 2507/2507/2507 4903/4903/4903
f 4904/4904/4904 4903/4903/4903 2507/2507/2507
f 4901/4901/4901 4905/4905/4905 4900/4900/4900
f 4901/4901/4901 4902/4902/4902 4905/4905/4905
f 4903/4903/4903 4906/4906/4906 4902/4902/4902
f 4903/4903/4903 4904/4904/4904 4906/4906/4906
f 2533/2533/2533 2534/2534/2534 4907/4907/4907
f 4908/4908/4908 4907/4907/4907 2534/2534/2534
f 2534/2534/2534 2535/2535/2535 4908/4908/4908
f 4909/4909/4909 4908/4908/4908 2535/2535/2535
f 2535/2535/2535 2536/2536/2536 4909/4909/4909
f 4910/4910/4910 4909/4909/4909 2536/2536/2536
f 2536/2536/2536 2537/2537/2537 4910/4910/4910
f 4911/4911/4911 4910/4910/4910 2537/2537/2537
f 2537/2537/2537 2538/2538/2538 4911/4911/4911
f 4912/4912/4912 4911/4911/4911 2538/2538/2538
f 4908/4908/4908 4913/4913/4913 4907/4907/4907
f 4908/4908/4908 4909/4909/4909 4913/4913/4913
f 4910/4910/4910 4914/4914/4914 4909/4909/4909
f 4910/4910/4910 4911/4911/4911 4914/4914/4914
f 4912/4912/4912 4915/4915/4915 4911/4911/4911
f 2566/2566/2566 2567/2567/2567 4916/4916/4916
f 4917/4917/4917 4916/4916/4916 2567/2567/2567
f 2567/2567/2567 2568/2568/2568 4917/4917/4917
f 4918/4918/4918 4917/4917/4917 2568/2568/2568
f 2568/2568/2568 2569/2569/2569 4918/4918/4918
f 4919/4919/4919 4918/4918/4918 2569/2569/2569
f 2569/2569/2569 2570/2570/2570 4919/4919/4919
f 4920/4920/4920 4919/4919/4919 2570/2570/2570
f 2570/2570/2570 2571/2571/2571 4920/4920/4920
f 4921/4921/4921 4920/4920/4920 2571/2571/2571
f 4917/4917/4917 4922/4922/4922 4916/4916/4916
f 4917/4917/4917 4918/4918/4918 4922/4922/4922
f 4919/4919/4919 4923/4923/4923 4918/4918/4918
f 4919/4919/4919 4920/4920/4920 4923/4923/4923
f 4921/4921/4921 4924/4924/4924 4920/4920/4920
f 2609/2609/2609 2610/2610/2610 4925/4925/4925
f 4926/4926/4926 4925/4925/4925 2610/2610/2610
f 2610/2610/2610 2611/2611/2611 4926/4926/4926
f 4927/4927/4927 4926/4926/4926 2611/2611/2611
f 2611/2611/2611 2612/2612/2612 4927/4927/4927
f 4928/4928/4928 4927/4927/4927 2612/2612/2612
f 2612/2612/2612 2613/2613/2613 4928/4928/4928
f 4929/4929/4929 4928/4928/4928 2613/2613/2613
f 2613/2613/2613 2614/2614/2614 4929/4929/4929
f 4930/4930/4930 4929/4929/4929 2614/2614/2614
f 2614/2614/2614 2615/2615/2615 4930/4930/4930
f 4931/4931/4931 4930/4930/4930 2615/2615/2615
f 4926/4926/4926 4932/4932/4932 4925/4925/4925
f 4926/4926/4926 4927/4927/4927 4932/4932/4932
f 4928/4928/4928 4933/4933/4933 4927/4927/4927
f 4928/4928/4928 4929/4929/4929 4933/4933/4933
f 4930/4930/4930 4934/4934/4934 4929/4929/4929
f 4930/4930/4930 4931/4931/4931 4934/4934/4934
f 2641/2641/2641 2642/2642/2642 4935/4935/4935
f 4936/4936/4936 4935/4935/4935 2642/2642/2642
f 2642/2642/2642 2643/2643/2643 4936/4936/4936
f 4937/4937/4937 4936/4936/4936 2643/2643/2643
f 2643/2643/2643 2644/2644/2644 4937/4937/4937
f 4938/4938/4938 4937/4937/4937 2644/2644/2644
f 2644/2644/2644 2645/2645/2645 4938/4938/4938
f 4939/4939/4939 4938/4938/4938 2645/2645/2645
f 4936/4936/4936 4940/4940/4940 4935/4935/4935
f 4936/4936/4936 4937/4937/4937 4940/4940/4940
f 4938/4938/4938 4941/4941/4941 4937/4937/4937
f 4938/4938/4938 4939/4939/4939 4941/4941/4941
f 2671/2671/2671 2672/2672/2672 4942/4942/4942
f 4943/4943/4943 4942/4942/4942 2672/2672/2672
f 2672/2672/2672 2673/2673/2673 4943/4943/4943
f 4944/4944/4944 4943/4943/4943 2673/2673/2673
f 2673/2673/2673 2674/2674/2674 4944/4944/4944
f 4945/4945/4945 4944/4944/4944 2674/2674/2674
f 2674/2674/2674 2675/2675/2675 4945/4945/4945
f 4946/4946/4946 4945/4945/4945 2675/2675/2675
f 2675/2675/2675 2676/2676/2676 4946/4946/4946
f 4947/4947/4947 4946/4946/4946 2676/2676/2676
f 4943/4943/4943 4948/4948/4948 4942/4942/4942
f 4943/4943/4943 4944/4944/4944 4948/4948/4948
f 4945/4945/4945 4949/4949/4949 4944/4944/4944
f 4945/4945/4945 4946/4946/4946 4949/4949/4949
f 4947/4947/4947 4950/4950/4950 4946/4946/4946
f 2704/2704/2704 2705/2705/2705 4951/4951/4951
f 4952/4952/4952 4951/4951/4951 2705/2705/2705
f 2705/2705/2705 2706/2706/2706 4952/4952/4952
f 4953/4953/4953 4952/4952/4952 2706/2706/2706
f 2706/2706/2706 2707/2707/2707 4953/4953/4953
f 4954/4954/4954 4953/4953/4953 2707/2707/2707
f 2707/2707/2707 2708/2708/2708 4954/4954/4954
f 4955/4955/4955 4954/4954/4954 2708/2708/2708
f 2708/2708/2708 2709/2709/2709 4955/4955/4955
f 4956/4956/4956 4955/4955/4955 2709/2709/2709
f 4952/4952/4952 4957/4957/4957 4951/4951/4951
f 4952/4952/4952 4953/4953/4953 4957/4957/4957
f 4954/4954/4954 4958/4958/4958 4953/4953/4953
f 4954/4954/4954 4955/4955/4955 4958/4958/4958
f 4956/4956/4956 4959/4959/4959 4955/4955/4955
f 2734/2734/2734 2735/2735/2735 4960/4960/4960
f 4961/4961/4961 4960/4960/4960 2735/2735/2735
f 2735/2735/2735 2736/2736/2736 4961/4961/4961
f 4962/4962/4962 4961/4961/4961 2736/2736/2736
f 2736/2736/2736 2737/2737/2737 4962/4962/4962
f 4963/4963/4963 4962/4962/4962 2737/2737/2737
f 2737/2737/2737 2738/2738/2738 4963/4963/4963
f 4964/4964/4964 4963/4963/4963 2738/2738/2738
f 4961/4961/4961 4965/4965/4965 4960/4960/4960
f 4961/4961/4961 4962/4962/4962 4965/4965/4965
f 4963/4963/4963 4966/4966/4966 4962/4962/4962
f 4963/4963/4963 4964/4964/4964 4966/4966/4966
f 2764/2764/2764 2765/2765/2765 4967/4967/4967
f 4968/4968/4968 4967/4967/4967 2765/2765/2765
f 2765/2765/2765 2766/2766/2766 4968/4968/4968
f 4969/4969/4969 4968/4968/4968 2766/2766/2766
f 2766/2766/2766 2767/2767/2767 4969/4969/4969
f 4970/4970/4970 4969/4969/4969 2767/2767/2767
f 2767/2767/2767 2768/2768/2768 4970/4970/4970
f 4971/4971/4971 4970/4970/4970 2768/2768/2768
f 2768/2768/2768 2769/2769/2769 4971/4971/4971
f 4972/4972/4972 4971/4971/4971 2769/2769/2769
f 4968/4968/4968 4973/4973/4973 4967/4967/4967
f 4968/4968/4968 4969/4969/4969 4973/4973/4973
f 4970/4970/4970 4974/4974/4974 4969/4969/4969
f 4970/4970/4970 4971/4971/4971 4974/4974/4974
f 4972/4972/4972 4975/4975/4975 4971/4971/4971
f 2800/2800/2800 2801/2801/2801 4976/4976/4976
f 4977/4977/4977 4976/4976/4976 2801/2801/2801
f 2801/2801/2801 2802/2802/2802 4977/4977/4977
f 4978/4978/4978 4977/4977/4977 2802/2802/2802
f 2802/2802/2802 2803/2803/2803 4978/4978/4978
f 4979/4979/4979 4978/4978/4978 2803/2803/2803
f 2803/2803/2803 2804/2804/2804 4979/4979/4979
f 4980/4980/4980 4979/4979/4979 2804/2804/2804
f 2804/2804/2804 2805/2805/2805 4980/4980/4980
f 4981/4981/4981 4980/4980/4980 2805/2805/2805
f 2805/2805/2805 2806/2806/2806 4981/4981/4981
f 4982/4982/4982 4981/4981/4981 2806/2806/2806
f 4983/4983/4983 4976/4976/4976 4984/4984/4984
f 4977/4977/4977 4984/4984/4984 4976/4976/4976
f 4977/4977/4977 4978/4978/4978 4984/4984/4984
f 4985/4985/4985 4984/4984/4984 4978/4978/4978
f 4985/4985/4985 4978/4978/4978 4986/4986/4986
f 4979/4979/4979 4986/4986/4986 4978/4978/4978
f 4979/4979/4979 4980/4980/4980 4986/4986/4986
f 4987/4987/4987 4986/4986/4986 4980/4980/4980
f 4987/4987/4987 4980/4980/4980 4988/4988/4988
f 4981/4981/4981 4988/4988/4988 4980/4980/4980
f 4981/4981/4981 4982/4982/4982 4988/4988/4988
f 4989/4989/4989 4988/4988/4988 4982/4982/4982
f 4984/4984/4984 4990/4990/4990 4983/4983/4983
f 4984/4984/4984 4985/4985/4985 4990/4990/4990
f 4986/4986/4986 4991/4991/4991 4985/4985/4985
f 4986/4986/4986 4987/4987/4987 4991/4991/4991
f 4988/4988/4988 4992/4992/4992 4987/4987/4987
f 4988/4988/4988 4989/4989/4989 4992/4992/4992
f 2852/2852/2852 2853/2853/2853 4993/4993/4993
f 4994/4994/4994 4993/4993/4993 2853/2853/2853
f 2853/2853/2853 2854/2854/2854 4994/4994/4994
f 4995/4995/4995 4994/4994/4994 2854/2854/2854
f 2854/2854/2854 2855/2855/2855 4995/4995/4995
f 4996/4996/4996 4995/4995/4995 2855/2855/2855
f 2855/2855/2855 2856/2856/2856 4996/4996/4996
f 4997/4997/4997 4996/4996/4996 2856/2856/2856
f 2856/2856/2856 2857/2857/2857 4997/4997/4997
f 4998/4998/4998 4997/4997/4997 2857/2857/2857
f 2857/2857/2857 2858/2858/2858 4998/4998/4998
f 4999/4999/4999 4998/4998/4998 2858/2858/2858
f 4994/4994/4994 5000/5000/5000 4993/4993/4993
f 4994/4994/4994 4995/4995/4995 5000/5000/5000
f 4996/4996/4996 5001/5001/5001 4995/4995/4995
f 4996/4996/4996 4997/4997/4997 5001/5001/5001
f 4998/4998/4998 5002/5002/5002 4997/4997/4997
f 4998/4998/4998 4999/4999/4999 5002/5002/5002
f 2887/2887/2887 2888/2888/2888 5003/5003/5003
f 5004/5004/5004 5003/5003/5003 2888/2888/2888
f 2888/2888/2888 2889/2889/2889 5004/5004/5004
f 5005/5005/5005 5004/5004/5004 2889/2889/2889
f 2889/2889/2889 2890/2890/2890 5005/5005/5005
f 5006/5006/5006 5005/5005/5005 2890/2890/2890
f 2890/2890/2890 2891/2891/2891 5006/5006/5006
f 5007/5007/5007 5006/5006/5006 2891/2891/2891
f 2891/2891/2891 2892/2892/2892 5007/5007/5007
f 5008/5008/5008 5007/5007/5007 2892/2892/2892
f 5004/5004/5004 5009/5009/5009 5003/5003/5003
f 5004/5004/5004 5005/5005/5005 5009/5009/5009
f 5006/5006/5006 5010/5010/5010 5005/5005/5005
f 5006/5006/5006 5007/5007/5007 5010/5010/5010
f 5008/5008/5008 5011/5011/5011 5007/5007/5007
f 2914/2914/2914 2915/2915/2915 5012/5012/5012
f 2915/2915/2915 2916/2916/2916 5013/5013/5013
f 2916/2916/2916 2917/2917/2917 5014/5014/5014
f 2935/2935/2935 2936/2936/2936 5015/5015/5015
f 5016/5016/5016 5015/5015/5015 2936/2936/2936
f 2936/2936/2936 2937/2937/2937 5016/5016/5016
f 5017/5017/5017 5016/5016/5016 2937/2937/2937
f 2937/2937/2937 2938/2938/2938 5017/5017/5017
f 5018/5018/5018 5017/5017/5017 2938/2938/2938
f 2938/2938/2938 2939/2939/2939 5018/5018/5018
f 5019/5019/5019 5018/5018/5018 2939/2939/2939
f 5016/5016/5016 5020/5020/5020 5015/5015/5015
f 5016/5016/5016 5017/5017/5017 5020/5020/5020
f 5018/5018/5018 5021/5021/5021 5017/5017/5017
f 5018/5018/5018 5019/5019/5019 5021/5021/5021
f 2959/2959/2959 2960/2960/2960 5022/5022/5022
f 2960/2960/2960 2961/2961/2961 5023/5023/5023
f 2961/2961/2961 2962/2962/2962 5024/5024/5024
f 2977/2977/2977 2978/2978/2978 5025/5025/5025
f 2978/2978/2978 2979/2979/2979 5026/5026/5026
f 2979/2979/2979 2980/2980/2980 5027/5027/5027
f 2983/2983/2983 2986/2986/2986 5028/5028/5028
f 5029/5029/5029 5028/5028/5028 2986/2986/2986
f 2986/2986/2986 2987/2987/2987 5029/5029/5029
f 5030/5030/5030 5029/5029/5029 2987/2987/2987
f 2987/2987/2987 2990/2990/2990 5030/5030/5030
f 5031/5031/5031 5030/5030/5030 2990/2990/2990
f 5029/5029/5029 5032/5032/5032 5028/5028/5028
f 5029/5029/5029 5030/5030/5030 5032/5032/5032
f 5031/5031/5031 5033/5033/5033 5030/5030/5030
f 3025/3025/3025 3026/3026/3026 5034/5034/5034
f 5035/5035/5035 5034/5034/5034 3026/3026/3026
f 3026/3026/3026 3027/3027/3027 5035/5035/5035
f 5036/5036/5036 5035/5035/5035 3027/3027/3027
f 3027/3027/3027 3028/3028/3028 5036/5036/5036
f 5037/5037/5037 5036/5036/5036 3028/3028/3028
f 3028/3028/3028 3029/3029/3029 5037/5037/5037
f 5038/5038/5038 5037/5037/5037 3029/3029/3029
f 3029/3029/3029 3030/3030/3030 5038/5038/5038
f 5039/5039/5039 5038/5038/5038 3030/3030/3030
f 5035/5035/5035 5040/5040/5040 5034/5034/5034
f 5035/5035/5035 5036/5036/5036 5040/5040/5040
f 5037/5037/5037 5041/5041/5041 5036/5036/5036
f 5037/5037/5037 5038/5038/5038 5041/5041/5041
f 5039/5039/5039 5042/5042/5042 5038/5038/5038
f 3040/3040/3040 3043/3043/3043 5043/5043/5043
f 5044/5044/5044 5043/5043/5043 3043/3043/3043
f 3043/3043/3043 3044/3044/3044 5044/5044/5044
f 5045/5045/5045 5044/5044/5044 3044/3044/3044
f 3044/3044/3044 3047/3047/3047 5045/5045/5045
f 5046/5046/5046 5045/5045/5045 3047/3047/3047
f 5044/5044/5044 5047/5047/5047 5043/5043/5043
f 5044/5044/5044 5045/5045/5045 5047/5047/5047
f 5046/5046/5046 5048/5048/5048 5045/5045/5045
f 3073/3073/3073 3074/3074/3074 5049/5049/5049
f 5050/5050/5050 5049/5049/5049 3074/3074/3074
f 3074/3074/3074 3075/3075/3075 5050/5050/5050
f 5051/5051/5051 5050/5050/5050 3075/3075/3075
f 3075/3075/3075 3076/3076/3076 5051/5051/5051
f 5052/5052/5052 5051/5051/5051 3076/3076/3076
f 3076/3076/3076 3077/3077/3077 5052/5052/5052
f 5053/5053/5053 5052/5052/5052 3077/3077/3077
f 5050/5050/5050 5054/5054/5054 5049/5049/5049
f 5050/5050/5050 5051/5051/5051 5054/5054/5054
f 5052/5052/5052 5055/5055/5055 5051/5051/5051
f 5052/5052/5052 5053/5053/5053 5055/5055/5055
f 3097/3097/3097 3098/3098/3098 5056/5056/5056
f 3098/3098/3098 3099/3099/3099 5057/5057/5057
f 3099/3099/3099 3100/3100/3100 5058/5058/5058
f 3115/3115/3115 3116/3116/3116 5059/5059/5059
f 3116/3116/3116 3117/3117/3117 5060/5060/5060
f 3117/3117/3117 3118/3118/3118 5061/5061/5061
f 3136/3136/3136 3137/3137/3137 5062/5062/5062
f 5063/5063/5063 5062/5062/5062 3137/3137/3137
f 3137/3137/3137 3138/3138/3138 5063/5063/5063
f 5064/5064/5064 5063/5063/5063 3138/3138/3138
f 3138/3138/3138 3139/3139/3139 5064/5064/5064
f 5065/5065/5065 5064/5064/5064 3139/3139/3139
f 3139/3139/3139 3140/3140/3140 5065/5065/5065
f 5066/5066/5066 5065/5065/5065 3140/3140/3140
f 5063/5063/5063 5067/5067/5067 5062/5062/5062
f 5063/5063/5063 5064/5064/5064 5067/5067/5067
f 5065/5065/5065 5068/5068/5068 5064/5064/5064
f 5065/5065/5065 5066/5066/5066 5068/5068/5068
f 3160/3160/3160 3161/3161/3161 5069/5069/5069
f 3161/3161/3161 3162/3162/3162 5070/5070/5070
f 3162/3162/3162 3163/3163/3163 5071/5071/5071
f 3166/3166/3166 3169/3169/3169 5072/5072/5072
f 5073/5073/5073 5072/5072/5072 3169/3169/3169
f 3169/3169/3169 3170/3170/3170 5073/5073/5073
f 5074/5074/5074 5073/5073/5073 3170/3170/3170
f 3170/3170/3170 3173/3173/3173 5074/5074/5074
f 5075/5075/5075 5074/5074/5074 3173/3173/3173
f 5073/5073/5073 5076/5076/5076 5072/5072/5072
f 5073/5073/5073 5074/5074/5074 5076/5076/5076
f 5075/5075/5075 5077/5077/5077 5074/5074/5074
f 3199/3199/3199 3200/3200/3200 5078/5078/5078
f 5079/5079/5079 5078/5078/5078 3200/3200/3200
f 3200/3200/3200 3201/3201/3201 5079/5079/5079
f 5080/5080/5080 5079/5079/5079 3201/3201/3201
f 3201/3201/3201 3202/3202/3202 5080/5080/5080
f 5081/5081/5081 5080/5080/5080 3202/3202/3202
f 3202/3202/3202 3203/3203/3203 5081/5081/5081
f 5082/5082/5082 5081/5081/5081 3203/3203/3203
f 5079/5079/5079 5083/5083/5083 5078/5078/5078
f 5079/5079/5079 5080/5080/5080 5083/5083/5083
f 5081/5081/5081 5084/5084/5084 5080/5080/5080
f 5081/5081/5081 5082/5082/5082 5084/5084/5084
f 3235/3235/3235 3236/3236/3236 5085/5085/5085
f 5086/5086/5086 5085/5085/5085 3236/3236/3236
f 3236/3236/3236 3237/3237/3237 5086/5086/5086
f 5087/5087/5087 5086/5086/5086 3237/3237/3237
f 3237/3237/3237 3238/3238/3238 5087/5087/5087
f 5088/5088/5088 5087/5087/5087 3238/3238/3238
f 3238/3238/3238 3239/3239/3239 5088/5088/5088
f 5089/5089/5089 5088/5088/5088 3239/3239/3239
f 3239/3239/3239 3240/3240/3240 5089/5089/5089
f 5090/5090/5090 5089/5089/5089 3240/3240/3240
f 5086/5086/5086 5091/5091/5091 5085/5085/5085
f 5086/5086/5086 5087/5087/5087 5091/5091/5091
f 5088/5088/5088 5092/5092/5092 5087/5087/5087
f 5088/5088/5088 5089/5089/5089 5092/5092/5092
f 5090/5090/5090 5093/5093/5093 5089/5089/5089
f 3262/3262/3262 3263/3263/3263 5094/5094/5094
f 3263/3263/3263 3264/3264/3264 5095/5095/5095
f 3264/3264/3264 3265/3265/3265 5096/5096/5096
f 3283/3283/3283 3284/3284/3284 5097/5097/5097
f 5098/5098/5098 5097/5097/5097 3284/3284/3284
f 3284/3284/3284 3285/3285/3285 5098/5098/5098
f 5099/5099/5099 5098/5098/5098 3285/3285/3285
f 3285/3285/3285 3286/3286/3286 5099/5099/5099
f 5100/5100/5100 5099/5099/5099 3286/3286/3286
f 3286/3286/3286 3287/3287/3287 5100/5100/5100
f 5101/5101/5101 5100/5100/5100 3287/3287/3287
f 5098/5098/5098 5102/5102/5102 5097/5097/5097
f 5098/5098/5098 5099/5099/5099 5102/5102/5102
f 5100/5100/5100 5103/5103/5103 5099/5099/5099
f 5100/5100/5100 5101/5101/5101 5103/5103/5103
f 3307/3307/3307 3308/3308/3308 5104/5104/5104
f 3308/3308/3308 3309/3309/3309 5105/5105/5105
f 3309/3309/3309 3310/3310/3310 5106/5106/5106
f 3325/3325/3325 3326/3326/3326 5107/5107/5107
f 3326/3326/3326 3327/3327/3327 5108/5108/5108
f 3327/3327/3327 3328/3328/3328 5109/5109/5109
f 3346/3346/3346 3347/3347/3347 5110/5110/5110
f 5111/5111/5111 5110/5110/5110 3347/3347/3347
f 3347/3347/3347 3348/3348/3348 5111/5111/5111
f 5112/5112/5112 5111/5111/5111 3348/3348/3348
f 3348/3348/3348 3349/3349/3349 5112/5112/5112
f 5113/5113/5113 5112/5112/5112 3349/3349/3349
f 3349/3349/3349 3350/3350/3350 5113/5113/5113
f 5114/5114/5114 5113/5113/5113 3350/3350/3350
f 5111/5111/5111 5115/5115/5115 5110/5110/5110
f 5111/5111/5111 5112/5112/5112 5115/5115/5115
f 5113/5113/5113 5116/5116/5116 5112/5112/5112
f 5113/5113/5113 5114/5114/5114 5116/5116/5116
f 3370/3370/3370 3371/3371/3371 5117/5117/5117
f 3371/3371/3371 3372/3372/3372 5118/5118/5118
f 3372/3372/3372 3373/3373/3373 5119/5119/5119
f 3394/3394/3394 3395/3395/3395 5120/5120/5120
f 5121/5121/5121 5120/5120/5120 3395/3395/3395
f 3395/3395/3395 3396/3396/3396 5121/5121/5121
f 5122/5122/5122 5121/5121/5121 3396/3396/3396
f 3396/3396/3396 3397/3397/3397 5122/5122/5122
f 5123/5123/5123 5122/5122/5122 3397/3397/3397
f 3397/3397/3397 3398/3398/3398 5123/5123/5123
f 5124/5124/5124 5123/5123/5123 3398/3398/3398
f 3398/3398/3398 3399/3399/3399 5124/5124/5124
f 5125/5125/5125 5124/5124/5124 3399/3399/3399
f 5121/5121/5121 5126/5126/5126 5120/5120/5120
f 5121/5121/5121 5122/5122/5122 5126/5126/5126
f 5123/5123/5123 5127/5127/5127 5122/5122/5122
f 5123/5123/5123 5124/5124/5124 5127/5127/5127
f 5125/5125/5125 5128/5128/5128 5124/5124/5124
f 3421/3421/3421 3422/3422/3422 5129/5129/5129
f 3422/3422/3422 3423/3423/3423 5130/5130/5130
f 3423/3423/3423 3424/3424/3424 5131/5131/5131
f 3439/3439/3439 3440/3440/3440 5132/5132/5132
f 3440/3440/3440 3441/3441/3441 5133/5133/5133
f 3441/3441/3441 3442/3442/3442 5134/5134/5134
f 3445/3445/3445 3448/3448/3448 5135/5135/5135
f 5136/5136/5136 5135/5135/5135 3448/3448/3448
f 3448/3448/3448 3449/3449/3449 5136/5136/5136
f 5137/5137/5137 5136/5136/5136 3449/3449/3449
f 3449/3449/3449 3452/3452/3452 5137/5137/5137
f 5138/5138/5138 5137/5137/5137 3452/3452/3452
f 5136/5136/5136 5139/5139/5139 5135/5135/5135
f 5136/5136/5136 5137/5137/5137 5139/5139/5139
f 5138/5138/5138 5140/5140/5140 5137/5137/5137
f 3478/3478/3478 3479/3479/3479 5141/5141/5141
f 5142/5142/5142 5141/5141/5141 3479/3479/3479
f 3479/3479/3479 3480/3480/3480 5142/5142/5142
f 5143/5143/5143 5142/5142/5142 3480/3480/3480
f 3480/3480/3480 3481/3481/3481 5143/5143/5143
f 5144/5144/5144 5143/5143/5143 3481/3481/3481
f 3481/3481/3481 3482/3482/3482 5144/5144/5144
f 5145/5145/5145 5144/5144/5144 3482/3482/3482
f 5142/5142/5142 5146/5146/5146 5141/5141/5141
f 5142/5142/5142 5143/5143/5143 5146/5146/5146
f 5144/5144/5144 5147/5147/5147 5143/5143/5143
f 5144/5144/5144 5145/5145/5145 5147/5147/5147
f 3505/3505/3505 3506/3506/3506 5148/5148/5148
f 5149/5149/5149 5148/5148/5148 3506/3506/3506
f 3506/3506/3506 3507/3507/3507 5149/5149/5149
f 5150/5150/5150 5149/5149/5149 3507/3507/3507
f 3507/3507/3507 3508/3508/3508 5150/5150/5150
f 5151/5151/5151 5150/5150/5150 3508/3508/3508
f 3508/3508/3508 3509/3509/3509 5151/5151/5151
f 5152/5152/5152 5151/5151/5151 3509/3509/3509
f 5149/5149/5149 5153/5153/5153 5148/5148/5148
f 5149/5149/5149 5150/5150/5150 5153/5153/5153
f 5151/5151/5151 5154/5154/5154 5150/5150/5150
f 5151/5151/5151 5152/5152/5152 5154/5154/5154
f 3529/3529/3529 3530/3530/3530 5155/5155/5155
f 3530/3530/3530 3531/3531/3531 5156/5156/5156
f 3531/3531/3531 3532/3532/3532 5157/5157/5157
f 3535/3535/3535 3538/3538/3538 5158/5158/5158
f 5159/5159/5159 5158/5158/5158 3538/3538/3538
f 3538/3538/3538 3539/3539/3539 5159/5159/5159
f 5160/5160/5160 5159/5159/5159 3539/3539/3539
f 3539/3539/3539 3542/3542/3542 5160/5160/5160
f 5161/5161/5161 5160/5160/5160 3542/3542/3542
f 5159/5159/5159 5162/5162/5162 5158/5158/5158
f 5159/5159/5159 5160/5160/5160 5162/5162/5162
f 5161/5161/5161 5163/5163/5163 5160/5160/5160
f 3568/3568/3568 3569/3569/3569 5164/5164/5164
f 5165/5165/5165 5164/5164/5164 3569/3569/3569
f 3569/3569/3569 3570/3570/3570 5165/5165/5165
f 5166/5166/5166 5165/5165/5165 3570/3570/3570
f 3570/3570/3570 3571/3571/3571 5166/5166/5166
f 5167/5167/5167 5166/5166/5166 3571/3571/3571
f 3571/3571/3571 3572/3572/3572 5167/5167/5167
f 5168/5168/5168 5167/5167/5167 3572/3572/3572
f 5165/5165/5165 5169/5169/5169 5164/5164/5164
f 5165/5165/5165 5166/5166/5166 5169/5169/5169
f 5167/5167/5167 5170/5170/5170 5166/5166/5166
f 5167/5167/5167 5168/5168/5168 5170/5170/5170
f 3595/3595/3595 3596/3596/3596 5171/5171/5171
f 5172/5172/5172 5171/5171/5171 3596/3596/3596
f 3596/3596/3596 3597/3597/3597 5172/5172/5172
f 5173/5173/5173 5172/5172/5172 3597/3597/3597
f 3597/3597/3597 3598/3598/3598 5173/5173/5173
f 5174/5174/5174 5173/5173/5173 3598/3598/3598
f 3598/3598/3598 3599/3599/3599 5174/5174/5174
f 5175/5175/5175 5174/5174/5174 3599/3599/3599
f 5172/5172/5172 5176/5176/5176 5171/5171/5171
f 5172/5172/5172 5173/5173/5173 5176/5176/5176
f 5174/5174/5174 5177/5177/5177 5173/5173/5173
f 5174/5174/5174 5175/5175/5175 5177/5177/5177
f 5179/5179/5179 5178/5178/5178 5180/5180/5180
f 5181/5181/5181 5180/5180/5180 5178/5178/5178
f 5180/5180/5180 5181/5181/5181 5182/5182/5182
f 5183/5183/5183 5182/5182/5182 5181/5181/5181
f 5182/5182/5182 5183/5183/5183 5184/5184/5184
f 5185/5185/5185 5184/5184/5184 5183/5183/5183
f 5184/5184/5184 5185/5185/5185 5186/5186/5186
f 5187/5187/5187 5186/5186/5186 5185/5185/5185
f 5186/5186/5186 5187/5187/5187 5188/5188/5188
f 5189/5189/5189 5188/5188/5188 5187/5187/5187
f 5188/5188/5188 5189/5189/5189 5190/5190/5190
f 5191/5191/5191 5190/5190/5190 5189/5189/5189
f 5190/5190/5190 5191/5191/5191 5192/5192/5192
f 5193/5193/5193 5192/5192/5192 5191/5191/5191
f 5192/5192/5192 5193/5193/5193 5194/5194/5194
f 5195/5195/5195 5194/5194/5194 5193/5193/5193
f 5194/5194/5194 5195/5195/5195 5196/5196/5196
f 5197/5197/5197 5196/5196/5196 5195/5195/5195
f 5196/5196/5196 5197/5197/5197 5198/5198/5198
f 5199/5199/5199 5198/5198/5198 5197/5197/5197
f 5198/5198/5198 5199/5199/5199 5200/5200/5200
f 5201/5201/5201 5200/5200/5200 5199/5199/5199
f 5200/5200/5200 5201/5201/5201 5202/5202/5202
f 5203/5203/5203 5202/5202/5202 5201/5201/5201
f 5202/5202/5202 5203/5203/5203 5204/5204/5204
f 5205/5205/5205 5204/5204/5204 5203/5203/5203
f 5204/5204/5204 5205/5205/5205 5206/5206/5206
f 5207/5207/5207 5206/5206/5206 5205/5205/5205
f 5206/5206/5206 5207/5207/5207 5208/5208/5208
f 5209/5209/5209 5208/5208/5208 5207/5207/5207
f 5208/5208/5208 5209/5209/5209 5210/5210/5210
f 5211/5211/5211 5210/5210/5210 5209/5209/5209
f 5212/5212/5212 5179/5179/5179 5213/5213/5213
f 5180/5180/5180 5213/5213/5213 5179/5179/5179
f 5180/5180/5180 5182/5182/5182 5213/5213/5213
f 5214/5214/5214 5213/5213/5213 5182/5182/5182
f 5214/5214/5214 5182/5182/5182 5215/5215/5215
f 5184/5184/5184 5215/5215/5215 5182/5182/5182
f 5184/5184/5184 5186/5186/5186 5215/5215/5215
f 5216/5216/5216 5215/5215/5215 5186/5186/5186
f 5216/5216/5216 5186/5186/5186 5217/5217/5217
f 5188/5188/5188 5217/5217/5217 5186/5186/5186
f 5188/5188/5188 5190/5190/5190 5217/5217/5217
f 5218/5218/5218 5217/5217/5217 5190/5190/5190
f 5218/5218/5218 5190/5190/5190 5219/5219/5219
f 5192/5192/5192 5219/5219/5219 5190/5190/5190
f 5192/5192/5192 5194/5194/5194 5219/5219/5219
f 5220/5220/5220 5219/5219/5219 5194/5194/5194
f 5220/5220/5220 5194/5194/5194 5221/5221/5221
f 5196/5196/5196 5221/5221/5221 5194/5194/5194
f 5196/5196/5196 5198/5198/5198 5221/5221/5221
f 5222/5222/5222 5221/5221/5221 5198/5198/5198
f 5222/5222/5222 5198/5198/5198 5223/5223/5223
f 5200/5200/5200 5223/5223/5223 5198/5198/5198
f 5200/5200/5200 5202/5202/5202 5223/5223/5223
f 5224/5224/5224 5223/5223/5223 5202/5202/5202
f 5224/5224/5224 5202/5202/5202 5225/5225/5225
f 5204/5204/5204 5225/5225/5225 5202/5202/5202
f 5204/5204/5204 5206/5206/5206 5225/5225/5225
f 5226/5226/5226 5225/5225/5225 5206/5206/5206
f 5226/5226/5226 5206/5206/5206 5227/5227/5227
f 5208/5208/5208 5227/5227/5227 5206/5206/5206
f 5208/5208/5208 5210/5210/5210 5227/5227/5227
f 5228/5228/5228 5227/5227/5227 5210/5210/5210
f 5229/5229/5229 5212/5212/5212 5230/5230/5230
f 5213/5213/5213 5230/5230/5230 5212/5212/5212
f 5213/5213/5213 5214/5214/5214 5230/5230/5230
f 5231/5231/5231 5230/5230/5230 5214/5214/5214
f 5231/5231/5231 5214/5214/5214 5232/5232/5232
f 5215/5215/5215 5232/5232/5232 5214/5214/5214
f 5215/5215/5215 5216/5216/5216 5232/5232/5232
f 5233/5233/5233 5232/5232/5232 5216/5216/5216
f 5233/5233/5233 5216/5216/5216 5234/5234/5234
f 5217/5217/5217 5234/5234/5234 5216/5216/5216
f 5217/5217/5217 5218/5218/5218 5234/5234/5234
f 5235/5235/5235 5234/5234/5234 5218/5218/5218
f 5235/5235/5235 5218/5218/5218 5236/5236/5236
f 5219/5219/5219 5236/5236/5236 5218/5218/5218
f 5219/5219/5219 5220/5220/5220 5236/5236/5236
f 5237/5237/5237 5236/5236/5236 5220/5220/5220
f 5237/5237/5237 5220/5220/5220 5238/5238/5238
f 5221/5221/5221 5238/5238/5238 5220/5220/5220
f 5221/5221/5221 5222/5222/5222 5238/5238/5238
f 5239/5239/5239 5238/5238/5238 5222/5222/5222
f 5239/5239/5239 5222/5222/5222 5240/5240/5240
f 5223/5223/5223 5240/5240/5240 5222/5222/5222
f 5223/5223/5223 5224/5224/5224 5240/5240/5240
f 5241/5241/5241 5240/5240/5240 5224/5224/5224
f 5241/5241/5241 5224/5224/5224 5242/5242/5242
f 5225/5225/5225 5242/5242/5242 5224/5224/5224
f 5225/5225/5225 5226/5226/5226 5242/5242/5242
f 5243/5243/5243 5242/5242/5242 5226/5226/5226
f 5243/5243/5243 5226/5226/5226 5244/5244/5244
f 5227/5227/5227 5244/5244/5244 5226/5226/5226
f 5227/5227/5227 5228/5228/5228 5244/5244/5244
f 5245/5245/5245 5244/5244/5244 5228/5228/5228
f 5246/5246/5246 5229/5229/5229 5247/5247/5247
f 5230/5230/5230 5247/5247/5247 5229/5229/5229
f 5230/5230/5230 5231/5231/5231 5247/5247/5247
f 5248/5248/5248 5247/5247/5247 5231/5231/5231
f 5248/5248/5248 5231/5231/5231 5249/5249/5249
f 5232/5232/5232 5249/5249/5249 5231/5231/5231
f 5232/5232/5232 5233/5233/5233 5249/5249/5249
f 5250/5250/5250 5249/5249/5249 5233/5233/5233
f 5250/5250/5250 5233/5233/5233 5251/5251/5251
f 5234/5234/5234 5251/5251/5251 5233/5233/5233
f 5234/5234/5234 5235/5235/5235 5251/5251/5251
f 5252/5252/5252 5251/5251/5251 5235/5235/5235
f 5252/5252/5252 5235/5235/5235 5253/5253/5253
f 5236/5236/5236 5253/5253/5253 5235/5235/5235
f 5236/5236/5236 5237/5237/5237 5253/5253/5253
f 5254/5254/5254 5253/5253/5253 5237/5237/5237
f 5254/5254/5254 5237/5237/5237 5255/5255/5255
f 5238/5238/5238 5255/5255/5255 5237/5237/5237
f 5238/5238/5238 5239/5239/5239 5255/5255/5255
f 5256/5256/5256 5255/5255/5255 5239/5239/5239
f 5256/5256/5256 5239/5239/5239 5257/5257/5257
f 5240/5240/5240 5257/5257/5257 5239/5239/5239
f 5240/5240/5240 5241/5241/5241 5257/5257/5257
f 5258/5258/5258 5257/5257/5257 5241/5241/5241
f 5258/5258/5258 5241/5241/5241 5259/5259/5259
f 5242/5242/5242 5259/5259/5259 5241/5241/5241
f 5242/5242/5242 5243/5243/5243 5259/5259/5259
f 5260/5260/5260 5259/5259/5259 5243/5243/5243
f 5260/5260/5260 5243/5243/5243 5261/5261/5261
f 5244/5244/5244 5261/5261/5261 5243/5243/5243
f 5244/5244/5244 5245/5245/5245 5261/5261/5261
f 5262/5262/5262 5261/5261/5261 5245/5245/5245
f 5263/5263/5263 5246/5246/5246 5264/5264/5264
f 5247/5247/5247 5264/5264/5264 5246/5246/5246
f 5247/5247/5247 5248/5248/5248 5264/5264/5264
f 5265/5265/5265 5264/5264/5264 5248/5248/5248
f 5265/5265/5265 5248/5248/5248 5266/5266/5266
f 5249/5249/5249 5266/5266/5266 5248/5248/5248
f 5249/5249/5249 5250/5250/5250 5266/5266/5266
f 5267/5267/5267 5266/5266/5266 5250/5250/5250
f 5267/5267/5267 5250/5250/5250 5268/5268/5268
f 5251/5251/5251 5268/5268/5268 5250/5250/5250
f 5251/5251/5251 5252/5252/5252 5268/5268/5268
f 5269/5269/5269 5268/5268/5268 5252/5252/5252
f 5269/5269/5269 5252/5252/5252 5270/5270/5270
f 5253/5253/5253 5270/5270/5270 5252/5252/5252
f 5253/5253/5253 5254/5254/5254 5270/5270/5270
f 5271/5271/5271 5270/5270/5270 5254/5254/5254
f 5271/5271/5271 5254/5254/5254 5272/5272/5272
f 5255/5255/5255 5272/5272/5272 5254/5254/5254
f 5255/5255/5255 5256/5256/5256 5272/5272/5272
f 5273/5273/5273 5272/5272/5272 5256/5256/5256
f 5273/5273/5273 5256/5256/5256 5274/5274/5274
f 5257/5257/5257 5274/5274/5274 5256/5256/5256
f 5257/5257/5257 5258/5258/5258 5274/5274/5274
f 5275/5275/5275 5274/5274/5274 5258/5258/5258
f 5275/5275/5275 5258/5258/5258 5276/5276/5276
f 5259/5259/5259 5276/5276/5276 5258/5258/5258
f 5259/5259/5259 5260/5260/5260 5276/5276/5276
f 5277/5277/5277 5276/5276/5276 5260/5260/5260
f 5277/5277/5277 5260/5260/5260 5278/5278/5278
f 5261/5261/5261 5278/5278/5278 5260/5260/5260
f 5261/5261/5261 5262/5262/5262 5278/5278/5278
f 5279/5279/5279 5278/5278/5278 5262/5262/5262
f 5280/5280/5280 5263/5263/5263 5281/5281/5281
f 5264/5264/5264 5281/5281/5281 5263/5263/5263
f 5264/5264/5264 5265/5265/5265 5281/5281/5281
f 5282/5282/5282 5281/5281/5281 5265/5265/5265
f 5282/5282/5282 5265/5265/5265 5283/5283/5283
f 5266/5266/5266 5283/5283/5283 5265/5265/5265
f 5266/5266/5266 5267/5267/5267 5283/5283/5283
f 5284/5284/5284 5283/5283/5283 5267/5267/5267
f 5284/5284/5284 5267/5267/5267 5285/5285/5285
f 5268/5268/5268 5285/5285/5285 5267/5267/5267
f 5268/5268/5268 5269/5269/5269 5285/5285/5285
f 5286/5286/5286 5285/5285/5285 5269/5269/5269
f 5286/5286/5286 5269/5269/5269 5287/5287/5287
f 5270/5270/5270 5287/5287/5287 5269/5269/5269
f 5270/5270/5270 5271/5271/5271 5287/5287/5287
f 5288/5288/5288 5287/5287/5287 5271/5271/5271
f 5288/5288/5288 5271/5271/5271 5289/5289/5289
f 5272/5272/5272 5289/5289/5289 5271/5271/5271
f 5272/5272/5272 5273/5273/5273 5289/5289/5289
f 5290/5290/5290 5289/5289/5289 5273/5273/5273
f 5290/5290/5290 5273/5273/5273 5291/5291/5291
f 5274/5274/5274 5291/5291/5291 5273/5273/5273
f 5274/5274/5274 5275/5275/5275 5291/5291/5291
f 5292/5292/5292 5291/5291/5291 5275/5275/5275
f 5292/5292/5292 5275/5275/5275 5293/5293/5293
f 5276/5276/5276 5293/5293/5293 5275/5275/5275
f 5276/5276/5276 5277/5277/5277 5293/5293/5293
f 5294/5294/5294 5293/5293/5293 5277/5277/5277
f 5294/5294/5294 5277/5277/5277 5295/5295/5295
f 5278/5278/5278 5295/5295/5295 5277/5277/5277
f 5278/5278/5278 5279/5279/5279 5295/5295/5295
f 5296/5296/5296 5295/5295/5295 5279/5279/5279
f 5297/5297/5297 5280/5280/5280 5298/5298/5298
f 5281/5281/5281 5298/5298/5298 5280/5280/5280
f 5281/5281/5281 5282/5282/5282 5298/5298/5298
f 5299/5299/5299 5298/5298/5298 5282/5282/5282
f 5299/5299/5299 5282/5282/5282 5300/5300/5300
f 5283/5283/5283 5300/5300/5300 5282/5282/5282
f 5283/5283/5283 5284/5284/5284 5300/5300/5300
f 5301/5301/5301 5300/5300/5300 5284/5284/5284
f 5301/5301/5301 5284/5284/5284 5302/5302/5302
f 5285/5285/5285 5302/5302/5302 5284/5284/5284
f 5285/5285/5285 5286/5286/5286 5302/5302/5302
f 5303/5303/5303 5302/5302/5302 5286/5286/5286
f 5303/5303/5303 5286/5286/5286 5304/5304/5304
f 5287/5287/5287 5304/5304/5304 5286/5286/5286
f 5287/5287/5287 5288/5288/5288 5304/5304/5304
f 5305/5305/5305 5304/5304/5304 5288/5288/5288
f 5305/5305/5305 5288/5288/5288 5306/5306/5306
f 5289/5289/5289 5306/5306/5306 5288/5288/5288
f 5289/5289/5289 5290/5290/5290 5306/5306/5306
f 5307/5307/5307 5306/5306/5306 5290/5290/5290
f 5307/5307/5307 5290/5290/5290 5308/5308/5308
f 5291/5291/5291 5308/5308/5308 5290/5290/5290
f 5291/5291/5291 5292/5292/5292 5308/5308/5308
f 5309/5309/5309 5308/5308/5308 5292/5292/5292
f 5309/5309/5309 5292/5292/5292 5310/5310/5310
f 5293/5293/5293 5310/5310/5310 5292/5292/5292
f 5293/5293/5293 5294/5294/5294 5310/5310/5310
f 5311/5311/5311 5310/5310/5310 5294/5294/5294
f 5311/5311/5311 5294/5294/5294 5312/5312/5312
f 5295/5295/5295 5312/5312/5312 5294/5294/5294
f 5295/5295/5295 5296/5296/5296 5312/5312/5312
f 5313/5313/5313 5312/5312/5312 5296/5296/5296
f 5297/5297/5297 5298/5298/5298 5314/5314/5314
f 5299/5299/5299 5315/5315/5315 5298/5298/5298
f 5298/5298/5298 5315/5315/5315 5314/5314/5314
f 5299/5299/5299 5300/5300/5300 5315/5315/5315
f 5301/5301/5301 5316/5316/5316 5300/5300/5300
f 5300/5300/5300 5316/5316/5316 5315/5315/5315
f 5301/5301/5301 5302/5302/5302 5316/5316/5316
f 5303/5303/5303 5317/5317/5317 5302/5302/5302
f 5302/5302/5302 5317/5317/5317 5316/5316/5316
f 5303/5303/5303 5304/5304/5304 5317/5317/5317
f 5305/5305/5305 5318/5318/5318 5304/5304/5304
f 5304/5304/5304 5318/5318/5318 5317/5317/5317
f 5305/5305/5305 5306/5306/5306 5318/5318/5318
f 5307/5307/5307 5319/5319/5319 5306/5306/5306
f 5306/5306/5306 5319/5319/5319 5318/5318/5318
f 5307/5307/5307 5308/5308/5308 5319/5319/5319
f 5309/5309/5309 5320/5320/5320 5308/5308/5308
f 5308/5308/5308 5320/5320/5320 5319/5319/5319
f 5309/5309/5309 5310/5310/5310 5320/5320/5320
f 5311/5311/5311 5321/5321/5321 5310/5310/5310
f 5310/5310/5310 5321/5321/5321 5320/5320/5320
f 5311/5311/5311 5312/5312/5312 5321/5321/5321
f 5313/5313/5313 5322/5322/5322 5312/5312/5312
f 5312/5312/5312 5322/5322/5322 5321/5321/5321
f 5323/5323/5323 5314/5314/5314 5324/5324/5324
f 5315/5315/5315 5324/5324/5324 5314/5314/5314
f 5315/5315/5315 5316/5316/5316 5324/5324/5324
f 5325/5325/5325 5324/5324/5324 5316/5316/5316
f 5325/5325/5325 5316/5316/5316 5326/5326/5326
f 5317/5317/5317 5326/5326/5326 5316/5316/5316
f 5317/5317/5317 5318/5318/5318 5326/5326/5326
f 5327/5327/5327 5326/5326/5326 5318/5318/5318
f 5327/5327/5327 5318/5318/5318 5328/5328/5328
f 5319/5319/5319 5328/5328/5328 5318/5318/5318
f 5319/5319/5319 5320/5320/5320 5328/5328/5328
f 5329/5329/5329 5328/5328/5328 5320/5320/5320
f 5329/5329/5329 5320/5320/5320 5330/5330/5330
f 5321/5321/5321 5330/5330/5330 5320/5320/5320
f 5321/5321/5321 5322/5322/5322 5330/5330/5330
f 5331/5331/5331 5330/5330/5330 5322/5322/5322
f 5332/5332/5332 5323/5323/5323 5333/5333/5333
f 5324/5324/5324 5333/5333/5333 5323/5323/5323
f 5324/5324/5324 5325/5325/5325 5333/5333/5333
f 5334/5334/5334 5333/5333/5333 5325/5325/5325
f 5334/5334/5334 5325/5325/5325 5335/5335/5335
f 5326/5326/5326 5335/5335/5335 5325/5325/5325
f 5326/5326/5326 5327/5327/5327 5335/5335/5335
f 5336/5336/5336 5335/5335/5335 5327/5327/5327
f 5336/5336/5336 5327/5327/5327 5337/5337/5337
f 5328/5328/5328 5337/5337/5337 5327/5327/5327
f 5328/5328/5328 5329/5329/5329 5337/5337/5337
f 5338/5338/5338 5337/5337/5337 5329/5329/5329
f 5338/5338/5338 5329/5329/5329 5339/5339/5339
f 5330/5330/5330 5339/5339/5339 5329/5329/5329
f 5330/5330/5330 5331/5331/5331 5339/5339/5339
f 5340/5340/5340 5339/5339/5339 5331/5331/5331
f 5341/5341/5341 5332/5332/5332 5342/5342/5342
f 5333/5333/5333 5342/5342/5342 5332/5332/5332
f 5333/5333/5333 5334/5334/5334 5342/5342/5342
f 5343/5343/5343 5342/5342/5342 5334/5334/5334
f 5343/5343/5343 5334/5334/5334 5344/5344/5344
f 5335/5335/5335 5344/5344/5344 5334/5334/5334
f 5335/5335/5335 5336/5336/5336 5344/5344/5344
f 5345/5345/5345 5344/5344/5344 5336/5336/5336
f 5345/5345/5345 5336/5336/5336 5346/5346/5346
f 5337/5337/5337 5346/5346/5346 5336/5336/5336
f 5337/5337/5337 5338/5338/5338 5346/5346/5346
f 5347/5347/5347 5346/5346/5346 5338/5338/5338
f 5347/5347/5347 5338/5338/5338 5348/5348/5348
f 5339/5339/5339 5348/5348/5348 5338/5338/5338
f 5339/5339/5339 5340/5340/5340 5348/5348/5348
f 5349/5349/5349 5348/5348/5348 5340/5340/5340
f 5350/5350/5350 5341/5341/5341 5351/5351/5351
f 5342/5342/5342 5351/5351/5351 5341/5341/5341
f 5342/5342/5342 5343/5343/5343 5351/5351/5351
f 5352/5352/5352 5351/5351/5351 5343/5343/5343
f 5352/5352/5352 5343/5343/5343 5353/5353/5353
f 5344/5344/5344 5353/5353/5353 5343/5343/5343
f 5344/5344/5344 5345/5345/5345 5353/5353/5353
f 5354/5354/5354 5353/5353/5353 5345/5345/5345
f 5354/5354/5354 5345/5345/5345 5355/5355/5355
f 5346/5346/5346 5355/5355/5355 5345/5345/5345
f 5346/5346/5346 5347/5347/5347 5355/5355/5355
f 5356/5356/5356 5355/5355/5355 5347/5347/5347
f 5356/5356/5356 5347/5347/5347 5357/5357/5357
f 5348/5348/5348 5357/5357/5357 5347/5347/5347
f 5348/5348/5348 5349/5349/5349 5357/5357/5357
f 5358/5358/5358 5357/5357/5357 5349/5349/5349
f 5359/5359/5359 5350/5350/5350 5360/5360/5360
f 5351/5351/5351 5360/5360/5360 5350/5350/5350
f 5351/5351/5351 5352/5352/5352 5360/5360/5360
f 5361/5361/5361 5360/5360/5360 5352/5352/5352
f 5361/5361/5361 5352/5352/5352 5362/5362/5362
f 5353/5353/5353 5362/5362/5362 5352/5352/5352
f 5353/5353/5353 5354/5354/5354 5362/5362/5362
f 5363/5363/5363 5362/5362/5362 5354/5354/5354
f 5363/5363/5363 5354/5354/5354 5364/5364/5364
f 5355/5355/5355 5364/5364/5364 5354/5354/5354
f 5355/5355/5355 5356/5356/5356 5364/5364/5364
f 5365/5365/5365 5364/5364/5364 5356/5356/5356
f 5365/5365/5365 5356/5356/5356 5366/5366/5366
f 5357/5357/5357 5366/5366/5366 5356/5356/5356
f 5357/5357/5357 5358/5358/5358 5366/5366/5366
f 5367/5367/5367 5366/5366/5366 5358/5358/5358
f 5368/5368/5368 5359/5359/5359 5369/5369/5369
f 5360/5360/5360 5369/5369/5369 5359/5359/5359
f 5360/5360/5360 5361/5361/5361 5369/5369/5369
f 5370/5370/5370 5369/5369/5369 5361/5361/5361
f 5370/5370/5370 5361/5361/5361 5371/5371/5371
f 5362/5362/5362 5371/5371/5371 5361/5361/5361
f 5362/5362/5362 5363/5363/5363 5371/5371/5371
f 5372/5372/5372 5371/5371/5371 5363/5363/5363
f 5372/5372/5372 5363/5363/5363 5373/5373/5373
f 5364/5364/5364 5373/5373/5373 5363/5363/5363
f 5364/5364/5364 5365/5365/5365 5373/5373/5373
f 5374/5374/5374 5373/5373/5373 5365/5365/5365
f 5374/5374/5374 5365/5365/5365 5375/5375/5375
f 5366/5366/5366 5375/5375/5375 5365/5365/5365
f 5366/5366/5366 5367/5367/5367 5375/5375/5375
f 5376/5376/5376 5375/5375/5375 5367/5367/5367
f 5377/5377/5377 5368/5368/5368 5378/5378/5378
f 5369/5369/5369 5378/5378/5378 5368/5368/5368
f 5369/5369/5369 5370/5370/5370 5378/5378/5378
f 5379/5379/5379 5378/5378/5378 5370/5370/5370
f 5379/5379/5379 5370/5370/5370 5380/5380/5380
f 5371/5371/5371 5380/5380/5380 5370/5370/5370
f 5371/5371/5371 5372/5372/5372 5380/5380/5380
f 5381/5381/5381 5380/5380/5380 5372/5372/5372
f 5381/5381/5381 5372/5372/5372 5382/5382/5382
f 5373/5373/5373 5382/5382/5382 5372/5372/5372
f 5373/5373/5373 5374/5374/5374 5382/5382/5382
f 5383/5383/5383 5382/5382/5382 5374/5374/5374
f 5383/5383/5383 5374/5374/5374 5384/5384/5384
f 5375/5375/5375 5384/5384/5384 5374/5374/5374
f 5375/5375/5375 5376/5376/5376 5384/5384/5384
f 5385/5385/5385 5384/5384/5384 5376/5376/5376
f 5377/5377/5377 5378/5378/5378 5386/5386/5386
f 5379/5379/5379 5387/5387/5387 5378/5378/5378
f 5378/5378/5378 5387/5387/5387 5386/5386/5386
f 5379/5379/5379 5380/5380/5380 5387/5387/5387
f 5381/5381/5381 5388/5388/5388 5380/5380/5380
f 5380/5380/5380 5388/5388/5388 5387/5387/5387
f 5381/5381/5381 5382/5382/5382 5388/5388/5388
f 5383/5383/5383 5389/5389/5389 5382/5382/5382
f 5382/5382/5382 5389/5389/5389 5388/5388/5388
f 5383/5383/5383 5384/5384/5384 5389/5389/5389
f 5385/5385/5385 5390/5390/5390 5384/5384/5384
f 5384/5384/5384 5390/5390/5390 5389/5389/5389
f 5391/5391/5391 5386/5386/5386 5392/5392/5392
f 5387/5387/5387 5392/5392/5392 5386/5386/5386
f 5387/5387/5387 5388/5388/5388 5392/5392/5392
f 5393/5393/5393 5392/5392/5392 5388/5388/5388
f 5393/5393/5393 5388/5388/5388 5394/5394/5394
f 5389/5389/5389 5394/5394/5394 5388/5388/5388
f 5389/5389/5389 5390/5390/5390 5394/5394/5394
f 5395/5395/5395 5394/5394/5394 5390/5390/5390
f 5396/5396/5396 5391/5391/5391 5397/5397/5397
f 5392/5392/5392 5397/5397/5397 5391/5391/5391
f 5392/5392/5392 5393/5393/5393 5397/5397/5397
f 5398/5398/5398 5397/5397/5397 5393/5393/5393
f 5398/5398/5398 5393/5393/5393 5399/5399/5399
f 5394/5394/5394 5399/5399/5399 5393/5393/5393
f 5394/5394/5394 5395/5395/5395 5399/5399/5399
f 5400/5400/5400 5399/5399/5399 5395/5395/5395
f 5401/5401/5401 5396/5396/5396 5402/5402/5402
f 5397/5397/5397 5402/5402/5402 5396/5396/5396
f 5397/5397/5397 5398/5398/5398 5402/5402/5402
f 5403/5403/5403 5402/5402/5402 5398/5398/5398
f 5403/5403/5403 5398/5398/5398 5404/5404/5404
f 5399/5399/5399 5404/5404/5404 5398/5398/5398
f 5399/5399/5399 5400/5400/5400 5404/5404/5404
f 5405/5405/5405 5404/5404/5404 5400/5400/5400
f 5406/5406/5406 5401/5401/5401 5407/5407/5407
f 5402/5402/5402 5407/5407/5407 5401/5401/5401
f 5402/5402/5402 5403/5403/5403 5407/5407/5407
f 5408/5408/5408 5407/5407/5407 5403/5403/5403
f 5408/5408/5408 5403/5403/5403 5409/5409/5409
f 5404/5404/5404 5409/5409/5409 5403/5403/5403
f 5404/5404/5404 5405/5405/5405 5409/5409/5409
f 5410/5410/5410 5409/5409/5409 5405/5405/5405
f 5411/5411/5411 5406/5406/5406 5412/5412/5412
f 5407/5407/5407 5412/5412/5412 5406/5406/5406
f 5407/5407/5407 5408/5408/5408 5412/5412/5412
f 5413/5413/5413 5412/5412/5412 5408/5408/5408
f 5413/5413/5413 5408/5408/5408 5414/5414/5414
f 5409/5409/5409 5414/5414/5414 5408/5408/5408
f 5409/5409/5409 5410/5410/5410 5414/5414/5414
f 5415/5415/5415 5414/5414/5414 5410/5410/5410
f 5416/5416/5416 5411/5411/5411 5417/5417/5417
f 5412/5412/5412 5417/5417/5417 5411/5411/5411
f 5412/5412/5412 5413/5413/5413 5417/5417/5417
f 5418/5418/5418 5417/5417/5417 5413/5413/5413
f 5418/5418/5418 5413/5413/5413 5419/5419/5419
f 5414/5414/5414 5419/5419/5419 5413/5413/5413
f 5414/5414/5414 5415/5415/5415 5419/5419/5419
f 5420/5420/5420 5419/5419/5419 5415/5415/5415
f 5421/5421/5421 5416/5416/5416 5422/5422/5422
f 5417/5417/5417 5422/5422/5422 5416/5416/5416
f 5417/5417/5417 5418/5418/5418 5422/5422/5422
f 5423/5423/5423 5422/5422/5422 5418/5418/5418
f 5423/5423/5423 5418/5418/5418 5424/5424/5424
f 5419/5419/5419 5424/5424/5424 5418/5418/5418
f 5419/5419/5419 5420/5420/5420 5424/5424/5424
f 5425/5425/5425 5424/5424/5424 5420/5420/5420
f 5426/5426/5426 5421/5421/5421 5427/5427/5427
f 5422/5422/5422 5427/5427/5427 5421/5421/5421
f 5422/5422/5422 5423/5423/5423 5427/5427/5427
f 5428/5428/5428 5427/5427/5427 5423/5423/5423
f 5428/5428/5428 5423/5423/5423 5429/5429/5429
f 5424/5424/5424 5429/5429/5429 5423/5423/5423
f 5424/5424/5424 5425/5425/5425 5429/5429/5429
f 5430/5430/5430 5429/5429/5429 5425/5425/5425
f 5426/5426/5426 5427/5427/5427 5431/5431/5431
f 5427/5427/5427 5428/5428/5428 5432/5432/5432
f 5428/5428/5428 5429/5429/5429 5433/5433/5433
f 5429/5429/5429 5430/5430/5430 5434/5434/5434

g 
usemtl 
f 5436/5436/5436 5435/5435/5435 5437/5437/5437
f 5436/5436/5436 5438/5438/5438 5435/5435/5435
f 5436/5436/5436 5439/5439/5439 5438/5438/5438
f 5436/5436/5436 5440/5440/5440 5439/5439/5439
f 5436/5436/5436 5441/5441/5441 5440/5440/5440
f 5436/5436/5436 5442/5442/5442 5441/5441/5441
f 5436/5436/5436 5443/5443/5443 5442/5442/5442
f 5436/5436/5436 5444/5444/5444 5443/5443/5443
f 5436/5436/5436 5445/5445/5445 5444/5444/5444
f 5436/5436/5436 5446/5446/5446 5445/5445/5445
f 5436/5436/5436 5447/5447/5447 5446/5446/5446
f 5436/5436/5436 5448/5448/5448 5447/5447/5447
f 5436/5436/5436 5449/5449/5449 5448/5448/5448
f 5436/5436/5436 5450/5450/5450 5449/5449/5449
f 5436/5436/5436 5451/5451/5451 5450/5450/5450
f 5436/5436/5436 5452/5452/5452 5451/5451/5451

