// Created by Tree IT
mtllib Resinwood_Tree_leaves.mtl
o tree
# Position
v 0.18503 21.34313 14.27069 0.49412 0.50588 0.49804 1.00000
v -0.25137 13.64461 13.42006 0.49412 0.50588 0.49804 1.00000
v 1.85470 17.30632 10.18737 0.49412 0.50588 0.49804 1.00000
v 3.70918 13.83114 6.20470 0.49412 0.50588 0.49804 1.00000
v 4.14557 21.52965 7.05534 0.49412 0.50588 0.49804 1.00000
v 2.10874 23.94325 22.02384 0.49412 0.50588 0.49804 1.00000
v 0.22167 20.88953 25.21282 0.49412 0.50588 0.49804 1.00000
v 2.60228 20.55712 22.61726 0.49412 0.50588 0.49804 1.00000
v 3.14464 17.37225 22.95761 0.49412 0.50588 0.49804 1.00000
v 5.03172 20.42597 19.76864 0.49412 0.50588 0.49804 1.00000
v -3.17411 17.42587 15.25178 0.49412 0.50588 0.49804 1.00000
v -2.76069 11.31719 15.71516 0.49412 0.50588 0.49804 1.00000
v 0.27796 14.22690 15.25749 0.49412 0.50588 0.49804 1.00000
v 3.74901 11.29063 15.47508 0.49412 0.50588 0.49804 1.00000
v 3.33560 17.39931 15.01170 0.49412 0.50588 0.49804 1.00000
v -2.09908 18.61423 17.17322 0.49412 0.50588 0.49804 1.00000
v -3.55759 13.11113 17.90821 0.49412 0.50588 0.49804 1.00000
v 0.06840 15.02001 17.03873 0.49412 0.50588 0.49804 1.00000
v 2.28750 11.89605 16.70604 0.49412 0.50588 0.49804 1.00000
v 3.74601 17.39916 15.97105 0.49412 0.50588 0.49804 1.00000
v 5.20249 19.08597 22.34431 0.49412 0.50588 0.49804 1.00000
v 5.05618 24.55612 20.61004 0.49412 0.50588 0.49804 1.00000
v 4.12403 20.75706 18.79491 0.49412 0.50588 0.49804 1.00000
v 3.15146 23.10289 15.03827 0.49412 0.50588 0.49804 1.00000
v 3.29776 17.63274 16.77254 0.49412 0.50588 0.49804 1.00000
v -2.42938 18.83510 20.91233 0.49412 0.50588 0.49804 1.00000
v -3.53886 13.93026 21.81317 0.49412 0.50588 0.49804 1.00000
v -0.64177 15.59053 20.22380 0.49412 0.50588 0.49804 1.00000
v 1.19087 12.75884 19.43781 0.49412 0.50588 0.49804 1.00000
v 2.30035 17.66367 18.53697 0.49412 0.50588 0.49804 1.00000
v 1.49990 15.44836 23.70177 0.49412 0.50588 0.49804 1.00000
v 5.59562 17.99406 25.38829 0.49412 0.50588 0.49804 1.00000
v 3.54689 17.74528 22.03332 0.49412 0.50588 0.49804 1.00000
v 5.92663 20.30227 20.49863 0.49412 0.50588 0.49804 1.00000
v 1.83092 17.75656 18.81210 0.49412 0.50588 0.49804 1.00000
v 0.95647 20.42015 23.28056 0.49412 0.50588 0.49804 1.00000
v -2.96234 23.08562 21.37319 0.49412 0.50588 0.49804 1.00000
v -0.35048 20.35909 20.10333 0.49412 0.50588 0.49804 1.00000
v -2.06947 20.36215 16.78749 0.49412 0.50588 0.49804 1.00000
v 1.84934 17.69668 18.69487 0.49412 0.50588 0.49804 1.00000
v -2.14845 22.60998 24.09117 0.49412 0.50588 0.49804 1.00000
v -3.92030 19.34655 27.13285 0.49412 0.50588 0.49804 1.00000
v -1.59123 19.13502 24.58385 0.49412 0.50588 0.49804 1.00000
v -1.02875 16.03273 24.60551 0.49412 0.50588 0.49804 1.00000
v 0.74311 19.29616 21.56384 0.49412 0.50588 0.49804 1.00000
v -2.16492 17.75434 11.79282 0.49412 0.50588 0.49804 1.00000
v -1.19242 11.48384 11.64097 0.49412 0.50588 0.49804 1.00000
v 1.53416 14.69815 12.72679 0.49412 0.50588 0.49804 1.00000
v 5.18186 11.94311 13.76569 0.49412 0.50588 0.49804 1.00000
v 4.20936 18.21361 13.91754 0.49412 0.50588 0.49804 1.00000
v -3.05002 17.06670 14.42729 0.49412 0.50588 0.49804 1.00000
v -1.58170 11.44641 14.18453 0.49412 0.50588 0.49804 1.00000
v 0.70586 14.84377 14.56357 0.49412 0.50588 0.49804 1.00000
v 4.49756 12.42612 14.69425 0.49412 0.50588 0.49804 1.00000
v 3.02924 18.04641 14.93701 0.49412 0.50588 0.49804 1.00000
v 4.31441 17.74556 21.19463 0.49412 0.50588 0.49804 1.00000
v 3.94299 23.54580 21.34243 0.49412 0.50588 0.49804 1.00000
v 3.85476 21.05690 18.22337 0.49412 0.50588 0.49804 1.00000
v 3.25192 23.93126 15.22991 0.49412 0.50588 0.49804 1.00000
v 3.62334 18.13102 15.08211 0.49412 0.50588 0.49804 1.00000
v -3.98885 18.59498 17.11370 0.49412 0.50588 0.49804 1.00000
v -4.25271 13.48892 17.58905 0.49412 0.50588 0.49804 1.00000
v -1.42363 15.62343 17.25038 0.49412 0.50588 0.49804 1.00000
v 1.17549 13.00218 17.55185 0.49412 0.50588 0.49804 1.00000
v 1.43934 18.10824 17.07650 0.49412 0.50588 0.49804 1.00000
v -1.12864 16.15626 20.71390 0.49412 0.50588 0.49804 1.00000
v 1.61463 18.28154 24.49876 0.49412 0.50588 0.49804 1.00000
v 1.80236 18.33550 20.66566 0.49412 0.50588 0.49804 1.00000
v 4.57844 20.43822 20.46068 0.49412 0.50588 0.49804 1.00000
v 1.83517 18.31294 16.67582 0.49412 0.50588 0.49804 1.00000
v -0.72640 20.95824 20.99390 0.49412 0.50588 0.49804 1.00000
v -3.66075 23.61909 17.72633 0.49412 0.50588 0.49804 1.00000
v -0.87007 20.80646 17.49856 0.49412 0.50588 0.49804 1.00000
v -1.36221 20.70600 13.74791 0.49412 0.50588 0.49804 1.00000
v 1.57213 18.04516 17.01547 0.49412 0.50588 0.49804 1.00000
v -3.78562 24.41003 22.05844 0.49412 0.50588 0.49804 1.00000
v -5.22001 20.90430 25.00705 0.49412 0.50588 0.49804 1.00000
v -3.02794 20.82582 22.55749 0.49412 0.50588 0.49804 1.00000
v -2.02827 17.48022 23.01002 0.49412 0.50588 0.49804 1.00000
v -0.59388 20.98596 20.06141 0.49412 0.50588 0.49804 1.00000
v -0.54697 17.27431 10.28261 0.49412 0.50588 0.49804 1.00000
v -0.53849 11.16359 9.80921 0.49412 0.50588 0.49804 1.00000
v 1.61256 14.38498 12.47877 0.49412 0.50588 0.49804 1.00000
v 3.64516 11.18671 14.79051 0.49412 0.50588 0.49804 1.00000
v 3.63667 17.29743 15.26390 0.49412 0.50588 0.49804 1.00000
v -1.90489 17.10664 11.22428 0.49412 0.50588 0.49804 1.00000
v -1.88257 11.38526 10.86743 0.49412 0.50588 0.49804 1.00000
v 0.30836 14.48960 13.12983 0.49412 0.50588 0.49804 1.00000
v 2.46395 11.51438 15.11873 0.49412 0.50588 0.49804 1.00000
v 2.44164 17.23576 15.47558 0.49412 0.50588 0.49804 1.00000
v -0.57972 16.40656 19.95371 0.49412 0.50588 0.49804 1.00000
v -1.49643 21.96791 20.99926 0.49412 0.50588 0.49804 1.00000
v 0.52670 19.75011 17.92173 0.49412 0.50588 0.49804 1.00000
v 1.69419 22.88001 15.88815 0.49412 0.50588 0.49804 1.00000
v 2.61089 17.31866 14.84261 0.49412 0.50588 0.49804 1.00000
v -5.30213 16.80866 13.06201 0.49412 0.50588 0.49804 1.00000
v -4.73830 11.73543 13.19648 0.49412 0.50588 0.49804 1.00000
v -2.67068 14.25771 14.47925 0.49412 0.50588 0.49804 1.00000
v -0.11686 11.99476 16.01229 0.49412 0.50588 0.49804 1.00000
v -0.68069 17.06799 15.87783 0.49412 0.50588 0.49804 1.00000
v -4.83102 14.47273 19.17111 0.49412 0.50588 0.49804 1.00000
v -3.21080 17.48578 22.96190 0.49412 0.50588 0.49804 1.00000
v -2.11570 17.12760 19.50532 0.49412 0.50588 0.49804 1.00000
v 0.70063 19.86205 20.04214 0.49412 0.50588 0.49804 1.00000
v -0.91959 16.84900 16.25135 0.49412 0.50588 0.49804 1.00000
v -4.57724 18.30534 18.43106 0.49412 0.50588 0.49804 1.00000
v -6.58503 21.12623 14.67805 0.49412 0.50588 0.49804 1.00000
v -3.36073 19.09188 15.12694 0.49412 0.50588 0.49804 1.00000
v -2.09315 19.76597 11.95802 0.49412 0.50588 0.49804 1.00000
v -0.08536 16.94509 15.71102 0.49412 0.50588 0.49804 1.00000
v -6.89647 23.90952 17.05259 0.49412 0.50588 0.49804 1.00000
v -9.74450 20.42315 18.71846 0.49412 0.50588 0.49804 1.00000
v -6.40486 20.47346 17.87560 0.49412 0.50588 0.49804 1.00000
v -6.07443 16.87289 18.69302 0.49412 0.50588 0.49804 1.00000
v -3.22640 20.35927 17.02715 0.49412 0.50588 0.49804 1.00000
v 1.81678 17.13455 6.88799 0.49412 0.50588 0.49804 1.00000
v 5.63765 11.81120 6.88521 0.49412 0.50588 0.49804 1.00000
v 5.42211 15.39438 9.79122 0.49412 0.50588 0.49804 1.00000
v 8.92580 13.73917 12.72329 0.49412 0.50588 0.49804 1.00000
v 5.10493 19.06252 12.72607 0.49412 0.50588 0.49804 1.00000
v 0.78618 16.62329 8.30121 0.49412 0.50588 0.49804 1.00000
v 3.92685 11.58647 7.70920 0.49412 0.50588 0.49804 1.00000
v 4.04269 15.20983 10.45157 0.49412 0.50588 0.49804 1.00000
v 7.49580 13.51334 12.58089 0.49412 0.50588 0.49804 1.00000
v 4.35514 18.55016 13.17290 0.49412 0.50588 0.49804 1.00000
v 1.42518 16.33919 18.21989 0.49412 0.50588 0.49804 1.00000
v -1.86272 21.28345 18.79243 0.49412 0.50588 0.49804 1.00000
v 1.40540 19.80745 15.97021 0.49412 0.50588 0.49804 1.00000
v 1.04669 23.49543 13.61492 0.49412 0.50588 0.49804 1.00000
v 4.33459 18.55117 13.04239 0.49412 0.50588 0.49804 1.00000
v -0.98200 15.40919 7.99703 0.49412 0.50588 0.49804 1.00000
v 0.81892 10.69807 9.25059 0.49412 0.50588 0.49804 1.00000
v 1.19097 14.04834 10.86830 0.49412 0.50588 0.49804 1.00000
v 3.44665 12.45196 13.78329 0.49412 0.50588 0.49804 1.00000
v 1.64573 17.16308 12.52972 0.49412 0.50588 0.49804 1.00000
v -1.60411 13.66420 12.64930 0.49412 0.50588 0.49804 1.00000
v -4.41249 15.48822 16.62364 0.49412 0.50588 0.49804 1.00000
v -1.17781 16.63884 14.84391 0.49412 0.50588 0.49804 1.00000
v -0.59274 19.47166 16.92390 0.49412 0.50588 0.49804 1.00000
v 2.21563 17.64764 12.94956 0.49412 0.50588 0.49804 1.00000
v -3.35057 18.26332 12.56964 0.49412 0.50588 0.49804 1.00000
v -2.90907 20.83660 8.07601 0.49412 0.50588 0.49804 1.00000
v -0.43697 19.04428 10.64350 0.49412 0.50588 0.49804 1.00000
v 2.50707 19.84629 8.43764 0.49412 0.50588 0.49804 1.00000
v 2.06557 17.27301 12.93128 0.49412 0.50588 0.49804 1.00000
v -7.78538 21.26914 11.99485 0.49412 0.50588 0.49804 1.00000
v -9.49896 16.81847 12.54023 0.49412 0.50588 0.49804 1.00000
v -6.33938 18.03356 12.67794 0.49412 0.50588 0.49804 1.00000
v -4.94899 14.67102 13.38164 0.49412 0.50588 0.49804 1.00000
v -3.23541 19.12169 12.83626 0.49412 0.50588 0.49804 1.00000
v 4.18085 15.64770 7.51870 0.49412 0.50588 0.49804 1.00000
v 9.67628 12.54892 8.63955 0.49412 0.50588 0.49804 1.00000
v 7.51149 15.41524 11.15991 0.49412 0.50588 0.49804 1.00000
v 10.25207 15.29434 14.82065 0.49412 0.50588 0.49804 1.00000
v 4.75665 18.39313 13.69981 0.49412 0.50588 0.49804 1.00000
v 3.52137 14.64507 8.41354 0.49412 0.50588 0.49804 1.00000
v 8.49020 11.56670 8.85563 0.49412 0.50588 0.49804 1.00000
v 6.27930 14.67560 11.30151 0.49412 0.50588 0.49804 1.00000
v 9.20826 14.42060 14.32665 0.49412 0.50588 0.49804 1.00000
v 4.23943 17.49897 13.88456 0.49412 0.50588 0.49804 1.00000
v 1.05045 13.85841 18.10936 0.49412 0.50588 0.49804 1.00000
v -3.69786 16.98440 16.68007 0.49412 0.50588 0.49804 1.00000
v 0.10944 17.21440 15.29933 0.49412 0.50588 0.49804 1.00000
v -0.69271 20.34014 12.39204 0.49412 0.50588 0.49804 1.00000
v 4.05560 17.21415 13.82133 0.49412 0.50588 0.49804 1.00000
v 3.08354 13.93604 7.55555 0.49412 0.50588 0.49804 1.00000
v 4.44865 9.15254 8.92797 0.49412 0.50588 0.49804 1.00000
v 3.56409 12.53510 10.78735 0.49412 0.50588 0.49804 1.00000
v 4.10595 10.71621 14.15685 0.49412 0.50588 0.49804 1.00000
v 2.74084 15.49971 12.78443 0.49412 0.50588 0.49804 1.00000
v -1.63974 11.46217 11.62384 0.49412 0.50588 0.49804 1.00000
v -4.68343 14.66402 14.29086 0.49412 0.50588 0.49804 1.00000
v -1.05003 14.79213 13.28490 0.49412 0.50588 0.49804 1.00000
v -0.71664 18.29724 15.29447 0.49412 0.50588 0.49804 1.00000
v 2.32705 15.09540 12.62745 0.49412 0.50588 0.49804 1.00000
v -1.78422 15.76007 8.82646 0.49412 0.50588 0.49804 1.00000
v 1.60668 18.12668 5.73940 0.49412 0.50588 0.49804 1.00000
v 1.89981 16.76312 9.16703 0.49412 0.50588 0.49804 1.00000
v 5.73765 17.87962 9.33628 0.49412 0.50588 0.49804 1.00000
v 2.34676 15.51302 12.42334 0.49412 0.50588 0.49804 1.00000
v -3.72802 21.22061 9.02176 0.49412 0.50588 0.49804 1.00000
v -7.12011 17.87186 8.45456 0.49412 0.50588 0.49804 1.00000
v -4.20459 17.67694 9.96274 0.49412 0.50588 0.49804 1.00000
v -4.38304 14.39832 10.96960 0.49412 0.50588 0.49804 1.00000
v -0.99095 17.74707 11.53681 0.49412 0.50588 0.49804 1.00000
v 8.35311 24.22069 9.68682 0.49412 0.50588 0.49804 1.00000
v 9.42099 16.57874 10.28291 0.49412 0.50588 0.49804 1.00000
v 8.24320 20.43054 5.92093 0.49412 0.50588 0.49804 1.00000
v 8.55010 16.11800 2.13211 0.49412 0.50588 0.49804 1.00000
v 7.48221 23.75995 1.53602 0.49412 0.50588 0.49804 1.00000
v 11.49024 23.43415 9.73855 0.49412 0.50588 0.49804 1.00000
v 10.94399 16.58865 9.41239 0.49412 0.50588 0.49804 1.00000
v 10.44486 19.90007 6.00866 0.49412 0.50588 0.49804 1.00000
v 9.40946 16.82372 2.28083 0.49412 0.50588 0.49804 1.00000
v 9.95570 23.66923 2.60700 0.49412 0.50588 0.49804 1.00000
v 17.19409 24.34905 -0.78985 0.49412 0.50588 0.49804 1.00000
v 16.42055 31.13943 -0.04273 0.49412 0.50588 0.49804 1.00000
v 13.58327 27.08787 1.19507 0.49412 0.50588 0.49804 1.00000
v 9.83608 30.49254 3.01583 0.49412 0.50588 0.49804 1.00000
v 10.60963 23.70217 2.26872 0.49412 0.50588 0.49804 1.00000
v 13.90145 19.71777 10.21666 0.49412 0.50588 0.49804 1.00000
v 12.10386 14.48284 8.67348 0.49412 0.50588 0.49804 1.00000
v 13.01275 18.33953 6.65793 0.49412 0.50588 0.49804 1.00000
v 12.06339 16.53463 2.93534 0.49412 0.50588 0.49804 1.00000
v 13.86098 21.76957 4.47852 0.49412 0.50588 0.49804 1.00000
v 16.45103 17.16794 5.88390 0.49412 0.50588 0.49804 1.00000
v 21.39767 18.69559 3.39103 0.49412 0.50588 0.49804 1.00000
v 17.67774 20.61307 3.84201 0.49412 0.50588 0.49804 1.00000
v 18.46376 23.82032 1.87034 0.49412 0.50588 0.49804 1.00000
v 13.51713 22.29268 4.36321 0.49412 0.50588 0.49804 1.00000
v 19.16707 21.59194 8.63711 0.49412 0.50588 0.49804 1.00000
v 15.70532 24.24347 12.37916 0.49412 0.50588 0.49804 1.00000
v 15.10169 22.92696 8.54174 0.49412 0.50588 0.49804 1.00000
v 10.88334 24.38226 8.64349 0.49412 0.50588 0.49804 1.00000
v 14.34509 21.73074 4.90144 0.49412 0.50588 0.49804 1.00000
v 16.47791 28.81065 13.34471 0.49412 0.50588 0.49804 1.00000
v 17.19511 25.14187 16.35831 0.49412 0.50588 0.49804 1.00000
v 17.33129 25.19433 13.10162 0.49412 0.50588 0.49804 1.00000
v 18.30283 21.89538 12.60314 0.49412 0.50588 0.49804 1.00000
v 17.58563 25.56417 9.58954 0.49412 0.50588 0.49804 1.00000
v 13.23585 24.58174 9.03701 0.49412 0.50588 0.49804 1.00000
v 14.44734 17.52641 8.82073 0.49412 0.50588 0.49804 1.00000
v 11.95836 20.37367 5.69784 0.49412 0.50588 0.49804 1.00000
v 10.77396 16.69036 2.22422 0.49412 0.50588 0.49804 1.00000
v 9.56248 23.74569 2.44051 0.49412 0.50588 0.49804 1.00000
v 14.46674 24.54527 7.77967 0.49412 0.50588 0.49804 1.00000
v 15.68649 18.39883 7.92687 0.49412 0.50588 0.49804 1.00000
v 13.20739 21.42316 5.10062 0.49412 0.50588 0.49804 1.00000
v 12.05879 17.83594 2.38415 0.49412 0.50588 0.49804 1.00000
v 10.83905 23.98237 2.23695 0.49412 0.50588 0.49804 1.00000
v 15.02821 24.62425 -2.93629 0.49412 0.50588 0.49804 1.00000
v 13.80535 30.76969 -2.77419 0.49412 0.50588 0.49804 1.00000
v 12.28558 27.62940 -0.30353 0.49412 0.50588 0.49804 1.00000
v 9.69887 30.14559 2.41100 0.49412 0.50588 0.49804 1.00000
v 10.92173 24.00015 2.24889 0.49412 0.50588 0.49804 1.00000
v 17.59594 27.11447 5.05361 0.49412 0.50588 0.49804 1.00000
v 20.34353 22.60258 5.59780 0.49412 0.50588 0.49804 1.00000
v 17.18064 23.43097 3.66415 0.49412 0.50588 0.49804 1.00000
v 16.40121 20.21398 2.38415 0.49412 0.50588 0.49804 1.00000
v 13.65362 24.72588 1.83996 0.49412 0.50588 0.49804 1.00000
v 19.64458 24.65623 -0.76793 0.49412 0.50588 0.49804 1.00000
v 17.25606 27.18424 -4.78125 0.49412 0.50588 0.49804 1.00000
v 16.14563 26.01171 -1.13936 0.49412 0.50588 0.49804 1.00000
v 12.33619 27.47903 -2.10487 0.49412 0.50588 0.49804 1.00000
v 14.72471 24.95102 1.90845 0.49412 0.50588 0.49804 1.00000
v 18.57413 29.30449 1.42445 0.49412 0.50588 0.49804 1.00000
v 17.06139 30.95498 6.24006 0.49412 0.50588 0.49804 1.00000
v 15.84106 28.12364 4.01642 0.49412 0.50588 0.49804 1.00000
v 13.06171 27.04028 6.89971 0.49412 0.50588 0.49804 1.00000
v 14.57445 25.38978 2.08410 0.49412 0.50588 0.49804 1.00000
v 22.57585 31.10191 1.65105 0.49412 0.50588 0.49804 1.00000
v 25.44288 27.38452 0.64872 0.49412 0.50588 0.49804 1.00000
v 21.80024 27.98733 0.98278 0.49412 0.50588 0.49804 1.00000
v 21.24292 24.56925 0.10776 0.49412 0.50588 0.49804 1.00000
v 18.37589 28.28664 1.11009 0.49412 0.50588 0.49804 1.00000
v 10.78620 23.91343 10.01104 0.49412 0.50588 0.49804 1.00000
v 11.42809 17.07079 11.02558 0.49412 0.50588 0.49804 1.00000
v 11.12041 20.36353 6.84066 0.49412 0.50588 0.49804 1.00000
v 11.70878 16.54694 3.68311 0.49412 0.50588 0.49804 1.00000
v 11.06690 23.38958 2.66857 0.49412 0.50588 0.49804 1.00000
v 12.95559 25.10670 9.14527 0.49412 0.50588 0.49804 1.00000
v 13.88022 19.32587 10.94232 0.49412 0.50588 0.49804 1.00000
v 13.16687 21.02157 7.02213 0.49412 0.50588 0.49804 1.00000
v 13.04026 17.65129 4.75662 0.49412 0.50588 0.49804 1.00000
v 12.11563 23.43211 2.95956 0.49412 0.50588 0.49804 1.00000
v 18.97062 25.51097 1.92560 0.49412 0.50588 0.49804 1.00000
v 16.94197 31.28839 1.83507 0.49412 0.50588 0.49804 1.00000
v 15.09254 27.13670 2.77472 0.49412 0.50588 0.49804 1.00000
v 10.95173 29.51357 3.46205 0.49412 0.50588 0.49804 1.00000
v 12.98037 23.73614 3.55257 0.49412 0.50588 0.49804 1.00000
v 18.30854 24.29422 10.27770 0.49412 0.50588 0.49804 1.00000
v 18.75484 19.07235 9.69463 0.49412 0.50588 0.49804 1.00000
v 17.11441 21.92533 7.57177 0.49412 0.50588 0.49804 1.00000
v 15.87162 19.00111 4.91263 0.49412 0.50588 0.49804 1.00000
v 15.42532 24.22298 5.49569 0.49412 0.50588 0.49804 1.00000
v 20.11175 22.30121 5.29601 0.49412 0.50588 0.49804 1.00000
v 21.63976 24.70149 0.85631 0.49412 0.50588 0.49804 1.00000
v 18.22274 24.39139 3.00331 0.49412 0.50588 0.49804 1.00000
v 16.40458 26.65973 0.52430 0.49412 0.50588 0.49804 1.00000
v 14.87658 24.25945 4.96400 0.49412 0.50588 0.49804 1.00000
v 19.56367 27.49197 5.10636 0.49412 0.50588 0.49804 1.00000
v 17.34415 30.05653 9.14417 0.49412 0.50588 0.49804 1.00000
v 16.08781 27.27831 7.18587 0.49412 0.50588 0.49804 1.00000
v 12.84515 26.74187 9.00733 0.49412 0.50588 0.49804 1.00000
v 15.06467 24.17732 4.96951 0.49412 0.50588 0.49804 1.00000
v 19.89488 31.61261 8.97071 0.49412 0.50588 0.49804 1.00000
v 23.44490 29.24701 11.17174 0.49412 0.50588 0.49804 1.00000
v 21.16177 28.21769 8.90194 0.49412 0.50588 0.49804 1.00000
v 21.93759 25.10482 8.66699 0.49412 0.50588 0.49804 1.00000
v 18.38757 27.47042 6.46597 0.49412 0.50588 0.49804 1.00000
v 8.18185 25.26658 8.90440 0.49412 0.50588 0.49804 1.00000
v 8.48270 18.50010 11.04798 0.49412 0.50588 0.49804 1.00000
v 9.41700 20.69479 6.55121 0.49412 0.50588 0.49804 1.00000
v 10.38032 16.78550 3.97171 0.49412 0.50588 0.49804 1.00000
v 10.07948 23.55198 1.82814 0.49412 0.50588 0.49804 1.00000
v 9.36783 24.17116 9.90198 0.49412 0.50588 0.49804 1.00000
v 9.84265 18.00016 10.63282 0.49412 0.50588 0.49804 1.00000
v 10.32910 21.15898 7.04159 0.49412 0.50588 0.49804 1.00000
v 11.36821 17.68524 4.20876 0.49412 0.50588 0.49804 1.00000
v 10.89339 23.85624 3.47792 0.49412 0.50588 0.49804 1.00000
v 17.57312 24.37512 3.13603 0.49412 0.50588 0.49804 1.00000
v 16.77783 30.53497 2.62169 0.49412 0.50588 0.49804 1.00000
v 13.86785 27.41373 2.94999 0.49412 0.50588 0.49804 1.00000
v 10.20076 30.03505 3.02865 0.49412 0.50588 0.49804 1.00000
v 10.99605 23.87519 3.54299 0.49412 0.50588 0.49804 1.00000
v 12.25209 24.98536 11.41198 0.49412 0.50588 0.49804 1.00000
v 12.62435 19.80250 12.44635 0.49412 0.50588 0.49804 1.00000
v 12.71881 22.15491 9.14024 0.49412 0.50588 0.49804 1.00000
v 13.35827 19.09482 6.91590 0.49412 0.50588 0.49804 1.00000
v 12.98601 24.27768 5.88153 0.49412 0.50588 0.49804 1.00000
v 16.23158 22.24822 9.34096 0.49412 0.50588 0.49804 1.00000
v 20.44352 24.46349 7.01228 0.49412 0.50588 0.49804 1.00000
v 16.65054 24.62711 6.30435 0.49412 0.50588 0.49804 1.00000
v 16.77114 26.72833 3.40572 0.49412 0.50588 0.49804 1.00000
v 12.55920 24.51306 5.73440 0.49412 0.50588 0.49804 1.00000
v 16.88185 27.42991 8.87998 0.49412 0.50588 0.49804 1.00000
v 12.84613 29.91479 11.24829 0.49412 0.50588 0.49804 1.00000
v 12.81070 27.28226 8.73554 0.49412 0.50588 0.49804 1.00000
v 8.98919 26.86313 8.52390 0.49412 0.50588 0.49804 1.00000
v 13.02492 24.37826 6.15559 0.49412 0.50588 0.49804 1.00000
v 12.99273 34.12867 10.66710 0.49412 0.50588 0.49804 1.00000
v 15.83708 32.72790 14.27139 0.49412 0.50588 0.49804 1.00000
v 14.88222 31.11030 11.51290 0.49412 0.50588 0.49804 1.00000
v 16.59579 28.22549 12.01814 0.49412 0.50588 0.49804 1.00000
v 13.75144 29.62626 8.41384 0.49412 0.50588 0.49804 1.00000
v 4.78415 20.86050 9.23295 0.49412 0.50588 0.49804 1.00000
v 3.51027 14.75855 5.38141 0.49412 0.50588 0.49804 1.00000
v 5.73937 19.28897 4.07718 0.49412 0.50588 0.49804 1.00000
v 6.63453 17.42696 -1.22861 0.49412 0.50588 0.49804 1.00000
v 7.90841 23.52891 2.62292 0.49412 0.50588 0.49804 1.00000
v 6.48965 21.19783 9.06591 0.49412 0.50588 0.49804 1.00000
v 4.87642 15.49760 6.69904 0.49412 0.50588 0.49804 1.00000
v 6.93429 19.60135 4.99682 0.49412 0.50588 0.49804 1.00000
v 7.36138 17.43699 0.72062 0.49412 0.50588 0.49804 1.00000
v 8.97462 23.13723 3.08748 0.49412 0.50588 0.49804 1.00000
v 14.25113 20.37476 3.12897 0.49412 0.50588 0.49804 1.00000
v 17.29707 25.45299 5.50198 0.49412 0.50588 0.49804 1.00000
v 12.91104 24.73913 4.44373 0.49412 0.50588 0.49804 1.00000
v 11.32622 28.58620 5.29191 0.49412 0.50588 0.49804 1.00000
v 8.28028 23.50797 2.91890 0.49412 0.50588 0.49804 1.00000
v 6.34771 21.12526 9.81484 0.49412 0.50588 0.49804 1.00000
v 5.55266 15.90375 8.90800 0.49412 0.50588 0.49804 1.00000
v 7.80040 18.74783 7.21105 0.49412 0.50588 0.49804 1.00000
v 9.20323 16.71519 4.62659 0.49412 0.50588 0.49804 1.00000
v 9.99828 21.93671 5.53343 0.49412 0.50588 0.49804 1.00000
v 10.15972 17.87443 9.05656 0.49412 0.50588 0.49804 1.00000
v 14.94706 19.33893 10.96844 0.49412 0.50588 0.49804 1.00000
v 12.32802 20.91651 8.35936 0.49412 0.50588 0.49804 1.00000
v 14.27886 23.81477 7.52206 0.49412 0.50588 0.49804 1.00000
v 9.49152 22.35027 5.61019 0.49412 0.50588 0.49804 1.00000
v 9.76052 22.31026 12.30890 0.49412 0.50588 0.49804 1.00000
v 5.03386 24.80279 11.90319 0.49412 0.50588 0.49804 1.00000
v 7.52142 23.14624 9.28343 0.49412 0.50588 0.49804 1.00000
v 4.88226 24.32878 6.24843 0.49412 0.50588 0.49804 1.00000
v 9.60893 21.83626 6.65415 0.49412 0.50588 0.49804 1.00000
v 9.43327 27.21038 14.17087 0.49412 0.50588 0.49804 1.00000
v 10.56869 23.96236 17.51824 0.49412 0.50588 0.49804 1.00000
v 10.34836 24.00868 13.86772 0.49412 0.50588 0.49804 1.00000
v 11.36696 20.58615 13.77975 0.49412 0.50588 0.49804 1.00000
v 10.23153 23.83418 10.43238 0.49412 0.50588 0.49804 1.00000
v 12.91614 19.15244 10.73543 0.49412 0.50588 0.49804 1.00000
v 7.38013 16.14305 8.68487 0.49412 0.50588 0.49804 1.00000
v 10.14177 18.99436 6.45995 0.49412 0.50588 0.49804 1.00000
v 7.81117 18.96711 2.25970 0.49412 0.50588 0.49804 1.00000
v 13.34718 21.97650 4.31025 0.49412 0.50588 0.49804 1.00000
v 14.02575 17.93115 9.92357 0.49412 0.50588 0.49804 1.00000
v 8.98747 15.07613 8.30014 0.49412 0.50588 0.49804 1.00000
v 11.19176 17.98640 6.30110 0.49412 0.50588 0.49804 1.00000
v 8.83488 18.16640 2.72204 0.49412 0.50588 0.49804 1.00000
v 13.87316 21.02141 4.34547 0.49412 0.50588 0.49804 1.00000
v 18.34961 17.05533 0.64945 0.49412 0.50588 0.49804 1.00000
v 22.62710 20.61962 2.92316 0.49412 0.50588 0.49804 1.00000
v 18.31506 20.51122 3.43711 0.49412 0.50588 0.49804 1.00000
v 18.54798 24.20119 6.29370 0.49412 0.50588 0.49804 1.00000
v 14.27048 20.63689 4.01999 0.49412 0.50588 0.49804 1.00000
v 10.04341 14.80762 5.59143 0.49412 0.50588 0.49804 1.00000
v 11.90115 12.54376 1.27785 0.49412 0.50588 0.49804 1.00000
v 13.07675 15.44468 3.11316 0.49412 0.50588 0.49804 1.00000
v 16.12764 16.09512 0.82155 0.49412 0.50588 0.49804 1.00000
v 14.26990 18.35897 5.13513 0.49412 0.50588 0.49804 1.00000
v 15.15770 13.55811 5.14871 0.49412 0.50588 0.49804 1.00000
v 18.83676 13.78978 8.83572 0.49412 0.50588 0.49804 1.00000
v 16.70207 16.43232 7.13813 0.49412 0.50588 0.49804 1.00000
v 18.06014 19.27129 8.77463 0.49412 0.50588 0.49804 1.00000
v 14.38108 19.03962 5.08762 0.49412 0.50588 0.49804 1.00000
v 14.98171 15.37459 8.91877 0.49412 0.50588 0.49804 1.00000
v 10.02502 15.89853 10.44845 0.49412 0.50588 0.49804 1.00000
v 11.97234 17.38376 7.58867 0.49412 0.50588 0.49804 1.00000
v 9.47499 19.41743 6.22024 0.49412 0.50588 0.49804 1.00000
v 14.43168 18.89348 4.69056 0.49412 0.50588 0.49804 1.00000
v 13.37355 19.57995 13.91609 0.49412 0.50588 0.49804 1.00000
v 13.19250 15.26728 16.01620 0.49412 0.50588 0.49804 1.00000
v 13.94133 16.34403 12.74346 0.49412 0.50588 0.49804 1.00000
v 14.49877 13.35583 11.46805 0.49412 0.50588 0.49804 1.00000
v 14.67982 17.66850 9.36793 0.49412 0.50588 0.49804 1.00000
v 13.18184 23.61610 -1.62158 0.49412 0.50588 0.49804 1.00000
v 13.57033 15.94514 -0.59701 0.49412 0.50588 0.49804 1.00000
v 9.56272 19.55226 -2.65749 0.49412 0.50588 0.49804 1.00000
v 5.91957 15.76112 -3.66280 0.49412 0.50588 0.49804 1.00000
v 5.53108 23.43208 -4.68737 0.49412 0.50588 0.49804 1.00000
v 14.91864 22.35764 -4.66281 0.49412 0.50588 0.49804 1.00000
v 14.35167 15.50043 -3.98678 0.49412 0.50588 0.49804 1.00000
v 11.09734 19.59349 -5.02800 0.49412 0.50588 0.49804 1.00000
v 7.19657 16.28440 -5.37996 0.49412 0.50588 0.49804 1.00000
v 7.76354 23.14161 -6.05599 0.49412 0.50588 0.49804 1.00000
v 7.56906 23.67022 -14.10758 0.49412 0.50588 0.49804 1.00000
v 8.17040 30.49886 -13.20876 0.49412 0.50588 0.49804 1.00000
v 8.10987 26.43462 -10.04113 0.49412 0.50588 0.49804 1.00000
v 8.40950 29.98198 -5.91530 0.49412 0.50588 0.49804 1.00000
v 7.80816 23.15333 -6.81412 0.49412 0.50588 0.49804 1.00000
v 17.35744 22.50405 -5.85506 0.49412 0.50588 0.49804 1.00000
v 17.68465 16.83946 -6.30243 0.49412 0.50588 0.49804 1.00000
v 14.92064 19.28489 -7.55824 0.49412 0.50588 0.49804 1.00000
v 12.55857 16.38348 -9.44826 0.49412 0.50588 0.49804 1.00000
v 12.23135 22.04806 -9.00090 0.49412 0.50588 0.49804 1.00000
v 16.56014 19.82985 -10.85775 0.49412 0.50588 0.49804 1.00000
v 16.34884 22.10390 -16.07107 0.49412 0.50588 0.49804 1.00000
v 13.88614 22.33856 -12.63534 0.49412 0.50588 0.49804 1.00000
v 11.20075 24.58285 -14.11547 0.49412 0.50588 0.49804 1.00000
v 11.41205 22.30880 -8.90214 0.49412 0.50588 0.49804 1.00000
v 17.43508 25.65689 -10.72523 0.49412 0.50588 0.49804 1.00000
v 17.00053 27.81698 -5.47738 0.49412 0.50588 0.49804 1.00000
v 14.82407 24.93911 -7.62065 0.49412 0.50588 0.49804 1.00000
v 12.14635 24.52587 -4.07050 0.49412 0.50588 0.49804 1.00000
v 12.58091 22.36579 -9.31834 0.49412 0.50588 0.49804 1.00000
v 20.82430 30.17622 -7.37200 0.49412 0.50588 0.49804 1.00000
v 23.05575 25.92816 -7.19768 0.49412 0.50588 0.49804 1.00000
v 20.14997 26.67754 -8.45928 0.49412 0.50588 0.49804 1.00000
v 19.36747 23.46583 -9.69459 0.49412 0.50588 0.49804 1.00000
v 17.13602 27.71389 -9.86891 0.49412 0.50588 0.49804 1.00000
v 16.35464 23.41140 -8.89808 0.49412 0.50588 0.49804 1.00000
v 16.84566 16.72817 -9.74127 0.49412 0.50588 0.49804 1.00000
v 13.14433 19.32102 -8.72545 0.49412 0.50588 0.49804 1.00000
v 9.83426 15.91622 -8.59117 0.49412 0.50588 0.49804 1.00000
v 9.34324 22.59945 -7.74798 0.49412 0.50588 0.49804 1.00000
v 16.09526 23.18049 -10.70588 0.49412 0.50588 0.49804 1.00000
v 16.49262 17.15160 -11.38999 0.49412 0.50588 0.49804 1.00000
v 13.17897 20.16376 -10.18664 0.49412 0.50588 0.49804 1.00000
v 10.24079 16.74804 -9.83841 0.49412 0.50588 0.49804 1.00000
v 9.84343 22.77694 -9.15430 0.49412 0.50588 0.49804 1.00000
v 6.33450 23.40965 -14.78738 0.49412 0.50588 0.49804 1.00000
v 6.39164 29.39073 -13.69336 0.49412 0.50588 0.49804 1.00000
v 8.01353 26.26132 -11.47050 0.49412 0.50588 0.49804 1.00000
v 9.84012 28.79167 -8.27461 0.49412 0.50588 0.49804 1.00000
v 9.78298 22.81058 -9.36862 0.49412 0.50588 0.49804 1.00000
v 16.97568 23.63049 -12.37573 0.49412 0.50588 0.49804 1.00000
v 17.26884 18.42853 -12.74077 0.49412 0.50588 0.49804 1.00000
v 14.39007 20.60529 -12.28968 0.49412 0.50588 0.49804 1.00000
v 11.75605 17.94095 -12.37979 0.49412 0.50588 0.49804 1.00000
v 11.46290 23.14290 -12.01474 0.49412 0.50588 0.49804 1.00000
v 13.48420 20.56057 -16.15387 0.49412 0.50588 0.49804 1.00000
v 10.26544 22.88497 -19.54743 0.49412 0.50588 0.49804 1.00000
v 10.81244 23.03303 -15.64263 0.49412 0.50588 0.49804 1.00000
v 8.12211 25.60477 -15.20469 0.49412 0.50588 0.49804 1.00000
v 11.34087 23.28038 -11.81112 0.49412 0.50588 0.49804 1.00000
v 13.60585 25.97386 -16.34666 0.49412 0.50588 0.49804 1.00000
v 16.66340 28.51745 -12.96124 0.49412 0.50588 0.49804 1.00000
v 14.13057 25.92887 -12.42513 0.49412 0.50588 0.49804 1.00000
v 14.51631 25.71437 -8.67547 0.49412 0.50588 0.49804 1.00000
v 11.45875 23.17078 -12.06089 0.49412 0.50588 0.49804 1.00000
v 12.48880 29.53707 -18.97888 0.49412 0.50588 0.49804 1.00000
v 12.56160 26.21380 -22.44198 0.49412 0.50588 0.49804 1.00000
v 11.89788 26.19934 -18.89387 0.49412 0.50588 0.49804 1.00000
v 11.21511 22.91645 -18.78392 0.49412 0.50588 0.49804 1.00000
v 11.14230 26.23972 -15.32082 0.49412 0.50588 0.49804 1.00000
v 14.94878 24.46086 -5.34199 0.49412 0.50588 0.49804 1.00000
v 17.38123 18.03090 -6.01687 0.49412 0.50588 0.49804 1.00000
v 12.86027 20.08818 -6.81872 0.49412 0.50588 0.49804 1.00000
v 10.53483 16.26768 -7.93891 0.49412 0.50588 0.49804 1.00000
v 8.10238 22.69763 -7.26403 0.49412 0.50588 0.49804 1.00000
v 16.05079 23.75454 -6.72984 0.49412 0.50588 0.49804 1.00000
v 16.89971 17.77751 -7.60126 0.49412 0.50588 0.49804 1.00000
v 13.29402 20.69176 -7.77019 0.49412 0.50588 0.49804 1.00000
v 10.59701 17.16715 -8.92539 0.49412 0.50588 0.49804 1.00000
v 9.74810 23.14418 -8.05397 0.49412 0.50588 0.49804 1.00000
v 9.66496 23.02449 -13.79820 0.49412 0.50588 0.49804 1.00000
v 8.83605 29.04790 -14.28431 0.49412 0.50588 0.49804 1.00000
v 9.32078 26.40635 -10.81262 0.49412 0.50588 0.49804 1.00000
v 8.88516 29.13549 -7.82476 0.49412 0.50588 0.49804 1.00000
v 9.71407 23.11208 -7.33865 0.49412 0.50588 0.49804 1.00000
v 16.97963 26.62277 -9.22359 0.49412 0.50588 0.49804 1.00000
v 18.96803 22.05462 -10.92469 0.49412 0.50588 0.49804 1.00000
v 15.52599 23.06762 -10.53074 0.49412 0.50588 0.49804 1.00000
v 13.89208 19.85496 -11.70099 0.49412 0.50588 0.49804 1.00000
v 11.90368 24.42312 -9.99989 0.49412 0.50588 0.49804 1.00000
v 15.26042 24.06140 -13.72686 0.49412 0.50588 0.49804 1.00000
v 12.03751 26.35473 -17.20090 0.49412 0.50588 0.49804 1.00000
v 11.65258 25.59145 -13.53265 0.49412 0.50588 0.49804 1.00000
v 8.31499 26.71059 -13.06423 0.49412 0.50588 0.49804 1.00000
v 11.53789 24.41726 -9.59019 0.49412 0.50588 0.49804 1.00000
v 14.16666 29.54845 -12.68409 0.49412 0.50588 0.49804 1.00000
v 15.63803 30.81907 -7.79164 0.49412 0.50588 0.49804 1.00000
v 13.90256 27.78244 -9.19642 0.49412 0.50588 0.49804 1.00000
v 13.60052 26.19924 -5.39495 0.49412 0.50588 0.49804 1.00000
v 12.12915 24.92861 -10.28740 0.49412 0.50588 0.49804 1.00000
v 17.73002 32.10418 -14.35671 0.49412 0.50588 0.49804 1.00000
v 19.41040 28.68963 -17.28257 0.49412 0.50588 0.49804 1.00000
v 16.98954 28.71607 -14.71527 0.49412 0.50588 0.49804 1.00000
v 16.43128 25.06724 -15.29867 0.49412 0.50588 0.49804 1.00000
v 14.75090 28.48179 -12.37281 0.49412 0.50588 0.49804 1.00000
v 12.77754 23.49793 -3.56307 0.49412 0.50588 0.49804 1.00000
v 13.59947 17.63898 -1.64475 0.49412 0.50588 0.49804 1.00000
v 13.62438 19.72007 -5.77056 0.49412 0.50588 0.49804 1.00000
v 14.25940 16.24661 -8.06933 0.49412 0.50588 0.49804 1.00000
v 13.43747 22.10556 -9.98766 0.49412 0.50588 0.49804 1.00000
v 14.55876 23.89085 -3.31920 0.49412 0.50588 0.49804 1.00000
v 15.50210 18.52848 -1.53277 0.49412 0.50588 0.49804 1.00000
v 15.00311 20.25819 -5.32661 0.49412 0.50588 0.49804 1.00000
v 15.31507 16.97582 -7.41559 0.49412 0.50588 0.49804 1.00000
v 14.37174 22.33818 -9.20201 0.49412 0.50588 0.49804 1.00000
v 20.75387 23.95229 -9.83322 0.49412 0.50588 0.49804 1.00000
v 18.86998 29.34767 -10.25397 0.49412 0.50588 0.49804 1.00000
v 16.91880 25.88778 -9.48775 0.49412 0.50588 0.49804 1.00000
v 13.03968 27.98540 -9.14253 0.49412 0.50588 0.49804 1.00000
v 14.92357 22.59003 -8.72178 0.49412 0.50588 0.49804 1.00000
v 17.69533 23.71151 -1.42778 0.49412 0.50588 0.49804 1.00000
v 18.46723 18.66691 -1.22660 0.49412 0.50588 0.49804 1.00000
v 17.52247 20.72773 -3.94099 0.49412 0.50588 0.49804 1.00000
v 17.52633 18.00646 -6.52454 0.49412 0.50588 0.49804 1.00000
v 16.75444 23.05106 -6.72571 0.49412 0.50588 0.49804 1.00000
v 21.86281 21.08106 -5.50157 0.49412 0.50588 0.49804 1.00000
v 23.63155 23.76063 -9.47344 0.49412 0.50588 0.49804 1.00000
v 20.31951 23.35023 -8.26081 0.49412 0.50588 0.49804 1.00000
v 18.72312 25.62067 -10.84647 0.49412 0.50588 0.49804 1.00000
v 16.95437 22.94110 -6.87460 0.49412 0.50588 0.49804 1.00000
v 20.89895 25.35754 -5.73229 0.49412 0.50588 0.49804 1.00000
v 18.69661 28.33898 -2.21875 0.49412 0.50588 0.49804 1.00000
v 17.44266 25.61923 -4.54501 0.49412 0.50588 0.49804 1.00000
v 14.10282 25.77161 -3.55112 0.49412 0.50588 0.49804 1.00000
v 16.30516 22.79016 -7.06465 0.49412 0.50588 0.49804 1.00000
v 15.40620 32.12671 -2.82385 0.49412 0.50588 0.49804 1.00000
v 16.16508 29.46642 1.09901 0.49412 0.50588 0.49804 1.00000
v 16.42076 28.75520 -2.25655 0.49412 0.50588 0.49804 1.00000
v 17.41806 25.24300 -1.46996 0.49412 0.50588 0.49804 1.00000
v 16.65918 27.90329 -5.39282 0.49412 0.50588 0.49804 1.00000
v 8.84987 22.29877 2.66591 0.49412 0.50588 0.49804 1.00000
v 6.96559 15.12030 2.50930 0.49412 0.50588 0.49804 1.00000
v 6.73499 19.51202 -1.09518 0.49412 0.50588 0.49804 1.00000
v 4.71014 16.18051 -4.96710 0.49412 0.50588 0.49804 1.00000
v 6.59442 23.35897 -4.81049 0.49412 0.50588 0.49804 1.00000
v 10.52485 21.90340 1.76276 0.49412 0.50588 0.49804 1.00000
v 8.89535 15.71126 1.56404 0.49412 0.50588 0.49804 1.00000
v 8.52503 19.52208 -1.44747 0.49412 0.50588 0.49804 1.00000
v 6.43251 16.75968 -4.69377 0.49412 0.50588 0.49804 1.00000
v 8.06201 22.95183 -4.49505 0.49412 0.50588 0.49804 1.00000
v 12.80505 21.08804 -8.03762 0.49412 0.50588 0.49804 1.00000
v 15.37325 26.94629 -8.38783 0.49412 0.50588 0.49804 1.00000
v 11.59264 25.18750 -6.20183 0.49412 0.50588 0.49804 1.00000
v 10.18450 28.96642 -4.46440 0.49412 0.50588 0.49804 1.00000
v 7.61629 23.10817 -4.11419 0.49412 0.50588 0.49804 1.00000
v 12.38143 24.54849 2.43000 0.49412 0.50588 0.49804 1.00000
v 13.61845 19.40617 3.31643 0.49412 0.50588 0.49804 1.00000
v 12.46016 21.14268 0.20105 0.49412 0.50588 0.49804 1.00000
v 12.45510 18.09656 -2.10476 0.49412 0.50588 0.49804 1.00000
v 11.21808 23.23887 -2.99120 0.49412 0.50588 0.49804 1.00000
v 17.26695 22.26027 -1.82513 0.49412 0.50588 0.49804 1.00000
v 18.22097 24.99652 -6.33759 0.49412 0.50588 0.49804 1.00000
v 14.93077 24.05871 -4.34180 0.49412 0.50588 0.49804 1.00000
v 12.69269 25.91306 -7.33266 0.49412 0.50588 0.49804 1.00000
v 11.73867 23.17681 -2.82021 0.49412 0.50588 0.49804 1.00000
v 15.49181 26.00916 -2.06464 0.49412 0.50588 0.49804 1.00000
v 13.26038 29.19512 1.62722 0.49412 0.50588 0.49804 1.00000
v 11.96557 26.13606 -0.61775 0.49412 0.50588 0.49804 1.00000
v 8.55275 26.13791 0.65296 0.49412 0.50588 0.49804 1.00000
v 10.78417 22.95195 -3.03890 0.49412 0.50588 0.49804 1.00000
v 10.79495 32.09674 -0.31189 0.49412 0.50588 0.49804 1.00000
v 9.78052 31.21812 4.29715 0.49412 0.50588 0.49804 1.00000
v 11.29375 29.37350 1.47811 0.49412 0.50588 0.49804 1.00000
v 11.88613 26.63190 3.63356 0.49412 0.50588 0.49804 1.00000
v 12.90056 27.51052 -0.97548 0.49412 0.50588 0.49804 1.00000
v 15.71260 20.59132 -3.69096 0.49412 0.50588 0.49804 1.00000
v 12.07097 15.76700 -4.43775 0.49412 0.50588 0.49804 1.00000
v 13.51311 19.35396 -7.05483 0.49412 0.50588 0.49804 1.00000
v 11.17996 17.70333 -10.53892 0.49412 0.50588 0.49804 1.00000
v 14.82159 22.52764 -9.79212 0.49412 0.50588 0.49804 1.00000
v 17.08598 19.99566 -4.21955 0.49412 0.50588 0.49804 1.00000
v 13.80616 15.33506 -4.49095 0.49412 0.50588 0.49804 1.00000
v 14.72599 18.73218 -7.09155 0.49412 0.50588 0.49804 1.00000
v 12.35976 17.22437 -10.05655 0.49412 0.50588 0.49804 1.00000
v 15.63958 21.88498 -9.78515 0.49412 0.50588 0.49804 1.00000
v 20.97251 19.78106 -13.05948 0.49412 0.50588 0.49804 1.00000
v 23.40352 24.72925 -11.59054 0.49412 0.50588 0.49804 1.00000
v 19.69925 22.84795 -10.68496 0.49412 0.50588 0.49804 1.00000
v 18.63162 26.52097 -8.34956 0.49412 0.50588 0.49804 1.00000
v 16.20061 21.57278 -9.81851 0.49412 0.50588 0.49804 1.00000
v 20.46571 18.29367 -5.31848 0.49412 0.50588 0.49804 1.00000
v 18.01666 13.82399 -5.23434 0.49412 0.50588 0.49804 1.00000
v 17.69909 16.93620 -7.33003 0.49412 0.50588 0.49804 1.00000
v 15.08440 15.84437 -9.31316 0.49412 0.50588 0.49804 1.00000
v 17.53344 20.31404 -9.39730 0.49412 0.50588 0.49804 1.00000
v 19.78640 15.15750 -10.06560 0.49412 0.50588 0.49804 1.00000
v 22.38261 17.17639 -13.96004 0.49412 0.50588 0.49804 1.00000
v 20.17035 18.68863 -11.65615 0.49412 0.50588 0.49804 1.00000
v 20.42137 22.09870 -12.88557 0.49412 0.50588 0.49804 1.00000
v 17.82515 20.07981 -8.99113 0.49412 0.50588 0.49804 1.00000
v 22.97404 19.06647 -9.17266 0.49412 0.50588 0.49804 1.00000
v 23.78265 21.02455 -4.53639 0.49412 0.50588 0.49804 1.00000
v 20.72439 20.58742 -6.91978 0.49412 0.50588 0.49804 1.00000
v 18.47734 22.06830 -4.33253 0.49412 0.50588 0.49804 1.00000
v 17.66874 20.11022 -8.96880 0.49412 0.50588 0.49804 1.00000
v 21.69537 22.98572 -2.21287 0.49412 0.50588 0.49804 1.00000
v 23.05019 18.63895 -0.69257 0.49412 0.50588 0.49804 1.00000
v 21.56538 20.06085 -3.75171 0.49412 0.50588 0.49804 1.00000
v 21.53797 16.83840 -5.21535 0.49412 0.50588 0.49804 1.00000
v 20.18316 21.18517 -6.73564 0.49412 0.50588 0.49804 1.00000
v 7.17572 20.35811 -13.02463 0.49412 0.50588 0.49804 1.00000
v 6.96399 12.77698 -11.40825 0.49412 0.50588 0.49804 1.00000
v 3.59999 16.73299 -9.99934 0.49412 0.50588 0.49804 1.00000
v -0.11290 13.52067 -7.26392 0.49412 0.50588 0.49804 1.00000
v 0.09883 21.10180 -8.88030 0.49412 0.50588 0.49804 1.00000
v 4.45368 21.44833 -16.28601 0.49412 0.50588 0.49804 1.00000
v 5.38837 14.65340 -17.31318 0.49412 0.50588 0.49804 1.00000
v 2.37553 17.50991 -14.19092 0.49412 0.50588 0.49804 1.00000
v 0.27353 13.81944 -12.07266 0.49412 0.50588 0.49804 1.00000
v -0.66116 20.61438 -11.04549 0.49412 0.50588 0.49804 1.00000
v -5.38453 19.57665 -15.47981 0.49412 0.50588 0.49804 1.00000
v -6.44484 26.37131 -16.37877 0.49412 0.50588 0.49804 1.00000
v -3.01766 23.95784 -13.86747 0.49412 0.50588 0.49804 1.00000
v -0.71837 27.54947 -11.95781 0.49412 0.50588 0.49804 1.00000
v 0.34195 20.75480 -11.05885 0.49412 0.50588 0.49804 1.00000
v 4.10583 17.03643 -18.59446 0.49412 0.50588 0.49804 1.00000
v 3.82286 11.65830 -16.87560 0.49412 0.50588 0.49804 1.00000
v 1.59277 15.36805 -16.21021 0.49412 0.50588 0.49804 1.00000
v -1.04225 13.22764 -13.75329 0.49412 0.50588 0.49804 1.00000
v -0.75928 18.60576 -15.47215 0.49412 0.50588 0.49804 1.00000
v -1.85061 14.19339 -19.37903 0.49412 0.50588 0.49804 1.00000
v -6.47298 16.83999 -21.27320 0.49412 0.50588 0.49804 1.00000
v -3.42284 17.58378 -18.27681 0.49412 0.50588 0.49804 1.00000
v -5.32352 21.25985 -17.39044 0.49412 0.50588 0.49804 1.00000
v -0.70115 18.61324 -15.49627 0.49412 0.50588 0.49804 1.00000
v -1.05967 19.43617 -21.25745 0.49412 0.50588 0.49804 1.00000
v 3.88280 22.17490 -21.43130 0.49412 0.50588 0.49804 1.00000
v 1.41533 20.33668 -18.37892 0.49412 0.50588 0.49804 1.00000
v 4.24632 21.30591 -15.50574 0.49412 0.50588 0.49804 1.00000
v -0.69614 18.56718 -15.33189 0.49412 0.50588 0.49804 1.00000
v 10.04142 25.79554 -23.33959 0.49412 0.50588 0.49804 1.00000
v 10.92258 21.21006 -24.45984 0.49412 0.50588 0.49804 1.00000
v 8.20457 22.80623 -22.96885 0.49412 0.50588 0.49804 1.00000
v 6.48121 19.51523 -22.61006 0.49412 0.50588 0.49804 1.00000
v 5.60006 24.10071 -21.48981 0.49412 0.50588 0.49804 1.00000
v 4.82511 19.72321 -19.17268 0.49412 0.50588 0.49804 1.00000
v 4.47165 13.55752 -20.89738 0.49412 0.50588 0.49804 1.00000
v 1.91606 15.92220 -18.12595 0.49412 0.50588 0.49804 1.00000
v -1.07593 12.55468 -17.07416 0.49412 0.50588 0.49804 1.00000
v -0.72248 18.72038 -15.34947 0.49412 0.50588 0.49804 1.00000
v 2.92067 20.87193 -20.20413 0.49412 0.50588 0.49804 1.00000
v 3.49125 15.58282 -22.67297 0.49412 0.50588 0.49804 1.00000
v 1.05516 17.02516 -19.51494 0.49412 0.50588 0.49804 1.00000
v -0.76324 13.61223 -18.57829 0.49412 0.50588 0.49804 1.00000
v -1.33382 18.90134 -16.10946 0.49412 0.50588 0.49804 1.00000
v -6.14223 20.28258 -19.64904 0.49412 0.50588 0.49804 1.00000
v -6.01646 25.92574 -18.05706 0.49412 0.50588 0.49804 1.00000
v -3.47596 22.31904 -17.32211 0.49412 0.50588 0.49804 1.00000
v -0.77027 24.70714 -14.91511 0.49412 0.50588 0.49804 1.00000
v -0.89605 19.06398 -16.50709 0.49412 0.50588 0.49804 1.00000
v 2.29092 19.64380 -24.18802 0.49412 0.50588 0.49804 1.00000
v 1.74157 14.51263 -24.09554 0.49412 0.50588 0.49804 1.00000
v 0.37285 17.29572 -21.94674 0.49412 0.50588 0.49804 1.00000
v -1.51125 14.60773 -19.67649 0.49412 0.50588 0.49804 1.00000
v -0.96190 19.73890 -19.76897 0.49412 0.50588 0.49804 1.00000
v -3.01595 17.59495 -24.01066 0.49412 0.50588 0.49804 1.00000
v -7.53099 20.06716 -23.63418 0.49412 0.50588 0.49804 1.00000
v -4.26314 19.76066 -21.44826 0.49412 0.50588 0.49804 1.00000
v -5.70586 22.24988 -18.95282 0.49412 0.50588 0.49804 1.00000
v -1.19082 19.77767 -19.32931 0.49412 0.50588 0.49804 1.00000
v -2.60945 22.76837 -23.77307 0.49412 0.50588 0.49804 1.00000
v 1.87411 25.31960 -23.60543 0.49412 0.50588 0.49804 1.00000
v 0.15827 22.44699 -21.52003 0.49412 0.50588 0.49804 1.00000
v 3.25906 22.28939 -19.25115 0.49412 0.50588 0.49804 1.00000
v -1.22449 19.73816 -19.41879 0.49412 0.50588 0.49804 1.00000
v 0.26722 23.69246 -28.05957 0.49412 0.50588 0.49804 1.00000
v 0.61725 19.62087 -30.57785 0.49412 0.50588 0.49804 1.00000
v -0.51952 20.26718 -27.39959 0.49412 0.50588 0.49804 1.00000
v -1.17686 17.19545 -26.47771 0.49412 0.50588 0.49804 1.00000
v -1.52689 21.26703 -23.95942 0.49412 0.50588 0.49804 1.00000
v 4.99428 20.06998 -16.68166 0.49412 0.50588 0.49804 1.00000
v 6.73684 14.05172 -17.97072 0.49412 0.50588 0.49804 1.00000
v 2.67116 16.02098 -16.75264 0.49412 0.50588 0.49804 1.00000
v 0.29651 12.49744 -16.51507 0.49412 0.50588 0.49804 1.00000
v -1.44605 18.51570 -15.22601 0.49412 0.50588 0.49804 1.00000
v 4.74868 20.17477 -18.65566 0.49412 0.50588 0.49804 1.00000
v 6.05723 14.61660 -19.94813 0.49412 0.50588 0.49804 1.00000
v 2.62246 16.52604 -18.18699 0.49412 0.50588 0.49804 1.00000
v 0.44588 13.18486 -17.66968 0.49412 0.50588 0.49804 1.00000
v -0.86266 18.74302 -16.37720 0.49412 0.50588 0.49804 1.00000
v -3.62266 19.69230 -21.89656 0.49412 0.50588 0.49804 1.00000
v -3.84470 25.46575 -20.95111 0.49412 0.50588 0.49804 1.00000
v -2.11756 21.97552 -18.83183 0.49412 0.50588 0.49804 1.00000
v -0.58493 24.63923 -15.71518 0.49412 0.50588 0.49804 1.00000
v -0.36290 18.86577 -16.66063 0.49412 0.50588 0.49804 1.00000
v 5.52413 20.86854 -21.21284 0.49412 0.50588 0.49804 1.00000
v 6.36463 16.06155 -22.88312 0.49412 0.50588 0.49804 1.00000
v 3.47403 17.91278 -20.99291 0.49412 0.50588 0.49804 1.00000
v 1.41434 14.70056 -20.96427 0.49412 0.50588 0.49804 1.00000
v 0.57384 19.50756 -19.29399 0.49412 0.50588 0.49804 1.00000
v 1.30238 18.33163 -24.67509 0.49412 0.50588 0.49804 1.00000
v -3.15487 20.77869 -25.54016 0.49412 0.50588 0.49804 1.00000
v -1.41068 20.19236 -22.48548 0.49412 0.50588 0.49804 1.00000
v -3.82017 21.95475 -20.22884 0.49412 0.50588 0.49804 1.00000
v 0.63708 19.50770 -19.36376 0.49412 0.50588 0.49804 1.00000
v 1.05084 23.45212 -23.12962 0.49412 0.50588 0.49804 1.00000
v 4.76736 25.85201 -20.47791 0.49412 0.50588 0.49804 1.00000
v 2.56045 22.62045 -19.99638 0.49412 0.50588 0.49804 1.00000
v 4.35632 21.93117 -16.67387 0.49412 0.50588 0.49804 1.00000
v 0.63981 19.53128 -19.32557 0.49412 0.50588 0.49804 1.00000
v 1.68478 27.73758 -25.06371 0.49412 0.50588 0.49804 1.00000
v 1.06006 25.15183 -29.05943 0.49412 0.50588 0.49804 1.00000
v 0.66567 24.55772 -25.49058 0.49412 0.50588 0.49804 1.00000
v -0.45874 21.20677 -26.20479 0.49412 0.50588 0.49804 1.00000
v 0.16598 23.79251 -22.20907 0.49412 0.50588 0.49804 1.00000
v 7.48289 20.94189 -7.73855 0.49412 0.50588 0.49804 1.00000
v 7.76821 13.55181 -7.82410 0.49412 0.50588 0.49804 1.00000
v 3.85489 17.47172 -8.85503 0.49412 0.50588 0.49804 1.00000
v 0.21037 13.54397 -9.96082 0.49412 0.50588 0.49804 1.00000
v -0.07496 20.93406 -9.87526 0.49412 0.50588 0.49804 1.00000
v 8.37400 20.46768 -10.54382 0.49412 0.50588 0.49804 1.00000
v 7.40018 14.15618 -10.74578 0.49412 0.50588 0.49804 1.00000
v 4.52071 17.64633 -10.86928 0.49412 0.50588 0.49804 1.00000
v 0.64013 14.62869 -11.17466 0.49412 0.50588 0.49804 1.00000
v 1.61395 20.94020 -10.97270 0.49412 0.50588 0.49804 1.00000
v 0.40300 21.47775 -17.83362 0.49412 0.50588 0.49804 1.00000
v 0.26785 27.85690 -17.49829 0.49412 0.50588 0.49804 1.00000
v 0.56574 24.11776 -14.32334 0.49412 0.50588 0.49804 1.00000
v 0.94411 27.36112 -10.78018 0.49412 0.50588 0.49804 1.00000
v 1.07926 20.98197 -11.11550 0.49412 0.50588 0.49804 1.00000
v 8.73249 23.61167 -13.21967 0.49412 0.50588 0.49804 1.00000
v 10.77470 18.85203 -14.58792 0.49412 0.50588 0.49804 1.00000
v 7.02489 20.44520 -14.00736 0.49412 0.50588 0.49804 1.00000
v 5.37586 17.11563 -14.96776 0.49412 0.50588 0.49804 1.00000
v 3.33365 21.87527 -13.59951 0.49412 0.50588 0.49804 1.00000
v 6.16717 21.68368 -19.28722 0.49412 0.50588 0.49804 1.00000
v 1.71714 24.20553 -20.87920 0.49412 0.50588 0.49804 1.00000
v 2.94455 23.06969 -17.41345 0.49412 0.50588 0.49804 1.00000
v -0.59094 24.46549 -15.68212 0.49412 0.50588 0.49804 1.00000
v 3.85909 21.94364 -14.09014 0.49412 0.50588 0.49804 1.00000
v 5.14549 24.98423 -17.43834 0.49412 0.50588 0.49804 1.00000
v 8.02233 28.09031 -14.15613 0.49412 0.50588 0.49804 1.00000
v 5.86923 24.99177 -13.50792 0.49412 0.50588 0.49804 1.00000
v 6.28713 24.75761 -9.90006 0.49412 0.50588 0.49804 1.00000
v 3.41029 21.65153 -13.18228 0.49412 0.50588 0.49804 1.00000
v 6.17973 31.45047 -16.03650 0.49412 0.50588 0.49804 1.00000
v 7.23417 30.15635 -20.53731 0.49412 0.50588 0.49804 1.00000
v 5.67952 28.49958 -17.86298 0.49412 0.50588 0.49804 1.00000
v 5.36165 25.44553 -19.94455 0.49412 0.50588 0.49804 1.00000
v 4.30721 26.73965 -15.44375 0.49412 0.50588 0.49804 1.00000
v 5.98479 17.68233 -12.85622 0.49412 0.50588 0.49804 1.00000
v 4.07779 11.70402 -10.88982 0.49412 0.50588 0.49804 1.00000
v 1.62749 15.21971 -12.46800 0.49412 0.50588 0.49804 1.00000
v -2.64097 12.99624 -12.31847 0.49412 0.50588 0.49804 1.00000
v -0.73397 18.97454 -14.28487 0.49412 0.50588 0.49804 1.00000
v 6.05277 17.15277 -14.53651 0.49412 0.50588 0.49804 1.00000
v 4.38442 11.70738 -12.71073 0.49412 0.50588 0.49804 1.00000
v 2.09231 14.99192 -13.78844 0.49412 0.50588 0.49804 1.00000
v -1.79325 13.08097 -13.30802 0.49412 0.50588 0.49804 1.00000
v -0.12489 18.52635 -15.13380 0.49412 0.50588 0.49804 1.00000
v -1.28580 16.36055 -20.43294 0.49412 0.50588 0.49804 1.00000
v -0.00256 21.45771 -23.28625 0.49412 0.50588 0.49804 1.00000
v -0.01828 20.21573 -19.02471 0.49412 0.50588 0.49804 1.00000
v 1.15356 23.84396 -17.50398 0.49412 0.50588 0.49804 1.00000
v -0.12968 18.74680 -14.65068 0.49412 0.50588 0.49804 1.00000
v 6.41826 19.74517 -15.68329 0.49412 0.50588 0.49804 1.00000
v 8.44557 14.96772 -16.04433 0.49412 0.50588 0.49804 1.00000
v 4.95838 16.32813 -16.57667 0.49412 0.50588 0.49804 1.00000
v 3.35129 13.25600 -17.33516 0.49412 0.50588 0.49804 1.00000
v 1.32399 18.03345 -16.97411 0.49412 0.50588 0.49804 1.00000
v 5.70366 16.46296 -20.50515 0.49412 0.50588 0.49804 1.00000
v 3.01374 19.05365 -24.12690 0.49412 0.50588 0.49804 1.00000
v 2.28618 18.60107 -20.70038 0.49412 0.50588 0.49804 1.00000
v -0.85053 20.72647 -20.56679 0.49412 0.50588 0.49804 1.00000
v 1.83939 18.13577 -16.94505 0.49412 0.50588 0.49804 1.00000
v 4.80607 21.29071 -20.05225 0.49412 0.50588 0.49804 1.00000
v 6.42479 23.94885 -15.88351 0.49412 0.50588 0.49804 1.00000
v 4.06107 21.19044 -16.17911 0.49412 0.50588 0.49804 1.00000
v 3.30204 20.76019 -12.63357 0.49412 0.50588 0.49804 1.00000
v 1.68332 18.10204 -16.80231 0.49412 0.50588 0.49804 1.00000
v 3.53964 27.42689 -21.59533 0.49412 0.50588 0.49804 1.00000
v 2.39676 25.17466 -25.67743 0.49412 0.50588 0.49804 1.00000
v 2.54649 24.16373 -22.29478 0.49412 0.50588 0.49804 1.00000
v 1.51392 20.72665 -23.36025 0.49412 0.50588 0.49804 1.00000
v 2.65679 22.97888 -19.27815 0.49412 0.50588 0.49804 1.00000
v 0.21152 20.69581 -14.42363 0.49412 0.50588 0.49804 1.00000
v -0.79747 12.97202 -13.60049 0.49412 0.50588 0.49804 1.00000
v -2.95641 17.56636 -10.88417 0.49412 0.50588 0.49804 1.00000
v -5.95950 13.82577 -7.13646 0.49412 0.50588 0.49804 1.00000
v -4.95051 21.54956 -7.95960 0.49412 0.50588 0.49804 1.00000
v -2.41141 22.09368 -16.18147 0.49412 0.50588 0.49804 1.00000
v -2.87595 15.17438 -16.37628 0.49412 0.50588 0.49804 1.00000
v -4.44253 18.27421 -13.08303 0.49412 0.50588 0.49804 1.00000
v -6.64219 14.82658 -10.05394 0.49412 0.50588 0.49804 1.00000
v -6.17765 21.74588 -9.85913 0.49412 0.50588 0.49804 1.00000
v -13.41243 22.26142 -11.57964 0.49412 0.50588 0.49804 1.00000
v -13.13493 29.16906 -10.99832 0.49412 0.50588 0.49804 1.00000
v -9.74949 25.20805 -10.31480 0.49412 0.50588 0.49804 1.00000
v -6.02320 28.65301 -9.13667 0.49412 0.50588 0.49804 1.00000
v -6.30069 21.74536 -9.71798 0.49412 0.50588 0.49804 1.00000
v -3.14999 20.58045 -18.19921 0.49412 0.50588 0.49804 1.00000
v -2.56582 14.96686 -17.70294 0.49412 0.50588 0.49804 1.00000
v -5.10302 17.70723 -15.93358 0.49412 0.50588 0.49804 1.00000
v -7.03273 15.24969 -13.68009 0.49412 0.50588 0.49804 1.00000
v -7.61690 20.86328 -14.17636 0.49412 0.50588 0.49804 1.00000
v -8.72757 17.02254 -19.60125 0.49412 0.50588 0.49804 1.00000
v -13.26145 20.32445 -20.40204 0.49412 0.50588 0.49804 1.00000
v -10.04171 20.36050 -17.68646 0.49412 0.50588 0.49804 1.00000
v -11.82216 23.84351 -15.74040 0.49412 0.50588 0.49804 1.00000
v -7.28828 20.54160 -14.93961 0.49412 0.50588 0.49804 1.00000
v -7.55215 22.12505 -20.61885 0.49412 0.50588 0.49804 1.00000
v -2.59125 24.78759 -19.98610 0.49412 0.50588 0.49804 1.00000
v -4.84227 22.95954 -17.34742 0.49412 0.50588 0.49804 1.00000
v -2.25305 23.52382 -14.11481 0.49412 0.50588 0.49804 1.00000
v -7.21395 20.86128 -14.74757 0.49412 0.50588 0.49804 1.00000
v -1.55665 28.46116 -22.52927 0.49412 0.50588 0.49804 1.00000
v 0.17343 24.86382 -25.19829 0.49412 0.50588 0.49804 1.00000
v -2.33561 24.89855 -23.03313 0.49412 0.50588 0.49804 1.00000
v -3.34493 21.58630 -23.51264 0.49412 0.50588 0.49804 1.00000
v -5.07501 25.18364 -20.84362 0.49412 0.50588 0.49804 1.00000
v -2.32118 23.41965 -14.54858 0.49412 0.50588 0.49804 1.00000
v -4.50888 16.95601 -17.77625 0.49412 0.50588 0.49804 1.00000
v -4.92709 19.45006 -12.52732 0.49412 0.50588 0.49804 1.00000
v -7.83850 15.15607 -10.71830 0.49412 0.50588 0.49804 1.00000
v -5.65081 21.61970 -7.49063 0.49412 0.50588 0.49804 1.00000
v -4.29199 24.46046 -15.22958 0.49412 0.50588 0.49804 1.00000
v -6.48858 18.72321 -17.29978 0.49412 0.50588 0.49804 1.00000
v -6.39001 20.40512 -13.19465 0.49412 0.50588 0.49804 1.00000
v -8.61207 16.80420 -11.04921 0.49412 0.50588 0.49804 1.00000
v -6.41548 22.54145 -8.97901 0.49412 0.50588 0.49804 1.00000
v -12.84194 24.46250 -8.36159 0.49412 0.50588 0.49804 1.00000
v -11.19883 30.22174 -5.88003 0.49412 0.50588 0.49804 1.00000
v -8.79181 26.15359 -7.31957 0.49412 0.50588 0.49804 1.00000
v -4.63366 28.19703 -6.33864 0.49412 0.50588 0.49804 1.00000
v -6.27677 22.43780 -8.82021 0.49412 0.50588 0.49804 1.00000
v -3.81248 26.86561 -15.13448 0.49412 0.50588 0.49804 1.00000
v -3.97988 22.58951 -18.41101 0.49412 0.50588 0.49804 1.00000
v -5.71307 23.65752 -14.83521 0.49412 0.50588 0.49804 1.00000
v -7.67989 20.19710 -14.75978 0.49412 0.50588 0.49804 1.00000
v -7.51248 24.47320 -11.48325 0.49412 0.50588 0.49804 1.00000
v -10.19961 25.55365 -17.01298 0.49412 0.50588 0.49804 1.00000
v -14.28025 27.56455 -14.12277 0.49412 0.50588 0.49804 1.00000
v -10.85951 26.04786 -13.10520 0.49412 0.50588 0.49804 1.00000
v -11.72879 26.60653 -9.07977 0.49412 0.50588 0.49804 1.00000
v -7.64815 24.59563 -11.96998 0.49412 0.50588 0.49804 1.00000
v -8.97675 29.40466 -13.94045 0.49412 0.50588 0.49804 1.00000
v -4.21844 31.69059 -12.85337 0.49412 0.50588 0.49804 1.00000
v -5.99803 28.02379 -12.18768 0.49412 0.50588 0.49804 1.00000
v -2.66363 26.74405 -10.43314 0.49412 0.50588 0.49804 1.00000
v -7.42194 24.45812 -11.52022 0.49412 0.50588 0.49804 1.00000
v -12.80413 32.99134 -16.12569 0.49412 0.50588 0.49804 1.00000
v -15.54617 29.25083 -17.36417 0.49412 0.50588 0.49804 1.00000
v -12.92200 29.49772 -15.23184 0.49412 0.50588 0.49804 1.00000
v -13.13936 25.90554 -14.35822 0.49412 0.50588 0.49804 1.00000
v -10.39733 29.64605 -13.11973 0.49412 0.50588 0.49804 1.00000
v -1.71088 23.03703 -15.99083 0.49412 0.50588 0.49804 1.00000
v -2.40263 16.49907 -18.11254 0.49412 0.50588 0.49804 1.00000
v -4.57526 18.73866 -14.59850 0.49412 0.50588 0.49804 1.00000
v -7.56961 15.09205 -13.13154 0.49412 0.50588 0.49804 1.00000
v -6.87786 21.63000 -11.00982 0.49412 0.50588 0.49804 1.00000
v -3.13828 23.43465 -16.89404 0.49412 0.50588 0.49804 1.00000
v -3.62782 17.70754 -18.93613 0.49412 0.50588 0.49804 1.00000
v -5.46631 19.60501 -15.62657 0.49412 0.50588 0.49804 1.00000
v -7.81228 16.31845 -14.20529 0.49412 0.50588 0.49804 1.00000
v -7.32274 22.04556 -12.16320 0.49412 0.50588 0.49804 1.00000
v -13.33928 24.79896 -15.06994 0.49412 0.50588 0.49804 1.00000
v -11.51395 30.04867 -12.55631 0.49412 0.50588 0.49804 1.00000
v -9.73481 25.96758 -12.71654 0.49412 0.50588 0.49804 1.00000
v -6.07820 27.58509 -10.05953 0.49412 0.50588 0.49804 1.00000
v -7.90353 22.33539 -12.57316 0.49412 0.50588 0.49804 1.00000
v -7.13062 25.07957 -19.90215 0.49412 0.50588 0.49804 1.00000
v -8.19637 20.40815 -22.08364 0.49412 0.50588 0.49804 1.00000
v -8.36331 21.95357 -18.39955 0.49412 0.50588 0.49804 1.00000
v -9.71148 18.63159 -16.99667 0.49412 0.50588 0.49804 1.00000
v -8.64572 23.30301 -14.81517 0.49412 0.50588 0.49804 1.00000
v -13.33452 23.27865 -18.66200 0.49412 0.50588 0.49804 1.00000
v -16.02311 25.66368 -14.81492 0.49412 0.50588 0.49804 1.00000
v -12.38220 24.47271 -15.12823 0.49412 0.50588 0.49804 1.00000
v -11.60965 25.73372 -11.36822 0.49412 0.50588 0.49804 1.00000
v -8.92106 23.34870 -15.21530 0.49412 0.50588 0.49804 1.00000
v -11.89275 26.66449 -16.94369 0.49412 0.50588 0.49804 1.00000
v -8.00467 29.68942 -18.80098 0.49412 0.50588 0.49804 1.00000
v -7.94308 26.46577 -16.92572 0.49412 0.50588 0.49804 1.00000
v -4.41564 26.05367 -16.57272 0.49412 0.50588 0.49804 1.00000
v -8.30372 23.02874 -14.71543 0.49412 0.50588 0.49804 1.00000
v -8.96903 31.52194 -20.84493 0.49412 0.50588 0.49804 1.00000
v -10.56431 29.14193 -24.69644 0.49412 0.50588 0.49804 1.00000
v -10.29383 28.18768 -21.49696 0.49412 0.50588 0.49804 1.00000
v -11.52029 25.04310 -21.82947 0.49412 0.50588 0.49804 1.00000
v -9.92501 27.42311 -17.97796 0.49412 0.50588 0.49804 1.00000
v -0.97423 21.66706 -14.89759 0.49412 0.50588 0.49804 1.00000
v 0.77697 15.73767 -15.08474 0.49412 0.50588 0.49804 1.00000
v -3.16424 17.90689 -15.89479 0.49412 0.50588 0.49804 1.00000
v -5.46293 14.50773 -16.74083 0.49412 0.50588 0.49804 1.00000
v -7.21413 20.43712 -16.55368 0.49412 0.50588 0.49804 1.00000
v 0.34536 20.88880 -16.06367 0.49412 0.50588 0.49804 1.00000
v 0.67380 15.20839 -16.51676 0.49412 0.50588 0.49804 1.00000
v -2.47435 18.14901 -16.84395 0.49412 0.50588 0.49804 1.00000
v -5.26192 15.01838 -17.74625 0.49412 0.50588 0.49804 1.00000
v -5.59036 20.69880 -17.29316 0.49412 0.50588 0.49804 1.00000
v -5.42021 20.49583 -22.79341 0.49412 0.50588 0.49804 1.00000
v -5.83293 26.15042 -23.45337 0.49412 0.50588 0.49804 1.00000
v -5.76359 23.56224 -20.10052 0.49412 0.50588 0.49804 1.00000
v -6.10590 26.35610 -17.39701 0.49412 0.50588 0.49804 1.00000
v -5.69318 20.70151 -16.73705 0.49412 0.50588 0.49804 1.00000
v 1.63927 21.90790 -17.40755 0.49412 0.50588 0.49804 1.00000
v 2.83625 16.96334 -17.76454 0.49412 0.50588 0.49804 1.00000
v -0.35649 19.17133 -18.31752 0.49412 0.50588 0.49804 1.00000
v -2.25008 16.17331 -19.44079 0.49412 0.50588 0.49804 1.00000
v -3.44705 21.11786 -19.08380 0.49412 0.50588 0.49804 1.00000
v 0.52806 19.29972 -22.49560 0.49412 0.50588 0.49804 1.00000
v -1.90503 21.85335 -26.17907 0.49412 0.50588 0.49804 1.00000
v -2.68948 21.50056 -22.76438 0.49412 0.50588 0.49804 1.00000
v -5.71275 23.66209 -22.77933 0.49412 0.50588 0.49804 1.00000
v -3.27965 21.10847 -19.09586 0.49412 0.50588 0.49804 1.00000
v 0.72413 24.71112 -21.46316 0.49412 0.50588 0.49804 1.00000
v 1.35397 26.62683 -16.77891 0.49412 0.50588 0.49804 1.00000
v -0.80024 23.90741 -18.17588 0.49412 0.50588 0.49804 1.00000
v -2.34678 23.34313 -14.57785 0.49412 0.50588 0.49804 1.00000
v -2.97662 21.42742 -19.26210 0.49412 0.50588 0.49804 1.00000
v 1.68901 28.51017 -19.74246 0.49412 0.50588 0.49804 1.00000
v 5.28620 26.10554 -21.82085 0.49412 0.50588 0.49804 1.00000
v 1.80176 25.39951 -20.89219 0.49412 0.50588 0.49804 1.00000
v 2.20500 22.07849 -22.26100 0.49412 0.50588 0.49804 1.00000
v -1.39219 24.48312 -20.18261 0.49412 0.50588 0.49804 1.00000
v -0.65397 21.79129 -12.20720 0.49412 0.50588 0.49804 1.00000
v 0.20853 15.13007 -10.97791 0.49412 0.50588 0.49804 1.00000
v -3.80904 17.93981 -11.25970 0.49412 0.50588 0.49804 1.00000
v -6.97484 14.85825 -10.22681 0.49412 0.50588 0.49804 1.00000
v -7.83734 21.51947 -11.45609 0.49412 0.50588 0.49804 1.00000
v -0.09676 20.42946 -13.21119 0.49412 0.50588 0.49804 1.00000
v -0.34265 14.44353 -11.91652 0.49412 0.50588 0.49804 1.00000
v -3.42933 17.94298 -12.38209 0.49412 0.50588 0.49804 1.00000
v -6.80060 15.17065 -11.54303 0.49412 0.50588 0.49804 1.00000
v -6.55471 21.15658 -12.83770 0.49412 0.50588 0.49804 1.00000
v -8.71210 20.02572 -18.97999 0.49412 0.50588 0.49804 1.00000
v -7.86180 26.01343 -19.97611 0.49412 0.50588 0.49804 1.00000
v -7.23099 23.76943 -16.49716 0.49412 0.50588 0.49804 1.00000
v -5.54194 27.10152 -14.00426 0.49412 0.50588 0.49804 1.00000
v -6.39224 21.11380 -13.00814 0.49412 0.50588 0.49804 1.00000
v 1.50203 18.94881 -14.47723 0.49412 0.50588 0.49804 1.00000
v -0.12514 13.97418 -14.24647 0.49412 0.50588 0.49804 1.00000
v -1.86847 17.44462 -14.88015 0.49412 0.50588 0.49804 1.00000
v -5.42067 15.38273 -15.04571 0.49412 0.50588 0.49804 1.00000
v -3.79349 20.35735 -15.27647 0.49412 0.50588 0.49804 1.00000
v -1.45057 17.35457 -17.56886 0.49412 0.50588 0.49804 1.00000
v -2.71657 19.17414 -22.31588 0.49412 0.50588 0.49804 1.00000
v -3.79593 20.22647 -18.94893 0.49412 0.50588 0.49804 1.00000
v -6.07018 22.68408 -19.69181 0.49412 0.50588 0.49804 1.00000
v -4.80419 20.86452 -14.94479 0.49412 0.50588 0.49804 1.00000
v -1.49786 21.07280 -19.24998 0.49412 0.50588 0.49804 1.00000
v 2.01699 23.80434 -16.48731 0.49412 0.50588 0.49804 1.00000
v -1.16283 22.24349 -15.48123 0.49412 0.50588 0.49804 1.00000
v -1.26914 23.14007 -12.09317 0.49412 0.50588 0.49804 1.00000
v -4.78399 20.40853 -14.85583 0.49412 0.50588 0.49804 1.00000
v 1.93390 27.19776 -19.86186 0.49412 0.50588 0.49804 1.00000
v 3.59731 23.46017 -22.37305 0.49412 0.50588 0.49804 1.00000
v 1.00917 23.75284 -20.14523 0.49412 0.50588 0.49804 1.00000
v 0.19273 20.13816 -20.53105 0.49412 0.50588 0.49804 1.00000
v -1.47068 23.87575 -18.01986 0.49412 0.50588 0.49804 1.00000
v -1.19657 19.96186 -13.98094 0.49412 0.50588 0.49804 1.00000
v -0.59466 14.18757 -10.44867 0.49412 0.50588 0.49804 1.00000
v -4.22837 17.70823 -10.98337 0.49412 0.50588 0.49804 1.00000
v -7.22766 15.79612 -8.11351 0.49412 0.50588 0.49804 1.00000
v -7.82957 21.57042 -11.64578 0.49412 0.50588 0.49804 1.00000
v -0.80705 18.12201 -14.64950 0.49412 0.50588 0.49804 1.00000
v -1.98260 13.41830 -10.93480 0.49412 0.50588 0.49804 1.00000
v -4.29503 16.86922 -11.82762 0.49412 0.50588 0.49804 1.00000
v -7.83776 15.72116 -9.36084 0.49412 0.50588 0.49804 1.00000
v -6.66221 20.42488 -13.07554 0.49412 0.50588 0.49804 1.00000
v -10.28403 17.44994 -16.66436 0.49412 0.50588 0.49804 1.00000
v -10.27531 21.64324 -21.10532 0.49412 0.50588 0.49804 1.00000
v -8.39733 21.33309 -16.93715 0.49412 0.50588 0.49804 1.00000
v -6.49078 25.02622 -17.06496 0.49412 0.50588 0.49804 1.00000
v -6.49950 20.83293 -12.62400 0.49412 0.50588 0.49804 1.00000
v -1.54617 16.00788 -11.72426 0.49412 0.50588 0.49804 1.00000
v -4.81504 11.93768 -11.37543 0.49412 0.50588 0.49804 1.00000
v -5.26530 15.14729 -12.94871 0.49412 0.50588 0.49804 1.00000
v -8.76208 14.39480 -14.40051 0.49412 0.50588 0.49804 1.00000
v -5.49321 18.46500 -14.74934 0.49412 0.50588 0.49804 1.00000
v -3.45468 13.54820 -17.59938 0.49412 0.50588 0.49804 1.00000
v -3.26816 16.58501 -21.85575 0.49412 0.50588 0.49804 1.00000
v -4.33312 17.29946 -18.38713 0.49412 0.50588 0.49804 1.00000
v -5.25529 21.14547 -19.37579 0.49412 0.50588 0.49804 1.00000
v -5.44180 18.10866 -15.11942 0.49412 0.50588 0.49804 1.00000
v 0.26239 17.54444 -16.40788 0.49412 0.50588 0.49804 1.00000
v 1.43404 19.97531 -11.92550 0.49412 0.50588 0.49804 1.00000
v -1.88692 18.99804 -13.68575 0.49412 0.50588 0.49804 1.00000
v -3.86169 20.84250 -10.56586 0.49412 0.50588 0.49804 1.00000
v -5.03334 18.41163 -15.04825 0.49412 0.50588 0.49804 1.00000
v 0.68013 25.07476 -15.29360 0.49412 0.50588 0.49804 1.00000
v 4.63632 22.54682 -16.29391 0.49412 0.50588 0.49804 1.00000
v 1.00290 21.94035 -16.28724 0.49412 0.50588 0.49804 1.00000
v 1.46974 18.72699 -17.44557 0.49412 0.50588 0.49804 1.00000
v -2.48645 21.25494 -16.44527 0.49412 0.50588 0.49804 1.00000
v -12.93620 19.47223 -8.99685 0.49412 0.50588 0.49804 1.00000
v -11.57844 11.45722 -8.99541 0.49412 0.50588 0.49804 1.00000
v -10.59089 15.31054 -5.01208 0.49412 0.50588 0.49804 1.00000
v -8.41971 11.84832 -0.98211 0.49412 0.50588 0.49804 1.00000
v -9.77747 19.86333 -0.98355 0.49412 0.50588 0.49804 1.00000
v -16.87445 20.18431 -5.83755 0.49412 0.50588 0.49804 1.00000
v -17.54041 13.12806 -7.03035 0.49412 0.50588 0.49804 1.00000
v -14.67430 15.80148 -3.69274 0.49412 0.50588 0.49804 1.00000
v -12.30783 12.19149 -1.58822 0.49412 0.50588 0.49804 1.00000
v -11.64187 19.24773 -0.39542 0.49412 0.50588 0.49804 1.00000
v -16.62027 18.04670 4.19344 0.49412 0.50588 0.49804 1.00000
v -18.17585 24.96453 5.36846 0.49412 0.50588 0.49804 1.00000
v -15.04212 22.37354 1.89400 0.49412 0.50588 0.49804 1.00000
v -13.31713 26.34347 -0.36310 0.49412 0.50588 0.49804 1.00000
v -11.76156 19.42564 -1.53811 0.49412 0.50588 0.49804 1.00000
v -21.17148 15.15883 2.46037 0.49412 0.50588 0.49804 1.00000
v -19.46806 10.09056 0.35538 0.49412 0.50588 0.49804 1.00000
v -17.37943 13.41402 1.17328 0.49412 0.50588 0.49804 1.00000
v -13.69558 12.03934 0.01792 0.49412 0.50588 0.49804 1.00000
v -15.39901 17.10761 2.12292 0.49412 0.50588 0.49804 1.00000
v -15.81619 12.08483 5.47649 0.49412 0.50588 0.49804 1.00000
v -12.83609 14.48400 9.76404 0.49412 0.50588 0.49804 1.00000
v -14.14052 15.69659 5.75172 0.49412 0.50588 0.49804 1.00000
v -12.44815 19.55429 6.39168 0.49412 0.50588 0.49804 1.00000
v -15.42824 17.15512 2.10413 0.49412 0.50588 0.49804 1.00000
v -18.28199 17.12084 7.84479 0.49412 0.50588 0.49804 1.00000
v -22.76019 19.63173 5.26385 0.49412 0.50588 0.49804 1.00000
v -19.18352 18.39931 3.80483 0.49412 0.50588 0.49804 1.00000
v -20.02168 19.61015 -0.20259 0.49412 0.50588 0.49804 1.00000
v -15.54349 17.09925 2.37835 0.49412 0.50588 0.49804 1.00000
v -24.93091 21.73484 -7.60921 0.49412 0.50588 0.49804 1.00000
v -25.93033 17.47484 -9.58825 0.49412 0.50588 0.49804 1.00000
v -24.91364 18.47836 -6.36253 0.49412 0.50588 0.49804 1.00000
v -24.83314 15.42151 -5.04058 0.49412 0.50588 0.49804 1.00000
v -23.83372 19.68151 -3.06154 0.49412 0.50588 0.49804 1.00000
v -20.03898 20.33353 -1.56503 0.49412 0.50588 0.49804 1.00000
v -22.29145 13.60742 -0.36073 0.49412 0.50588 0.49804 1.00000
v -17.53915 16.00726 -0.18448 0.49412 0.50588 0.49804 1.00000
v -14.94927 11.93523 1.03017 0.49412 0.50588 0.49804 1.00000
v -12.69681 18.66133 -0.17413 0.49412 0.50588 0.49804 1.00000
v -20.90459 20.15801 0.01764 0.49412 0.50588 0.49804 1.00000
v -21.62467 14.04019 1.28202 0.49412 0.50588 0.49804 1.00000
v -18.01438 16.43735 1.04593 0.49412 0.50588 0.49804 1.00000
v -15.06704 13.06769 2.11045 0.49412 0.50588 0.49804 1.00000
v -14.34695 19.18551 0.84606 0.49412 0.50588 0.49804 1.00000
v -13.08603 20.10330 7.16423 0.49412 0.50588 0.49804 1.00000
v -11.96598 26.24047 6.37335 0.49412 0.50588 0.49804 1.00000
v -13.01635 22.54023 3.52349 0.49412 0.50588 0.49804 1.00000
v -13.12009 25.27811 -0.13723 0.49412 0.50588 0.49804 1.00000
v -14.24015 19.14094 0.65365 0.49412 0.50588 0.49804 1.00000
v -22.68575 20.24205 4.50915 0.49412 0.50588 0.49804 1.00000
v -22.37982 14.96388 5.07974 0.49412 0.50588 0.49804 1.00000
v -19.74514 17.54585 4.33500 0.49412 0.50588 0.49804 1.00000
v -16.80148 14.69570 4.20536 0.49412 0.50588 0.49804 1.00000
v -17.10740 19.97386 3.63477 0.49412 0.50588 0.49804 1.00000
v -18.51160 18.60763 9.22713 0.49412 0.50588 0.49804 1.00000
v -14.39340 21.42010 11.07337 0.49412 0.50588 0.49804 1.00000
v -15.91749 20.55702 7.43166 0.49412 0.50588 0.49804 1.00000
v -12.70203 22.65871 5.86776 0.49412 0.50588 0.49804 1.00000
v -16.82024 19.84624 4.02153 0.49412 0.50588 0.49804 1.00000
v -19.69871 23.78544 7.46268 0.49412 0.50588 0.49804 1.00000
v -22.06019 25.65540 3.08035 0.49412 0.50588 0.49804 1.00000
v -19.43913 22.78974 3.78095 0.49412 0.50588 0.49804 1.00000
v -19.30913 22.18745 -0.38822 0.49412 0.50588 0.49804 1.00000
v -16.94765 20.31749 3.99411 0.49412 0.50588 0.49804 1.00000
v -24.35706 23.77490 9.33399 0.49412 0.50588 0.49804 1.00000
v -25.03265 19.13779 10.37548 0.49412 0.50588 0.49804 1.00000
v -22.48573 20.80923 8.74976 0.49412 0.50588 0.49804 1.00000
v -20.69069 17.54835 8.23856 0.49412 0.50588 0.49804 1.00000
v -20.01511 22.18547 7.19707 0.49412 0.50588 0.49804 1.00000
v -19.97079 15.75095 -2.30656 0.49412 0.50588 0.49804 1.00000
v -20.99681 9.59238 -2.40998 0.49412 0.50588 0.49804 1.00000
v -19.27428 12.77779 0.72479 0.49412 0.50588 0.49804 1.00000
v -18.80344 9.26447 3.82078 0.49412 0.50588 0.49804 1.00000
v -17.77742 15.42303 3.92420 0.49412 0.50588 0.49804 1.00000
v -21.42541 17.26346 -0.70220 0.49412 0.50588 0.49804 1.00000
v -23.21963 11.97443 -2.05471 0.49412 0.50588 0.49804 1.00000
v -21.08191 13.41558 1.14813 0.49412 0.50588 0.49804 1.00000
v -20.40011 10.17418 3.01430 0.49412 0.50588 0.49804 1.00000
v -18.60590 15.46321 4.36681 0.49412 0.50588 0.49804 1.00000
v -23.59342 16.30078 7.86441 0.49412 0.50588 0.49804 1.00000
v -22.45590 21.93356 7.87780 0.49412 0.50588 0.49804 1.00000
v -20.66943 18.97001 5.93231 0.49412 0.50588 0.49804 1.00000
v -17.92179 21.28966 3.84916 0.49412 0.50588 0.49804 1.00000
v -19.05931 15.65688 3.83577 0.49412 0.50588 0.49804 1.00000
v -25.25557 17.19990 -0.91219 0.49412 0.50588 0.49804 1.00000
v -26.34469 12.20655 -0.77346 0.49412 0.50588 0.49804 1.00000
v -24.13156 14.10252 1.21414 0.49412 0.50588 0.49804 1.00000
v -22.99167 11.26979 3.39467 0.49412 0.50588 0.49804 1.00000
v -21.90254 16.26314 3.25594 0.49412 0.50588 0.49804 1.00000
v -26.76513 14.70895 4.58906 0.49412 0.50588 0.49804 1.00000
v -26.71797 17.11693 9.09887 0.49412 0.50588 0.49804 1.00000
v -24.22141 16.55766 6.08228 0.49412 0.50588 0.49804 1.00000
v -21.67335 18.67737 7.88244 0.49412 0.50588 0.49804 1.00000
v -21.72051 16.26939 3.37262 0.49412 0.50588 0.49804 1.00000
v -25.98355 19.59371 4.37896 0.49412 0.50588 0.49804 1.00000
v -24.84707 22.00896 0.01845 0.49412 0.50588 0.49804 1.00000
v -23.22608 19.30419 1.60331 0.49412 0.50588 0.49804 1.00000
v -20.67766 18.68101 -0.95736 0.49412 0.50588 0.49804 1.00000
v -21.81413 16.26576 3.40315 0.49412 0.50588 0.49804 1.00000
v -27.92238 23.10203 1.97494 0.49412 0.50588 0.49804 1.00000
v -31.44127 19.85657 2.33033 0.49412 0.50588 0.49804 1.00000
v -28.22052 19.60980 3.08535 0.49412 0.50588 0.49804 1.00000
v -28.31110 16.29990 4.20998 0.49412 0.50588 0.49804 1.00000
v -24.79221 19.54535 3.85459 0.49412 0.50588 0.49804 1.00000
v -18.29121 16.68186 -6.06711 0.49412 0.50588 0.49804 1.00000
v -17.17045 10.09124 -4.87050 0.49412 0.50588 0.49804 1.00000
v -16.12527 14.15189 -2.32400 0.49412 0.50588 0.49804 1.00000
v -13.76868 11.22509 1.38955 0.49412 0.50588 0.49804 1.00000
v -14.88944 17.81571 0.19293 0.49412 0.50588 0.49804 1.00000
v -20.03206 16.60496 -5.07695 0.49412 0.50588 0.49804 1.00000
v -18.89916 10.69130 -4.06833 0.49412 0.50588 0.49804 1.00000
v -17.71877 14.39545 -1.93444 0.49412 0.50588 0.49804 1.00000
v -15.28257 11.80345 1.19980 0.49412 0.50588 0.49804 1.00000
v -16.41546 17.71711 0.19118 0.49412 0.50588 0.49804 1.00000
v -20.68873 17.59063 5.47453 0.49412 0.50588 0.49804 1.00000
v -20.86391 23.68606 5.17921 0.49412 0.50588 0.49804 1.00000
v -18.45925 20.88592 3.06730 0.49412 0.50588 0.49804 1.00000
v -16.35219 23.89887 0.52165 0.49412 0.50588 0.49804 1.00000
v -16.17700 17.80344 0.81696 0.49412 0.50588 0.49804 1.00000
v -22.63656 19.18438 -3.49546 0.49412 0.50588 0.49804 1.00000
v -24.37453 14.27518 -3.98889 0.49412 0.50588 0.49804 1.00000
v -21.72041 16.18083 -1.68769 0.49412 0.50588 0.49804 1.00000
v -20.93204 12.99597 0.17710 0.49412 0.50588 0.49804 1.00000
v -19.19407 17.90517 0.67053 0.49412 0.50588 0.49804 1.00000
v -24.15518 16.49800 0.91788 0.49412 0.50588 0.49804 1.00000
v -24.72473 18.77357 5.59351 0.49412 0.50588 0.49804 1.00000
v -21.83006 18.60340 3.14977 0.49412 0.50588 0.49804 1.00000
v -19.42981 20.36279 5.09273 0.49412 0.50588 0.49804 1.00000
v -18.86025 18.08722 0.41709 0.49412 0.50588 0.49804 1.00000
v -23.53337 21.45451 1.70112 0.49412 0.50588 0.49804 1.00000
v -22.47743 23.91599 -2.79224 0.49412 0.50588 0.49804 1.00000
v -20.84696 21.10433 -1.28765 0.49412 0.50588 0.49804 1.00000
v -18.31680 20.45575 -4.01206 0.49412 0.50588 0.49804 1.00000
v -19.37274 17.99427 0.48130 0.49412 0.50588 0.49804 1.00000
v -23.79929 26.67776 -1.48580 0.49412 0.50588 0.49804 1.00000
v -28.00333 24.37924 -1.77794 0.49412 0.50588 0.49804 1.00000
v -25.12211 23.34841 -0.57044 0.49412 0.50588 0.49804 1.00000
v -26.25059 20.16567 0.48235 0.49412 0.50588 0.49804 1.00000
v -22.04654 22.46419 0.77449 0.49412 0.50588 0.49804 1.00000
v -18.65183 16.15022 -3.74064 0.49412 0.50588 0.49804 1.00000
v -14.92886 10.84563 -5.45974 0.49412 0.50588 0.49804 1.00000
v -14.47626 14.03125 -1.93450 0.49412 0.50588 0.49804 1.00000
v -10.60191 12.60244 -0.11831 0.49412 0.50588 0.49804 1.00000
v -14.32488 17.90703 1.60079 0.49412 0.50588 0.49804 1.00000
v -18.78040 14.29780 -3.68719 0.49412 0.50588 0.49804 1.00000
v -14.70887 9.86713 -4.45713 0.49412 0.50588 0.49804 1.00000
v -15.29639 13.56405 -1.61402 0.49412 0.50588 0.49804 1.00000
v -11.52540 12.41137 0.51034 0.49412 0.50588 0.49804 1.00000
v -15.59694 16.84204 1.28028 0.49412 0.50588 0.49804 1.00000
v -17.84178 13.81111 6.49451 0.49412 0.50588 0.49804 1.00000
v -22.00899 18.19141 6.99282 0.49412 0.50588 0.49804 1.00000
v -18.94180 17.72309 4.19960 0.49412 0.50588 0.49804 1.00000
v -19.82115 21.17752 1.73061 0.49412 0.50588 0.49804 1.00000
v -15.65393 16.79722 1.23230 0.49412 0.50588 0.49804 1.00000
v -21.10254 15.84725 -2.87972 0.49412 0.50588 0.49804 1.00000
v -21.38023 10.68798 -3.70054 0.49412 0.50588 0.49804 1.00000
v -19.56051 12.82590 -1.11126 0.49412 0.50588 0.49804 1.00000
v -18.01316 10.23970 0.68702 0.49412 0.50588 0.49804 1.00000
v -17.73547 15.39897 1.50783 0.49412 0.50588 0.49804 1.00000
v -23.41012 12.56970 1.94034 0.49412 0.50588 0.49804 1.00000
v -24.00067 15.66221 6.11843 0.49412 0.50588 0.49804 1.00000
v -21.31062 15.36108 3.33554 0.49412 0.50588 0.49804 1.00000
v -19.18357 18.26904 5.25084 0.49412 0.50588 0.49804 1.00000
v -18.59302 15.17653 1.07274 0.49412 0.50588 0.49804 1.00000
v -22.98070 16.52129 1.26196 0.49412 0.50588 0.49804 1.00000
v -23.08983 19.37804 -3.11936 0.49412 0.50588 0.49804 1.00000
v -20.32614 17.38503 -1.16882 0.49412 0.50588 0.49804 1.00000
v -17.67854 18.15116 -3.37952 0.49412 0.50588 0.49804 1.00000
v -17.56941 15.29441 1.00180 0.49412 0.50588 0.49804 1.00000
v -25.25113 21.67303 -0.84874 0.49412 0.50588 0.49804 1.00000
v -29.19011 18.93117 -0.75310 0.49412 0.50588 0.49804 1.00000
v -25.57543 18.53867 0.01453 0.49412 0.50588 0.49804 1.00000
v -26.21174 15.22572 1.05249 0.49412 0.50588 0.49804 1.00000
v -22.27277 17.96758 0.95685 0.49412 0.50588 0.49804 1.00000
v -18.73884 13.67557 -1.61862 0.49412 0.50588 0.49804 1.00000
v -13.90638 9.62582 -2.23077 0.49412 0.50588 0.49804 1.00000
v -15.12794 12.70239 1.04828 0.49412 0.50588 0.49804 1.00000
v -11.84752 12.10583 3.66477 0.49412 0.50588 0.49804 1.00000
v -16.67998 16.15557 4.27692 0.49412 0.50588 0.49804 1.00000
v -18.71530 11.85824 -1.92729 0.49412 0.50588 0.49804 1.00000
v -13.85138 8.80117 -1.08888 0.49412 0.50588 0.49804 1.00000
v -15.53766 11.70237 1.15617 0.49412 0.50588 0.49804 1.00000
v -12.74110 11.65604 4.26384 0.49412 0.50588 0.49804 1.00000
v -17.60501 14.71311 3.42544 0.49412 0.50588 0.49804 1.00000
v -21.63527 11.25013 7.56337 0.49412 0.50588 0.49804 1.00000
v -25.83980 15.03139 6.24791 0.49412 0.50588 0.49804 1.00000
v -21.67993 14.51543 5.05634 0.49412 0.50588 0.49804 1.00000
v -22.12185 18.20010 2.51425 0.49412 0.50588 0.49804 1.00000
v -17.91733 14.41885 3.82970 0.49412 0.50588 0.49804 1.00000
v -17.43819 11.17301 -1.96858 0.49412 0.50588 0.49804 1.00000
v -16.17015 6.43610 -0.45427 0.49412 0.50588 0.49804 1.00000
v -17.64758 9.49251 1.29173 0.49412 0.50588 0.49804 1.00000
v -17.82013 8.04865 4.49072 0.49412 0.50588 0.49804 1.00000
v -19.08817 12.78555 2.97640 0.49412 0.50588 0.49804 1.00000
v -21.44985 8.13570 1.01964 0.49412 0.50588 0.49804 1.00000
v -26.10010 10.24522 1.53397 0.49412 0.50588 0.49804 1.00000
v -22.34874 11.36986 2.07167 0.49412 0.50588 0.49804 1.00000
v -23.56988 14.80962 3.08164 0.49412 0.50588 0.49804 1.00000
v -18.91963 12.70010 2.56731 0.49412 0.50588 0.49804 1.00000
v -21.79238 12.15327 -2.69765 0.49412 0.50588 0.49804 1.00000
v -17.66503 14.49217 -4.65569 0.49412 0.50588 0.49804 1.00000
v -18.52982 13.44135 -1.22528 0.49412 0.50588 0.49804 1.00000
v -15.08193 14.92431 0.12745 0.49412 0.50588 0.49804 1.00000
v -19.20928 12.58541 2.08549 0.49412 0.50588 0.49804 1.00000
v -25.11135 15.62247 -2.09193 0.49412 0.50588 0.49804 1.00000
v -27.66239 11.73711 -3.29113 0.49412 0.50588 0.49804 1.00000
v -24.94652 12.09007 -1.30819 0.49412 0.50588 0.49804 1.00000
v -24.43176 8.99332 -0.50373 0.49412 0.50588 0.49804 1.00000
v -21.88072 12.87869 0.69547 0.49412 0.50588 0.49804 1.00000
v -14.62553 24.61735 0.92150 0.49412 0.50588 0.49804 1.00000
v -16.45886 17.15314 3.37404 0.49412 0.50588 0.49804 1.00000
v -11.89140 20.43809 4.35010 0.49412 0.50588 0.49804 1.00000
v -9.20609 15.93701 7.78070 0.49412 0.50588 0.49804 1.00000
v -7.37276 23.40121 5.32816 0.49412 0.50588 0.49804 1.00000
v -12.91865 25.28516 0.28402 0.49412 0.50588 0.49804 1.00000
v -14.70609 18.39250 0.43472 0.49412 0.50588 0.49804 1.00000
v -11.82849 20.97394 3.46091 0.49412 0.50588 0.49804 1.00000
v -10.69216 17.20528 6.72353 0.49412 0.50588 0.49804 1.00000
v -8.90473 24.09795 6.57284 0.49412 0.50588 0.49804 1.00000
v -13.35641 25.10504 12.22693 0.49412 0.50588 0.49804 1.00000
v -11.90895 32.06003 12.73631 0.49412 0.50588 0.49804 1.00000
v -10.24760 27.89663 9.62958 0.49412 0.50588 0.49804 1.00000
v -7.23369 31.00929 6.88765 0.49412 0.50588 0.49804 1.00000
v -8.68115 24.05431 6.37828 0.49412 0.50588 0.49804 1.00000
v -18.61896 21.64430 11.14614 0.49412 0.50588 0.49804 1.00000
v -17.79269 16.18342 9.72853 0.49412 0.50588 0.49804 1.00000
v -15.39777 19.84413 9.79634 0.49412 0.50588 0.49804 1.00000
v -12.06826 17.60899 8.39505 0.49412 0.50588 0.49804 1.00000
v -12.89452 23.06986 9.81266 0.49412 0.50588 0.49804 1.00000
v -13.37472 18.57104 13.84828 0.49412 0.50588 0.49804 1.00000
v -9.63012 21.34302 17.13577 0.49412 0.50588 0.49804 1.00000
v -11.07285 22.26771 13.58298 0.49412 0.50588 0.49804 1.00000
v -9.15893 25.81906 13.09798 0.49412 0.50588 0.49804 1.00000
v -12.90353 23.04708 9.81048 0.49412 0.50588 0.49804 1.00000
v -13.83974 23.07992 15.12511 0.49412 0.50588 0.49804 1.00000
v -18.81990 25.76670 14.42313 0.49412 0.50588 0.49804 1.00000
v -16.12906 24.50777 11.75244 0.49412 0.50588 0.49804 1.00000
v -17.72231 25.77645 8.50773 0.49412 0.50588 0.49804 1.00000
v -12.74216 23.08968 9.20971 0.49412 0.50588 0.49804 1.00000
v -26.35688 24.27838 4.92516 0.49412 0.50588 0.49804 1.00000
v -25.55534 19.58862 5.57781 0.49412 0.50588 0.49804 1.00000
v -24.07262 22.48746 6.88987 0.49412 0.50588 0.49804 1.00000
v -21.64324 20.25894 8.76382 0.49412 0.50588 0.49804 1.00000
v -22.44478 24.94870 8.11118 0.49412 0.50588 0.49804 1.00000
v -17.19692 25.27596 8.29621 0.49412 0.50588 0.49804 1.00000
v -19.36254 18.80959 9.25638 0.49412 0.50588 0.49804 1.00000
v -14.77469 20.98668 8.76857 0.49412 0.50588 0.49804 1.00000
v -12.25349 17.13211 9.11683 0.49412 0.50588 0.49804 1.00000
v -10.08786 23.59849 8.15665 0.49412 0.50588 0.49804 1.00000
v -18.88235 23.32292 10.54477 0.49412 0.50588 0.49804 1.00000
v -17.77646 17.27374 11.01598 0.49412 0.50588 0.49804 1.00000
v -15.15270 21.04331 10.42243 0.49412 0.50588 0.49804 1.00000
v -11.36965 17.92661 10.11283 0.49412 0.50588 0.49804 1.00000
v -12.47554 23.97578 9.64163 0.49412 0.50588 0.49804 1.00000
v -9.92210 26.05673 16.32292 0.49412 0.50588 0.49804 1.00000
v -9.77304 31.74463 13.94319 0.49412 0.50588 0.49804 1.00000
v -10.74550 27.69752 12.21299 0.49412 0.50588 0.49804 1.00000
v -11.36420 29.89155 7.88910 0.49412 0.50588 0.49804 1.00000
v -11.51326 24.20365 10.26883 0.49412 0.50588 0.49804 1.00000
v -19.94275 24.82467 12.53451 0.49412 0.50588 0.49804 1.00000
v -19.67586 19.62518 13.22312 0.49412 0.50588 0.49804 1.00000
v -17.01960 22.38936 12.74364 0.49412 0.50588 0.49804 1.00000
v -14.11789 19.48974 12.91800 0.49412 0.50588 0.49804 1.00000
v -14.38479 24.68922 12.22939 0.49412 0.50588 0.49804 1.00000
v -16.96141 23.07192 15.73800 0.49412 0.50588 0.49804 1.00000
v -14.23410 25.33891 19.61132 0.49412 0.50588 0.49804 1.00000
v -13.74305 25.19177 15.82573 0.49412 0.50588 0.49804 1.00000
v -10.70814 27.05012 15.64510 0.49412 0.50588 0.49804 1.00000
v -13.43545 24.78313 11.77178 0.49412 0.50588 0.49804 1.00000
v -16.98095 28.29382 15.80190 0.49412 0.50588 0.49804 1.00000
v -18.93996 30.26806 11.34716 0.49412 0.50588 0.49804 1.00000
v -16.44445 27.57301 11.97048 0.49412 0.50588 0.49804 1.00000
v -15.98888 26.90375 8.00893 0.49412 0.50588 0.49804 1.00000
v -14.02987 24.92951 12.46368 0.49412 0.50588 0.49804 1.00000
v -17.92856 29.50833 19.39088 0.49412 0.50588 0.49804 1.00000
v -18.73140 25.44200 21.81223 0.49412 0.50588 0.49804 1.00000
v -16.87390 26.42206 18.79374 0.49412 0.50588 0.49804 1.00000
v -15.73195 23.09104 18.43265 0.49412 0.50588 0.49804 1.00000
v -14.92911 27.15738 16.01129 0.49412 0.50588 0.49804 1.00000
v -11.20722 25.64503 -0.69661 0.49412 0.50588 0.49804 1.00000
v -14.88251 19.20627 -1.04474 0.49412 0.50588 0.49804 1.00000
v -11.63213 21.90042 2.77504 0.49412 0.50588 0.49804 1.00000
v -12.34952 17.63506 6.24664 0.49412 0.50588 0.49804 1.00000
v -8.67424 24.07382 6.59477 0.49412 0.50588 0.49804 1.00000
v -12.85588 26.67393 0.58389 0.49412 0.50588 0.49804 1.00000
v -16.08908 21.16120 0.15537 0.49412 0.50588 0.49804 1.00000
v -12.92701 23.18933 3.31103 0.49412 0.50588 0.49804 1.00000
v -13.29599 19.36760 6.08958 0.49412 0.50588 0.49804 1.00000
v -10.06279 24.88033 6.51811 0.49412 0.50588 0.49804 1.00000
v -14.65939 26.34774 10.31259 0.49412 0.50588 0.49804 1.00000
v -12.42424 32.24665 11.42360 0.49412 0.50588 0.49804 1.00000
v -10.95263 28.67664 8.73517 0.49412 0.50588 0.49804 1.00000
v -7.36046 30.61203 7.17978 0.49412 0.50588 0.49804 1.00000
v -9.59561 24.71311 6.06877 0.49412 0.50588 0.49804 1.00000
v -14.95876 30.57932 3.18628 0.49412 0.50588 0.49804 1.00000
v -19.41380 27.66708 2.53203 0.49412 0.50588 0.49804 1.00000
v -16.17343 27.15076 4.66224 0.49412 0.50588 0.49804 1.00000
v -16.97969 23.92374 6.06178 0.49412 0.50588 0.49804 1.00000
v -12.52466 26.83598 6.71604 0.49412 0.50588 0.49804 1.00000
v -17.74348 28.61532 7.11981 0.49412 0.50588 0.49804 1.00000
v -16.67907 30.77612 11.91090 0.49412 0.50588 0.49804 1.00000
v -14.44815 29.01520 9.24675 0.49412 0.50588 0.49804 1.00000
v -11.26334 29.21742 11.07002 0.49412 0.50588 0.49804 1.00000
v -12.32775 27.05662 6.27893 0.49412 0.50588 0.49804 1.00000
v -14.77764 31.74900 8.07721 0.49412 0.50588 0.49804 1.00000
v -13.25236 34.40386 3.67474 0.49412 0.50588 0.49804 1.00000
v -12.93125 30.67786 4.76302 0.49412 0.50588 0.49804 1.00000
v -11.09047 29.46446 1.82952 0.49412 0.50588 0.49804 1.00000
v -12.61575 26.80960 6.23199 0.49412 0.50588 0.49804 1.00000
v -15.32544 37.55669 5.77477 0.49412 0.50588 0.49804 1.00000
v -19.90629 36.16021 6.10571 0.49412 0.50588 0.49804 1.00000
v -16.92924 34.52008 6.70078 0.49412 0.50588 0.49804 1.00000
v -18.74017 31.42756 7.62018 0.49412 0.50588 0.49804 1.00000
v -14.15932 32.82404 7.28924 0.49412 0.50588 0.49804 1.00000
v -14.45259 24.43940 1.44798 0.49412 0.50588 0.49804 1.00000
v -15.80519 17.28414 1.60991 0.49412 0.50588 0.49804 1.00000
v -12.36654 20.89341 4.22966 0.49412 0.50588 0.49804 1.00000
v -10.56650 16.83048 7.25870 0.49412 0.50588 0.49804 1.00000
v -9.21390 23.98575 7.09677 0.49412 0.50588 0.49804 1.00000
v -15.44764 24.81878 2.89467 0.49412 0.50588 0.49804 1.00000
v -16.71903 18.59543 2.95590 0.49412 0.50588 0.49804 1.00000
v -13.52178 21.64235 5.11272 0.49412 0.50588 0.49804 1.00000
v -11.81345 18.00820 7.52285 0.49412 0.50588 0.49804 1.00000
v -10.54206 24.23155 7.46162 0.49412 0.50588 0.49804 1.00000
v -13.57477 25.11033 13.58494 0.49412 0.50588 0.49804 1.00000
v -12.33359 31.30721 12.94578 0.49412 0.50588 0.49804 1.00000
v -11.38789 27.95540 10.28797 0.49412 0.50588 0.49804 1.00000
v -9.46443 30.47010 6.90574 0.49412 0.50588 0.49804 1.00000
v -10.70561 24.27323 7.54491 0.49412 0.50588 0.49804 1.00000
v -16.22086 28.41103 4.03687 0.49412 0.50588 0.49804 1.00000
v -19.66122 24.47488 2.90286 0.49412 0.50588 0.49804 1.00000
v -16.70972 24.68293 5.34310 0.49412 0.50588 0.49804 1.00000
v -16.79637 21.35863 6.66410 0.49412 0.50588 0.49804 1.00000
v -13.35601 25.29479 7.79811 0.49412 0.50588 0.49804 1.00000
v -19.58348 26.30815 9.14116 0.49412 0.50588 0.49804 1.00000
v -17.80835 28.45971 13.70570 0.49412 0.50588 0.49804 1.00000
v -16.10385 27.04337 10.30842 0.49412 0.50588 0.49804 1.00000
v -12.43419 27.85015 12.06233 0.49412 0.50588 0.49804 1.00000
v -14.20932 25.69858 7.49779 0.49412 0.50588 0.49804 1.00000
v -16.95818 29.25757 8.79537 0.49412 0.50588 0.49804 1.00000
v -15.83238 32.43821 4.64430 0.49412 0.50588 0.49804 1.00000
v -14.59038 28.88610 5.71325 0.49412 0.50588 0.49804 1.00000
v -12.19469 28.36469 3.10634 0.49412 0.50588 0.49804 1.00000
v -13.32049 25.18404 7.25742 0.49412 0.50588 0.49804 1.00000
v -17.64858 34.54593 10.29537 0.49412 0.50588 0.49804 1.00000
v -17.69834 32.26815 14.52064 0.49412 0.50588 0.49804 1.00000
v -16.60793 31.26549 11.52104 0.49412 0.50588 0.49804 1.00000
v -15.47266 28.09137 12.62257 0.49412 0.50588 0.49804 1.00000
v -15.42290 30.36915 8.39730 0.49412 0.50588 0.49804 1.00000
v -13.65543 23.44024 1.75006 0.49412 0.50588 0.49804 1.00000
v -12.60183 16.67008 1.08303 0.49412 0.50588 0.49804 1.00000
v -11.63832 20.33447 4.73719 0.49412 0.50588 0.49804 1.00000
v -9.75908 16.96692 7.80394 0.49412 0.50588 0.49804 1.00000
v -10.81268 23.73708 8.47097 0.49412 0.50588 0.49804 1.00000
v -15.67804 23.38580 3.05297 0.49412 0.50588 0.49804 1.00000
v -15.15453 17.31308 2.12319 0.49412 0.50588 0.49804 1.00000
v -13.63457 20.23438 5.34124 0.49412 0.50588 0.49804 1.00000
v -11.51220 17.38355 7.57337 0.49412 0.50588 0.49804 1.00000
v -12.03571 23.45628 8.50315 0.49412 0.50588 0.49804 1.00000
v -16.53306 21.71050 11.78414 0.49412 0.50588 0.49804 1.00000
v -18.73336 27.42444 12.50939 0.49412 0.50588 0.49804 1.00000
v -15.41708 25.76116 10.03298 0.49412 0.50588 0.49804 1.00000
v -14.08090 29.32285 8.32044 0.49412 0.50588 0.49804 1.00000
v -11.88060 23.60891 7.59519 0.49412 0.50588 0.49804 1.00000
v -16.59479 22.04109 1.21057 0.49412 0.50588 0.49804 1.00000
v -16.21058 16.90482 2.23294 0.49412 0.50588 0.49804 1.00000
v -15.91403 20.10006 4.40554 0.49412 0.50588 0.49804 1.00000
v -15.13763 17.77859 7.63903 0.49412 0.50588 0.49804 1.00000
v -15.52183 22.91487 6.61667 0.49412 0.50588 0.49804 1.00000
v -20.49721 20.29338 5.41048 0.49412 0.50588 0.49804 1.00000
v -22.86569 23.26097 9.03786 0.49412 0.50588 0.49804 1.00000
v -19.25722 22.97653 7.92693 0.49412 0.50588 0.49804 1.00000
v -18.11077 25.76497 10.56975 0.49412 0.50588 0.49804 1.00000
v -15.74229 22.79738 6.94237 0.49412 0.50588 0.49804 1.00000
v -19.97176 25.51383 3.83973 0.49412 0.50588 0.49804 1.00000
v -16.22997 27.73579 0.90101 0.49412 0.50588 0.49804 1.00000
v -16.27680 25.23261 3.96084 0.49412 0.50588 0.49804 1.00000
v -12.13017 25.39215 3.80499 0.49412 0.50588 0.49804 1.00000
v -15.87196 23.17019 6.74371 0.49412 0.50588 0.49804 1.00000
v -23.52335 26.13626 6.46204 0.49412 0.50588 0.49804 1.00000
v -26.22268 22.18365 6.82697 0.49412 0.50588 0.49804 1.00000
v -22.68190 22.87089 6.84046 0.49412 0.50588 0.49804 1.00000
v -21.74298 19.77824 7.18901 0.49412 0.50588 0.49804 1.00000
v -19.04366 23.73085 6.82408 0.49412 0.50588 0.49804 1.00000
v 7.72133 31.10720 10.37390 0.49412 0.50588 0.49804 1.00000
v 10.53691 24.42225 9.94974 0.49412 0.50588 0.49804 1.00000
v 8.17217 27.43828 6.43284 0.49412 0.50588 0.49804 1.00000
v 8.66715 23.35734 2.53805 0.49412 0.50588 0.49804 1.00000
v 5.85157 30.04228 2.96221 0.49412 0.50588 0.49804 1.00000
v 9.86891 32.86581 8.26687 0.49412 0.50588 0.49804 1.00000
v 12.31303 26.97135 9.77409 0.49412 0.50588 0.49804 1.00000
v 10.06429 28.46034 6.02250 0.49412 0.50588 0.49804 1.00000
v 9.84632 24.64215 3.72396 0.49412 0.50588 0.49804 1.00000
v 7.40219 30.53661 2.21674 0.49412 0.50588 0.49804 1.00000
v 12.92219 30.88861 -0.64262 0.49412 0.50588 0.49804 1.00000
v 12.19858 37.31650 -1.71435 0.49412 0.50588 0.49804 1.00000
v 9.66335 34.40255 0.72798 0.49412 0.50588 0.49804 1.00000
v 6.37368 37.06737 2.00512 0.49412 0.50588 0.49804 1.00000
v 7.09730 30.63948 3.07685 0.49412 0.50588 0.49804 1.00000
v 13.52489 30.61495 9.64071 0.49412 0.50588 0.49804 1.00000
v 13.30653 25.04803 9.37962 0.49412 0.50588 0.49804 1.00000
v 12.41384 27.71001 6.72264 0.49412 0.50588 0.49804 1.00000
v 11.52674 25.19955 3.73911 0.49412 0.50588 0.49804 1.00000
v 11.74509 30.76647 4.00020 0.49412 0.50588 0.49804 1.00000
v 16.89781 27.31143 4.36095 0.49412 0.50588 0.49804 1.00000
v 18.86330 30.44255 0.18490 0.49412 0.50588 0.49804 1.00000
v 15.46126 30.54722 1.93474 0.49412 0.50588 0.49804 1.00000
v 13.95946 33.72774 -0.23495 0.49412 0.50588 0.49804 1.00000
v 11.99396 30.59662 3.94110 0.49412 0.50588 0.49804 1.00000
v 16.81733 32.08308 4.60110 0.49412 0.50588 0.49804 1.00000
v 15.71889 35.15375 9.12557 0.49412 0.50588 0.49804 1.00000
v 13.36558 32.99482 6.76948 0.49412 0.50588 0.49804 1.00000
v 10.05701 33.69751 8.32372 0.49412 0.50588 0.49804 1.00000
v 11.15545 30.62685 3.79924 0.49412 0.50588 0.49804 1.00000
v 14.02046 39.72589 12.15676 0.49412 0.50588 0.49804 1.00000
v 15.43531 36.70049 15.60570 0.49412 0.50588 0.49804 1.00000
v 14.92664 36.55493 11.95168 0.49412 0.50588 0.49804 1.00000
v 16.01023 33.21032 11.93384 0.49412 0.50588 0.49804 1.00000
v 14.59539 36.23572 8.48490 0.49412 0.50588 0.49804 1.00000
v 15.86476 32.46572 11.92470 0.49412 0.50588 0.49804 1.00000
v 18.43472 27.18038 12.24163 0.49412 0.50588 0.49804 1.00000
v 16.62240 29.01083 9.11388 0.49412 0.50588 0.49804 1.00000
v 17.35492 25.85818 6.22931 0.49412 0.50588 0.49804 1.00000
v 14.78496 31.14351 5.91239 0.49412 0.50588 0.49804 1.00000
v 16.84148 33.85667 10.55043 0.49412 0.50588 0.49804 1.00000
v 19.71768 29.38597 12.20559 0.49412 0.50588 0.49804 1.00000
v 17.80276 30.12558 8.86658 0.49412 0.50588 0.49804 1.00000
v 18.25759 26.85127 7.09952 0.49412 0.50588 0.49804 1.00000
v 15.38140 31.32196 5.44436 0.49412 0.50588 0.49804 1.00000
v 20.28350 34.45506 2.48716 0.49412 0.50588 0.49804 1.00000
v 16.88362 38.86389 2.44065 0.49412 0.50588 0.49804 1.00000
v 16.56281 35.19732 4.06415 0.49412 0.50588 0.49804 1.00000
v 12.62510 36.22346 5.57948 0.49412 0.50588 0.49804 1.00000
v 16.02498 31.81464 5.62599 0.49412 0.50588 0.49804 1.00000
v 20.09752 34.33457 11.17236 0.49412 0.50588 0.49804 1.00000
v 22.15395 29.71268 11.36529 0.49412 0.50588 0.49804 1.00000
v 19.88418 31.09444 9.07474 0.49412 0.50588 0.49804 1.00000
v 19.71034 28.07063 6.86811 0.49412 0.50588 0.49804 1.00000
v 17.65392 32.69252 6.67517 0.49412 0.50588 0.49804 1.00000
v 22.95206 32.10587 6.33840 0.49412 0.50588 0.49804 1.00000
v 22.83329 34.37212 1.81314 0.49412 0.50588 0.49804 1.00000
v 20.22446 33.52359 3.94187 0.49412 0.50588 0.49804 1.00000
v 17.48969 34.87831 1.93544 0.49412 0.50588 0.49804 1.00000
v 17.60846 32.61206 6.46069 0.49412 0.50588 0.49804 1.00000
v 21.01131 35.82887 5.62836 0.49412 0.50588 0.49804 1.00000
v 19.58595 38.84159 9.43885 0.49412 0.50588 0.49804 1.00000
v 18.32958 35.62432 8.22312 0.49412 0.50588 0.49804 1.00000
v 15.70039 35.25155 10.33775 0.49412 0.50588 0.49804 1.00000
v 17.12575 32.23883 6.52726 0.49412 0.50588 0.49804 1.00000
v 22.80948 39.05246 7.56366 0.49412 0.50588 0.49804 1.00000
v 26.92584 36.58339 7.58091 0.49412 0.50588 0.49804 1.00000
v 23.61435 35.69121 6.90160 0.49412 0.50588 0.49804 1.00000
v 24.10024 32.54383 6.29326 0.49412 0.50588 0.49804 1.00000
v 19.98388 35.01291 6.27601 0.49412 0.50588 0.49804 1.00000
v 5.94300 34.16479 7.90529 0.49412 0.50588 0.49804 1.00000
v 8.84816 30.21679 12.33905 0.49412 0.50588 0.49804 1.00000
v 9.10086 30.38091 7.62971 0.49412 0.50588 0.49804 1.00000
v 11.79481 26.84009 6.95197 0.49412 0.50588 0.49804 1.00000
v 8.88964 30.78809 2.51821 0.49412 0.50588 0.49804 1.00000
v 7.10706 34.47936 9.32640 0.49412 0.50588 0.49804 1.00000
v 10.31231 30.17375 12.01413 0.49412 0.50588 0.49804 1.00000
v 9.72432 30.99441 7.95930 0.49412 0.50588 0.49804 1.00000
v 12.34787 27.71305 6.49338 0.49412 0.50588 0.49804 1.00000
v 9.14262 32.01867 3.80565 0.49412 0.50588 0.49804 1.00000
v 14.68075 35.97110 2.16829 0.49412 0.50588 0.49804 1.00000
v 10.76313 39.45866 -0.75147 0.49412 0.50588 0.49804 1.00000
v 10.29621 35.78446 1.48367 0.49412 0.50588 0.49804 1.00000
v 5.74714 35.73650 0.56433 0.49412 0.50588 0.49804 1.00000
v 9.66476 32.24894 3.48410 0.49412 0.50588 0.49804 1.00000
v 11.26094 36.98741 9.49010 0.49412 0.50588 0.49804 1.00000
v 14.49587 33.30256 11.25088 0.49412 0.50588 0.49804 1.00000
v 12.72397 33.50912 8.14686 0.49412 0.50588 0.49804 1.00000
v 13.99531 30.32887 6.61959 0.49412 0.50588 0.49804 1.00000
v 10.76037 34.01372 4.85881 0.49412 0.50588 0.49804 1.00000
v 16.45973 35.95613 5.56639 0.49412 0.50588 0.49804 1.00000
v 16.06029 37.44492 0.58972 0.49412 0.50588 0.49804 1.00000
v 13.65264 35.80183 2.84384 0.49412 0.50588 0.49804 1.00000
v 10.86101 35.66324 -0.07686 0.49412 0.50588 0.49804 1.00000
v 11.26045 34.17444 4.89981 0.49412 0.50588 0.49804 1.00000
v 13.03874 38.94371 4.34328 0.49412 0.50588 0.49804 1.00000
v 9.28585 40.89762 7.38324 0.49412 0.50588 0.49804 1.00000
v 9.83558 37.51040 6.19912 0.49412 0.50588 0.49804 1.00000
v 6.97415 35.89579 7.86501 0.49412 0.50588 0.49804 1.00000
v 10.72704 33.94189 4.82505 0.49412 0.50588 0.49804 1.00000
v 10.89269 43.82259 7.35164 0.49412 0.50588 0.49804 1.00000
v 13.97036 42.70824 10.86284 0.49412 0.50588 0.49804 1.00000
v 12.97072 40.91866 8.28470 0.49412 0.50588 0.49804 1.00000
v 15.02323 38.09279 8.98664 0.49412 0.50588 0.49804 1.00000
v 11.94557 39.20713 5.47544 0.49412 0.50588 0.49804 1.00000
v 9.47312 32.14213 9.26033 0.49412 0.50588 0.49804 1.00000
v 9.84580 26.55457 11.11277 0.49412 0.50588 0.49804 1.00000
v 12.09018 28.54071 8.38526 0.49412 0.50588 0.49804 1.00000
v 14.80992 25.43058 7.47881 0.49412 0.50588 0.49804 1.00000
v 14.43724 31.01814 5.62637 0.49412 0.50588 0.49804 1.00000
v 10.14272 32.51322 10.23985 0.49412 0.50588 0.49804 1.00000
v 10.48499 27.22994 11.99207 0.49412 0.50588 0.49804 1.00000
v 12.55581 29.07112 9.35411 0.49412 0.50588 0.49804 1.00000
v 14.93423 26.04528 8.27949 0.49412 0.50588 0.49804 1.00000
v 14.59195 31.32855 6.52727 0.49412 0.50588 0.49804 1.00000
v 19.88736 32.74459 9.36369 0.49412 0.50588 0.49804 1.00000
v 19.19393 37.91552 7.39364 0.49412 0.50588 0.49804 1.00000
v 17.03948 34.74332 6.90748 0.49412 0.50588 0.49804 1.00000
v 14.12625 36.55310 4.64909 0.49412 0.50588 0.49804 1.00000
v 14.81968 31.38217 6.61913 0.49412 0.50588 0.49804 1.00000
v 11.74555 33.19637 13.10914 0.49412 0.50588 0.49804 1.00000
v 12.26484 28.32420 14.39433 0.49412 0.50588 0.49804 1.00000
v 13.49167 30.08289 11.61156 0.49412 0.50588 0.49804 1.00000
v 15.36542 27.23981 10.13580 0.49412 0.50588 0.49804 1.00000
v 14.84614 32.11198 8.85060 0.49412 0.50588 0.49804 1.00000
v 17.12589 30.75787 13.15439 0.49412 0.50588 0.49804 1.00000
v 21.53418 33.00827 12.07637 0.49412 0.50588 0.49804 1.00000
v 18.16592 32.50436 10.27286 0.49412 0.50588 0.49804 1.00000
v 19.27680 34.39854 7.39396 0.49412 0.50588 0.49804 1.00000
v 14.86851 32.14814 8.47197 0.49412 0.50588 0.49804 1.00000
v 16.95377 35.74988 12.15399 0.49412 0.50588 0.49804 1.00000
v 12.45339 38.07084 12.01561 0.49412 0.50588 0.49804 1.00000
v 13.59525 35.21560 10.31160 0.49412 0.50588 0.49804 1.00000
v 10.49342 34.43382 8.57365 0.49412 0.50588 0.49804 1.00000
v 14.99380 32.11287 8.71204 0.49412 0.50588 0.49804 1.00000
v 13.09420 39.71223 11.16880 0.49412 0.50588 0.49804 1.00000
v 11.79327 38.66961 15.67009 0.49412 0.50588 0.49804 1.00000
v 13.31876 36.79533 13.23725 0.49412 0.50588 0.49804 1.00000
v 13.54066 33.97155 14.81465 0.49412 0.50588 0.49804 1.00000
v 14.84159 35.01417 10.31336 0.49412 0.50588 0.49804 1.00000
v 11.39639 32.07636 10.18734 0.49412 0.50588 0.49804 1.00000
v 10.80074 26.33525 11.34584 0.49412 0.50588 0.49804 1.00000
v 12.97831 28.35113 8.40941 0.49412 0.50588 0.49804 1.00000
v 14.41898 25.25309 6.39391 0.49412 0.50588 0.49804 1.00000
v 15.01463 30.99421 5.23541 0.49412 0.50588 0.49804 1.00000
v 11.87718 31.06725 11.44811 0.49412 0.50588 0.49804 1.00000
v 11.77992 25.50868 11.77020 0.49412 0.50588 0.49804 1.00000
v 13.37231 28.50268 9.10033 0.49412 0.50588 0.49804 1.00000
v 15.02580 25.52616 6.84076 0.49412 0.50588 0.49804 1.00000
v 15.12306 31.08472 6.51868 0.49412 0.50588 0.49804 1.00000
v 19.76317 30.15311 8.58194 0.49412 0.50588 0.49804 1.00000
v 20.93869 35.57347 9.08057 0.49412 0.50588 0.49804 1.00000
v 17.70333 33.70546 7.79759 0.49412 0.50588 0.49804 1.00000
v 15.61088 36.58274 6.80492 0.49412 0.50588 0.49804 1.00000
v 14.43536 31.16237 6.30629 0.49412 0.50588 0.49804 1.00000
v 13.84128 31.24725 13.76538 0.49412 0.50588 0.49804 1.00000
v 13.97542 26.18654 13.71186 0.49412 0.50588 0.49804 1.00000
v 14.88787 28.49120 11.24498 0.49412 0.50588 0.49804 1.00000
v 16.00359 26.08258 8.73833 0.49412 0.50588 0.49804 1.00000
v 15.86946 31.14329 8.79185 0.49412 0.50588 0.49804 1.00000
v 19.30557 28.40276 12.20447 0.49412 0.50588 0.49804 1.00000
v 23.06496 31.15047 10.21734 0.49412 0.50588 0.49804 1.00000
v 19.66114 31.09100 9.42881 0.49412 0.50588 0.49804 1.00000
v 19.80718 33.78276 6.84936 0.49412 0.50588 0.49804 1.00000
v 16.04779 31.03505 8.83649 0.49412 0.50588 0.49804 1.00000
v 18.29248 33.83068 13.39097 0.49412 0.50588 0.49804 1.00000
v 13.74870 35.93765 14.13014 0.49412 0.50588 0.49804 1.00000
v 15.16845 33.47745 11.62397 0.49412 0.50588 0.49804 1.00000
v 11.60370 33.46239 9.88758 0.49412 0.50588 0.49804 1.00000
v 16.14748 31.35543 9.14841 0.49412 0.50588 0.49804 1.00000
v 13.53465 33.96559 17.27265 0.49412 0.50588 0.49804 1.00000
v 13.68389 29.27514 18.28184 0.49412 0.50588 0.49804 1.00000
v 14.62563 31.15944 15.47627 0.49412 0.50588 0.49804 1.00000
v 15.65391 28.01825 13.75011 0.49412 0.50588 0.49804 1.00000
v 15.50467 32.70870 12.74092 0.49412 0.50588 0.49804 1.00000
v 12.10869 29.46994 10.89185 0.49412 0.50588 0.49804 1.00000
v 9.73454 24.34990 9.10900 0.49412 0.50588 0.49804 1.00000
v 11.94672 27.72720 7.13910 0.49412 0.50588 0.49804 1.00000
v 11.85451 25.75467 3.35176 0.49412 0.50588 0.49804 1.00000
v 14.22867 30.87471 5.13461 0.49412 0.50588 0.49804 1.00000
v 12.51375 28.54071 11.82294 0.49412 0.50588 0.49804 1.00000
v 11.77593 23.53171 9.45115 0.49412 0.50588 0.49804 1.00000
v 13.22013 27.14372 8.08739 0.49412 0.50588 0.49804 1.00000
v 13.76025 25.39052 4.16847 0.49412 0.50588 0.49804 1.00000
v 14.49807 30.39952 6.54026 0.49412 0.50588 0.49804 1.00000
v 20.93178 29.65128 7.11942 0.49412 0.50588 0.49804 1.00000
v 21.01102 35.08371 8.43936 0.49412 0.50588 0.49804 1.00000
v 18.04889 32.67901 7.32895 0.49412 0.50588 0.49804 1.00000
v 15.19758 35.90450 7.49179 0.49412 0.50588 0.49804 1.00000
v 15.11834 30.47206 6.17185 0.49412 0.50588 0.49804 1.00000
v 16.05459 26.05083 12.46963 0.49412 0.50588 0.49804 1.00000
v 14.16688 22.24791 9.69775 0.49412 0.50588 0.49804 1.00000
v 15.21706 25.60618 8.81694 0.49412 0.50588 0.49804 1.00000
v 14.27714 24.98422 5.05686 0.49412 0.50588 0.49804 1.00000
v 16.16485 28.78713 7.82874 0.49412 0.50588 0.49804 1.00000
v 18.02772 24.61857 8.35607 0.49412 0.50588 0.49804 1.00000
v 22.52979 25.95422 6.44394 0.49412 0.50588 0.49804 1.00000
v 19.49336 27.80850 6.85364 0.49412 0.50588 0.49804 1.00000
v 20.44672 30.78137 5.36961 0.49412 0.50588 0.49804 1.00000
v 15.94464 29.44573 7.28174 0.49412 0.50588 0.49804 1.00000
v 20.41150 27.98063 9.27559 0.49412 0.50588 0.49804 1.00000
v 19.29580 29.84308 13.85766 0.49412 0.50588 0.49804 1.00000
v 17.36247 29.53383 10.72484 0.49412 0.50588 0.49804 1.00000
v 14.51857 31.04478 11.70732 0.49412 0.50588 0.49804 1.00000
v 15.63426 29.18232 7.12525 0.49412 0.50588 0.49804 1.00000
v 12.84379 33.37957 15.55524 0.49412 0.50588 0.49804 1.00000
v 12.68636 28.85872 17.16093 0.49412 0.50588 0.49804 1.00000
v 13.98592 30.45514 14.21273 0.49412 0.50588 0.49804 1.00000
v 15.03207 27.11830 12.99517 0.49412 0.50588 0.49804 1.00000
v 15.18950 31.63915 11.38948 0.49412 0.50588 0.49804 1.00000
v 7.30982 28.35902 -10.47534 0.49412 0.50588 0.49804 1.00000
v 7.35322 20.97521 -11.03300 0.49412 0.50588 0.49804 1.00000
v 3.69673 24.19262 -9.31766 0.49412 0.50588 0.49804 1.00000
v 0.02040 20.48499 -8.21578 0.49412 0.50588 0.49804 1.00000
v -0.02300 27.86880 -7.65812 0.49412 0.50588 0.49804 1.00000
v 6.82048 27.57773 -12.76677 0.49412 0.50588 0.49804 1.00000
v 6.76959 20.98686 -12.46004 0.49412 0.50588 0.49804 1.00000
v 3.59462 24.63817 -11.21571 0.49412 0.50588 0.49804 1.00000
v 0.31647 21.27012 -9.72957 0.49412 0.50588 0.49804 1.00000
v 0.36735 27.86098 -10.03630 0.49412 0.50588 0.49804 1.00000
v -3.30013 26.82618 -15.22070 0.49412 0.50588 0.49804 1.00000
v -3.84364 33.28744 -16.44251 0.49412 0.50588 0.49804 1.00000
v -1.54113 30.85065 -13.07376 0.49412 0.50588 0.49804 1.00000
v 0.12353 34.38831 -10.77146 0.49412 0.50588 0.49804 1.00000
v 0.66704 27.92705 -9.54965 0.49412 0.50588 0.49804 1.00000
v 2.25861 25.58475 -19.57577 0.49412 0.50588 0.49804 1.00000
v 2.44425 20.02189 -19.27430 0.49412 0.50588 0.49804 1.00000
v 0.91007 23.21055 -16.87006 0.49412 0.50588 0.49804 1.00000
v -0.54442 20.48667 -14.18393 0.49412 0.50588 0.49804 1.00000
v -0.73005 26.04953 -14.48540 0.49412 0.50588 0.49804 1.00000
v -4.11325 23.03041 -19.12503 0.49412 0.50588 0.49804 1.00000
v -8.33553 26.30795 -17.54358 0.49412 0.50588 0.49804 1.00000
v -4.49657 26.00348 -16.32056 0.49412 0.50588 0.49804 1.00000
v -5.17847 29.07385 -13.35963 0.49412 0.50588 0.49804 1.00000
v -0.95619 25.79633 -14.94108 0.49412 0.50588 0.49804 1.00000
v -3.29890 28.06904 -19.18058 0.49412 0.50588 0.49804 1.00000
v 1.14309 31.01892 -20.80471 0.49412 0.50588 0.49804 1.00000
v 0.18031 28.47517 -17.53584 0.49412 0.50588 0.49804 1.00000
v 3.87046 28.91003 -15.98954 0.49412 0.50588 0.49804 1.00000
v -0.57153 25.96015 -14.36540 0.49412 0.50588 0.49804 1.00000
v 9.98277 35.62103 -18.30116 0.49412 0.50588 0.49804 1.00000
v 11.69156 31.25310 -19.32657 0.49412 0.50588 0.49804 1.00000
v 8.44063 32.54564 -18.76272 0.49412 0.50588 0.49804 1.00000
v 7.08657 29.08272 -19.12608 0.49412 0.50588 0.49804 1.00000
v 5.37777 33.45064 -18.10068 0.49412 0.50588 0.49804 1.00000
v 6.55152 28.52640 -13.02061 0.49412 0.50588 0.49804 1.00000
v 5.99430 21.69463 -14.33044 0.49412 0.50588 0.49804 1.00000
v 3.21371 24.60281 -11.64831 0.49412 0.50588 0.49804 1.00000
v -0.26634 21.00942 -10.42992 0.49412 0.50588 0.49804 1.00000
v 0.29089 27.84119 -9.12008 0.49412 0.50588 0.49804 1.00000
v 5.46104 28.78654 -14.28576 0.49412 0.50588 0.49804 1.00000
v 4.89119 22.75988 -15.33158 0.49412 0.50588 0.49804 1.00000
v 2.58818 25.29464 -12.88480 0.49412 0.50588 0.49804 1.00000
v -0.35755 22.12239 -11.51908 0.49412 0.50588 0.49804 1.00000
v 0.21230 28.14906 -10.47326 0.49412 0.50588 0.49804 1.00000
v -5.30902 29.07081 -14.10650 0.49412 0.50588 0.49804 1.00000
v -5.11071 35.04826 -12.70295 0.49412 0.50588 0.49804 1.00000
v -2.66006 31.76550 -11.37941 0.49412 0.50588 0.49804 1.00000
v 0.12213 34.11102 -8.91929 0.49412 0.50588 0.49804 1.00000
v -0.07618 28.13358 -10.32284 0.49412 0.50588 0.49804 1.00000
v 2.54806 29.52968 -18.80812 0.49412 0.50588 0.49804 1.00000
v 1.85017 24.32052 -19.31560 0.49412 0.50588 0.49804 1.00000
v 0.86195 26.87264 -16.58566 0.49412 0.50588 0.49804 1.00000
v -0.83313 23.83980 -14.41431 0.49412 0.50588 0.49804 1.00000
v -0.13523 29.04896 -13.90682 0.49412 0.50588 0.49804 1.00000
v -2.76677 27.49753 -18.41040 0.49412 0.50588 0.49804 1.00000
v -7.09936 30.09285 -16.86995 0.49412 0.50588 0.49804 1.00000
v -3.89486 29.51149 -15.13098 0.49412 0.50588 0.49804 1.00000
v -4.76224 31.54334 -11.97596 0.49412 0.50588 0.49804 1.00000
v -0.42966 28.94803 -13.51641 0.49412 0.50588 0.49804 1.00000
v -1.80314 32.91560 -17.79700 0.49412 0.50588 0.49804 1.00000
v 3.03664 34.89458 -17.06206 0.49412 0.50588 0.49804 1.00000
v 1.19093 32.03057 -15.41681 0.49412 0.50588 0.49804 1.00000
v 4.35315 31.23518 -13.00819 0.49412 0.50588 0.49804 1.00000
v -0.48663 29.25620 -13.74313 0.49412 0.50588 0.49804 1.00000
v -1.58056 33.06288 -21.81871 0.49412 0.50588 0.49804 1.00000
v -2.09012 29.10657 -24.48921 0.49412 0.50588 0.49804 1.00000
v -2.12473 29.68544 -21.03190 0.49412 0.50588 0.49804 1.00000
v -2.53147 26.55173 -20.09252 0.49412 0.50588 0.49804 1.00000
v -2.02192 30.50804 -17.42202 0.49412 0.50588 0.49804 1.00000
v 4.79847 27.24774 -17.90064 0.49412 0.50588 0.49804 1.00000
v 5.17466 21.64163 -20.38313 0.49412 0.50588 0.49804 1.00000
v 2.11986 23.90158 -17.67210 0.49412 0.50588 0.49804 1.00000
v -0.62005 20.38103 -17.64247 0.49412 0.50588 0.49804 1.00000
v -0.99624 25.98714 -15.15998 0.49412 0.50588 0.49804 1.00000
v 3.70897 28.26069 -19.73506 0.49412 0.50588 0.49804 1.00000
v 3.38307 23.33525 -22.66865 0.49412 0.50588 0.49804 1.00000
v 1.23610 25.13007 -19.32426 0.49412 0.50588 0.49804 1.00000
v -1.29920 21.69137 -19.12374 0.49412 0.50588 0.49804 1.00000
v -0.97329 26.61681 -16.19016 0.49412 0.50588 0.49804 1.00000
v -6.01365 28.48418 -19.13950 0.49412 0.50588 0.49804 1.00000
v -5.53212 33.37513 -16.16986 0.49412 0.50588 0.49804 1.00000
v -3.30742 30.18394 -16.02790 0.49412 0.50588 0.49804 1.00000
v -0.52203 31.52817 -13.24956 0.49412 0.50588 0.49804 1.00000
v -1.00357 26.63722 -16.21920 0.49412 0.50588 0.49804 1.00000
v 2.86122 28.77616 -22.49098 0.49412 0.50588 0.49804 1.00000
v 2.81237 24.00544 -24.31956 0.49412 0.50588 0.49804 1.00000
v 1.09948 25.88108 -21.37871 0.49412 0.50588 0.49804 1.00000
v -0.80843 22.66384 -20.51048 0.49412 0.50588 0.49804 1.00000
v -0.75958 27.43456 -18.68190 0.49412 0.50588 0.49804 1.00000
v -2.83778 27.34559 -24.23599 0.49412 0.50588 0.49804 1.00000
v -6.91463 29.72235 -22.27737 0.49412 0.50588 0.49804 1.00000
v -3.87403 28.50305 -20.73436 0.49412 0.50588 0.49804 1.00000
v -5.04576 29.78438 -17.18287 0.49412 0.50588 0.49804 1.00000
v -0.96891 27.40763 -19.14149 0.49412 0.50588 0.49804 1.00000
v -1.29683 31.84504 -22.47945 0.49412 0.50588 0.49804 1.00000
v 3.22223 33.52834 -20.79113 0.49412 0.50588 0.49804 1.00000
v 1.00058 30.48352 -20.04176 0.49412 0.50588 0.49804 1.00000
v 3.67693 29.43765 -17.28459 0.49412 0.50588 0.49804 1.00000
v -0.84213 27.75434 -18.97291 0.49412 0.50588 0.49804 1.00000
v -2.77033 35.64282 -24.58901 0.49412 0.50588 0.49804 1.00000
v -4.79914 32.27708 -27.34528 0.49412 0.50588 0.49804 1.00000
v -3.59263 32.27856 -24.04899 0.49412 0.50588 0.49804 1.00000
v -4.48946 28.63974 -23.79085 0.49412 0.50588 0.49804 1.00000
v -2.46065 32.00548 -21.03458 0.49412 0.50588 0.49804 1.00000
v 6.29066 26.76877 -14.35358 0.49412 0.50588 0.49804 1.00000
v 6.59517 20.34195 -14.35341 0.49412 0.50588 0.49804 1.00000
v 3.17943 23.68826 -13.32816 0.49412 0.50588 0.49804 1.00000
v 0.01684 20.27469 -12.48868 0.49412 0.50588 0.49804 1.00000
v -0.28767 26.70152 -12.48885 0.49412 0.50588 0.49804 1.00000
v 5.73118 26.86277 -15.87535 0.49412 0.50588 0.49804 1.00000
v 6.18765 21.00226 -15.98197 0.49412 0.50588 0.49804 1.00000
v 3.05364 23.93508 -14.77547 0.49412 0.50588 0.49804 1.00000
v 0.34804 20.82207 -13.75879 0.49412 0.50588 0.49804 1.00000
v -0.10843 26.68259 -13.65217 0.49412 0.50588 0.49804 1.00000
v -3.71640 26.42895 -18.63807 0.49412 0.50588 0.49804 1.00000
v -3.70386 32.30754 -18.72397 0.49412 0.50588 0.49804 1.00000
v -1.80434 29.71333 -16.22858 0.49412 0.50588 0.49804 1.00000
v 0.13888 32.57053 -13.80949 0.49412 0.50588 0.49804 1.00000
v 0.12634 26.69194 -13.72359 0.49412 0.50588 0.49804 1.00000
v 5.82796 28.12420 -17.58967 0.49412 0.50588 0.49804 1.00000
v 7.22970 23.23837 -18.51360 0.49412 0.50588 0.49804 1.00000
v 3.98633 24.76451 -17.52712 0.49412 0.50588 0.49804 1.00000
v 2.08475 21.85013 -17.23690 0.49412 0.50588 0.49804 1.00000
v 0.68300 26.73596 -16.31296 0.49412 0.50588 0.49804 1.00000
v 3.17815 24.83354 -20.45353 0.49412 0.50588 0.49804 1.00000
v -0.24439 26.98402 -23.67092 0.49412 0.50588 0.49804 1.00000
v 0.23312 27.20016 -19.96803 0.49412 0.50588 0.49804 1.00000
v -2.49188 29.19902 -19.19472 0.49412 0.50588 0.49804 1.00000
v 0.93066 27.04854 -15.97734 0.49412 0.50588 0.49804 1.00000
v 2.14989 28.88284 -20.82333 0.49412 0.50588 0.49804 1.00000
v 5.88958 31.89356 -18.91541 0.49412 0.50588 0.49804 1.00000
v 3.64132 29.34171 -17.35235 0.49412 0.50588 0.49804 1.00000
v 4.74875 29.62914 -14.05809 0.49412 0.50588 0.49804 1.00000
v 1.00906 26.61841 -15.96601 0.49412 0.50588 0.49804 1.00000
v 2.58903 33.41777 -23.73164 0.49412 0.50588 0.49804 1.00000
v 1.95341 29.64786 -26.63437 0.49412 0.50588 0.49804 1.00000
v 1.66968 30.03023 -23.20619 0.49412 0.50588 0.49804 1.00000
v 0.79995 26.40161 -22.87505 0.49412 0.50588 0.49804 1.00000
v 1.43557 30.17153 -19.97231 0.49412 0.50588 0.49804 1.00000
v 5.34363 24.77345 -13.23957 0.49412 0.50588 0.49804 1.00000
v 3.77174 19.02550 -11.80469 0.49412 0.50588 0.49804 1.00000
v 1.58146 22.73078 -13.55794 0.49412 0.50588 0.49804 1.00000
v -2.28074 20.19209 -13.88228 0.49412 0.50588 0.49804 1.00000
v -0.70884 25.94004 -15.31716 0.49412 0.50588 0.49804 1.00000
v 5.82956 24.59281 -14.67110 0.49412 0.50588 0.49804 1.00000
v 4.51795 19.17101 -13.34891 0.49412 0.50588 0.49804 1.00000
v 2.21031 22.18701 -14.66739 0.49412 0.50588 0.49804 1.00000
v -1.32439 20.15619 -14.76441 0.49412 0.50588 0.49804 1.00000
v -0.01279 25.57800 -16.08660 0.49412 0.50588 0.49804 1.00000
v -0.05425 24.87683 -22.67485 0.49412 0.50588 0.49804 1.00000
v 1.26064 30.44927 -22.96359 0.49412 0.50588 0.49804 1.00000
v 0.66139 27.73052 -19.76595 0.49412 0.50588 0.49804 1.00000
v 1.32896 31.06390 -16.90932 0.49412 0.50588 0.49804 1.00000
v 0.01407 25.49146 -16.62058 0.49412 0.50588 0.49804 1.00000
v 7.37945 22.41960 -18.21335 0.49412 0.50588 0.49804 1.00000
v 5.22811 17.96423 -16.95010 0.49412 0.50588 0.49804 1.00000
v 3.84903 21.36427 -17.57124 0.49412 0.50588 0.49804 1.00000
v 0.20629 20.00552 -16.74346 0.49412 0.50588 0.49804 1.00000
v 2.35762 24.46089 -18.00671 0.49412 0.50588 0.49804 1.00000
v 2.93351 20.43758 -21.23231 0.49412 0.50588 0.49804 1.00000
v 0.42047 22.87091 -24.95224 0.49412 0.50588 0.49804 1.00000
v 1.05373 23.83927 -21.61501 0.49412 0.50588 0.49804 1.00000
v -0.64241 27.06438 -21.69373 0.49412 0.50588 0.49804 1.00000
v 1.87063 24.63105 -17.97379 0.49412 0.50588 0.49804 1.00000
v 5.57565 25.28749 -22.59239 0.49412 0.50588 0.49804 1.00000
v 8.64828 27.59905 -19.23233 0.49412 0.50588 0.49804 1.00000
v 5.34987 26.02999 -18.88811 0.49412 0.50588 0.49804 1.00000
v 5.27662 27.00350 -15.02600 0.49412 0.50588 0.49804 1.00000
v 2.20398 24.69194 -18.38605 0.49412 0.50588 0.49804 1.00000
v 8.20199 29.64571 -20.50425 0.49412 0.50588 0.49804 1.00000
v 10.70205 25.99116 -22.35766 0.49412 0.50588 0.49804 1.00000
v 7.59161 26.09329 -21.16342 0.49412 0.50588 0.49804 1.00000
v 6.71669 22.89394 -21.70875 0.49412 0.50588 0.49804 1.00000
v 4.21662 26.54849 -19.85533 0.49412 0.50588 0.49804 1.00000
v 4.76130 22.83581 -13.90424 0.49412 0.50588 0.49804 1.00000
v 1.06746 18.46794 -12.23404 0.49412 0.50588 0.49804 1.00000
v 0.45626 22.16713 -14.38838 0.49412 0.50588 0.49804 1.00000
v -4.11490 21.18803 -14.62778 0.49412 0.50588 0.49804 1.00000
v -0.42106 25.55590 -16.29798 0.49412 0.50588 0.49804 1.00000
v 4.73758 23.96289 -16.04459 0.49412 0.50588 0.49804 1.00000
v 3.41338 18.98133 -13.80578 0.49412 0.50588 0.49804 1.00000
v 1.20349 22.12234 -15.45028 0.49412 0.50588 0.49804 1.00000
v -2.25744 20.49315 -14.93326 0.49412 0.50588 0.49804 1.00000
v -0.93323 25.47472 -17.17207 0.49412 0.50588 0.49804 1.00000
v -0.34951 23.36526 -23.18684 0.49412 0.50588 0.49804 1.00000
v 1.96539 28.34098 -24.39727 0.49412 0.50588 0.49804 1.00000
v 0.73592 26.64498 -20.90692 0.49412 0.50588 0.49804 1.00000
v 1.89263 30.15955 -18.70130 0.49412 0.50588 0.49804 1.00000
v -0.42227 25.18382 -17.49086 0.49412 0.50588 0.49804 1.00000
v 5.71041 22.62859 -18.29323 0.49412 0.50588 0.49804 1.00000
v 4.49717 18.04331 -16.47339 0.49412 0.50588 0.49804 1.00000
v 2.45359 20.87289 -17.39051 0.49412 0.50588 0.49804 1.00000
v -0.64026 19.64140 -16.51206 0.49412 0.50588 0.49804 1.00000
v 0.57298 24.22668 -18.33189 0.49412 0.50588 0.49804 1.00000
v 2.07275 19.68492 -20.14455 0.49412 0.50588 0.49804 1.00000
v 0.48169 20.82879 -24.83162 0.49412 0.50588 0.49804 1.00000
v 0.67222 22.76714 -21.67559 0.49412 0.50588 0.49804 1.00000
v -0.69937 25.68423 -22.80496 0.49412 0.50588 0.49804 1.00000
v 0.89169 24.54036 -18.11789 0.49412 0.50588 0.49804 1.00000
v 5.15622 23.34534 -22.52703 0.49412 0.50588 0.49804 1.00000
v 8.35779 25.68120 -19.34864 0.49412 0.50588 0.49804 1.00000
v 4.70608 24.58152 -19.17757 0.49412 0.50588 0.49804 1.00000
v 4.59749 26.28023 -15.56417 0.49412 0.50588 0.49804 1.00000
v 1.39591 23.94436 -18.74256 0.49412 0.50588 0.49804 1.00000
v 9.40665 28.25237 -20.14536 0.49412 0.50588 0.49804 1.00000
v 10.87471 23.77096 -21.04143 0.49412 0.50588 0.49804 1.00000
v 7.69528 25.28284 -20.42378 0.49412 0.50588 0.49804 1.00000
v 6.19568 21.81978 -20.71816 0.49412 0.50588 0.49804 1.00000
v 4.72763 26.30120 -19.82209 0.49412 0.50588 0.49804 1.00000
v -1.97118 31.18484 -11.99023 0.49412 0.50588 0.49804 1.00000
v -2.17661 24.16481 -13.30644 0.49412 0.50588 0.49804 1.00000
v -4.33123 27.50639 -9.59967 0.49412 0.50588 0.49804 1.00000
v -6.79376 23.50970 -7.31507 0.49412 0.50588 0.49804 1.00000
v -6.58833 30.52973 -5.99886 0.49412 0.50588 0.49804 1.00000
v -2.40555 32.26025 -12.60576 0.49412 0.50588 0.49804 1.00000
v -2.69863 26.33313 -15.17582 0.49412 0.50588 0.49804 1.00000
v -4.97965 28.82076 -11.50742 0.49412 0.50588 0.49804 1.00000
v -7.70280 24.99559 -10.67260 0.49412 0.50588 0.49804 1.00000
v -7.40972 30.92272 -8.10254 0.49412 0.50588 0.49804 1.00000
v -12.39258 31.74103 -11.64311 0.49412 0.50588 0.49804 1.00000
v -13.06004 37.94312 -9.93711 0.49412 0.50588 0.49804 1.00000
v -9.91142 34.68075 -8.80920 0.49412 0.50588 0.49804 1.00000
v -7.49490 37.01230 -6.03693 0.49412 0.50588 0.49804 1.00000
v -6.82744 30.81021 -7.74292 0.49412 0.50588 0.49804 1.00000
v -7.96963 32.77402 -16.71147 0.49412 0.50588 0.49804 1.00000
v -8.10577 27.54241 -18.46428 0.49412 0.50588 0.49804 1.00000
v -8.71552 29.28404 -14.86514 0.49412 0.50588 0.49804 1.00000
v -9.35417 26.13122 -12.91219 0.49412 0.50588 0.49804 1.00000
v -9.21803 31.36283 -11.15937 0.49412 0.50588 0.49804 1.00000
v -11.77331 29.24809 -15.58724 0.49412 0.50588 0.49804 1.00000
v -16.57050 31.52303 -14.07984 0.49412 0.50588 0.49804 1.00000
v -12.88391 31.80811 -12.60450 0.49412 0.50588 0.49804 1.00000
v -13.57020 33.98357 -9.70475 0.49412 0.50588 0.49804 1.00000
v -8.77300 31.70863 -11.21215 0.49412 0.50588 0.49804 1.00000
v -12.54636 34.75605 -15.26449 0.49412 0.50588 0.49804 1.00000
v -7.99998 37.38044 -16.96850 0.49412 0.50588 0.49804 1.00000
v -8.44385 34.60956 -14.34327 0.49412 0.50588 0.49804 1.00000
v -4.61587 34.15829 -13.43302 0.49412 0.50588 0.49804 1.00000
v -9.16224 31.53391 -11.72901 0.49412 0.50588 0.49804 1.00000
v -3.74735 34.74678 -22.51765 0.49412 0.50588 0.49804 1.00000
v -3.46073 30.02085 -23.31250 0.49412 0.50588 0.49804 1.00000
v -5.32306 32.16502 -21.03972 0.49412 0.50588 0.49804 1.00000
v -6.86523 29.28758 -19.58308 0.49412 0.50588 0.49804 1.00000
v -7.15185 34.01352 -18.78823 0.49412 0.50588 0.49804 1.00000
v -5.56669 32.33431 -15.20315 0.49412 0.50588 0.49804 1.00000
v -7.38851 26.14028 -16.59123 0.49412 0.50588 0.49804 1.00000
v -7.41379 28.31289 -12.65173 0.49412 0.50588 0.49804 1.00000
v -9.38576 24.79895 -10.01763 0.49412 0.50588 0.49804 1.00000
v -7.56395 30.99298 -8.62955 0.49412 0.50588 0.49804 1.00000
v -7.49707 33.25659 -14.59784 0.49412 0.50588 0.49804 1.00000
v -8.86305 28.06526 -17.27662 0.49412 0.50588 0.49804 1.00000
v -8.70049 29.52577 -13.01029 0.49412 0.50588 0.49804 1.00000
v -9.85416 26.00099 -11.33329 0.49412 0.50588 0.49804 1.00000
v -8.48818 31.19233 -8.65451 0.49412 0.50588 0.49804 1.00000
v -14.55238 32.71785 -8.46262 0.49412 0.50588 0.49804 1.00000
v -12.98663 38.32101 -6.99816 0.49412 0.50588 0.49804 1.00000
v -10.61923 35.07959 -7.92358 0.49412 0.50588 0.49804 1.00000
v -6.82029 36.98883 -7.75223 0.49412 0.50588 0.49804 1.00000
v -8.38604 31.38567 -9.21669 0.49412 0.50588 0.49804 1.00000
v -8.34212 34.76570 -16.04569 0.49412 0.50588 0.49804 1.00000
v -9.86253 30.31997 -18.29381 0.49412 0.50588 0.49804 1.00000
v -9.99560 31.32842 -14.84984 0.49412 0.50588 0.49804 1.00000
v -11.52303 28.19662 -13.46876 0.49412 0.50588 0.49804 1.00000
v -10.00262 32.64234 -11.22063 0.49412 0.50588 0.49804 1.00000
v -14.08754 32.39976 -14.86359 0.49412 0.50588 0.49804 1.00000
v -17.22304 34.62735 -11.35123 0.49412 0.50588 0.49804 1.00000
v -13.76986 33.71135 -11.09465 0.49412 0.50588 0.49804 1.00000
v -13.15485 34.83289 -7.62527 0.49412 0.50588 0.49804 1.00000
v -10.01935 32.60529 -11.13763 0.49412 0.50588 0.49804 1.00000
v -12.80068 37.06541 -12.70189 0.49412 0.50588 0.49804 1.00000
v -8.28837 39.34720 -13.95196 0.49412 0.50588 0.49804 1.00000
v -8.94700 36.08431 -12.56068 0.49412 0.50588 0.49804 1.00000
v -5.48969 34.85999 -12.37132 0.49412 0.50588 0.49804 1.00000
v -10.00201 32.57820 -11.12125 0.49412 0.50588 0.49804 1.00000
v -15.60683 39.99230 -15.53691 0.49412 0.50588 0.49804 1.00000
v -19.18330 36.99784 -16.67026 0.49412 0.50588 0.49804 1.00000
v -16.04217 36.77698 -14.78567 0.49412 0.50588 0.49804 1.00000
v -16.78334 33.42637 -13.94091 0.49412 0.50588 0.49804 1.00000
v -13.20687 36.42081 -12.80756 0.49412 0.50588 0.49804 1.00000
v -3.81886 32.77450 -15.77699 0.49412 0.50588 0.49804 1.00000
v -3.48131 27.36701 -18.04304 0.49412 0.50588 0.49804 1.00000
v -6.60617 29.30651 -16.27776 0.49412 0.50588 0.49804 1.00000
v -9.43033 26.16325 -16.61222 0.49412 0.50588 0.49804 1.00000
v -9.76789 31.57075 -14.34617 0.49412 0.50588 0.49804 1.00000
v -4.29010 33.42074 -17.09888 0.49412 0.50588 0.49804 1.00000
v -3.86722 28.32883 -19.28803 0.49412 0.50588 0.49804 1.00000
v -6.71276 29.89477 -17.30554 0.49412 0.50588 0.49804 1.00000
v -9.23249 26.84258 -17.37277 0.49412 0.50588 0.49804 1.00000
v -9.65538 31.93448 -15.18362 0.49412 0.50588 0.49804 1.00000
v -13.49958 33.54698 -19.64146 0.49412 0.50588 0.49804 1.00000
v -13.65406 38.54422 -17.21196 0.49412 0.50588 0.49804 1.00000
v -11.81942 35.36401 -16.16111 0.49412 0.50588 0.49804 1.00000
v -9.94034 36.99254 -12.90518 0.49412 0.50588 0.49804 1.00000
v -9.78586 31.99530 -15.33469 0.49412 0.50588 0.49804 1.00000
v -5.86163 35.13787 -19.62552 0.49412 0.50588 0.49804 1.00000
v -4.62907 31.04093 -22.32600 0.49412 0.50588 0.49804 1.00000
v -7.13982 31.56570 -19.81643 0.49412 0.50588 0.49804 1.00000
v -8.44440 28.47758 -19.60175 0.49412 0.50588 0.49804 1.00000
v -9.67697 32.57452 -16.90127 0.49412 0.50588 0.49804 1.00000
v -8.82636 32.08230 -21.97355 0.49412 0.50588 0.49804 1.00000
v -13.25128 34.32672 -22.96322 0.49412 0.50588 0.49804 1.00000
v -11.47738 33.78691 -19.87478 0.49412 0.50588 0.49804 1.00000
v -13.70985 35.13333 -17.69073 0.49412 0.50588 0.49804 1.00000
v -9.28493 32.88891 -16.70105 0.49412 0.50588 0.49804 1.00000
v -8.91701 37.34564 -21.09468 0.49412 0.50588 0.49804 1.00000
v -4.85885 38.87037 -18.48635 0.49412 0.50588 0.49804 1.00000
v -7.20845 35.90799 -18.26889 0.49412 0.50588 0.49804 1.00000
v -5.16718 34.77348 -15.05639 0.49412 0.50588 0.49804 1.00000
v -9.22533 33.24875 -17.66471 0.49412 0.50588 0.49804 1.00000
v -8.35811 39.20367 -23.03524 0.49412 0.50588 0.49804 1.00000
v -8.96705 36.37822 -26.86761 0.49412 0.50588 0.49804 1.00000
v -9.27048 36.03445 -23.21013 0.49412 0.50588 0.49804 1.00000
v -10.34144 32.75175 -23.56501 0.49412 0.50588 0.49804 1.00000
v -9.73250 35.57721 -19.73264 0.49412 0.50588 0.49804 1.00000
v -3.60406 33.42838 -12.51350 0.49412 0.50588 0.49804 1.00000
v -1.70484 27.99336 -14.70251 0.49412 0.50588 0.49804 1.00000
v -5.61405 29.33846 -13.27293 0.49412 0.50588 0.49804 1.00000
v -7.74357 25.83225 -13.57767 0.49412 0.50588 0.49804 1.00000
v -9.64278 31.26727 -11.38867 0.49412 0.50588 0.49804 1.00000
v -2.93301 33.19625 -14.07487 0.49412 0.50588 0.49804 1.00000
v -2.45018 27.82976 -16.09339 0.49412 0.50588 0.49804 1.00000
v -5.54130 29.66896 -14.37897 0.49412 0.50588 0.49804 1.00000
v -8.20563 26.50534 -14.53847 0.49412 0.50588 0.49804 1.00000
v -8.68847 31.87184 -12.51996 0.49412 0.50588 0.49804 1.00000
v -11.45980 32.40966 -17.25805 0.49412 0.50588 0.49804 1.00000
v -12.56369 37.97010 -16.27332 0.49412 0.50588 0.49804 1.00000
v -10.46913 35.18972 -14.11793 0.49412 0.50588 0.49804 1.00000
v -9.56282 37.32490 -11.01170 0.49412 0.50588 0.49804 1.00000
v -8.45892 31.76446 -11.99643 0.49412 0.50588 0.49804 1.00000
v -3.20724 33.82377 -17.34133 0.49412 0.50588 0.49804 1.00000
v -2.64528 28.98302 -18.88939 0.49412 0.50588 0.49804 1.00000
v -5.29243 30.92995 -16.85622 0.49412 0.50588 0.49804 1.00000
v -7.37166 27.79569 -16.47094 0.49412 0.50588 0.49804 1.00000
v -7.93361 32.63645 -14.92288 0.49412 0.50588 0.49804 1.00000
v -7.98558 31.30591 -20.14010 0.49412 0.50588 0.49804 1.00000
v -12.44990 33.69489 -20.85270 0.49412 0.50588 0.49804 1.00000
v -10.03897 33.11472 -17.85478 0.49412 0.50588 0.49804 1.00000
v -12.36163 35.05210 -15.59124 0.49412 0.50588 0.49804 1.00000
v -7.89731 32.66311 -14.87864 0.49412 0.50588 0.49804 1.00000
v -7.79298 36.35882 -18.91336 0.49412 0.50588 0.49804 1.00000
v -3.83606 38.77759 -16.75990 0.49412 0.50588 0.49804 1.00000
v -6.04349 35.66543 -15.90694 0.49412 0.50588 0.49804 1.00000
v -3.93813 35.06699 -12.79416 0.49412 0.50588 0.49804 1.00000
v -7.89506 32.64822 -14.94763 0.49412 0.50588 0.49804 1.00000
v -5.11477 40.77448 -16.84094 0.49412 0.50588 0.49804 1.00000
v -3.07601 39.41941 -20.96992 0.49412 0.50588 0.49804 1.00000
v -5.32182 37.90149 -18.48367 0.49412 0.50588 0.49804 1.00000
v -5.50656 34.97490 -20.37774 0.49412 0.50588 0.49804 1.00000
v -7.54532 36.32997 -16.24876 0.49412 0.50588 0.49804 1.00000
v -1.35396 30.22973 -12.88904 0.49412 0.50588 0.49804 1.00000
v -2.33983 23.67336 -12.38236 0.49412 0.50588 0.49804 1.00000
v -4.66116 27.42014 -10.54200 0.49412 0.50588 0.49804 1.00000
v -7.91562 24.28965 -8.07862 0.49412 0.50588 0.49804 1.00000
v -6.92974 30.84603 -8.58530 0.49412 0.50588 0.49804 1.00000
v -2.71614 31.16762 -13.20448 0.49412 0.50588 0.49804 1.00000
v -2.34286 25.17251 -13.72876 0.49412 0.50588 0.49804 1.00000
v -4.98085 28.17419 -11.40950 0.49412 0.50588 0.49804 1.00000
v -7.34071 24.92404 -9.73553 0.49412 0.50588 0.49804 1.00000
v -7.71399 30.91915 -9.21125 0.49412 0.50588 0.49804 1.00000
v -12.53631 31.15690 -13.00678 0.49412 0.50588 0.49804 1.00000
v -12.81540 37.17991 -12.97501 0.49412 0.50588 0.49804 1.00000
v -10.17558 33.85263 -11.02809 0.49412 0.50588 0.49804 1.00000
v -7.64597 36.95829 -9.22931 0.49412 0.50588 0.49804 1.00000
v -7.36688 30.93529 -9.26108 0.49412 0.50588 0.49804 1.00000
v -1.35451 31.81581 -14.27250 0.49412 0.50588 0.49804 1.00000
v -1.77823 26.67734 -15.08143 0.49412 0.50588 0.49804 1.00000
v -4.17656 29.25516 -13.73013 0.49412 0.50588 0.49804 1.00000
v -6.93456 26.26963 -13.11119 0.49412 0.50588 0.49804 1.00000
v -6.51084 31.40810 -12.30226 0.49412 0.50588 0.49804 1.00000
v -5.95926 29.74569 -16.91588 0.49412 0.50588 0.49804 1.00000
v -10.11480 32.03839 -19.08678 0.49412 0.50588 0.49804 1.00000
v -8.58328 31.61785 -15.38986 0.49412 0.50588 0.49804 1.00000
v -11.30886 33.74121 -13.96173 0.49412 0.50588 0.49804 1.00000
v -7.15333 31.44851 -11.79083 0.49412 0.50588 0.49804 1.00000
v -5.13777 35.55025 -16.16284 0.49412 0.50588 0.49804 1.00000
v -2.01133 37.20861 -12.32710 0.49412 0.50588 0.49804 1.00000
v -4.56380 34.30560 -12.67880 0.49412 0.50588 0.49804 1.00000
v -3.74798 33.42405 -8.70837 0.49412 0.50588 0.49804 1.00000
v -6.87441 31.76568 -12.54411 0.49412 0.50588 0.49804 1.00000
v -8.15773 40.60318 -15.65515 0.49412 0.50588 0.49804 1.00000
v -12.65284 39.30987 -16.73390 0.49412 0.50588 0.49804 1.00000
v -10.27312 37.64157 -15.14402 0.49412 0.50588 0.49804 1.00000
v -12.26252 34.77165 -14.46061 0.49412 0.50588 0.49804 1.00000
v -7.76740 36.06497 -13.38187 0.49412 0.50588 0.49804 1.00000
v -11.12474 30.33787 -8.20392 0.49412 0.50588 0.49804 1.00000
v -11.83438 23.25250 -9.69178 0.49412 0.50588 0.49804 1.00000
v -10.14443 26.10105 -5.38060 0.49412 0.50588 0.49804 1.00000
v -9.05179 22.21095 -2.55424 0.49412 0.50588 0.49804 1.00000
v -8.34216 29.29632 -1.06638 0.49412 0.50588 0.49804 1.00000
v -14.02736 29.99255 -8.58426 0.49412 0.50588 0.49804 1.00000
v -14.89069 23.49805 -8.25630 0.49412 0.50588 0.49804 1.00000
v -12.85990 26.31844 -5.35375 0.49412 0.50588 0.49804 1.00000
v -11.72504 22.97274 -2.07081 0.49412 0.50588 0.49804 1.00000
v -10.86172 29.46724 -2.39877 0.49412 0.50588 0.49804 1.00000
v -16.40578 31.09815 2.58834 0.49412 0.50588 0.49804 1.00000
v -14.42703 37.31770 1.93022 0.49412 0.50588 0.49804 1.00000
v -12.85340 33.32693 0.06860 0.49412 0.50588 0.49804 1.00000
v -9.22927 35.80014 -2.46129 0.49412 0.50588 0.49804 1.00000
v -11.20802 29.58060 -1.80317 0.49412 0.50588 0.49804 1.00000
v -21.47169 28.03067 -3.01384 0.49412 0.50588 0.49804 1.00000
v -19.97480 22.69805 -2.76908 0.49412 0.50588 0.49804 1.00000
v -18.14494 26.35130 -1.85431 0.49412 0.50588 0.49804 1.00000
v -14.60082 23.98233 -0.84302 0.49412 0.50588 0.49804 1.00000
v -16.09771 29.31495 -1.08778 0.49412 0.50588 0.49804 1.00000
v -19.00987 26.08987 2.26210 0.49412 0.50588 0.49804 1.00000
v -17.64850 28.74259 6.93620 0.49412 0.50588 0.49804 1.00000
v -16.59295 29.01894 2.84272 0.49412 0.50588 0.49804 1.00000
v -14.07509 32.12728 3.70820 0.49412 0.50588 0.49804 1.00000
v -15.43646 29.47456 -0.96590 0.49412 0.50588 0.49804 1.00000
v -19.40285 30.71900 2.41031 0.49412 0.50588 0.49804 1.00000
v -22.04762 33.75994 -1.39696 0.49412 0.50588 0.49804 1.00000
v -18.70260 31.58191 -1.54391 0.49412 0.50588 0.49804 1.00000
v -17.67991 32.32139 -5.05880 0.49412 0.50588 0.49804 1.00000
v -15.03514 29.28045 -1.25153 0.49412 0.50588 0.49804 1.00000
v -19.86343 34.47261 -13.08068 0.49412 0.50588 0.49804 1.00000
v -20.68939 29.83850 -14.02484 0.49412 0.50588 0.49804 1.00000
v -19.84680 31.55031 -11.10627 0.49412 0.50588 0.49804 1.00000
v -19.82528 28.32881 -9.23006 0.49412 0.50588 0.49804 1.00000
v -18.99933 32.96291 -8.28591 0.49412 0.50588 0.49804 1.00000
v -11.00874 31.79374 -7.78280 0.49412 0.50588 0.49804 1.00000
v -14.50476 25.96617 -9.57283 0.49412 0.50588 0.49804 1.00000
v -11.86957 27.35683 -5.37365 0.49412 0.50588 0.49804 1.00000
v -12.28269 23.34377 -2.95425 0.49412 0.50588 0.49804 1.00000
v -8.78667 29.17135 -1.16421 0.49412 0.50588 0.49804 1.00000
v -14.14682 31.16096 -8.00281 0.49412 0.50588 0.49804 1.00000
v -16.03343 25.33266 -7.23881 0.49412 0.50588 0.49804 1.00000
v -13.27223 27.87923 -4.91553 0.49412 0.50588 0.49804 1.00000
v -12.51112 24.30306 -1.80749 0.49412 0.50588 0.49804 1.00000
v -10.62452 30.13136 -2.57150 0.49412 0.50588 0.49804 1.00000
v -15.11649 32.72483 2.41003 0.49412 0.50588 0.49804 1.00000
v -11.77149 37.90167 2.05892 0.49412 0.50588 0.49804 1.00000
v -11.25742 33.98245 0.18315 0.49412 0.50588 0.49804 1.00000
v -7.29609 35.39568 -2.03732 0.49412 0.50588 0.49804 1.00000
v -10.64109 30.21884 -1.68622 0.49412 0.50588 0.49804 1.00000
v -16.61482 33.55704 -6.17346 0.49412 0.50588 0.49804 1.00000
v -19.02212 28.84557 -6.20900 0.49412 0.50588 0.49804 1.00000
v -16.15434 29.96293 -4.29818 0.49412 0.50588 0.49804 1.00000
v -15.58633 26.76806 -2.28988 0.49412 0.50588 0.49804 1.00000
v -13.17903 31.47954 -2.25434 0.49412 0.50588 0.49804 1.00000
v -18.64715 30.82579 -0.69720 0.49412 0.50588 0.49804 1.00000
v -17.37898 33.20963 3.85289 0.49412 0.50588 0.49804 1.00000
v -15.28714 32.38655 1.01611 0.49412 0.50588 0.49804 1.00000
v -12.00605 33.83587 2.36258 0.49412 0.50588 0.49804 1.00000
v -13.27422 31.45202 -2.18752 0.49412 0.50588 0.49804 1.00000
v -16.50908 36.08209 -0.98067 0.49412 0.50588 0.49804 1.00000
v -14.87488 38.06771 -5.60463 0.49412 0.50588 0.49804 1.00000
v -13.96952 34.96680 -3.97329 0.49412 0.50588 0.49804 1.00000
v -11.64727 33.63675 -6.80319 0.49412 0.50588 0.49804 1.00000
v -13.28147 31.65114 -2.17923 0.49412 0.50588 0.49804 1.00000
v -22.58019 35.74812 -1.17432 0.49412 0.50588 0.49804 1.00000
v -24.01562 31.21078 -0.54516 0.49412 0.50588 0.49804 1.00000
v -20.81488 32.92447 -0.66659 0.49412 0.50588 0.49804 1.00000
v -19.25306 29.51567 -0.23814 0.49412 0.50588 0.49804 1.00000
v -17.81763 34.05301 -0.86729 0.49412 0.50588 0.49804 1.00000
v -20.92792 30.39183 -6.37657 0.49412 0.50588 0.49804 1.00000
v -23.30834 24.94949 -5.21152 0.49412 0.50588 0.49804 1.00000
v -20.40979 27.52311 -3.06136 0.49412 0.50588 0.49804 1.00000
v -19.96309 24.07868 0.19542 0.49412 0.50588 0.49804 1.00000
v -17.58267 29.52102 -0.96962 0.49412 0.50588 0.49804 1.00000
v -21.03493 31.52270 -5.78597 0.49412 0.50588 0.49804 1.00000
v -23.74768 26.55227 -5.34823 0.49412 0.50588 0.49804 1.00000
v -21.06468 28.19017 -2.99586 0.49412 0.50588 0.49804 1.00000
v -21.01108 25.07394 -0.18135 0.49412 0.50588 0.49804 1.00000
v -18.29833 30.04437 -0.61909 0.49412 0.50588 0.49804 1.00000
v -21.85562 31.31841 3.42318 0.49412 0.50588 0.49804 1.00000
v -19.66046 36.49268 4.23808 0.49412 0.50588 0.49804 1.00000
v -18.68866 33.38114 1.68843 0.49412 0.50588 0.49804 1.00000
v -15.59140 34.98968 0.05136 0.49412 0.50588 0.49804 1.00000
v -17.78656 29.81542 -0.76355 0.49412 0.50588 0.49804 1.00000
v -23.99044 33.27050 -4.14224 0.49412 0.50588 0.49804 1.00000
v -26.60822 28.90674 -4.16706 0.49412 0.50588 0.49804 1.00000
v -23.44991 30.35916 -2.33088 0.49412 0.50588 0.49804 1.00000
v -23.16720 27.07320 -0.44542 0.49412 0.50588 0.49804 1.00000
v -20.54942 31.43697 -0.42060 0.49412 0.50588 0.49804 1.00000
v -25.88450 31.31802 1.33192 0.49412 0.50588 0.49804 1.00000
v -24.17426 33.50940 5.59441 0.49412 0.50588 0.49804 1.00000
v -22.41852 32.42821 2.78306 0.49412 0.50588 0.49804 1.00000
v -19.04300 33.60556 3.93116 0.49412 0.50588 0.49804 1.00000
v -20.75324 31.41418 -0.33133 0.49412 0.50588 0.49804 1.00000
v -23.51303 34.77097 1.21448 0.49412 0.50588 0.49804 1.00000
v -22.92829 37.83054 -2.80957 0.49412 0.50588 0.49804 1.00000
v -21.52805 34.49208 -1.89512 0.49412 0.50588 0.49804 1.00000
v -19.54018 34.03965 -4.61865 0.49412 0.50588 0.49804 1.00000
v -20.12492 30.98008 -0.59460 0.49412 0.50588 0.49804 1.00000
v -25.29973 38.48700 0.80320 0.49412 0.50588 0.49804 1.00000
v -28.51758 36.10429 3.45071 0.49412 0.50588 0.49804 1.00000
v -25.25740 35.35476 1.96157 0.49412 0.50588 0.49804 1.00000
v -25.36746 32.09509 3.38129 0.49412 0.50588 0.49804 1.00000
v -22.14960 34.47779 0.73378 0.49412 0.50588 0.49804 1.00000
v -16.44404 29.00500 -8.24616 0.49412 0.50588 0.49804 1.00000
v -16.94910 22.85356 -7.39586 0.49412 0.50588 0.49804 1.00000
v -15.94786 26.44783 -4.62950 0.49412 0.50588 0.49804 1.00000
v -15.40416 23.32086 -0.98944 0.49412 0.50588 0.49804 1.00000
v -14.89910 29.47230 -1.83975 0.49412 0.50588 0.49804 1.00000
v -17.35110 30.08909 -7.49673 0.49412 0.50588 0.49804 1.00000
v -18.15866 24.43169 -8.00622 0.49412 0.50588 0.49804 1.00000
v -16.88329 27.22588 -4.83303 0.49412 0.50588 0.49804 1.00000
v -16.70679 23.99825 -2.11369 0.49412 0.50588 0.49804 1.00000
v -15.89923 29.65565 -1.60420 0.49412 0.50588 0.49804 1.00000
v -20.96604 30.04076 1.14081 0.49412 0.50588 0.49804 1.00000
v -20.66331 35.73986 1.72940 0.49412 0.50588 0.49804 1.00000
v -18.14992 32.58987 -0.00377 0.49412 0.50588 0.49804 1.00000
v -15.37406 35.35305 -1.26455 0.49412 0.50588 0.49804 1.00000
v -15.67678 29.65394 -1.85315 0.49412 0.50588 0.49804 1.00000
v -17.80753 32.82202 -7.86707 0.49412 0.50588 0.49804 1.00000
v -19.83756 28.58375 -9.87317 0.49412 0.50588 0.49804 1.00000
v -19.08293 29.36185 -6.52293 0.49412 0.50588 0.49804 1.00000
v -20.26353 26.26411 -4.99117 0.49412 0.50588 0.49804 1.00000
v -18.23351 30.50238 -2.98507 0.49412 0.50588 0.49804 1.00000
v -22.00289 30.58828 -6.05541 0.49412 0.50588 0.49804 1.00000
v -24.99760 32.83807 -2.58000 0.49412 0.50588 0.49804 1.00000
v -21.54777 31.82687 -2.43178 0.49412 0.50588 0.49804 1.00000
v -20.81060 32.68785 0.82636 0.49412 0.50588 0.49804 1.00000
v -17.81589 30.43806 -2.64906 0.49412 0.50588 0.49804 1.00000
v -21.39086 34.08809 -3.79335 0.49412 0.50588 0.49804 1.00000
v -17.97777 37.07839 -6.14225 0.49412 0.50588 0.49804 1.00000
v -17.79550 33.64880 -4.66000 0.49412 0.50588 0.49804 1.00000
v -14.46478 33.05810 -5.20182 0.49412 0.50588 0.49804 1.00000
v -17.87786 30.06780 -2.85292 0.49412 0.50588 0.49804 1.00000
v -22.26261 38.24531 -4.38599 0.49412 0.50588 0.49804 1.00000
v -26.47649 36.52545 -2.86050 0.49412 0.50588 0.49804 1.00000
v -23.48609 35.10275 -2.91064 0.49412 0.50588 0.49804 1.00000
v -24.36362 32.10489 -1.47515 0.49412 0.50588 0.49804 1.00000
v -20.14974 33.82474 -3.00065 0.49412 0.50588 0.49804 1.00000
v -15.47564 27.33381 -6.94286 0.49412 0.50588 0.49804 1.00000
v -14.63036 21.84045 -4.56963 0.49412 0.50588 0.49804 1.00000
v -15.99103 25.70520 -2.88614 0.49412 0.50588 0.49804 1.00000
v -16.30265 23.66151 1.34903 0.49412 0.50588 0.49804 1.00000
v -17.14794 29.15487 -1.02420 0.49412 0.50588 0.49804 1.00000
v -16.59953 27.91563 -7.19319 0.49412 0.50588 0.49804 1.00000
v -15.67826 22.54694 -5.61020 0.49412 0.50588 0.49804 1.00000
v -16.72384 25.67887 -3.48403 0.49412 0.50588 0.49804 1.00000
v -17.04591 23.60766 0.15754 0.49412 0.50588 0.49804 1.00000
v -17.96717 28.97635 -1.42545 0.49412 0.50588 0.49804 1.00000
v -24.69482 28.71853 -1.32191 0.49412 0.50588 0.49804 1.00000
v -24.45765 34.29261 -2.34703 0.49412 0.50588 0.49804 1.00000
v -21.55761 31.38260 -1.81129 0.49412 0.50588 0.49804 1.00000
v -18.44718 34.54618 -2.22624 0.49412 0.50588 0.49804 1.00000
v -18.68435 28.97211 -1.20112 0.49412 0.50588 0.49804 1.00000
v -20.23638 26.32582 -8.59934 0.49412 0.50588 0.49804 1.00000
v -19.18829 21.77064 -6.59318 0.49412 0.50588 0.49804 1.00000
v -19.58835 25.09855 -5.10575 0.49412 0.50588 0.49804 1.00000
v -18.83452 23.58675 -1.51875 0.49412 0.50588 0.49804 1.00000
v -19.88261 28.14192 -3.52491 0.49412 0.50588 0.49804 1.00000
v -23.68684 24.58609 -4.27081 0.49412 0.50588 0.49804 1.00000
v -27.13567 27.17997 -1.57821 0.49412 0.50588 0.49804 1.00000
v -23.35858 27.56375 -2.41003 0.49412 0.50588 0.49804 1.00000
v -23.36762 30.83805 -0.35924 0.49412 0.50588 0.49804 1.00000
v -19.91879 28.24417 -3.05184 0.49412 0.50588 0.49804 1.00000
v -24.23399 29.35408 -6.96737 0.49412 0.50588 0.49804 1.00000
v -20.63189 31.65323 -9.72627 0.49412 0.50588 0.49804 1.00000
v -20.60118 29.86056 -6.45798 0.49412 0.50588 0.49804 1.00000
v -16.69759 30.69069 -6.16985 0.49412 0.50588 0.49804 1.00000
v -20.29969 28.39154 -3.41094 0.49412 0.50588 0.49804 1.00000
v -25.22340 32.43299 -8.33004 0.49412 0.50588 0.49804 1.00000
v -27.43341 28.35493 -9.56551 0.49412 0.50588 0.49804 1.00000
v -24.87673 29.41758 -7.09964 0.49412 0.50588 0.49804 1.00000
v -24.81618 26.00638 -5.90132 0.49412 0.50588 0.49804 1.00000
v -22.60616 30.08445 -4.66586 0.49412 0.50588 0.49804 1.00000
v -13.49217 31.01502 4.47625 0.49412 0.50588 0.49804 1.00000
v -14.04857 23.88791 5.96399 0.49412 0.50588 0.49804 1.00000
v -9.96847 26.76935 5.54337 0.49412 0.50588 0.49804 1.00000
v -6.38853 23.07921 6.72468 0.49412 0.50588 0.49804 1.00000
v -5.83213 30.20631 5.23694 0.49412 0.50588 0.49804 1.00000
v -12.74553 32.55076 6.86876 0.49412 0.50588 0.49804 1.00000
v -15.15027 26.53898 8.03608 0.49412 0.50588 0.49804 1.00000
v -10.68055 28.29078 7.63014 0.49412 0.50588 0.49804 1.00000
v -8.48035 24.48535 8.21561 0.49412 0.50588 0.49804 1.00000
v -6.07561 30.49714 7.04828 0.49412 0.50588 0.49804 1.00000
v -5.31323 31.68531 13.94827 0.49412 0.50588 0.49804 1.00000
v -4.46394 38.05935 12.55640 0.49412 0.50588 0.49804 1.00000
v -5.54964 34.57600 9.83121 0.49412 0.50588 0.49804 1.00000
v -5.93416 37.09179 5.79199 0.49412 0.50588 0.49804 1.00000
v -6.78344 30.71775 7.18386 0.49412 0.50588 0.49804 1.00000
v -9.79405 31.99079 16.90127 0.49412 0.50588 0.49804 1.00000
v -9.13698 26.52055 17.19767 0.49412 0.50588 0.49804 1.00000
v -7.80110 29.38723 14.62866 0.49412 0.50588 0.49804 1.00000
v -5.88956 26.32168 12.32657 0.49412 0.50588 0.49804 1.00000
v -6.54663 31.79191 12.03017 0.49412 0.50588 0.49804 1.00000
v -4.17624 29.91901 16.58929 0.49412 0.50588 0.49804 1.00000
v 0.63296 32.51418 15.82790 0.49412 0.50588 0.49804 1.00000
v -2.94301 31.99581 13.63832 0.49412 0.50588 0.49804 1.00000
v -1.50103 34.39132 10.70775 0.49412 0.50588 0.49804 1.00000
v -6.31023 31.79614 11.46915 0.49412 0.50588 0.49804 1.00000
v -4.02808 34.15514 15.67342 0.49412 0.50588 0.49804 1.00000
v -8.45910 37.36246 16.39605 0.49412 0.50588 0.49804 1.00000
v -7.75315 34.55495 13.82601 0.49412 0.50588 0.49804 1.00000
v -10.88542 34.69739 11.81575 0.49412 0.50588 0.49804 1.00000
v -6.45439 31.49007 11.09311 0.49412 0.50588 0.49804 1.00000
v -21.48783 34.05988 16.43066 0.49412 0.50588 0.49804 1.00000
v -21.64995 29.28021 16.85148 0.49412 0.50588 0.49804 1.00000
v -19.05254 31.53801 16.21212 0.49412 0.50588 0.49804 1.00000
v -16.67688 28.64432 15.94097 0.49412 0.50588 0.49804 1.00000
v -16.51476 33.42398 15.52015 0.49412 0.50588 0.49804 1.00000
v -11.06879 34.61176 15.05356 0.49412 0.50588 0.49804 1.00000
v -12.28840 30.09108 18.70168 0.49412 0.50588 0.49804 1.00000
v -9.00457 30.81746 16.18847 0.49412 0.50588 0.49804 1.00000
v -6.93398 27.41772 16.79572 0.49412 0.50588 0.49804 1.00000
v -5.71437 31.93841 13.14760 0.49412 0.50588 0.49804 1.00000
v -11.36699 34.44813 16.80861 0.49412 0.50588 0.49804 1.00000
v -11.57703 29.70693 19.78726 0.49412 0.50588 0.49804 1.00000
v -8.95521 31.34876 16.87459 0.49412 0.50588 0.49804 1.00000
v -6.48276 27.99195 17.22398 0.49412 0.50588 0.49804 1.00000
v -6.27272 32.73315 14.24533 0.49412 0.50588 0.49804 1.00000
v -2.09785 35.79564 18.10011 0.49412 0.50588 0.49804 1.00000
v -2.53614 40.04963 14.47978 0.49412 0.50588 0.49804 1.00000
v -4.22249 36.42825 14.55046 0.49412 0.50588 0.49804 1.00000
v -6.38604 37.21511 10.92116 0.49412 0.50588 0.49804 1.00000
v -5.94775 32.96112 14.54149 0.49412 0.50588 0.49804 1.00000
v -10.36978 35.90628 20.13793 0.49412 0.50588 0.49804 1.00000
v -9.98392 31.32356 22.28285 0.49412 0.50588 0.49804 1.00000
v -8.31097 32.91527 19.38390 0.49412 0.50588 0.49804 1.00000
v -6.31887 29.60427 18.71676 0.49412 0.50588 0.49804 1.00000
v -6.70474 34.18698 16.57184 0.49412 0.50588 0.49804 1.00000
v -4.87166 34.67972 21.85486 0.49412 0.50588 0.49804 1.00000
v -0.61812 36.73007 19.99628 0.49412 0.50588 0.49804 1.00000
v -3.49664 35.36244 18.36026 0.49412 0.50588 0.49804 1.00000
v -2.04987 36.13059 14.82891 0.49412 0.50588 0.49804 1.00000
v -6.30342 34.08025 16.68749 0.49412 0.50588 0.49804 1.00000
v -5.57839 38.69010 19.09193 0.49412 0.50588 0.49804 1.00000
v -9.89273 40.63785 17.26338 0.49412 0.50588 0.49804 1.00000
v -7.92350 37.30775 16.88577 0.49412 0.50588 0.49804 1.00000
v -10.71770 36.07930 14.53615 0.49412 0.50588 0.49804 1.00000
v -6.40336 34.13155 16.36470 0.49412 0.50588 0.49804 1.00000
v -5.75566 39.21293 23.74698 0.49412 0.50588 0.49804 1.00000
v -4.76629 35.41272 26.50754 0.49412 0.50588 0.49804 1.00000
v -5.13616 36.12062 22.88165 0.49412 0.50588 0.49804 1.00000
v -4.29808 32.71860 22.22307 0.49412 0.50588 0.49804 1.00000
v -5.28746 36.51881 19.46252 0.49412 0.50588 0.49804 1.00000
v -12.50805 33.18645 12.55779 0.49412 0.50588 0.49804 1.00000
v -12.69610 28.06670 16.17025 0.49412 0.50588 0.49804 1.00000
v -9.58654 30.00672 13.08986 0.49412 0.50588 0.49804 1.00000
v -6.61932 26.43204 14.02976 0.49412 0.50588 0.49804 1.00000
v -6.43128 31.55180 10.41729 0.49412 0.50588 0.49804 1.00000
v -10.80895 34.95669 13.35304 0.49412 0.50588 0.49804 1.00000
v -12.14816 30.94867 17.27081 0.49412 0.50588 0.49804 1.00000
v -9.05257 31.34523 14.34926 0.49412 0.50588 0.49804 1.00000
v -7.27118 27.96934 15.08807 0.49412 0.50588 0.49804 1.00000
v -5.93197 31.97736 11.17029 0.49412 0.50588 0.49804 1.00000
v -1.91886 34.65799 15.09940 0.49412 0.50588 0.49804 1.00000
v -1.91456 39.15391 11.49478 0.49412 0.50588 0.49804 1.00000
v -4.04776 35.88723 11.36192 0.49412 0.50588 0.49804 1.00000
v -6.31318 36.86606 7.92819 0.49412 0.50588 0.49804 1.00000
v -6.31748 32.37014 11.53281 0.49412 0.50588 0.49804 1.00000
v -11.26287 37.30062 14.03548 0.49412 0.50588 0.49804 1.00000
v -13.12225 33.93646 17.41457 0.49412 0.50588 0.49804 1.00000
v -10.13093 33.85390 15.60664 0.49412 0.50588 0.49804 1.00000
v -8.73452 30.79148 16.94623 0.49412 0.50588 0.49804 1.00000
v -6.87514 34.15564 13.56714 0.49412 0.50588 0.49804 1.00000
v -7.64596 35.50445 19.03881 0.49412 0.50588 0.49804 1.00000
v -2.79480 37.13519 19.02783 0.49412 0.50588 0.49804 1.00000
v -4.74240 35.66879 16.43567 0.49412 0.50588 0.49804 1.00000
v -2.08652 35.87049 13.78888 0.49412 0.50588 0.49804 1.00000
v -6.93768 34.23974 13.79986 0.49412 0.50588 0.49804 1.00000
v -6.30413 38.28059 16.17323 0.49412 0.50588 0.49804 1.00000
v -9.30330 40.91676 12.97186 0.49412 0.50588 0.49804 1.00000
v -8.34126 37.45006 12.99339 0.49412 0.50588 0.49804 1.00000
v -9.92171 36.37320 10.10644 0.49412 0.50588 0.49804 1.00000
v -6.92254 33.73703 13.30780 0.49412 0.50588 0.49804 1.00000
v -7.70594 42.54182 18.49958 0.49412 0.50588 0.49804 1.00000
v -6.22315 39.85887 22.19348 0.49412 0.50588 0.49804 1.00000
v -6.52388 39.27212 18.72324 0.49412 0.50588 0.49804 1.00000
v -5.38357 35.72174 19.35084 0.49412 0.50588 0.49804 1.00000
v -6.86636 38.40470 15.65693 0.49412 0.50588 0.49804 1.00000
v -11.52110 33.75985 11.90485 0.49412 0.50588 0.49804 1.00000
v -13.84057 28.36334 12.89987 0.49412 0.50588 0.49804 1.00000
v -9.79031 29.95116 13.10601 0.49412 0.50588 0.49804 1.00000
v -7.91721 26.52990 14.15881 0.49412 0.50588 0.49804 1.00000
v -5.59774 31.92642 13.16379 0.49412 0.50588 0.49804 1.00000
v -12.81491 33.25517 12.72915 0.49412 0.50588 0.49804 1.00000
v -13.59854 27.81868 13.91196 0.49412 0.50588 0.49804 1.00000
v -10.31471 29.97831 13.81866 0.49412 0.50588 0.49804 1.00000
v -7.77594 26.94952 14.93294 0.49412 0.50588 0.49804 1.00000
v -6.99231 32.38601 13.75013 0.49412 0.50588 0.49804 1.00000
v -6.58679 32.89060 19.30303 0.49412 0.50588 0.49804 1.00000
v -5.51663 38.39820 19.00358 0.49412 0.50588 0.49804 1.00000
v -6.20214 35.50008 16.16787 0.49412 0.50588 0.49804 1.00000
v -5.80641 37.82531 13.06001 0.49412 0.50588 0.49804 1.00000
v -6.87657 32.31771 13.35946 0.49412 0.50588 0.49804 1.00000
v -13.70857 33.98306 16.00149 0.49412 0.50588 0.49804 1.00000
v -14.69145 29.10284 17.01234 0.49412 0.50588 0.49804 1.00000
v -11.54923 31.22377 16.11114 0.49412 0.50588 0.49804 1.00000
v -9.40982 28.15262 16.51241 0.49412 0.50588 0.49804 1.00000
v -8.42693 33.03284 15.50157 0.49412 0.50588 0.49804 1.00000
v -10.57616 31.36508 20.13488 0.49412 0.50588 0.49804 1.00000
v -6.90178 33.82684 22.63351 0.49412 0.50588 0.49804 1.00000
v -7.51318 33.50775 19.16092 0.49412 0.50588 0.49804 1.00000
v -4.75641 35.48779 17.97919 0.49412 0.50588 0.49804 1.00000
v -8.43079 33.02602 15.48056 0.49412 0.50588 0.49804 1.00000
v -9.90636 35.70593 19.31589 0.49412 0.50588 0.49804 1.00000
v -12.99653 38.70826 16.62491 0.49412 0.50588 0.49804 1.00000
v -10.72566 35.76456 15.80525 0.49412 0.50588 0.49804 1.00000
v -11.37426 35.75806 12.40372 0.49412 0.50588 0.49804 1.00000
v -8.28408 32.75574 15.09469 0.49412 0.50588 0.49804 1.00000
v -11.89188 40.81627 16.34731 0.49412 0.50588 0.49804 1.00000
v -15.73455 39.52372 18.91722 0.49412 0.50588 0.49804 1.00000
v -12.96480 37.79428 18.03028 0.49412 0.50588 0.49804 1.00000
v -13.70335 34.88707 19.32375 0.49412 0.50588 0.49804 1.00000
v -9.86069 36.17961 16.75384 0.49412 0.50588 0.49804 1.00000
v -14.08556 28.57454 8.13960 0.49412 0.50588 0.49804 1.00000
v -12.02154 22.45983 6.35254 0.49412 0.50588 0.49804 1.00000
v -9.73887 26.83003 7.26165 0.49412 0.50588 0.49804 1.00000
v -5.24521 24.49604 5.93814 0.49412 0.50588 0.49804 1.00000
v -7.30922 30.61075 7.72521 0.49412 0.50588 0.49804 1.00000
v -13.32687 29.75253 9.62114 0.49412 0.50588 0.49804 1.00000
v -12.84038 23.86723 8.25698 0.49412 0.50588 0.49804 1.00000
v -9.92836 26.94150 8.28419 0.49412 0.50588 0.49804 1.00000
v -6.53608 24.61210 7.24152 0.49412 0.50588 0.49804 1.00000
v -7.02256 30.49739 8.60569 0.49412 0.50588 0.49804 1.00000
v -3.98271 29.62810 14.58261 0.49412 0.50588 0.49804 1.00000
v -4.96817 35.54445 15.45434 0.49412 0.50588 0.49804 1.00000
v -5.92525 33.13749 12.20139 0.49412 0.50588 0.49804 1.00000
v -7.93892 36.35983 9.80972 0.49412 0.50588 0.49804 1.00000
v -6.95347 30.44348 8.93798 0.49412 0.50588 0.49804 1.00000
v -14.63355 28.42244 10.90111 0.49412 0.50588 0.49804 1.00000
v -12.99856 23.47819 10.42104 0.49412 0.50588 0.49804 1.00000
v -11.17448 26.82430 10.78057 0.49412 0.50588 0.49804 1.00000
v -7.61305 24.80878 10.43903 0.49412 0.50588 0.49804 1.00000
v -9.24804 29.75303 10.91910 0.49412 0.50588 0.49804 1.00000
v -10.67499 26.29342 14.82531 0.49412 0.50588 0.49804 1.00000
v -7.93300 29.03188 18.33695 0.49412 0.50588 0.49804 1.00000
v -8.21169 29.47313 14.77637 0.49412 0.50588 0.49804 1.00000
v -5.98596 32.53780 14.49532 0.49412 0.50588 0.49804 1.00000
v -8.72795 29.79934 10.98368 0.49412 0.50588 0.49804 1.00000
v -11.10755 30.72249 15.23307 0.49412 0.50588 0.49804 1.00000
v -14.87487 33.47169 12.86697 0.49412 0.50588 0.49804 1.00000
v -11.83644 31.71407 11.54324 0.49412 0.50588 0.49804 1.00000
v -12.17870 32.54317 8.10977 0.49412 0.50588 0.49804 1.00000
v -8.41138 29.79397 10.47587 0.49412 0.50588 0.49804 1.00000
v -12.89556 36.61014 15.26361 0.49412 0.50588 0.49804 1.00000
v -15.19271 34.51772 18.92249 0.49412 0.50588 0.49804 1.00000
v -12.81056 33.40904 16.49393 0.49412 0.50588 0.49804 1.00000
v -12.69302 30.29106 17.52848 0.49412 0.50588 0.49804 1.00000
v -10.39588 32.38347 13.86961 0.49412 0.50588 0.49804 1.00000
v -12.36106 29.90322 9.21166 0.49412 0.50588 0.49804 1.00000
v -9.61523 24.93306 6.89215 0.49412 0.50588 0.49804 1.00000
v -7.98875 28.18543 9.06803 0.49412 0.50588 0.49804 1.00000
v -3.75400 26.65687 9.15537 0.49412 0.50588 0.49804 1.00000
v -6.49983 31.62702 11.47487 0.49412 0.50588 0.49804 1.00000
v -12.67310 27.90091 10.74054 0.49412 0.50588 0.49804 1.00000
v -9.41947 23.68028 8.61929 0.49412 0.50588 0.49804 1.00000
v -8.60021 27.39169 10.56930 0.49412 0.50588 0.49804 1.00000
v -4.24502 26.54589 10.02588 0.49412 0.50588 0.49804 1.00000
v -7.49865 30.76652 12.14713 0.49412 0.50588 0.49804 1.00000
v -6.00914 28.17380 16.78329 0.49412 0.50588 0.49804 1.00000
v -8.12046 32.29930 20.16294 0.49412 0.50588 0.49804 1.00000
v -7.78789 32.01196 16.09459 0.49412 0.50588 0.49804 1.00000
v -9.16119 35.46870 15.08936 0.49412 0.50588 0.49804 1.00000
v -7.04987 31.34320 11.70971 0.49412 0.50588 0.49804 1.00000
v -13.20421 28.11098 14.35709 0.49412 0.50588 0.49804 1.00000
v -12.28733 23.46355 12.44782 0.49412 0.50588 0.49804 1.00000
v -10.08702 26.28359 13.11325 0.49412 0.50588 0.49804 1.00000
v -7.14253 25.02682 11.92242 0.49412 0.50588 0.49804 1.00000
v -8.05941 29.67426 13.83168 0.49412 0.50588 0.49804 1.00000
v -8.68212 24.55514 16.64987 0.49412 0.50588 0.49804 1.00000
v -6.49789 27.01256 20.55818 0.49412 0.50588 0.49804 1.00000
v -7.46924 28.18847 17.35049 0.49412 0.50588 0.49804 1.00000
v -6.40973 31.75122 17.91216 0.49412 0.50588 0.49804 1.00000
v -8.59395 29.29380 14.00385 0.49412 0.50588 0.49804 1.00000
v -11.52932 28.82088 18.70432 0.49412 0.50588 0.49804 1.00000
v -15.46671 30.97441 16.26631 0.49412 0.50588 0.49804 1.00000
v -12.12708 30.30998 15.17929 0.49412 0.50588 0.49804 1.00000
v -12.65220 31.59928 11.66646 0.49412 0.50588 0.49804 1.00000
v -8.71481 29.44574 14.10447 0.49412 0.50588 0.49804 1.00000
v -14.80904 33.03678 19.51674 0.49412 0.50588 0.49804 1.00000
v -15.62011 28.54196 20.99323 0.49412 0.50588 0.49804 1.00000
v -13.18912 30.12095 18.84997 0.49412 0.50588 0.49804 1.00000
v -11.72587 26.73463 18.27284 0.49412 0.50588 0.49804 1.00000
v -10.91480 31.22945 16.79635 0.49412 0.50588 0.49804 1.00000
v -3.95390 32.79856 11.92684 0.49412 0.50588 0.49804 1.00000
v -3.47769 26.28150 14.48929 0.49412 0.50588 0.49804 1.00000
v -1.03822 29.17498 10.63838 0.49412 0.50588 0.49804 1.00000
v 2.07317 25.13145 9.65919 0.49412 0.50588 0.49804 1.00000
v 1.59696 31.64852 7.09675 0.49412 0.50588 0.49804 1.00000
v -2.86935 33.27698 13.36225 0.49412 0.50588 0.49804 1.00000
v -3.15917 27.11162 14.90146 0.49412 0.50588 0.49804 1.00000
v -0.52237 29.85712 11.88276 0.49412 0.50588 0.49804 1.00000
v 1.94789 26.24133 10.57028 0.49412 0.50588 0.49804 1.00000
v 2.23771 32.40670 9.03107 0.49412 0.50588 0.49804 1.00000
v 6.73243 32.14470 12.89327 0.49412 0.50588 0.49804 1.00000
v 7.66394 38.43322 12.66582 0.49412 0.50588 0.49804 1.00000
v 4.54431 35.83435 10.75341 0.49412 0.50588 0.49804 1.00000
v 2.40574 38.71517 8.49623 0.49412 0.50588 0.49804 1.00000
v 1.47423 32.42665 8.72368 0.49412 0.50588 0.49804 1.00000
v 3.31042 31.80760 19.62836 0.49412 0.50588 0.49804 1.00000
v 3.07351 26.50783 18.17559 0.49412 0.50588 0.49804 1.00000
v 3.24858 29.79444 16.04677 0.49412 0.50588 0.49804 1.00000
v 3.10237 27.52203 12.41997 0.49412 0.50588 0.49804 1.00000
v 3.33929 32.82180 13.87274 0.49412 0.50588 0.49804 1.00000
v 8.57232 30.26074 15.75810 0.49412 0.50588 0.49804 1.00000
v 11.50671 33.45715 12.37779 0.49412 0.50588 0.49804 1.00000
v 7.47640 32.96318 13.18625 0.49412 0.50588 0.49804 1.00000
v 6.70515 35.88691 10.16241 0.49412 0.50588 0.49804 1.00000
v 3.77075 32.69050 13.54272 0.49412 0.50588 0.49804 1.00000
v 7.39399 35.39465 17.58911 0.49412 0.50588 0.49804 1.00000
v 3.00259 37.75848 19.90904 0.49412 0.50588 0.49804 1.00000
v 3.59832 35.21181 16.71120 0.49412 0.50588 0.49804 1.00000
v -0.65888 35.47062 16.01125 0.49412 0.50588 0.49804 1.00000
v 3.73253 33.10680 13.69132 0.49412 0.50588 0.49804 1.00000
v -2.53672 35.98488 21.71983 0.49412 0.50588 0.49804 1.00000
v -3.53597 31.52894 23.20104 0.49412 0.50588 0.49804 1.00000
v -1.18997 33.08718 20.84023 0.49412 0.50588 0.49804 1.00000
v 0.23255 30.05700 20.10576 0.49412 0.50588 0.49804 1.00000
v 1.23180 34.51294 18.62455 0.49412 0.50588 0.49804 1.00000
v 3.25135 33.60073 19.24519 0.49412 0.50588 0.49804 1.00000
v 4.48274 27.63335 20.01756 0.49412 0.50588 0.49804 1.00000
v 3.64987 30.49295 16.38041 0.49412 0.50588 0.49804 1.00000
v 4.27285 27.00070 13.53493 0.49412 0.50588 0.49804 1.00000
v 3.04146 32.96808 12.76255 0.49412 0.50588 0.49804 1.00000
v 4.81994 33.95743 19.29272 0.49412 0.50588 0.49804 1.00000
v 5.97889 28.37854 19.99850 0.49412 0.50588 0.49804 1.00000
v 4.94025 31.00220 16.63196 0.49412 0.50588 0.49804 1.00000
v 5.26205 27.66318 13.98930 0.49412 0.50588 0.49804 1.00000
v 4.10310 33.24207 13.28351 0.49412 0.50588 0.49804 1.00000
v 10.06473 35.13245 11.01943 0.49412 0.50588 0.49804 1.00000
v 7.84507 40.42475 10.84616 0.49412 0.50588 0.49804 1.00000
v 6.29456 36.74477 12.03049 0.49412 0.50588 0.49804 1.00000
v 2.40365 38.69247 12.99378 0.49412 0.50588 0.49804 1.00000
v 4.62332 33.40018 13.16705 0.49412 0.50588 0.49804 1.00000
v 8.57885 34.70666 19.56736 0.49412 0.50588 0.49804 1.00000
v 9.61068 29.73225 20.10994 0.49412 0.50588 0.49804 1.00000
v 8.04989 31.98853 17.34364 0.49412 0.50588 0.49804 1.00000
v 7.70072 28.93121 15.09770 0.49412 0.50588 0.49804 1.00000
v 6.66889 33.90563 14.55512 0.49412 0.50588 0.49804 1.00000
v 11.63619 32.16721 15.14523 0.49412 0.50588 0.49804 1.00000
v 13.24117 34.56140 10.92673 0.49412 0.50588 0.49804 1.00000
v 9.84491 34.13249 12.85614 0.49412 0.50588 0.49804 1.00000
v 8.15721 36.34874 10.34817 0.49412 0.50588 0.49804 1.00000
v 6.55223 33.95454 14.56667 0.49412 0.50588 0.49804 1.00000
v 10.95342 37.67948 16.13369 0.49412 0.50588 0.49804 1.00000
v 7.71855 39.57331 19.60543 0.49412 0.50588 0.49804 1.00000
v 7.60915 36.70707 17.02199 0.49412 0.50588 0.49804 1.00000
v 3.83696 36.09855 18.18913 0.49412 0.50588 0.49804 1.00000
v 7.07183 34.20473 14.71739 0.49412 0.50588 0.49804 1.00000
v 13.70708 38.03492 18.50574 0.49412 0.50588 0.49804 1.00000
v 15.68551 33.66973 18.77444 0.49412 0.50588 0.49804 1.00000
v 12.91638 34.65779 17.27070 0.49412 0.50588 0.49804 1.00000
v 12.12027 31.47022 15.88108 0.49412 0.50588 0.49804 1.00000
v 10.14184 35.83541 15.61238 0.49412 0.50588 0.49804 1.00000
v -0.76665 34.24084 18.38039 0.49412 0.50588 0.49804 1.00000
v 0.18778 28.85474 20.83891 0.49412 0.50588 0.49804 1.00000
v 2.04765 30.65443 17.63895 0.49412 0.50588 0.49804 1.00000
v 4.94180 27.51332 16.83126 0.49412 0.50588 0.49804 1.00000
v 3.98737 32.89941 14.37273 0.49412 0.50588 0.49804 1.00000
v 1.06145 35.15878 19.33858 0.49412 0.50588 0.49804 1.00000
v 1.91358 30.48962 22.38523 0.49412 0.50588 0.49804 1.00000
v 3.18979 31.98778 18.54336 0.49412 0.50588 0.49804 1.00000
v 5.47302 28.65722 17.93198 0.49412 0.50588 0.49804 1.00000
v 4.62088 33.32638 14.88533 0.49412 0.50588 0.49804 1.00000
v 9.38247 34.52760 16.93463 0.49412 0.50588 0.49804 1.00000
v 9.23987 39.70440 14.70087 0.49412 0.50588 0.49804 1.00000
v 6.53892 36.78466 14.71879 0.49412 0.50588 0.49804 1.00000
v 3.80518 38.40594 12.61752 0.49412 0.50588 0.49804 1.00000
v 3.94777 33.22913 14.85128 0.49412 0.50588 0.49804 1.00000
v 2.79591 36.78692 21.07474 0.49412 0.50588 0.49804 1.00000
v 2.95234 32.75127 24.14935 0.49412 0.50588 0.49804 1.00000
v 4.11529 33.38385 20.65008 0.49412 0.50588 0.49804 1.00000
v 5.32583 30.23049 20.01484 0.49412 0.50588 0.49804 1.00000
v 5.16940 34.26614 16.94024 0.49412 0.50588 0.49804 1.00000
v 8.44089 34.76126 22.10301 0.49412 0.50588 0.49804 1.00000
v 11.80553 36.97338 19.01272 0.49412 0.50588 0.49804 1.00000
v 8.41606 35.71459 18.46911 0.49412 0.50588 0.49804 1.00000
v 8.59510 36.74356 14.68212 0.49412 0.50588 0.49804 1.00000
v 5.23046 34.53144 17.77241 0.49412 0.50588 0.49804 1.00000
v 6.40136 39.09148 20.60690 0.49412 0.50588 0.49804 1.00000
v 1.61879 40.72715 20.14244 0.49412 0.50588 0.49804 1.00000
v 3.53001 37.66275 18.95037 0.49412 0.50588 0.49804 1.00000
v 0.28012 36.45534 17.14998 0.49412 0.50588 0.49804 1.00000
v 5.06270 34.81967 17.61445 0.49412 0.50588 0.49804 1.00000
v 7.00471 42.08911 21.88064 0.49412 0.50588 0.49804 1.00000
v 9.77723 39.33985 24.67275 0.49412 0.50588 0.49804 1.00000
v 8.24019 38.64810 21.79486 0.49412 0.50588 0.49804 1.00000
v 9.47399 35.33252 21.53382 0.49412 0.50588 0.49804 1.00000
v 6.70147 38.08178 18.74172 0.49412 0.50588 0.49804 1.00000
v -4.16182 33.73876 11.12618 0.49412 0.50588 0.49804 1.00000
v -5.26559 27.71940 12.40240 0.49412 0.50588 0.49804 1.00000
v -1.40532 30.49558 11.94929 0.49412 0.50588 0.49804 1.00000
v 1.28514 26.92901 13.10107 0.49412 0.50588 0.49804 1.00000
v 2.38891 32.94837 11.82485 0.49412 0.50588 0.49804 1.00000
v -5.05637 33.38812 13.50809 0.49412 0.50588 0.49804 1.00000
v -4.72854 27.74329 14.55883 0.49412 0.50588 0.49804 1.00000
v -1.85326 30.82366 13.74781 0.49412 0.50588 0.49804 1.00000
v 1.33649 27.68835 13.96805 0.49412 0.50588 0.49804 1.00000
v 1.00866 33.33319 12.91731 0.49412 0.50588 0.49804 1.00000
v 3.26232 34.23928 18.77308 0.49412 0.50588 0.49804 1.00000
v 3.99842 39.74577 17.28563 0.49412 0.50588 0.49804 1.00000
v 2.93511 36.70488 15.07205 0.49412 0.50588 0.49804 1.00000
v 2.36662 38.82369 11.48102 0.49412 0.50588 0.49804 1.00000
v 1.63053 33.31721 12.96848 0.49412 0.50588 0.49804 1.00000
v -4.96193 36.80526 13.97719 0.49412 0.50588 0.49804 1.00000
v -7.16064 32.67788 16.04724 0.49412 0.50588 0.49804 1.00000
v -3.71188 33.42737 15.40692 0.49412 0.50588 0.49804 1.00000
v -2.34342 30.29955 16.88365 0.49412 0.50588 0.49804 1.00000
v -0.14470 34.42693 14.81361 0.49412 0.50588 0.49804 1.00000
v -2.71009 35.86407 19.91633 0.49412 0.50588 0.49804 1.00000
v 1.83407 37.60707 21.48709 0.49412 0.50588 0.49804 1.00000
v 0.60791 36.01929 18.28843 0.49412 0.50588 0.49804 1.00000
v 4.26348 36.25337 16.82296 0.49412 0.50588 0.49804 1.00000
v -0.28068 34.51037 15.25221 0.49412 0.50588 0.49804 1.00000
v -1.54881 39.61003 17.03946 0.49412 0.50588 0.49804 1.00000
v -2.93177 40.85310 12.27533 0.49412 0.50588 0.49804 1.00000
v -1.53627 37.74079 13.80300 0.49412 0.50588 0.49804 1.00000
v -1.53265 36.00340 10.25074 0.49412 0.50588 0.49804 1.00000
v -0.14970 34.76033 15.01486 0.49412 0.50588 0.49804 1.00000
v -1.26124 43.01371 15.60071 0.49412 0.50588 0.49804 1.00000
v -3.03947 43.28716 20.05098 0.49412 0.50588 0.49804 1.00000
v -1.41139 40.72549 18.13935 0.49412 0.50588 0.49804 1.00000
v -1.55290 38.42375 20.53063 0.49412 0.50588 0.49804 1.00000
v 0.22533 38.15030 16.08036 0.49412 0.50588 0.49804 1.00000
v -4.41491 32.41798 12.45584 0.49412 0.50588 0.49804 1.00000
v -3.87458 26.24522 11.39053 0.49412 0.50588 0.49804 1.00000
v -0.84911 29.36429 11.37107 0.49412 0.50588 0.49804 1.00000
v 2.72252 26.67465 10.42972 0.49412 0.50588 0.49804 1.00000
v 2.18219 32.84742 11.49503 0.49412 0.50588 0.49804 1.00000
v -4.16875 32.07700 14.26732 0.49412 0.50588 0.49804 1.00000
v -3.60983 26.41934 13.25474 0.49412 0.50588 0.49804 1.00000
v -0.95315 29.36373 12.87847 0.49412 0.50588 0.49804 1.00000
v 2.29546 26.95803 11.68289 0.49412 0.50588 0.49804 1.00000
v 1.73655 32.61569 12.69547 0.49412 0.50588 0.49804 1.00000
v 4.90758 32.02634 17.93578 0.49412 0.50588 0.49804 1.00000
v 4.60194 37.70910 18.91538 0.49412 0.50588 0.49804 1.00000
v 3.28007 34.98354 15.73222 0.49412 0.50588 0.49804 1.00000
v 1.52003 38.31139 13.64373 0.49412 0.50588 0.49804 1.00000
v 1.82567 32.62864 12.66413 0.49412 0.50588 0.49804 1.00000
v -4.48002 33.54049 12.73737 0.49412 0.50588 0.49804 1.00000
v -5.90669 28.64047 13.17177 0.49412 0.50588 0.49804 1.00000
v -2.69674 30.73026 13.97093 0.49412 0.50588 0.49804 1.00000
v -0.98197 27.63368 15.25083 0.49412 0.50588 0.49804 1.00000
v 0.44470 32.53369 14.81643 0.49412 0.50588 0.49804 1.00000
v -3.76464 31.06432 18.26498 0.49412 0.50588 0.49804 1.00000
v -1.18835 33.63779 21.86694 0.49412 0.50588 0.49804 1.00000
v -0.35549 33.03102 18.52033 0.49412 0.50588 0.49804 1.00000
v 2.80802 35.07598 18.49164 0.49412 0.50588 0.49804 1.00000
v 0.23173 32.50250 14.88968 0.49412 0.50588 0.49804 1.00000
v -3.52767 36.65055 16.93165 0.49412 0.50588 0.49804 1.00000
v -3.77755 38.32989 12.09930 0.49412 0.50588 0.49804 1.00000
v -1.98396 35.46096 13.77956 0.49412 0.50588 0.49804 1.00000
v -0.31279 34.62891 10.18066 0.49412 0.50588 0.49804 1.00000
v -0.06290 32.94957 15.01301 0.49412 0.50588 0.49804 1.00000
v -2.68593 40.57620 18.01081 0.49412 0.50588 0.49804 1.00000
v -3.22642 39.09368 22.54423 0.49412 0.50588 0.49804 1.00000
v -1.86682 37.55140 19.97973 0.49412 0.50588 0.49804 1.00000
v -1.00431 34.61114 21.60114 0.49412 0.50588 0.49804 1.00000
v -0.46381 36.09366 17.06772 0.49412 0.50588 0.49804 1.00000
v 6.79895 37.55666 -6.22865 0.49412 0.50588 0.49804 1.00000
v 7.82626 31.20461 -8.66507 0.49412 0.50588 0.49804 1.00000
v 3.78494 33.42208 -7.23299 0.49412 0.50588 0.49804 1.00000
v 0.66271 29.81550 -8.29078 0.49412 0.50588 0.49804 1.00000
v -0.36460 36.16757 -5.85435 0.49412 0.50588 0.49804 1.00000
v 5.99132 39.32926 -7.51880 0.49412 0.50588 0.49804 1.00000
v 8.65061 34.07426 -9.69512 0.49412 0.50588 0.49804 1.00000
v 4.33221 35.19661 -8.67992 0.49412 0.50588 0.49804 1.00000
v 2.51887 31.45402 -9.64511 0.49412 0.50588 0.49804 1.00000
v -0.14042 36.70901 -7.46880 0.49412 0.50588 0.49804 1.00000
v -0.80467 37.93208 -13.41168 0.49412 0.50588 0.49804 1.00000
v -2.44499 43.89875 -12.34800 0.49412 0.50588 0.49804 1.00000
v -0.92191 40.64363 -9.61945 0.49412 0.50588 0.49804 1.00000
v -1.07939 42.79893 -5.91668 0.49412 0.50588 0.49804 1.00000
v 0.56092 36.83226 -6.98036 0.49412 0.50588 0.49804 1.00000
v 5.37994 39.99136 -14.22736 0.49412 0.50588 0.49804 1.00000
v 6.27039 34.91256 -16.05861 0.49412 0.50588 0.49804 1.00000
v 3.67447 36.50456 -13.42153 0.49412 0.50588 0.49804 1.00000
v 1.97049 33.27684 -12.49525 0.49412 0.50588 0.49804 1.00000
v 1.08005 38.35563 -10.66400 0.49412 0.50588 0.49804 1.00000
v 0.03563 37.20448 -16.95445 0.49412 0.50588 0.49804 1.00000
v -4.58117 40.04485 -16.20745 0.49412 0.50588 0.49804 1.00000
v -1.39965 39.17666 -13.85381 0.49412 0.50588 0.49804 1.00000
v -3.27663 41.23020 -10.66982 0.49412 0.50588 0.49804 1.00000
v 1.34017 38.38983 -11.41682 0.49412 0.50588 0.49804 1.00000
v 0.56064 41.23141 -15.44846 0.49412 0.50588 0.49804 1.00000
v 4.98246 44.39912 -14.85376 0.49412 0.50588 0.49804 1.00000
v 3.32362 41.35925 -12.69084 0.49412 0.50588 0.49804 1.00000
v 5.91522 41.39387 -9.95677 0.49412 0.50588 0.49804 1.00000
v 1.49340 38.22615 -10.55147 0.49412 0.50588 0.49804 1.00000
v 10.37420 39.07673 -18.68574 0.49412 0.50588 0.49804 1.00000
v 10.37556 34.27628 -18.73030 0.49412 0.50588 0.49804 1.00000
v 8.25854 36.45180 -17.30173 0.49412 0.50588 0.49804 1.00000
v 6.11292 34.14566 -15.93565 0.49412 0.50588 0.49804 1.00000
v 6.11156 38.94610 -15.89109 0.49412 0.50588 0.49804 1.00000
v 6.29203 39.72007 -16.23503 0.49412 0.50588 0.49804 1.00000
v 5.72914 34.27111 -18.59840 0.49412 0.50588 0.49804 1.00000
v 3.71075 36.75296 -15.25566 0.49412 0.50588 0.49804 1.00000
v 1.01365 33.32542 -14.49314 0.49412 0.50588 0.49804 1.00000
v 1.57654 38.77437 -12.12978 0.49412 0.50588 0.49804 1.00000
v 4.71963 41.33354 -16.40912 0.49412 0.50588 0.49804 1.00000
v 4.94843 36.71516 -19.61133 0.49412 0.50588 0.49804 1.00000
v 2.91856 37.52608 -16.26313 0.49412 0.50588 0.49804 1.00000
v 1.21585 34.28087 -15.68083 0.49412 0.50588 0.49804 1.00000
v 0.98705 38.89925 -12.47861 0.49412 0.50588 0.49804 1.00000
v -4.25919 41.03096 -15.04558 0.49412 0.50588 0.49804 1.00000
v -3.11402 45.97616 -12.62286 0.49412 0.50588 0.49804 1.00000
v -1.02034 42.68365 -12.76970 0.49412 0.50588 0.49804 1.00000
v 2.23383 44.19980 -10.64749 0.49412 0.50588 0.49804 1.00000
v 1.08866 39.25460 -13.07020 0.49412 0.50588 0.49804 1.00000
v 3.42091 41.21968 -20.15130 0.49412 0.50588 0.49804 1.00000
v 2.52415 36.35319 -21.30817 0.49412 0.50588 0.49804 1.00000
v 1.74266 38.49295 -18.33554 0.49412 0.50588 0.49804 1.00000
v 0.17301 35.32962 -16.56271 0.49412 0.50588 0.49804 1.00000
v 1.06977 40.19611 -15.40584 0.49412 0.50588 0.49804 1.00000
v -1.95737 39.39548 -19.43166 0.49412 0.50588 0.49804 1.00000
v -6.05236 41.68419 -17.47766 0.49412 0.50588 0.49804 1.00000
v -2.46058 40.76143 -16.25110 0.49412 0.50588 0.49804 1.00000
v -3.18054 42.38831 -12.96451 0.49412 0.50588 0.49804 1.00000
v 0.91444 40.09959 -14.91851 0.49412 0.50588 0.49804 1.00000
v -1.10412 44.49327 -17.93560 0.49412 0.50588 0.49804 1.00000
v 3.60154 46.40264 -17.74508 0.49412 0.50588 0.49804 1.00000
v 2.22931 43.39324 -16.38444 0.49412 0.50588 0.49804 1.00000
v 5.48732 42.19864 -14.92193 0.49412 0.50588 0.49804 1.00000
v 0.78166 40.28926 -15.11244 0.49412 0.50588 0.49804 1.00000
v -1.24613 44.92905 -21.57343 0.49412 0.50588 0.49804 1.00000
v -2.62834 41.37122 -24.48418 0.49412 0.50588 0.49804 1.00000
v -1.73346 41.42865 -21.14708 0.49412 0.50588 0.49804 1.00000
v -2.03632 38.24852 -20.50448 0.49412 0.50588 0.49804 1.00000
v -0.65410 41.80635 -17.59373 0.49412 0.50588 0.49804 1.00000
v 7.38179 40.32436 -10.13192 0.49412 0.50588 0.49804 1.00000
v 9.65775 35.53542 -13.00696 0.49412 0.50588 0.49804 1.00000
v 5.44732 37.09299 -11.93043 0.49412 0.50588 0.49804 1.00000
v 3.60237 33.72179 -14.05365 0.49412 0.50588 0.49804 1.00000
v 1.32641 38.51075 -11.17861 0.49412 0.50588 0.49804 1.00000
v 7.92733 41.49722 -12.71896 0.49412 0.50588 0.49804 1.00000
v 8.66701 36.87667 -15.78317 0.49412 0.50588 0.49804 1.00000
v 5.50026 38.26154 -13.87143 0.49412 0.50588 0.49804 1.00000
v 3.10624 34.88596 -15.09653 0.49412 0.50588 0.49804 1.00000
v 2.36656 39.50650 -12.03232 0.49412 0.50588 0.49804 1.00000
v -0.58652 43.17040 -16.64826 0.49412 0.50588 0.49804 1.00000
v -1.84726 46.76265 -12.55043 0.49412 0.50588 0.49804 1.00000
v 0.09996 43.06784 -12.71862 0.49412 0.50588 0.49804 1.00000
v 0.44603 43.28864 -8.34181 0.49412 0.50588 0.49804 1.00000
v 1.70677 39.69639 -12.43965 0.49412 0.50588 0.49804 1.00000
v 6.94591 44.35419 -13.76909 0.49412 0.50588 0.49804 1.00000
v 10.20451 41.57505 -16.30813 0.49412 0.50588 0.49804 1.00000
v 6.69624 41.10751 -15.20541 0.49412 0.50588 0.49804 1.00000
v 6.30021 38.01334 -16.51510 0.49412 0.50588 0.49804 1.00000
v 3.04161 40.79248 -13.97606 0.49412 0.50588 0.49804 1.00000
v 6.00470 42.60963 -18.28238 0.49412 0.50588 0.49804 1.00000
v 1.71115 44.40041 -20.05644 0.49412 0.50588 0.49804 1.00000
v 2.36599 42.82277 -17.09789 0.49412 0.50588 0.49804 1.00000
v -0.88167 42.90869 -15.71078 0.49412 0.50588 0.49804 1.00000
v 3.41188 41.11791 -13.93671 0.49412 0.50588 0.49804 1.00000
v 4.21250 45.83789 -16.16401 0.49412 0.50588 0.49804 1.00000
v 6.06223 47.66089 -11.91619 0.49412 0.50588 0.49804 1.00000
v 4.62494 44.34279 -13.06642 0.49412 0.50588 0.49804 1.00000
v 5.29049 42.92479 -9.70345 0.49412 0.50588 0.49804 1.00000
v 3.44077 41.10180 -13.95127 0.49412 0.50588 0.49804 1.00000
v 5.98632 38.95703 -4.67912 0.49412 0.50588 0.49804 1.00000
v 9.13228 33.75460 -6.59289 0.49412 0.50588 0.49804 1.00000
v 4.69314 35.63202 -7.28735 0.49412 0.50588 0.49804 1.00000
v 3.60101 32.03070 -10.08950 0.49412 0.50588 0.49804 1.00000
v 0.45505 37.23313 -8.17573 0.49412 0.50588 0.49804 1.00000
v 6.04520 40.34268 -6.53208 0.49412 0.50588 0.49804 1.00000
v 9.56492 35.94267 -8.06516 0.49412 0.50588 0.49804 1.00000
v 5.28872 36.74476 -8.46754 0.49412 0.50588 0.49804 1.00000
v 4.43521 33.29519 -10.36070 0.49412 0.50588 0.49804 1.00000
v 0.91549 37.69521 -8.82762 0.49412 0.50588 0.49804 1.00000
v 1.37714 40.07580 -14.49556 0.49412 0.50588 0.49804 1.00000
v -1.28069 44.88282 -12.51378 0.49412 0.50588 0.49804 1.00000
v -0.11168 41.54470 -10.54936 0.49412 0.50588 0.49804 1.00000
v -1.32591 42.72850 -6.69786 0.49412 0.50588 0.49804 1.00000
v 1.33192 37.92149 -8.67964 0.49412 0.50588 0.49804 1.00000
v 5.92933 42.48320 -5.70695 0.49412 0.50588 0.49804 1.00000
v 9.62139 38.89536 -5.92293 0.49412 0.50588 0.49804 1.00000
v 6.54286 39.10952 -7.67420 0.49412 0.50588 0.49804 1.00000
v 6.86803 36.00554 -9.65413 0.49412 0.50588 0.49804 1.00000
v 3.17598 39.59338 -9.43816 0.49412 0.50588 0.49804 1.00000
v 8.29097 40.91204 -11.28218 0.49412 0.50588 0.49804 1.00000
v 5.99318 42.63380 -15.56075 0.49412 0.50588 0.49804 1.00000
v 4.59274 41.06615 -12.74013 0.49412 0.50588 0.49804 1.00000
v 0.99127 41.32652 -13.80661 0.49412 0.50588 0.49804 1.00000
v 3.28907 39.60475 -9.52804 0.49412 0.50588 0.49804 1.00000
v 4.94459 45.37967 -10.05984 0.49412 0.50588 0.49804 1.00000
v 2.84833 45.96533 -5.38939 0.49412 0.50588 0.49804 1.00000
v 3.23653 43.01200 -7.61581 0.49412 0.50588 0.49804 1.00000
v 1.26485 40.75846 -4.87306 0.49412 0.50588 0.49804 1.00000
v 3.36111 40.17280 -9.54352 0.49412 0.50588 0.49804 1.00000
v 0.03766 49.10704 -9.55990 0.49412 0.50588 0.49804 1.00000
v -2.67615 47.51116 -5.93630 0.49412 0.50588 0.49804 1.00000
v -0.16878 46.03349 -7.60883 0.49412 0.50588 0.49804 1.00000
v -0.19039 43.06009 -5.73792 0.49412 0.50588 0.49804 1.00000
v 2.52342 44.65596 -9.36152 0.49412 0.50588 0.49804 1.00000
v 7.05561 37.09196 -7.04307 0.49412 0.50588 0.49804 1.00000
v 7.36883 30.67119 -7.01655 0.49412 0.50588 0.49804 1.00000
v 3.81008 33.99614 -7.34678 0.49412 0.50588 0.49804 1.00000
v 0.57170 30.58854 -7.72212 0.49412 0.50588 0.49804 1.00000
v 0.25848 37.00930 -7.74863 0.49412 0.50588 0.49804 1.00000
v 7.40554 37.08878 -8.89930 0.49412 0.50588 0.49804 1.00000
v 7.16296 31.21826 -8.91579 0.49412 0.50588 0.49804 1.00000
v 4.17294 33.95259 -8.73997 0.49412 0.50588 0.49804 1.00000
v 0.92382 31.14379 -8.72348 0.49412 0.50588 0.49804 1.00000
v 1.16640 37.01431 -8.70699 0.49412 0.50588 0.49804 1.00000
v -0.61960 37.05688 -14.58225 0.49412 0.50588 0.49804 1.00000
v -0.71601 42.92656 -14.82661 0.49412 0.50588 0.49804 1.00000
v 0.08084 39.82291 -11.67826 0.49412 0.50588 0.49804 1.00000
v 0.98690 42.88941 -8.82185 0.49412 0.50588 0.49804 1.00000
v 1.08331 37.01973 -8.57749 0.49412 0.50588 0.49804 1.00000
v 7.28991 37.79052 -8.20561 0.49412 0.50588 0.49804 1.00000
v 8.25959 32.73725 -7.75708 0.49412 0.50588 0.49804 1.00000
v 5.42219 34.56354 -9.21937 0.49412 0.50588 0.49804 1.00000
v 3.41032 31.90112 -10.13400 0.49412 0.50588 0.49804 1.00000
v 2.44064 36.95438 -10.58254 0.49412 0.50588 0.49804 1.00000
v 6.73434 34.25994 -11.82223 0.49412 0.50588 0.49804 1.00000
v 6.72706 36.27915 -16.57614 0.49412 0.50588 0.49804 1.00000
v 4.66926 36.98698 -13.58904 0.49412 0.50588 0.49804 1.00000
v 2.48708 39.31081 -14.92955 0.49412 0.50588 0.49804 1.00000
v 2.49436 37.29160 -10.17564 0.49412 0.50588 0.49804 1.00000
v 6.82780 38.31132 -12.99810 0.49412 0.50588 0.49804 1.00000
v 8.84793 41.20197 -9.22448 0.49412 0.50588 0.49804 1.00000
v 5.75882 39.12722 -9.41949 0.49412 0.50588 0.49804 1.00000
v 4.46098 39.74653 -6.29706 0.49412 0.50588 0.49804 1.00000
v 2.44085 36.85588 -10.07068 0.49412 0.50588 0.49804 1.00000
v 7.13351 43.09400 -14.96037 0.49412 0.50588 0.49804 1.00000
v 8.74778 40.62913 -18.74992 0.49412 0.50588 0.49804 1.00000
v 6.84823 39.69687 -16.04220 0.49412 0.50588 0.49804 1.00000
v 6.48581 36.53793 -16.73747 0.49412 0.50588 0.49804 1.00000
v 4.87153 39.00280 -12.94792 0.49412 0.50588 0.49804 1.00000
v -8.12206 39.03061 -9.22068 0.49412 0.50588 0.49804 1.00000
v -10.32231 32.63025 -9.32841 0.49412 0.50588 0.49804 1.00000
v -9.00776 35.87226 -5.67616 0.49412 0.50588 0.49804 1.00000
v -9.84207 32.07136 -2.18705 0.49412 0.50588 0.49804 1.00000
v -7.64182 38.47171 -2.07932 0.49412 0.50588 0.49804 1.00000
v -10.55197 39.86906 -9.40198 0.49412 0.50588 0.49804 1.00000
v -12.39220 33.94152 -9.31455 0.49412 0.50588 0.49804 1.00000
v -10.81977 36.94232 -6.11898 0.49412 0.50588 0.49804 1.00000
v -11.16675 33.32940 -2.88893 0.49412 0.50588 0.49804 1.00000
v -9.32652 39.25694 -2.97636 0.49412 0.50588 0.49804 1.00000
v -15.24999 42.12767 0.09049 0.49412 0.50588 0.49804 1.00000
v -12.03062 47.37674 0.87323 0.49412 0.50588 0.49804 1.00000
v -11.06052 43.14554 -0.81489 0.49412 0.50588 0.49804 1.00000
v -6.51092 44.63906 -1.41169 0.49412 0.50588 0.49804 1.00000
v -9.73030 39.38998 -2.19444 0.49412 0.50588 0.49804 1.00000
v -15.87783 40.81204 -8.29391 0.49412 0.50588 0.49804 1.00000
v -16.94005 35.49541 -8.74606 0.49412 0.50588 0.49804 1.00000
v -14.76532 37.97014 -6.15262 0.49412 0.50588 0.49804 1.00000
v -13.85049 34.79892 -3.92033 0.49412 0.50588 0.49804 1.00000
v -12.78827 40.11556 -3.46817 0.49412 0.50588 0.49804 1.00000
v -18.13605 37.93090 -3.22260 0.49412 0.50588 0.49804 1.00000
v -18.89961 40.61210 1.44939 0.49412 0.50588 0.49804 1.00000
v -15.86467 40.42961 -0.84471 0.49412 0.50588 0.49804 1.00000
v -13.57076 42.81275 1.10407 0.49412 0.50588 0.49804 1.00000
v -12.80720 40.13154 -3.56792 0.49412 0.50588 0.49804 1.00000
v -18.05712 43.67817 -4.28226 0.49412 0.50588 0.49804 1.00000
v -15.50002 45.74467 -8.61701 0.49412 0.50588 0.49804 1.00000
v -14.45341 43.04915 -6.01268 0.49412 0.50588 0.49804 1.00000
v -10.75911 42.50540 -7.96811 0.49412 0.50588 0.49804 1.00000
v -13.31621 40.43889 -3.63335 0.49412 0.50588 0.49804 1.00000
v -15.79124 43.85311 -14.22180 0.49412 0.50588 0.49804 1.00000
v -16.72281 39.57590 -16.19225 0.49412 0.50588 0.49804 1.00000
v -15.88201 40.57229 -12.95212 0.49412 0.50588 0.49804 1.00000
v -15.77625 37.58190 -11.59634 0.49412 0.50588 0.49804 1.00000
v -14.84467 41.85910 -9.62588 0.49412 0.50588 0.49804 1.00000
v -16.15509 42.59394 -8.24436 0.49412 0.50588 0.49804 1.00000
v -19.94213 38.09035 -8.91662 0.49412 0.50588 0.49804 1.00000
v -16.84227 38.90126 -6.04861 0.49412 0.50588 0.49804 1.00000
v -17.11054 35.55036 -3.92069 0.49412 0.50588 0.49804 1.00000
v -13.32349 40.05395 -3.24842 0.49412 0.50588 0.49804 1.00000
v -17.64832 42.71527 -8.23279 0.49412 0.50588 0.49804 1.00000
v -20.65146 38.00753 -7.90254 0.49412 0.50588 0.49804 1.00000
v -17.60190 39.13026 -5.84980 0.49412 0.50588 0.49804 1.00000
v -17.39969 36.07251 -3.34444 0.49412 0.50588 0.49804 1.00000
v -14.39656 40.78025 -3.67470 0.49412 0.50588 0.49804 1.00000
v -17.40288 44.26882 1.12835 0.49412 0.50588 0.49804 1.00000
v -13.75606 48.29735 -0.19915 0.49412 0.50588 0.49804 1.00000
v -14.39726 44.55898 -1.65550 0.49412 0.50588 0.49804 1.00000
v -11.11841 45.17826 -4.49878 0.49412 0.50588 0.49804 1.00000
v -14.76524 41.14973 -3.17128 0.49412 0.50588 0.49804 1.00000
v -19.24139 44.61551 -6.17595 0.49412 0.50588 0.49804 1.00000
v -22.67966 40.89690 -6.43804 0.49412 0.50588 0.49804 1.00000
v -19.50361 41.11361 -4.73503 0.49412 0.50588 0.49804 1.00000
v -19.32793 37.95594 -3.45229 0.49412 0.50588 0.49804 1.00000
v -15.88966 41.67455 -3.19020 0.49412 0.50588 0.49804 1.00000
v -20.89750 41.96919 -2.30819 0.49412 0.50588 0.49804 1.00000
v -20.25241 44.14633 2.22638 0.49412 0.50588 0.49804 1.00000
v -17.93268 43.16576 -0.56685 0.49412 0.50588 0.49804 1.00000
v -15.03582 44.12515 0.90751 0.49412 0.50588 0.49804 1.00000
v -15.68091 41.94801 -3.62706 0.49412 0.50588 0.49804 1.00000
v -18.98180 45.24833 -1.39471 0.49412 0.50588 0.49804 1.00000
v -18.89627 48.26191 -5.47263 0.49412 0.50588 0.49804 1.00000
v -17.43886 45.02816 -4.86787 0.49412 0.50588 0.49804 1.00000
v -15.79620 44.54337 -7.76427 0.49412 0.50588 0.49804 1.00000
v -15.88172 41.52980 -3.68634 0.49412 0.50588 0.49804 1.00000
v -23.14294 46.78184 -5.80944 0.49412 0.50588 0.49804 1.00000
v -25.98733 42.92091 -6.01858 0.49412 0.50588 0.49804 1.00000
v -22.61870 43.65644 -4.78322 0.49412 0.50588 0.49804 1.00000
v -22.24727 40.28607 -3.77097 0.49412 0.50588 0.49804 1.00000
v -19.40288 44.14701 -3.56184 0.49412 0.50588 0.49804 1.00000
v -12.53323 42.16024 -9.69900 0.49412 0.50588 0.49804 1.00000
v -15.92626 37.42123 -11.07830 0.49412 0.50588 0.49804 1.00000
v -14.41073 38.56525 -7.46446 0.49412 0.50588 0.49804 1.00000
v -16.20151 35.44745 -5.05448 0.49412 0.50588 0.49804 1.00000
v -12.80848 40.18647 -3.67518 0.49412 0.50588 0.49804 1.00000
v -13.90390 42.79366 -9.35649 0.49412 0.50588 0.49804 1.00000
v -17.07119 38.47393 -11.10486 0.49412 0.50588 0.49804 1.00000
v -15.09581 39.67831 -7.42616 0.49412 0.50588 0.49804 1.00000
v -16.68302 36.40258 -5.51595 0.49412 0.50588 0.49804 1.00000
v -13.51573 40.72231 -3.76758 0.49412 0.50588 0.49804 1.00000
v -18.15171 42.48480 -1.94355 0.49412 0.50588 0.49804 1.00000
v -16.13203 47.36735 0.01352 0.49412 0.50588 0.49804 1.00000
v -14.47127 44.09797 -2.04457 0.49412 0.50588 0.49804 1.00000
v -10.91913 45.42132 -2.18607 0.49412 0.50588 0.49804 1.00000
v -12.93882 40.53876 -4.14314 0.49412 0.50588 0.49804 1.00000
v -17.56521 44.31512 -9.68252 0.49412 0.50588 0.49804 1.00000
v -19.95412 39.85970 -10.11674 0.49412 0.50588 0.49804 1.00000
v -17.58978 41.44070 -7.55526 0.49412 0.50588 0.49804 1.00000
v -17.80732 38.01421 -5.56405 0.49412 0.50588 0.49804 1.00000
v -15.41842 42.46964 -5.12983 0.49412 0.50588 0.49804 1.00000
v -20.38121 42.76137 -5.35274 0.49412 0.50588 0.49804 1.00000
v -21.04078 44.75397 -0.73314 0.49412 0.50588 0.49804 1.00000
v -18.05769 43.33910 -2.82843 0.49412 0.50588 0.49804 1.00000
v -15.72931 44.22184 -0.04790 0.49412 0.50588 0.49804 1.00000
v -15.06975 42.22923 -4.66750 0.49412 0.50588 0.49804 1.00000
v -18.22578 45.88241 -4.19151 0.49412 0.50588 0.49804 1.00000
v -15.69949 48.79251 -7.49233 0.49412 0.50588 0.49804 1.00000
v -15.14111 45.39785 -6.31888 0.49412 0.50588 0.49804 1.00000
v -12.28054 44.68059 -7.99126 0.49412 0.50588 0.49804 1.00000
v -14.80683 41.77048 -4.69045 0.49412 0.50588 0.49804 1.00000
v -18.89713 49.04568 -7.59790 0.49412 0.50588 0.49804 1.00000
v -22.84510 46.99900 -9.40505 0.49412 0.50588 0.49804 1.00000
v -20.20935 45.83061 -7.36303 0.49412 0.50588 0.49804 1.00000
v -21.18779 42.75318 -7.12281 0.49412 0.50588 0.49804 1.00000
v -17.23982 44.79985 -5.31566 0.49412 0.50588 0.49804 1.00000
v -4.42262 40.11389 -7.85334 0.49412 0.50588 0.49804 1.00000
v -6.53756 34.31775 -10.07533 0.49412 0.50588 0.49804 1.00000
v -7.21121 36.33046 -6.07587 0.49412 0.50588 0.49804 1.00000
v -10.00128 32.86444 -4.21126 0.49412 0.50588 0.49804 1.00000
v -7.88634 38.66058 -1.98928 0.49412 0.50588 0.49804 1.00000
v -6.39516 41.56767 -7.27666 0.49412 0.50588 0.49804 1.00000
v -7.68649 36.86345 -10.71583 0.49412 0.50588 0.49804 1.00000
v -8.38670 37.73222 -6.52477 0.49412 0.50588 0.49804 1.00000
v -10.05351 34.20349 -5.47609 0.49412 0.50588 0.49804 1.00000
v -8.76218 38.90771 -2.03691 0.49412 0.50588 0.49804 1.00000
v -14.45990 41.00603 -2.61832 0.49412 0.50588 0.49804 1.00000
v -13.08248 46.29420 -0.21768 0.49412 0.50588 0.49804 1.00000
v -10.77546 42.59353 -1.40658 0.49412 0.50588 0.49804 1.00000
v -7.02250 44.39483 -0.15679 0.49412 0.50588 0.49804 1.00000
v -8.39992 39.10666 -2.55744 0.49412 0.50588 0.49804 1.00000
v -7.13911 42.47174 -9.62696 0.49412 0.50588 0.49804 1.00000
v -8.16683 37.80729 -11.67837 0.49412 0.50588 0.49804 1.00000
v -8.81781 39.42527 -8.24270 0.49412 0.50588 0.49804 1.00000
v -10.47163 36.02581 -6.98334 0.49412 0.50588 0.49804 1.00000
v -9.44391 40.69027 -4.93194 0.49412 0.50588 0.49804 1.00000
v -12.54124 40.74013 -9.20655 0.49412 0.50588 0.49804 1.00000
v -16.59191 42.91603 -6.78185 0.49412 0.50588 0.49804 1.00000
v -12.99356 41.58293 -5.73450 0.49412 0.50588 0.49804 1.00000
v -13.62370 42.72161 -2.12899 0.49412 0.50588 0.49804 1.00000
v -9.57303 40.54571 -4.55369 0.49412 0.50588 0.49804 1.00000
v -11.61047 45.34330 -6.96637 0.49412 0.50588 0.49804 1.00000
v -6.76544 47.18895 -6.59094 0.49412 0.50588 0.49804 1.00000
v -8.13590 44.01580 -5.57513 0.49412 0.50588 0.49804 1.00000
v -4.82145 42.55648 -4.29620 0.49412 0.50588 0.49804 1.00000
v -9.66648 40.71084 -4.67164 0.49412 0.50588 0.49804 1.00000
v -7.97795 47.43307 -10.97410 0.49412 0.50588 0.49804 1.00000
v -8.04415 44.21191 -14.53246 0.49412 0.50588 0.49804 1.00000
v -8.90055 43.90623 -11.32250 0.49412 0.50588 0.49804 1.00000
v -9.98925 40.58365 -11.52375 0.49412 0.50588 0.49804 1.00000
v -9.92304 43.80482 -7.96538 0.49412 0.50588 0.49804 1.00000
v -8.54459 39.96401 -8.35688 0.49412 0.50588 0.49804 1.00000
v -9.01497 33.76110 -9.93658 0.49412 0.50588 0.49804 1.00000
v -8.96094 36.23803 -5.79870 0.49412 0.50588 0.49804 1.00000
v -9.39611 32.69748 -3.20813 0.49412 0.50588 0.49804 1.00000
v -8.92574 38.90038 -1.62843 0.49412 0.50588 0.49804 1.00000
v -9.75237 39.42257 -8.91159 0.49412 0.50588 0.49804 1.00000
v -10.21605 33.61740 -9.63764 0.49412 0.50588 0.49804 1.00000
v -9.88128 36.52991 -6.16760 0.49412 0.50588 0.49804 1.00000
v -10.29721 33.28682 -3.42934 0.49412 0.50588 0.49804 1.00000
v -9.83353 39.09198 -2.70329 0.49412 0.50588 0.49804 1.00000
v -15.25602 38.71501 -1.92218 0.49412 0.50588 0.49804 1.00000
v -16.13654 44.48921 -1.35163 0.49412 0.50588 0.49804 1.00000
v -12.66232 42.01648 -2.24082 0.49412 0.50588 0.49804 1.00000
v -10.01803 44.91451 -2.43168 0.49412 0.50588 0.49804 1.00000
v -9.13750 39.14031 -3.00223 0.49412 0.50588 0.49804 1.00000
v -9.78374 41.66168 -8.82275 0.49412 0.50588 0.49804 1.00000
v -9.93165 37.28097 -11.55050 0.49412 0.50588 0.49804 1.00000
v -10.85917 38.14056 -7.99856 0.49412 0.50588 0.49804 1.00000
v -11.83811 34.99355 -6.95763 0.49412 0.50588 0.49804 1.00000
v -11.69020 39.37426 -4.22988 0.49412 0.50588 0.49804 1.00000
v -14.60987 38.46722 -8.99113 0.49412 0.50588 0.49804 1.00000
v -18.70547 40.83246 -6.92116 0.49412 0.50588 0.49804 1.00000
v -14.95337 40.07078 -5.85230 0.49412 0.50588 0.49804 1.00000
v -15.52203 42.02034 -2.63130 0.49412 0.50588 0.49804 1.00000
v -11.42643 39.65509 -4.70127 0.49412 0.50588 0.49804 1.00000
v -14.21241 42.28223 -7.75777 0.49412 0.50588 0.49804 1.00000
v -10.38734 45.43457 -9.20162 0.49412 0.50588 0.49804 1.00000
v -10.61343 42.42639 -6.85406 0.49412 0.50588 0.49804 1.00000
v -7.32418 42.41389 -5.81414 0.49412 0.50588 0.49804 1.00000
v -11.14925 39.26155 -4.37029 0.49412 0.50588 0.49804 1.00000
v -10.69966 42.30944 -12.91691 0.49412 0.50588 0.49804 1.00000
v -10.41393 37.96756 -14.94388 0.49412 0.50588 0.49804 1.00000
v -11.35934 39.10601 -11.73416 0.49412 0.50588 0.49804 1.00000
v -11.91871 36.22640 -10.39875 0.49412 0.50588 0.49804 1.00000
v -12.20444 40.56828 -8.37178 0.49412 0.50588 0.49804 1.00000
v -5.91084 35.54778 -8.52693 0.49412 0.50588 0.49804 1.00000
v -4.00386 30.20216 -5.19070 0.49412 0.50588 0.49804 1.00000
v -5.96575 34.40394 -3.86813 0.49412 0.50588 0.49804 1.00000
v -5.80950 32.86592 1.01308 0.49412 0.50588 0.49804 1.00000
v -7.71648 38.21153 -2.32315 0.49412 0.50588 0.49804 1.00000
v -8.06030 37.00544 -8.02760 0.49412 0.50588 0.49804 1.00000
v -5.96967 31.44756 -7.27381 0.49412 0.50588 0.49804 1.00000
v -7.27694 34.55171 -4.49078 0.49412 0.50588 0.49804 1.00000
v -6.52160 32.52609 -1.03213 0.49412 0.50588 0.49804 1.00000
v -8.61223 38.08397 -1.78593 0.49412 0.50588 0.49804 1.00000
v -15.40978 36.53289 -1.89427 0.49412 0.50588 0.49804 1.00000
v -16.16506 42.13928 -3.85051 0.49412 0.50588 0.49804 1.00000
v -12.64004 39.78328 -3.10406 0.49412 0.50588 0.49804 1.00000
v -9.95068 43.42464 -4.26869 0.49412 0.50588 0.49804 1.00000
v -9.19540 37.81825 -2.31246 0.49412 0.50588 0.49804 1.00000
v -7.60345 32.38789 -7.98624 0.49412 0.50588 0.49804 1.00000
v -6.53123 29.58351 -3.73561 0.49412 0.50588 0.49804 1.00000
v -8.12485 32.88834 -4.15525 0.49412 0.50588 0.49804 1.00000
v -8.61773 33.23707 -0.15255 0.49412 0.50588 0.49804 1.00000
v -9.68995 36.04146 -4.40318 0.49412 0.50588 0.49804 1.00000
v -11.05234 31.57865 -4.63420 0.49412 0.50588 0.49804 1.00000
v -16.19377 32.37848 -4.72436 0.49412 0.50588 0.49804 1.00000
v -13.11788 34.68368 -4.38698 0.49412 0.50588 0.49804 1.00000
v -14.91958 37.71529 -4.03810 0.49412 0.50588 0.49804 1.00000
v -9.77816 36.91547 -3.94795 0.49412 0.50588 0.49804 1.00000
v -13.31691 34.52224 -7.87468 0.49412 0.50588 0.49804 1.00000
v -9.95627 36.27111 -11.44254 0.49412 0.50588 0.49804 1.00000
v -9.78617 36.42068 -7.87988 0.49412 0.50588 0.49804 1.00000
v -6.53091 38.18982 -7.56343 0.49412 0.50588 0.49804 1.00000
v -9.89155 36.44094 -3.99557 0.49412 0.50588 0.49804 1.00000
v -5.42634 32.19413 -10.18549 0.49412 0.50588 0.49804 1.00000
v -6.29660 27.74846 -8.59774 0.49412 0.50588 0.49804 1.00000
v -7.77053 30.67195 -7.84763 0.49412 0.50588 0.49804 1.00000
v -10.10915 29.50329 -5.70820 0.49412 0.50588 0.49804 1.00000
v -9.23889 33.94896 -7.29595 0.49412 0.50588 0.49804 1.00000
v -12.57213 37.84230 3.45940 0.49412 0.50588 0.49804 1.00000
v -13.92017 31.56361 5.77568 0.49412 0.50588 0.49804 1.00000
v -9.86058 33.97364 5.68376 0.49412 0.50588 0.49804 1.00000
v -7.09057 30.42820 7.91782 0.49412 0.50588 0.49804 1.00000
v -5.74254 36.70689 5.60154 0.49412 0.50588 0.49804 1.00000
v -12.91383 39.16087 5.07136 0.49412 0.50588 0.49804 1.00000
v -15.33246 33.67954 6.57409 0.49412 0.50588 0.49804 1.00000
v -11.03488 35.66541 6.60046 0.49412 0.50588 0.49804 1.00000
v -9.28221 32.01938 8.45487 0.49412 0.50588 0.49804 1.00000
v -6.86358 37.50071 6.95215 0.49412 0.50588 0.49804 1.00000
v -7.37647 38.40216 12.62706 0.49412 0.50588 0.49804 1.00000
v -5.53351 44.29160 12.36050 0.49412 0.50588 0.49804 1.00000
v -6.29318 41.12897 9.21713 0.49412 0.50588 0.49804 1.00000
v -5.20871 43.32242 5.89071 0.49412 0.50588 0.49804 1.00000
v -7.05166 37.43299 6.15728 0.49412 0.50588 0.49804 1.00000
v -14.01877 41.38947 10.22510 0.49412 0.50588 0.49804 1.00000
v -16.55794 36.87442 11.79467 0.49412 0.50588 0.49804 1.00000
v -12.76896 37.74154 10.90551 0.49412 0.50588 0.49804 1.00000
v -11.38627 34.40148 11.42897 0.49412 0.50588 0.49804 1.00000
v -8.84710 38.91654 9.85940 0.49412 0.50588 0.49804 1.00000
v -12.02147 38.02223 14.99657 0.49412 0.50588 0.49804 1.00000
v -7.88999 40.57897 17.38206 0.49412 0.50588 0.49804 1.00000
v -8.48459 39.91720 13.80187 0.49412 0.50588 0.49804 1.00000
v -5.31344 41.70337 12.38093 0.49412 0.50588 0.49804 1.00000
v -9.44493 39.14663 9.99544 0.49412 0.50588 0.49804 1.00000
v -10.97125 43.43513 13.67624 0.49412 0.50588 0.49804 1.00000
v -13.55561 45.70206 9.49548 0.49412 0.50588 0.49804 1.00000
v -11.53477 42.63434 9.59681 0.49412 0.50588 0.49804 1.00000
v -12.03605 41.55846 5.83416 0.49412 0.50588 0.49804 1.00000
v -9.45168 39.29153 10.01492 0.49412 0.50588 0.49804 1.00000
v -21.49732 42.49729 12.31390 0.49412 0.50588 0.49804 1.00000
v -22.52490 37.85202 12.95458 0.49412 0.50588 0.49804 1.00000
v -19.61861 39.32056 12.39247 0.49412 0.50588 0.49804 1.00000
v -17.63184 36.47768 12.63172 0.49412 0.50588 0.49804 1.00000
v -16.60426 41.12294 11.99104 0.49412 0.50588 0.49804 1.00000
v -12.11064 40.73827 6.50828 0.49412 0.50588 0.49804 1.00000
v -15.65367 36.87188 9.78831 0.49412 0.50588 0.49804 1.00000
v -11.19231 37.04537 8.85469 0.49412 0.50588 0.49804 1.00000
v -10.05777 33.65670 10.97873 0.49412 0.50588 0.49804 1.00000
v -6.51474 37.52309 7.69870 0.49412 0.50588 0.49804 1.00000
v -13.17934 41.05856 7.54074 0.49412 0.50588 0.49804 1.00000
v -15.24290 36.85204 10.80081 0.49412 0.50588 0.49804 1.00000
v -11.56489 37.57248 9.68230 0.49412 0.50588 0.49804 1.00000
v -9.72968 34.50102 11.60459 0.49412 0.50588 0.49804 1.00000
v -7.66613 38.70754 8.34452 0.49412 0.50588 0.49804 1.00000
v -5.29203 41.43058 13.45483 0.49412 0.50588 0.49804 1.00000
v -3.36269 45.48270 9.92793 0.49412 0.50588 0.49804 1.00000
v -5.31877 42.21158 9.11890 0.49412 0.50588 0.49804 1.00000
v -5.64236 42.84684 4.98150 0.49412 0.50588 0.49804 1.00000
v -7.57170 38.79473 8.50840 0.49412 0.50588 0.49804 1.00000
v -12.27450 43.87546 9.49019 0.49412 0.50588 0.49804 1.00000
v -15.60834 41.19596 12.26776 0.49412 0.50588 0.49804 1.00000
v -12.11925 40.58412 11.37702 0.49412 0.50588 0.49804 1.00000
v -11.68317 37.53489 12.78536 0.49412 0.50588 0.49804 1.00000
v -8.34933 40.21438 10.00779 0.49412 0.50588 0.49804 1.00000
v -10.45394 42.74059 15.39432 0.49412 0.50588 0.49804 1.00000
v -5.54887 44.07762 15.79640 0.49412 0.50588 0.49804 1.00000
v -7.40738 42.44128 13.13217 0.49412 0.50588 0.49804 1.00000
v -4.08974 42.18893 10.93566 0.49412 0.50588 0.49804 1.00000
v -8.99482 40.85190 10.53358 0.49412 0.50588 0.49804 1.00000
v -9.89207 46.28298 11.63309 0.49412 0.50588 0.49804 1.00000
v -11.80856 46.97390 6.95775 0.49412 0.50588 0.49804 1.00000
v -10.29016 44.00790 8.86190 0.49412 0.50588 0.49804 1.00000
v -10.85544 41.86588 5.52444 0.49412 0.50588 0.49804 1.00000
v -8.93895 41.17495 10.19977 0.49412 0.50588 0.49804 1.00000
v -13.77450 47.16832 13.17281 0.49412 0.50588 0.49804 1.00000
v -16.22545 44.35400 16.19178 0.49412 0.50588 0.49804 1.00000
v -13.25236 44.02176 14.03942 0.49412 0.50588 0.49804 1.00000
v -12.81385 40.73008 15.09392 0.49412 0.50588 0.49804 1.00000
v -10.36290 43.54441 12.07494 0.49412 0.50588 0.49804 1.00000
v -13.72913 40.21970 5.62179 0.49412 0.50588 0.49804 1.00000
v -16.00136 35.81952 9.26124 0.49412 0.50588 0.49804 1.00000
v -11.82152 37.24925 8.36768 0.49412 0.50588 0.49804 1.00000
v -10.11242 33.79484 11.20680 0.49412 0.50588 0.49804 1.00000
v -7.84018 38.19502 7.56735 0.49412 0.50588 0.49804 1.00000
v -13.99420 41.39021 7.06677 0.49412 0.50588 0.49804 1.00000
v -15.95402 37.11160 10.36059 0.49412 0.50588 0.49804 1.00000
v -12.07465 38.38525 9.16944 0.49412 0.50588 0.49804 1.00000
v -10.39633 34.89254 11.46900 0.49412 0.50588 0.49804 1.00000
v -8.43651 39.17115 8.17518 0.49412 0.50588 0.49804 1.00000
v -6.27240 42.00898 13.29937 0.49412 0.50588 0.49804 1.00000
v -3.14643 45.69812 10.19854 0.49412 0.50588 0.49804 1.00000
v -5.60918 42.14129 9.38499 0.49412 0.50588 0.49804 1.00000
v -4.74212 42.59925 5.19646 0.49412 0.50588 0.49804 1.00000
v -7.86810 38.91011 8.29729 0.49412 0.50588 0.49804 1.00000
v -13.58575 44.14083 8.57501 0.49412 0.50588 0.49804 1.00000
v -16.28323 40.79336 11.33744 0.49412 0.50588 0.49804 1.00000
v -12.86702 40.81987 10.56068 0.49412 0.50588 0.49804 1.00000
v -11.91465 37.74660 12.33945 0.49412 0.50588 0.49804 1.00000
v -9.21716 41.09407 9.57703 0.49412 0.50588 0.49804 1.00000
v -11.92453 42.55549 13.33317 0.49412 0.50588 0.49804 1.00000
v -8.04023 44.56826 15.97402 0.49412 0.50588 0.49804 1.00000
v -8.34710 42.83096 12.61021 0.49412 0.50588 0.49804 1.00000
v -4.99241 42.91059 11.80062 0.49412 0.50588 0.49804 1.00000
v -8.87670 40.89782 9.15978 0.49412 0.50588 0.49804 1.00000
v -8.97661 45.84608 11.51628 0.49412 0.50588 0.49804 1.00000
v -10.66341 48.01507 7.20777 0.49412 0.50588 0.49804 1.00000
v -9.84520 44.39532 8.39807 0.49412 0.50588 0.49804 1.00000
v -10.88893 42.98870 5.17847 0.49412 0.50588 0.49804 1.00000
v -9.20213 40.81971 9.48697 0.49412 0.50588 0.49804 1.00000
v -12.72010 49.06058 11.09680 0.49412 0.50588 0.49804 1.00000
v -15.30417 47.37650 14.77481 0.49412 0.50588 0.49804 1.00000
v -12.58902 46.12405 12.62702 0.49412 0.50588 0.49804 1.00000
v -12.65015 43.03992 14.45769 0.49412 0.50588 0.49804 1.00000
v -10.06608 44.72400 10.77969 0.49412 0.50588 0.49804 1.00000
v -12.11627 41.22831 5.46590 0.49412 0.50588 0.49804 1.00000
v -14.91168 36.17207 4.27150 0.49412 0.50588 0.49804 1.00000
v -12.33702 37.55870 7.54323 0.49412 0.50588 0.49804 1.00000
v -12.37585 34.15729 9.63673 0.49412 0.50588 0.49804 1.00000
v -9.58044 39.21353 10.83112 0.49412 0.50588 0.49804 1.00000
v -13.39727 41.06009 5.32416 0.49412 0.50588 0.49804 1.00000
v -15.67969 35.98711 4.91668 0.49412 0.50588 0.49804 1.00000
v -13.02759 37.98260 7.61020 0.49412 0.50588 0.49804 1.00000
v -12.93281 34.66309 9.98936 0.49412 0.50588 0.49804 1.00000
v -10.65039 39.73606 10.39683 0.49412 0.50588 0.49804 1.00000
v -14.31436 41.43002 14.64824 0.49412 0.50588 0.49804 1.00000
v -12.14360 46.56677 14.75824 0.49412 0.50588 0.49804 1.00000
v -11.54253 42.95443 12.50764 0.49412 0.50588 0.49804 1.00000
v -8.56180 44.91581 10.35573 0.49412 0.50588 0.49804 1.00000
v -10.73256 39.77906 10.24573 0.49412 0.50588 0.49804 1.00000
v -16.16641 42.36362 6.33698 0.49412 0.50588 0.49804 1.00000
v -18.16172 37.70861 6.22655 0.49412 0.50588 0.49804 1.00000
v -15.53376 38.95539 8.12445 0.49412 0.50588 0.49804 1.00000
v -14.79810 35.98830 10.03705 0.49412 0.50588 0.49804 1.00000
v -12.80279 40.64331 10.14748 0.49412 0.50588 0.49804 1.00000
v -17.93102 39.53145 11.37599 0.49412 0.50588 0.49804 1.00000
v -17.16776 41.89465 15.79134 0.49412 0.50588 0.49804 1.00000
v -14.97725 41.37038 13.18468 0.49412 0.50588 0.49804 1.00000
v -12.06805 43.00398 14.56407 0.49412 0.50588 0.49804 1.00000
v -12.83132 40.64079 10.14872 0.49412 0.50588 0.49804 1.00000
v -16.28010 44.65263 11.09121 0.49412 0.50588 0.49804 1.00000
v -15.05125 46.99392 6.77024 0.49412 0.50588 0.49804 1.00000
v -13.96676 43.75711 8.69677 0.49412 0.50588 0.49804 1.00000
v -11.61534 42.99303 5.81428 0.49412 0.50588 0.49804 1.00000
v -12.84418 40.65174 10.13526 0.49412 0.50588 0.49804 1.00000
v -15.54981 46.77725 4.51863 0.49412 0.50588 0.49804 1.00000
v -17.93076 43.28126 2.24922 0.49412 0.50588 0.49804 1.00000
v -16.36207 43.23227 5.15055 0.49412 0.50588 0.49804 1.00000
v -17.16118 39.93135 6.00345 0.49412 0.50588 0.49804 1.00000
v -14.78022 43.42733 8.27286 0.49412 0.50588 0.49804 1.00000
v -11.39467 37.27264 2.10555 0.49412 0.50588 0.49804 1.00000
v -12.46035 30.76656 2.36966 0.49412 0.50588 0.49804 1.00000
v -9.01415 34.01474 4.18886 0.49412 0.50588 0.49804 1.00000
v -6.73250 30.33801 6.37986 0.49412 0.50588 0.49804 1.00000
v -5.66681 36.84410 6.11575 0.49412 0.50588 0.49804 1.00000
v -12.02587 37.68439 3.60745 0.49412 0.50588 0.49804 1.00000
v -13.25310 31.81739 3.73928 0.49412 0.50588 0.49804 1.00000
v -9.82202 34.49343 5.13850 0.49412 0.50588 0.49804 1.00000
v -7.70826 31.10915 6.79840 0.49412 0.50588 0.49804 1.00000
v -6.48104 36.97615 6.66658 0.49412 0.50588 0.49804 1.00000
v -8.37962 36.71379 12.04757 0.49412 0.50588 0.49804 1.00000
v -8.01902 42.65706 12.74938 0.49412 0.50588 0.49804 1.00000
v -7.33428 40.10735 9.35231 0.49412 0.50588 0.49804 1.00000
v -6.16007 42.94803 6.67491 0.49412 0.50588 0.49804 1.00000
v -6.52068 37.00475 5.97311 0.49412 0.50588 0.49804 1.00000
v -11.59390 40.01614 3.48834 0.49412 0.50588 0.49804 1.00000
v -14.39119 35.78836 2.29774 0.49412 0.50588 0.49804 1.00000
v -11.78599 36.42203 4.90622 0.49412 0.50588 0.49804 1.00000
v -11.58201 33.23625 6.30085 0.49412 0.50588 0.49804 1.00000
v -8.78471 37.46402 7.49145 0.49412 0.50588 0.49804 1.00000
v -14.97817 37.89741 8.48545 0.49412 0.50588 0.49804 1.00000
v -13.63120 40.19698 12.95916 0.49412 0.50588 0.49804 1.00000
v -11.71119 38.90007 9.76545 0.49412 0.50588 0.49804 1.00000
v -8.29371 40.04548 11.64046 0.49412 0.50588 0.49804 1.00000
v -9.64068 37.74591 7.16675 0.49412 0.50588 0.49804 1.00000
v -12.75691 40.89987 8.15188 0.49412 0.50588 0.49804 1.00000
v -11.73664 43.99609 4.09123 0.49412 0.50588 0.49804 1.00000
v -10.19012 40.75685 5.34774 0.49412 0.50588 0.49804 1.00000
v -7.66493 40.44381 2.93370 0.49412 0.50588 0.49804 1.00000
v -8.68520 37.34758 6.99435 0.49412 0.50588 0.49804 1.00000
v -15.07336 38.84497 -0.35759 0.49412 0.50588 0.49804 1.00000
v -15.06752 34.05972 0.02135 0.49412 0.50588 0.49804 1.00000
v -14.06568 36.70239 2.17079 0.49412 0.50588 0.49804 1.00000
v -12.94171 34.15025 4.64847 0.49412 0.50588 0.49804 1.00000
v -12.94756 38.93551 4.26953 0.49412 0.50588 0.49804 1.00000
v -7.72052 40.49088 9.19641 0.49412 0.50588 0.49804 1.00000
v -8.59639 34.77900 12.82860 0.49412 0.50588 0.49804 1.00000
v -4.84405 36.70015 9.86264 0.49412 0.50588 0.49804 1.00000
v -1.93433 32.83640 10.69264 0.49412 0.50588 0.49804 1.00000
v -1.05846 38.54827 7.06045 0.49412 0.50588 0.49804 1.00000
v -6.28893 42.45448 11.42911 0.49412 0.50588 0.49804 1.00000
v -7.43101 37.61612 15.09343 0.49412 0.50588 0.49804 1.00000
v -4.26130 38.36530 12.13126 0.49412 0.50588 0.49804 1.00000
v -2.21345 34.67670 12.44120 0.49412 0.50588 0.49804 1.00000
v -1.07138 39.51506 8.77687 0.49412 0.50588 0.49804 1.00000
v 3.12951 42.06127 13.04796 0.49412 0.50588 0.49804 1.00000
v 3.42461 47.38144 9.92545 0.49412 0.50588 0.49804 1.00000
v 0.97919 43.38006 9.56434 0.49412 0.50588 0.49804 1.00000
v -1.23117 45.07422 5.91920 0.49412 0.50588 0.49804 1.00000
v -1.52627 39.75405 9.04170 0.49412 0.50588 0.49804 1.00000
v -2.19631 44.62256 16.19167 0.49412 0.50588 0.49804 1.00000
v -1.02135 40.55761 19.56626 0.49412 0.50588 0.49804 1.00000
v -0.62264 40.86473 15.79924 0.49412 0.50588 0.49804 1.00000
v 0.63651 37.47470 15.03663 0.49412 0.50588 0.49804 1.00000
v -0.53845 41.53964 11.66205 0.49412 0.50588 0.49804 1.00000
v 2.51060 41.78575 16.16273 0.49412 0.50588 0.49804 1.00000
v 6.66676 44.08397 13.56724 0.49412 0.50588 0.49804 1.00000
v 2.93774 43.06036 12.51092 0.49412 0.50588 0.49804 1.00000
v 3.15858 44.07491 9.01544 0.49412 0.50588 0.49804 1.00000
v -0.99759 41.77668 11.61094 0.49412 0.50588 0.49804 1.00000
v 1.93788 46.33587 13.82138 0.49412 0.50588 0.49804 1.00000
v -2.66855 48.97834 14.86559 0.49412 0.50588 0.49804 1.00000
v -1.56756 45.26664 13.30700 0.49412 0.50588 0.49804 1.00000
v -5.35371 44.24703 13.04980 0.49412 0.50588 0.49804 1.00000
v -0.74728 41.60456 12.00560 0.49412 0.50588 0.49804 1.00000
v -6.02139 45.86779 20.36405 0.49412 0.50588 0.49804 1.00000
v -7.35958 41.98623 22.85154 0.49412 0.50588 0.49804 1.00000
v -5.20836 42.56249 20.04000 0.49412 0.50588 0.49804 1.00000
v -4.40132 39.48996 19.53728 0.49412 0.50588 0.49804 1.00000
v -3.06313 43.37152 17.04979 0.49412 0.50588 0.49804 1.00000
v -1.04120 43.06156 15.11252 0.49412 0.50588 0.49804 1.00000
v 2.78890 38.84878 17.45821 0.49412 0.50588 0.49804 1.00000
v 0.78575 39.27390 13.47123 0.49412 0.50588 0.49804 1.00000
v 2.20133 35.82336 11.70367 0.49412 0.50588 0.49804 1.00000
v -1.62876 40.03614 9.35798 0.49412 0.50588 0.49804 1.00000
v 0.60354 42.93834 15.96759 0.49412 0.50588 0.49804 1.00000
v 3.95976 38.36986 16.94695 0.49412 0.50588 0.49804 1.00000
v 1.57782 39.94935 13.57017 0.49412 0.50588 0.49804 1.00000
v 2.75741 36.53943 11.25228 0.49412 0.50588 0.49804 1.00000
v -0.59881 41.10792 10.27292 0.49412 0.50588 0.49804 1.00000
v 3.58652 43.86412 6.63550 0.49412 0.50588 0.49804 1.00000
v 0.04223 48.30562 5.73802 0.49412 0.50588 0.49804 1.00000
v -0.07502 44.48841 7.97849 0.49412 0.50588 0.49804 1.00000
v -4.06777 45.59761 9.32750 0.49412 0.50588 0.49804 1.00000
v -0.52347 41.15611 10.22498 0.49412 0.50588 0.49804 1.00000
v 3.67414 45.04902 15.78265 0.49412 0.50588 0.49804 1.00000
v 6.46303 40.77887 16.14251 0.49412 0.50588 0.49804 1.00000
v 4.08361 41.80674 13.68563 0.49412 0.50588 0.49804 1.00000
v 4.48112 38.70787 11.52920 0.49412 0.50588 0.49804 1.00000
v 1.69223 42.97802 11.16935 0.49412 0.50588 0.49804 1.00000
v 7.36169 44.26243 10.42356 0.49412 0.50588 0.49804 1.00000
v 6.07679 46.03938 5.80479 0.49412 0.50588 0.49804 1.00000
v 4.11081 44.45438 8.42244 0.49412 0.50588 0.49804 1.00000
v 0.81565 44.76646 6.25736 0.49412 0.50588 0.49804 1.00000
v 2.10055 42.98952 10.87613 0.49412 0.50588 0.49804 1.00000
v 4.32358 47.53090 10.25811 0.49412 0.50588 0.49804 1.00000
v 1.57866 49.51591 14.08782 0.49412 0.50588 0.49804 1.00000
v 1.42686 46.30449 12.55780 0.49412 0.50588 0.49804 1.00000
v -1.15650 44.87050 14.73169 0.49412 0.50588 0.49804 1.00000
v 1.58842 42.88548 10.90198 0.49412 0.50588 0.49804 1.00000
v 5.70976 50.17240 15.22626 0.49412 0.50588 0.49804 1.00000
v 8.75175 46.81085 16.80346 0.49412 0.50588 0.49804 1.00000
v 6.14545 46.77108 14.46332 0.49412 0.50588 0.49804 1.00000
v 6.77340 43.14005 13.86978 0.49412 0.50588 0.49804 1.00000
v 3.73141 46.50160 12.29258 0.49412 0.50588 0.49804 1.00000
v -4.35924 44.42789 16.38276 0.49412 0.50588 0.49804 1.00000
v -2.00219 41.34807 20.84269 0.49412 0.50588 0.49804 1.00000
v -1.27440 41.66707 16.43262 0.49412 0.50588 0.49804 1.00000
v 1.96417 38.85135 16.65311 0.49412 0.50588 0.49804 1.00000
v -0.39288 41.93118 12.19317 0.49412 0.50588 0.49804 1.00000
v -3.29873 45.50810 16.84552 0.49412 0.50588 0.49804 1.00000
v -1.00487 42.58900 21.01823 0.49412 0.50588 0.49804 1.00000
v -0.73733 42.70376 16.70233 0.49412 0.50588 0.49804 1.00000
v 2.12786 39.80781 16.82911 0.49412 0.50588 0.49804 1.00000
v -0.16601 42.72691 12.65641 0.49412 0.50588 0.49804 1.00000
v 4.54654 45.92881 12.30987 0.49412 0.50588 0.49804 1.00000
v 2.42974 49.16220 8.27766 0.49412 0.50588 0.49804 1.00000
v 1.09258 45.81440 10.51973 0.49412 0.50588 0.49804 1.00000
v -2.52042 45.92373 8.72829 0.49412 0.50588 0.49804 1.00000
v -0.40362 42.69033 12.76050 0.49412 0.50588 0.49804 1.00000
v -1.27063 48.19332 16.61925 0.49412 0.50588 0.49804 1.00000
v 0.56109 46.27337 20.93749 0.49412 0.50588 0.49804 1.00000
v 0.62434 45.22541 17.27604 0.49412 0.50588 0.49804 1.00000
v 2.42503 42.34407 17.76646 0.49412 0.50588 0.49804 1.00000
v 0.59332 44.26402 13.44822 0.49412 0.50588 0.49804 1.00000
v 3.36647 46.74566 17.06605 0.49412 0.50588 0.49804 1.00000
v 6.62605 48.57533 13.64318 0.49412 0.50588 0.49804 1.00000
v 3.39814 46.57837 13.47371 0.49412 0.50588 0.49804 1.00000
v 3.34907 46.28768 10.03037 0.49412 0.50588 0.49804 1.00000
v 0.08950 44.45801 13.45324 0.49412 0.50588 0.49804 1.00000
v 2.05803 49.80205 13.54965 0.49412 0.50588 0.49804 1.00000
v -2.79905 51.16634 14.03557 0.49412 0.50588 0.49804 1.00000
v -1.38330 47.99449 13.93380 0.49412 0.50588 0.49804 1.00000
v -4.45482 46.05499 14.27325 0.49412 0.50588 0.49804 1.00000
v 0.40226 44.69070 13.78734 0.49412 0.50588 0.49804 1.00000
v 0.03677 52.86280 15.85502 0.49412 0.50588 0.49804 1.00000
v 2.61516 52.64444 19.89795 0.49412 0.50588 0.49804 1.00000
v 2.02458 50.35181 17.34613 0.49412 0.50588 0.49804 1.00000
v 3.67269 47.84239 18.57218 0.49412 0.50588 0.49804 1.00000
v 1.09430 48.06075 14.52924 0.49412 0.50588 0.49804 1.00000
v -6.42528 43.06875 11.91448 0.49412 0.50588 0.49804 1.00000
v -8.38201 38.23529 15.01102 0.49412 0.50588 0.49804 1.00000
v -4.56800 39.15956 13.04522 0.49412 0.50588 0.49804 1.00000
v -2.64419 35.70419 13.64888 0.49412 0.50588 0.49804 1.00000
v -0.68746 40.53765 10.55235 0.49412 0.50588 0.49804 1.00000
v -6.95089 42.74754 13.27820 0.49412 0.50588 0.49804 1.00000
v -7.91836 37.79380 15.89934 0.49412 0.50588 0.49804 1.00000
v -4.63013 39.65005 13.66005 0.49412 0.50588 0.49804 1.00000
v -2.32108 36.27645 14.23082 0.49412 0.50588 0.49804 1.00000
v -1.35361 41.23018 11.60968 0.49412 0.50588 0.49804 1.00000
v 2.12536 42.88844 16.11238 0.49412 0.50588 0.49804 1.00000
v 2.66517 48.00071 13.67942 0.49412 0.50588 0.49804 1.00000
v 0.63288 44.81617 12.52369 0.49412 0.50588 0.49804 1.00000
v -1.04396 46.39021 9.20222 0.49412 0.50588 0.49804 1.00000
v -1.58377 41.27794 11.63517 0.49412 0.50588 0.49804 1.00000
v -6.19928 44.24387 16.23561 0.49412 0.50588 0.49804 1.00000
v -7.10373 39.88348 18.70367 0.49412 0.50588 0.49804 1.00000
v -4.48822 41.15266 16.12524 0.49412 0.50588 0.49804 1.00000
v -2.71683 37.95600 16.19608 0.49412 0.50588 0.49804 1.00000
v -1.81238 42.31639 13.72802 0.49412 0.50588 0.49804 1.00000
v -0.90352 42.67678 19.60633 0.49412 0.50588 0.49804 1.00000
v 3.53015 44.87941 18.41750 0.49412 0.50588 0.49804 1.00000
v 0.52487 43.59619 16.42683 0.49412 0.50588 0.49804 1.00000
v 2.46159 44.64878 13.13963 0.49412 0.50588 0.49804 1.00000
v -1.97208 42.44616 14.32846 0.49412 0.50588 0.49804 1.00000
v -1.18991 46.49899 17.19052 0.49412 0.50588 0.49804 1.00000
v -5.27866 48.83580 15.25564 0.49412 0.50588 0.49804 1.00000
v -3.81250 45.72618 14.42569 0.49412 0.50588 0.49804 1.00000
v -6.11541 44.71589 11.86347 0.49412 0.50588 0.49804 1.00000
v -2.02667 42.37907 13.79836 0.49412 0.50588 0.49804 1.00000
v -6.98362 48.57738 16.50686 0.49412 0.50588 0.49804 1.00000
v -10.16669 45.86879 18.86753 0.49412 0.50588 0.49804 1.00000
v -7.11153 45.13696 17.47211 0.49412 0.50588 0.49804 1.00000
v -6.98191 41.97745 18.11753 0.49412 0.50588 0.49804 1.00000
v -3.79883 44.68605 15.75686 0.49412 0.50588 0.49804 1.00000
v -8.68947 40.04512 10.70017 0.49412 0.50588 0.49804 1.00000
v -8.09540 33.86434 11.90099 0.49412 0.50588 0.49804 1.00000
v -5.11294 36.93280 10.56054 0.49412 0.50588 0.49804 1.00000
v -1.53173 33.62383 10.46006 0.49412 0.50588 0.49804 1.00000
v -2.12579 39.80462 9.25923 0.49412 0.50588 0.49804 1.00000
v -7.91265 40.79771 11.55765 0.49412 0.50588 0.49804 1.00000
v -8.54423 35.19094 12.89667 0.49412 0.50588 0.49804 1.00000
v -5.24537 37.84309 11.48547 0.49412 0.50588 0.49804 1.00000
v -2.57014 34.48093 11.62071 0.49412 0.50588 0.49804 1.00000
v -1.93855 40.08770 10.28169 0.49412 0.50588 0.49804 1.00000
v 0.96212 40.88913 15.59393 0.49412 0.50588 0.49804 1.00000
v 1.48098 46.52162 14.31585 0.49412 0.50588 0.49804 1.00000
v -0.17849 43.51916 12.21298 0.49412 0.50588 0.49804 1.00000
v -1.47404 45.71943 8.97621 0.49412 0.50588 0.49804 1.00000
v -1.99291 40.08693 10.25428 0.49412 0.50588 0.49804 1.00000
v -8.19980 41.64419 11.49393 0.49412 0.50588 0.49804 1.00000
v -9.51760 36.68640 11.48300 0.49412 0.50588 0.49804 1.00000
v -6.30476 38.35095 12.01513 0.49412 0.50588 0.49804 1.00000
v -4.29347 35.56969 12.46950 0.49412 0.50588 0.49804 1.00000
v -2.97568 40.52748 12.48043 0.49412 0.50588 0.49804 1.00000
v -7.04422 38.55019 16.69612 0.49412 0.50588 0.49804 1.00000
v -4.29954 41.43550 19.93003 0.49412 0.50588 0.49804 1.00000
v -4.19898 40.89723 16.19455 0.49412 0.50588 0.49804 1.00000
v -1.06619 43.33295 15.97554 0.49412 0.50588 0.49804 1.00000
v -3.81087 40.44764 12.74164 0.49412 0.50588 0.49804 1.00000
v -7.84882 43.40117 15.36134 0.49412 0.50588 0.49804 1.00000
v -9.02093 45.51844 10.83810 0.49412 0.50588 0.49804 1.00000
v -6.41547 43.09604 11.86981 0.49412 0.50588 0.49804 1.00000
v -5.04194 42.94894 8.13874 0.49412 0.50588 0.49804 1.00000
v -3.86983 40.83166 12.66197 0.49412 0.50588 0.49804 1.00000
v -11.09430 43.46634 11.24634 0.49412 0.50588 0.49804 1.00000
v -13.44414 39.30437 10.80121 0.49412 0.50588 0.49804 1.00000
v -10.18769 40.25166 11.97369 0.49412 0.50588 0.49804 1.00000
v -9.20175 37.17996 12.68882 0.49412 0.50588 0.49804 1.00000
v -6.85191 41.34194 13.13395 0.49412 0.50588 0.49804 1.00000
v 8.23658 37.97996 5.05919 0.49412 0.50588 0.49804 1.00000
v 11.74829 32.14221 5.97582 0.49412 0.50588 0.49804 1.00000
v 8.23677 33.71744 2.60779 0.49412 0.50588 0.49804 1.00000
v 8.03567 29.76450 0.15526 0.49412 0.50588 0.49804 1.00000
v 4.52396 35.60225 -0.76137 0.49412 0.50588 0.49804 1.00000
v 8.03664 36.83292 7.29071 0.49412 0.50588 0.49804 1.00000
v 9.40121 30.72596 6.83385 0.49412 0.50588 0.49804 1.00000
v 8.17428 34.06268 3.77760 0.49412 0.50588 0.49804 1.00000
v 8.24104 30.54712 0.30194 0.49412 0.50588 0.49804 1.00000
v 6.87647 36.65408 0.75881 0.49412 0.50588 0.49804 1.00000
v 12.50935 37.54725 -2.32927 0.49412 0.50588 0.49804 1.00000
v 11.43381 43.61014 -3.53352 0.49412 0.50588 0.49804 1.00000
v 8.92647 39.98433 -1.71648 0.49412 0.50588 0.49804 1.00000
v 5.34807 42.60608 -1.00876 0.49412 0.50588 0.49804 1.00000
v 6.42361 36.54319 0.19549 0.49412 0.50588 0.49804 1.00000
v 12.21800 42.44263 2.66586 0.49412 0.50588 0.49804 1.00000
v 15.78568 38.33387 2.24708 0.49412 0.50588 0.49804 1.00000
v 12.46848 38.80375 0.57756 0.49412 0.50588 0.49804 1.00000
v 12.40742 35.45636 -1.47064 0.49412 0.50588 0.49804 1.00000
v 8.83973 39.56512 -1.05186 0.49412 0.50588 0.49804 1.00000
v 14.19866 41.18374 -4.10789 0.49412 0.50588 0.49804 1.00000
v 10.90180 42.91383 -8.09828 0.49412 0.50588 0.49804 1.00000
v 10.22823 41.32135 -4.51691 0.49412 0.50588 0.49804 1.00000
v 6.03553 41.44509 -5.32461 0.49412 0.50588 0.49804 1.00000
v 9.33239 39.71500 -1.33423 0.49412 0.50588 0.49804 1.00000
v 11.34509 45.38698 -1.83629 0.49412 0.50588 0.49804 1.00000
v 9.53643 46.35790 3.22056 0.49412 0.50588 0.49804 1.00000
v 9.37949 43.17271 0.87582 0.49412 0.50588 0.49804 1.00000
v 7.27213 41.06551 3.89972 0.49412 0.50588 0.49804 1.00000
v 9.08079 40.09459 -1.15713 0.49412 0.50588 0.49804 1.00000
v 20.92198 38.93047 9.08415 0.49412 0.50588 0.49804 1.00000
v 20.80942 34.14374 8.73749 0.49412 0.50588 0.49804 1.00000
v 18.94149 36.81018 7.24909 0.49412 0.50588 0.49804 1.00000
v 16.89991 34.14083 5.49513 0.49412 0.50588 0.49804 1.00000
v 17.01247 38.92756 5.84178 0.49412 0.50588 0.49804 1.00000
v 12.19079 41.01605 -5.68983 0.49412 0.50588 0.49804 1.00000
v 10.14345 36.50917 -9.26348 0.49412 0.50588 0.49804 1.00000
v 9.09970 37.54995 -5.28524 0.49412 0.50588 0.49804 1.00000
v 6.09633 34.47880 -4.62658 0.49412 0.50588 0.49804 1.00000
v 8.14368 38.98568 -1.05293 0.49412 0.50588 0.49804 1.00000
v 10.45823 42.49781 -5.60047 0.49412 0.50588 0.49804 1.00000
v 9.13913 38.84499 -9.79429 0.49412 0.50588 0.49804 1.00000
v 8.26684 39.02592 -5.64851 0.49412 0.50588 0.49804 1.00000
v 6.14658 35.75854 -5.50211 0.49412 0.50588 0.49804 1.00000
v 7.46568 39.41137 -1.30829 0.49412 0.50588 0.49804 1.00000
v 2.40792 42.27008 -2.05038 0.49412 0.50588 0.49804 1.00000
v 4.01505 46.60451 1.31134 0.49412 0.50588 0.49804 1.00000
v 5.86236 42.96108 -0.22161 0.49412 0.50588 0.49804 1.00000
v 9.47814 43.97713 1.64165 0.49412 0.50588 0.49804 1.00000
v 7.87101 39.64270 -1.72007 0.49412 0.50588 0.49804 1.00000
v 8.25648 44.41610 -6.96578 0.49412 0.50588 0.49804 1.00000
v 6.87059 41.26394 -10.72890 0.49412 0.50588 0.49804 1.00000
v 6.74327 41.10849 -6.93007 0.49412 0.50588 0.49804 1.00000
v 5.30491 37.94249 -6.74285 0.49412 0.50588 0.49804 1.00000
v 6.69081 41.09465 -2.97973 0.49412 0.50588 0.49804 1.00000
v 3.16363 42.25406 -6.94541 0.49412 0.50588 0.49804 1.00000
v -0.16265 44.18670 -3.59599 0.49412 0.50588 0.49804 1.00000
v 3.43533 42.65573 -3.46874 0.49412 0.50588 0.49804 1.00000
v 3.65412 43.31261 0.13820 0.49412 0.50588 0.49804 1.00000
v 6.98040 41.37998 -3.21122 0.49412 0.50588 0.49804 1.00000
v 4.80324 46.12102 -4.37721 0.49412 0.50588 0.49804 1.00000
v 9.35470 48.31692 -5.07011 0.49412 0.50588 0.49804 1.00000
v 7.98487 44.74975 -4.09191 0.49412 0.50588 0.49804 1.00000
v 11.45524 43.44424 -4.02688 0.49412 0.50588 0.49804 1.00000
v 6.90379 41.24834 -3.33398 0.49412 0.50588 0.49804 1.00000
v 6.19613 49.21950 -9.02415 0.49412 0.50588 0.49804 1.00000
v 4.50998 45.97985 -12.13907 0.49412 0.50588 0.49804 1.00000
v 5.26411 45.79708 -8.77393 0.49412 0.50588 0.49804 1.00000
v 4.30427 42.15630 -8.77821 0.49412 0.50588 0.49804 1.00000
v 5.99042 45.39596 -5.66328 0.49412 0.50588 0.49804 1.00000
v 5.47595 40.28435 5.55453 0.49412 0.50588 0.49804 1.00000
v 9.27691 35.91001 7.82407 0.49412 0.50588 0.49804 1.00000
v 8.38771 36.99919 3.74112 0.49412 0.50588 0.49804 1.00000
v 11.27643 33.95118 1.83772 0.49412 0.50588 0.49804 1.00000
v 7.47548 38.32551 -0.43182 0.49412 0.50588 0.49804 1.00000
v 6.79752 42.26511 4.04184 0.49412 0.50588 0.49804 1.00000
v 9.90242 39.08705 7.66481 0.49412 0.50588 0.49804 1.00000
v 9.36320 38.81919 3.65473 0.49412 0.50588 0.49804 1.00000
v 11.43714 35.63150 2.92367 0.49412 0.50588 0.49804 1.00000
v 8.33224 38.80957 -0.69930 0.49412 0.50588 0.49804 1.00000
v 13.11113 41.84419 -2.06143 0.49412 0.50588 0.49804 1.00000
v 10.18193 45.89503 -4.86800 0.49412 0.50588 0.49804 1.00000
v 9.17274 42.36042 -2.52052 0.49412 0.50588 0.49804 1.00000
v 5.11594 43.10401 -2.94901 0.49412 0.50588 0.49804 1.00000
v 8.04514 39.05317 -0.14243 0.49412 0.50588 0.49804 1.00000
v 8.49766 45.19722 3.70019 0.49412 0.50588 0.49804 1.00000
v 12.30249 44.13465 6.93861 0.49412 0.50588 0.49804 1.00000
v 11.05894 42.53991 3.75679 0.49412 0.50588 0.49804 1.00000
v 13.36919 39.93219 3.67123 0.49412 0.50588 0.49804 1.00000
v 9.56436 40.99477 0.43281 0.49412 0.50588 0.49804 1.00000
v 13.97395 44.49775 1.71818 0.49412 0.50588 0.49804 1.00000
v 14.22365 45.30112 -3.32021 0.49412 0.50588 0.49804 1.00000
v 11.94639 43.35839 -1.41451 0.49412 0.50588 0.49804 1.00000
v 9.82752 42.25922 -4.27696 0.49412 0.50588 0.49804 1.00000
v 9.57783 41.45585 0.76144 0.49412 0.50588 0.49804 1.00000
v 9.44872 47.21519 -0.02294 0.49412 0.50588 0.49804 1.00000
v 4.98841 47.25498 2.46649 0.49412 0.50588 0.49804 1.00000
v 7.45215 44.54013 1.53013 0.49412 0.50588 0.49804 1.00000
v 5.03980 41.87744 3.18178 0.49412 0.50588 0.49804 1.00000
v 9.50011 41.83764 0.69235 0.49412 0.50588 0.49804 1.00000
v 9.18134 49.57805 4.40707 0.49412 0.50588 0.49804 1.00000
v 10.79889 47.64753 8.49344 0.49412 0.50588 0.49804 1.00000
v 10.44264 46.52084 5.05578 0.49412 0.50588 0.49804 1.00000
v 11.91162 43.32968 6.02497 0.49412 0.50588 0.49804 1.00000
v 10.29407 45.26020 1.93860 0.49412 0.50588 0.49804 1.00000
v 8.81014 41.86715 5.34141 0.49412 0.50588 0.49804 1.00000
v 10.95619 36.51539 6.16719 0.49412 0.50588 0.49804 1.00000
v 10.55312 38.92472 2.74061 0.49412 0.50588 0.49804 1.00000
v 12.37215 35.65327 0.20637 0.49412 0.50588 0.49804 1.00000
v 10.22609 41.00503 -0.61941 0.49412 0.50588 0.49804 1.00000
v 9.31936 43.07679 4.76303 0.49412 0.50588 0.49804 1.00000
v 11.13334 38.19273 6.60103 0.49412 0.50588 0.49804 1.00000
v 11.08842 39.55787 3.09508 0.49412 0.50588 0.49804 1.00000
v 12.71596 36.44427 1.23915 0.49412 0.50588 0.49804 1.00000
v 10.90197 41.32833 -0.59885 0.49412 0.50588 0.49804 1.00000
v 16.33071 42.86701 -1.26663 0.49412 0.50588 0.49804 1.00000
v 14.92512 47.85537 -3.18062 0.49412 0.50588 0.49804 1.00000
v 12.84783 44.45983 -1.91101 0.49412 0.50588 0.49804 1.00000
v 9.31056 46.26496 -2.49172 0.49412 0.50588 0.49804 1.00000
v 10.71615 41.27660 -0.57772 0.49412 0.50588 0.49804 1.00000
v 11.90315 43.86242 6.25411 0.49412 0.50588 0.49804 1.00000
v 13.59623 39.22960 7.32646 0.49412 0.50588 0.49804 1.00000
v 12.89060 40.77893 4.22255 0.49412 0.50588 0.49804 1.00000
v 13.92272 37.80263 2.16537 0.49412 0.50588 0.49804 1.00000
v 12.22965 42.43546 1.09302 0.49412 0.50588 0.49804 1.00000
v 16.25217 41.98941 3.65606 0.49412 0.50588 0.49804 1.00000
v 19.28218 44.17809 0.26367 0.49412 0.50588 0.49804 1.00000
v 15.66382 43.37285 0.30935 0.49412 0.50588 0.49804 1.00000
v 14.93119 44.56044 -2.85830 0.49412 0.50588 0.49804 1.00000
v 11.90118 42.37177 0.53409 0.49412 0.50588 0.49804 1.00000
v 15.04036 46.97887 2.91552 0.49412 0.50588 0.49804 1.00000
v 10.59931 48.51825 4.75588 0.49412 0.50588 0.49804 1.00000
v 11.76691 45.49756 2.81049 0.49412 0.50588 0.49804 1.00000
v 8.05480 44.23579 2.79859 0.49412 0.50588 0.49804 1.00000
v 12.49586 42.69641 0.95823 0.49412 0.50588 0.49804 1.00000
v 10.91033 48.07612 6.66342 0.49412 0.50588 0.49804 1.00000
v 10.65189 44.95566 10.30168 0.49412 0.50588 0.49804 1.00000
v 11.63274 44.61145 7.00296 0.49412 0.50588 0.49804 1.00000
v 12.26797 41.37268 7.05459 0.49412 0.50588 0.49804 1.00000
v 12.52640 44.49314 3.41633 0.49412 0.50588 0.49804 1.00000
v 11.81027 42.03615 4.15409 0.49412 0.50588 0.49804 1.00000
v 13.17758 36.50542 5.39721 0.49412 0.50588 0.49804 1.00000
v 11.75268 38.47161 1.86788 0.49412 0.50588 0.49804 1.00000
v 11.54668 35.21281 -0.44373 0.49412 0.50588 0.49804 1.00000
v 10.17937 40.74353 -1.68685 0.49412 0.50588 0.49804 1.00000
v 13.06064 42.46866 3.75433 0.49412 0.50588 0.49804 1.00000
v 14.54943 37.28632 4.97901 0.49412 0.50588 0.49804 1.00000
v 12.87430 38.81937 1.78233 0.49412 0.50588 0.49804 1.00000
v 12.41960 35.70430 -0.24045 0.49412 0.50588 0.49804 1.00000
v 10.93080 40.88665 -1.46513 0.49412 0.50588 0.49804 1.00000
v 16.49546 42.57647 -4.16359 0.49412 0.50588 0.49804 1.00000
v 14.59196 47.76184 -3.91515 0.49412 0.50588 0.49804 1.00000
v 13.12844 44.32520 -2.59128 0.49412 0.50588 0.49804 1.00000
v 9.70103 46.31552 -0.99608 0.49412 0.50588 0.49804 1.00000
v 11.60452 41.13015 -1.24452 0.49412 0.50588 0.49804 1.00000
v 16.01561 42.03198 3.93271 0.49412 0.50588 0.49804 1.00000
v 17.02782 37.10127 4.33132 0.49412 0.50588 0.49804 1.00000
v 14.97352 39.43710 1.95440 0.49412 0.50588 0.49804 1.00000
v 14.15930 36.47277 -0.13596 0.49412 0.50588 0.49804 1.00000
v 13.14709 41.40348 -0.53457 0.49412 0.50588 0.49804 1.00000
v 17.45675 39.53665 0.15080 0.49412 0.50588 0.49804 1.00000
v 19.27940 41.63534 -4.06451 0.49412 0.50588 0.49804 1.00000
v 16.06556 41.85343 -2.51830 0.49412 0.50588 0.49804 1.00000
v 14.41769 43.70462 -4.74133 0.49412 0.50588 0.49804 1.00000
v 12.59505 41.60593 -0.52603 0.49412 0.50588 0.49804 1.00000
v 17.58719 44.83963 -0.70251 0.49412 0.50588 0.49804 1.00000
v 15.67097 47.03184 3.42273 0.49412 0.50588 0.49804 1.00000
v 14.44676 44.39287 1.55665 0.49412 0.50588 0.49804 1.00000
v 11.44141 43.75138 3.65934 0.49412 0.50588 0.49804 1.00000
v 13.35763 41.55917 -0.46589 0.49412 0.50588 0.49804 1.00000
v 13.76451 43.36094 7.59427 0.49412 0.50588 0.49804 1.00000
v 13.97395 38.76447 8.96163 0.49412 0.50588 0.49804 1.00000
v 14.12912 40.52402 5.79485 0.49412 0.50588 0.49804 1.00000
v 14.64152 37.55893 4.04664 0.49412 0.50588 0.49804 1.00000
v 14.43208 42.15539 2.67928 0.49412 0.50588 0.49804 1.00000
v -4.20710 46.20499 -8.20076 0.49412 0.50588 0.49804 1.00000
v -7.37885 41.73910 -11.89922 0.49412 0.50588 0.49804 1.00000
v -6.56591 42.26178 -7.07576 0.49412 0.50588 0.49804 1.00000
v -8.82357 38.54897 -5.80926 0.49412 0.50588 0.49804 1.00000
v -5.65182 43.01485 -2.11080 0.49412 0.50588 0.49804 1.00000
v -4.03741 45.92272 -9.91590 0.49412 0.50588 0.49804 1.00000
v -5.91459 40.56059 -12.25589 0.49412 0.50588 0.49804 1.00000
v -6.07653 42.57079 -8.07970 0.49412 0.50588 0.49804 1.00000
v -8.29778 38.88069 -6.40977 0.49412 0.50588 0.49804 1.00000
v -6.42060 44.24282 -4.06979 0.49412 0.50588 0.49804 1.00000
v -12.69596 47.46054 -4.09405 0.49412 0.50588 0.49804 1.00000
v -9.92087 52.29707 -1.51362 0.49412 0.50588 0.49804 1.00000
v -8.50658 48.19088 -2.94288 0.49412 0.50588 0.49804 1.00000
v -4.13711 49.28273 -1.44606 0.49412 0.50588 0.49804 1.00000
v -6.91220 44.44620 -4.02648 0.49412 0.50588 0.49804 1.00000
v -9.22905 49.33595 -10.30032 0.49412 0.50588 0.49804 1.00000
v -12.00480 45.15870 -12.30367 0.49412 0.50588 0.49804 1.00000
v -10.31209 46.11567 -8.67822 0.49412 0.50588 0.49804 1.00000
v -11.61952 42.61146 -7.17428 0.49412 0.50588 0.49804 1.00000
v -8.84377 46.78872 -5.17092 0.49412 0.50588 0.49804 1.00000
v -13.45073 47.52552 -7.49976 0.49412 0.50588 0.49804 1.00000
v -15.72487 49.76284 -3.14196 0.49412 0.50588 0.49804 1.00000
v -12.10219 48.30996 -3.91159 0.49412 0.50588 0.49804 1.00000
v -10.66275 48.91960 -0.56411 0.49412 0.50588 0.49804 1.00000
v -8.38861 46.68229 -4.92191 0.49412 0.50588 0.49804 1.00000
v -11.89251 51.02507 -5.38501 0.49412 0.50588 0.49804 1.00000
v -8.27752 53.89780 -8.18624 0.49412 0.50588 0.49804 1.00000
v -8.31844 50.19456 -6.75759 0.49412 0.50588 0.49804 1.00000
v -4.93842 49.23730 -7.90509 0.49412 0.50588 0.49804 1.00000
v -8.55341 46.36457 -5.10386 0.49412 0.50588 0.49804 1.00000
v -12.00220 50.60027 -15.58179 0.49412 0.50588 0.49804 1.00000
v -13.07358 46.47736 -17.79485 0.49412 0.50588 0.49804 1.00000
v -12.33840 47.15123 -14.55360 0.49412 0.50588 0.49804 1.00000
v -12.35148 44.09323 -13.36628 0.49412 0.50588 0.49804 1.00000
v -11.28009 48.21614 -11.15322 0.49412 0.50588 0.49804 1.00000
v -14.37508 50.12115 -6.69764 0.49412 0.50588 0.49804 1.00000
v -17.48915 46.52726 -3.56338 0.49412 0.50588 0.49804 1.00000
v -13.42849 46.80989 -4.32004 0.49412 0.50588 0.49804 1.00000
v -12.24421 43.76123 -2.44045 0.49412 0.50588 0.49804 1.00000
v -9.13013 47.35513 -5.57471 0.49412 0.50588 0.49804 1.00000
v -15.01733 50.39455 -5.74062 0.49412 0.50588 0.49804 1.00000
v -17.41930 46.62313 -2.66284 0.49412 0.50588 0.49804 1.00000
v -13.56634 47.41081 -3.94862 0.49412 0.50588 0.49804 1.00000
v -12.16400 44.35648 -1.98719 0.49412 0.50588 0.49804 1.00000
v -9.76203 48.12791 -5.06497 0.49412 0.50588 0.49804 1.00000
v -7.71345 50.86028 -0.64710 0.49412 0.50588 0.49804 1.00000
v -5.81893 54.94472 -3.67927 0.49412 0.50588 0.49804 1.00000
v -7.92404 51.39288 -4.32917 0.49412 0.50588 0.49804 1.00000
v -8.20229 52.30399 -8.20763 0.49412 0.50588 0.49804 1.00000
v -10.09681 48.21955 -5.17547 0.49412 0.50588 0.49804 1.00000
v -15.53872 52.33245 -3.05390 0.49412 0.50588 0.49804 1.00000
v -16.95306 48.49391 -0.16801 0.49412 0.50588 0.49804 1.00000
v -14.02902 48.98237 -1.94108 0.49412 0.50588 0.49804 1.00000
v -12.37117 45.88769 -0.85955 0.49412 0.50588 0.49804 1.00000
v -10.95682 49.72623 -3.74544 0.49412 0.50588 0.49804 1.00000
v -12.51561 50.52643 0.63753 0.49412 0.50588 0.49804 1.00000
v -8.27391 52.59586 2.30744 0.49412 0.50588 0.49804 1.00000
v -9.35606 51.16803 -0.95052 0.49412 0.50588 0.49804 1.00000
v -6.40778 51.62204 -2.57951 0.49412 0.50588 0.49804 1.00000
v -10.64948 49.55260 -4.24941 0.49412 0.50588 0.49804 1.00000
v -10.48589 54.28741 -1.51454 0.49412 0.50588 0.49804 1.00000
v -13.38003 56.44122 -4.98559 0.49412 0.50588 0.49804 1.00000
v -12.02355 52.94432 -4.35585 0.49412 0.50588 0.49804 1.00000
v -13.73768 51.66422 -7.30518 0.49412 0.50588 0.49804 1.00000
v -10.84353 49.51041 -3.83413 0.49412 0.50588 0.49804 1.00000
v -14.59473 56.31435 -1.28177 0.49412 0.50588 0.49804 1.00000
v -17.42247 54.15005 1.93701 0.49412 0.50588 0.49804 1.00000
v -14.68984 53.07674 -0.05478 0.49412 0.50588 0.49804 1.00000
v -14.69189 49.93451 1.01036 0.49412 0.50588 0.49804 1.00000
v -11.86415 52.09880 -2.20842 0.49412 0.50588 0.49804 1.00000
v -3.10870 47.70235 -8.27644 0.49412 0.50588 0.49804 1.00000
v -5.65145 44.06042 -12.60366 0.49412 0.50588 0.49804 1.00000
v -6.48269 44.36978 -8.40879 0.49412 0.50588 0.49804 1.00000
v -9.70710 41.35559 -8.18710 0.49412 0.50588 0.49804 1.00000
v -7.16435 44.99752 -3.85989 0.49412 0.50588 0.49804 1.00000
v -4.57935 49.08876 -7.86268 0.49412 0.50588 0.49804 1.00000
v -6.36220 46.38507 -12.57538 0.49412 0.50588 0.49804 1.00000
v -7.24151 45.93068 -8.52330 0.49412 0.50588 0.49804 1.00000
v -9.58854 42.89602 -8.80463 0.49412 0.50588 0.49804 1.00000
v -7.80570 45.59971 -4.09193 0.49412 0.50588 0.49804 1.00000
v -12.31958 48.40362 -5.06486 0.49412 0.50588 0.49804 1.00000
v -10.95177 52.48515 -1.30079 0.49412 0.50588 0.49804 1.00000
v -8.84846 49.30974 -2.72101 0.49412 0.50588 0.49804 1.00000
v -5.61221 49.71046 -0.66442 0.49412 0.50588 0.49804 1.00000
v -6.98002 45.62893 -4.42848 0.49412 0.50588 0.49804 1.00000
v -5.76296 51.87155 -8.70089 0.49412 0.50588 0.49804 1.00000
v -8.32505 49.99739 -12.69674 0.49412 0.50588 0.49804 1.00000
v -8.33820 48.96585 -9.36297 0.49412 0.50588 0.49804 1.00000
v -10.76388 46.26382 -9.63781 0.49412 0.50588 0.49804 1.00000
v -8.20180 48.13798 -5.64196 0.49412 0.50588 0.49804 1.00000
v -10.71899 50.87985 -8.62004 0.49412 0.50588 0.49804 1.00000
v -13.85858 52.63697 -5.00078 0.49412 0.50588 0.49804 1.00000
v -10.95955 50.32401 -4.91964 0.49412 0.50588 0.49804 1.00000
v -11.00346 49.50308 -1.64653 0.49412 0.50588 0.49804 1.00000
v -7.86387 47.74597 -5.26579 0.49412 0.50588 0.49804 1.00000
v -9.15107 53.19629 -4.48144 0.49412 0.50588 0.49804 1.00000
v -4.21054 54.43921 -4.78117 0.49412 0.50588 0.49804 1.00000
v -6.32635 51.18636 -5.17983 0.49412 0.50588 0.49804 1.00000
v -3.23821 49.24599 -5.98417 0.49412 0.50588 0.49804 1.00000
v -8.17873 48.00306 -5.68444 0.49412 0.50588 0.49804 1.00000
v -7.73550 56.67108 -8.98510 0.49412 0.50588 0.49804 1.00000
v -9.46303 54.70736 -13.01018 0.49412 0.50588 0.49804 1.00000
v -9.02425 53.46794 -9.80750 0.49412 0.50588 0.49804 1.00000
v -10.35821 50.17224 -10.84422 0.49412 0.50588 0.49804 1.00000
v -8.63067 52.13596 -6.81915 0.49412 0.50588 0.49804 1.00000
v -5.30555 49.50024 -9.22267 0.49412 0.50588 0.49804 1.00000
v -5.93633 45.09474 -12.70325 0.49412 0.50588 0.49804 1.00000
v -7.87995 46.55527 -9.12870 0.49412 0.50588 0.49804 1.00000
v -10.58744 43.39861 -9.30982 0.49412 0.50588 0.49804 1.00000
v -9.95665 47.80411 -5.82923 0.49412 0.50588 0.49804 1.00000
v -6.60956 50.99498 -9.46955 0.49412 0.50588 0.49804 1.00000
v -6.64031 47.28366 -13.38687 0.49412 0.50588 0.49804 1.00000
v -8.58188 47.58050 -10.01045 0.49412 0.50588 0.49804 1.00000
v -10.43397 44.43152 -10.18161 0.49412 0.50588 0.49804 1.00000
v -10.40322 48.14283 -6.26429 0.49412 0.50588 0.49804 1.00000
v -14.74193 50.63591 -8.50637 0.49412 0.50588 0.49804 1.00000
v -14.34945 55.01823 -5.38204 0.49412 0.50588 0.49804 1.00000
v -12.20880 51.50557 -5.95808 0.49412 0.50588 0.49804 1.00000
v -9.49397 52.72589 -3.41302 0.49412 0.50588 0.49804 1.00000
v -9.88644 48.34356 -6.53735 0.49412 0.50588 0.49804 1.00000
v -7.50708 52.26766 -12.19641 0.49412 0.50588 0.49804 1.00000
v -8.32653 48.23910 -15.03497 0.49412 0.50588 0.49804 1.00000
v -9.28940 48.89158 -11.79781 0.49412 0.50588 0.49804 1.00000
v -11.19526 45.84126 -11.27837 0.49412 0.50588 0.49804 1.00000
v -10.37581 49.86982 -8.43981 0.49412 0.50588 0.49804 1.00000
v -13.40517 50.24702 -12.98893 0.49412 0.50588 0.49804 1.00000
v -17.06615 52.19232 -10.20123 0.49412 0.50588 0.49804 1.00000
v -13.90436 51.00035 -9.30539 0.49412 0.50588 0.49804 1.00000
v -14.22110 51.77743 -5.73679 0.49412 0.50588 0.49804 1.00000
v -10.56012 49.83214 -8.52449 0.49412 0.50588 0.49804 1.00000
v -11.60882 54.91969 -10.83930 0.49412 0.50588 0.49804 1.00000
v -6.84437 56.05727 -9.85735 0.49412 0.50588 0.49804 1.00000
v -8.80815 53.10643 -9.24251 0.49412 0.50588 0.49804 1.00000
v -5.78674 51.37357 -7.58646 0.49412 0.50588 0.49804 1.00000
v -10.55119 50.23600 -8.56842 0.49412 0.50588 0.49804 1.00000
v -6.07769 55.75418 -11.31677 0.49412 0.50588 0.49804 1.00000
v -3.84414 52.75511 -14.32636 0.49412 0.50588 0.49804 1.00000
v -6.73163 52.57911 -12.06762 0.49412 0.50588 0.49804 1.00000
v -7.24262 49.18597 -13.01445 0.49412 0.50588 0.49804 1.00000
v -9.47617 52.18504 -10.00485 0.49412 0.50588 0.49804 1.00000
v -8.13627 49.64130 -10.85752 0.49412 0.50588 0.49804 1.00000
v -8.13552 44.49748 -12.52457 0.49412 0.50588 0.49804 1.00000
v -9.61111 46.41932 -9.30867 0.49412 0.50588 0.49804 1.00000
v -11.03447 43.40457 -7.67912 0.49412 0.50588 0.49804 1.00000
v -11.03522 48.54840 -6.01208 0.49412 0.50588 0.49804 1.00000
v -8.62956 49.34002 -11.80883 0.49412 0.50588 0.49804 1.00000
v -8.94861 44.23092 -12.88372 0.49412 0.50588 0.49804 1.00000
v -10.00364 46.63270 -9.85367 0.49412 0.50588 0.49804 1.00000
v -11.53741 43.64468 -8.00798 0.49412 0.50588 0.49804 1.00000
v -11.21836 48.75377 -6.93310 0.49412 0.50588 0.49804 1.00000
v -15.93932 48.65994 -8.39927 0.49412 0.50588 0.49804 1.00000
v -16.56412 53.82959 -7.90496 0.49412 0.50588 0.49804 1.00000
v -13.56634 51.52720 -7.45838 0.49412 0.50588 0.49804 1.00000
v -11.22884 53.92608 -6.38274 0.49412 0.50588 0.49804 1.00000
v -10.60404 48.75642 -6.87705 0.49412 0.50588 0.49804 1.00000
v -10.65698 49.93547 -13.58674 0.49412 0.50588 0.49804 1.00000
v -11.10430 45.07770 -14.42249 0.49412 0.50588 0.49804 1.00000
v -11.51351 46.91980 -11.51731 0.49412 0.50588 0.49804 1.00000
v -12.43369 44.23593 -9.40438 0.49412 0.50588 0.49804 1.00000
v -11.98637 49.09370 -8.56863 0.49412 0.50588 0.49804 1.00000
v -15.55080 47.09079 -11.87116 0.49412 0.50588 0.49804 1.00000
v -19.11685 49.52370 -9.45027 0.49412 0.50588 0.49804 1.00000
v -15.65969 49.38179 -8.93380 0.49412 0.50588 0.49804 1.00000
v -15.54430 51.53040 -6.14821 0.49412 0.50588 0.49804 1.00000
v -11.97825 49.09749 -8.56911 0.49412 0.50588 0.49804 1.00000
v -15.25185 52.04016 -11.50780 0.49412 0.50588 0.49804 1.00000
v -11.25098 54.44193 -13.15736 0.49412 0.50588 0.49804 1.00000
v -11.48667 51.90286 -10.91581 0.49412 0.50588 0.49804 1.00000
v -8.00340 51.51484 -10.24597 0.49412 0.50588 0.49804 1.00000
v -12.00426 49.11306 -8.59641 0.49412 0.50588 0.49804 1.00000
v -7.18452 49.57602 -14.67144 0.49412 0.50588 0.49804 1.00000
v -6.60574 44.84078 -15.20347 0.49412 0.50588 0.49804 1.00000
v -8.75700 46.64199 -13.28235 0.49412 0.50588 0.49804 1.00000
v -10.30570 44.24021 -11.77652 0.49412 0.50588 0.49804 1.00000
v -10.88447 48.97546 -11.24450 0.49412 0.50588 0.49804 1.00000
v -11.37428 43.38306 8.89651 0.49412 0.50588 0.49804 1.00000
v -11.05801 37.55400 11.86526 0.49412 0.50588 0.49804 1.00000
v -7.93407 40.04581 9.28163 0.49412 0.50588 0.49804 1.00000
v -4.53894 36.30790 9.77537 0.49412 0.50588 0.49804 1.00000
v -4.85521 42.13696 6.80662 0.49412 0.50588 0.49804 1.00000
v -9.75599 45.54979 9.73626 0.49412 0.50588 0.49804 1.00000
v -11.68750 40.96392 13.14900 0.49412 0.50588 0.49804 1.00000
v -7.94262 41.81768 10.74956 0.49412 0.50588 0.49804 1.00000
v -6.08415 38.26902 11.59071 0.49412 0.50588 0.49804 1.00000
v -4.15263 42.85489 8.17797 0.49412 0.50588 0.49804 1.00000
v -0.89088 45.29668 12.90057 0.49412 0.50588 0.49804 1.00000
v 0.03752 50.43574 9.87799 0.49412 0.50588 0.49804 1.00000
v -2.31642 46.55484 9.15068 0.49412 0.50588 0.49804 1.00000
v -3.83371 48.24095 5.27015 0.49412 0.50588 0.49804 1.00000
v -4.76211 43.10189 8.29273 0.49412 0.50588 0.49804 1.00000
v -10.29146 47.65147 14.63092 0.49412 0.50588 0.49804 1.00000
v -10.30415 42.92716 17.14726 0.49412 0.50588 0.49804 1.00000
v -8.11949 44.36321 14.30804 0.49412 0.50588 0.49804 1.00000
v -5.95607 40.82061 14.15316 0.49412 0.50588 0.49804 1.00000
v -5.94338 45.54493 11.63682 0.49412 0.50588 0.49804 1.00000
v -5.17513 45.83887 16.93438 0.49412 0.50588 0.49804 1.00000
v -0.27093 47.97161 16.70751 0.49412 0.50588 0.49804 1.00000
v -3.07366 46.50525 14.03233 0.49412 0.50588 0.49804 1.00000
v -0.62376 47.45790 11.06891 0.49412 0.50588 0.49804 1.00000
v -5.52796 45.32516 11.29577 0.49412 0.50588 0.49804 1.00000
v -4.57878 50.03779 14.25383 0.49412 0.50588 0.49804 1.00000
v -8.62747 52.24192 11.53331 0.49412 0.50588 0.49804 1.00000
v -7.26405 48.89412 11.29531 0.49412 0.50588 0.49804 1.00000
v -9.57030 47.49360 8.59461 0.49412 0.50588 0.49804 1.00000
v -5.52161 45.28947 11.31513 0.49412 0.50588 0.49804 1.00000
v -14.87113 48.12912 15.13199 0.49412 0.50588 0.49804 1.00000
v -16.49356 43.77227 16.32776 0.49412 0.50588 0.49804 1.00000
v -13.35884 45.20770 14.98932 0.49412 0.50588 0.49804 1.00000
v -11.90226 41.93743 15.14160 0.49412 0.50588 0.49804 1.00000
v -10.27983 46.29428 13.94584 0.49412 0.50588 0.49804 1.00000
v -4.09029 46.07485 15.84230 0.49412 0.50588 0.49804 1.00000
v 0.27546 41.97624 16.14869 0.49412 0.50588 0.49804 1.00000
v -2.23500 42.90370 13.03553 0.49412 0.50588 0.49804 1.00000
v -0.58751 40.00165 10.16333 0.49412 0.50588 0.49804 1.00000
v -4.95326 44.10026 9.85693 0.49412 0.50588 0.49804 1.00000
v -2.92259 47.24775 14.97350 0.49412 0.50588 0.49804 1.00000
v 1.26774 43.58264 15.87275 0.49412 0.50588 0.49804 1.00000
v -1.70526 44.33647 12.77332 0.49412 0.50588 0.49804 1.00000
v -0.07833 41.18116 10.56730 0.49412 0.50588 0.49804 1.00000
v -4.26866 44.84629 9.66804 0.49412 0.50588 0.49804 1.00000
v -1.07910 47.87622 5.66102 0.49412 0.50588 0.49804 1.00000
v -5.27534 51.56432 4.89287 0.49412 0.50588 0.49804 1.00000
v -4.59753 48.04460 7.30793 0.49412 0.50588 0.49804 1.00000
v -8.44550 48.57448 8.98160 0.49412 0.50588 0.49804 1.00000
v -4.24925 44.88638 9.74975 0.49412 0.50588 0.49804 1.00000
v -1.32888 50.26150 13.19820 0.49412 0.50588 0.49804 1.00000
v 2.85404 47.78058 14.65072 0.49412 0.50588 0.49804 1.00000
v 0.36322 46.99406 12.18360 0.49412 0.50588 0.49804 1.00000
v 1.46415 43.99363 11.12250 0.49412 0.50588 0.49804 1.00000
v -2.71877 46.47455 9.66999 0.49412 0.50588 0.49804 1.00000
v 2.09949 48.36793 10.21847 0.49412 0.50588 0.49804 1.00000
v 2.05084 50.40320 5.56907 0.49412 0.50588 0.49804 1.00000
v -0.50181 48.61295 7.66543 0.49412 0.50588 0.49804 1.00000
v -3.07947 48.76065 5.40095 0.49412 0.50588 0.49804 1.00000
v -3.03082 46.72538 10.05035 0.49412 0.50588 0.49804 1.00000
v -0.83575 52.06710 8.99961 0.49412 0.50588 0.49804 1.00000
v -3.56416 53.45926 13.04674 0.49412 0.50588 0.49804 1.00000
v -3.19245 50.32858 11.59654 0.49412 0.50588 0.49804 1.00000
v -5.19875 48.43910 14.07515 0.49412 0.50588 0.49804 1.00000
v -2.47033 47.04693 10.02802 0.49412 0.50588 0.49804 1.00000
v 1.07369 54.13180 14.39410 0.49412 0.50588 0.49804 1.00000
v 4.14099 50.84963 16.08529 0.49412 0.50588 0.49804 1.00000
v 1.59901 50.89482 13.51896 0.49412 0.50588 0.49804 1.00000
v 2.39362 47.21902 13.01324 0.49412 0.50588 0.49804 1.00000
v -0.67368 50.50119 11.32204 0.49412 0.50588 0.49804 1.00000
v -10.39929 49.02650 9.82012 0.49412 0.50588 0.49804 1.00000
v -14.31871 46.66574 13.13779 0.49412 0.50588 0.49804 1.00000
v -9.97790 46.65041 12.86102 0.49412 0.50588 0.49804 1.00000
v -9.82218 44.19627 16.24019 0.49412 0.50588 0.49804 1.00000
v -5.90276 46.55704 12.92252 0.49412 0.50588 0.49804 1.00000
v -10.31049 50.18881 10.52978 0.49412 0.50588 0.49804 1.00000
v -14.20490 48.06282 13.60356 0.49412 0.50588 0.49804 1.00000
v -10.06555 47.74343 13.28553 0.49412 0.50588 0.49804 1.00000
v -10.02915 45.23555 16.31598 0.49412 0.50588 0.49804 1.00000
v -6.13474 47.36155 13.24219 0.49412 0.50588 0.49804 1.00000
v -4.13661 51.79941 17.19948 0.49412 0.50588 0.49804 1.00000
v -0.87046 53.30008 13.17273 0.49412 0.50588 0.49804 1.00000
v -3.63911 50.55727 13.45446 0.49412 0.50588 0.49804 1.00000
v -2.82359 49.35641 9.49965 0.49412 0.50588 0.49804 1.00000
v -6.08974 47.85574 13.52639 0.49412 0.50588 0.49804 1.00000
v -10.46168 52.88909 12.16013 0.49412 0.50588 0.49804 1.00000
v -14.10563 51.03052 15.02892 0.49412 0.50588 0.49804 1.00000
v -10.41865 50.22674 14.33368 0.49412 0.50588 0.49804 1.00000
v -10.50288 47.54361 16.75309 0.49412 0.50588 0.49804 1.00000
v -6.85893 49.40218 13.88431 0.49412 0.50588 0.49804 1.00000
v -9.24138 52.18885 17.84678 0.49412 0.50588 0.49804 1.00000
v -4.64925 53.25619 19.50079 0.49412 0.50588 0.49804 1.00000
v -5.65404 51.38585 16.77585 0.49412 0.50588 0.49804 1.00000
v -2.41999 50.60851 15.48565 0.49412 0.50588 0.49804 1.00000
v -7.01212 49.54118 13.83164 0.49412 0.50588 0.49804 1.00000
v -5.94398 54.89876 14.60390 0.49412 0.50588 0.49804 1.00000
v -7.25132 55.55178 9.82614 0.49412 0.50588 0.49804 1.00000
v -7.08804 52.66626 11.71896 0.49412 0.50588 0.49804 1.00000
v -8.26588 50.40135 9.05508 0.49412 0.50588 0.49804 1.00000
v -6.95855 49.74834 13.83284 0.49412 0.50588 0.49804 1.00000
v -8.32826 56.97052 12.80140 0.49412 0.50588 0.49804 1.00000
v -12.88374 56.97838 14.31412 0.49412 0.50588 0.49804 1.00000
v -10.36675 54.57714 14.41851 0.49412 0.50588 0.49804 1.00000
v -12.08267 52.15128 15.72835 0.49412 0.50588 0.49804 1.00000
v -7.52719 52.14341 14.21563 0.49412 0.50588 0.49804 1.00000
v -10.16385 46.17047 6.93927 0.49412 0.50588 0.49804 1.00000
v -12.79003 41.04234 8.17306 0.49412 0.50588 0.49804 1.00000
v -8.99783 43.03887 9.39123 0.49412 0.50588 0.49804 1.00000
v -7.97079 39.66727 11.93910 0.49412 0.50588 0.49804 1.00000
v -5.34461 44.79540 10.70532 0.49412 0.50588 0.49804 1.00000
v -11.10036 46.82036 7.88792 0.49412 0.50588 0.49804 1.00000
v -13.20182 41.86390 9.32593 0.49412 0.50588 0.49804 1.00000
v -9.76273 43.45113 10.11328 0.49412 0.50588 0.49804 1.00000
v -8.35828 40.34244 12.37586 0.49412 0.50588 0.49804 1.00000
v -6.25682 45.29890 10.93785 0.49412 0.50588 0.49804 1.00000
v -7.43187 46.50522 16.18709 0.49412 0.50588 0.49804 1.00000
v -5.26300 51.62353 15.80034 0.49412 0.50588 0.49804 1.00000
v -5.62747 48.58009 13.15391 0.49412 0.50588 0.49804 1.00000
v -3.81587 50.25004 10.22385 0.49412 0.50588 0.49804 1.00000
v -5.98474 45.13174 10.61060 0.49412 0.50588 0.49804 1.00000
v -11.92096 48.70711 10.61403 0.49412 0.50588 0.49804 1.00000
v -14.92476 44.72830 11.50296 0.49412 0.50588 0.49804 1.00000
v -11.25501 45.30455 11.81535 0.49412 0.50588 0.49804 1.00000
v -10.43033 42.13570 12.93601 0.49412 0.50588 0.49804 1.00000
v -7.42654 46.11451 12.04707 0.49412 0.50588 0.49804 1.00000
v -11.60061 46.09594 15.82670 0.49412 0.50588 0.49804 1.00000
v -8.42064 48.28615 19.10309 0.49412 0.50588 0.49804 1.00000
v -8.25837 47.19568 15.41837 0.49412 0.50588 0.49804 1.00000
v -4.69381 48.53968 15.23429 0.49412 0.50588 0.49804 1.00000
v -7.87378 46.34946 11.95791 0.49412 0.50588 0.49804 1.00000
v -9.91576 50.92661 14.42439 0.49412 0.50588 0.49804 1.00000
v -10.65913 52.72920 9.75085 0.49412 0.50588 0.49804 1.00000
v -9.25124 49.69653 10.82235 0.49412 0.50588 0.49804 1.00000
v -8.66327 48.34587 7.36039 0.49412 0.50588 0.49804 1.00000
v -7.91990 46.54327 12.03393 0.49412 0.50588 0.49804 1.00000
v -13.91745 52.00332 9.18830 0.49412 0.50588 0.49804 1.00000
v -16.99929 48.35326 8.71881 0.49412 0.50588 0.49804 1.00000
v -14.05523 48.41545 10.13591 0.49412 0.50588 0.49804 1.00000
v -13.89732 45.15370 11.16388 0.49412 0.50588 0.49804 1.00000
v -10.81548 48.80376 11.63336 0.49412 0.50588 0.49804 1.00000
v -10.92372 46.47886 10.74000 0.49412 0.50588 0.49804 1.00000
v -12.69158 40.95605 11.15251 0.49412 0.50588 0.49804 1.00000
v -8.85300 42.95242 11.43514 0.49412 0.50588 0.49804 1.00000
v -6.69450 39.74343 11.96151 0.49412 0.50588 0.49804 1.00000
v -4.92665 45.26624 11.54899 0.49412 0.50588 0.49804 1.00000
v -12.01775 45.97134 11.45863 0.49412 0.50588 0.49804 1.00000
v -12.20081 40.48865 12.04248 0.49412 0.50588 0.49804 1.00000
v -9.23820 42.77034 12.06908 0.49412 0.50588 0.49804 1.00000
v -6.41183 40.01686 12.69089 0.49412 0.50588 0.49804 1.00000
v -6.22878 45.49954 12.10704 0.49412 0.50588 0.49804 1.00000
v -4.83988 46.12798 18.04289 0.49412 0.50588 0.49804 1.00000
v -4.52568 51.54678 17.05691 0.49412 0.50588 0.49804 1.00000
v -5.17299 48.65976 14.67029 0.49412 0.50588 0.49804 1.00000
v -5.73372 50.94077 11.36360 0.49412 0.50588 0.49804 1.00000
v -6.04792 45.52197 12.34958 0.49412 0.50588 0.49804 1.00000
v -11.74769 47.09322 14.67600 0.49412 0.50588 0.49804 1.00000
v -13.35513 42.38742 15.52658 0.49412 0.50588 0.49804 1.00000
v -10.10026 43.73407 14.64851 0.49412 0.50588 0.49804 1.00000
v -8.36055 40.89482 14.38580 0.49412 0.50588 0.49804 1.00000
v -6.75311 45.60062 13.53522 0.49412 0.50588 0.49804 1.00000
v -9.09226 43.47141 18.20423 0.49412 0.50588 0.49804 1.00000
v -5.50418 45.96994 20.72117 0.49412 0.50588 0.49804 1.00000
v -6.24953 45.91852 17.30305 0.49412 0.50588 0.49804 1.00000
v -3.75560 48.25086 16.20314 0.49412 0.50588 0.49804 1.00000
v -7.34368 45.75233 13.68620 0.49412 0.50588 0.49804 1.00000
v -8.90723 48.68258 18.00578 0.49412 0.50588 0.49804 1.00000
v -12.10335 51.10505 14.94500 0.49412 0.50588 0.49804 1.00000
v -9.84424 48.53398 14.26190 0.49412 0.50588 0.49804 1.00000
v -10.57294 48.21283 10.70197 0.49412 0.50588 0.49804 1.00000
v -7.37682 45.79036 13.76275 0.49412 0.50588 0.49804 1.00000
v -15.89138 47.76784 11.77407 0.49412 0.50588 0.49804 1.00000
v -16.49568 43.01117 11.99754 0.49412 0.50588 0.49804 1.00000
v -13.83435 45.10867 12.82516 0.49412 0.50588 0.49804 1.00000
v -11.80736 42.14866 13.81083 0.49412 0.50588 0.49804 1.00000
v -11.20306 46.90533 13.58736 0.49412 0.50588 0.49804 1.00000
v 0.68169 46.73375 9.28731 0.49412 0.50588 0.49804 1.00000
v 4.06624 42.10194 12.37611 0.49412 0.50588 0.49804 1.00000
v 3.58379 42.89854 7.96248 0.49412 0.50588 0.49804 1.00000
v 6.35017 39.59126 6.35777 0.49412 0.50588 0.49804 1.00000
v 2.96562 44.22308 3.26897 0.49412 0.50588 0.49804 1.00000
v 2.30230 47.82814 10.21597 0.49412 0.50588 0.49804 1.00000
v 5.57229 43.30980 12.45477 0.49412 0.50588 0.49804 1.00000
v 4.76619 44.34137 8.50749 0.49412 0.50588 0.49804 1.00000
v 7.16013 41.09170 6.68381 0.49412 0.50588 0.49804 1.00000
v 3.89015 45.61003 4.44501 0.49412 0.50588 0.49804 1.00000
v 9.51289 48.59343 2.31799 0.49412 0.50588 0.49804 1.00000
v 5.97793 52.72422 -0.24344 0.49412 0.50588 0.49804 1.00000
v 5.00229 49.21670 1.79851 0.49412 0.50588 0.49804 1.00000
v 0.62162 49.76481 1.56787 0.49412 0.50588 0.49804 1.00000
v 4.15658 45.63401 4.12930 0.49412 0.50588 0.49804 1.00000
v 6.52143 51.36611 10.28097 0.49412 0.50588 0.49804 1.00000
v 9.99768 47.71855 12.05521 0.49412 0.50588 0.49804 1.00000
v 8.12475 47.79987 8.93505 0.49412 0.50588 0.49804 1.00000
v 9.53353 44.54974 7.38188 0.49412 0.50588 0.49804 1.00000
v 6.05727 48.19730 5.60765 0.49412 0.50588 0.49804 1.00000
v 11.31283 49.54296 6.79071 0.49412 0.50588 0.49804 1.00000
v 11.94751 51.41653 1.82846 0.49412 0.50588 0.49804 1.00000
v 9.00649 49.79719 3.45962 0.49412 0.50588 0.49804 1.00000
v 6.60489 49.99842 0.56355 0.49412 0.50588 0.49804 1.00000
v 5.97021 48.12486 5.52580 0.49412 0.50588 0.49804 1.00000
v 7.90879 53.48665 4.94179 0.49412 0.50588 0.49804 1.00000
v 3.95061 55.29294 8.04132 0.49412 0.50588 0.49804 1.00000
v 5.14469 51.66879 6.70264 0.49412 0.50588 0.49804 1.00000
v 2.10185 49.96478 8.66059 0.49412 0.50588 0.49804 1.00000
v 6.06003 48.15849 5.56106 0.49412 0.50588 0.49804 1.00000
v 10.40494 55.43669 10.58553 0.49412 0.50588 0.49804 1.00000
v 13.29813 52.57737 13.13462 0.49412 0.50588 0.49804 1.00000
v 11.43619 51.96638 10.38286 0.49412 0.50588 0.49804 1.00000
v 11.97545 48.77995 10.03986 0.49412 0.50588 0.49804 1.00000
v 9.08226 51.63927 7.49076 0.49412 0.50588 0.49804 1.00000
v 10.96918 51.15200 3.79851 0.49412 0.50588 0.49804 1.00000
v 11.76748 47.40138 -0.48046 0.49412 0.50588 0.49804 1.00000
v 8.83599 47.83627 2.58259 0.49412 0.50588 0.49804 1.00000
v 6.74499 44.71294 1.69917 0.49412 0.50588 0.49804 1.00000
v 5.94669 48.46356 5.97815 0.49412 0.50588 0.49804 1.00000
v 11.03908 51.34791 1.06039 0.49412 0.50588 0.49804 1.00000
v 9.90729 46.81301 -1.76891 0.49412 0.50588 0.49804 1.00000
v 8.39778 48.33819 1.53992 0.49412 0.50588 0.49804 1.00000
v 5.73957 45.02012 1.84297 0.49412 0.50588 0.49804 1.00000
v 6.87137 49.55502 4.67227 0.49412 0.50588 0.49804 1.00000
v 1.65847 51.88588 2.51456 0.49412 0.50588 0.49804 1.00000
v 2.20861 55.83477 6.25017 0.49412 0.50588 0.49804 1.00000
v 4.19584 52.71733 5.78751 0.49412 0.50588 0.49804 1.00000
v 6.83045 53.36714 8.72220 0.49412 0.50588 0.49804 1.00000
v 6.28030 49.41825 4.98659 0.49412 0.50588 0.49804 1.00000
v 9.84215 53.41981 0.39722 0.49412 0.50588 0.49804 1.00000
v 9.54315 49.62152 -2.86824 0.49412 0.50588 0.49804 1.00000
v 7.97128 50.02854 0.13719 0.49412 0.50588 0.49804 1.00000
v 6.05345 46.98417 0.14928 0.49412 0.50588 0.49804 1.00000
v 6.35244 50.78246 3.41475 0.49412 0.50588 0.49804 1.00000
v 3.70368 52.34126 -1.62745 0.49412 0.50588 0.49804 1.00000
v -0.03438 53.90906 1.33035 0.49412 0.50588 0.49804 1.00000
v 3.16658 52.41426 2.05672 0.49412 0.50588 0.49804 1.00000
v 2.33845 52.49490 5.88904 0.49412 0.50588 0.49804 1.00000
v 6.07651 50.92710 2.93124 0.49412 0.50588 0.49804 1.00000
v 5.83041 56.14610 1.02120 0.49412 0.50588 0.49804 1.00000
v 10.40700 56.97748 2.90354 0.49412 0.50588 0.49804 1.00000
v 8.13655 54.07852 2.95424 0.49412 0.50588 0.49804 1.00000
v 10.83098 52.12669 5.05010 0.49412 0.50588 0.49804 1.00000
v 6.25439 51.29531 3.16777 0.49412 0.50588 0.49804 1.00000
v 7.27835 57.92860 -1.91940 0.49412 0.50588 0.49804 1.00000
v 6.57206 54.72865 -5.42687 0.49412 0.50588 0.49804 1.00000
v 6.36114 54.47702 -2.01041 0.49412 0.50588 0.49804 1.00000
v 5.47634 50.88192 -2.25947 0.49412 0.50588 0.49804 1.00000
v 6.18262 54.08187 1.24800 0.49412 0.50588 0.49804 1.00000
v -3.04291 46.99355 6.88994 0.49412 0.50588 0.49804 1.00000
v -1.76105 42.45970 11.13892 0.49412 0.50588 0.49804 1.00000
v 0.38744 43.73826 7.40465 0.49412 0.50588 0.49804 1.00000
v 3.83229 40.24789 8.10569 0.49412 0.50588 0.49804 1.00000
v 2.55043 44.78175 3.85670 0.49412 0.50588 0.49804 1.00000
v -1.67406 48.12451 6.33448 0.49412 0.50588 0.49804 1.00000
v -2.12475 44.69192 11.00305 0.49412 0.50588 0.49804 1.00000
v 0.59911 45.03634 7.50020 0.49412 0.50588 0.49804 1.00000
v 2.98240 41.93892 8.92026 0.49412 0.50588 0.49804 1.00000
v 3.43309 45.37151 4.25169 0.49412 0.50588 0.49804 1.00000
v 7.79334 48.36728 6.71335 0.49412 0.50588 0.49804 1.00000
v 8.03927 52.29103 2.43257 0.49412 0.50588 0.49804 1.00000
v 5.56214 48.69376 3.43203 0.49412 0.50588 0.49804 1.00000
v 3.20986 49.34116 -0.01515 0.49412 0.50588 0.49804 1.00000
v 2.96394 45.41741 4.26564 0.49412 0.50588 0.49804 1.00000
v -0.40697 51.59581 7.64383 0.49412 0.50588 0.49804 1.00000
v 0.28603 49.80369 12.40507 0.49412 0.50588 0.49804 1.00000
v 1.71204 48.75126 9.30115 0.49412 0.50588 0.49804 1.00000
v 3.87186 46.08966 10.64667 0.49412 0.50588 0.49804 1.00000
v 3.17886 47.88179 5.88543 0.49412 0.50588 0.49804 1.00000
v 5.32054 50.78012 9.73384 0.49412 0.50588 0.49804 1.00000
v 9.55785 51.83028 7.03131 0.49412 0.50588 0.49804 1.00000
v 6.24585 49.76583 6.47671 0.49412 0.50588 0.49804 1.00000
v 7.39289 48.81474 3.04023 0.49412 0.50588 0.49804 1.00000
v 3.15558 47.76458 5.74276 0.49412 0.50588 0.49804 1.00000
v 4.62509 53.08572 5.23244 0.49412 0.50588 0.49804 1.00000
v -0.10285 53.93883 3.42132 0.49412 0.50588 0.49804 1.00000
v 1.39434 50.93294 4.48763 0.49412 0.50588 0.49804 1.00000
v -1.50074 48.71622 4.04631 0.49412 0.50588 0.49804 1.00000
v 3.22719 47.86311 5.85743 0.49412 0.50588 0.49804 1.00000
v 0.84058 56.46872 9.14909 0.49412 0.50588 0.49804 1.00000
v -0.03905 54.03990 13.19496 0.49412 0.50588 0.49804 1.00000
v 1.54762 53.27037 10.04298 0.49412 0.50588 0.49804 1.00000
v 2.03021 49.78041 11.37408 0.49412 0.50588 0.49804 1.00000
v 2.90984 52.20923 7.32821 0.49412 0.50588 0.49804 1.00000
v 0.91738 49.38956 9.54980 0.49412 0.50588 0.49804 1.00000
v 2.69949 44.88536 12.85610 0.49412 0.50588 0.49804 1.00000
v 3.99378 46.16217 9.21125 0.49412 0.50588 0.49804 1.00000
v 7.13646 43.16791 8.83664 0.49412 0.50588 0.49804 1.00000
v 5.35435 47.67211 5.53034 0.49412 0.50588 0.49804 1.00000
v 2.45045 50.12046 11.12558 0.49412 0.50588 0.49804 1.00000
v 4.27696 45.55971 13.71382 0.49412 0.50588 0.49804 1.00000
v 4.86052 47.28582 9.93627 0.49412 0.50588 0.49804 1.00000
v 7.35050 43.86364 9.01229 0.49412 0.50588 0.49804 1.00000
v 5.52399 48.42438 6.42405 0.49412 0.50588 0.49804 1.00000
v 10.99095 50.90793 6.97687 0.49412 0.50588 0.49804 1.00000
v 9.66978 54.96388 3.42170 0.49412 0.50588 0.49804 1.00000
v 7.83851 51.40144 4.82991 0.49412 0.50588 0.49804 1.00000
v 4.51867 52.29029 2.43452 0.49412 0.50588 0.49804 1.00000
v 5.83984 48.23434 5.98969 0.49412 0.50588 0.49804 1.00000
v 4.30584 52.13632 12.50734 0.49412 0.50588 0.49804 1.00000
v 5.84049 47.85460 14.71842 0.49412 0.50588 0.49804 1.00000
v 5.99255 49.06928 11.25872 0.49412 0.50588 0.49804 1.00000
v 7.69528 45.65152 10.19133 0.49412 0.50588 0.49804 1.00000
v 6.16063 49.93322 7.98026 0.49412 0.50588 0.49804 1.00000
v 10.28814 51.37877 11.53487 0.49412 0.50588 0.49804 1.00000
v 13.17556 52.90419 7.67314 0.49412 0.50588 0.49804 1.00000
v 9.73887 51.36322 7.96764 0.49412 0.50588 0.49804 1.00000
v 9.57362 51.36814 4.02048 0.49412 0.50588 0.49804 1.00000
v 6.68620 49.84272 7.88221 0.49412 0.50588 0.49804 1.00000
v 8.67080 53.57651 9.04856 0.49412 0.50588 0.49804 1.00000
v 4.47159 56.38017 9.33696 0.49412 0.50588 0.49804 1.00000
v 5.09464 52.87790 8.37349 0.49412 0.50588 0.49804 1.00000
v 1.90782 52.00727 7.57471 0.49412 0.50588 0.49804 1.00000
v 6.10703 49.20361 7.28631 0.49412 0.50588 0.49804 1.00000
v 3.19381 56.09260 11.46360 0.49412 0.50588 0.49804 1.00000
v 1.21249 53.67459 15.10622 0.49412 0.50588 0.49804 1.00000
v 3.40435 52.72017 12.63957 0.49412 0.50588 0.49804 1.00000
v 3.68981 49.61061 13.33173 0.49412 0.50588 0.49804 1.00000
v 5.67113 52.02862 9.68912 0.49412 0.50588 0.49804 1.00000
v 0.83518 46.92432 10.69347 0.49412 0.50588 0.49804 1.00000
v 2.57808 41.28460 11.88594 0.49412 0.50588 0.49804 1.00000
v 3.35557 44.01189 8.54140 0.49412 0.50588 0.49804 1.00000
v 5.90319 40.64877 6.46408 0.49412 0.50588 0.49804 1.00000
v 4.16028 46.28848 5.27160 0.49412 0.50588 0.49804 1.00000
v 1.67508 48.25995 10.43388 0.49412 0.50588 0.49804 1.00000
v 2.75188 43.12614 12.55335 0.49412 0.50588 0.49804 1.00000
v 3.76853 44.65525 9.14609 0.49412 0.50588 0.49804 1.00000
v 5.95047 41.52477 7.74334 0.49412 0.50588 0.49804 1.00000
v 4.87367 46.65858 5.62388 0.49412 0.50588 0.49804 1.00000
v 10.64650 49.71669 7.05354 0.49412 0.50588 0.49804 1.00000
v 8.44882 54.24519 4.47081 0.49412 0.50588 0.49804 1.00000
v 7.03985 50.35891 5.36903 0.49412 0.50588 0.49804 1.00000
v 3.29891 51.47898 3.21665 0.49412 0.50588 0.49804 1.00000
v 5.49659 46.95047 5.79938 0.49412 0.50588 0.49804 1.00000
v 4.46312 48.77695 13.50635 0.49412 0.50588 0.49804 1.00000
v 5.65029 43.88338 14.18925 0.49412 0.50588 0.49804 1.00000
v 5.74344 46.18229 11.23362 0.49412 0.50588 0.49804 1.00000
v 6.94829 43.00815 9.04689 0.49412 0.50588 0.49804 1.00000
v 5.76112 47.90172 8.36399 0.49412 0.50588 0.49804 1.00000
v 9.28091 46.93612 11.54112 0.49412 0.50588 0.49804 1.00000
v 13.11273 49.14341 9.03758 0.49412 0.50588 0.49804 1.00000
v 9.35927 48.34276 8.33763 0.49412 0.50588 0.49804 1.00000
v 9.58162 50.00973 5.05828 0.49412 0.50588 0.49804 1.00000
v 5.74979 47.80244 7.56182 0.49412 0.50588 0.49804 1.00000
v 8.91255 50.66909 10.05048 0.49412 0.50588 0.49804 1.00000
v 5.11967 53.67951 11.59130 0.49412 0.50588 0.49804 1.00000
v 5.11746 50.66848 9.61870 0.49412 0.50588 0.49804 1.00000
v 1.78066 50.41130 8.94006 0.49412 0.50588 0.49804 1.00000
v 5.57354 47.40088 7.39924 0.49412 0.50588 0.49804 1.00000
v 1.59266 50.21799 13.82811 0.49412 0.50588 0.49804 1.00000
v 0.54246 45.80925 15.40965 0.49412 0.50588 0.49804 1.00000
v 2.72107 46.87999 13.03571 0.49412 0.50588 0.49804 1.00000
v 3.88447 44.01123 12.03181 0.49412 0.50588 0.49804 1.00000
v 4.93467 48.41998 10.45026 0.49412 0.50588 0.49804 1.00000
v 7.98795 47.02111 0.01217 0.49412 0.50588 0.49804 1.00000
v 11.23310 42.33316 -3.27158 0.49412 0.50588 0.49804 1.00000
v 6.40048 43.66191 -2.56311 0.49412 0.50588 0.49804 1.00000
v 4.99427 40.10462 -5.48123 0.49412 0.50588 0.49804 1.00000
v 1.74912 44.79257 -2.19748 0.49412 0.50588 0.49804 1.00000
v 9.44248 48.40836 -2.38570 0.49412 0.50588 0.49804 1.00000
v 10.95849 43.49066 -5.70218 0.49412 0.50588 0.49804 1.00000
v 7.08345 45.05495 -4.33136 0.49412 0.50588 0.49804 1.00000
v 4.85349 41.34861 -6.35434 0.49412 0.50588 0.49804 1.00000
v 3.33748 46.26630 -3.03787 0.49412 0.50588 0.49804 1.00000
v 1.03026 48.69938 -8.48743 0.49412 0.50588 0.49804 1.00000
v -1.81576 53.37130 -5.73890 0.49412 0.50588 0.49804 1.00000
v 0.48069 49.50068 -4.38444 0.49412 0.50588 0.49804 1.00000
v -0.02235 50.62044 -0.13199 0.49412 0.50588 0.49804 1.00000
v 2.82368 45.94854 -2.88052 0.49412 0.50588 0.49804 1.00000
v 9.63155 51.42654 -4.95021 0.49412 0.50588 0.49804 1.00000
v 11.68969 47.32249 -7.77545 0.49412 0.50588 0.49804 1.00000
v 8.23754 47.85322 -6.46884 0.49412 0.50588 0.49804 1.00000
v 6.69612 44.52688 -7.96898 0.49412 0.50588 0.49804 1.00000
v 4.63798 48.63093 -5.14373 0.49412 0.50588 0.49804 1.00000
v 6.08325 50.47168 -10.86507 0.49412 0.50588 0.49804 1.00000
v 0.97876 52.07418 -11.52648 0.49412 0.50588 0.49804 1.00000
v 3.11336 50.39479 -8.49811 0.49412 0.50588 0.49804 1.00000
v -0.44803 50.33682 -6.28688 0.49412 0.50588 0.49804 1.00000
v 4.65645 48.73433 -5.62548 0.49412 0.50588 0.49804 1.00000
v 5.35840 54.36026 -7.34399 0.49412 0.50588 0.49804 1.00000
v 7.58418 55.33806 -2.53245 0.49412 0.50588 0.49804 1.00000
v 6.06115 52.14508 -4.06753 0.49412 0.50588 0.49804 1.00000
v 6.78341 50.02447 -0.53755 0.49412 0.50588 0.49804 1.00000
v 4.55763 49.04667 -5.34909 0.49412 0.50588 0.49804 1.00000
v 11.02516 56.46410 -8.76262 0.49412 0.50588 0.49804 1.00000
v 13.40478 53.13893 -11.27748 0.49412 0.50588 0.49804 1.00000
v 10.44729 52.98431 -9.72019 0.49412 0.50588 0.49804 1.00000
v 9.72688 49.68197 -10.53202 0.49412 0.50588 0.49804 1.00000
v 7.34727 53.00714 -8.01716 0.49412 0.50588 0.49804 1.00000
v 4.49135 50.19599 -11.64791 0.49412 0.50588 0.49804 1.00000
v 1.19321 45.38788 -12.61023 0.49412 0.50588 0.49804 1.00000
v 2.83319 47.19918 -9.03682 0.49412 0.50588 0.49804 1.00000
v 1.06428 43.81320 -6.53054 0.49412 0.50588 0.49804 1.00000
v 4.36242 48.62131 -5.56822 0.49412 0.50588 0.49804 1.00000
v 4.10204 51.31213 -11.02888 0.49412 0.50588 0.49804 1.00000
v 0.98149 46.95822 -12.60785 0.49412 0.50588 0.49804 1.00000
v 2.35207 47.83948 -9.16083 0.49412 0.50588 0.49804 1.00000
v 0.66338 44.73256 -7.12764 0.49412 0.50588 0.49804 1.00000
v 3.78392 49.08647 -5.54867 0.49412 0.50588 0.49804 1.00000
v -1.00293 50.61034 -3.83769 0.49412 0.50588 0.49804 1.00000
v 0.98749 55.36285 -1.68376 0.49412 0.50588 0.49804 1.00000
v 2.78168 52.42470 -3.61452 0.49412 0.50588 0.49804 1.00000
v 6.32113 53.55388 -3.43180 0.49412 0.50588 0.49804 1.00000
v 4.33071 48.80137 -5.58573 0.49412 0.50588 0.49804 1.00000
v 0.53695 52.54482 -11.52652 0.49412 0.50588 0.49804 1.00000
v -1.85323 48.11283 -12.10186 0.49412 0.50588 0.49804 1.00000
v 0.24449 49.72621 -9.34725 0.49412 0.50588 0.49804 1.00000
v -0.22409 46.25848 -7.36450 0.49412 0.50588 0.49804 1.00000
v 2.16609 50.69047 -6.78916 0.49412 0.50588 0.49804 1.00000
v -1.95433 51.04672 -8.07594 0.49412 0.50588 0.49804 1.00000
v -3.93237 53.19113 -3.93163 0.49412 0.50588 0.49804 1.00000
v -0.52273 51.86630 -4.84445 0.49412 0.50588 0.49804 1.00000
v 0.97879 52.45176 -1.86912 0.49412 0.50588 0.49804 1.00000
v 2.95682 50.30735 -6.01344 0.49412 0.50588 0.49804 1.00000
v 0.08685 55.79378 -7.29909 0.49412 0.50588 0.49804 1.00000
v 4.25904 56.70945 -10.02688 0.49412 0.50588 0.49804 1.00000
v 2.93612 53.73185 -8.06962 0.49412 0.50588 0.49804 1.00000
v 6.28340 51.83740 -9.08594 0.49412 0.50588 0.49804 1.00000
v 2.11120 50.92173 -6.35816 0.49412 0.50588 0.49804 1.00000
v -0.56453 57.26423 -11.02720 0.49412 0.50588 0.49804 1.00000
v -3.53691 54.11546 -13.09873 0.49412 0.50588 0.49804 1.00000
v -1.54338 53.71471 -10.54408 0.49412 0.50588 0.49804 1.00000
v -2.46814 50.36885 -9.82647 0.49412 0.50588 0.49804 1.00000
v 0.50425 53.51762 -7.75494 0.49412 0.50588 0.49804 1.00000
v 0.84619 52.60830 -7.29306 0.49412 0.50588 0.49804 1.00000
v -2.37926 49.75869 -3.74396 0.49412 0.50588 0.49804 1.00000
v 1.69120 49.71956 -4.74072 0.49412 0.50588 0.49804 1.00000
v 2.63685 46.90415 -2.39071 0.49412 0.50588 0.49804 1.00000
v 5.86231 49.75376 -5.93981 0.49412 0.50588 0.49804 1.00000
v -0.30025 53.13388 -6.31184 0.49412 0.50588 0.49804 1.00000
v -2.00507 49.69439 -2.59081 0.49412 0.50588 0.49804 1.00000
v 1.37401 50.17088 -4.07074 0.49412 0.50588 0.49804 1.00000
v 3.15326 47.42531 -1.89123 0.49412 0.50588 0.49804 1.00000
v 4.85809 50.86481 -5.61225 0.49412 0.50588 0.49804 1.00000
v 6.66300 53.29210 -1.41736 0.49412 0.50588 0.49804 1.00000
v 9.16877 57.13150 -4.16741 0.49412 0.50588 0.49804 1.00000
v 7.10716 53.88763 -5.17496 0.49412 0.50588 0.49804 1.00000
v 7.41302 54.32032 -8.77946 0.49412 0.50588 0.49804 1.00000
v 4.90725 50.48093 -6.02942 0.49412 0.50588 0.49804 1.00000
v -0.43264 55.66713 -3.52865 0.49412 0.50588 0.49804 1.00000
v -1.61710 52.09008 -0.27348 0.49412 0.50588 0.49804 1.00000
v 1.24510 52.58096 -2.33386 0.49412 0.50588 0.49804 1.00000
v 2.78755 49.26262 -1.06301 0.49412 0.50588 0.49804 1.00000
v 3.97202 52.83966 -4.31819 0.49412 0.50588 0.49804 1.00000
v 3.51812 54.26720 0.77647 0.49412 0.50588 0.49804 1.00000
v 8.29814 55.65945 0.86205 0.49412 0.50588 0.49804 1.00000
v 6.40897 54.12949 -1.64524 0.49412 0.50588 0.49804 1.00000
v 9.13192 54.02138 -4.10394 0.49412 0.50588 0.49804 1.00000
v 4.35189 52.62912 -4.18951 0.49412 0.50588 0.49804 1.00000
v 5.01345 57.50676 -2.89797 0.49412 0.50588 0.49804 1.00000
v 2.33327 59.20433 -6.73584 0.49412 0.50588 0.49804 1.00000
v 3.43718 55.80944 -5.50163 0.49412 0.50588 0.49804 1.00000
v 1.68750 54.17405 -8.25646 0.49412 0.50588 0.49804 1.00000
v 4.36768 52.47647 -4.41860 0.49412 0.50588 0.49804 1.00000
v -0.37495 58.40842 -0.63708 0.49412 0.50588 0.49804 1.00000
v -2.03646 54.72989 1.96071 0.49412 0.50588 0.49804 1.00000
v 0.47585 54.95157 -0.37391 0.49412 0.50588 0.49804 1.00000
v 1.30153 51.40377 -0.00943 0.49412 0.50588 0.49804 1.00000
v 2.96303 55.08230 -2.60722 0.49412 0.50588 0.49804 1.00000
v 7.06667 51.40147 -0.50769 0.49412 0.50588 0.49804 1.00000
v 11.35293 47.47544 -0.56681 0.49412 0.50588 0.49804 1.00000
v 8.20714 47.98218 -3.06949 0.49412 0.50588 0.49804 1.00000
v 9.00420 45.00842 -5.70071 0.49412 0.50588 0.49804 1.00000
v 4.71793 48.93444 -5.64159 0.49412 0.50588 0.49804 1.00000
v 7.46930 52.52103 -1.78462 0.49412 0.50588 0.49804 1.00000
v 11.95370 49.36728 -1.17369 0.49412 0.50588 0.49804 1.00000
v 8.73168 49.19237 -3.62495 0.49412 0.50588 0.49804 1.00000
v 9.59287 46.09468 -5.41065 0.49412 0.50588 0.49804 1.00000
v 5.10847 49.24842 -6.02158 0.49412 0.50588 0.49804 1.00000
v 7.48026 53.57114 -10.21216 0.49412 0.50588 0.49804 1.00000
v 3.12175 56.72216 -8.98591 0.49412 0.50588 0.49804 1.00000
v 4.66469 53.20739 -7.48497 0.49412 0.50588 0.49804 1.00000
v 1.29134 53.15182 -4.74665 0.49412 0.50588 0.49804 1.00000
v 5.64984 50.00080 -5.97290 0.49412 0.50588 0.49804 1.00000
v 9.85753 53.69974 -2.36176 0.49412 0.50588 0.49804 1.00000
v 13.57060 50.28668 -2.48217 0.49412 0.50588 0.49804 1.00000
v 10.03673 50.70837 -4.06459 0.49412 0.50588 0.49804 1.00000
v 10.47114 47.56459 -5.89239 0.49412 0.50588 0.49804 1.00000
v 6.75807 50.97765 -5.77198 0.49412 0.50588 0.49804 1.00000
v 11.45523 51.94249 -6.71623 0.49412 0.50588 0.49804 1.00000
v 10.25916 54.01571 -11.15712 0.49412 0.50588 0.49804 1.00000
v 8.21963 52.66623 -8.54172 0.49412 0.50588 0.49804 1.00000
v 5.15543 52.98602 -9.98354 0.49412 0.50588 0.49804 1.00000
v 6.35150 50.91280 -5.54265 0.49412 0.50588 0.49804 1.00000
v 8.34219 56.23543 -7.05596 0.49412 0.50588 0.49804 1.00000
v 6.87150 57.62695 -2.43524 0.49412 0.50588 0.49804 1.00000
v 6.76825 54.49228 -4.01190 0.49412 0.50588 0.49804 1.00000
v 5.41768 52.64516 -1.10209 0.49412 0.50588 0.49804 1.00000
v 6.88837 51.25364 -5.72281 0.49412 0.50588 0.49804 1.00000
v 9.16986 57.63861 -1.81367 0.49412 0.50588 0.49804 1.00000
v 12.03465 55.40219 1.32198 0.49412 0.50588 0.49804 1.00000
v 10.42868 54.26508 -1.42826 0.49412 0.50588 0.49804 1.00000
v 11.29761 51.13775 -1.32314 0.49412 0.50588 0.49804 1.00000
v 8.43281 53.37418 -4.45879 0.49412 0.50588 0.49804 1.00000
v 3.64234 47.54097 2.45895 0.49412 0.50588 0.49804 1.00000
v 4.30844 41.54515 3.99379 0.49412 0.50588 0.49804 1.00000
v 3.72906 43.53497 0.07777 0.49412 0.50588 0.49804 1.00000
v 3.55728 40.21399 -2.41268 0.49412 0.50588 0.49804 1.00000
v 2.89118 46.20982 -3.94751 0.49412 0.50588 0.49804 1.00000
v 4.89857 46.69826 3.03187 0.49412 0.50588 0.49804 1.00000
v 5.33496 41.00868 3.59272 0.49412 0.50588 0.49804 1.00000
v 4.60229 43.85348 0.30869 0.49412 0.50588 0.49804 1.00000
v 4.46604 40.69947 -2.42608 0.49412 0.50588 0.49804 1.00000
v 4.02964 46.38904 -2.98693 0.49412 0.50588 0.49804 1.00000
v 10.18425 47.48079 -5.11742 0.49412 0.50588 0.49804 1.00000
v 8.76324 53.03198 -4.91421 0.49412 0.50588 0.49804 1.00000
v 6.68660 49.62924 -3.95562 0.49412 0.50588 0.49804 1.00000
v 3.14131 52.03701 -2.78812 0.49412 0.50588 0.49804 1.00000
v 4.56232 46.48582 -2.99134 0.49412 0.50588 0.49804 1.00000
v 4.34876 45.83613 3.98695 0.49412 0.50588 0.49804 1.00000
v 4.16548 40.80728 3.10767 0.49412 0.50588 0.49804 1.00000
v 4.91725 43.46189 0.91894 0.49412 0.50588 0.49804 1.00000
v 5.72256 41.37161 -2.05298 0.49412 0.50588 0.49804 1.00000
v 5.90584 46.40046 -1.17370 0.49412 0.50588 0.49804 1.00000
v 8.03805 43.32656 1.78627 0.49412 0.50588 0.49804 1.00000
v 12.68454 45.24087 0.86885 0.49412 0.50588 0.49804 1.00000
v 9.44178 46.13077 -0.44178 0.49412 0.50588 0.49804 1.00000
v 10.33969 48.64238 -2.60905 0.49412 0.50588 0.49804 1.00000
v 5.69320 46.72808 -1.69162 0.49412 0.50588 0.49804 1.00000
v 9.30915 48.01823 2.36935 0.49412 0.50588 0.49804 1.00000
v 5.74552 50.67625 4.88562 0.49412 0.50588 0.49804 1.00000
v 5.90582 48.51854 1.61702 0.49412 0.50588 0.49804 1.00000
v 2.26928 49.01424 1.06945 0.49412 0.50588 0.49804 1.00000
v 5.83290 46.35622 -1.44681 0.49412 0.50588 0.49804 1.00000
v 4.09158 45.70884 6.54771 0.49412 0.50588 0.49804 1.00000
v 4.00209 40.91154 6.40723 0.49412 0.50588 0.49804 1.00000
v 5.16631 43.64682 4.21353 0.49412 0.50588 0.49804 1.00000
v 6.37815 41.27664 1.91745 0.49412 0.50588 0.49804 1.00000
v 6.46764 46.07394 2.05793 0.49412 0.50588 0.49804 1.00000
v -12.38283 49.33960 6.73998 0.49412 0.50588 0.49804 1.00000
v -12.73606 43.83329 9.92461 0.49412 0.50588 0.49804 1.00000
v -9.20782 46.35787 7.87605 0.49412 0.50588 0.49804 1.00000
v -6.14576 42.63896 9.24180 0.49412 0.50588 0.49804 1.00000
v -5.79254 48.14528 6.05717 0.49412 0.50588 0.49804 1.00000
v -11.61032 51.02512 7.08736 0.49412 0.50588 0.49804 1.00000
v -13.24055 46.24729 10.25025 0.49412 0.50588 0.49804 1.00000
v -9.50937 47.39963 8.75702 0.49412 0.50588 0.49804 1.00000
v -7.29160 44.08038 10.22618 0.49412 0.50588 0.49804 1.00000
v -5.66137 48.85820 7.06328 0.49412 0.50588 0.49804 1.00000
v -3.69921 50.81819 12.18776 0.49412 0.50588 0.49804 1.00000
v -1.74767 55.98453 9.95401 0.49412 0.50588 0.49804 1.00000
v -3.78412 52.43943 8.24128 0.49412 0.50588 0.49804 1.00000
v -3.89892 53.85347 4.38560 0.49412 0.50588 0.49804 1.00000
v -5.85046 48.68713 6.61935 0.49412 0.50588 0.49804 1.00000
v -12.16622 53.11182 11.36405 0.49412 0.50588 0.49804 1.00000
v -12.75553 48.46530 13.85163 0.49412 0.50588 0.49804 1.00000
v -10.00066 49.79390 11.65831 0.49412 0.50588 0.49804 1.00000
v -7.86613 46.32301 12.03659 0.49412 0.50588 0.49804 1.00000
v -7.27682 50.96953 9.54901 0.49412 0.50588 0.49804 1.00000
v -7.81334 51.20153 15.09177 0.49412 0.50588 0.49804 1.00000
v -2.96783 53.32625 15.45526 0.49412 0.50588 0.49804 1.00000
v -4.75241 52.01453 12.54139 0.49412 0.50588 0.49804 1.00000
v -2.03332 52.91413 9.91947 0.49412 0.50588 0.49804 1.00000
v -6.87883 50.78942 9.55599 0.49412 0.50588 0.49804 1.00000
v -7.62514 56.20974 12.28451 0.49412 0.50588 0.49804 1.00000
v -10.86799 57.37198 8.25231 0.49412 0.50588 0.49804 1.00000
v -8.81500 54.26334 9.09134 0.49412 0.50588 0.49804 1.00000
v -10.16936 52.43290 5.63577 0.49412 0.50588 0.49804 1.00000
v -6.92651 51.27066 9.66797 0.49412 0.50588 0.49804 1.00000
v -12.18226 57.86660 13.16879 0.49412 0.50588 0.49804 1.00000
v -15.13877 55.22638 15.87646 0.49412 0.50588 0.49804 1.00000
v -12.13569 54.55136 14.06746 0.49412 0.50588 0.49804 1.00000
v -11.98360 51.38258 14.75263 0.49412 0.50588 0.49804 1.00000
v -9.02709 54.02281 12.04496 0.49412 0.50588 0.49804 1.00000
v -4.80350 50.88673 12.89167 0.49412 0.50588 0.49804 1.00000
v -0.67013 46.45283 13.84150 0.49412 0.50588 0.49804 1.00000
v -2.96216 47.35798 10.39096 0.49412 0.50588 0.49804 1.00000
v -1.32932 44.23670 7.75552 0.49412 0.50588 0.49804 1.00000
v -5.46269 48.67059 6.80570 0.49412 0.50588 0.49804 1.00000
v -3.94235 52.41824 11.49865 0.49412 0.50588 0.49804 1.00000
v 0.17887 48.91570 13.41258 0.49412 0.50588 0.49804 1.00000
v -2.07999 48.87152 9.99117 0.49412 0.50588 0.49804 1.00000
v -0.70289 45.60237 8.39297 0.49412 0.50588 0.49804 1.00000
v -4.82411 49.10492 6.47905 0.49412 0.50588 0.49804 1.00000
v -0.84547 53.19438 2.99522 0.49412 0.50588 0.49804 1.00000
v -5.40074 56.67287 2.74040 0.49412 0.50588 0.49804 1.00000
v -4.73054 53.14510 4.74591 0.49412 0.50588 0.49804 1.00000
v -8.89569 53.23547 6.36158 0.49412 0.50588 0.49804 1.00000
v -4.34041 49.75698 6.61639 0.49412 0.50588 0.49804 1.00000
v 0.24922 53.70926 11.84464 0.49412 0.50588 0.49804 1.00000
v 3.10979 49.47846 11.92686 0.49412 0.50588 0.49804 1.00000
v 0.15224 50.77143 9.79716 0.49412 0.50588 0.49804 1.00000
v 0.30021 47.28573 7.87844 0.49412 0.50588 0.49804 1.00000
v -2.56036 51.51653 7.79622 0.49412 0.50588 0.49804 1.00000
v 2.55325 52.20691 7.08614 0.49412 0.50588 0.49804 1.00000
v 1.74396 54.04148 2.38841 0.49412 0.50588 0.49804 1.00000
v -0.52199 52.65528 4.71199 0.49412 0.50588 0.49804 1.00000
v -3.58077 53.08449 2.70826 0.49412 0.50588 0.49804 1.00000
v -2.77148 51.24992 7.40599 0.49412 0.50588 0.49804 1.00000
v -0.92184 56.54121 6.62654 0.49412 0.50588 0.49804 1.00000
v -3.85781 57.88849 10.58308 0.49412 0.50588 0.49804 1.00000
v -3.42016 54.73420 8.99582 0.49412 0.50588 0.49804 1.00000
v -5.69952 52.84085 11.33110 0.49412 0.50588 0.49804 1.00000
v -2.76355 51.49357 7.37457 0.49412 0.50588 0.49804 1.00000
v 1.09035 58.00675 11.86954 0.49412 0.50588 0.49804 1.00000
v 4.01502 54.55895 13.48206 0.49412 0.50588 0.49804 1.00000
v 1.47052 54.67147 11.00908 0.49412 0.50588 0.49804 1.00000
v 2.05236 51.04125 10.36456 0.49412 0.50588 0.49804 1.00000
v -0.87231 54.48905 8.75204 0.49412 0.50588 0.49804 1.00000
v -9.21377 54.43766 5.90337 0.49412 0.50588 0.49804 1.00000
v -14.09663 51.88572 5.66258 0.49412 0.50588 0.49804 1.00000
v -10.84607 51.66131 8.16957 0.49412 0.50588 0.49804 1.00000
v -12.22770 48.94804 10.37897 0.49412 0.50588 0.49804 1.00000
v -7.34484 51.49998 10.61977 0.49412 0.50588 0.49804 1.00000
v -10.36989 54.84238 5.83960 0.49412 0.50588 0.49804 1.00000
v -14.74172 51.88313 6.38166 0.49412 0.50588 0.49804 1.00000
v -11.16840 52.23774 8.28925 0.49412 0.50588 0.49804 1.00000
v -12.29885 49.41851 10.81493 0.49412 0.50588 0.49804 1.00000
v -7.92703 52.37777 10.27287 0.49412 0.50588 0.49804 1.00000
v -9.51891 55.44252 14.83543 0.49412 0.50588 0.49804 1.00000
v -5.11206 58.29420 14.05344 0.49412 0.50588 0.49804 1.00000
v -6.33672 55.41500 12.24224 0.49412 0.50588 0.49804 1.00000
v -3.55120 55.29317 9.55880 0.49412 0.50588 0.49804 1.00000
v -7.95805 52.44149 10.34079 0.49412 0.50588 0.49804 1.00000
v -11.46353 57.16814 7.03174 0.49412 0.50588 0.49804 1.00000
v -15.47992 54.30559 7.69027 0.49412 0.50588 0.49804 1.00000
v -12.37284 53.96271 8.97633 0.49412 0.50588 0.49804 1.00000
v -12.97697 51.04241 10.98983 0.49412 0.50588 0.49804 1.00000
v -8.96059 53.90496 10.33130 0.49412 0.50588 0.49804 1.00000
v -13.17593 56.74165 13.25194 0.49412 0.50588 0.49804 1.00000
v -9.66943 57.53431 16.69217 0.49412 0.50588 0.49804 1.00000
v -9.61715 55.85635 13.51889 0.49412 0.50588 0.49804 1.00000
v -5.85972 54.95797 14.09777 0.49412 0.50588 0.49804 1.00000
v -9.36622 54.16530 10.65753 0.49412 0.50588 0.49804 1.00000
v -9.78679 59.65026 10.87427 0.49412 0.50588 0.49804 1.00000
v -8.10309 59.88430 6.19779 0.49412 0.50588 0.49804 1.00000
v -8.68192 57.13034 8.50393 0.49412 0.50588 0.49804 1.00000
v -7.35315 54.67865 5.76968 0.49412 0.50588 0.49804 1.00000
v -9.03685 54.44461 10.44616 0.49412 0.50588 0.49804 1.00000
v -9.79962 61.33879 7.91563 0.49412 0.50588 0.49804 1.00000
v -13.17897 60.48030 4.61658 0.49412 0.50588 0.49804 1.00000
v -11.75497 58.51111 7.11338 0.49412 0.50588 0.49804 1.00000
v -13.34616 55.74649 6.49016 0.49412 0.50588 0.49804 1.00000
v -9.96682 56.60498 9.78921 0.49412 0.50588 0.49804 1.00000
v -10.45029 51.59856 4.69932 0.49412 0.50588 0.49804 1.00000
v -13.80972 46.71562 5.25097 0.49412 0.50588 0.49804 1.00000
v -9.84506 47.97539 6.82402 0.49412 0.50588 0.49804 1.00000
v -9.08783 44.54286 8.86289 0.49412 0.50588 0.49804 1.00000
v -5.72840 49.42580 8.31124 0.49412 0.50588 0.49804 1.00000
v -11.69644 51.58469 5.09658 0.49412 0.50588 0.49804 1.00000
v -13.97259 46.59471 6.30007 0.49412 0.50588 0.49804 1.00000
v -10.49927 48.15852 7.31266 0.49412 0.50588 0.49804 1.00000
v -9.17800 45.04663 9.50155 0.49412 0.50588 0.49804 1.00000
v -6.90185 50.03661 8.29806 0.49412 0.50588 0.49804 1.00000
v -7.94416 51.52256 13.73316 0.49412 0.50588 0.49804 1.00000
v -5.70675 56.63137 13.08272 0.49412 0.50588 0.49804 1.00000
v -6.23737 53.22265 10.60818 0.49412 0.50588 0.49804 1.00000
v -4.59733 55.07654 7.42429 0.49412 0.50588 0.49804 1.00000
v -6.83474 49.96773 8.07474 0.49412 0.50588 0.49804 1.00000
v -13.38830 52.92784 7.37322 0.49412 0.50588 0.49804 1.00000
v -15.32773 48.36605 8.47815 0.49412 0.50588 0.49804 1.00000
v -12.04456 49.56226 8.78993 0.49412 0.50588 0.49804 1.00000
v -10.58772 46.47987 10.23339 0.49412 0.50588 0.49804 1.00000
v -8.64828 51.04167 9.12846 0.49412 0.50588 0.49804 1.00000
v -12.53807 50.53479 12.78953 0.49412 0.50588 0.49804 1.00000
v -9.52733 52.81330 16.18600 0.49412 0.50588 0.49804 1.00000
v -8.91224 51.91401 12.83656 0.49412 0.50588 0.49804 1.00000
v -5.56068 53.27853 12.56975 0.49412 0.50588 0.49804 1.00000
v -8.57143 51.00002 9.17327 0.49412 0.50588 0.49804 1.00000
v -11.54010 55.71035 11.13334 0.49412 0.50588 0.49804 1.00000
v -11.87938 57.18372 6.28501 0.49412 0.50588 0.49804 1.00000
v -10.38785 54.18380 8.03885 0.49412 0.50588 0.49804 1.00000
v -9.18680 52.87597 4.50559 0.49412 0.50588 0.49804 1.00000
v -8.84751 51.40259 9.35392 0.49412 0.50588 0.49804 1.00000
v -12.92712 57.72865 7.28147 0.49412 0.50588 0.49804 1.00000
v -17.11345 55.51933 6.48482 0.49412 0.50588 0.49804 1.00000
v -14.06032 54.45527 7.83996 0.49412 0.50588 0.49804 1.00000
v -14.89831 51.32724 8.36624 0.49412 0.50588 0.49804 1.00000
v -10.71198 53.53656 9.16289 0.49412 0.50588 0.49804 1.00000
v -11.43358 49.28567 4.03958 0.49412 0.50588 0.49804 1.00000
v -11.34962 43.27922 4.23588 0.49412 0.50588 0.49804 1.00000
v -8.66959 46.12502 5.80772 0.49412 0.50588 0.49804 1.00000
v -6.00469 43.27534 7.73459 0.49412 0.50588 0.49804 1.00000
v -6.08864 49.28180 7.53830 0.49412 0.50588 0.49804 1.00000
v -12.37744 49.02803 4.97270 0.49412 0.50588 0.49804 1.00000
v -11.92591 43.40925 5.34539 0.49412 0.50588 0.49804 1.00000
v -9.51499 46.26472 6.59755 0.49412 0.50588 0.49804 1.00000
v -6.70870 43.66826 8.30509 0.49412 0.50588 0.49804 1.00000
v -7.16024 49.28703 7.93240 0.49412 0.50588 0.49804 1.00000
v -8.59137 50.09235 14.30871 0.49412 0.50588 0.49804 1.00000
v -8.22652 55.64484 13.33400 0.49412 0.50588 0.49804 1.00000
v -7.68433 52.31764 10.95138 0.49412 0.50588 0.49804 1.00000
v -6.66106 54.90213 7.58197 0.49412 0.50588 0.49804 1.00000
v -7.02592 49.34964 8.55667 0.49412 0.50588 0.49804 1.00000
v -14.21342 49.36833 7.89514 0.49412 0.50588 0.49804 1.00000
v -14.36814 44.29183 7.90187 0.49412 0.50588 0.49804 1.00000
v -11.67133 46.97258 8.54007 0.49412 0.50588 0.49804 1.00000
v -9.15146 44.26924 9.28446 0.49412 0.50588 0.49804 1.00000
v -8.99674 49.34575 9.27773 0.49412 0.50588 0.49804 1.00000
v -12.35852 46.78501 11.90380 0.49412 0.50588 0.49804 1.00000
v -10.81030 48.93682 16.23596 0.49412 0.50588 0.49804 1.00000
v -9.74515 49.37941 12.79251 0.49412 0.50588 0.49804 1.00000
v -7.18883 51.69191 13.34632 0.49412 0.50588 0.49804 1.00000
v -8.73706 49.54010 9.01416 0.49412 0.50588 0.49804 1.00000
v -13.24334 51.93589 12.37051 0.49412 0.50588 0.49804 1.00000
v -14.66673 54.10213 8.00286 0.49412 0.50588 0.49804 1.00000
v -11.98360 51.72835 8.85941 0.49412 0.50588 0.49804 1.00000
v -10.77426 51.69912 5.13148 0.49412 0.50588 0.49804 1.00000
v -9.35087 49.53289 9.49912 0.49412 0.50588 0.49804 1.00000
v -16.04025 49.04809 4.11382 0.49412 0.50588 0.49804 1.00000
v -15.56082 44.30302 4.65752 0.49412 0.50588 0.49804 1.00000
v -14.04961 47.04230 6.21424 0.49412 0.50588 0.49804 1.00000
v -11.96030 44.72359 8.24767 0.49412 0.50588 0.49804 1.00000
v -12.43972 49.46866 7.70398 0.49412 0.50588 0.49804 1.00000
v 2.78317 51.52575 9.49147 0.49412 0.50588 0.49804 1.00000
v 7.34255 47.17182 10.40400 0.49412 0.50588 0.49804 1.00000
v 4.97019 48.11221 6.80018 0.49412 0.50588 0.49804 1.00000
v 7.03146 44.94829 4.01966 0.49412 0.50588 0.49804 1.00000
v 2.47208 49.30223 3.10713 0.49412 0.50588 0.49804 1.00000
v 3.73109 53.48035 8.00553 0.49412 0.50588 0.49804 1.00000
v 8.14172 50.15314 10.23247 0.49412 0.50588 0.49804 1.00000
v 6.02599 50.03468 6.49492 0.49412 0.50588 0.49804 1.00000
v 7.77641 46.74680 4.92236 0.49412 0.50588 0.49804 1.00000
v 3.36578 50.07401 2.69542 0.49412 0.50588 0.49804 1.00000
v 7.56467 53.50863 -0.62507 0.49412 0.50588 0.49804 1.00000
v 3.15170 57.34475 -1.76218 0.49412 0.50588 0.49804 1.00000
v 3.14802 53.93607 0.50914 0.49412 0.50588 0.49804 1.00000
v -0.91969 54.26294 1.95662 0.49412 0.50588 0.49804 1.00000
v 3.49328 50.42682 3.09373 0.49412 0.50588 0.49804 1.00000
v 6.41889 56.28524 7.18682 0.49412 0.50588 0.49804 1.00000
v 10.57561 53.67939 9.20037 0.49412 0.50588 0.49804 1.00000
v 8.13579 52.89259 6.32522 0.49412 0.50588 0.49804 1.00000
v 9.44842 49.73714 5.35470 0.49412 0.50588 0.49804 1.00000
v 5.29170 52.34298 3.34114 0.49412 0.50588 0.49804 1.00000
v 10.73650 54.13700 3.82718 0.49412 0.50588 0.49804 1.00000
v 10.53128 55.96763 -1.14574 0.49412 0.50588 0.49804 1.00000
v 7.92986 54.24533 1.37721 0.49412 0.50588 0.49804 1.00000
v 5.06591 54.58242 -1.19538 0.49412 0.50588 0.49804 1.00000
v 5.27114 52.75180 3.77754 0.49412 0.50588 0.49804 1.00000
v 7.31888 58.65973 3.92134 0.49412 0.50588 0.49804 1.00000
v 3.70498 59.41523 7.72820 0.49412 0.50588 0.49804 1.00000
v 4.85980 56.29694 5.60580 0.49412 0.50588 0.49804 1.00000
v 2.04337 54.04486 7.59391 0.49412 0.50588 0.49804 1.00000
v 5.65727 53.28936 3.78705 0.49412 0.50588 0.49804 1.00000
v 10.47321 60.35151 8.29358 0.49412 0.50588 0.49804 1.00000
v 13.75799 57.24102 9.89930 0.49412 0.50588 0.49804 1.00000
v 10.99285 57.11523 7.53619 0.49412 0.50588 0.49804 1.00000
v 11.77175 53.69081 6.82003 0.49412 0.50588 0.49804 1.00000
v 8.48697 56.80130 5.21431 0.49412 0.50588 0.49804 1.00000
v 11.49886 56.07415 1.74464 0.49412 0.50588 0.49804 1.00000
v 11.14520 52.17534 -2.01275 0.49412 0.50588 0.49804 1.00000
v 8.89167 53.36463 1.22638 0.49412 0.50588 0.49804 1.00000
v 6.24549 50.40214 0.46270 0.49412 0.50588 0.49804 1.00000
v 6.59916 54.30095 4.22009 0.49412 0.50588 0.49804 1.00000
v 10.94794 57.13575 1.19935 0.49412 0.50588 0.49804 1.00000
v 10.61013 53.38491 -2.45007 0.49412 0.50588 0.49804 1.00000
v 8.60946 53.94561 0.53414 0.49412 0.50588 0.49804 1.00000
v 6.21733 51.05162 0.06325 0.49412 0.50588 0.49804 1.00000
v 6.55515 54.80246 3.71267 0.49412 0.50588 0.49804 1.00000
v 2.06271 58.19594 1.48344 0.49412 0.50588 0.49804 1.00000
v 3.04446 61.41351 5.50645 0.49412 0.50588 0.49804 1.00000
v 4.61008 58.17212 4.44087 0.49412 0.50588 0.49804 1.00000
v 7.16897 58.27311 7.56670 0.49412 0.50588 0.49804 1.00000
v 6.18721 55.05555 3.54370 0.49412 0.50588 0.49804 1.00000
v 9.91615 58.73681 -0.58892 0.49412 0.50588 0.49804 1.00000
v 9.48637 55.10093 -3.92636 0.49412 0.50588 0.49804 1.00000
v 8.03015 55.46982 -0.83264 0.49412 0.50588 0.49804 1.00000
v 6.08036 52.44169 -0.92412 0.49412 0.50588 0.49804 1.00000
v 6.51014 56.07756 2.41331 0.49412 0.50588 0.49804 1.00000
v 4.40320 57.17021 -2.14864 0.49412 0.50588 0.49804 1.00000
v 0.20895 58.95469 -0.20785 0.49412 0.50588 0.49804 1.00000
v 3.46169 57.34867 1.07203 0.49412 0.50588 0.49804 1.00000
v 2.26649 57.79979 4.48346 0.49412 0.50588 0.49804 1.00000
v 6.46074 56.01529 2.54267 0.49412 0.50588 0.49804 1.00000
v 4.66544 60.00473 0.72750 0.49412 0.50588 0.49804 1.00000
v 8.68372 62.73854 1.68798 0.49412 0.50588 0.49804 1.00000
v 7.84424 59.20607 2.15770 0.49412 0.50588 0.49804 1.00000
v 10.64958 58.27444 3.65294 0.49412 0.50588 0.49804 1.00000
v 6.63130 55.54064 2.69246 0.49412 0.50588 0.49804 1.00000
v 8.60036 62.78470 -1.93657 0.49412 0.50588 0.49804 1.00000
v 8.58858 60.13795 -5.94097 0.49412 0.50588 0.49804 1.00000
v 7.50250 59.43760 -2.83132 0.49412 0.50588 0.49804 1.00000
v 6.43666 56.24208 -3.45319 0.49412 0.50588 0.49804 1.00000
v 6.44844 58.88882 0.55121 0.49412 0.50588 0.49804 1.00000
v 1.53421 55.55824 7.52882 0.49412 0.50588 0.49804 1.00000
v 4.41630 53.23918 11.91137 0.49412 0.50588 0.49804 1.00000
v 5.00283 52.87375 8.03367 0.49412 0.50588 0.49804 1.00000
v 8.32866 50.47697 8.16139 0.49412 0.50588 0.49804 1.00000
v 5.44657 52.79604 3.77883 0.49412 0.50588 0.49804 1.00000
v 2.57597 56.79415 6.79955 0.49412 0.50588 0.49804 1.00000
v 4.66663 55.31583 11.61753 0.49412 0.50588 0.49804 1.00000
v 5.45819 54.24056 7.87103 0.49412 0.50588 0.49804 1.00000
v 8.05940 51.74793 8.57011 0.49412 0.50588 0.49804 1.00000
v 5.96874 53.22625 3.75213 0.49412 0.50588 0.49804 1.00000
v 9.86569 56.69246 3.78358 0.49412 0.50588 0.49804 1.00000
v 8.00509 59.60540 -0.43806 0.49412 0.50588 0.49804 1.00000
v 6.53394 56.51886 1.77216 0.49412 0.50588 0.49804 1.00000
v 3.33633 56.17881 -0.09994 0.49412 0.50588 0.49804 1.00000
v 5.19693 53.26587 4.12170 0.49412 0.50588 0.49804 1.00000
v 3.82390 59.02455 8.15018 0.49412 0.50588 0.49804 1.00000
v 6.38807 56.93581 11.92074 0.49412 0.50588 0.49804 1.00000
v 6.30721 56.17132 8.48625 0.49412 0.50588 0.49804 1.00000
v 8.65868 53.44306 8.59404 0.49412 0.50588 0.49804 1.00000
v 6.09452 55.53179 4.82348 0.49412 0.50588 0.49804 1.00000
v 9.90411 58.33384 7.32301 0.49412 0.50588 0.49804 1.00000
v 12.23375 59.32100 2.99251 0.49412 0.50588 0.49804 1.00000
v 9.10017 57.39962 4.06391 0.49412 0.50588 0.49804 1.00000
v 8.45817 56.52205 0.48340 0.49412 0.50588 0.49804 1.00000
v 6.12853 55.53489 4.81390 0.49412 0.50588 0.49804 1.00000
v 6.61910 61.27587 4.28962 0.49412 0.50588 0.49804 1.00000
v 1.63655 61.35995 4.85706 0.49412 0.50588 0.49804 1.00000
v 4.04666 58.66308 4.82828 0.49412 0.50588 0.49804 1.00000
v 1.18026 56.07051 5.33000 0.49412 0.50588 0.49804 1.00000
v 6.16281 55.98643 4.76256 0.49412 0.50588 0.49804 1.00000
v 4.59790 63.50332 6.59582 0.49412 0.50588 0.49804 1.00000
v 5.73525 62.68135 11.18621 0.49412 0.50588 0.49804 1.00000
v 6.01888 60.71686 8.52180 0.49412 0.50588 0.49804 1.00000
v 7.44894 58.02519 10.04469 0.49412 0.50588 0.49804 1.00000
v 6.31159 58.84716 5.45430 0.49412 0.50588 0.49804 1.00000
v 0.13748 53.52325 6.81078 0.49412 0.50588 0.49804 1.00000
v 0.65410 49.21019 10.96492 0.49412 0.50588 0.49804 1.00000
v 2.56199 49.73216 7.19366 0.49412 0.50588 0.49804 1.00000
v 4.78297 46.34460 7.07195 0.49412 0.50588 0.49804 1.00000
v 4.26635 50.65767 2.91781 0.49412 0.50588 0.49804 1.00000
v 0.67621 53.39879 8.52340 0.49412 0.50588 0.49804 1.00000
v 1.76674 48.86104 11.70696 0.49412 0.50588 0.49804 1.00000
v 2.88594 50.33628 7.75029 0.49412 0.50588 0.49804 1.00000
v 5.34014 46.99111 7.27946 0.49412 0.50588 0.49804 1.00000
v 4.24962 51.52886 4.09590 0.49412 0.50588 0.49804 1.00000
v 9.61776 53.97158 5.34382 0.49412 0.50588 0.49804 1.00000
v 8.32137 58.48497 2.20309 0.49412 0.50588 0.49804 1.00000
v 6.35923 54.82968 3.26980 0.49412 0.50588 0.49804 1.00000
v 2.94597 56.09896 1.03893 0.49412 0.50588 0.49804 1.00000
v 4.24237 51.58558 4.17966 0.49412 0.50588 0.49804 1.00000
v 3.16726 55.90708 9.49558 0.49412 0.50588 0.49804 1.00000
v 3.91621 52.41859 13.11014 0.49412 0.50588 0.49804 1.00000
v 4.60013 52.38997 9.55490 0.49412 0.50588 0.49804 1.00000
v 5.85163 49.22130 9.24416 0.49412 0.50588 0.49804 1.00000
v 5.10267 52.70980 5.62961 0.49412 0.50588 0.49804 1.00000
v 8.16062 53.22551 10.37627 0.49412 0.50588 0.49804 1.00000
v 11.71013 55.29604 7.39141 0.49412 0.50588 0.49804 1.00000
v 8.47282 54.21688 6.61554 0.49412 0.50588 0.49804 1.00000
v 8.49121 55.09051 3.06964 0.49412 0.50588 0.49804 1.00000
v 4.94169 53.01998 6.05449 0.49412 0.50588 0.49804 1.00000
v 6.49310 58.20031 8.43981 0.49412 0.50588 0.49804 1.00000
v 1.55843 59.38061 8.21313 0.49412 0.50588 0.49804 1.00000
v 3.50013 56.34282 7.29784 0.49412 0.50588 0.49804 1.00000
v 0.15131 54.64539 6.04705 0.49412 0.50588 0.49804 1.00000
v 5.08598 53.46509 6.27373 0.49412 0.50588 0.49804 1.00000
v 0.66731 58.40963 10.23362 0.49412 0.50588 0.49804 1.00000
v -1.23493 55.13751 13.18587 0.49412 0.50588 0.49804 1.00000
v 1.39089 55.19587 10.62240 0.49412 0.50588 0.49804 1.00000
v 2.15395 51.88309 11.21923 0.49412 0.50588 0.49804 1.00000
v 4.05620 55.15522 8.26698 0.49412 0.50588 0.49804 1.00000
v 3.53274 52.82582 9.81620 0.49412 0.50588 0.49804 1.00000
v 4.87735 47.17002 10.47784 0.49412 0.50588 0.49804 1.00000
v 4.72544 49.39219 7.15045 0.49412 0.50588 0.49804 1.00000
v 6.11755 46.35159 4.45824 0.49412 0.50588 0.49804 1.00000
v 4.77294 52.00739 3.79661 0.49412 0.50588 0.49804 1.00000
v 4.76035 53.17556 10.02733 0.49412 0.50588 0.49804 1.00000
v 5.99222 47.81961 10.75088 0.49412 0.50588 0.49804 1.00000
v 5.64008 49.83827 7.53130 0.49412 0.50588 0.49804 1.00000
v 6.65661 46.88501 4.98297 0.49412 0.50588 0.49804 1.00000
v 5.42475 52.24096 4.25941 0.49412 0.50588 0.49804 1.00000
v 11.50774 54.60140 3.39093 0.49412 0.50588 0.49804 1.00000
v 9.03405 59.47972 2.49086 0.49412 0.50588 0.49804 1.00000
v 7.67595 55.70299 3.39446 0.49412 0.50588 0.49804 1.00000
v 3.62021 57.32784 3.18963 0.49412 0.50588 0.49804 1.00000
v 6.09390 52.44952 4.08970 0.49412 0.50588 0.49804 1.00000
v 7.39430 53.84967 10.55664 0.49412 0.50588 0.49804 1.00000
v 8.47403 49.02427 11.60211 0.49412 0.50588 0.49804 1.00000
v 7.67119 51.02810 8.43547 0.49412 0.50588 0.49804 1.00000
v 8.04080 47.95259 6.35486 0.49412 0.50588 0.49804 1.00000
v 6.96107 52.77799 5.30938 0.49412 0.50588 0.49804 1.00000
v 11.08000 51.39994 7.77530 0.49412 0.50588 0.49804 1.00000
v 14.02791 53.65392 4.34415 0.49412 0.50588 0.49804 1.00000
v 10.42820 53.41771 4.66729 0.49412 0.50588 0.49804 1.00000
v 9.56247 55.13406 1.76076 0.49412 0.50588 0.49804 1.00000
v 6.61457 52.88008 5.19192 0.49412 0.50588 0.49804 1.00000
v 10.86864 55.51487 6.54597 0.49412 0.50588 0.49804 1.00000
v 8.27423 58.46614 9.72439 0.49412 0.50588 0.49804 1.00000
v 7.34643 55.55391 7.64479 0.49412 0.50588 0.49804 1.00000
v 3.99739 55.48271 8.43474 0.49412 0.50588 0.49804 1.00000
v 6.59180 52.53143 5.25632 0.49412 0.50588 0.49804 1.00000
v 4.87589 54.98288 12.58512 0.49412 0.50588 0.49804 1.00000
v 4.35764 50.58323 14.43325 0.49412 0.50588 0.49804 1.00000
v 5.66767 51.93312 11.34871 0.49412 0.50588 0.49804 1.00000
v 6.45498 49.02119 10.05392 0.49412 0.50588 0.49804 1.00000
v 6.97323 53.42083 8.20579 0.49412 0.50588 0.49804 1.00000
v -6.21798 50.63726 -6.51090 0.49412 0.50588 0.49804 1.00000
v -10.85955 46.86258 -8.70444 0.49412 0.50588 0.49804 1.00000
v -8.65768 47.65072 -4.40743 0.49412 0.50588 0.49804 1.00000
v -11.59509 44.43072 -2.44345 0.49412 0.50588 0.49804 1.00000
v -6.95352 48.20541 -0.24990 0.49412 0.50588 0.49804 1.00000
v -7.37050 52.25312 -6.17044 0.49412 0.50588 0.49804 1.00000
v -11.69922 48.84275 -8.43610 0.49412 0.50588 0.49804 1.00000
v -9.57261 49.16450 -4.45121 0.49412 0.50588 0.49804 1.00000
v -12.09824 45.98428 -2.79799 0.49412 0.50588 0.49804 1.00000
v -7.76952 49.39464 -0.53233 0.49412 0.50588 0.49804 1.00000
v -11.66972 54.01740 2.72871 0.49412 0.50588 0.49804 1.00000
v -6.60937 56.72544 4.32898 0.49412 0.50588 0.49804 1.00000
v -7.59983 53.15364 1.86236 0.49412 0.50588 0.49804 1.00000
v -3.04940 52.52502 1.23750 0.49412 0.50588 0.49804 1.00000
v -8.10976 49.81697 -0.36277 0.49412 0.50588 0.49804 1.00000
v -9.53754 55.65503 -5.15245 0.49412 0.50588 0.49804 1.00000
v -13.50475 53.18625 -7.66176 0.49412 0.50588 0.49804 1.00000
v -11.71434 52.39907 -4.44529 0.49412 0.50588 0.49804 1.00000
v -13.38210 49.27408 -3.62702 0.49412 0.50588 0.49804 1.00000
v -9.41489 51.74286 -1.11771 0.49412 0.50588 0.49804 1.00000
v -14.05097 53.91925 -2.67513 0.49412 0.50588 0.49804 1.00000
v -15.05831 55.86787 2.15379 0.49412 0.50588 0.49804 1.00000
v -12.02370 53.94697 0.54529 0.49412 0.50588 0.49804 1.00000
v -9.99380 53.80710 3.51390 0.49412 0.50588 0.49804 1.00000
v -8.98646 51.85847 -1.31502 0.49412 0.50588 0.49804 1.00000
v -11.49891 56.69184 -0.68400 0.49412 0.50588 0.49804 1.00000
v -7.96973 59.19050 -3.75514 0.49412 0.50588 0.49804 1.00000
v -8.53504 55.43380 -2.70569 0.49412 0.50588 0.49804 1.00000
v -5.72829 54.08211 -4.57240 0.49412 0.50588 0.49804 1.00000
v -9.25747 51.58345 -1.50126 0.49412 0.50588 0.49804 1.00000
v -15.32029 60.06970 -3.35457 0.49412 0.50588 0.49804 1.00000
v -19.25845 57.32493 -3.33581 0.49412 0.50588 0.49804 1.00000
v -15.68892 56.92477 -2.45824 0.49412 0.50588 0.49804 1.00000
v -16.38013 53.56828 -1.46206 0.49412 0.50588 0.49804 1.00000
v -12.44197 56.31305 -1.48083 0.49412 0.50588 0.49804 1.00000
v -13.79203 50.51872 0.58120 0.49412 0.50588 0.49804 1.00000
v -14.37892 45.49264 4.12577 0.49412 0.50588 0.49804 1.00000
v -10.99669 46.97454 1.91178 0.49412 0.50588 0.49804 1.00000
v -8.10126 43.79988 3.23673 0.49412 0.50588 0.49804 1.00000
v -7.51437 48.82595 -0.30785 0.49412 0.50588 0.49804 1.00000
v -13.45373 51.40796 2.96597 0.49412 0.50588 0.49804 1.00000
v -13.32500 46.49119 5.85302 0.49412 0.50588 0.49804 1.00000
v -10.70580 48.16492 3.24059 0.49412 0.50588 0.49804 1.00000
v -7.95053 44.74438 3.66947 0.49412 0.50588 0.49804 1.00000
v -8.07926 49.66114 0.78243 0.49412 0.50588 0.49804 1.00000
v -3.97703 51.57611 4.91686 0.49412 0.50588 0.49804 1.00000
v -3.05056 56.17553 1.67447 0.49412 0.50588 0.49804 1.00000
v -5.25659 53.01897 0.97106 0.49412 0.50588 0.49804 1.00000
v -6.65286 54.06247 -2.70051 0.49412 0.50588 0.49804 1.00000
v -7.57933 49.46305 0.54188 0.49412 0.50588 0.49804 1.00000
v -11.88682 54.60627 4.30830 0.49412 0.50588 0.49804 1.00000
v -12.10363 51.49934 8.34474 0.49412 0.50588 0.49804 1.00000
v -10.16104 51.23924 5.53362 0.49412 0.50588 0.49804 1.00000
v -8.26805 48.18737 6.49106 0.49412 0.50588 0.49804 1.00000
v -8.05124 51.29432 2.45462 0.49412 0.50588 0.49804 1.00000
v -7.86214 52.84765 6.84789 0.49412 0.50588 0.49804 1.00000
v -3.20831 54.88806 6.43375 0.49412 0.50588 0.49804 1.00000
v -5.41239 53.12360 4.03255 0.49412 0.50588 0.49804 1.00000
v -3.35305 53.00358 1.38186 0.49412 0.50588 0.49804 1.00000
v -8.00688 50.96318 1.79600 0.49412 0.50588 0.49804 1.00000
v -7.83271 57.15187 3.64096 0.49412 0.50588 0.49804 1.00000
v -12.09540 57.40693 0.85577 0.49412 0.50588 0.49804 1.00000
v -9.84478 54.59586 1.85232 0.49412 0.50588 0.49804 1.00000
v -12.20836 52.11091 -0.20448 0.49412 0.50588 0.49804 1.00000
v -7.94566 51.85585 2.58071 0.49412 0.50588 0.49804 1.00000
v -10.83456 57.80696 6.44960 0.49412 0.50588 0.49804 1.00000
v -12.70978 55.40533 10.15870 0.49412 0.50588 0.49804 1.00000
v -10.58236 54.53971 7.39696 0.49412 0.50588 0.49804 1.00000
v -10.26970 51.38007 8.19306 0.49412 0.50588 0.49804 1.00000
v -8.39447 53.78170 4.48395 0.49412 0.50588 0.49804 1.00000
v -8.96298 54.15147 4.24308 0.49412 0.50588 0.49804 1.00000
v -4.86097 50.28344 5.36592 0.49412 0.50588 0.49804 1.00000
v -6.95092 50.91939 2.04418 0.49412 0.50588 0.49804 1.00000
v -5.24034 48.07682 -0.29926 0.49412 0.50588 0.49804 1.00000
v -9.34235 51.94485 -1.42210 0.49412 0.50588 0.49804 1.00000
v -7.71059 55.04802 4.13014 0.49412 0.50588 0.49804 1.00000
v -3.87296 51.23034 4.88669 0.49412 0.50588 0.49804 1.00000
v -6.22237 51.79597 1.96634 0.49412 0.50588 0.49804 1.00000
v -4.82898 48.90787 -0.34309 0.49412 0.50588 0.49804 1.00000
v -8.66660 52.72556 -1.09965 0.49412 0.50588 0.49804 1.00000
v -5.23965 56.66884 -4.85099 0.49412 0.50588 0.49804 1.00000
v -9.79560 59.66783 -5.20301 0.49412 0.50588 0.49804 1.00000
v -8.87345 56.23005 -3.32599 0.49412 0.50588 0.49804 1.00000
v -12.88940 56.05336 -1.88759 0.49412 0.50588 0.49804 1.00000
v -8.33345 53.05437 -1.53557 0.49412 0.50588 0.49804 1.00000
v -5.55840 57.33955 3.37681 0.49412 0.50588 0.49804 1.00000
v -2.02815 53.86836 4.19829 0.49412 0.50588 0.49804 1.00000
v -4.46659 53.96824 1.80006 0.49412 0.50588 0.49804 1.00000
v -3.59135 50.94101 0.04595 0.49412 0.50588 0.49804 1.00000
v -7.12159 54.41220 -0.77553 0.49412 0.50588 0.49804 1.00000
v -2.49748 55.57971 -0.48148 0.49412 0.50588 0.49804 1.00000
v -2.15686 57.57071 -5.07566 0.49412 0.50588 0.49804 1.00000
v -4.91238 55.98396 -3.05727 0.49412 0.50588 0.49804 1.00000
v -7.30732 56.24569 -5.44888 0.49412 0.50588 0.49804 1.00000
v -7.64795 54.25469 -0.85470 0.49412 0.50588 0.49804 1.00000
v -4.81028 58.27671 -2.02789 0.49412 0.50588 0.49804 1.00000
v -7.02331 61.04864 1.52252 0.49412 0.50588 0.49804 1.00000
v -7.31955 57.57723 0.65813 0.49412 0.50588 0.49804 1.00000
v -9.66318 56.63616 2.83361 0.49412 0.50588 0.49804 1.00000
v -7.45015 53.86422 -0.71681 0.49412 0.50588 0.49804 1.00000
v -2.15631 59.76159 3.06666 0.49412 0.50588 0.49804 1.00000
v 0.70828 55.98595 3.82793 0.49412 0.50588 0.49804 1.00000
v -2.02132 56.22637 2.00239 0.49412 0.50588 0.49804 1.00000
v -1.97230 52.90001 0.78992 0.49412 0.50588 0.49804 1.00000
v -4.83689 56.67565 0.02864 0.49412 0.50588 0.49804 1.00000
v -8.83531 55.94368 -6.23291 0.49412 0.50588 0.49804 1.00000
v -10.97482 51.97146 -9.01713 0.49412 0.50588 0.49804 1.00000
v -10.87649 53.13550 -5.11415 0.49412 0.50588 0.49804 1.00000
v -13.21950 50.22120 -4.16509 0.49412 0.50588 0.49804 1.00000
v -11.07999 54.19342 -1.38087 0.49412 0.50588 0.49804 1.00000
v -10.28410 56.56269 -7.57972 0.49412 0.50588 0.49804 1.00000
v -12.73496 52.23119 -8.92660 0.49412 0.50588 0.49804 1.00000
v -11.95665 53.63787 -5.66051 0.49412 0.50588 0.49804 1.00000
v -13.71622 50.54721 -3.80918 0.49412 0.50588 0.49804 1.00000
v -11.26536 54.87870 -2.46230 0.49412 0.50588 0.49804 1.00000
v -16.00020 56.20211 -1.83979 0.49412 0.50588 0.49804 1.00000
v -14.84964 60.62308 0.55058 0.49412 0.50588 0.49804 1.00000
v -12.74494 57.80664 -0.66670 0.49412 0.50588 0.49804 1.00000
v -9.66713 58.89936 0.45100 0.49412 0.50588 0.49804 1.00000
v -10.81768 54.47838 -1.93937 0.49412 0.50588 0.49804 1.00000
v -11.84037 58.61832 -6.59889 0.49412 0.50588 0.49804 1.00000
v -13.91972 55.46491 -9.75682 0.49412 0.50588 0.49804 1.00000
v -13.17822 55.35781 -6.19408 0.49412 0.50588 0.49804 1.00000
v -14.37734 52.30770 -5.61551 0.49412 0.50588 0.49804 1.00000
v -12.29799 55.46111 -2.45758 0.49412 0.50588 0.49804 1.00000
v -15.88959 56.28729 -5.85319 0.49412 0.50588 0.49804 1.00000
v -18.71740 58.37099 -2.40328 0.49412 0.50588 0.49804 1.00000
v -15.39017 57.22461 -2.33708 0.49412 0.50588 0.49804 1.00000
v -14.69455 57.77378 0.86151 0.49412 0.50588 0.49804 1.00000
v -11.86675 55.69008 -2.58840 0.49412 0.50588 0.49804 1.00000
v -14.62051 60.26664 -3.40006 0.49412 0.50588 0.49804 1.00000
v -10.57940 62.42631 -5.20156 0.49412 0.50588 0.49804 1.00000
v -11.45321 59.01101 -3.98967 0.49412 0.50588 0.49804 1.00000
v -8.15357 57.81176 -4.68475 0.49412 0.50588 0.49804 1.00000
v -12.19468 55.65210 -2.88325 0.49412 0.50588 0.49804 1.00000
v -10.07208 60.86971 -8.44574 0.49412 0.50588 0.49804 1.00000
v -9.30841 57.51164 -11.78949 0.49412 0.50588 0.49804 1.00000
v -10.72287 57.43095 -8.57729 0.49412 0.50588 0.49804 1.00000
v -11.37331 54.16842 -8.52900 0.49412 0.50588 0.49804 1.00000
v -12.13698 57.52649 -5.18525 0.49412 0.50588 0.49804 1.00000
v -3.20477 52.51182 -2.09972 0.49412 0.50588 0.49804 1.00000
v -1.70508 47.23135 -4.19620 0.49412 0.50588 0.49804 1.00000
v -5.42513 49.00066 -2.69398 0.49412 0.50588 0.49804 1.00000
v -7.66632 45.62473 -3.18605 0.49412 0.50588 0.49804 1.00000
v -9.16601 50.90519 -1.08957 0.49412 0.50588 0.49804 1.00000
v -3.60470 53.10419 -3.30959 0.49412 0.50588 0.49804 1.00000
v -2.01592 48.22640 -5.45597 0.49412 0.50588 0.49804 1.00000
v -5.46203 49.54788 -3.68565 0.49412 0.50588 0.49804 1.00000
v -7.37980 46.27511 -3.91908 0.49412 0.50588 0.49804 1.00000
v -8.96858 51.15290 -1.77270 0.49412 0.50588 0.49804 1.00000
v -11.46172 52.56139 -6.67263 0.49412 0.50588 0.49804 1.00000
v -12.28074 57.83048 -5.09468 0.49412 0.50588 0.49804 1.00000
v -10.40976 54.40461 -3.43917 0.49412 0.50588 0.49804 1.00000
v -9.21544 56.55503 -0.20826 0.49412 0.50588 0.49804 1.00000
v -8.39642 51.28594 -1.78621 0.49412 0.50588 0.49804 1.00000
v -3.98043 54.09086 -5.83872 0.49412 0.50588 0.49804 1.00000
v -2.62799 49.73343 -8.02694 0.49412 0.50588 0.49804 1.00000
v -5.41702 50.58653 -5.91301 0.49412 0.50588 0.49804 1.00000
v -6.90083 47.49566 -5.68739 0.49412 0.50588 0.49804 1.00000
v -8.25328 51.85310 -3.49918 0.49412 0.50588 0.49804 1.00000
v -7.00004 50.96941 -8.41158 0.49412 0.50588 0.49804 1.00000
v -11.27179 53.18475 -9.97650 0.49412 0.50588 0.49804 1.00000
v -9.76180 52.83923 -6.68569 0.49412 0.50588 0.49804 1.00000
v -12.21743 54.33522 -4.82266 0.49412 0.50588 0.49804 1.00000
v -7.94568 52.11988 -3.25774 0.49412 0.50588 0.49804 1.00000
v -8.12197 55.58429 -7.43175 0.49412 0.50588 0.49804 1.00000
v -4.30695 58.31568 -5.53709 0.49412 0.50588 0.49804 1.00000
v -6.19113 55.09105 -4.54842 0.49412 0.50588 0.49804 1.00000
v -4.02731 54.59325 -1.67581 0.49412 0.50588 0.49804 1.00000
v -7.84233 51.86186 -3.57047 0.49412 0.50588 0.49804 1.00000
v -0.21667 50.67530 -6.88676 0.49412 0.50588 0.49804 1.00000
v -1.03212 45.97804 -6.32830 0.49412 0.50588 0.49804 1.00000
v -3.11576 48.51039 -6.11420 0.49412 0.50588 0.49804 1.00000
v -5.95845 46.76616 -5.34350 0.49412 0.50588 0.49804 1.00000
v -5.14300 51.46342 -5.90196 0.49412 0.50588 0.49804 1.00000
v 6.25290 54.89050 5.34490 0.49412 0.50588 0.49804 1.00000
v 10.42280 50.61673 3.26329 0.49412 0.50588 0.49804 1.00000
v 6.27637 51.81533 1.81742 0.49412 0.50588 0.49804 1.00000
v 6.57526 48.31701 -1.72622 0.49412 0.50588 0.49804 1.00000
v 2.40536 52.59077 0.35540 0.49412 0.50588 0.49804 1.00000
v 5.87978 56.13253 4.47031 0.49412 0.50588 0.49804 1.00000
v 10.54082 52.59616 3.55136 0.49412 0.50588 0.49804 1.00000
v 6.47901 53.20061 1.65499 0.49412 0.50588 0.49804 1.00000
v 7.49003 49.97089 -1.26849 0.49412 0.50588 0.49804 1.00000
v 2.82899 53.50725 -0.34954 0.49412 0.50588 0.49804 1.00000
v 3.79503 58.11675 -5.47173 0.49412 0.50588 0.49804 1.00000
v -1.22652 60.63662 -3.59825 0.49412 0.50588 0.49804 1.00000
v 1.18481 57.19021 -2.26255 0.49412 0.50588 0.49804 1.00000
v -2.07324 56.46570 0.99992 0.49412 0.50588 0.49804 1.00000
v 2.94831 53.94582 -0.87356 0.49412 0.50588 0.49804 1.00000
v 7.62385 59.10476 2.69146 0.49412 0.50588 0.49804 1.00000
v 11.88246 56.05220 1.97644 0.49412 0.50588 0.49804 1.00000
v 8.06681 56.08639 0.65126 0.49412 0.50588 0.49804 1.00000
v 8.77815 52.85249 -1.44162 0.49412 0.50588 0.49804 1.00000
v 4.51953 55.90504 -0.72660 0.49412 0.50588 0.49804 1.00000
v 9.27025 57.79869 -3.17126 0.49412 0.50588 0.49804 1.00000
v 6.24075 59.32460 -7.22822 0.49412 0.50588 0.49804 1.00000
v 5.30703 57.67488 -4.16149 0.49412 0.50588 0.49804 1.00000
v 1.55595 57.46328 -4.78027 0.49412 0.50588 0.49804 1.00000
v 4.58546 55.93738 -0.72331 0.49412 0.50588 0.49804 1.00000
v 5.58402 60.31195 -2.78174 0.49412 0.50588 0.49804 1.00000
v 4.63416 62.98388 1.68186 0.49412 0.50588 0.49804 1.00000
v 4.55453 59.30297 0.90744 0.49412 0.50588 0.49804 1.00000
v 3.42762 58.03629 3.98355 0.49412 0.50588 0.49804 1.00000
v 4.37748 55.36436 -0.48005 0.49412 0.50588 0.49804 1.00000
v 10.10179 63.89950 -0.43173 0.49412 0.50588 0.49804 1.00000
v 13.99069 61.40097 -1.72669 0.49412 0.50588 0.49804 1.00000
v 10.38118 60.79232 -1.60328 0.49412 0.50588 0.49804 1.00000
v 10.90483 57.50438 -2.85190 0.49412 0.50588 0.49804 1.00000
v 7.01593 60.00291 -1.55693 0.49412 0.50588 0.49804 1.00000
v 6.81323 58.56662 -6.91005 0.49412 0.50588 0.49804 1.00000
v 4.35585 53.84504 -8.20476 0.49412 0.50588 0.49804 1.00000
v 4.87265 55.64234 -4.79064 0.49412 0.50588 0.49804 1.00000
v 2.90759 52.51814 -2.72183 0.49412 0.50588 0.49804 1.00000
v 5.36496 57.23972 -1.42712 0.49412 0.50588 0.49804 1.00000
v 6.51551 59.50009 -6.27250 0.49412 0.50588 0.49804 1.00000
v 4.39603 55.21864 -8.52297 0.49412 0.50588 0.49804 1.00000
v 4.51841 56.18827 -5.02793 0.49412 0.50588 0.49804 1.00000
v 2.71681 53.22062 -3.56706 0.49412 0.50588 0.49804 1.00000
v 4.83629 57.50208 -1.31659 0.49412 0.50588 0.49804 1.00000
v 0.02515 58.94683 -1.11532 0.49412 0.50588 0.49804 1.00000
v 1.04630 63.62633 1.10891 0.49412 0.50588 0.49804 1.00000
v 3.27362 60.65759 -0.12219 0.49412 0.50588 0.49804 1.00000
v 6.41378 62.01950 0.84201 0.49412 0.50588 0.49804 1.00000
v 5.39263 57.34001 -1.38221 0.49412 0.50588 0.49804 1.00000
v 4.02122 61.18923 -6.21481 0.49412 0.50588 0.49804 1.00000
v 2.02073 57.73138 -9.16616 0.49412 0.50588 0.49804 1.00000
v 2.87602 57.84280 -5.60689 0.49412 0.50588 0.49804 1.00000
v 1.87803 54.72816 -4.83481 0.49412 0.50588 0.49804 1.00000
v 3.87852 58.18601 -1.88346 0.49412 0.50588 0.49804 1.00000
v 0.10273 58.59079 -5.25583 0.49412 0.50588 0.49804 1.00000
v -2.75141 60.72543 -1.79658 0.49412 0.50588 0.49804 1.00000
v 0.65368 59.79352 -1.77668 0.49412 0.50588 0.49804 1.00000
v 1.41471 60.57058 1.40715 0.49412 0.50588 0.49804 1.00000
v 4.26884 58.43595 -2.05210 0.49412 0.50588 0.49804 1.00000
v 1.25918 62.74446 -3.08692 0.49412 0.50588 0.49804 1.00000
v 5.10140 65.14660 -5.12069 0.49412 0.50588 0.49804 1.00000
v 4.49415 61.71261 -3.62150 0.49412 0.50588 0.49804 1.00000
v 7.83615 60.70433 -4.34884 0.49412 0.50588 0.49804 1.00000
v 3.99393 58.30220 -2.31506 0.49412 0.50588 0.49804 1.00000
v 2.06454 64.89465 -7.05614 0.49412 0.50588 0.49804 1.00000
v -0.70548 62.06639 -9.77065 0.49412 0.50588 0.49804 1.00000
v 0.78459 61.45462 -6.86563 0.49412 0.50588 0.49804 1.00000
v -0.27476 58.22768 -6.44978 0.49412 0.50588 0.49804 1.00000
v 2.49526 61.05595 -3.73526 0.49412 0.50588 0.49804 1.00000
v 0.37373 56.21765 -5.96345 0.49412 0.50588 0.49804 1.00000
v -4.44874 52.75201 -4.92813 0.49412 0.50588 0.49804 1.00000
v -0.94987 53.07842 -2.78822 0.49412 0.50588 0.49804 1.00000
v -2.04778 50.28995 0.46032 0.49412 0.50588 0.49804 1.00000
v 2.77469 53.75560 -0.57499 0.49412 0.50588 0.49804 1.00000
v -1.52339 57.36814 -4.94984 0.49412 0.50588 0.49804 1.00000
v -5.47784 53.60606 -3.44496 0.49412 0.50588 0.49804 1.00000
v -1.57994 54.47971 -2.10231 0.49412 0.50588 0.49804 1.00000
v -2.01505 51.08896 0.74800 0.49412 0.50588 0.49804 1.00000
v 1.93939 54.85105 -0.75688 0.49412 0.50588 0.49804 1.00000
v 0.69173 57.45193 4.33824 0.49412 0.50588 0.49804 1.00000
v 5.22544 60.84036 4.19795 0.49412 0.50588 0.49804 1.00000
v 3.77239 57.48849 1.89338 0.49412 0.50588 0.49804 1.00000
v 6.91613 57.77949 -0.69245 0.49412 0.50588 0.49804 1.00000
v 2.38242 54.39107 -0.55215 0.49412 0.50588 0.49804 1.00000
v -2.85863 60.01889 -3.18563 0.49412 0.50588 0.49804 1.00000
v -6.32410 56.48147 -2.03934 0.49412 0.50588 0.49804 1.00000
v -2.70272 56.84889 -1.26935 0.49412 0.50588 0.49804 1.00000
v -2.86211 53.39812 0.71260 0.49412 0.50588 0.49804 1.00000
v 0.60336 56.93555 -0.43369 0.49412 0.50588 0.49804 1.00000
v -3.56620 58.45385 1.96527 0.49412 0.50588 0.49804 1.00000
v -0.94779 59.91178 6.07079 0.49412 0.50588 0.49804 1.00000
v 0.13946 58.28691 3.15314 0.49412 0.50588 0.49804 1.00000
v 3.62346 57.99340 3.95831 0.49412 0.50588 0.49804 1.00000
v 1.00505 56.53549 -0.14721 0.49412 0.50588 0.49804 1.00000
v 0.49172 61.61004 1.17633 0.49412 0.50588 0.49804 1.00000
v 2.00354 63.29940 -3.37311 0.49412 0.50588 0.49804 1.00000
v 1.52976 59.82389 -1.60629 0.49412 0.50588 0.49804 1.00000
v 2.49486 58.10912 -4.73342 0.49412 0.50588 0.49804 1.00000
v 0.98304 56.41977 -0.18398 0.49412 0.50588 0.49804 1.00000
v -5.32649 62.83968 -0.40323 0.49412 0.50588 0.49804 1.00000
v -8.15907 59.08684 0.56313 0.49412 0.50588 0.49804 1.00000
v -4.62733 59.57603 0.44884 0.49412 0.50588 0.49804 1.00000
v -4.27585 55.88388 1.22500 0.49412 0.50588 0.49804 1.00000
v -1.44327 59.63671 0.25864 0.49412 0.50588 0.49804 1.00000
v 4.74880 59.13457 3.81604 0.49412 0.50588 0.49804 1.00000
v 7.12482 54.96212 6.49768 0.49412 0.50588 0.49804 1.00000
v 6.31730 55.72500 2.57488 0.49412 0.50588 0.49804 1.00000
v 7.66333 52.57645 1.19794 0.49412 0.50588 0.49804 1.00000
v 5.28731 56.74889 -1.48371 0.49412 0.50588 0.49804 1.00000
v 5.53588 59.04202 4.57648 0.49412 0.50588 0.49804 1.00000
v 7.87191 54.64366 6.37856 0.49412 0.50588 0.49804 1.00000
v 6.70234 56.04090 2.77712 0.49412 0.50588 0.49804 1.00000
v 8.10102 52.90645 1.02972 0.49412 0.50588 0.49804 1.00000
v 5.76499 57.30481 -0.77237 0.49412 0.50588 0.49804 1.00000
v 10.70528 60.42563 -2.50212 0.49412 0.50588 0.49804 1.00000
v 7.46224 64.45594 -3.63759 0.49412 0.50588 0.49804 1.00000
v 6.96673 60.86244 -2.07675 0.49412 0.50588 0.49804 1.00000
v 2.94343 61.64497 -1.84411 0.49412 0.50588 0.49804 1.00000
v 6.18648 57.61465 -0.70864 0.49412 0.50588 0.49804 1.00000
v 8.07995 60.24429 5.09048 0.49412 0.50588 0.49804 1.00000
v 10.23923 55.87477 6.07380 0.49412 0.50588 0.49804 1.00000
v 8.57199 56.94720 3.26292 0.49412 0.50588 0.49804 1.00000
v 9.15145 53.91650 1.29602 0.49412 0.50588 0.49804 1.00000
v 6.99216 58.28601 0.31270 0.49412 0.50588 0.49804 1.00000
v 11.81114 57.97416 1.42236 0.49412 0.50588 0.49804 1.00000
v 13.38903 60.05259 -2.80996 0.49412 0.50588 0.49804 1.00000
v 10.03971 59.06523 -1.32284 0.49412 0.50588 0.49804 1.00000
v 8.29201 60.32597 -4.15269 0.49412 0.50588 0.49804 1.00000
v 6.71412 58.24754 0.07962 0.49412 0.50588 0.49804 1.00000
v 10.07198 62.53458 0.32783 0.49412 0.50588 0.49804 1.00000
v 6.72274 64.57945 3.38120 0.49412 0.50588 0.49804 1.00000
v 6.70418 61.52945 1.84034 0.49412 0.50588 0.49804 1.00000
v 3.63121 60.30920 3.19335 0.49412 0.50588 0.49804 1.00000
v 6.98045 58.26432 0.13997 0.49412 0.50588 0.49804 1.00000
v 7.44316 63.23851 5.89968 0.49412 0.50588 0.49804 1.00000
v 8.20963 60.09064 9.44145 0.49412 0.50588 0.49804 1.00000
v 8.03285 59.89301 5.84797 0.49412 0.50588 0.49804 1.00000
v 8.61969 56.67816 5.67439 0.49412 0.50588 0.49804 1.00000
v 7.85323 59.82603 2.13262 0.49412 0.50588 0.49804 1.00000
v -1.27700 55.24696 3.96154 0.49412 0.50588 0.49804 1.00000
v -0.52346 49.65604 5.89751 0.49412 0.50588 0.49804 1.00000
v 1.29106 51.62861 2.79758 0.49412 0.50588 0.49804 1.00000
v 3.94344 48.50776 1.57316 0.49412 0.50588 0.49804 1.00000
v 3.18990 54.09867 -0.36281 0.49412 0.50588 0.49804 1.00000
v 0.45700 56.21348 4.37538 0.49412 0.50588 0.49804 1.00000
v 0.37563 51.36081 7.21581 0.49412 0.50588 0.49804 1.00000
v 2.12790 52.66488 3.61624 0.49412 0.50588 0.49804 1.00000
v 3.75245 49.33518 2.72344 0.49412 0.50588 0.49804 1.00000
v 3.83383 54.18785 -0.11698 0.49412 0.50588 0.49804 1.00000
v 8.96094 55.51337 2.38092 0.49412 0.50588 0.49804 1.00000
v 8.39032 60.79490 0.53618 0.49412 0.50588 0.49804 1.00000
v 5.91608 57.80543 0.36518 0.49412 0.50588 0.49804 1.00000
v 2.89667 59.66543 -1.50293 0.49412 0.50588 0.49804 1.00000
v 3.46729 54.38391 0.34180 0.49412 0.50588 0.49804 1.00000
v 1.70292 56.34629 6.83967 0.49412 0.50588 0.49804 1.00000
v 2.22219 51.59343 8.56070 0.49412 0.50588 0.49804 1.00000
v 3.10516 53.53335 5.29609 0.49412 0.50588 0.49804 1.00000
v 4.61312 50.35788 3.89088 0.49412 0.50588 0.49804 1.00000
v 4.09384 55.11074 2.16985 0.49412 0.50588 0.49804 1.00000
v 7.33117 54.06426 6.43050 0.49412 0.50588 0.49804 1.00000
v 11.17786 56.43467 4.10554 0.49412 0.50588 0.49804 1.00000
v 7.49344 55.64948 3.25832 0.49412 0.50588 0.49804 1.00000
v 7.95558 57.48645 -0.08781 0.49412 0.50588 0.49804 1.00000
v 4.10889 55.11604 2.23715 0.49412 0.50588 0.49804 1.00000
v 5.64425 59.40561 5.92803 0.49412 0.50588 0.49804 1.00000
v 0.84476 61.05642 5.68100 0.49412 0.50588 0.49804 1.00000
v 2.81086 58.10688 4.19427 0.49412 0.50588 0.49804 1.00000
v -0.55341 57.12665 2.30919 0.49412 0.50588 0.49804 1.00000
v 4.24608 55.47584 2.55622 0.49412 0.50588 0.49804 1.00000
v 0.11977 53.08031 9.29340 0.49412 0.50588 0.49804 1.00000
v 0.44768 48.42973 8.15070 0.49412 0.50588 0.49804 1.00000
v 1.76799 51.62565 6.84520 0.49412 0.50588 0.49804 1.00000
v 3.56643 49.76013 4.36124 0.49412 0.50588 0.49804 1.00000
v 3.23852 54.41071 5.50394 0.49412 0.50588 0.49804 1.00000
v -12.53905 53.14198 0.00205 0.49412 0.50588 0.49804 1.00000
v -15.80653 48.43255 2.67852 0.49412 0.50588 0.49804 1.00000
v -11.55165 49.86322 3.23034 0.49412 0.50588 0.49804 1.00000
v -10.77725 46.29201 6.57440 0.49412 0.50588 0.49804 1.00000
v -7.50978 51.00145 3.89793 0.49412 0.50588 0.49804 1.00000
v -12.09595 54.33261 0.89656 0.49412 0.50588 0.49804 1.00000
v -16.24297 50.42291 2.51348 0.49412 0.50588 0.49804 1.00000
v -11.82906 51.24821 3.46774 0.49412 0.50588 0.49804 1.00000
v -11.97010 47.91578 6.35528 0.49412 0.50588 0.49804 1.00000
v -7.82308 51.82547 4.73836 0.49412 0.50588 0.49804 1.00000
v -8.54761 54.35685 10.00951 0.49412 0.50588 0.49804 1.00000
v -4.51989 58.57906 8.98557 0.49412 0.50588 0.49804 1.00000
v -6.17511 55.02952 6.72474 0.49412 0.50588 0.49804 1.00000
v -3.78096 55.90733 3.34281 0.49412 0.50588 0.49804 1.00000
v -7.80867 51.68512 4.36674 0.49412 0.50588 0.49804 1.00000
v -14.85083 57.05771 3.65106 0.49412 0.50588 0.49804 1.00000
v -17.56260 52.89833 5.47307 0.49412 0.50588 0.49804 1.00000
v -13.71386 53.93024 5.34280 0.49412 0.50588 0.49804 1.00000
v -12.90725 50.29366 7.14044 0.49412 0.50588 0.49804 1.00000
v -10.19548 54.45303 5.31844 0.49412 0.50588 0.49804 1.00000
v -13.68670 56.45548 9.56970 0.49412 0.50588 0.49804 1.00000
v -9.39481 57.79283 12.35628 0.49412 0.50588 0.49804 1.00000
v -9.85624 56.04154 8.98259 0.49412 0.50588 0.49804 1.00000
v -5.78564 55.67048 8.60694 0.49412 0.50588 0.49804 1.00000
v -10.07753 54.33315 5.82036 0.49412 0.50588 0.49804 1.00000
v -10.92156 58.58447 7.67045 0.49412 0.50588 0.49804 1.00000
v -11.08815 61.23206 3.09484 0.49412 0.50588 0.49804 1.00000
v -10.35985 57.51087 4.05700 0.49412 0.50588 0.49804 1.00000
v -9.76159 56.32561 0.69154 0.49412 0.50588 0.49804 1.00000
v -9.59500 53.67802 5.26715 0.49412 0.50588 0.49804 1.00000
v -14.60324 61.88904 7.50322 0.49412 0.50588 0.49804 1.00000
v -18.16082 59.85725 10.00494 0.49412 0.50588 0.49804 1.00000
v -15.05070 58.69426 8.76225 0.49412 0.50588 0.49804 1.00000
v -15.33339 55.62312 9.75921 0.49412 0.50588 0.49804 1.00000
v -11.77581 57.65491 7.25748 0.49412 0.50588 0.49804 1.00000
v -10.32295 57.37192 11.59754 0.49412 0.50588 0.49804 1.00000
v -7.03060 53.19224 12.60447 0.49412 0.50588 0.49804 1.00000
v -8.68746 54.20383 9.43429 0.49412 0.50588 0.49804 1.00000
v -7.26517 51.38737 7.15514 0.49412 0.50588 0.49804 1.00000
v -10.55752 55.56705 6.14822 0.49412 0.50588 0.49804 1.00000
v -9.18763 58.00714 11.56283 0.49412 0.50588 0.49804 1.00000
v -6.05694 53.87722 12.31173 0.49412 0.50588 0.49804 1.00000
v -8.01268 54.82916 9.41884 0.49412 0.50588 0.49804 1.00000
v -6.89698 51.92057 7.17396 0.49412 0.50588 0.49804 1.00000
v -10.02768 56.05050 6.42506 0.49412 0.50588 0.49804 1.00000
v -6.20138 59.45881 3.11694 0.49412 0.50588 0.49804 1.00000
v -10.10262 62.90612 2.55584 0.49412 0.50588 0.49804 1.00000
v -9.66905 59.45072 4.40563 0.49412 0.50588 0.49804 1.00000
v -13.58845 59.73929 5.47349 0.49412 0.50588 0.49804 1.00000
v -9.68720 56.29198 6.03459 0.49412 0.50588 0.49804 1.00000
v -6.25884 59.30244 11.34641 0.49412 0.50588 0.49804 1.00000
v -3.72879 55.04895 11.49583 0.49412 0.50588 0.49804 1.00000
v -6.22116 56.33409 9.24317 0.49412 0.50588 0.49804 1.00000
v -6.07227 53.02647 7.24462 0.49412 0.50588 0.49804 1.00000
v -8.60232 57.27996 7.09520 0.49412 0.50588 0.49804 1.00000
v -4.15762 57.86765 7.43359 0.49412 0.50588 0.49804 1.00000
v -3.43173 59.94086 2.99618 0.49412 0.50588 0.49804 1.00000
v -6.34707 58.47926 4.71621 0.49412 0.50588 0.49804 1.00000
v -8.55591 59.04792 2.17331 0.49412 0.50588 0.49804 1.00000
v -9.28180 56.97470 6.61072 0.49412 0.50588 0.49804 1.00000
v -6.42553 62.20323 6.82711 0.49412 0.50588 0.49804 1.00000
v -9.67297 63.35457 10.38298 0.49412 0.50588 0.49804 1.00000
v -8.97852 60.31530 8.43238 0.49412 0.50588 0.49804 1.00000
v -11.88350 58.58698 10.24287 0.49412 0.50588 0.49804 1.00000
v -8.63606 57.43564 6.68700 0.49412 0.50588 0.49804 1.00000
v -5.78901 63.66807 10.04726 0.49412 0.50588 0.49804 1.00000
v -1.99370 61.38657 11.89953 0.49412 0.50588 0.49804 1.00000
v -4.79012 60.56836 9.61793 0.49412 0.50588 0.49804 1.00000
v -3.48119 57.36640 9.15126 0.49412 0.50588 0.49804 1.00000
v -7.27651 59.64790 7.29898 0.49412 0.50588 0.49804 1.00000
v -7.08708 55.90174 -0.07860 0.49412 0.50588 0.49804 1.00000
v -11.45400 53.13938 -2.83797 0.49412 0.50588 0.49804 1.00000
v -10.34278 52.95783 1.00278 0.49412 0.50588 0.49804 1.00000
v -13.28556 50.36583 2.39883 0.49412 0.50588 0.49804 1.00000
v -8.91864 53.12820 5.15820 0.49412 0.50588 0.49804 1.00000
v -8.05725 56.79633 -0.31131 0.49412 0.50588 0.49804 1.00000
v -12.29084 53.93142 -2.46783 0.49412 0.50588 0.49804 1.00000
v -10.80471 53.79445 1.01709 0.49412 0.50588 0.49804 1.00000
v -13.44553 51.11557 2.56184 0.49412 0.50588 0.49804 1.00000
v -9.21194 53.98048 4.71835 0.49412 0.50588 0.49804 1.00000
v -13.04538 57.37526 7.92477 0.49412 0.50588 0.49804 1.00000
v -8.79099 59.93118 10.40448 0.49412 0.50588 0.49804 1.00000
v -9.24643 56.79715 7.59642 0.49412 0.50588 0.49804 1.00000
v -5.05713 56.50890 7.41124 0.49412 0.50588 0.49804 1.00000
v -9.31152 53.95298 4.93153 0.49412 0.50588 0.49804 1.00000
v -9.71901 59.04325 0.07276 0.49412 0.50588 0.49804 1.00000
v -13.51893 56.41944 -1.98552 0.49412 0.50588 0.49804 1.00000
v -11.86886 55.97693 1.06101 0.49412 0.50588 0.49804 1.00000
v -13.86888 53.10316 2.21994 0.49412 0.50588 0.49804 1.00000
v -10.06896 55.72697 4.27822 0.49412 0.50588 0.49804 1.00000
v -14.83820 57.95216 3.26214 0.49412 0.50588 0.49804 1.00000
v -15.12998 59.13508 8.16885 0.49412 0.50588 0.49804 1.00000
v -12.65655 57.45718 6.47880 0.49412 0.50588 0.49804 1.00000
v -10.42346 56.84012 9.30069 0.49412 0.50588 0.49804 1.00000
v -10.13168 55.65720 4.39398 0.49412 0.50588 0.49804 1.00000
v -11.22863 60.71131 5.46939 0.49412 0.50588 0.49804 1.00000
v -7.09092 62.01774 2.87460 0.49412 0.50588 0.49804 1.00000
v -8.33977 58.87922 3.58009 0.49412 0.50588 0.49804 1.00000
v -5.92653 56.90187 1.81339 0.49412 0.50588 0.49804 1.00000
v -10.06424 55.59545 4.40818 0.49412 0.50588 0.49804 1.00000
v -9.07279 63.31161 3.25066 0.49412 0.50588 0.49804 1.00000
v -9.31186 63.36574 -1.54319 0.49412 0.50588 0.49804 1.00000
v -9.92269 60.89103 0.74300 0.49412 0.50588 0.49804 1.00000
v -10.64788 58.48898 -1.17778 0.49412 0.50588 0.49804 1.00000
v -10.40881 58.43486 3.61607 0.49412 0.50588 0.49804 1.00000
v -9.71309 57.73176 1.33866 0.49412 0.50588 0.49804 1.00000
v -13.46664 54.61664 -1.28454 0.49412 0.50588 0.49804 1.00000
v -12.14594 54.53914 2.41590 0.49412 0.50588 0.49804 1.00000
v -14.06404 51.58703 3.69588 0.49412 0.50588 0.49804 1.00000
v -10.31048 54.70215 6.31908 0.49412 0.50588 0.49804 1.00000
v -10.83454 58.14401 0.66060 0.49412 0.50588 0.49804 1.00000
v -14.48489 54.68589 -1.07115 0.49412 0.50588 0.49804 1.00000
v -12.74102 54.94075 2.20821 0.49412 0.50588 0.49804 1.00000
v -14.45563 52.11008 3.95172 0.49412 0.50588 0.49804 1.00000
v -10.80529 55.56820 5.68348 0.49412 0.50588 0.49804 1.00000
v -14.70962 58.55371 8.99001 0.49412 0.50588 0.49804 1.00000
v -10.72748 61.86008 10.21194 0.49412 0.50588 0.49804 1.00000
v -10.82021 58.82410 8.02360 0.49412 0.50588 0.49804 1.00000
v -7.02119 59.06839 6.97871 0.49412 0.50588 0.49804 1.00000
v -11.00333 55.76203 5.75678 0.49412 0.50588 0.49804 1.00000
v -13.77297 60.03742 0.46965 0.49412 0.50588 0.49804 1.00000
v -16.90998 56.26471 -0.32295 0.49412 0.50588 0.49804 1.00000
v -14.49724 56.87445 2.22943 0.49412 0.50588 0.49804 1.00000
v -15.32792 53.56349 3.93763 0.49412 0.50588 0.49804 1.00000
v -12.19090 57.33619 4.73023 0.49412 0.50588 0.49804 1.00000
v -16.67194 58.62706 4.13088 0.49412 0.50588 0.49804 1.00000
v -17.34293 60.51075 8.68103 0.49412 0.50588 0.49804 1.00000
v -14.55808 58.74817 6.95794 0.49412 0.50588 0.49804 1.00000
v -12.40635 58.89824 9.67377 0.49412 0.50588 0.49804 1.00000
v -11.73536 57.01455 5.12361 0.49412 0.50588 0.49804 1.00000
v -13.84452 62.15727 5.36863 0.49412 0.50588 0.49804 1.00000
v -10.38356 63.68379 2.14467 0.49412 0.50588 0.49804 1.00000
v -11.34601 60.39524 3.80454 0.49412 0.50588 0.49804 1.00000
v -8.64531 58.71965 1.83025 0.49412 0.50588 0.49804 1.00000
v -12.10627 57.19314 5.05421 0.49412 0.50588 0.49804 1.00000
v -10.27293 61.25643 -0.70522 0.49412 0.50588 0.49804 1.00000
v -10.06714 57.47789 -3.65834 0.49412 0.50588 0.49804 1.00000
v -11.14440 58.08091 -0.20894 0.49412 0.50588 0.49804 1.00000
v -12.13451 54.77122 0.13075 0.49412 0.50588 0.49804 1.00000
v -12.34030 58.54977 3.08387 0.49412 0.50588 0.49804 1.00000
v 6.31434 57.09537 0.20660 0.49412 0.50588 0.49804 1.00000
v 8.74681 53.47351 -4.36013 0.49412 0.50588 0.49804 1.00000
v 4.63369 53.77418 -2.84281 0.49412 0.50588 0.49804 1.00000
v 2.72994 50.81764 -5.64686 0.49412 0.50588 0.49804 1.00000
v 0.29747 54.43950 -1.08012 0.49412 0.50588 0.49804 1.00000
v 5.31730 58.88613 -1.09235 0.49412 0.50588 0.49804 1.00000
v 8.49870 56.11199 -5.23865 0.49412 0.50588 0.49804 1.00000
v 4.42694 55.62315 -3.63898 0.49412 0.50588 0.49804 1.00000
v 3.40880 52.50129 -6.01216 0.49412 0.50588 0.49804 1.00000
v 0.22740 55.27544 -1.86586 0.49412 0.50588 0.49804 1.00000
v -2.32141 58.97126 -5.93797 0.49412 0.50588 0.49804 1.00000
v -4.72716 62.54653 -1.88347 0.49412 0.50588 0.49804 1.00000
v -1.99514 58.85331 -1.94524 0.49412 0.50588 0.49804 1.00000
v -1.63921 59.10501 2.35069 0.49412 0.50588 0.49804 1.00000
v 0.76653 55.52974 -1.70380 0.49412 0.50588 0.49804 1.00000
v 6.27838 61.31657 -3.71612 0.49412 0.50588 0.49804 1.00000
v 7.92176 58.01632 -7.50384 0.49412 0.50588 0.49804 1.00000
v 4.88175 57.95145 -5.43440 0.49412 0.50588 0.49804 1.00000
v 3.31895 54.82549 -7.11695 0.49412 0.50588 0.49804 1.00000
v 1.67556 58.12574 -3.32922 0.49412 0.50588 0.49804 1.00000
v 2.31311 59.78154 -8.69264 0.49412 0.50588 0.49804 1.00000
v -2.76449 61.25014 -8.71594 0.49412 0.50588 0.49804 1.00000
v -0.79983 59.72551 -6.07462 0.49412 0.50588 0.49804 1.00000
v -3.57527 59.50737 -3.44897 0.49412 0.50588 0.49804 1.00000
v 1.50233 58.03878 -3.42567 0.49412 0.50588 0.49804 1.00000
v 0.55049 62.48415 -5.37255 0.49412 0.50588 0.49804 1.00000
v 3.45421 65.07931 -1.79865 0.49412 0.50588 0.49804 1.00000
v 2.73861 61.38922 -2.29456 0.49412 0.50588 0.49804 1.00000
v 4.46186 60.07065 0.48984 0.49412 0.50588 0.49804 1.00000
v 1.55815 57.47549 -3.08407 0.49412 0.50588 0.49804 1.00000
v 5.59820 65.74787 -6.15607 0.49412 0.50588 0.49804 1.00000
v 8.55880 63.67356 -9.31442 0.49412 0.50588 0.49804 1.00000
v 5.92562 62.43654 -7.57873 0.49412 0.50588 0.49804 1.00000
v 6.02526 59.33549 -8.57392 0.49412 0.50588 0.49804 1.00000
v 3.06467 61.40981 -5.41557 0.49412 0.50588 0.49804 1.00000
v -3.45318 60.46935 -5.36334 0.49412 0.50588 0.49804 1.00000
v -6.68854 57.38478 -1.86513 0.49412 0.50588 0.49804 1.00000
v -2.43831 57.78127 -2.70458 0.49412 0.50588 0.49804 1.00000
v -1.53540 55.03681 0.20092 0.49412 0.50588 0.49804 1.00000
v 1.69997 58.12139 -3.29728 0.49412 0.50588 0.49804 1.00000
v -3.61997 61.51317 -4.38301 0.49412 0.50588 0.49804 1.00000
v -6.51046 58.47649 -0.95606 0.49412 0.50588 0.49804 1.00000
v -2.53229 58.73104 -2.15668 0.49412 0.50588 0.49804 1.00000
v -1.60652 55.85360 0.47674 0.49412 0.50588 0.49804 1.00000
v 1.28397 58.89028 -2.95021 0.49412 0.50588 0.49804 1.00000
v 3.48746 62.02911 1.50500 0.49412 0.50588 0.49804 1.00000
v 6.08172 64.96278 -2.23447 0.49412 0.50588 0.49804 1.00000
v 3.79185 62.03421 -2.63470 0.49412 0.50588 0.49804 1.00000
v 3.86867 61.94372 -6.60094 0.49412 0.50588 0.49804 1.00000
v 1.27441 59.01005 -2.86147 0.49412 0.50588 0.49804 1.00000
v -4.37311 63.81969 -1.60897 0.49412 0.50588 0.49804 1.00000
v -6.10624 60.33917 1.53766 0.49412 0.50588 0.49804 1.00000
v -2.88841 60.86781 -0.33442 0.49412 0.50588 0.49804 1.00000
v -1.66876 57.47826 1.15613 0.49412 0.50588 0.49804 1.00000
v 0.06437 60.95877 -1.99050 0.49412 0.50588 0.49804 1.00000
v -0.79760 63.34352 2.97431 0.49412 0.50588 0.49804 1.00000
v 4.10671 64.30849 3.16315 0.49412 0.50588 0.49804 1.00000
v 2.11294 62.58922 0.76055 0.49412 0.50588 0.49804 1.00000
v 5.24939 61.85214 -1.40951 0.49412 0.50588 0.49804 1.00000
v 0.34508 60.88716 -1.59834 0.49412 0.50588 0.49804 1.00000
v 0.93996 64.95049 -0.03630 0.49412 0.50588 0.49804 1.00000
v -1.14311 67.38886 -3.87482 0.49412 0.50588 0.49804 1.00000
v -0.49100 63.83440 -3.17846 0.49412 0.50588 0.49804 1.00000
v -1.65653 62.58883 -6.09169 0.49412 0.50588 0.49804 1.00000
v 0.42653 60.15047 -2.25317 0.49412 0.50588 0.49804 1.00000
v -2.96957 67.80769 -1.21988 0.49412 0.50588 0.49804 1.00000
v -5.62976 65.85411 2.26549 0.49412 0.50588 0.49804 1.00000
v -3.04041 64.61259 0.55979 0.49412 0.50588 0.49804 1.00000
v -2.95983 61.50694 2.25383 0.49412 0.50588 0.49804 1.00000
v -0.29964 63.46052 -1.23154 0.49412 0.50588 0.49804 1.00000
v 1.64907 61.09518 0.57664 0.49412 0.50588 0.49804 1.00000
v 2.41736 56.10668 2.22468 0.49412 0.50588 0.49804 1.00000
v 2.53771 57.72588 -1.24271 0.49412 0.50588 0.49804 1.00000
v 3.18674 54.74397 -3.18971 0.49412 0.50588 0.49804 1.00000
v 2.41846 59.73247 -4.83775 0.49412 0.50588 0.49804 1.00000
v 2.69878 61.33500 0.82188 0.49412 0.50588 0.49804 1.00000
v 3.56174 56.51684 2.45920 0.49412 0.50588 0.49804 1.00000
v 3.30890 57.96115 -0.92800 0.49412 0.50588 0.49804 1.00000
v 3.72656 55.03666 -2.80625 0.49412 0.50588 0.49804 1.00000
v 2.86360 59.85482 -4.44357 0.49412 0.50588 0.49804 1.00000
v 8.31871 60.70213 -5.05635 0.49412 0.50588 0.49804 1.00000
v 7.25409 65.71745 -5.65067 0.49412 0.50588 0.49804 1.00000
v 5.08462 62.99567 -4.93836 0.49412 0.50588 0.49804 1.00000
v 1.92982 65.00454 -4.57969 0.49412 0.50588 0.49804 1.00000
v 2.99444 59.98921 -3.98538 0.49412 0.50588 0.49804 1.00000
v 5.43226 60.38356 2.60701 0.49412 0.50588 0.49804 1.00000
v 5.94297 55.50166 2.20013 0.49412 0.50588 0.49804 1.00000
v 5.11933 58.14355 -0.15142 0.49412 0.50588 0.49804 1.00000
v 4.74572 55.44537 -2.88466 0.49412 0.50588 0.49804 1.00000
v 4.23501 60.32726 -2.47778 0.49412 0.50588 0.49804 1.00000
v 9.55414 59.12596 -1.51381 0.49412 0.50588 0.49804 1.00000
v 10.76517 61.75502 -5.49886 0.49412 0.50588 0.49804 1.00000
v 7.62438 60.92989 -3.96690 0.49412 0.50588 0.49804 1.00000
v 5.82132 62.81594 -6.81833 0.49412 0.50588 0.49804 1.00000
v 4.61029 60.18688 -2.83328 0.49412 0.50588 0.49804 1.00000
v 8.04675 63.74646 -1.42283 0.49412 0.50588 0.49804 1.00000
v 4.65768 65.83471 1.47764 0.49412 0.50588 0.49804 1.00000
v 4.40419 63.21458 -0.72307 0.49412 0.50588 0.49804 1.00000
v 0.87810 62.54554 -0.02773 0.49412 0.50588 0.49804 1.00000
v 4.26717 60.45729 -2.92819 0.49412 0.50588 0.49804 1.00000
v 8.30326 62.67014 4.05046 0.49412 0.50588 0.49804 1.00000
v 9.06172 57.95063 4.48803 0.49412 0.50588 0.49804 1.00000
v 7.61893 59.83780 1.99823 0.49412 0.50588 0.49804 1.00000
v 6.99147 56.77740 -0.02157 0.49412 0.50588 0.49804 1.00000
v 6.23301 61.49691 -0.45914 0.49412 0.50588 0.49804 1.00000
v 7.45402 53.35495 -1.44713 0.49412 0.50588 0.49804 1.00000
v 5.53463 47.66712 -0.40072 0.49412 0.50588 0.49804 1.00000
v 3.49267 51.70694 -1.19474 0.49412 0.50588 0.49804 1.00000
v -0.66327 49.39928 -0.62315 0.49412 0.50588 0.49804 1.00000
v 1.25612 55.08711 -1.66956 0.49412 0.50588 0.49804 1.00000
v 6.93028 54.43521 -2.44783 0.49412 0.50588 0.49804 1.00000
v 6.71696 48.80936 -1.50925 0.49412 0.50588 0.49804 1.00000
v 3.83759 52.13599 -1.93224 0.49412 0.50588 0.49804 1.00000
v 0.69503 49.44107 -1.47793 0.49412 0.50588 0.49804 1.00000
v 0.90836 55.06692 -2.41650 0.49412 0.50588 0.49804 1.00000
v -0.20911 53.37312 -7.33333 0.49412 0.50588 0.49804 1.00000
v 0.14684 58.62418 -9.54158 0.49412 0.50588 0.49804 1.00000
v 0.76695 57.24020 -5.78283 0.49412 0.50588 0.49804 1.00000
v 1.56611 60.48030 -3.98086 0.49412 0.50588 0.49804 1.00000
v 1.21016 55.22924 -1.77261 0.49412 0.50588 0.49804 1.00000
v 7.64955 53.72739 -5.48411 0.49412 0.50588 0.49804 1.00000
v 6.76947 48.78559 -4.59298 0.49412 0.50588 0.49804 1.00000
v 4.61075 51.56734 -4.33664 0.49412 0.50588 0.49804 1.00000
v 1.56157 49.65240 -3.40355 0.49412 0.50588 0.49804 1.00000
v 2.44165 54.59420 -4.29468 0.49412 0.50588 0.49804 1.00000
v 2.82641 50.93158 -8.44966 0.49412 0.50588 0.49804 1.00000
v -0.67006 53.69112 -10.92952 0.49412 0.50588 0.49804 1.00000
v 0.68800 54.11056 -7.70478 0.49412 0.50588 0.49804 1.00000
v -1.22077 57.25505 -6.88964 0.49412 0.50588 0.49804 1.00000
v 2.27571 54.49551 -4.40978 0.49412 0.50588 0.49804 1.00000
v 3.98457 56.05782 -9.24637 0.49412 0.50588 0.49804 1.00000
v 7.93175 58.56171 -7.21158 0.49412 0.50588 0.49804 1.00000
v 4.93655 56.53179 -5.84204 0.49412 0.50588 0.49804 1.00000
v 6.23506 57.12722 -2.27651 0.49412 0.50588 0.49804 1.00000
v 2.28788 54.62333 -4.31131 0.49412 0.50588 0.49804 1.00000
v 9.34753 51.63733 -8.08756 0.49412 0.50588 0.49804 1.00000
v 7.92974 47.21865 -6.86023 0.49412 0.50588 0.49804 1.00000
v 6.31227 50.09261 -6.67769 0.49412 0.50588 0.49804 1.00000
v 3.34377 48.87611 -5.39727 0.49412 0.50588 0.49804 1.00000
v 4.76156 53.29480 -6.62459 0.49412 0.50588 0.49804 1.00000
v 2.52330 54.01461 -8.14599 0.49412 0.50588 0.49804 1.00000
v 1.91984 47.95609 -7.28414 0.49412 0.50588 0.49804 1.00000
v 1.15129 51.75161 -4.72089 0.49412 0.50588 0.49804 1.00000
v -0.05770 48.76949 -1.14777 0.49412 0.50588 0.49804 1.00000
v 0.54576 54.82801 -2.00961 0.49412 0.50588 0.49804 1.00000
# Normals
vn -47.63610 15.29725 -9.88920
vn -50.13878 5.19285 -7.75478
vn -46.78804 9.05353 -18.16351
vn -47.88714 7.32527 -15.94247
vn -43.07243 20.85041 -17.63592
vn -45.89817 -7.82330 -20.81235
vn -45.84481 -10.02403 -19.96927
vn -41.65400 -10.58560 -27.45704
vn -45.05371 -12.69590 -20.24789
vn -45.08014 -10.61732 -21.35539
vn -8.40704 4.97003 -50.05617
vn -8.32895 -7.35767 -49.77442
vn -1.89560 -2.75222 -50.89038
vn 5.21380 -7.19872 -50.21946
vn 4.13067 5.16270 -50.56959
vn -17.28362 2.85282 -47.89716
vn -19.23053 -2.81885 -47.15125
vn -12.89617 -2.42253 -49.28306
vn -13.04101 -4.25724 -49.12033
vn -11.01760 2.30218 -49.74245
vn 50.95853 -2.04149 0.24463
vn 50.98372 1.22936 -0.38540
vn 50.40352 -2.15206 -7.47353
vn 50.95759 2.04334 0.38572
vn 50.90453 -2.85895 1.24682
vn -33.27253 2.27461 -38.58451
vn -34.22263 -2.49058 -37.73073
vn -27.52278 -2.02594 -42.88813
vn -31.49306 -3.85846 -39.92868
vn -30.22489 2.02027 -41.02894
vn 32.31451 -39.43738 1.21032
vn 35.01319 -37.07341 0.79870
vn 32.71547 -38.33296 -7.82822
vn 36.81342 -35.29469 -0.23781
vn 33.94874 -38.05282 0.68225
vn 33.63441 38.24654 2.63224
vn 29.43943 41.62387 1.33165
vn 32.90314 38.32687 -7.03095
vn 30.83393 40.62267 0.25871
vn 35.78288 36.31784 1.26501
vn -46.93391 -7.12923 -18.63818
vn -46.43806 -7.86780 -19.56027
vn -42.87811 -8.63850 -26.22677
vn -46.77103 -8.62917 -18.41218
vn -47.30302 -7.79558 -17.39692
vn 17.14137 16.51588 -45.10431
vn 20.65920 4.68342 -46.39249
vn 19.76773 6.76122 -46.52443
vn 29.17308 4.89926 -41.54429
vn 25.97499 14.21903 -41.52250
vn 0.69991 13.43294 -49.19416
vn 3.02106 4.71786 -50.69137
vn 5.12552 6.20686 -50.36074
vn 13.15741 6.06632 -48.89869
vn 9.83202 13.90339 -48.07314
vn 49.80000 2.45054 10.72167
vn 49.30159 7.99993 10.31281
vn 50.70736 4.82994 2.53681
vn 49.35491 9.85689 8.24223
vn 50.07797 2.86980 9.21741
vn -7.54127 2.49572 -50.37757
vn -8.42804 -7.55772 -49.72775
vn -1.65701 -4.06699 -50.81057
vn 2.27168 -8.59276 -50.21955
vn 2.83431 1.93331 -50.88446
vn 28.26365 -38.96921 16.83944
vn 30.39684 -37.29131 16.92305
vn 31.14269 -39.37159 9.00057
vn 33.16319 -35.27477 16.02789
vn 31.36456 -36.72137 16.39527
vn 34.43813 35.30466 12.98443
vn 30.91968 39.07421 10.87103
vn 35.96916 35.94081 3.93413
vn 33.65827 36.88389 10.37783
vn 37.59712 32.36446 11.83206
vn -45.66241 -8.33638 -21.12933
vn -45.80755 -13.06852 -18.21761
vn -40.51300 -13.66554 -27.80197
vn -43.62549 -17.89290 -19.43347
vn -43.80991 -13.16712 -22.54592
vn 43.61380 14.74197 -21.94334
vn 46.79756 2.33166 -20.13830
vn 43.26307 5.27389 -26.48571
vn 47.95684 1.99357 -17.23851
vn 46.46680 10.56932 -18.16935
vn 40.67580 13.94963 -27.42055
vn 43.34377 2.59447 -26.75045
vn 39.91808 5.06476 -31.33520
vn 45.64081 2.39551 -22.63134
vn 44.08880 10.51108 -23.38149
vn 35.51173 1.82453 36.55937
vn 35.33387 5.35403 36.38477
vn 39.38396 3.28466 32.23530
vn 36.61356 6.91083 34.82366
vn 36.95879 2.56124 35.04979
vn 27.71451 11.94390 -41.11264
vn 29.73469 1.53254 -41.40651
vn 29.33644 3.87276 -41.53763
vn 36.63674 1.97100 -35.42405
vn 34.71914 10.78658 -35.76634
vn 26.58720 -32.80016 28.60541
vn 28.41341 -31.28978 28.54168
vn 31.01459 -33.78916 22.30217
vn 30.68450 -29.19427 28.41048
vn 29.04609 -30.32143 28.94711
vn 17.02191 37.14509 30.52043
vn 14.35634 39.65456 28.67770
vn 20.34030 39.65759 24.79006
vn 17.54444 38.16718 28.92159
vn 20.55390 35.40625 30.41273
vn -24.54647 -8.99163 -43.79065
vn -25.38312 -12.30253 -42.48934
vn -17.77327 -12.62313 -46.10604
vn -23.76727 -15.97594 -42.20055
vn -22.72628 -12.72995 -43.84591
vn 35.80655 33.27513 -14.54839
vn 43.17182 22.80083 -14.74161
vn 38.10110 26.98868 -20.51626
vn 42.24857 25.20262 -13.44939
vn 38.09856 31.21104 -13.24274
vn 33.78284 33.33298 -18.67167
vn 41.20677 23.84982 -18.28081
vn 35.30838 26.61212 -25.41874
vn 40.29746 25.43155 -18.17555
vn 36.24453 30.96625 -18.12250
vn 30.60648 15.74907 37.63256
vn 27.53008 20.82083 37.54446
vn 33.03880 20.06715 33.26779
vn 29.64520 23.72575 34.04776
vn 33.38645 17.90026 34.14564
vn 44.46485 19.97476 -14.99617
vn 48.65570 9.58343 -11.90714
vn 45.10042 11.91856 -20.61309
vn 48.28321 11.29980 -11.91829
vn 45.95593 17.51670 -13.49877
vn 20.70472 -22.94025 40.57165
vn 19.89711 -22.57395 41.17671
vn 24.52480 -24.60247 37.33968
vn 22.96372 -19.85702 40.98006
vn 24.85984 -19.35619 40.10394
vn 1.01138 37.01142 35.07323
vn 0.28297 40.41903 31.10018
vn 5.47320 40.51815 30.48481
vn 9.89694 38.69254 31.71652
vn 8.25386 35.76656 35.40659
vn -4.43188 -0.80757 -50.80065
vn -7.04650 -7.79074 -49.90642
vn 1.83845 -7.18830 -50.45739
vn -0.96598 -11.95914 -49.56860
vn 2.20364 -3.42888 -50.83686
vn 30.46375 40.33348 -6.79486
vn 36.43789 34.49750 -9.12152
vn 29.95607 39.27836 -12.68240
vn 33.79755 37.85814 -5.04837
vn 28.27819 42.23392 -4.19992
vn 29.52448 40.60660 -8.96711
vn 35.89750 34.38025 -11.41788
vn 29.06999 38.85838 -15.68316
vn 33.39748 37.70871 -7.97875
vn 27.86634 42.10101 -7.20910
vn 10.78023 26.72662 42.07700
vn 5.75302 29.76622 41.01066
vn 10.71348 31.94652 38.28369
vn 8.50059 33.31936 37.66377
vn 14.16132 29.68841 38.97506
vn 46.21075 19.38115 9.48357
vn 48.44250 11.25158 11.30159
vn 48.28898 15.21288 6.14346
vn 47.32376 13.46431 13.42289
vn 45.74170 19.08906 12.01267
vn 7.40276 -18.49866 46.94676
vn 6.07332 -17.00002 47.69815
vn 9.96865 -20.05243 45.82059
vn 9.19900 -15.01136 47.86478
vn 11.31496 -15.68421 47.19086
vn -14.60575 38.42012 30.19215
vn -6.81915 42.84368 26.81265
vn -10.96994 42.91303 25.28104
vn -3.67847 42.34243 28.18843
vn -8.91006 39.32793 31.22378
vn 23.33753 -5.75723 -44.98015
vn 15.64759 -13.19622 -46.71201
vn 22.12509 -14.24009 -43.68867
vn 22.02687 -21.24499 -40.79788
vn 29.43338 -13.44083 -39.42106
vn -46.65804 4.50326 20.09348
vn -44.94989 -8.09291 22.69388
vn -49.52814 -3.48261 11.65478
vn -48.17044 -11.04017 12.59853
vn -49.47890 8.63228 8.84993
vn -43.48840 12.01669 23.77726
vn -43.70563 4.19379 25.94666
vn -47.75023 6.44462 16.71475
vn -46.26878 5.51983 20.72995
vn -44.91446 16.31851 17.81565
vn -6.15838 6.68050 -50.18411
vn -8.26160 11.03352 -49.10201
vn -14.73685 6.31214 -48.41468
vn -9.72767 14.77336 -47.83430
vn -5.41567 8.21094 -50.04249
vn -41.21026 23.64343 18.53920
vn -43.35180 18.11953 19.83188
vn -46.03014 19.23602 10.59251
vn -43.44915 23.67128 12.36288
vn -40.88669 27.92223 12.23220
vn 1.20672 -24.30725 -44.81853
vn 0.56747 -22.56646 -45.73218
vn -7.78098 -21.83601 -45.42735
vn 0.28599 -19.14482 -47.26937
vn 0.98282 -19.64872 -47.05275
vn 28.12349 41.34680 -10.02554
vn 25.94001 43.38363 -6.78060
vn 21.74352 44.18573 -13.26049
vn 25.31053 43.75699 -6.76037
vn 28.23926 40.93951 -11.29159
vn -49.59215 -7.90955 8.89143
vn -47.76445 -13.20301 12.05143
vn -49.27812 -13.02344 1.74806
vn -46.91050 -18.28029 8.13857
vn -49.11399 -12.99700 4.46011
vn -33.89700 0.17883 38.10460
vn -31.74325 -9.15435 38.85310
vn -39.53692 -6.54710 31.54310
vn -34.48669 -11.67392 35.71257
vn -37.66626 3.09980 34.24389
vn -31.40984 -1.01971 40.16692
vn -29.90813 -8.11548 40.50484
vn -37.43290 -6.01509 34.11151
vn -31.41506 -9.72577 38.98080
vn -33.83181 1.15895 38.14531
vn -27.21891 -4.74730 -42.86716
vn -29.63293 3.47337 -41.36212
vn -35.68412 -3.51285 -36.26711
vn -34.90430 6.00951 -36.69571
vn -32.12071 -5.17941 -39.27383
vn -12.79566 -6.88234 48.88664
vn -12.48733 -9.61495 48.50380
vn -19.94251 -10.33923 45.78642
vn -11.03963 -11.14038 48.52853
vn -11.26944 -7.05310 49.23670
vn 2.00074 -45.36491 -23.21683
vn 1.63789 -44.06699 -25.62063
vn -5.89253 -45.47644 -22.31974
vn 3.10089 -43.71556 -26.08322
vn 3.61705 -45.82310 -22.09435
vn -20.01100 41.28626 -22.27116
vn -21.65322 42.71923 -17.52724
vn -28.35990 36.88341 -20.88850
vn -23.15402 42.59552 -15.82759
vn -20.69889 40.93003 -22.29996
vn 16.45579 -4.22430 48.08703
vn 18.02229 -7.88256 47.05382
vn 9.67221 -9.44597 49.17542
vn 17.45581 -9.96232 46.87267
vn 15.94140 -5.66796 48.11180
vn -49.39641 4.58801 11.82980
vn -48.59736 -6.43961 14.06513
vn -50.81749 -2.93213 3.15986
vn -50.10357 -8.59689 4.08970
vn -50.57422 6.44411 1.31185
vn -46.66346 0.98071 20.55625
vn -45.89719 -3.74884 21.91788
vn -48.90810 -3.89788 13.92133
vn -46.54558 -5.57016 20.08685
vn -47.76762 1.79546 17.77725
vn 4.18140 -1.07540 -50.81692
vn 2.50372 3.04831 -50.84721
vn -4.34359 -2.06538 -50.77270
vn 2.23352 5.06011 -50.69917
vn 5.16061 -1.55618 -50.71436
vn -33.27730 -3.56052 38.48302
vn -32.78235 -6.80758 38.47043
vn -38.94829 -5.86671 32.39772
vn -32.50171 -7.35418 38.60770
vn -33.20074 -2.57934 38.62716
vn 3.24248 -44.65783 -24.41648
vn 3.78339 -41.92212 -28.79621
vn -5.75824 -42.64263 -27.37606
vn 2.67881 -40.77584 -30.51481
vn 2.18368 -44.48025 -24.85435
vn -6.49349 39.73658 -31.30236
vn -9.22053 42.49438 -26.64975
vn -16.19728 36.89982 -31.25782
vn -11.57335 42.37326 -25.91455
vn -7.87796 38.94525 -31.97194
vn -18.28059 -5.60299 47.28029
vn -18.37569 -7.29841 47.01135
vn -25.15110 -9.67617 43.29889
vn -17.25147 -8.80869 47.17831
vn -16.86473 -7.01756 47.61653
vn -50.79045 3.82078 -2.59447
vn -50.82845 -4.06490 0.97213
vn -50.17495 -3.56835 -8.41073
vn -49.92314 -7.08136 -7.65076
vn -49.46874 4.31215 -11.62966
vn -50.90283 3.14113 -0.18846
vn -50.55409 -6.52505 1.64545
vn -50.25133 -3.33372 -8.04297
vn -49.67537 -7.88396 -8.43806
vn -49.79953 4.52230 -10.02775
vn 14.97707 -2.74087 -48.67416
vn 12.97059 4.58561 -49.10942
vn 5.04884 -1.28550 -50.73318
vn 9.40064 7.42074 -49.57379
vn 13.28469 -2.36961 -49.18233
vn -50.44471 2.31598 7.13911
vn -49.87269 -6.12272 8.73077
vn -50.85043 -3.65807 -1.36084
vn -50.32227 -8.10296 1.73502
vn -50.94038 2.44074 -0.34669
vn 20.00681 -40.85813 -23.05082
vn 20.25603 -39.30088 -25.41915
vn 12.84569 -40.52335 -28.17527
vn 21.15378 -37.47641 -27.36852
vn 21.55708 -39.16356 -24.54604
vn 14.23972 39.07192 -29.52312
vn 10.40016 42.31858 -26.49479
vn 5.82530 38.03851 -33.46845
vn 9.68598 42.05259 -27.18016
vn 14.48871 37.54439 -31.32883
vn -33.86409 -9.37963 36.96275
vn -31.66667 -11.87886 38.17216
vn -36.88551 -16.27534 31.23414
vn -30.11623 -15.81267 37.99962
vn -32.17627 -13.49505 37.19638
vn -41.86577 29.10715 -1.01508
vn -45.59410 22.84489 0.53732
vn -43.10817 25.04613 -10.74136
vn -35.95292 29.68678 -20.66596
vn -37.05128 33.20264 -11.21547
vn -41.47256 29.68208 0.02798
vn -45.78342 22.42267 1.44977
vn -43.73163 24.49660 -9.40531
vn -38.41230 29.48364 -16.00653
vn -37.07360 33.53202 -10.10699
vn 25.05651 16.32281 -41.31268
vn 23.48543 19.43056 -40.88872
vn 17.50156 18.40269 -44.22709
vn 22.08853 23.13630 -39.72164
vn 24.74204 20.92659 -39.38158
vn -38.98606 22.96089 -23.53474
vn -42.06508 16.69805 -23.50964
vn -38.40025 15.84140 -29.58835
vn -34.35452 18.82363 -32.65635
vn -33.43031 24.18358 -29.97612
vn 35.72008 -25.14404 -26.32210
vn 35.69368 -23.80534 -27.57294
vn 30.06917 -24.15782 -33.36532
vn 36.25417 -19.88868 -29.85088
vn 36.85901 -19.34139 -29.46733
vn 29.99997 40.55346 7.51121
vn 26.74683 42.46782 9.06042
vn 27.31791 43.01636 2.07940
vn 28.28089 41.78335 7.43926
vn 32.19313 39.22712 5.08285
vn -46.67511 -9.26308 18.34744
vn -45.34109 -13.07192 19.34710
vn -47.99970 -13.91689 10.16604
vn -44.41666 -17.01274 18.40453
vn -46.01306 -13.12021 17.65384
vn -13.94984 41.56146 26.05853
vn -16.80832 38.80337 28.50926
vn -20.65867 42.01448 20.22382
vn -12.45419 45.42365 19.55978
vn -11.88393 45.53624 19.65255
vn -13.25382 38.53870 30.66112
vn -15.78041 35.78420 32.73330
vn -20.74554 39.03409 25.43545
vn -13.01833 42.37140 25.22275
vn -12.01088 42.88437 24.85295
vn 11.72058 31.39057 -38.44814
vn 10.91658 33.51701 -36.85699
vn 3.09511 33.33892 -38.46994
vn 9.75811 36.52164 -34.23373
vn 11.05802 35.36161 -35.04678
vn -18.04799 41.12831 -24.16053
vn -14.66860 36.22700 -32.76332
vn -22.62325 35.34996 -28.97530
vn -13.05879 38.14209 -31.23538
vn -15.31778 41.55642 -25.28694
vn 43.99891 4.42684 -25.40665
vn 44.01991 4.62198 -25.33544
vn 40.49889 5.59866 -30.48761
vn 43.53134 7.63142 -25.45160
vn 43.28617 8.47231 -25.60325
vn 22.68794 32.40619 32.18844
vn 20.72087 31.88809 33.98228
vn 18.48745 35.73928 31.33557
vn 21.52907 34.37792 30.91370
vn 23.42456 34.42792 29.44499
vn -50.96559 1.55413 -1.04517
vn -50.89777 -3.13946 0.74817
vn -50.28936 -3.09633 -7.89889
vn -50.64151 -5.46630 -2.56071
vn -50.76027 0.14351 -4.93701
vn -4.83046 14.53725 48.64498
vn -2.32568 6.18897 50.56963
vn -12.02148 8.98430 48.74183
vn -4.54280 7.08444 50.30083
vn -10.72464 20.00392 45.67083
vn 6.45969 13.44947 48.76867
vn 8.21947 6.01532 49.97255
vn -1.69803 8.99372 50.17200
vn 6.13948 8.69236 49.87734
vn 1.98067 18.43974 47.50845
vn -48.64214 7.42557 -13.40904
vn -48.24867 12.38560 -10.93901
vn -50.23132 7.52555 -4.60219
vn -47.70344 16.27797 -7.77238
vn -48.75391 8.44456 -12.35901
vn -12.59780 1.80907 49.38646
vn -11.49187 -7.10083 49.17839
vn -21.45625 -4.07261 46.08734
vn -18.26754 -8.50576 46.85028
vn -19.33075 2.84167 47.10888
vn -12.31617 -41.60936 -26.79502
vn -14.26915 -39.94814 -28.31143
vn -20.16829 -40.87212 -22.88470
vn -15.44635 -38.20770 -30.04300
vn -12.68209 -40.17377 -28.74425
vn -16.41794 40.61100 -26.11889
vn -15.38072 42.77652 -23.12146
vn -23.38963 39.64163 -21.96511
vn -14.59897 42.48009 -24.15185
vn -16.56083 39.18187 -28.13395
vn -9.55088 -4.94773 49.85278
vn -7.31572 -10.34930 49.40012
vn -17.34099 -10.00516 46.90614
vn -10.15597 -13.85632 48.01935
vn -12.75218 -7.77617 48.76385
vn 24.39206 1.30453 44.76969
vn 25.51961 -5.69535 43.78712
vn 16.78071 -4.07937 47.98715
vn 24.43679 -7.00943 44.21211
vn 22.40175 3.46314 45.68553
vn 27.98595 1.38239 42.61309
vn 28.72083 -5.13266 41.83025
vn 20.29188 -3.13869 46.68392
vn 27.64846 -5.94878 42.44024
vn 26.28065 3.21312 43.58902
vn -48.56713 -5.64589 14.50372
vn -48.00093 4.49777 16.63369
vn -44.93385 -2.69511 23.97259
vn -43.59728 5.07572 25.97141
vn -44.42247 -7.48832 23.90751
vn 20.27936 2.39275 46.73352
vn 21.02968 -4.47977 46.24590
vn 11.14348 -2.42322 49.70866
vn 18.16934 -5.45296 47.34068
vn 17.18006 3.27372 47.90749
vn -25.81732 -43.40696 -7.09231
vn -29.49022 -40.44057 -9.79219
vn -31.87012 -39.81536 -0.17947
vn -31.79931 -38.83495 -9.03607
vn -27.14756 -42.79699 -5.69456
vn -27.30051 42.29882 -8.15420
vn -24.58175 44.44611 -4.61316
vn -31.56516 40.05766 0.15484
vn -24.33108 44.74357 -2.64775
vn -27.84553 42.06714 -7.48209
vn 50.81928 -3.00309 -3.06303
vn 50.43162 -5.97703 -4.68262
vn 50.40194 -7.32390 2.64647
vn 50.15366 -8.35384 -3.97781
vn 50.69393 -5.05363 -2.36333
vn 2.86847 -3.25865 50.81488
vn 4.18939 -7.97467 50.19814
vn -4.30348 -7.87800 50.20375
vn 4.21983 -9.97589 49.83648
vn 1.58285 -1.48037 50.95393
vn 6.30940 -2.62141 50.54028
vn 7.36766 -9.39589 49.58260
vn -2.47135 -7.33131 50.40976
vn 4.79215 -11.12964 49.53954
vn 3.16301 -1.20981 50.88744
vn -48.28675 -6.93009 -14.87825
vn -48.96933 -1.74339 -14.14089
vn -50.33714 -5.35071 -6.20826
vn -49.54560 0.68700 -12.07317
vn -48.72153 -7.53451 -13.05542
vn 16.65502 -13.69363 46.21790
vn 17.00980 -17.84854 44.64410
vn 8.06919 -17.63013 47.17060
vn 16.06998 -20.65386 43.77411
vn 16.05231 -15.51176 45.85530
vn -7.00286 -44.46451 -23.97638
vn -8.75568 -43.43830 -25.24780
vn -13.20692 -45.27936 -19.39989
vn -8.22110 -42.54799 -26.89018
vn -5.28128 -44.23655 -24.82408
vn -37.99157 33.94790 -2.27590
vn -36.81703 35.28531 0.67300
vn -41.86270 28.91896 3.49401
vn -36.71544 35.37411 1.28371
vn -38.39864 33.41034 -3.20829
vn 45.41982 -4.60757 22.73345
vn 45.53308 -6.88072 21.91789
vn 41.64614 -8.80648 28.08993
vn 45.58308 -8.52143 21.22659
vn 45.65683 -5.81339 21.96949
vn -49.98960 -1.11162 -10.04011
vn -49.59273 -8.81657 -7.98929
vn -49.93990 -7.24068 -7.38778
vn -47.87141 -9.86051 -14.56360
vn -48.48729 -3.78078 -15.35214
vn -50.97534 -1.27352 0.94509
vn -50.15380 -8.58786 3.44171
vn -50.49437 -7.02995 1.37775
vn -49.75856 -10.32599 -4.29634
vn -50.51895 -3.71738 -5.91745
vn 6.77372 -5.05285 -50.29498
vn 5.78587 -1.28146 -50.65453
vn -0.49267 -4.94004 -50.75779
vn 4.74106 -0.94610 -50.77034
vn 6.06034 -5.86224 -50.29817
vn -48.86362 -1.31278 14.54726
vn -47.36202 -11.28284 15.18343
vn -49.53418 -7.16452 9.79971
vn -49.21641 -12.38857 5.02668
vn -50.74950 -2.37330 4.45590
vn 9.48646 -38.71842 -31.81023
vn 9.11391 -36.43135 -34.50640
vn 1.07747 -39.01057 -32.83312
vn 7.18215 -34.64421 -36.73138
vn 8.04581 -36.98950 -34.17662
vn 6.35175 34.71835 -36.81428
vn 6.35100 37.00245 -34.51787
vn -1.09124 35.58702 -36.51538
vn 6.64622 35.57195 -35.93695
vn 6.08990 32.81103 -38.56617
vn -50.16223 -8.64459 -3.16568
vn -49.59731 -11.78214 1.51249
vn -49.11035 -13.69932 -1.22537
vn -47.99532 -17.16461 -1.68078
vn -48.71508 -13.74349 -6.24152
vn -37.32639 25.43553 23.68067
vn -39.27014 13.93127 29.40706
vn -44.31605 18.50678 17.16351
vn -47.05837 18.94842 5.24089
vn -41.30613 28.18258 10.02725
vn -36.43359 23.18369 27.13134
vn -37.69768 14.64389 31.07155
vn -42.97414 16.78935 21.73339
vn -44.53488 19.36535 15.57650
vn -40.20196 26.41359 16.94473
vn -12.77189 9.97839 -48.35608
vn -13.43845 14.32750 -47.06517
vn -20.41726 12.20087 -45.11401
vn -14.21275 18.37667 -45.40149
vn -11.88181 13.60336 -47.69456
vn -45.83311 -2.47769 22.23029
vn -43.83163 -10.81789 23.72259
vn -47.70169 -8.86710 15.71379
vn -46.44221 -13.98288 15.76704
vn -48.89854 -3.74585 13.99645
vn 13.34865 -40.77235 -27.57587
vn 12.12512 -39.53211 -29.85285
vn 5.80071 -41.86370 -28.54439
vn 12.30468 -37.80170 -31.94724
vn 14.59797 -39.39682 -28.91003
vn 2.65670 35.18264 -36.82558
vn 1.31636 38.84863 -33.01591
vn -5.54730 35.12740 -36.55534
vn 1.96823 38.30133 -33.61746
vn 2.84008 32.50256 -39.19843
vn -46.03687 -9.47087 -19.79670
vn -48.79070 -11.32794 -9.59925
vn -45.60891 -17.45437 -14.70280
vn -44.63563 -22.08435 -10.99736
vn -41.81837 -19.52862 -21.69923
vn -28.20482 39.82617 14.81093
vn -32.48343 36.84529 13.72046
vn -36.36558 33.48782 12.53435
vn -34.70567 37.19078 3.65533
vn -30.38528 40.37040 6.92576
vn -27.35691 38.04295 20.13289
vn -31.09755 34.81939 20.53173
vn -35.58175 31.85370 17.89639
vn -34.03714 36.42315 10.76229
vn -29.91847 39.31523 12.65690
vn -5.05569 21.58589 -45.92917
vn -5.48586 23.14361 -45.11406
vn -11.97978 22.71189 -44.06421
vn -4.25257 24.44612 -44.55674
vn -3.52630 22.30409 -45.72847
vn -21.53481 27.86251 36.89081
vn -22.31898 25.05626 38.40633
vn -29.20110 23.19456 34.78948
vn -25.28258 28.35472 34.02647
vn -23.92373 30.45841 33.18041
vn -26.78671 -10.57119 -42.09184
vn -26.19770 -8.43373 -42.93660
vn -34.01583 -8.13640 -37.11768
vn -27.41209 -3.92932 -42.82683
vn -28.08967 -5.21782 -42.24625
vn 21.64967 39.44414 -24.00939
vn 22.49387 41.22981 -19.87783
vn 15.31000 43.48400 -21.81157
vn 20.64343 42.13367 -19.99004
vn 19.55478 40.07429 -24.75198
vn -43.89374 -4.68332 25.54223
vn -42.28023 -9.56078 26.86954
vn -45.77780 -8.03822 20.99476
vn -44.23484 -11.93043 22.40409
vn -46.08179 -6.73534 20.78708
vn 36.42009 17.58692 31.06891
vn 39.52256 8.01043 31.22178
vn 31.49239 12.22228 38.20791
vn 35.47085 12.44399 34.46687
vn 29.35789 23.52621 34.43299
vn 45.01534 7.44661 22.78522
vn 46.27888 0.48175 21.42506
vn 41.40459 2.00558 29.70921
vn 45.83778 -0.44001 22.35405
vn 43.07684 10.69077 25.12156
vn -41.97486 1.79824 28.91154
vn -40.71852 6.92373 29.91761
vn -36.05904 3.38342 35.90679
vn -38.35485 11.12598 31.71935
vn -40.38784 4.18823 30.85905
vn 38.90055 18.70050 27.16684
vn 40.76174 12.61270 27.93564
vn 33.86691 14.65801 35.20192
vn 37.18539 16.79389 30.59757
vn 34.69737 22.89836 29.54246
vn -34.94891 -29.71199 22.28834
vn -38.48360 -25.39789 21.79355
vn -32.70245 -24.76866 30.29954
vn -39.60895 -20.39127 24.82592
vn -36.27162 -24.82067 25.87090
vn -24.34590 43.83586 -9.31095
vn -19.57054 46.30090 -8.61512
vn -23.28563 45.37177 -0.42552
vn -18.06387 47.12978 -7.31300
vn -24.39975 43.95089 -8.60067
vn 34.61306 -4.04314 37.23692
vn 34.60458 -6.74655 36.85115
vn 27.80459 -6.52630 42.25295
vn 34.28194 -8.13945 36.87136
vn 34.38863 -4.75608 37.36043
vn 41.44470 -7.34037 28.80026
vn 40.78823 -14.78834 26.80717
vn 34.73903 -12.55815 35.16379
vn 37.68496 -17.51962 29.56190
vn 38.78506 -7.37544 32.28500
vn 46.27004 -6.98391 20.28073
vn 45.90520 -11.01308 19.29829
vn 41.75352 -10.83966 27.20560
vn 45.34006 -13.11823 19.31814
vn 46.01279 -7.51293 20.67312
vn -39.01632 -12.33434 30.43996
vn -39.18362 -5.92047 32.10283
vn -32.58321 -10.73858 37.73615
vn -36.65040 -6.23567 34.91223
vn -36.26503 -14.95946 32.58929
vn 48.48847 -0.61512 15.79524
vn 48.45322 -3.95755 15.41504
vn 45.06225 -2.98341 23.69582
vn 48.42735 -4.11698 15.45452
vn 48.42951 0.38017 15.98240
vn -22.55826 -44.85950 8.93032
vn -27.94176 -41.50093 9.89598
vn -22.40486 -41.68648 19.00681
vn -28.41480 -40.36263 12.82407
vn -21.87674 -44.58677 11.59430
vn -25.02371 41.56599 15.71885
vn -21.12639 43.52221 16.13979
vn -22.23643 38.91077 24.34117
vn -20.14002 43.63297 17.07465
vn -25.22486 41.13840 16.50266
vn 50.85209 -3.79754 0.80207
vn 50.74889 -4.89079 1.27658
vn 49.88195 -5.62837 9.00621
vn 50.70106 -5.51140 -0.16201
vn 50.83604 -4.00784 -0.79605
vn 23.17675 -1.07141 45.41684
vn 24.54654 -6.20173 44.27195
vn 16.99239 -5.74858 47.74109
vn 20.91394 -8.08813 45.80599
vn 18.73908 -0.99830 47.42204
vn 32.07346 0.07494 39.65207
vn 33.08309 -6.08377 38.33401
vn 25.36458 -5.07091 43.95364
vn 29.86244 -8.33422 40.49414
vn 28.37770 -0.26383 42.37494
vn -49.68505 -5.92430 9.86400
vn -49.82854 -0.51724 10.85577
vn -47.08767 -4.81774 18.98790
vn -49.55753 0.46060 12.03490
vn -49.36773 -7.10864 10.64401
vn 33.35413 -8.40188 37.65514
vn 33.40677 -14.24281 35.80683
vn 25.85734 -12.23121 42.22316
vn 29.89926 -16.94113 37.68331
vn 29.81831 -10.10829 40.12095
vn -23.48916 -44.00643 -10.61569
vn -27.01902 -41.92950 -10.62495
vn -25.98417 -43.83949 -1.98039
vn -28.50600 -41.10187 -9.95207
vn -24.18203 -43.71008 -10.27899
vn -37.39379 33.63146 8.46338
vn -34.17772 36.51932 9.96105
vn -36.41169 31.10077 17.54796
vn -35.25893 35.36316 10.35635
vn -39.13354 31.50686 8.76832
vn 48.23465 -10.77728 -12.58047
vn 47.39716 -13.07720 -13.54605
vn 48.47376 -14.94538 -5.28486
vn 46.56586 -15.81989 -13.50373
vn 47.45834 -13.52883 -12.87151
vn -3.74801 10.41089 49.78519
vn -0.79949 -1.34224 50.97606
vn -11.50014 2.60232 49.61829
vn -17.36661 -1.51820 47.92802
vn -16.26997 12.48355 46.69527
vn 9.08028 7.54376 49.61491
vn 10.04146 -1.32002 49.98425
vn 0.70357 1.61609 50.96953
vn -0.95308 -0.38113 50.98967
vn 0.36304 10.87059 49.82668
vn -49.33674 -1.53115 -12.82736
vn -49.34755 6.20873 -11.28141
vn -50.89091 0.67309 -3.26530
vn -49.49407 9.13025 -8.24469
vn -49.65859 -2.04957 -11.43778
vn 14.32401 -8.36669 48.22676
vn 16.03088 -15.67394 45.80761
vn 6.11036 -13.76925 48.72443
vn 10.42316 -19.78265 45.83671
vn 7.76039 -11.03939 49.18240
vn -16.88894 -42.47610 -22.61734
vn -19.58767 -41.17230 -22.85093
vn -20.77089 -43.73605 -16.02273
vn -20.89658 -39.88485 -23.94851
vn -16.74909 -41.81141 -23.92224
vn -35.91751 35.22657 -8.36783
vn -33.23420 38.22868 -5.92080
vn -38.15643 33.83885 -0.13738
vn -32.90121 38.46054 -6.26871
vn -37.02864 33.73560 -9.58063
vn 50.40479 -7.53746 1.88231
vn 50.07553 -9.51707 1.69292
vn 48.66605 -12.92763 8.09267
vn 49.71585 -11.37138 0.15809
vn 50.12447 -9.40669 -0.22666
vn 2.21142 30.18236 41.05038
vn 1.88471 23.64657 45.14740
vn -5.62368 23.03615 45.15207
vn -13.40668 26.04619 41.74753
vn -8.26583 32.00439 38.83806
vn 8.82319 27.94275 41.74151
vn 8.91268 21.40052 45.42666
vn 1.01249 21.30583 46.32533
vn -4.27247 24.98459 44.25512
vn -0.80338 30.74574 40.68235
vn -47.34510 14.09937 -12.67473
vn -46.36339 17.45835 -12.10956
vn -48.17944 16.11483 -4.47815
vn -45.34045 20.45959 -11.25383
vn -46.41238 16.88460 -12.72007
vn -4.44402 -3.33072 50.69671
vn -2.23347 -8.53004 50.23196
vn -8.28229 -7.58483 49.74811
vn -7.89782 -10.72326 49.23043
vn -10.41813 -5.02480 49.67105
vn -19.52279 -40.28367 -24.43535
vn -22.75264 -37.37943 -26.19342
vn -25.47416 -40.38186 -17.92684
vn -26.69801 -35.48019 -25.08729
vn -23.35219 -38.49539 -23.95369
vn -32.09645 33.31039 -21.47639
vn -29.61293 37.05354 -18.73791
vn -35.89497 33.70058 -13.29742
vn -32.11870 34.60905 -19.27699
vn -35.10297 30.14934 -21.44291
vn 46.36006 -7.35337 -19.94173
vn 45.85636 -9.14999 -20.35857
vn 47.73812 -11.16429 -14.05097
vn 45.20666 -11.32925 -20.71246
vn 45.67511 -9.58763 -20.56360
vn 46.37688 6.37177 20.23822
vn 47.57565 -0.94196 18.34855
vn 43.20610 1.80376 27.03661
vn 44.61139 1.13090 24.68896
vn 42.84163 11.55898 25.13930
vn 49.49135 4.85175 11.31664
vn 49.86037 -4.77162 9.60080
vn 46.90593 -1.65263 19.95251
vn 48.20220 -6.06795 15.51541
vn 47.13369 8.34669 17.59963
vn -29.05889 -3.43326 41.77072
vn -27.26341 5.08361 42.80027
vn -20.03373 -1.21139 46.88477
vn -22.58311 8.70746 44.89079
vn -26.12410 -4.34249 43.58524
vn 40.78108 14.73713 26.84622
vn 42.59555 9.22760 26.48528
vn 37.13737 9.60428 33.60911
vn 39.50206 10.65964 30.44600
vn 37.21857 17.20766 30.32613
vn -36.51626 -31.38622 16.80679
vn -37.38671 -29.38901 18.42606
vn -32.83906 -30.07843 24.85727
vn -38.93024 -27.00913 18.86647
vn -38.39291 -29.17967 16.59910
vn -28.52288 41.85195 -5.98825
vn -23.40726 44.87687 -6.25828
vn -25.86985 43.88465 2.42642
vn -23.58861 44.94781 -4.92660
vn -30.15648 40.91481 -4.19098
vn 40.88120 -9.07882 29.10846
vn 41.71795 -14.10502 25.72277
vn 35.17830 -13.97697 34.17792
vn 38.48243 -19.11470 27.47237
vn 37.59491 -14.17148 31.41323
vn 48.93449 -14.36714 0.01638
vn 45.39824 -23.06576 -2.82316
vn 45.66436 -21.30086 7.87652
vn 42.40639 -28.32044 0.80609
vn 48.59042 -14.44110 5.60587
vn 48.75069 -13.21651 -7.04939
vn 45.16832 -21.73751 -9.39702
vn 46.73481 -20.35824 1.54889
vn 43.10538 -26.70625 -5.44995
vn 48.84109 -14.41524 -2.78354
vn -19.95723 -18.59665 43.09145
vn -16.94516 -9.02095 47.24916
vn -9.30902 -17.63291 46.94062
vn -9.50580 -8.69242 49.34655
vn -14.05073 -24.34448 42.55494
vn 46.25415 -17.19433 12.88056
vn 44.43331 -22.83517 10.25842
vn 41.57588 -21.74455 19.99051
vn 41.04451 -27.48010 12.69612
vn 43.29356 -21.42566 16.35874
vn -28.04333 -40.87024 -12.00809
vn -31.01880 -39.39648 -9.31404
vn -26.09883 -43.58546 -4.48983
vn -32.33850 -38.61427 -8.00995
vn -28.35987 -40.59921 -12.18285
vn -27.74300 26.28896 33.76709
vn -22.21992 30.04203 34.70953
vn -22.13429 21.74976 40.47247
vn -22.43442 28.67612 35.71242
vn -29.70641 22.79743 34.62377
vn 21.93017 -1.76610 -46.01031
vn 20.17307 -4.77246 -46.59689
vn 26.63972 -7.31447 -42.86984
vn 19.86506 -6.36392 -46.53901
vn 21.85613 -2.54959 -46.00879
vn 45.39172 -7.29885 22.07527
vn 44.11222 -17.21809 18.93801
vn 39.47669 -14.42977 28.88551
vn 38.87386 -21.57511 24.98672
vn 40.86347 -7.92056 29.46933
vn 46.89199 -8.63996 18.09675
vn 45.70926 -16.04871 15.94058
vn 42.00779 -14.09102 25.25448
vn 42.66998 -19.54463 19.95696
vn 44.42541 -9.66159 23.10923
vn -37.97633 -9.05140 32.81570
vn -37.38332 -4.44287 34.40564
vn -31.66491 -9.81309 38.75611
vn -37.34536 -3.73820 34.53040
vn -38.09871 -11.18600 32.00565
vn 49.28116 -10.70126 -7.60588
vn 47.83097 -15.52530 -8.49488
vn 48.78762 -14.80558 1.25001
vn 47.11171 -18.16959 -7.16607
vn 49.11919 -12.17842 -6.32388
vn -23.56613 -44.95893 4.93277
vn -25.95679 -43.32640 7.07585
vn -19.43286 -45.52880 12.26751
vn -26.43884 -43.10797 6.60987
vn -22.90563 -45.41492 3.71703
vn -8.83886 36.39235 34.61893
vn -6.12573 37.54145 33.97227
vn -3.28614 32.01217 39.56541
vn -4.87023 38.28726 33.33715
vn -8.88525 36.64967 34.33442
vn 43.72511 -10.10346 -24.22879
vn 42.63735 -12.53386 -25.01916
vn 45.60327 -15.25460 -16.98937
vn 41.64072 -15.31517 -25.14947
vn 42.70718 -12.82701 -24.75003
vn -16.58532 2.64772 48.15512
vn -14.70513 -4.86152 48.59140
vn -15.23324 -3.83115 48.52083
vn -21.69246 -6.11199 45.75020
vn -22.40211 0.21832 45.81590
vn -11.25574 2.78058 49.66464
vn -10.86481 -7.05008 49.32800
vn -12.57983 -3.46683 49.30241
vn -19.73015 -6.97057 46.50948
vn -19.69247 1.70235 47.01392
vn -48.00835 -3.46013 -16.85896
vn -48.27503 -0.00615 -16.44754
vn -49.97138 -2.53535 -9.87079
vn -48.50090 1.23468 -15.72064
vn -48.17338 -3.22212 -16.42995
vn -16.19333 -0.65342 48.35647
vn -14.09517 -10.49835 47.87599
vn -16.93301 -6.67461 47.64160
vn -22.83831 -11.64363 44.08897
vn -24.51591 -2.59399 44.64573
vn -23.70112 -38.02679 -24.35610
vn -25.92316 -35.94490 -25.23792
vn -27.76403 -38.95514 -17.68204
vn -29.23511 -34.17425 -24.05054
vn -27.27168 -36.10170 -23.53555
vn -31.09686 33.50714 -22.61096
vn -29.81026 34.72432 -22.50712
vn -34.01712 34.10329 -16.75712
vn -31.88115 32.31367 -23.24689
vn -32.85591 31.49585 -23.01087
vn 25.04162 -14.53997 41.98221
vn 27.38269 -17.18802 39.44312
vn 19.45265 -17.49829 43.77674
vn 24.63363 -21.97130 38.87732
vn 21.79024 -19.99218 41.55115
vn 6.84900 22.55355 45.22641
vn 10.12827 15.96679 47.36538
vn 3.76818 14.31036 48.80588
vn -3.72374 15.20290 48.53870
vn -2.18370 21.53907 46.17683
vn 8.06416 23.42210 44.57997
vn 9.12432 15.09772 47.85191
vn 3.34083 15.16982 48.57690
vn -4.75231 15.98823 48.19535
vn -2.21307 23.55061 45.18263
vn -50.39684 7.82032 0.00482
vn -48.95202 14.30668 -0.13647
vn -49.01167 11.17248 8.60415
vn -47.88830 17.34562 2.61526
vn -50.08815 9.41426 1.88355
vn -5.67586 13.08153 48.96588
vn -7.68041 8.37090 49.71859
vn -7.75871 7.50486 49.84455
vn -13.50264 9.39276 48.27478
vn -10.99058 13.37898 47.97093
vn -35.85941 -30.93098 -18.93083
vn -36.79307 -30.64698 -17.55086
vn -38.06728 -32.12368 -10.95220
vn -38.39880 -28.76100 -17.30133
vn -38.18697 -28.14711 -18.72152
vn -21.43468 38.91526 -25.04310
vn -18.43096 40.78724 -24.44790
vn -22.66243 41.57662 -18.94198
vn -20.26868 39.95221 -24.37214
vn -24.00174 37.65375 -24.63962
vn 42.43304 -7.18740 27.36381
vn 42.46434 -10.65303 26.15898
vn 36.89309 -11.11283 33.41264
vn 41.41319 -13.94845 26.29427
vn 41.62027 -10.23154 27.64178
vn 22.97672 36.76637 26.85710
vn 27.19021 33.05726 27.72922
vn 20.04283 31.72776 34.53453
vn 13.16888 37.19619 32.31135
vn 14.85822 38.69761 29.71073
vn 25.81676 35.97970 25.29734
vn 27.06395 31.86326 29.21087
vn 20.79568 31.20711 34.56379
vn 12.60601 36.50942 33.30391
vn 16.19457 39.42497 28.00727
vn -46.50927 20.27023 5.19664
vn -45.03721 23.48548 4.59145
vn -43.66174 23.16945 12.56296
vn -42.85823 27.14888 5.20668
vn -44.46384 24.45596 5.08654
vn -22.66448 31.76323 32.83927
vn -31.04344 22.82761 33.40965
vn -24.61045 23.90188 37.73626
vn -32.79775 24.70299 30.25011
vn -27.05148 31.37894 29.74187
vn -42.69790 -11.86723 -25.24001
vn -43.15112 -10.25313 -25.17645
vn -45.81614 -11.60753 -19.16105
vn -44.30193 -7.17311 -24.22571
vn -44.15281 -7.87845 -24.27878
vn 2.24123 37.92068 -34.02937
vn 3.69734 38.66230 -33.05383
vn 0.83696 41.38311 -29.79493
vn -1.54638 39.27890 -32.49271
vn -1.56529 38.27377 -33.66998
vn 6.21213 -12.60337 49.02616
vn 12.62312 -17.22231 46.31467
vn 3.92900 -17.21614 47.84524
vn 7.35153 -24.09129 44.34596
vn 0.21496 -20.11353 46.86575
vn 37.28671 17.30671 -30.18572
vn 37.52877 8.41463 -33.49306
vn 43.07254 11.72990 -24.66101
vn 40.39082 11.60635 -28.89419
vn 39.43284 22.82014 -22.91924
vn 24.86295 9.88536 -43.41790
vn 23.70386 4.29382 -44.95209
vn 31.11808 5.02791 -40.09221
vn 23.34323 3.88752 -45.17720
vn 25.91077 13.47807 -41.80877
vn 25.94374 4.06759 43.71930
vn 26.62115 10.05670 42.32229
vn 33.58579 6.13030 37.88686
vn 29.13334 14.63241 39.21913
vn 28.92986 7.42399 41.33941
vn -22.54400 19.18695 -41.52864
vn -23.04256 15.36327 -42.82534
vn -16.08283 17.84534 -44.98762
vn -22.51027 17.41674 -42.31955
vn -21.20886 21.98846 -40.83738
vn 38.28976 -26.04387 -21.36846
vn 44.71310 -21.15396 -12.41966
vn 42.99510 -17.87568 -20.80579
vn 45.96780 -10.50537 -19.43189
vn 39.23507 -15.81570 -28.48636
vn 4.79623 47.57074 17.74882
vn 3.51166 48.87970 14.12244
vn 12.12831 48.07339 11.95209
vn 3.25903 49.97124 9.65674
vn 3.64319 49.09731 13.31096
vn 44.13867 -1.13716 -25.52419
vn 43.35302 -4.65555 -26.45451
vn 47.16045 -4.48909 -18.88754
vn 44.26459 -6.58411 -24.46008
vn 45.30285 -2.56072 -23.28292
vn -8.24900 -4.52577 -50.12455
vn -9.54730 -9.33079 -49.22179
vn -1.43819 -9.10435 -50.16016
vn -10.49252 -10.66186 -48.75686
vn -8.25878 -2.58363 -50.26049
vn -11.52076 -4.47491 -49.47976
vn -12.66971 -10.30087 -48.31532
vn -3.71655 -9.26992 -50.01255
vn -12.11921 -11.53089 -48.17845
vn -10.37817 -3.15639 -49.83302
vn 49.18836 -13.00753 3.50842
vn 50.98723 -0.21991 1.11961
vn 49.84571 -8.96418 -6.00408
vn 49.43519 -1.32547 -12.46614
vn 47.32984 -15.59954 -10.84159
vn -23.57616 -1.45671 -45.20002
vn -24.01343 -5.60813 -44.64195
vn -16.30119 -4.58143 -48.10698
vn -23.90359 -5.86105 -44.66840
vn -23.17389 -0.36616 -45.42946
vn 17.41011 -47.27080 7.95985
vn 18.45029 -46.36404 10.53385
vn 23.67587 -45.02759 3.60123
vn 17.02101 -47.17096 9.28362
vn 15.72884 -48.14986 5.93250
vn 24.99052 44.45278 -0.65095
vn 25.11094 44.27777 -3.14949
vn 31.55093 39.86855 -4.00465
vn 23.88462 44.75589 -5.23777
vn 23.61650 45.16509 -1.83720
vn -36.57851 -2.15416 -35.47353
vn -36.82223 -4.96329 -34.93550
vn -31.11816 -5.08862 -40.08448
vn -36.78027 -5.88636 -34.83622
vn -36.58950 -2.38501 -35.44741
vn 43.11467 -1.76254 -27.18488
vn 41.65258 -10.78473 -27.38161
vn 46.39110 -7.00007 -19.99661
vn 45.63084 -12.13128 -19.27843
vn 47.27692 -1.56667 -19.06405
vn 36.06058 -3.98090 -35.84392
vn 35.02129 -7.55600 -36.29622
vn 40.21455 -7.28564 -30.50752
vn 36.42803 -9.24691 -34.47452
vn 37.99963 -4.62593 -33.69908
vn 17.40818 -7.39722 47.36281
vn 18.45659 -1.25661 47.52657
vn 26.54656 -5.63922 43.17962
vn 20.37973 -0.66827 46.74633
vn 18.99379 -8.60495 46.54235
vn 27.19272 -5.97198 -42.73045
vn 26.15687 -11.18876 -42.32764
vn 33.88420 -9.34008 -36.95434
vn 28.66016 -12.89367 -40.16651
vn 29.93125 -6.66383 -40.75185
vn 1.25118 -43.99606 25.76394
vn 2.11237 -41.73207 29.23990
vn 10.56150 -43.00080 25.30584
vn 3.35627 -40.94318 30.22235
vn 2.12310 -43.74319 26.13475
vn 14.61827 36.89420 32.03317
vn 15.35956 40.47861 26.95488
vn 24.33775 35.07674 27.89796
vn 17.84976 39.23104 27.26373
vn 17.05795 34.75737 33.19564
vn -6.68852 -12.37433 -49.02182
vn -7.28889 -14.76810 -48.26775
vn 1.77401 -15.75673 -48.47245
vn -7.15836 -17.31663 -47.43303
vn -6.84593 -14.91954 -48.28603
vn 35.41040 10.04726 -35.30093
vn 35.23500 4.63803 -36.57845
vn 41.14598 5.98609 -29.53261
vn 38.19147 7.08311 -33.04906
vn 37.43041 13.74642 -31.79622
vn 31.02323 9.11486 -39.43955
vn 30.86885 4.14147 -40.38517
vn 37.56757 5.46035 -34.05674
vn 33.15785 6.23033 -38.24577
vn 32.86272 12.35164 -36.99294
vn 22.16962 2.24236 45.87460
vn 22.49449 9.63483 44.74559
vn 30.88464 4.82434 40.29720
vn 25.64615 12.38479 42.30710
vn 25.02324 2.74871 44.35405
vn 25.04115 -5.30139 -44.11163
vn 23.65808 -10.78455 -43.87469
vn 32.11625 -9.39649 -38.48703
vn 25.55017 -13.02613 -42.17236
vn 27.36790 -6.26723 -42.57604
vn -1.21267 -44.35505 25.14277
vn -0.57935 -43.37532 26.81875
vn 6.98098 -43.94387 24.92390
vn -1.84246 -42.65265 27.89904
vn -2.89427 -44.15131 25.36305
vn 17.21447 37.70829 29.71104
vn 18.18543 40.90391 24.43685
vn 26.52841 34.98184 25.95215
vn 20.64684 40.13680 23.74332
vn 19.38228 36.05322 30.42190
vn -2.35719 -13.01263 -49.25561
vn -4.16867 -15.55305 -48.39137
vn 5.24835 -17.87165 -47.47692
vn -4.08989 -19.48721 -46.95233
vn -2.65978 -17.25445 -47.91877
vn 12.52075 34.40741 -35.50156
vn 11.81101 31.16213 -38.60597
vn 19.59645 32.46915 -34.09887
vn 10.07160 35.62848 -35.07383
vn 12.67039 37.85365 -31.74212
vn 9.59688 34.41988 -36.38916
vn 10.71804 30.26452 -39.62552
vn 18.66379 32.93884 -34.17156
vn 11.28383 36.52529 -33.75763
vn 11.21041 38.77768 -31.17079
vn 17.81290 28.45554 38.39248
vn 15.92948 32.17887 36.21838
vn 25.11994 30.55951 32.18858
vn 16.91343 36.59331 31.23884
vn 18.36693 34.37045 32.89875
vn 29.65547 8.89485 -40.52696
vn 29.18583 3.84175 -41.64646
vn 36.31731 4.44731 -35.52849
vn 31.14767 3.68209 -40.21523
vn 31.77347 10.24277 -38.55557
vn 8.44584 -36.81221 34.27140
vn 9.51783 -35.53534 35.32208
vn 16.64674 -35.63019 32.47115
vn 8.44514 -34.25432 36.82826
vn 6.80655 -36.14684 35.32813
vn -5.93748 42.55111 27.47998
vn -5.51947 44.45966 24.36953
vn 2.39766 43.35239 26.75484
vn -5.74088 44.83436 23.62038
vn -6.36415 42.20943 27.90808
vn -6.59017 -9.94313 -49.58532
vn -8.35566 -13.10151 -48.57503
vn 1.27445 -14.61009 -48.84589
vn -7.70927 -16.90489 -47.49517
vn -6.26770 -13.83513 -48.68577
vn 11.50068 41.59962 -27.16993
vn 10.94815 39.74387 -30.02602
vn 19.60233 39.74646 -25.23820
vn 11.90430 44.51859 -21.84907
vn 12.59279 44.29985 -21.90764
vn 10.09403 40.90372 -28.74013
vn 11.52665 39.49864 -30.13293
vn 19.52427 39.65150 -25.44721
vn 13.29298 44.66487 -20.72064
vn 11.27798 44.49149 -22.23318
vn -1.74697 28.40762 42.31968
vn -1.43054 30.37416 40.94342
vn 5.94401 30.36571 40.54124
vn -1.66066 32.61708 39.17101
vn -2.58266 30.87362 40.51110
vn 41.38110 27.34888 11.85929
vn 42.86745 23.65361 14.27896
vn 44.96453 20.36670 12.82139
vn 40.93669 23.83956 18.89080
vn 40.15411 26.93694 16.21878
vn -17.12567 -15.00226 45.63598
vn -17.80616 -13.25302 45.91620
vn -9.76915 -13.89518 48.08833
vn -16.74597 -9.35484 47.25525
vn -16.13866 -10.30809 47.26825
vn -32.72915 38.83041 4.69063
vn -31.91597 39.67875 2.82268
vn -27.91356 42.18907 6.47421
vn -31.72585 39.46063 6.10969
vn -32.51642 38.54263 7.62546
vn 15.32899 -3.50805 -48.51510
vn 15.40849 -5.36957 -48.31921
vn 23.04988 -6.08285 -45.08549
vn 14.61470 -6.70271 -48.39922
vn 14.45378 -4.41264 -48.70951
vn 9.44040 -11.94146 -48.67524
vn 6.81016 -20.74248 -46.09089
vn 16.62634 -18.14633 -44.66850
vn 12.46091 -25.79347 -42.19505
vn 16.32928 -10.10519 -47.24657
vn 34.38367 -1.37272 -37.64145
vn 30.93112 -13.30171 -38.30574
vn 39.10709 -10.00671 -31.16890
vn 39.01402 -17.29951 -27.92190
vn 42.70214 -1.21461 -27.85770
vn 25.55451 -5.63225 43.77493
vn 28.48875 1.03747 42.28846
vn 33.62550 -5.70440 37.91813
vn 32.11315 4.18194 39.39869
vn 27.40742 -3.88042 42.83428
vn -28.31651 15.13168 -39.62584
vn -29.32778 10.15600 -40.46896
vn -21.29935 12.51595 -44.61713
vn -28.60590 12.55607 -40.31187
vn -26.37930 18.43606 -39.56316
vn 35.38652 -33.95985 -13.98292
vn 40.73536 -29.18352 -9.48426
vn 39.05085 -26.66048 -19.11148
vn 43.11850 -23.18369 -14.29375
vn 36.97746 -28.78453 -20.12754
vn 11.67204 47.12964 15.60642
vn 11.32999 47.87526 13.43841
vn 17.08895 47.14065 9.31271
vn 9.49019 48.69332 11.82780
vn 9.19138 48.05843 14.38420
vn 20.93320 2.98842 -46.40981
vn 20.77143 1.26624 -46.56118
vn 27.56312 1.11113 -42.89568
vn 21.27873 1.56781 -46.32232
vn 21.32647 3.82267 -46.16891
vn -17.80856 0.27252 -47.78891
vn -19.12016 -5.45140 -46.96489
vn -10.39066 -4.91407 -49.68789
vn -18.93595 -7.34178 -46.78170
vn -16.68741 1.90555 -48.15495
vn -21.45033 -1.38051 -46.24908
vn -22.16489 -4.38982 -45.72140
vn -14.35466 -3.64070 -48.80254
vn -23.52914 -4.09897 -45.06193
vn -22.15108 0.84441 -45.93056
vn 50.94494 0.55196 2.30381
vn 50.80713 4.40674 -0.46413
vn 50.58066 -2.00971 -6.20944
vn 50.49940 6.01197 -3.82962
vn 50.99533 0.67948 0.11911
vn -18.75074 -3.75879 -47.27876
vn -18.93547 -7.14687 -46.81207
vn -10.54612 -6.14382 -49.51800
vn -18.99079 -7.70749 -46.70058
vn -18.74656 -2.94159 -47.33828
vn 17.25142 -43.97779 19.21827
vn 19.61194 -42.35095 20.56134
vn 23.60993 -43.31858 12.92563
vn 20.77653 -41.32424 21.48587
vn 17.57170 -43.54160 19.90891
vn 27.05527 42.07140 9.95034
vn 25.39746 43.74783 6.48814
vn 32.53107 39.13129 3.38690
vn 25.22233 43.97466 5.57343
vn 27.35657 41.81978 10.18447
vn -48.22759 -1.85777 -16.48175
vn -48.47940 -5.79484 -14.73658
vn -45.07042 -6.94760 -22.83393
vn -47.96644 -7.50780 -15.61578
vn -47.81330 -2.97095 -17.49462
vn 38.51332 -16.30216 -29.18841
vn 32.41570 -27.14109 -28.52337
vn 40.13678 -23.12897 -21.33282
vn 36.42679 -31.58685 -16.62404
vn 44.61405 -18.97706 -15.82584
vn 33.85341 -15.53775 -34.83568
vn 28.60100 -25.06490 -33.98136
vn 37.02574 -21.80903 -27.46744
vn 32.85675 -30.09522 -24.81353
vn 40.36977 -19.17919 -24.56501
vn 14.61860 -10.82420 47.64591
vn 17.55677 -7.17821 47.34166
vn 22.13414 -12.85471 44.11163
vn 19.42932 -4.64622 46.92455
vn 14.45421 -9.50646 47.97606
vn 9.96108 -17.42094 -46.88589
vn 8.05054 -20.30614 -46.08524
vn 15.80825 -22.48215 -42.96105
vn 7.67905 -23.50905 -44.60221
vn 10.19955 -20.53846 -45.55371
vn -22.88148 -36.43038 27.39097
vn -20.76919 -35.69112 29.92965
vn -15.70303 -40.73377 26.36616
vn -19.41590 -34.92051 31.69510
vn -22.56310 -35.59406 28.72228
vn 35.03380 22.78928 29.22810
vn 35.91182 24.85465 26.33603
vn 40.49546 17.75987 25.41070
vn 35.27785 25.73225 26.35002
vn 34.01411 22.36975 30.71862
vn -10.13508 -2.51706 -49.91937
vn -12.18082 -4.65494 -49.30475
vn -5.12930 -10.27317 -49.69056
vn -13.63007 -6.77549 -48.67559
vn -11.67046 -4.21924 -49.46714
vn 26.69221 2.50898 -43.38468
vn 23.96818 -10.19069 -43.84833
vn 33.81613 -5.61320 -37.76190
vn 34.00081 -12.90929 -35.75325
vn 36.64391 4.38447 -35.19942
vn 23.10838 1.37281 -45.44356
vn 20.84170 -9.37673 -45.59277
vn 30.49345 -5.73728 -40.47509
vn 28.94085 -11.92376 -40.26476
vn 31.70086 2.44241 -39.87593
vn 35.25842 -2.47039 36.76602
vn 37.16333 4.46607 34.64016
vn 42.02917 -2.38840 28.78965
vn 39.82423 7.12584 31.05242
vn 37.08414 -1.48356 34.97950
vn 21.75055 -11.13476 -44.76528
vn 19.36074 -15.11405 -44.69594
vn 26.82043 -15.87491 -40.36895
vn 20.61588 -18.72983 -42.72211
vn 24.05699 -14.22524 -42.66032
vn -12.32577 -40.49048 28.45340
vn -10.54850 -39.96128 29.88017
vn -5.39180 -43.55896 25.97202
vn -10.43776 -38.66103 31.58129
vn -13.23886 -39.32977 29.64627
vn 24.26387 30.59742 32.80338
vn 24.51227 32.33524 30.89629
vn 30.50128 27.59720 30.15072
vn 22.86134 33.29713 31.13937
vn 22.55026 30.30482 34.26519
vn -50.32581 -7.19058 -4.07521
vn -50.15011 -9.22967 -0.88280
vn -48.61069 -13.99661 -6.48810
vn -49.76130 -11.14277 -0.80698
vn -50.06147 -8.68199 -4.41280
vn 38.55383 22.65562 -24.52192
vn 40.55081 11.83021 -28.57757
vn 44.85902 13.79887 -19.95641
vn 47.82122 12.73402 -12.32782
vn 43.60893 23.18521 -12.71639
vn 34.59490 17.95164 -32.89271
vn 34.41856 11.60582 -35.80038
vn 39.88247 11.46804 -29.64578
vn 40.28611 12.83567 -28.51798
vn 38.93950 19.59746 -26.46988
vn 17.79407 9.48013 46.84547
vn 18.51704 12.63601 45.80884
vn 25.25976 10.26973 43.09845
vn 18.97661 15.67752 44.66658
vn 17.40285 12.44467 46.29548
vn 48.20219 9.67345 -13.56367
vn 49.31054 3.13909 -12.63393
vn 49.86827 4.11074 -9.86187
vn 50.60540 4.29005 -4.65704
vn 49.48518 10.50262 -6.47399
vn -8.26688 -34.13009 36.98371
vn -7.47883 -32.10436 38.91499
vn 0.09558 -34.51748 37.54376
vn -5.87489 -29.74660 41.00762
vn -7.13923 -31.48701 39.47909
vn -12.25232 39.74630 29.51460
vn -12.14211 41.01814 27.76834
vn -6.50447 40.26276 30.62028
vn -12.42011 39.91174 29.21975
vn -12.45931 38.39747 31.16728
vn -15.27498 -0.91413 -48.65017
vn -15.71512 -3.83547 -48.36656
vn -7.20882 -4.37453 -50.29807
vn -15.91409 -5.46881 -48.14388
vn -15.65714 -1.91305 -48.49942
vn -40.33908 -12.85479 28.43435
vn -36.96470 -20.48340 28.54891
vn -42.65512 -18.44719 21.00574
vn -36.89054 -25.02964 24.77104
vn -43.13437 -10.22462 25.21672
vn -36.78434 -4.56228 35.02995
vn -34.69902 -10.45722 35.88348
vn -40.41651 -10.59499 29.24468
vn -34.11419 -13.88981 35.27456
vn -38.03188 -3.02562 33.84407
vn -12.90004 -4.89662 -49.09798
vn -15.94980 -0.30879 -48.44077
vn -21.70361 -5.48190 -45.82469
vn -19.53904 3.54259 -46.97527
vn -15.36113 -2.46870 -48.56892
vn -40.60982 8.68961 29.60292
vn -40.68461 0.03321 30.75323
vn -46.11028 3.01290 21.58158
vn -43.78021 0.46917 26.15479
vn -43.20530 11.78889 24.39926
vn -2.90267 -38.18631 -33.68056
vn -2.09702 -33.60228 -38.30782
vn -12.02592 -34.08309 -35.98222
vn -4.86289 -29.82970 -41.07969
vn -5.36228 -35.78159 -35.94333
vn 8.16540 44.34921 -23.82171
vn 6.32267 45.72525 -21.68466
vn 0.68163 43.95789 -25.85030
vn 5.98350 46.65375 -19.71355
vn 9.16155 44.71519 -22.75120
vn -46.78942 -5.74059 19.46268
vn -44.92558 -9.71799 22.09642
vn -47.73652 -12.56056 12.82407
vn -44.60081 -13.43198 20.76895
vn -46.95612 -8.97140 17.76616
vn -38.78312 -18.32589 27.58679
vn -35.95855 -24.26927 26.81389
vn -41.99788 -22.05924 18.72344
vn -36.39943 -27.48854 22.81362
vn -40.09953 -20.36719 24.04590
vn -33.25210 -17.17007 34.64803
vn -32.86142 -19.38553 33.84269
vn -38.12848 -19.41622 27.75300
vn -31.82061 -21.30951 33.68016
vn -32.34151 -18.56232 34.79177
vn -6.79873 -13.01456 -48.84054
vn -9.03750 -8.96772 -49.38525
vn -15.52745 -14.76455 -46.28073
vn -10.53816 -9.74568 -48.93842
vn -7.41545 -15.14674 -48.13093
vn -28.65387 -11.74771 40.52095
vn -26.58374 -16.95587 40.08494
vn -34.73156 -16.21686 33.64122
vn -27.67461 -19.43689 38.17491
vn -30.06841 -13.25763 39.00162
vn 12.69381 -45.49479 -19.23775
vn 12.84614 -43.22874 -23.81707
vn 3.34715 -45.62918 -22.53384
vn 11.42538 -43.27797 -24.44336
vn 11.23552 -46.07876 -18.74862
vn -18.82810 36.21760 -30.57430
vn -19.96749 36.73930 -29.19800
vn -25.70677 31.25615 -31.03570
vn -19.62033 37.71161 -28.17582
vn -17.97391 36.94816 -30.21212
vn 7.20779 -3.43533 50.37108
vn 7.81768 -5.14808 50.13363
vn 0.87389 -7.94250 50.37015
vn 8.54632 -6.44359 49.86422
vn 8.06655 -4.47730 50.15859
vn -40.28813 -29.13562 11.35699
vn -36.49583 -33.43491 12.29474
vn -38.47787 -33.28213 3.57109
vn -32.61136 -38.35101 8.16694
vn -35.79332 -36.03511 4.61608
vn -41.16163 -27.05569 13.21775
vn -35.56482 -33.48383 14.66206
vn -39.13588 -32.39215 4.48678
vn -31.86600 -38.96249 8.21475
vn -38.36037 -33.16021 5.46646
vn 22.77722 -18.02250 -41.92120
vn 19.97612 -14.46965 -44.63837
vn 15.35257 -21.69934 -43.52512
vn 19.63694 -13.16973 -45.18792
vn 24.13779 -19.29709 -40.57080
vn -33.55417 -17.45002 34.21424
vn -30.10816 -22.19076 34.67086
vn -36.19102 -23.78739 26.93269
vn -29.13116 -26.21033 32.64038
vn -33.39137 -20.51775 32.63492
vn 32.07030 -38.19686 -10.65340
vn 32.01514 -36.92048 -14.59138
vn 25.22872 -42.05870 -13.98490
vn 32.25948 -36.28069 -15.62168
vn 32.41230 -38.11843 -9.87051
vn -17.89815 22.98887 -41.85890
vn -22.38542 25.27750 -38.22225
vn -25.27788 16.27324 -41.19720
vn -24.43125 24.17959 -37.67572
vn -18.17404 21.05733 -42.74684
vn -34.22132 -6.43648 37.26221
vn -30.80681 -8.86659 39.66513
vn -35.62780 -15.25377 33.15089
vn -28.99633 -13.05910 39.87069
vn -32.63755 -10.42070 37.77828
vn -30.47642 -8.97095 -39.89624
vn -29.74582 -20.58652 -35.94970
vn -28.65405 -15.31746 -39.31056
vn -20.69619 -21.18490 -41.51948
vn -21.24176 -11.30747 -44.96586
vn -33.42826 -10.75396 -36.98518
vn -32.83035 -18.61654 -34.30149
vn -32.06198 -14.80539 -36.79441
vn -26.54670 -19.51683 -38.92770
vn -26.95165 -12.55628 -41.43607
vn 38.75130 -8.03153 -32.16879
vn 37.80549 -3.39870 -34.06161
vn 32.59889 -8.94884 -38.18677
vn 36.46440 -2.60757 -35.56048
vn 37.91565 -8.26423 -33.09238
vn -45.55602 -7.28160 -21.73998
vn -44.37760 -16.08433 -19.31121
vn -42.06599 -12.21282 -26.12086
vn -39.24477 -18.23778 -26.98575
vn -40.39997 -9.10252 -29.76551
vn 29.63986 -40.23822 -10.16682
vn 31.30216 -38.29937 -12.42309
vn 24.30516 -41.43144 -17.13752
vn 31.75928 -36.67385 -15.72822
vn 30.58917 -38.55858 -13.36181
vn 27.48600 32.86142 -27.67033
vn 24.09974 35.96132 -26.96267
vn 21.50787 31.52775 -33.82917
vn 24.92977 34.30136 -28.33588
vn 28.42401 30.44428 -29.43164
vn -49.54243 -6.68501 -10.09245
vn -49.77790 -7.86584 -7.82871
vn -47.76017 -11.91222 -13.34407
vn -49.27529 -10.71779 -7.62069
vn -48.97490 -9.79720 -10.31861
vn -41.71171 5.90058 -28.74571
vn -42.95882 0.52675 -27.48203
vn -41.01753 0.07048 -30.30770
vn -38.72080 -0.60285 -33.18637
vn -38.00180 4.78578 -33.67430
vn -44.72048 7.81411 -23.23829
vn -45.57180 -2.32594 -22.77719
vn -42.64237 0.87815 -27.96170
vn -39.48885 -2.44009 -32.18191
vn -39.01360 7.70978 -31.92957
vn 33.22855 3.17511 -38.55881
vn 32.30165 4.98300 -39.15064
vn 27.04239 2.62676 -43.16027
vn 32.44987 6.85830 -38.74234
vn 33.92063 4.59368 -37.80592
vn -49.69379 5.11441 -10.26497
vn -49.97402 -1.95747 -9.98824
vn -48.12956 0.02134 -16.86844
vn -47.97453 -2.17194 -17.16760
vn -47.71314 5.68761 -17.09114
vn 22.70354 -37.10371 -26.62450
vn 24.69469 -33.81100 -29.12023
vn 15.69214 -35.59243 -32.98387
vn 24.08141 -31.19463 -32.37252
vn 22.56205 -34.75082 -29.73775
vn 23.80597 40.93320 -18.94066
vn 22.58214 42.16336 -17.70020
vn 19.11793 40.72612 -24.01848
vn 23.64305 41.69301 -17.42695
vn 25.08070 40.04860 -19.18509
vn -50.23878 -1.14517 -8.70367
vn -50.14243 -4.92427 -7.90495
vn -48.49242 -4.64302 -15.09726
vn -49.44333 -6.24606 -10.83252
vn -49.60022 -1.74158 -11.73816
vn -37.27582 34.77135 1.57033
vn -41.15857 30.04406 2.07996
vn -41.26759 29.16853 -6.86900
vn -36.94677 33.99303 -8.96710
vn -34.09180 37.36795 -6.51040
vn -45.54573 22.69701 -3.38100
vn -47.08523 19.19488 -3.94171
vn -46.76950 17.52482 -10.31956
vn -44.53411 22.23831 -11.09820
vn -43.51964 25.14545 -8.64564
vn 24.70767 13.88511 -42.39970
vn 23.51587 16.67230 -42.07182
vn 17.24078 14.15133 -45.86387
vn 23.05910 18.84177 -41.40369
vn 25.06816 15.40283 -41.65741
vn -39.60085 23.36670 22.06286
vn -40.65452 20.96441 22.55444
vn -44.36322 20.59499 14.44818
vn -40.09218 25.55257 18.45760
vn -39.03871 26.93730 18.74461
vn 1.57843 -18.54434 -47.48279
vn 0.47338 -17.50237 -47.90034
vn -7.45059 -16.82224 -47.56575
vn 0.65778 -15.28881 -48.64996
vn 1.82669 -15.54004 -48.54039
vn 28.82487 41.63333 -6.06565
vn 27.86747 42.43510 -4.86477
vn 23.75801 44.15248 -9.33359
vn 27.83693 42.56240 -3.81398
vn 29.22111 41.43303 -5.51634
vn -48.76524 -2.70858 -14.68382
vn -48.73885 -6.67264 -13.45364
vn -46.57967 -6.02065 -19.87675
vn -47.39479 -8.61478 -16.74872
vn -47.44412 -4.08439 -18.25850
vn 30.93184 6.60313 40.00774
vn 33.38383 -3.55192 38.39144
vn 24.70441 -0.32203 44.61601
vn 28.39414 -5.29920 42.03202
vn 23.60655 11.70914 43.66493
vn 32.26069 10.87542 37.97331
vn 34.39073 1.90490 37.61181
vn 25.78329 5.27832 43.68479
vn 30.20604 3.06279 40.97821
vn 26.21094 15.69802 40.83575
vn -48.96246 3.56848 13.81821
vn -47.75410 9.19620 15.36151
vn -45.39584 5.39443 22.60791
vn -45.69659 13.92737 17.85634
vn -48.21273 7.07296 15.05009
vn 49.34298 8.74029 9.48039
vn 50.14695 2.44831 8.96041
vn 47.38977 4.84320 18.21408
vn 49.85316 3.34061 10.22265
vn 48.29067 11.63116 11.56403
vn -21.00826 -41.28148 21.34228
vn -24.71316 -38.30685 22.86580
vn -18.41624 -37.55199 29.18372
vn -25.23986 -36.67135 24.88294
vn -19.83464 -41.24189 22.50984
vn -21.00525 45.20674 10.77636
vn -15.61135 47.34132 10.77427
vn -17.06796 43.82319 19.72845
vn -11.93680 47.95695 12.59536
vn -18.83579 45.83587 12.05347
vn 18.69757 -4.25008 47.25820
vn 19.08090 -6.30422 46.87404
vn 11.96500 -7.62979 48.98596
vn 18.93708 -7.47855 46.75957
vn 18.37517 -4.63635 47.34825
vn 39.74180 -1.26062 31.93743
vn 40.17613 -11.59072 29.19817
vn 33.26257 -8.38389 37.74005
vn 36.20436 -14.67398 32.78593
vn 35.14853 2.34577 36.87922
vn 41.91584 -2.32343 28.95970
vn 41.96574 -10.82524 26.88290
vn 35.89332 -8.37648 35.24916
vn 39.41075 -13.22705 29.54384
vn 39.24343 0.17503 32.57180
vn -42.51565 -6.55658 27.39398
vn -40.73643 3.22329 30.51480
vn -35.33612 -4.73281 36.46859
vn -35.03410 5.96351 36.57934
vn -38.34289 -8.14573 32.62621
vn 50.22291 -3.36461 8.20596
vn 49.81974 -8.10965 7.29564
vn 47.90100 -6.94533 16.07036
vn 49.68710 -9.00493 7.14861
vn 50.23904 -2.01280 8.54327
vn -21.38466 -46.13312 3.92828
vn -27.59359 -42.47240 5.97403
vn -21.36404 -44.06841 14.23210
vn -28.08804 -41.58760 9.08477
vn -19.40815 -46.76693 6.09739
vn -20.69216 41.65998 20.91125
vn -15.85086 43.13494 22.11622
vn -18.36115 37.69076 29.03918
vn -13.38100 43.34702 23.30201
vn -20.34097 41.66767 21.23794
vn 48.78100 -2.42348 -14.68129
vn 48.56315 -4.72305 -14.84295
vn 50.13707 -5.65308 -7.43746
vn 48.12605 -5.95102 -15.79457
vn 48.39377 -2.87015 -15.83680
vn 36.31474 -12.51607 33.54977
vn 35.52827 -19.74936 30.80104
vn 28.62093 -17.31383 38.49770
vn 31.10564 -23.31011 33.01632
vn 32.10051 -14.07507 37.04659
vn 42.95742 -18.58849 20.25161
vn 41.34679 -23.52805 18.38133
vn 37.04374 -22.20082 27.12718
vn 38.98036 -26.65446 19.26320
vn 41.34585 -20.62906 21.58617
vn -39.89581 -21.07011 23.77761
vn -40.88369 -14.09449 27.03459
vn -33.92467 -19.63039 32.63072
vn -37.56289 -16.74502 30.16013
vn -36.06473 -25.46257 25.53413
vn 47.30177 -7.63615 17.47089
vn 46.53282 -13.63387 15.80550
vn 42.45867 -12.14187 25.51149
vn 44.92808 -16.19130 17.89716
vn 46.12004 -8.91441 19.86139
vn -23.42990 -44.49159 -8.51689
vn -27.09567 -42.52734 -7.63210
vn -23.85797 -45.07431 0.32168
vn -27.08825 -42.57704 -7.37711
vn -22.29662 -45.10022 -8.35645
vn -26.34988 36.90607 23.33721
vn -24.52701 37.93600 23.67035
vn -24.93758 32.76242 30.09552
vn -24.29908 38.61826 22.78560
vn -27.21397 36.98175 22.19795
vn 40.46987 -6.93517 -30.25050
vn 40.01395 -8.67161 -30.40866
vn 43.26077 -10.71115 -24.79469
vn 39.27869 -9.79696 -31.01941
vn 39.78004 -7.66175 -30.98137
vn 26.69629 10.00937 42.28616
vn 28.68433 0.03266 42.16880
vn 19.01359 3.35072 47.20440
vn 21.22267 -0.16790 46.37423
vn 18.65389 13.21383 45.58977
vn 30.44424 8.48045 40.02786
vn 32.01312 0.47410 39.69805
vn 23.40596 2.75252 45.22814
vn 27.40174 0.19286 43.01287
vn 25.04645 10.97715 43.04855
vn -48.29908 0.66665 16.36319
vn -47.52247 6.90423 17.17401
vn -44.26067 2.69967 25.19335
vn -46.06551 9.95322 19.49108
vn -47.69659 1.25848 18.01252
vn 25.09636 -0.64912 44.39314
vn 25.92246 -4.52062 43.68741
vn 18.57285 -4.42176 47.29162
vn 24.04827 -5.97232 44.57590
vn 22.77632 -0.70317 45.62614
vn -28.20050 -40.85217 -11.69748
vn -29.88087 -39.87561 -10.86596
vn -30.43132 -40.77613 -3.49888
vn -31.27959 -38.48450 -11.89664
vn -29.24150 -39.59035 -13.36181
vn -31.54917 39.45696 -6.98552
vn -28.97125 41.55287 -5.91820
vn -32.64242 39.17046 1.07112
vn -28.42969 41.79152 -6.79860
vn -32.30590 38.59992 -8.20821
vn 49.35765 -7.11966 -10.68326
vn 48.97314 -9.25057 -10.81936
vn 49.79142 -10.46116 -3.51830
vn 48.46999 -10.78960 -11.62945
vn 48.94318 -8.19507 -11.76457
vn -6.40523 28.39076 41.88004
vn -8.09688 21.22068 45.66315
vn -13.14761 20.48816 44.81490
vn -20.99647 22.41962 40.71250
vn -16.17822 29.03323 38.68250
vn -2.45868 25.69505 43.98544
vn -2.97835 19.94727 46.84267
vn -8.54941 18.47286 46.76174
vn -13.77283 21.53260 44.13225
vn -10.64434 26.87721 42.01563
vn -46.79504 11.96688 -16.37126
vn -46.23640 14.76071 -15.66259
vn -48.51188 12.95085 -8.93711
vn -45.44561 16.58025 -16.14902
vn -46.22977 12.51090 -17.52954
vn 16.93695 18.56939 44.37698
vn 17.04999 15.61778 45.45748
vn 10.22993 14.47565 47.82054
vn 11.87128 18.86258 45.87238
vn 12.92257 21.34587 44.47876
vn -44.50335 -24.80940 -2.22389
vn -45.79906 -22.31714 -2.32186
vn -45.33369 -22.36732 6.74973
vn -47.35849 -18.85637 -1.61573
vn -46.46814 -20.93419 -1.86319
vn -15.30174 42.00772 -24.53991
vn -13.13210 43.21355 -23.68832
vn -18.12841 43.99283 -18.35731
vn -13.19343 42.81740 -24.36398
vn -16.22228 41.19463 -25.31480
vn 30.24465 -8.03781 40.26977
vn 31.19288 -12.08505 38.49617
vn 22.95270 -12.20132 43.87826
vn 29.09146 -15.88473 38.76031
vn 28.10453 -11.72032 40.91172
vn -2.23213 35.44608 36.60044
vn -6.74183 33.57001 37.79684
vn -8.02545 29.38615 40.90288
vn -14.08638 34.04638 35.26213
vn -8.71803 36.16242 34.88946
vn 3.08609 33.22425 38.56974
vn 3.19360 29.78891 41.27253
vn -2.39293 26.82308 43.31046
vn -6.56126 31.73241 39.38277
vn -4.02284 34.47623 37.36584
vn -42.16880 18.49283 -21.92732
vn -40.93138 21.58732 -21.43852
vn -44.21778 20.64900 -14.81238
vn -40.11357 23.69734 -20.74458
vn -41.55129 19.94164 -21.83621
vn 12.95522 26.92221 41.33227
vn 14.07482 25.06399 42.12713
vn 7.96071 21.96350 45.33466
vn 9.10925 27.61480 41.89802
vn 9.21519 28.83397 41.04488
vn -47.79621 -16.88530 -5.60437
vn -48.19814 -16.04619 -4.52320
vn -48.33749 -15.82663 3.74219
vn -49.06488 -13.23434 -4.29997
vn -49.00287 -13.04175 -5.44347
vn -7.12647 40.12557 -30.66189
vn -5.68452 40.59576 -30.34255
vn -9.60502 42.68877 -26.19946
vn -5.61353 40.14293 -30.95212
vn -7.71620 39.38564 -31.46795
vn 19.04194 -4.62899 47.08478
vn 19.50002 -7.96804 46.44631
vn 11.85480 -7.46675 49.03785
vn 17.75680 -9.96921 46.75800
vn 17.18206 -5.96635 47.64639
vn 47.26109 4.07685 18.72882
vn 48.12566 -7.25153 15.24255
vn 43.84947 -3.54613 25.80017
vn 43.73265 -10.46278 24.06211
vn 41.64697 8.14612 28.28728
vn 44.27007 -7.79050 24.09291
vn 43.14521 -18.51167 19.92006
vn 38.18338 -15.42944 30.08258
vn 36.51535 -23.78357 26.49472
vn 37.80915 -8.31236 33.20200
vn -41.42605 -10.03212 28.00425
vn -40.44576 -5.01311 30.65956
vn -35.90523 -10.00966 34.80833
vn -39.30699 -1.27018 32.47071
vn -42.16385 -9.44267 27.09328
vn 50.71325 1.50630 -5.18619
vn 50.48678 -3.37084 -6.38138
vn 50.83514 -3.10222 2.67670
vn 50.39976 -4.96344 -6.01894
vn 50.77208 2.53821 -4.09303
vn -21.20592 -42.93064 17.55758
vn -22.94205 -40.94048 19.96343
vn -16.49751 -41.33574 24.90357
vn -24.77735 -39.14135 21.33161
vn -22.79438 -42.05183 17.69348
vn -16.85744 41.39446 24.56267
vn -10.82310 44.38186 22.67401
vn -9.49858 39.26500 31.12936
vn -7.80348 44.51516 23.63272
vn -16.35016 40.74619 25.95033
vn 45.99375 1.33248 21.99543
vn 46.26489 -2.83650 21.27237
vn 41.80631 -2.22601 29.12519
vn 45.39683 -3.61997 22.95699
vn 45.02706 1.68951 23.88952
vn 50.10966 -8.13292 -4.88642
vn 47.27961 -17.70621 -7.21998
vn 48.45510 -15.45236 3.78506
vn 45.85898 -22.19831 -2.27792
vn 50.47835 -7.21470 0.94039
vn 48.92329 -7.35894 -12.38374
vn 47.10754 -13.69599 -13.93910
vn 49.02475 -13.30922 -4.52092
vn 46.28289 -17.28292 -12.65680
vn 49.34501 -7.57991 -10.42181
vn -14.30129 -11.21804 47.65110
vn -10.62378 -1.80214 49.84864
vn -2.85871 -10.16877 49.89413
vn -2.63725 -0.26937 50.93105
vn -8.16078 -13.93491 48.37581
vn 47.86884 -15.43718 -8.44195
vn 45.89249 -20.24637 -9.21758
vn 47.00146 -19.79539 0.07252
vn 44.46202 -23.75200 -7.74403
vn 47.29259 -17.72116 -7.09723
vn -25.11901 -44.13759 4.68062
vn -27.71742 -41.96531 8.46500
vn -20.32352 -45.08953 12.44541
vn -28.40788 -41.08430 10.29913
vn -25.05472 -44.17322 4.68909
vn -7.64723 30.30792 40.29826
vn -1.97102 33.11159 38.73935
vn -0.04370 25.14128 44.37245
vn 0.42202 32.35419 39.42115
vn -7.67535 28.45014 41.62545
vn 14.71510 -4.28002 -48.64305
vn 11.64617 -8.04477 -48.99641
vn 19.44482 -10.99333 -45.84806
vn 11.88718 -10.99227 -48.36181
vn 15.13643 -6.56809 -48.25711
vn 19.59550 -16.30003 44.17381
vn 19.50004 -23.91681 40.60461
vn 14.89532 -19.60198 44.66421
vn 11.04461 -25.69378 42.64793
vn 10.35166 -18.21066 46.49961
vn 27.41248 -14.57545 40.46124
vn 27.29586 -22.24567 36.89262
vn 21.72836 -18.49002 42.27288
vn 19.43600 -25.09299 39.91971
vn 18.91754 -17.18180 44.13515
vn -47.86944 -11.75786 13.08699
vn -48.16072 -5.95660 15.68641
vn -44.28568 -12.18226 22.16689
vn -47.48672 -5.63246 17.72813
vn -47.18257 -13.04804 14.30223
vn 42.01262 -11.08852 26.70177
vn 41.90533 -14.05112 25.44619
vn 37.43356 -13.57538 31.86592
vn 40.23923 -16.58634 26.58377
vn 40.15652 -13.33967 28.46940
vn -28.56984 -40.90568 -10.55884
vn -29.90024 -40.28535 -9.16873
vn -27.38717 -42.94047 -2.65666
vn -31.49969 -39.11714 -8.86668
vn -30.15745 -39.68701 -10.79211
vn -34.04636 34.10252 16.69919
vn -32.81803 35.53382 16.16551
vn -32.52256 31.60651 23.33048
vn -33.79706 35.42784 14.26976
vn -35.39714 33.39662 15.25475
vn 48.92193 -7.63995 -12.21784
vn 47.74122 -11.05873 -14.12375
vn 49.01912 -13.34451 -4.47764
vn 46.94580 -14.51368 -13.65446
vn 48.37417 -10.88607 -11.93452
vn 17.36965 -7.96684 47.28450
vn 20.14001 -15.44303 44.23678
vn 14.18910 -13.97043 46.95206
vn 11.36788 -18.71481 46.06004
vn 8.56071 -10.90369 49.07977
vn 22.64529 -11.19259 44.30481
vn 23.05165 -20.13544 40.79443
vn 17.02616 -16.51299 45.14898
vn 13.56315 -22.81631 43.54832
vn 12.64978 -13.45721 47.53826
vn -49.45483 -8.25765 9.32903
vn -49.48674 -5.78870 10.88820
vn -47.32948 -9.40468 16.50673
vn -49.74476 -3.53426 10.67555
vn -49.85123 -7.35896 7.85494
vn 33.75800 -6.46947 37.67683
vn 34.05143 -13.41867 35.51675
vn 27.75028 -10.92899 41.37003
vn 28.51290 -16.08665 39.10542
vn 27.93649 -7.97673 41.91568
vn -29.82478 -41.10527 -4.67321
vn -32.31671 -39.32421 -3.19938
vn -28.84334 -41.86322 4.06590
vn -34.29316 -37.70949 -1.72431
vn -31.81371 -39.66219 -3.97470
vn -35.90872 34.68218 10.42639
vn -31.92170 37.98028 11.81112
vn -34.08001 32.83677 19.00786
vn -33.02362 36.88897 12.23291
vn -37.85028 32.33079 11.09396
vn 47.46369 -9.29218 16.18189
vn 47.97366 -11.94701 12.52183
vn 43.69741 -16.21544 20.70257
vn 46.64136 -16.98185 11.71323
vn 46.23376 -14.83813 15.59707
vn 39.23175 7.82414 31.63309
vn 40.62807 -1.26412 30.80197
vn 34.03476 1.89379 37.93479
vn 31.32775 0.17594 40.24352
vn 32.15209 11.69726 37.82085
vn 40.02609 8.96259 30.30815
vn 42.09203 -2.15669 28.71601
vn 34.96074 1.31291 37.10825
vn 34.27670 -3.19416 37.62851
vn 31.89998 11.34059 38.14160
vn -42.43566 -0.11868 28.28781
vn -40.79465 7.64671 29.63652
vn -35.89943 1.69181 36.18519
vn -37.53251 11.30828 32.62565
vn -41.10627 1.40988 30.15438
vn 26.87794 -4.10911 43.14731
vn 26.58093 -10.64552 42.20340
vn 20.90029 -8.25110 45.78315
vn 19.93342 -12.08866 45.35992
vn 20.72280 -4.09078 46.42015
vn -29.17949 -40.82989 -9.08166
vn -33.06874 -37.90407 -8.41065
vn -30.62323 -40.78256 0.00813
vn -36.40360 -35.36303 -5.02332
vn -33.20410 -38.17181 -6.43434
vn -35.95281 36.12329 1.87172
vn -33.68024 38.22772 2.29828
vn -36.49105 34.67191 8.20129
vn -34.77363 37.30330 0.50780
vn -37.81629 34.21282 0.64052
vn 10.62906 -8.04472 -49.22708
vn 6.56322 -10.04959 -49.56742
vn 12.00378 -15.29077 -47.14977
vn 5.44624 -13.28594 -48.93692
vn 9.79706 -10.80646 -48.86959
vn 40.26534 9.34001 -29.87418
vn 38.83295 0.89076 -33.04857
vn 44.40179 2.87320 -24.92438
vn 40.11846 -0.52520 -31.48386
vn 42.97259 14.44282 -23.36154
vn 35.84509 1.10774 -36.26158
vn 33.99145 -7.72737 -37.22726
vn 41.07869 -5.12061 -29.78791
vn 36.50265 -9.78200 -34.24717
vn 39.20007 4.76843 -32.27408
vn 17.26859 -2.29780 47.93241
vn 20.59292 5.20988 46.36580
vn 26.45704 -1.97693 43.55590
vn 25.58648 8.59390 43.27212
vn 19.48455 -3.30273 47.01535
vn 1.39278 6.50366 -50.56444
vn 0.35948 3.42291 -50.88373
vn 8.64958 4.45704 -50.06316
vn -1.13356 5.01131 -50.74053
vn 1.03679 9.21810 -50.14929
vn 26.80861 -41.36666 13.08039
vn 28.79138 -37.64122 18.84661
vn 34.52217 -35.89586 10.98666
vn 32.92467 -34.67356 17.74004
vn 30.37633 -39.82003 9.62514
vn 10.30158 46.78498 17.49406
vn 11.28502 47.48824 14.78224
vn 18.61302 45.06187 14.96605
vn 10.91175 48.38623 11.86194
vn 9.01404 47.91948 14.94890
vn 44.36861 -2.38750 -25.03448
vn 43.81359 -5.95573 -25.41452
vn 47.59789 -5.71117 -17.40182
vn 44.07555 -7.51858 -24.53193
vn 44.82684 -2.89423 -24.14907
vn 36.44390 -10.35378 -34.14149
vn 33.13316 -17.02788 -34.83165
vn 38.99813 -17.09546 -28.06939
vn 32.23737 -21.87121 -32.91506
vn 39.16056 -9.08498 -31.38333
vn 29.22053 -9.48336 -40.70904
vn 26.56280 -16.78781 -40.16946
vn 34.44197 -14.98792 -34.49801
vn 27.36081 -20.15701 -38.02738
vn 31.65028 -7.59876 -39.26217
vn 13.83642 -10.15727 48.02481
vn 18.63910 -3.11496 47.36962
vn 23.01892 -11.25073 44.09705
vn 23.99664 -1.01767 44.99028
vn 14.91482 -13.19682 46.95095
vn 19.01551 -8.73167 -46.50987
vn 16.27550 -15.45310 -45.79639
vn 25.55944 -15.09703 -41.47040
vn 17.24345 -19.32689 -43.93330
vn 20.54445 -10.07700 -45.57828
vn -6.51865 -45.66756 21.74813
vn -4.93555 -42.58918 27.61885
vn 3.28308 -45.34682 23.10598
vn -2.76561 -41.78450 29.11024
vn -5.37769 -46.44216 20.37659
vn 26.62366 34.71128 26.21654
vn 29.39853 37.07355 19.03360
vn 35.14608 28.97505 22.93902
vn 33.06896 35.37922 15.99232
vn 29.03196 32.86470 26.03950
vn -14.10569 -1.96893 -48.97094
vn -14.53410 -3.98790 -48.72223
vn -7.48641 -4.98679 -50.20045
vn -16.01441 -4.45025 -48.21549
vn -15.39812 -1.32499 -48.60187
vn 26.93184 -21.48184 -37.60594
vn 26.16573 -24.81750 -36.06169
vn 32.79596 -23.10661 -31.48824
vn 25.95613 -27.15972 -34.49099
vn 27.11333 -22.44311 -36.90763
vn 26.88580 -20.76213 -38.04060
vn 24.68333 -25.91628 -36.33289
vn 32.71654 -23.95272 -30.93372
vn 25.85247 -29.15060 -32.90731
vn 28.65334 -23.15175 -35.27013
vn 17.15596 -17.31839 44.79671
vn 18.29980 -13.86837 45.53883
vn 24.68909 -17.50890 41.04737
vn 17.99483 -13.51673 45.76553
vn 16.28272 -19.01222 44.43431
vn 16.36369 -14.63738 -46.03234
vn 14.87978 -19.00784 -44.92542
vn 24.01157 -18.13948 -41.17528
vn 15.78811 -21.75825 -43.33952
vn 17.43896 -16.69981 -44.92213
vn -10.56758 -44.83929 21.88065
vn -9.10159 -42.31741 26.97032
vn -0.64486 -45.62484 22.78063
vn -7.27882 -42.63860 27.01793
vn -9.04085 -45.72224 20.70602
vn 26.67661 33.27608 27.96534
vn 27.38521 34.90252 25.15679
vn 33.77093 28.82788 25.08938
vn 27.62166 35.28974 24.34498
vn 26.67276 33.02639 28.26343
vn -33.65450 -7.92966 -37.48993
vn -35.01943 -10.40127 -35.58725
vn -29.00876 -13.54165 -39.70031
vn -34.67830 -12.96681 -35.07531
vn -33.46746 -10.21910 -37.10119
vn 45.01490 0.26493 -23.97057
vn 44.33970 -6.73296 -24.28287
vn 48.15954 -4.05825 -16.28462
vn 47.03937 -6.77685 -18.50329
vn 47.35371 2.88995 -18.71560
vn 43.85811 1.91114 -25.95790
vn 42.53188 -8.06417 -26.96309
vn 47.70408 -4.57891 -17.44573
vn 46.05255 -10.03984 -19.47727
vn 47.60036 2.84242 -18.08661
vn 7.84247 -5.00582 50.14417
vn 9.38400 1.69235 50.10066
vn 17.68832 -3.65427 47.69454
vn 12.25149 3.99495 49.34512
vn 9.87909 -5.08548 49.77490
vn 44.55075 -17.87639 -17.22396
vn 41.42419 -23.39009 -18.38314
vn 45.27406 -21.37032 -9.72466
vn 40.87358 -27.58276 -13.02081
vn 44.60307 -22.09114 -11.11516
vn -28.99059 -40.27995 11.75038
vn -28.78736 -39.74203 13.88735
vn -22.79727 -42.99943 15.24248
vn -29.31204 -38.72847 15.55345
vn -29.90042 -39.24025 12.92935
vn -2.67249 27.26045 43.02006
vn -1.70045 29.69727 41.42680
vn 4.71155 25.01829 44.19147
vn -3.61973 29.50583 41.44036
vn -4.60003 25.74598 43.78337
vn -21.52154 -9.58887 -45.23136
vn -23.29745 -11.76094 -43.81676
vn -16.47439 -15.54293 -45.69476
vn -23.61891 -14.67898 -42.75131
vn -22.15897 -12.35774 -44.24099
vn 45.23839 23.12683 4.43140
vn 47.15519 18.21857 6.74323
vn 47.21531 16.50699 9.96158
vn 44.10306 19.92739 16.08783
vn 43.29330 24.26746 11.73798
vn 45.51673 22.91806 1.99721
vn 48.61886 14.95127 3.69672
vn 47.81211 15.27477 9.03787
vn 45.44582 16.96755 15.74099
vn 43.13033 24.56189 11.72552
vn -16.90599 10.15925 47.03165
vn -16.17405 12.79676 46.64378
vn -9.63188 10.75866 48.91296
vn -16.72689 14.51227 45.94132
vn -18.07387 10.60687 46.49547
vn 45.20521 16.04077 -17.32576
vn 46.47609 12.13283 -17.13964
vn 48.54047 11.82612 -10.24527
vn 47.29255 15.26100 -11.46805
vn 45.60061 18.94894 -12.74839
vn -4.59193 -29.46527 41.37284
vn -5.26040 -26.39631 43.31931
vn 4.32433 -26.92076 43.09956
vn -4.10138 -22.94066 45.36413
vn -3.83139 -25.95486 43.73403
vn -23.67442 41.89080 16.90214
vn -22.98659 43.00961 14.92611
vn -17.64824 43.53348 19.85889
vn -23.87128 42.46093 15.10731
vn -24.57438 40.97471 17.83738
vn 24.84984 -5.52477 -44.19233
vn 23.39053 -9.85551 -44.23519
vn 31.81872 -9.62341 -38.67762
vn 24.24989 -12.65383 -43.04443
vn 25.85253 -7.75878 -43.27179
vn -11.19508 -0.44485 -49.75412
vn -14.02934 -11.50573 -47.66336
vn -3.25079 -8.23375 -50.22586
vn -7.34669 -15.53856 -48.01644
vn -2.51405 4.13171 -50.77015
vn -15.29362 -0.10280 -48.65279
vn -17.75405 -7.36840 -47.23875
vn -8.53335 -6.92632 -49.80168
vn -16.06878 -10.97466 -47.14182
vn -11.16388 2.02690 -49.72182
vn 50.23943 -4.59459 7.47593
vn 50.77016 3.17629 3.64718
vn 50.74085 -3.97306 -3.25281
vn 50.46045 6.81960 -2.86981
vn 50.70140 -3.84456 3.94797
vn -49.06057 -2.08694 -13.77334
vn -48.99537 -5.82151 -12.90593
vn -46.37890 -5.01545 -20.61170
vn -49.28742 -6.17636 -11.55863
vn -49.26388 -0.18795 -13.19221
vn 18.97651 -46.91615 -6.30601
vn 26.85298 -42.68282 -7.62194
vn 20.49979 -43.58594 -16.76377
vn 26.84321 -41.36703 -13.00806
vn 15.62841 -47.21081 -11.30892
vn 18.63806 44.31567 -17.02185
vn 15.83672 44.66048 -18.85839
vn 18.14477 40.46401 -25.18790
vn 12.55788 45.22408 -19.95199
vn 15.35911 45.47273 -17.24319
vn -24.85126 -0.49471 -44.53280
vn -25.12025 -2.97728 -44.28441
vn -17.18662 -2.94985 -47.92617
vn -25.54902 -3.40182 -44.00767
vn -25.20856 -0.05951 -44.33424
vn -37.68085 -20.40069 -27.65799
vn -36.56978 -23.52797 -26.64743
vn -31.07056 -23.74349 -32.73937
vn -35.66569 -26.22964 -25.31727
vn -37.43716 -22.30228 -26.49655
vn -39.43691 -17.99224 -26.87022
vn -38.22820 -23.51163 -24.22412
vn -32.26152 -22.47730 -32.48022
vn -35.60059 -26.89292 -24.70563
vn -37.62215 -20.11144 -27.94822
vn 47.04707 -14.21522 -13.61986
vn 47.08398 -8.84518 -17.48892
vn 42.79564 -16.31620 -22.43467
vn 45.47203 -10.35981 -20.63900
vn 45.41764 -17.55811 -15.16411
vn -46.48322 -12.60160 -16.77824
vn -45.92677 -15.37688 -15.97756
vn -42.29414 -15.99157 -23.58972
vn -45.86808 -16.57196 -14.91605
vn -46.77485 -12.67432 -15.88943
vn 21.00398 -43.42054 16.56771
vn 25.14204 -41.46377 15.79980
vn 22.55721 -45.12694 7.46536
vn 24.95384 -41.78535 15.24105
vn 19.53858 -44.29464 16.03834
vn 26.78956 32.26207 -29.02547
vn 22.32063 33.64378 -31.15903
vn 25.35809 25.66059 -36.04859
vn 21.01147 32.66765 -33.05059
vn 26.76005 31.05626 -30.33822
vn -48.40245 -2.78711 15.82511
vn -47.43248 -6.39592 17.61397
vn -49.41727 -8.31673 9.47445
vn -47.43892 -8.07987 16.88978
vn -48.59469 -3.86036 14.98844
vn -35.15606 -21.29678 -30.19103
vn -33.70890 -27.63124 -26.48063
vn -27.09875 -26.40128 -34.19985
vn -30.18104 -31.68611 -26.19341
vn -32.97613 -23.15515 -31.26361
vn -41.63188 -17.93432 -23.36977
vn -40.70115 -22.06420 -21.39130
vn -35.52699 -22.91831 -28.52339
vn -39.26511 -25.50984 -20.21134
vn -41.12160 -20.36921 -22.25102
vn 44.43340 -19.54794 -15.63811
vn 44.74275 -12.03636 -21.31223
vn 39.21222 -20.49497 -25.36450
vn 40.64651 -13.97120 -27.45299
vn 40.45560 -24.26755 -19.37602
vn -36.17172 -18.86858 -30.60364
vn -36.43360 -23.45801 -26.89450
vn -28.81272 -25.02868 -33.82886
vn -33.77427 -27.99849 -26.00736
vn -33.96520 -23.14249 -30.19585
vn 10.67869 -40.46595 29.14570
vn 15.89867 -38.66688 29.20794
vn 14.88266 -43.84082 21.38900
vn 17.15391 -38.85781 28.22787
vn 10.31364 -41.18307 28.25922
vn 41.46007 24.18140 -17.24301
vn 39.37898 25.85817 -19.53589
vn 41.04348 18.63241 -23.85929
vn 38.72361 26.59295 -19.85688
vn 41.91323 24.01230 -16.36124
vn -46.90881 -5.42156 19.26577
vn -46.59420 -6.68874 19.62755
vn -47.72871 -10.42538 14.63834
vn -45.94031 -6.74020 21.09638
vn -46.42099 -4.90199 20.54415
vn -3.90167 -6.27860 -50.46143
vn -6.15819 -13.07210 -48.91008
vn 2.81667 -11.71490 -49.55630
vn -0.15034 -16.57158 -48.23235
vn 3.35332 -8.02949 -50.25219
vn -5.25398 -6.74321 -50.27847
vn -6.23779 -14.82627 -48.39702
vn 2.88317 -11.80901 -49.53013
vn 1.28945 -17.40600 -47.92043
vn 2.61095 -7.48343 -50.38036
vn 48.49580 -5.35414 14.84891
vn 49.21947 -1.67402 13.25298
vn 50.22792 -6.34329 6.15783
vn 49.46822 0.52397 12.39439
vn 48.51789 -4.39194 15.09054
vn -21.21770 -2.90977 -46.28544
vn -22.20539 -10.83007 -44.61647
vn -12.22639 -8.40271 -48.79456
vn -16.95572 -13.43663 -46.18398
vn -15.65947 -3.74740 -48.39151
vn 24.07787 -42.36257 15.05550
vn 27.50898 -39.94416 15.77085
vn 28.46651 -41.78591 6.67798
vn 29.87642 -38.42762 15.22226
vn 25.76695 -41.43100 14.85044
vn 32.38538 38.90820 6.19178
vn 30.49429 40.66416 4.18617
vn 35.32676 36.76229 -1.24653
vn 29.75310 41.19550 4.32246
vn 32.41223 38.72031 7.15434
vn -36.27110 -5.91240 -35.36171
vn -36.15078 -7.59493 -35.16301
vn -30.21764 -11.28578 -39.50349
vn -36.83233 -9.22666 -34.04773
vn -37.17182 -7.62750 -34.07458
vn -19.51640 19.01407 -43.11119
vn -22.35461 14.23990 -43.57174
vn -13.22431 16.30645 -46.47813
vn -19.18413 21.87033 -41.88863
vn -15.54454 24.05592 -42.19810
vn -23.47028 18.74559 -41.21587
vn -25.77128 10.51811 -42.73418
vn -16.08385 13.80070 -46.38804
vn -22.11941 14.26787 -43.68249
vn -17.48736 23.86500 -41.54099
vn 48.68454 14.11213 -5.62703
vn 45.98349 20.81916 -7.28565
vn 45.94823 15.42113 -15.87287
vn 42.56176 25.02551 -12.77577
vn 46.12474 18.94988 -10.69624
vn -14.77369 10.54140 -47.66147
vn -15.96818 6.87105 -47.94586
vn -7.26075 7.39551 -49.93584
vn -13.71249 9.63045 -48.16868
vn -12.58186 13.82726 -47.45000
vn 35.63213 -35.58479 8.06684
vn 39.02925 -31.24185 10.08291
vn 40.20722 -31.37448 0.14469
vn 42.37824 -27.00226 8.71560
vn 39.00735 -32.09317 7.03243
vn 17.17342 43.84333 19.59171
vn 15.05072 45.64019 17.07185
vn 21.21129 44.55865 12.86882
vn 13.54725 46.46574 16.07503
vn 16.46431 43.85945 20.15625
vn -47.16873 -5.36392 -18.63702
vn -47.04845 -7.51392 -18.19298
vn -43.43856 -10.08426 -24.74669
vn -47.08000 -9.67832 -17.05295
vn -47.48037 -7.40540 -17.08139
vn -4.06909 35.06359 -36.81015
vn -5.14666 30.39837 -40.62574
vn 5.08080 30.74653 -40.37122
vn 8.91532 36.46955 -34.51794
vn 4.52734 38.72715 -32.87416
vn -12.34725 30.64577 -38.85077
vn -14.04521 28.77020 -39.69896
vn -5.05498 27.68557 -42.53182
vn -5.82083 34.75652 -36.86599
vn -7.48926 34.15275 -37.12815
vn 41.59739 22.03223 19.62748
vn 41.23866 24.00687 18.00120
vn 44.01439 23.15114 11.30301
vn 39.78803 26.86717 17.20660
vn 39.49638 25.78568 19.39419
vn -22.03572 24.02197 -39.22208
vn -24.11332 21.47385 -39.47684
vn -16.00105 20.84807 -43.70725
vn -22.25841 25.03154 -38.45757
vn -19.88984 27.06898 -38.37529
vn 48.76343 -14.46321 -3.73403
vn 49.78525 -10.88683 -1.97624
vn 48.44484 -10.57855 -11.92439
vn 50.58670 -5.17102 -3.90449
vn 50.09189 -7.54699 -5.90297
vn 6.98231 41.74595 28.45210
vn 3.07391 43.91299 25.75268
vn 10.14383 45.08313 21.57807
vn 3.32450 45.04985 23.67399
vn 8.00993 42.37993 27.21731
vn -42.57531 -3.68932 -27.83401
vn -42.48406 -6.21773 -27.52171
vn -37.33951 -6.41168 -34.14163
vn -42.83488 -7.40151 -26.67189
vn -43.09455 -3.99371 -26.97980
vn -44.20283 -6.38836 -24.62312
vn -43.33316 -17.65018 -20.29058
vn -38.18794 -14.36705 -30.59851
vn -37.25060 -23.16472 -26.01515
vn -38.32496 -4.38361 -33.36136
vn -43.04382 1.78271 -27.29563
vn -43.85665 -8.76331 -24.51119
vn -37.67423 -5.78016 -33.88572
vn -38.97025 -12.12573 -30.58244
vn -37.24747 3.86680 -34.62186
vn 42.49206 -2.54699 -28.08803
vn 41.15932 1.92725 -30.05322
vn 36.86473 -2.16923 -35.17507
vn 39.65899 6.07364 -31.48452
vn 42.76105 0.07560 -27.79364
vn -47.97802 6.69777 15.94520
vn -48.07563 2.70203 16.80574
vn -50.13771 4.13279 8.37438
vn -47.76805 4.16252 17.37486
vn -47.67552 9.46432 15.44251
vn 8.98676 -42.34948 -26.95848
vn 11.78604 -39.60019 -29.89839
vn 3.45021 -38.84110 -32.87042
vn 10.98863 -38.46738 -31.63085
vn 6.80452 -42.67029 -27.09141
vn 12.61672 46.82405 -15.79009
vn 9.77112 47.52382 -15.71659
vn 8.67100 44.84978 -22.67842
vn 7.87191 48.35812 -14.16068
vn 12.24177 47.52934 -13.85999
vn -43.34430 0.90888 -26.85973
vn -43.97596 -5.28384 -25.28233
vn -37.97084 -4.27258 -33.77810
vn -41.84220 -7.80144 -28.09568
vn -41.11684 -0.36047 -30.17076
vn -47.19769 -3.57799 18.98882
vn -45.88137 -10.06255 19.86566
vn -49.12090 -8.35471 10.87825
vn -46.00908 -11.28965 18.88673
vn -47.89872 -2.00197 17.39839
vn -45.32147 -3.41971 23.13589
vn -44.11361 -9.34430 23.82590
vn -48.01995 -7.90555 15.25080
vn -44.29291 -10.51226 22.99195
vn -45.98032 -2.29983 21.94357
vn -5.85021 -3.32951 -50.55382
vn -9.60349 3.03351 -49.99570
vn -14.06379 -5.05731 -48.76098
vn -17.02279 2.30313 -48.01999
vn -13.54791 -5.44034 -48.86570
vn -38.42718 -2.23152 33.45702
vn -37.44472 -7.31747 33.84297
vn -43.06097 -6.23822 26.60520
vn -37.91748 -8.30806 33.07930
vn -39.17062 -1.79751 32.61029
vn 0.40294 -47.80106 -17.77347
vn 3.49462 -45.21179 -23.33841
vn -6.50879 -44.19696 -24.60211
vn -1.24172 -45.02167 -23.92711
vn -5.02640 -47.83895 -16.94608
vn -9.74921 43.96087 -23.94566
vn -11.94718 43.66846 -23.48041
vn -14.59157 39.11565 -29.29251
vn -13.24935 44.21899 -21.68259
vn -10.27088 44.78105 -22.13969
vn -15.30064 -2.79825 48.57015
vn -13.48840 -6.95558 48.68965
vn -21.19072 -7.72745 45.74100
vn -14.72127 -8.57211 48.07081
vn -16.70616 -3.70856 48.04321
vn -43.03148 -17.44118 -21.09731
vn -40.53723 -25.02402 -18.20798
vn -36.51868 -22.08203 -27.92436
vn -35.52166 -28.93939 -22.39917
vn -38.75254 -20.03069 -26.41992
vn -46.64953 -18.91196 -8.19502
vn -44.28555 -24.52511 -6.18948
vn -42.46591 -22.98673 -16.40902
vn -41.44031 -28.40973 -8.75141
vn -44.54507 -22.10474 -11.31888
vn 33.99154 -15.50781 -34.71430
vn 33.76023 -11.93294 -36.31599
vn 27.17731 -16.07669 -40.04913
vn 33.52978 -11.02705 -36.81247
vn 33.84449 -16.59995 -34.35100
vn -49.64423 -11.55513 -1.71141
vn -48.92278 -14.34700 -1.31333
vn -47.82771 -14.62794 -9.97662
vn -48.25608 -16.45976 -1.19439
vn -49.25942 -13.11345 -1.59561
vn 26.84337 -43.25172 3.11786
vn 29.24184 -41.76480 1.27092
vn 23.93127 -44.77484 -4.84840
vn 29.85660 -41.32800 1.25664
vn 26.61006 -43.34419 3.76638
vn 19.31600 35.57999 -31.01541
vn 16.89693 36.87622 -30.91339
vn 15.78852 31.08754 -37.21944
vn 17.02657 37.40221 -30.20215
vn 20.49569 35.46509 -30.38344
vn -34.53342 -6.93921 36.88211
vn -32.43333 -9.81668 38.11445
vn -37.66188 -13.13066 31.78315
vn -31.87176 -12.58904 37.77177
vn -34.04713 -9.33016 36.80680
vn -1.85930 -0.86459 -50.95876
vn -4.82710 -15.61721 -48.30943
vn 4.28864 -10.13661 -49.79816
vn 11.29676 -17.61154 -46.51039
vn 13.23372 -2.95796 -49.16420
vn -13.15884 -4.55196 -49.06245
vn -12.91982 -12.70522 -47.67237
vn -6.64331 -9.01288 -49.75574
vn -3.65336 -13.43665 -49.06229
vn -4.29688 -4.13043 -50.65053
vn 50.42905 -6.02010 4.65506
vn 50.94717 -0.00445 2.32063
vn 50.42849 -5.97314 -4.72108
vn 50.96107 1.88006 -0.65890
vn 50.57552 -5.75196 3.16723
vn -10.92496 -18.48235 -46.26065
vn -14.02541 -25.96665 -41.59352
vn -5.12624 -23.28794 -45.08207
vn -5.53929 -30.89783 -40.19502
vn -1.14277 -23.71459 -45.13659
vn 9.25078 -37.99931 32.73338
vn 12.23778 -37.53899 32.28097
vn 11.50941 -42.06858 26.43421
vn 14.62017 -37.02368 31.88255
vn 11.07578 -37.34497 32.91929
vn 44.27726 24.91062 4.47043
vn 42.90277 27.42795 2.83883
vn 46.11759 21.68654 -1.96492
vn 43.64780 25.89087 5.05294
vn 45.33002 22.53451 6.19552
vn -50.54356 -4.68854 -4.93621
vn -50.44962 -6.34782 -3.94214
vn -48.48761 -11.63134 -10.70807
vn -50.12407 -9.16351 -2.14649
vn -50.31488 -7.93230 -2.54784
vn -15.71960 20.17612 -44.12275
vn -17.89581 10.46020 -46.59747
vn -8.99805 12.17938 -48.70007
vn -1.57148 12.09127 -49.52102
vn -4.10464 21.98330 -45.83541
vn -22.74175 18.32417 -41.80953
vn -24.53250 9.01408 -43.79386
vn -15.92327 11.01379 -47.18204
vn -11.71553 11.24962 -48.34451
vn -12.61231 21.06765 -44.69992
vn 49.60332 8.11408 -8.64126
vn 48.23873 13.62138 -9.40650
vn 46.94139 9.54741 -17.50295
vn 46.71494 16.87247 -11.57732
vn 48.97575 10.43360 -9.67034
vn 19.35640 -2.49849 -47.11780
vn 16.73026 -12.04921 -46.64670
vn 19.94067 -8.75513 -46.11634
vn 25.27810 -13.36219 -42.23114
vn 27.14371 -4.86155 -42.90203
vn 19.65708 -38.86126 26.54056
vn 23.00152 -35.77964 28.13800
vn 25.06850 -39.69196 19.92782
vn 28.03471 -33.74770 26.00282
vn 25.22673 -36.57014 25.04469
vn 32.54557 33.69166 20.16575
vn 31.24724 35.21814 19.60337
vn 35.68472 32.96385 15.52366
vn 32.50113 33.30231 20.87180
vn 33.71093 31.80923 21.27781
vn -49.63047 -11.48184 2.44608
vn -48.97273 -13.76568 3.63006
vn -47.73408 -17.43856 -4.28414
vn -47.89178 -16.86239 4.79967
vn -48.63419 -14.76436 4.21052
vn 20.34463 -6.49035 46.31384
vn 22.93865 -18.10768 41.79628
vn 12.55868 -15.47397 46.94503
vn 14.62692 -24.72449 42.13968
vn 10.17255 -3.68158 49.83939
vn 20.57269 -6.57463 46.20107
vn 23.13477 -14.58534 43.04707
vn 13.88382 -14.52802 46.87404
vn 19.66203 -20.52153 42.34703
vn 14.79393 -7.01866 48.29987
vn -49.54031 -9.16803 -7.91859
vn -50.63655 -4.16126 -4.42984
vn -50.03722 -9.78360 1.24788
vn -50.99474 -0.13273 -0.71991
vn -49.78585 -7.57109 -8.06519
vn 44.08603 -0.76001 25.62897
vn 44.47088 -6.07554 24.21627
vn 39.53049 -5.82653 31.69213
vn 44.33396 -8.12979 23.86224
vn 43.84866 0.34140 26.04185
vn -25.63843 -44.07061 -1.20500
vn -29.65868 -41.48908 -0.13611
vn -26.03518 -43.19054 7.59912
vn -31.52822 -40.07506 0.98026
vn -25.03164 -44.42321 -0.99737
vn -25.73484 42.50557 11.48886
vn -21.78983 43.98284 13.84605
vn -25.49290 39.37505 20.01791
vn -18.91185 44.58973 15.97179
vn -23.88388 43.40390 12.11037
vn 40.23820 4.06594 31.07016
vn 40.68439 -0.35328 30.75150
vn 34.40904 0.76504 37.63552
vn 40.34649 -0.44379 31.19236
vn 39.62856 5.26281 31.66828
vn 44.36522 -12.79685 21.65565
vn 43.17230 -18.78070 19.60706
vn 38.81796 -17.36910 28.15102
vn 41.89459 -21.11250 20.00264
vn 43.87087 -12.23666 22.94801
vn 47.84647 -11.07399 13.75068
vn 47.14251 -14.81608 12.61219
vn 44.12744 -15.62037 20.24285
vn 46.74797 -16.92298 11.36832
vn 48.10479 -11.27663 12.63988
vn -32.66776 -11.58428 37.41152
vn -29.83600 -4.23692 41.14439
vn -24.52422 -12.91691 42.81023
vn -22.54898 -5.29393 45.43696
vn -25.69866 -14.54508 41.58148
vn 50.07917 -8.31750 4.88835
vn 49.71922 -10.53148 4.25280
vn 48.30891 -11.23015 11.87991
vn 49.76295 -10.91916 2.32807
vn 50.36617 -7.27408 3.36705
vn -19.46697 -47.13391 0.65687
vn -25.27438 -44.19952 2.93397
vn -18.96916 -46.04360 11.00714
vn -24.00397 -44.58048 6.11475
vn -16.28232 -48.21821 3.30003
vn -12.92530 37.29354 32.29749
vn -7.55429 38.03720 33.12255
vn -10.39352 30.72962 39.35307
vn -4.34801 36.71522 35.12957
vn -10.75436 36.41719 34.04601
vn 44.14860 -0.19876 -25.53157
vn 43.58650 -2.34421 -26.37653
vn 46.49792 -4.63423 -20.43201
vn 43.24340 -3.22367 -26.84428
vn 43.94701 -0.42569 -25.87428
vn 14.92516 -21.99229 43.52676
vn 15.98478 -29.83522 38.14899
vn 5.66169 -27.50144 42.57483
vn 8.39100 -35.26141 35.87790
vn 5.63248 -26.87761 42.97521
vn 28.83862 -21.31687 36.26189
vn 28.19768 -26.52137 33.20403
vn 20.57542 -25.73585 38.92708
vn 25.07839 -30.38098 32.38934
vn 26.41493 -23.86345 36.52104
vn -48.12747 -14.93738 -7.84987
vn -49.24104 -12.01918 -5.64441
vn -47.50190 -18.55412 -0.55965
vn -49.48994 -10.76543 -5.98760
vn -47.51295 -15.81065 -9.67171
vn 29.82380 -13.24336 39.19379
vn 30.99680 -16.75426 36.87131
vn 22.92513 -19.11914 41.35089
vn 29.92153 -20.51750 35.84319
vn 28.66386 -16.80917 38.68895
vn -3.14269 -37.16446 -34.78399
vn -7.20377 -35.88707 -35.51371
vn -8.14003 -41.28192 -28.81914
vn -9.33946 -35.62828 -35.27605
vn -4.11081 -37.07048 -34.78333
vn -43.86454 26.00624 0.75993
vn -41.63232 28.94664 5.46268
vn -45.84672 20.53627 8.79429
vn -42.48026 27.62033 5.79178
vn -45.30024 23.42833 0.03515
vn -7.09960 -18.70356 46.91238
vn -2.45056 -29.11908 41.79801
vn -13.87580 -26.19683 41.49925
vn -11.85431 -35.16163 34.98764
vn -20.49827 -22.59476 40.86927
vn 3.68076 -15.56073 48.42846
vn 7.29317 -23.35413 44.74812
vn -3.25042 -22.77349 45.51706
vn 1.60901 -29.98390 41.22348
vn -5.26075 -20.93910 46.20474
vn -42.24521 -14.99699 -24.31937
vn -45.61027 -9.17183 -20.89450
vn -45.68855 -16.72807 -15.28817
vn -47.43048 -7.13082 -17.33496
vn -42.33212 -15.62381 -23.76738
vn -17.33314 -19.58355 43.78409
vn -11.13195 -26.30651 42.24981
vn -20.15257 -26.35082 38.73639
vn -15.33438 -32.63974 36.06250
vn -23.32872 -25.85317 37.26102
vn 16.58911 -37.56663 -30.24151
vn 11.91862 -35.79930 -34.31262
vn 8.30932 -42.04082 -27.65003
vn 6.13904 -36.42871 -35.16051
vn 11.81293 -37.99877 -31.89902
vn -35.99867 22.15384 -28.53598
vn -36.73933 24.54645 -25.46946
vn -40.57906 17.61864 -25.37564
vn -35.61182 24.42078 -27.13712
vn -35.06969 20.27277 -30.98599
vn -30.39114 -4.22880 -40.73690
vn -34.19167 -3.42615 -37.68542
vn -32.23742 -12.45219 -37.50588
vn -30.69802 -5.31090 -40.37854
vn -26.79765 -7.03123 -42.81878
vn 8.22189 10.61162 49.20156
vn 11.33346 -0.20530 49.72434
vn 0.15490 3.71065 50.86459
vn 0.59960 -0.48665 50.99415
vn -2.28059 15.11490 48.65530
vn 16.02452 9.22967 47.52923
vn 18.14050 -0.93723 47.65546
vn 7.59608 2.49327 50.36946
vn 9.83644 -1.21279 50.02773
vn 7.65259 13.51384 48.57792
vn -50.79136 2.83333 -3.63452
vn -49.90651 10.45387 -1.02771
vn -50.34857 4.14242 6.99008
vn -48.63604 14.63035 4.63555
vn -50.63110 6.12216 0.10196
vn -14.23169 9.03027 48.13433
vn -11.86433 2.23985 49.55017
vn -19.82736 2.28755 46.93232
vn -19.69795 1.09696 47.02964
vn -21.44284 9.70425 45.24414
vn -22.27975 -35.21909 -29.39775
vn -24.62508 -34.18350 -28.74183
vn -28.67150 -35.31052 -23.06756
vn -26.50529 -31.74762 -29.84221
vn -24.59420 -31.60203 -31.58223
vn -14.11620 41.00264 -26.84244
vn -12.39261 43.38116 -23.78019
vn -18.92001 41.93316 -22.01461
vn -12.29218 43.74612 -23.15554
vn -15.18986 39.90150 -27.89512
vn 49.32507 -3.15676 12.57266
vn 49.29627 -5.67582 11.77551
vn 46.77651 -8.35120 18.52607
vn 49.28152 -7.81573 10.54731
vn 49.57407 -4.80475 10.96929
vn 46.80551 -8.70419 -18.28882
vn 43.90105 -16.67055 -19.89448
vn 47.68859 -14.06887 -11.35186
vn 43.81454 -21.05417 -15.42750
vn 49.26568 -3.90955 -12.59397
vn 43.84128 -7.98137 -24.80401
vn 41.33570 -15.43293 -25.57701
vn 46.09121 -13.10683 -17.45885
vn 41.61543 -18.81445 -22.69738
vn 46.08998 -4.54835 -21.35475
vn -1.96776 -7.42903 50.41763
vn 2.46669 -2.45328 50.88120
vn 6.42136 -9.51560 49.69124
vn 6.83197 1.13429 50.52759
vn -3.16064 -8.29901 50.22087
vn 31.24210 1.57797 -40.27953
vn 29.70283 -6.36741 -40.96581
vn 37.55355 -4.16935 -34.25415
vn 31.32785 -8.15568 -39.40876
vn 33.77351 3.53237 -38.05091
vn 1.40755 -44.61457 24.66898
vn 1.31604 -40.13036 31.44553
vn 11.03196 -41.26162 27.87066
vn 5.09560 -37.39927 34.29765
vn 4.88962 -44.31003 24.77321
vn 5.79814 43.86013 25.37066
vn 9.13410 45.66463 20.79206
vn 14.51645 41.15564 26.39102
vn 11.66131 46.02006 18.63242
vn 6.11051 43.97993 25.08838
vn 43.33742 -0.04038 -26.88617
vn 43.05119 -2.72317 -27.20623
vn 46.85552 -3.52243 -19.82806
vn 42.40453 -3.82944 -28.07473
vn 42.81634 0.10190 -27.70831
vn 22.19687 -18.20947 -42.15108
vn 20.61031 -22.15450 -41.05354
vn 27.46961 -22.73809 -36.46092
vn 19.09734 -25.01528 -40.13137
vn 20.98544 -19.19353 -42.33461
vn 19.82648 -16.13847 -44.13004
vn 16.48046 -22.70264 -42.59089
vn 25.78535 -22.31847 -37.92099
vn 17.22062 -26.61428 -39.95160
vn 21.16013 -17.95734 -42.78764
vn 22.76991 -13.21040 43.68084
vn 27.62215 -7.48304 42.21399
vn 30.29909 -15.87940 37.82605
vn 31.96412 -9.66523 38.54709
vn 24.80833 -17.65344 40.91335
vn 8.17604 -11.99272 -48.89096
vn 7.99694 -14.28329 -48.30151
vn 14.90492 -15.87225 -46.11848
vn 6.07980 -15.59385 -48.17538
vn 6.02873 -12.16574 -49.15942
vn -11.39249 -44.90787 21.31886
vn -10.80233 -43.06392 25.09597
vn -2.74037 -45.66664 22.53991
vn -11.04053 -42.71745 25.57980
vn -11.73691 -45.51122 19.79832
vn 31.13148 36.11467 18.09864
vn 32.44478 36.17638 15.47917
vn 37.56475 29.95420 17.10659
vn 33.12600 36.57689 12.87628
vn 31.46058 36.79058 16.05256
vn 4.70194 -4.31581 -50.59906
vn 3.48037 -7.41764 -50.33752
vn 11.72704 -9.09791 -48.79247
vn 2.91311 -8.80477 -50.14967
vn 4.21835 -4.79725 -50.59834
vn 39.16929 -23.10758 -23.08258
vn 33.68781 -30.61227 -23.00042
vn 39.56576 -29.17788 -13.57210
vn 32.05052 -36.09047 -16.46942
vn 39.44648 -27.66379 -16.72391
vn 37.35359 -20.41899 -28.08511
vn 32.57575 -27.47766 -28.01424
vn 39.27425 -26.40456 -19.00874
vn 31.66143 -32.93064 -22.67436
vn 38.00581 -25.11633 -22.92875
vn -5.35509 -17.81318 47.48698
vn -2.47692 -12.73855 49.32133
vn 3.92182 -19.08195 47.13277
vn -0.43703 -11.43894 49.69868
vn -4.99548 -19.78718 46.73877
vn 29.90575 -13.99936 -38.86726
vn 28.66915 -17.46534 -38.39325
vn 34.98843 -17.66907 -32.62840
vn 27.62221 -19.44357 -38.20943
vn 29.27928 -14.41171 -39.19217
vn -23.99466 -42.93947 13.47064
vn -24.20104 -40.35822 19.66019
vn -15.37027 -45.06939 18.26212
vn -22.43076 -40.39713 21.58548
vn -22.34895 -43.84670 13.37877
vn 16.62404 30.53678 37.31148
vn 19.10296 32.00641 34.80899
vn 23.69880 25.30172 37.40574
vn 19.97744 32.88204 33.47646
vn 16.14742 30.78390 37.31771
vn 13.39918 -3.54042 -49.08082
vn 12.99556 -5.50363 -49.00842
vn 19.36384 -8.95203 -46.32388
vn 11.44680 -6.68240 -49.24750
vn 11.60806 -4.22525 -49.48131
vn 48.88164 -12.45945 7.50648
vn 44.76151 -24.30722 2.56235
vn 44.00223 -21.53633 14.17707
vn 37.84785 -31.64174 12.93599
vn 45.12183 -11.87096 20.59370
vn 49.68443 -11.44654 -1.19758
vn 47.26911 -18.56801 -4.67547
vn 47.15528 -18.88783 4.54186
vn 44.50732 -24.84877 -1.62376
vn 48.99949 -12.79315 6.03202
vn -22.70646 -13.89448 43.50126
vn -18.71965 -7.06585 46.91106
vn -13.48124 -14.60364 46.96796
vn -13.32210 -3.75305 49.08601
vn -22.36300 -14.70287 43.41338
vn 49.85894 -10.32667 2.90593
vn 47.98687 -17.25616 0.69609
vn 47.28962 -16.16191 10.17269
vn 45.80713 -22.02496 4.19606
vn 49.07709 -11.46942 7.80325
vn -29.43572 -41.53687 -3.03748
vn -33.10716 -38.72589 2.28502
vn -25.76418 -43.61126 5.93837
vn -33.54026 -37.56484 8.05816
vn -30.69604 -40.72213 0.67930
vn -20.63857 28.98674 36.53516
vn -13.76262 32.69592 36.64105
vn -14.33167 24.92341 42.12394
vn -12.11325 32.57965 37.32070
vn -22.95405 25.96073 37.41860
vn 50.91919 -2.71455 0.93108
vn 50.09507 -8.65527 -4.07058
vn 49.18239 -11.90105 6.36056
vn 48.87490 -14.30821 -2.74202
vn 50.43212 -6.81578 3.33857
vn 49.35814 6.77397 -10.90351
vn 48.70493 -3.25669 -14.77239
vn 50.82633 -0.90721 -4.10614
vn 49.82108 -6.29567 -8.90075
vn 49.82217 10.81178 -1.36237
vn 48.44093 6.47329 -14.57987
vn 47.72647 -5.21384 -17.20462
vn 50.63936 -1.12288 -5.94929
vn 49.59700 -7.33518 -9.34517
vn 49.66911 10.56032 -4.73909
vn -7.35267 -0.20892 50.46676
vn -4.81224 4.96353 50.52925
vn 2.03737 0.62547 50.95544
vn -1.56957 9.54886 50.07350
vn -6.41266 3.45160 50.47736
vn 50.82800 -2.56544 3.30651
vn 50.12700 -9.39575 0.05962
vn 49.17667 -9.47215 9.64022
vn 48.83834 -14.05019 4.29046
vn 49.86186 -4.54781 9.70111
vn -26.39855 -42.42813 10.19655
vn -29.57034 -38.84858 14.74390
vn -21.45197 -42.29327 18.76413
vn -29.45024 -36.44273 20.13978
vn -27.36625 -40.51482 14.51334
vn -22.41471 36.41299 27.79701
vn -18.39708 39.57681 26.38603
vn -16.41837 35.40762 32.82890
vn -17.65190 40.37137 25.68195
vn -24.25646 34.82083 28.28664
vn 50.91635 2.60496 1.31851
vn 50.96849 -1.78787 -0.12932
vn 50.20882 -2.13903 8.68903
vn 50.85388 -3.67722 1.16615
vn 50.81184 2.64132 3.48990
vn 42.06622 27.56679 -8.45604
vn 45.62567 19.64508 -11.54855
vn 44.01865 25.75310 -0.36862
vn 37.46799 33.16468 9.86170
vn 38.63869 33.28107 0.64927
vn 41.79502 26.92276 -11.37278
vn 44.59475 19.30341 -15.48182
vn 45.12598 23.19974 -5.13978
vn 40.32109 30.47540 -6.81605
vn 39.51358 32.09798 -3.06530
vn -16.44763 17.53337 44.97839
vn -14.12322 22.90795 43.32159
vn -7.91536 20.01591 46.23538
vn -10.82120 27.84850 41.33233
vn -16.86004 22.03682 42.79155
vn 40.35871 28.80196 -11.94242
vn 42.05272 26.05639 -12.39485
vn 42.44210 28.21267 -1.92693
vn 35.42375 36.52123 3.51527
vn 36.58183 35.25162 -4.48252
vn -18.68644 -6.27622 47.03643
vn -18.17651 -4.99931 47.38799
vn -9.67550 -3.79011 49.93015
vn -16.48308 1.39137 48.24284
vn -15.21784 4.44587 48.47320
vn -31.83585 38.53198 -10.13730
vn -27.57768 40.70588 -13.54630
vn -26.82297 42.81543 -6.95461
vn -24.12341 43.06393 -12.82802
vn -30.59707 39.96519 -8.22203
vn 38.53348 17.92967 28.19038
vn 39.72746 9.32423 30.59065
vn 33.84826 11.67929 36.31651
vn 28.63357 15.07220 39.42013
vn 30.48889 22.23309 34.30913
vn -2.79274 -9.44910 -50.03913
vn -6.29614 -20.32204 -46.35054
vn 4.65982 -17.53466 -47.66363
vn 1.59031 -26.77430 -43.37750
vn 7.10979 -6.02410 -50.14141
vn -4.78959 -6.89233 -50.30462
vn -8.44696 -17.69732 -47.07922
vn 3.17302 -15.58879 -48.45536
vn -2.48746 -24.01221 -44.92466
vn 4.11513 -6.44903 -50.42296
vn 45.46647 -10.71478 20.46932
vn 47.69271 -4.75013 17.43103
vn 48.57834 -10.48861 11.45134
vn 49.26446 -0.48143 13.18261
vn 45.84097 -10.45488 19.75603
vn -23.87051 -4.79818 -44.81267
vn -24.94250 -10.08591 -43.32604
vn -16.63437 -10.47907 -47.05833
vn -24.44088 -13.42542 -42.70130
vn -23.25079 -5.52222 -45.05447
vn 16.26026 -44.74751 18.28287
vn 22.00629 -41.18921 20.49808
vn 23.43028 -43.91784 11.10157
vn 25.82989 -39.46178 19.40577
vn 17.46733 -44.75528 17.11308
vn 35.49228 36.61068 0.97751
vn 31.93117 39.43597 -5.11902
vn 38.62582 32.36057 -7.86378
vn 31.67805 38.93666 -9.02426
vn 36.64180 35.47333 0.14126
vn -21.49271 0.89198 -46.24141
vn -22.77877 -5.25336 -45.32692
vn -12.95127 -4.51217 -49.12133
vn -20.67856 -7.03754 -46.08546
vn -19.25745 0.51259 -47.22168
vn -22.69257 -20.74807 -40.68862
vn -23.85743 -26.88622 -36.17946
vn -15.08214 -28.01399 -39.85906
vn -21.12542 -32.84061 -32.80565
vn -20.37601 -25.57999 -39.13415
vn -22.31078 -22.72042 -39.83731
vn -22.82735 -29.15953 -35.06612
vn -13.78698 -29.20432 -39.47184
vn -19.10824 -34.55185 -32.28072
vn -19.55411 -26.51019 -38.93386
vn 45.45675 -20.41451 10.85961
vn 49.21693 -12.57952 4.52203
vn 45.91654 -22.19098 -0.48100
vn 49.11563 -13.38716 -3.07219
vn 43.18715 -25.99297 7.76108
vn -30.51257 -16.34390 -37.45477
vn -30.34575 -19.38048 -36.11831
vn -23.59927 -21.73931 -39.64185
vn -30.75975 -22.11900 -34.14070
vn -31.52670 -18.50210 -35.56317
vn 3.26894 -37.91164 33.95617
vn 7.86893 -36.43437 34.80828
vn 8.06548 -41.77982 28.11394
vn 9.05842 -35.77604 35.19971
vn 1.93217 -38.06673 33.88496
vn 42.32197 27.21489 -8.31869
vn 40.20084 28.55724 -13.01444
vn 44.58743 20.52744 -13.84142
vn 39.90129 28.48786 -14.04737
vn 43.21933 26.24388 -6.65937
vn -40.50586 -5.30174 -30.53139
vn -41.54250 -8.88848 -28.21728
vn -35.61242 -12.20170 -34.40747
vn -41.51069 -11.48720 -27.31129
vn -40.70662 -6.89293 -29.94092
vn -14.13506 -29.33500 -39.25120
vn -13.75033 -34.02521 -35.41487
vn -5.81469 -33.51939 -37.99525
vn -11.62041 -38.28178 -31.63021
vn -12.92685 -32.23236 -37.34931
vn -19.56323 -25.44954 -39.63079
vn -19.27016 -30.22387 -36.27917
vn -11.29857 -29.99273 -39.67088
vn -17.51288 -34.37962 -33.35177
vn -18.98020 -27.99013 -38.17465
vn 39.81679 -23.33629 21.70347
vn 44.69917 -17.54297 17.18218
vn 41.92644 -26.27854 12.35359
vn 45.90821 -17.70440 13.41604
vn 37.18102 -27.96289 20.89612
vn -24.33680 -19.71259 -40.25089
vn -25.38428 -24.26288 -36.98581
vn -16.78535 -26.04146 -40.51041
vn -24.11167 -28.46321 -34.77747
vn -23.60516 -22.95733 -38.94556
vn -1.53757 -37.15819 34.89848
vn 2.28357 -35.97712 36.07536
vn 4.15479 -40.96646 30.09130
vn 4.00526 -34.88798 36.98359
vn -2.12541 -36.50998 35.54579
vn 46.97397 18.84891 -6.25813
vn 44.32296 21.52841 -13.15302
vn 47.70770 11.55541 -13.83645
vn 44.21854 19.32598 -16.49932
vn 48.16964 15.40787 -6.57892
vn -43.77556 -6.33660 -25.38794
vn -44.63839 -9.02885 -22.95415
vn -39.97582 -13.79013 -28.50905
vn -44.92141 -11.37471 -21.29981
vn -44.38198 -7.87920 -23.85703
vn 39.82021 -9.58211 -30.38970
vn 34.44543 -19.18414 -32.34935
vn 40.50410 -16.73600 -26.08302
vn 39.42989 -23.46583 -22.26292
vn 45.02383 -13.43930 -19.83028
vn 37.78947 -9.09779 -33.01796
vn 32.50640 -20.87146 -33.29739
vn 39.99864 -16.42926 -27.04048
vn 38.84678 -24.61828 -22.04239
vn 44.76725 -12.24671 -21.14027
vn 23.18539 -9.32750 44.45712
vn 25.75482 -5.21509 43.70917
vn 29.99444 -11.18303 39.70230
vn 27.19836 -3.35369 43.01165
vn 23.20717 -8.93505 44.52630
vn 25.65513 -6.92130 -43.53056
vn 22.11714 -15.50186 -43.26112
vn 30.78214 -13.56969 -38.33175
vn 27.89906 -19.80005 -37.82327
vn 32.47986 -9.72425 -38.09851
vn 0.35819 -41.14458 30.13295
vn 2.86599 -39.15425 32.55350
vn 8.94589 -42.26950 27.09722
vn 5.74968 -37.41432 34.17761
vn 2.43256 -39.48066 32.19254
vn 22.67739 32.93667 31.65298
vn 23.54715 36.34401 26.93779
vn 30.33062 30.20880 27.72150
vn 24.35914 35.34532 27.53797
vn 23.71176 30.46191 33.32902
vn 42.42544 -3.60994 -28.07222
vn 38.00958 -9.92117 -32.52449
vn 42.69390 -12.81807 -24.77757
vn 40.07803 -16.34266 -26.97534
vn 45.17199 -8.91738 -21.93106
vn 17.23139 5.44482 -47.69101
vn 13.18161 -6.83011 -48.79134
vn 24.35123 -2.27856 -44.75294
vn 25.20663 -9.97226 -43.19930
vn 28.40065 9.77076 -41.21813
vn 11.22276 5.32225 -49.46436
vn 7.54666 -6.14513 -50.06281
vn 18.80800 -2.68555 -47.32914
vn 16.66403 -9.49135 -47.25700
vn 21.64303 8.96848 -45.30061
vn 41.59337 -1.96929 29.44678
vn 43.01658 3.75529 27.13800
vn 46.21165 -0.47947 21.56973
vn 44.22143 8.79192 23.83626
vn 41.30513 1.33639 29.88478
vn 28.90672 -5.90465 -41.59972
vn 25.18246 -12.50387 -42.54993
vn 32.49871 -12.93345 -37.11549
vn 28.14089 -17.87051 -38.59708
vn 34.42130 -8.67736 -36.61799
vn -9.61742 -40.77488 29.08460
vn -6.63288 -39.39610 31.70097
vn -2.03632 -42.98293 27.37373
vn -4.24092 -37.71070 34.07224
vn -9.34602 -39.17934 31.28308
vn 18.31519 33.07051 34.23294
vn 19.23510 36.69004 29.74644
vn 25.16627 31.71867 31.00942
vn 18.94104 37.66449 28.69881
vn 17.84941 30.56672 36.71612
vn 40.01542 4.79920 -31.25273
vn 39.69706 -1.17838 -31.99616
vn 44.37348 0.33917 -25.13719
vn 43.19615 -1.23354 -27.08450
vn 42.87973 6.84052 -26.74950
vn -33.36822 -13.12073 -36.26856
vn -33.80745 -23.12874 -30.38284
vn -26.02612 -21.55127 -38.19926
vn -26.95606 -30.33286 -30.89155
vn -25.61986 -12.42145 -42.31229
vn -41.15278 -11.76574 -27.73113
vn -40.98570 -18.43848 -24.10798
vn -35.41363 -19.00656 -31.39466
vn -38.43884 -23.96628 -23.43230
vn -39.31235 -12.89900 -29.81870
vn 46.03086 -12.81880 -17.82799
vn 44.84935 -6.11745 -23.49706
vn 40.82062 -14.72449 -26.79303
vn 41.50535 -4.04708 -29.35859
vn 44.59753 -14.16720 -20.28176
vn -49.16735 -10.03488 9.10340
vn -48.18039 -13.31068 10.12302
vn -48.57203 -15.29217 2.81205
vn -47.22558 -15.00540 12.06574
vn -48.92258 -9.41733 10.90390
vn 24.67240 -44.61934 1.17775
vn 28.39172 -42.32253 -1.92709
vn 22.01230 -45.40193 -7.42446
vn 29.24781 -41.61572 -3.70102
vn 23.07047 -45.46577 1.27171
vn 5.23877 32.90399 -38.61194
vn -1.99369 34.11263 -37.85965
vn -0.35629 25.69040 -44.05537
vn -7.34706 31.71701 -39.25623
vn 1.32242 31.29471 -40.24788
vn -47.59199 1.61996 -18.25863
vn -47.98161 -1.23425 -17.24070
vn -44.42104 -3.26413 -24.84183
vn -48.23727 -2.07969 -16.42683
vn -47.76473 1.90220 -17.77391
vn -37.11552 -17.12621 30.49804
vn -33.72065 -21.56052 31.60793
vn -37.64519 -23.24821 25.36454
vn -31.78338 -24.09344 31.78557
vn -37.63212 -16.00931 30.47171
vn -36.83517 -17.83555 30.43127
vn -33.64460 -22.29261 31.17820
vn -38.27006 -23.08730 24.56376
vn -32.29616 -23.70789 31.55779
vn -37.79782 -16.01918 30.26070
vn -14.76417 -14.43874 -46.63198
vn -21.85743 -8.46843 -45.29391
vn -21.56891 -19.32634 -41.97945
vn -30.25044 -12.51649 -39.10559
vn -26.30648 -21.05272 -38.28514
vn -31.45830 -12.03391 38.29569
vn -28.04941 -16.75921 39.15813
vn -34.17778 -18.57537 32.98233
vn -27.88683 -17.92718 38.75488
vn -32.79488 -11.22161 37.41084
vn 23.93442 -43.05701 -13.19986
vn 23.86244 -40.09892 -20.58302
vn 15.16907 -45.08402 -18.39374
vn 18.09215 -43.04421 -20.51510
vn 18.76016 -46.28883 -10.31504
vn -29.37813 31.51982 -27.28417
vn -33.40081 31.13418 -22.71669
vn -35.01881 23.16908 -28.94609
vn -37.98940 27.45213 -20.10439
vn -34.36316 28.78963 -24.31728
vn -24.95726 -0.42058 44.47424
vn -23.02542 -2.78694 45.42095
vn -28.40299 -6.69461 41.82644
vn -22.17581 -3.46347 45.79560
vn -24.74570 -0.13651 44.59407
vn -39.94455 -31.16770 5.83155
vn -35.97348 -35.12094 8.56895
vn -35.25123 -36.84329 -0.96021
vn -32.16033 -38.68166 8.39298
vn -37.57582 -33.96964 5.92632
vn -42.47079 -26.32414 10.21134
vn -38.52333 -30.63007 13.36979
vn -38.67682 -33.05837 3.49957
vn -35.35876 -34.43375 12.84812
vn -40.68670 -29.15118 9.78778
vn 32.03949 -26.12661 -29.86420
vn 28.30286 -20.23292 -37.29042
vn 22.54004 -29.65391 -34.83665
vn 21.44332 -25.07674 -38.88882
vn 26.30443 -32.88448 -28.76957
vn -44.39652 -15.16533 19.99902
vn -42.52616 -17.88890 21.73735
vn -43.68558 -22.08930 14.30498
vn -41.01906 -20.01632 22.75485
vn -43.35319 -16.44826 21.23570
vn 33.25206 -35.10524 16.21489
vn 35.98309 -33.53940 13.46572
vn 31.18099 -39.36034 8.91676
vn 36.33363 -33.10263 13.60449
vn 32.16819 -35.50661 17.47821
vn -2.54169 15.07653 -48.65427
vn -7.73083 15.30419 -48.03140
vn -5.91440 6.27933 -50.26519
vn -10.80951 13.13501 -48.07937
vn -4.23210 13.07224 -49.11421
vn -37.58339 -3.18166 34.32732
vn -36.94594 -4.66304 34.84613
vn -39.34336 -10.00395 30.87104
vn -35.74462 -5.03582 36.02724
vn -36.38490 -3.12385 35.60028
vn -31.18241 -13.96192 -37.86451
vn -31.45945 -19.59167 -35.03525
vn -24.40639 -19.56769 -40.27944
vn -28.36527 -24.22233 -34.78059
vn -27.10174 -16.05871 -40.10751
vn -31.44983 -13.12644 -37.94212
vn -31.50883 -20.91085 -34.21884
vn -23.57441 -19.12955 -40.97935
vn -26.21982 -25.48598 -35.55257
vn -25.71865 -14.75915 -41.49360
vn 48.28033 -10.58358 -12.56969
vn 47.92598 -4.03480 -16.96528
vn 44.22702 -12.09065 -22.33353
vn 46.01582 -2.21763 -21.87752
vn 47.38568 -10.81901 -15.44494
vn -40.86710 -7.48415 -29.57815
vn -41.26804 -14.25191 -26.35967
vn -34.57657 -14.26333 -34.67013
vn -38.70028 -17.88691 -27.98832
vn -38.28598 -8.94599 -32.48309
vn 24.78459 -42.41840 13.68953
vn 28.02112 -40.82323 12.21803
vn 24.65601 -44.34507 5.15706
vn 29.62303 -39.78381 11.86273
vn 24.89203 -42.14620 14.32075
vn 30.98037 34.18921 -21.73280
vn 26.48077 36.29160 -24.13893
vn 29.27178 29.36545 -29.69567
vn 24.92352 36.37089 -25.63154
vn 31.17854 33.75777 -22.12039
vn -33.91873 -0.38508 -38.08373
vn -35.26002 -3.05091 -36.72087
vn -29.03557 -7.08155 -41.32538
vn -35.67485 -4.90468 -36.11438
vn -34.01511 -1.44371 -37.97220
vn -24.68991 -2.16342 -44.57272
vn -25.64505 -12.26358 -42.34307
vn -16.63660 -8.54257 -47.44731
vn -16.70988 -15.17741 -45.73211
vn -16.69100 1.56106 -48.16610
vn -25.15838 -1.43151 -44.33966
vn -26.63189 -11.76271 -41.87339
vn -17.07956 -8.51012 -47.29552
vn -19.13101 -15.27563 -44.73991
vn -16.73363 0.47572 -48.17426
vn 50.30383 -3.78327 -7.49737
vn 49.70684 2.80719 -11.06113
vn 47.70045 -4.16220 -17.55968
vn 48.01110 6.07218 -16.09542
vn 49.91985 -1.71348 -10.29915
vn -0.07881 7.27411 -50.47852
vn -3.08777 -0.57428 -50.90319
vn 5.98353 -0.07581 -50.64772
vn 5.59885 -2.76932 -50.61604
vn 8.55592 7.31247 -49.74257
vn 27.19307 -36.11670 23.60340
vn 29.85322 -34.46901 22.84014
vn 31.31279 -37.01632 15.82089
vn 32.42041 -31.96911 22.97591
vn 29.66357 -33.24147 24.82090
vn 21.97316 41.31193 20.28557
vn 20.21520 43.67414 16.87942
vn 26.54207 40.89471 14.97133
vn 21.19315 43.35852 16.48903
vn 23.79388 39.86641 21.10734
vn 9.72356 4.20317 -49.88773
vn 6.27595 -1.68865 -50.58419
vn 14.99338 -2.94912 -48.65697
vn 11.30114 -4.77941 -49.50193
vn 15.70247 2.70829 -48.44685
vn -28.95219 -7.06110 41.38733
vn -24.38023 -15.71542 41.94794
vn -32.58527 -15.16237 36.18427
vn -25.21599 -21.78193 38.60960
vn -34.85506 -5.07018 36.88384
vn -45.95615 -4.73736 21.60068
vn -43.97702 -12.94914 22.34593
vn -48.03036 -9.82064 14.05839
vn -46.32317 -15.62770 14.52372
vn -48.80651 -1.65197 14.70359
vn -0.68646 -8.01171 -50.36210
vn -4.45479 -0.89410 -50.79720
vn -10.68302 -7.66636 -49.27575
vn -9.61043 2.84049 -50.00571
vn -2.17127 -6.58690 -50.52621
vn -10.33082 -16.02946 47.30042
vn -7.51759 -21.19106 45.77581
vn -16.24387 -22.40875 42.83672
vn -7.22330 -25.32687 43.67349
vn -10.69328 -18.12674 46.45508
vn 15.75328 -40.06615 -27.34113
vn 13.16377 -38.77220 -30.40446
vn 8.39928 -43.27665 -25.64338
vn 12.58786 -37.40289 -32.30431
vn 17.29762 -39.58833 -27.10268
vn -34.61129 30.14974 -22.22727
vn -36.38433 31.45031 -16.97229
vn -40.55153 23.86347 -19.67505
vn -37.09991 31.56123 -15.11571
vn -34.18627 29.61227 -23.56716
vn -18.57721 1.02701 47.48507
vn -18.17864 -1.27049 47.63320
vn -25.73107 -0.93815 44.02308
vn -17.01847 -1.31804 48.05865
vn -17.64705 1.97536 47.80878
vn 45.53524 -20.47746 10.40262
vn 43.95444 -25.26438 5.54237
vn 41.25413 -26.87523 13.29728
vn 43.19966 -26.32881 6.44847
vn 44.94090 -19.25958 14.50462
vn 48.64354 -15.03576 2.95481
vn 47.38460 -18.78411 -1.69015
vn 45.81333 -21.76067 5.34902
vn 46.89281 -20.01136 -1.26893
vn 48.47445 -14.52212 6.35097
vn -15.48652 -13.77542 46.59834
vn -12.16933 -10.28110 48.44797
vn -11.78183 -21.05865 44.93018
vn -3.06032 -15.12311 48.60993
vn -1.75336 -21.35459 46.28074
vn 49.84836 -8.38598 -6.76875
vn 48.55495 -11.35008 -10.70475
vn 48.48143 -15.25777 -4.21319
vn 48.46758 -12.04397 -10.33616
vn 50.18862 -7.99416 -4.26564
vn -19.60164 -46.79651 -5.18283
vn -28.57907 -42.11882 3.20028
vn -19.17210 -46.86666 6.07836
vn -19.21363 -45.15649 13.88264
vn -9.71414 -49.92015 3.82278
vn 6.17138 26.46412 43.15744
vn 10.72250 25.48339 42.85585
vn 6.66529 18.13963 47.19669
vn 15.24919 21.13721 43.83697
vn 12.21033 22.27615 44.22307
vn 47.55757 -0.02799 -18.41945
vn 46.53208 -1.52541 -20.81918
vn 47.94106 -6.46410 -16.15145
vn 46.47902 -1.47912 -20.94069
vn 47.89631 0.54230 -17.51140
vn -39.81791 -30.09167 10.48928
vn -30.94410 -38.66073 12.19879
vn -35.81450 -36.26518 1.77722
vn -26.40221 -43.62901 0.65773
vn -35.17509 -36.51225 -5.52887
vn -40.57524 -24.31938 19.05824
vn -35.96220 -29.09645 21.47362
vn -39.01843 -30.14866 13.02382
vn -33.19351 -34.94387 16.67680
vn -38.62353 -31.16363 11.74952
vn 15.26502 -20.27327 -44.23769
vn 10.47507 -15.68870 -47.38288
vn 6.22829 -23.76342 -44.69349
vn 6.92099 -14.82005 -48.30596
vn 14.66601 -21.20808 -44.00143
vn -26.53260 -19.94604 38.71919
vn -23.10638 -22.54651 39.48100
vn -28.05761 -26.98681 32.94666
vn -20.45133 -26.95171 38.16213
vn -23.93669 -25.19246 37.32792
vn 41.60281 -29.34878 -2.97574
vn 41.13681 -28.91080 -8.53978
vn 35.96426 -35.65245 -6.03937
vn 39.88837 -29.78766 -11.07306
vn 41.08583 -29.96910 -3.84796
vn -16.77291 7.94836 -47.50256
vn -20.33563 10.01331 -45.68583
vn -21.38489 0.96640 -46.28987
vn -18.74503 9.79504 -46.40776
vn -13.94029 6.24030 -48.65929
vn -47.98321 -3.55072 16.91164
vn -45.60997 -6.61411 21.83996
vn -47.25129 -12.98470 14.13199
vn -44.97382 -10.90109 21.43644
vn -48.11980 -7.12723 15.31949
vn -49.19925 -13.25298 -2.18910
vn -45.53888 -22.95482 -0.53496
vn -46.56116 -19.36861 -7.61018
vn -42.97132 -24.83904 -11.72548
vn -47.02683 -14.66445 -13.20720
vn -49.52999 -11.93902 -2.28880
vn -46.61516 -20.64950 1.27451
vn -46.79692 -19.25883 -6.33603
vn -43.96278 -24.33066 -8.73453
vn -47.27028 -14.80566 -12.13725
vn 14.60192 -10.34241 -47.75791
vn 11.58236 -6.00460 -49.30308
vn 5.87135 -13.08427 -48.94210
vn 8.41041 -4.45010 -50.10450
vn 12.86136 -9.32804 -48.46207
vn -49.03367 -8.67044 11.02369
vn -46.50315 -16.16376 13.31122
vn -48.31666 -15.64148 4.67379
vn -46.95705 -19.13705 5.45973
vn -49.87981 -10.15124 3.15537
vn 26.39967 -39.62428 -18.27494
vn 25.66886 -38.89369 -20.72174
vn 18.32730 -42.77296 -20.87064
vn 25.11521 -37.63672 -23.53090
vn 26.40984 -38.07593 -21.30126
vn 2.47288 33.71359 -38.18740
vn 0.48788 35.38098 -36.72803
vn -3.23961 30.38385 -40.83290
vn 1.37055 35.48409 -36.60602
vn 3.93155 32.94722 -38.73013
vn -50.22088 2.00844 -8.65036
vn -50.74235 -0.15949 -5.11742
vn -49.53000 -5.94291 -10.60474
vn -50.40189 -2.22220 -7.46396
vn -49.61751 0.62551 -11.77757
vn -44.42754 0.82091 25.03037
vn -42.50708 -6.45456 27.43150
vn -46.89353 -6.14369 19.08536
vn -45.58397 -8.67384 21.16283
vn -47.66902 1.28110 18.08378
vn -40.53188 0.51740 30.94994
vn -38.76384 -4.94047 32.77127
vn -43.79135 -5.75707 25.49850
vn -41.02509 -6.71042 29.54508
vn -43.30127 1.08074 26.92269
vn -10.06467 0.94546 -49.98808
vn -12.74178 5.01492 -49.12735
vn -18.58464 -1.61480 -47.46581
vn -15.07905 7.11355 -48.19771
vn -11.02978 2.31154 -49.73933
vn -32.75194 3.09860 38.97060
vn -30.99109 -4.91485 40.20443
vn -38.89266 -3.75442 32.77597
vn -35.19714 -5.91872 36.42979
vn -37.22972 4.12695 34.61091
vn 1.89519 -40.02374 -31.55167
vn 0.27507 -39.21006 -32.61126
vn -6.93795 -40.63404 -30.02897
vn 0.10169 -37.66839 -34.38141
vn 2.05987 -38.41501 -33.48198
vn -11.29437 39.95399 -29.61612
vn -13.13582 42.18082 -25.47996
vn -19.75536 37.18956 -28.76911
vn -14.39773 42.21867 -24.72426
vn -11.90435 39.43366 -30.07112
vn -50.36378 7.78043 1.98852
vn -50.74393 0.51721 5.07797
vn -50.87325 -0.64916 -3.53422
vn -50.88259 -1.22517 -3.23426
vn -50.16251 7.00615 -5.96958
vn 45.32211 -15.90167 -17.14768
vn 39.85076 -23.96992 -20.93704
vn 42.91877 -24.92048 -11.74516
vn 35.56688 -31.48514 -18.56564
vn 47.20650 -15.64490 -11.30412
vn 49.62718 -11.64595 -1.58576
vn 46.28092 -20.80551 -5.11922
vn 46.94808 -19.17553 5.40145
vn 43.27164 -26.96037 -1.30489
vn 49.74263 -9.94247 5.27428
vn -24.39682 -10.22309 43.60371
vn -19.39955 -5.02712 46.89761
vn -16.02441 -12.85177 46.68029
vn -13.19703 -2.27856 49.21022
vn -24.61658 -11.01362 43.28653
vn 39.97062 -13.28676 -28.75432
vn 36.44670 -19.41002 -29.93140
vn 41.49727 -20.11389 -21.78090
vn 34.94999 -23.68866 -28.60674
vn 40.37619 -14.19283 -27.73673
vn -29.62755 -40.83190 7.48090
vn -30.59073 -38.63988 13.12124
vn -23.16093 -43.30949 13.74261
vn -30.30191 -37.38831 16.87920
vn -29.62097 -40.81699 7.58757
vn 10.79747 30.57498 39.36476
vn 15.67419 31.73065 36.72172
vn 17.65317 24.61384 41.03077
vn 19.35111 31.86133 34.80502
vn 11.54243 31.20971 38.64874
vn 44.12474 -0.18877 -25.57286
vn 43.94562 -1.97606 -25.80460
vn 47.07584 -3.92410 -19.22152
vn 42.75718 -2.31396 -27.70323
vn 43.07679 0.80649 -27.28991
vn -17.37220 -19.54031 -43.78793
vn -19.82464 -22.11766 -41.45832
vn -13.53663 -25.01699 -42.33095
vn -21.07251 -22.09612 -40.84985
vn -16.24379 -17.50770 -45.06239
vn -18.68640 -17.47827 -44.11721
vn -21.96716 -21.83041 -40.52007
vn -13.91542 -24.31979 -42.61348
vn -21.36054 -22.59956 -40.42260
vn -15.80521 -16.50193 -45.59475
vn 48.34175 -13.95613 -8.32476
vn 48.31991 -9.67845 -13.13443
vn 45.07024 -20.75862 -11.77933
vn 43.96443 -14.42069 -21.45162
vn 41.85540 -21.00305 -20.19893
vn -29.71197 -10.40627 -40.12366
vn -32.56719 -14.60562 -36.42875
vn -25.54663 -17.98789 -40.30887
vn -31.31100 -15.35711 -37.21264
vn -26.95993 -10.10967 -42.09462
vn 6.72585 -45.23064 22.58211
vn 13.32647 -41.93792 25.78013
vn 14.19977 -45.59978 17.88927
vn 17.02018 -44.35507 18.54562
vn 8.56504 -48.04943 14.79500
vn 33.60695 25.60294 -28.56681
vn 31.69807 24.38950 -31.64466
vn 36.98514 17.33795 -30.53677
vn 30.06644 21.08249 -35.39119
vn 31.23784 22.56436 -33.40728
vn -38.18065 0.51674 -33.80784
vn -40.13963 -1.37488 -31.43120
vn -36.46614 -6.38421 -35.07793
vn -40.40443 -2.11226 -31.04868
vn -37.74622 0.48390 -34.29269
vn 41.83325 -28.93720 -3.69011
vn 35.58581 -35.74286 -7.55628
vn 35.47834 -36.54747 2.56310
vn 28.10384 -42.35762 -4.12376
vn 35.65473 -36.44276 1.29054
vn 43.57548 -24.65882 -9.70155
vn 40.03335 -29.27711 -11.88198
vn 39.99097 -31.44922 -3.55919
vn 35.73804 -34.50006 -11.55586
vn 40.04683 -30.37892 -8.62390
vn -32.74385 -19.58338 33.84275
vn -29.70553 -15.80958 38.32281
vn -25.27816 -22.80262 37.97440
vn -26.61923 -13.45301 41.36946
vn -33.30706 -20.06708 32.99926
vn 40.68716 -21.36143 -22.11887
vn 36.23128 -25.33997 -25.42006
vn 37.94739 -29.75683 -16.59897
vn 32.28711 -30.50411 -25.06075
vn 37.74208 -26.06399 -22.29805
vn -39.59660 -27.13649 -17.22555
vn -41.25380 -26.72992 -13.58804
vn -37.17304 -32.75587 -12.09204
vn -42.55272 -25.64549 -11.51409
vn -40.23146 -25.82550 -17.76155
vn -2.01974 5.22777 50.69113
vn 6.08292 7.00650 50.14885
vn 3.97968 -3.28351 50.73835
vn 8.94665 3.95451 50.05316
vn -3.58217 0.99120 50.86438
vn 45.89552 -1.16516 -22.20907
vn 44.32190 -3.87063 -24.93165
vn 46.54620 -9.48026 -18.56276
vn 43.16644 -5.80368 -26.53254
vn 45.27951 -1.81583 -23.39804
vn 40.33851 -21.16156 22.93452
vn 37.62553 -30.30376 16.34018
vn 33.30257 -27.99389 26.61355
vn 28.73834 -35.68491 22.39854
vn 30.94843 -25.34066 31.63929
vn 45.24168 -17.76035 15.45185
vn 44.18260 -22.91020 11.13645
vn 40.62819 -23.97857 19.37466
vn 40.53401 -27.82105 13.56404
vn 41.55901 -21.64067 20.13775
vn -39.79932 -15.40041 27.92564
vn -37.71937 -9.80210 32.89631
vn -32.44027 -18.57460 34.69312
vn -34.66385 -9.10229 36.28450
vn -38.23429 -16.11630 29.65474
vn 49.02845 -11.69595 7.77273
vn 47.24137 -19.00468 2.84169
vn 44.88371 -20.00831 13.64256
vn 44.35065 -24.12351 7.21632
vn 46.85337 -14.90715 13.54761
vn -29.75452 -41.11606 -5.01376
vn -32.79025 -39.05359 -0.78497
vn -25.51777 -44.02734 3.38172
vn -33.30244 -38.50420 3.06149
vn -30.28600 -40.95524 -2.53499
vn -20.55241 30.45254 35.37289
vn -16.67605 32.30485 35.76738
vn -16.79836 25.48270 40.85886
vn -16.78227 32.54241 35.50136
vn -22.13832 29.62202 35.12022
vn 36.47956 -2.32745 35.56437
vn 39.37649 -5.81095 31.88612
vn 33.57242 -10.91514 36.80696
vn 37.43146 -9.23088 33.38676
vn 33.67334 -4.76705 38.00502
vn 48.65076 2.15578 15.14781
vn 49.32036 -5.18104 11.90204
vn 46.15769 -5.11584 21.07833
vn 46.96815 -6.88609 18.64333
vn 45.74050 3.05002 22.34957
vn 49.57261 2.90354 11.62432
vn 49.82669 -6.35514 8.82685
vn 47.03411 -4.75641 19.13553
vn 47.33234 -7.68310 17.36718
vn 46.66029 4.15716 20.16271
vn -27.26674 2.19168 43.04325
vn -25.27822 3.72150 44.13799
vn -19.99325 -1.02108 46.90657
vn -24.13315 6.41522 44.46836
vn -26.88035 5.28410 43.01773
vn 50.89279 2.76930 -1.80406
vn 50.67620 -4.10629 -4.00766
vn 50.46894 -3.94054 6.19343
vn 50.75644 -4.94579 0.56816
vn 50.73038 4.04734 3.32368
vn -20.84686 -40.37426 23.15874
vn -22.36837 -37.47062 26.39334
vn -13.56074 -39.46261 29.32249
vn -21.82750 -35.04918 29.93518
vn -20.53058 -38.44806 26.48097
vn -14.38465 40.73632 27.10413
vn -10.16143 42.89556 25.64597
vn -8.12929 38.32347 32.65311
vn -8.28804 43.14531 25.89962
vn -13.96718 40.53963 27.61261
vn 39.93180 9.92038 30.13365
vn 41.68182 5.56673 28.85544
vn 36.96533 3.53213 34.95837
vn 38.46377 5.92378 32.96129
vn 36.59106 11.03576 33.76841
vn -31.65657 -14.46155 -37.27901
vn -31.74993 -22.44740 -33.00084
vn -24.72598 -20.65141 -39.53662
vn -27.79270 -27.87781 -32.42519
vn -28.18728 -11.25083 -40.98653
vn -34.83023 -12.59668 -35.05964
vn -35.35356 -19.59738 -31.09772
vn -28.32191 -19.96193 -37.42179
vn -32.83603 -25.15894 -29.82989
vn -32.36420 -13.46625 -37.04347
vn 47.97425 -14.93542 -8.74094
vn 48.08613 -6.85577 -15.54740
vn 44.28017 -16.23212 -19.41094
vn 44.84710 -5.15284 -23.73153
vn 45.97619 -17.90673 -12.90500
vn -43.83145 -10.62723 -23.80895
vn -43.45567 -16.29310 -21.14567
vn -38.45370 -16.48038 -29.16692
vn -42.30361 -19.44218 -20.81838
vn -43.42733 -10.81530 -24.45599
vn 18.54889 -42.92902 20.34790
vn 25.18469 -40.08245 18.97703
vn 21.57171 -44.90879 10.90237
vn 27.62892 -39.62574 16.35368
vn 18.02278 -43.85729 18.78077
vn 33.39355 29.24611 -25.11047
vn 28.50755 30.99261 -28.77111
vn 31.83316 23.07304 -32.48514
vn 25.94943 30.59343 -31.49078
vn 33.27077 28.76625 -25.81777
vn -29.71799 1.70350 -41.41182
vn -31.58824 -5.04488 -39.72067
vn -22.40109 -5.04296 -45.53854
vn -29.41971 -7.71816 -40.93788
vn -27.16769 0.87577 -43.15263
vn -32.87290 -25.26481 29.69951
vn -27.45381 -30.05330 30.72599
vn -32.30137 -31.45519 23.83678
vn -26.08391 -32.09034 29.84693
vn -35.28888 -24.02311 27.90314
vn -30.73312 -20.80245 34.98190
vn -25.31227 -25.58145 36.13693
vn -30.98604 -27.60401 29.64597
vn -24.55058 -27.48088 35.25719
vn -33.24326 -20.03930 33.08039
vn -20.24442 -18.92565 -42.81335
vn -26.83467 -15.00938 -40.68929
vn -23.69164 -25.37520 -37.36047
vn -32.96939 -20.37116 -33.15169
vn -29.64196 -27.45980 -31.11773
vn -22.62444 -11.78330 44.16206
vn -19.56941 -14.03351 44.95662
vn -23.71938 -18.25082 41.29526
vn -18.02899 -14.50298 45.44908
vn -23.13066 -10.63236 44.19191
vn 27.64959 -41.13640 -12.01231
vn 28.02422 -37.40310 -20.41202
vn 19.70196 -43.31355 -18.35125
vn 21.14095 -40.74113 -22.23105
vn 20.46667 -45.55767 -10.32535
vn -38.23995 23.55286 -24.16544
vn -41.73211 22.31950 -19.00713
vn -42.06072 14.13298 -25.14268
vn -45.33777 17.17814 -15.82396
vn -42.68387 19.28090 -20.18250
vn -27.98373 -1.88200 42.59540
vn -26.60061 -3.31266 43.38701
vn -30.70123 -7.55792 40.01639
vn -25.24264 -2.81712 44.22525
vn -27.55243 -0.41985 42.91488
vn -14.09594 -38.45495 -30.38947
vn -16.71128 -41.37404 -24.69658
vn -6.40347 -42.01710 -28.18792
vn -11.02762 -45.87248 -19.36766
vn -6.39410 -44.54498 -23.99706
vn -17.58751 -34.82434 -32.84728
vn -20.21729 -37.72872 -27.72732
vn -10.22049 -39.19598 -30.98735
vn -15.72659 -42.61606 -23.18502
vn -11.69224 -41.07033 -27.88403
vn 35.18158 -22.54650 29.23886
vn 37.84091 -20.48332 27.37699
vn 36.14122 -27.60877 23.07742
vn 37.54490 -19.68925 28.34983
vn 33.44854 -23.15248 30.75967
vn -25.71137 -23.74480 -37.09594
vn -28.45562 -26.97970 -32.60940
vn -19.08753 -30.52620 -36.12226
vn -26.07046 -32.16618 -29.77695
vn -22.88991 -29.42345 -34.80392
vn -6.16230 -31.33487 39.76369
vn -1.05374 -30.55691 40.81867
vn -1.39550 -37.39681 34.64867
vn 1.34272 -31.35105 40.20334
vn -5.06457 -32.07961 39.32236
vn 50.38930 6.84115 -3.88796
vn 49.34452 9.19253 -9.03409
vn 49.91846 -0.65155 -10.42701
vn 49.81797 6.96340 -8.40724
vn 50.82830 3.65074 -2.03859
vn -24.59911 -3.24427 -44.55736
vn -25.26056 -4.75117 -44.04918
vn -20.30478 -10.78112 -45.52453
vn -26.70475 -5.44729 -43.10665
vn -26.01866 -3.78996 -43.69971
vn 17.40545 -15.36860 -45.40766
vn 12.29724 -26.51825 -41.79186
vn 22.55441 -22.47568 -39.83895
vn 22.48917 -30.84726 -33.81839
vn 29.68496 -18.48456 -37.12309
vn 10.89861 -13.69136 -47.90372
vn 6.78485 -24.25657 -44.34619
vn 17.18392 -21.13307 -43.11735
vn 16.64161 -29.15010 -38.39698
vn 22.43177 -16.74916 -42.62957
vn 40.33339 -9.90238 29.59999
vn 42.24494 -7.32239 27.61789
vn 43.88485 -12.63117 22.70622
vn 43.27713 -4.57257 26.59288
vn 40.24020 -7.87628 30.32638
vn -5.05307 -7.03732 -50.25875
vn -8.30593 -12.76054 -48.67422
vn 1.22585 -13.93204 -49.04483
vn -5.08091 -16.94035 -47.83522
vn -0.25266 -9.45472 -50.11531
vn 8.43869 -41.68673 28.14258
vn 12.90681 -39.43272 29.65593
vn 15.10737 -43.69473 21.52992
vn 16.99784 -38.17924 29.23044
vn 11.58452 -40.73452 28.41650
vn 38.55510 31.06759 12.21920
vn 37.32542 34.02053 7.10039
vn 42.96209 26.95029 5.37963
vn 37.85234 33.55042 6.52446
vn 39.66285 29.15630 13.33298
vn 14.24873 -0.95189 -48.95985
vn 10.11000 -5.68066 -49.66405
vn 18.24185 -9.34827 -46.69951
vn 12.66987 -9.40833 -48.49698
vn 17.92079 -3.27979 -47.63494
vn -5.45725 3.15655 -50.60883
vn -8.39935 -4.42010 -50.10901
vn 1.19237 -3.49677 -50.86600
vn -1.87033 -6.89945 -50.49653
vn 2.46698 4.30912 -50.75771
vn -7.74649 2.78219 -50.33141
vn -9.29799 -6.44166 -49.72979
vn 0.59997 -3.95505 -50.84286
vn -0.42277 -8.16486 -50.34040
vn 0.69440 4.50677 -50.79573
vn 50.52013 1.06182 6.89841
vn 50.28886 7.55031 3.87601
vn 50.87736 0.41611 -3.51003
vn 49.95375 10.21766 -1.10559
vn 50.78294 3.04110 3.58394
vn -25.35589 2.39773 -44.18517
vn -26.66111 -1.64478 -43.44513
vn -18.89237 -2.44159 -47.30874
vn -26.22319 -2.67792 -43.65973
vn -24.04292 3.55680 -44.83622
vn 29.07430 -40.79534 9.56164
vn 33.44918 -37.04174 10.49096
vn 33.10293 -38.79336 0.51986
vn 37.04039 -34.09927 8.13934
vn 32.43301 -38.62071 7.58554
vn 29.71162 41.31561 3.35265
vn 26.95741 43.29175 0.34942
vn 32.41956 39.12362 -4.39485
vn 26.05124 43.83500 -0.90817
vn 29.77374 41.26041 3.47880
vn 6.88724 3.53227 -50.40921
vn 5.47561 -1.19418 -50.69114
vn 13.54869 -1.89948 -49.13069
vn 9.62147 -1.88540 -50.04870
vn 10.94369 4.20083 -49.63455
vn -45.14845 -20.73673 11.51544
vn -38.01653 -30.12765 15.75017
vn -40.72967 -30.26916 5.08647
vn -31.96716 -38.49429 9.86357
vn -45.58255 -22.73988 2.47566
vn -43.73355 -21.46238 15.09114
vn -37.74204 -29.59317 17.34308
vn -41.02649 -29.34999 7.51028
vn -33.43771 -36.42616 12.49216
vn -44.11483 -23.62772 9.82914
vn 15.30723 -17.24139 -45.49091
vn 7.81527 -11.06176 -49.16867
vn 4.47381 -20.70408 -46.39316
vn -1.00440 -10.90206 -49.81100
vn 12.04279 -19.55580 -45.53615
vn -34.49686 -14.79618 34.52592
vn -29.75632 -20.31916 36.09283
vn -35.55257 -23.03802 28.39479
vn -28.19516 -24.57970 34.66801
vn -34.98420 -16.35247 33.31219
vn 31.16708 -39.23154 -9.51309
vn 31.13676 -36.77718 -16.70152
vn 23.24083 -42.80399 -15.12220
vn 28.77975 -36.84961 -20.36743
vn 29.50896 -40.43904 -9.74191
vn -23.03365 21.31583 -40.20057
vn -27.81201 21.98173 -36.66464
vn -28.35296 13.50436 -40.18384
vn -30.79755 21.20586 -34.68172
vn -23.61497 20.97536 -40.04207
vn -31.23815 -0.76140 40.30630
vn -30.64697 -2.31237 40.69909
vn -35.02675 -6.61196 36.47475
vn -28.85572 -1.91587 42.00805
vn -29.88370 0.73645 41.32095
vn 37.42212 -16.38981 30.52799
vn 39.50331 -18.78905 26.21945
vn 34.10461 -22.66651 30.39909
vn 39.03858 -17.42641 27.80843
vn 34.78494 -15.04173 34.12849
vn 42.84259 -12.85839 24.49845
vn 44.05043 -15.45043 20.53881
vn 39.35952 -19.12936 26.18960
vn 42.65606 -13.27950 24.59908
vn 40.47170 -11.52124 28.81497
vn -33.75807 -10.30791 36.81221
vn -31.23692 -9.03194 39.28968
vn -30.00083 -19.06582 36.57109
vn -24.58985 -12.64533 42.85364
vn -24.09453 -15.27075 42.27597
vn 45.57460 -8.95314 21.06647
vn 46.81163 -11.75509 16.47689
vn 42.76250 -16.65260 22.24992
vn 45.95176 -10.81949 19.29699
vn 43.59299 -8.40564 25.09973
vn -25.07516 -43.33136 -9.72776
vn -30.23607 -40.82744 -4.46092
vn -23.64972 -45.07372 -3.17019
vn -27.12289 -43.07759 3.10959
vn -21.25079 -46.32987 -1.71657
vn -13.80950 30.20164 38.70605
vn -11.03110 28.89781 40.54912
vn -16.00250 23.65959 42.25096
vn -8.81679 26.75779 42.51217
vn -11.29612 28.71559 40.60556
vn 50.93087 2.18494 -1.50737
vn 50.77008 1.24667 -4.67384
vn 50.75769 -4.95076 -0.38238
vn 50.84386 1.85333 -3.53075
vn 50.92701 2.64380 0.67033
vn -39.89489 -24.52526 -20.19677
vn -36.15218 -33.64072 -12.74054
vn -31.88772 -32.83340 -22.49757
vn -25.50629 -41.55212 -14.96162
vn -31.53691 -27.85967 -28.81426
vn -40.51027 -21.85439 -21.96140
vn -38.68544 -30.88964 -12.25832
vn -32.64860 -31.94205 -22.68863
vn -28.68629 -40.05852 -13.16856
vn -29.01487 -29.54975 -29.76490
vn 43.49667 -19.91915 -17.67107
vn 41.62051 -15.35807 -25.15675
vn 37.34997 -24.08279 -25.01996
vn 37.58410 -14.79346 -31.13822
vn 42.57963 -20.01353 -19.68333
vn -46.38494 -21.16204 1.26689
vn -43.55960 -25.36312 7.76362
vn -41.02749 -30.27292 -1.13814
vn -39.18842 -31.36702 9.02092
vn -43.53656 -26.53614 1.18384
vn 28.81366 -29.64897 29.86153
vn 32.96868 -29.44328 25.43931
vn 27.45750 -36.05408 23.39206
vn 34.86055 -29.94019 22.12072
vn 29.44823 -29.57995 29.30577
vn 23.59594 6.39302 -44.75891
vn 15.65771 8.14376 -47.84887
vn 17.97412 -1.97797 -47.68667
vn 12.86703 5.93394 -48.99212
vn 25.44596 3.23637 -44.07980
vn -49.65420 0.26397 -11.63571
vn -50.22530 -1.89596 -8.65008
vn -48.25782 -7.78737 -14.54436
vn -50.45374 -2.44766 -7.03059
vn -49.67014 0.99482 -11.52765
vn -43.04598 -22.59683 -15.40864
vn -38.56097 -32.20550 -8.76682
vn -35.52893 -30.61534 -20.03485
vn -29.72985 -38.28791 -15.84837
vn -35.52290 -26.22896 -25.51793
vn -46.95411 -18.85760 -6.37982
vn -44.46409 -24.76222 -3.28271
vn -42.94283 -24.52882 -12.45995
vn -41.62999 -28.68123 -6.73276
vn -45.60132 -19.71954 -11.51775
vn 34.78199 -16.53549 -33.43337
vn 31.78982 -12.42315 -37.89555
vn 27.13446 -20.82788 -37.82750
vn 28.65832 -11.38423 -40.62142
vn 33.78163 -16.63495 -34.39592
vn -49.56925 -11.51018 3.37713
vn -48.09827 -15.88335 5.93924
vn -47.68124 -17.85988 -2.91946
vn -47.41948 -18.14814 4.79973
vn -49.67328 -11.49928 1.15413
vn 33.17564 -38.09776 6.99546
vn 34.24764 -37.59154 3.86976
vn 28.27859 -42.41285 1.57185
vn 35.65084 -36.40630 2.14430
vn 34.38001 -37.00024 7.07080
vn 14.28730 27.70701 -40.36328
vn 10.86355 29.07980 -40.46416
vn 9.77895 22.58546 -44.66843
vn 9.63789 30.28611 -39.88562
vn 15.09374 28.35056 -39.61597
vn -45.01482 1.73642 -23.90920
vn -46.24004 -0.05385 -21.51408
vn -43.09503 -6.03344 -26.59728
vn -46.45726 -0.62572 -21.03167
vn -44.59611 1.99181 -24.66209
vn -48.61524 -10.24022 -11.51938
vn -46.16152 -19.83810 -8.75006
vn -44.49326 -16.51361 -18.67216
vn -41.44214 -24.63312 -16.63604
vn -46.13563 -7.79330 -20.29206
vn -49.33788 -7.61277 -10.43162
vn -47.15387 -18.59558 -5.63180
vn -45.00885 -16.76038 -17.15497
vn -42.39476 -24.95995 -13.44191
vn -45.98370 -7.95839 -20.57092
vn 31.24724 -5.39325 -39.94399
vn 28.31446 -2.79474 -42.32589
vn 24.90572 -9.56850 -43.46434
vn 26.12881 0.11085 -43.79809
vn 31.82006 -3.36185 -39.71375
vn -50.49457 -6.18679 3.60854
vn -49.67078 -10.37060 5.12484
vn -49.74633 -10.67280 -3.52041
vn -49.49834 -11.43552 4.48809
vn -50.76953 -4.32718 2.17482
vn 25.27610 -43.36721 -9.02239
vn 28.56494 -39.79691 -14.18624
vn 19.46117 -43.65675 -17.78625
vn 27.73047 -37.86903 -19.94887
vn 24.58714 -42.46855 -13.88866
vn 13.56167 37.71673 -31.53615
vn 9.91922 39.16705 -31.12154
vn 8.42820 34.37561 -36.71896
vn 7.79734 40.22102 -30.37220
vn 13.53211 38.48716 -30.60424
vn -43.31285 7.29916 -25.91752
vn -45.15259 2.77793 -23.54838
vn -40.48169 0.27382 -31.01867
vn -43.89375 2.04959 -25.88702
vn -41.09703 8.31436 -29.03283
vn 10.23609 -20.21081 45.69185
vn 14.53949 -29.47466 38.99804
vn 4.03424 -28.94523 41.79591
vn 9.84849 -37.41864 33.22427
vn 0.81937 -19.71001 47.03024
vn 19.44969 -19.05083 43.12510
vn 20.94388 -25.82780 38.66883
vn 12.71696 -25.54513 42.26967
vn 18.91748 -31.60710 35.27208
vn 17.34665 -17.62916 44.60163
vn -45.29340 -18.07058 -14.93191
vn -49.23183 -11.29581 -7.04498
vn -46.41369 -20.83190 -3.57775
vn -49.73520 -10.77546 3.36144
vn -45.44679 -21.19611 -9.29051
vn 25.89458 -13.28796 41.87959
vn 28.29687 -20.04348 37.39714
vn 19.20901 -21.55537 42.04021
vn 26.34914 -25.04598 35.76900
vn 23.73817 -14.59736 42.71318
vn -6.55240 -38.93924 -32.27694
vn -11.39503 -37.62770 -32.48553
vn -10.64541 -42.63035 -25.89069
vn -14.06315 -36.38882 -32.84936
vn -5.17542 -38.66524 -32.85139
vn -40.88480 28.27762 11.39335
vn -38.75179 28.79477 16.43653
vn -43.14361 21.60007 16.52469
vn -37.21885 28.95274 19.42925
vn -40.66496 28.85151 10.72150
vn 34.47447 -3.55330 37.41503
vn 36.19634 -6.87350 35.26443
vn 29.70100 -10.91438 39.99657
vn 36.62670 -8.36466 34.48936
vn 34.54998 -3.73277 37.32780
vn 44.19900 -17.93933 -18.04517
vn 41.05666 -22.03468 -20.73217
vn 43.43502 -23.25553 -13.17494
vn 40.98169 -21.69844 -21.22919
vn 46.22589 -15.23426 -15.23429
vn 44.40283 -14.84729 -20.22241
vn 40.13965 -20.39133 -23.95833
vn 43.15191 -22.40619 -15.39075
vn 40.26603 -21.36011 -22.87777
vn 46.50076 -13.51488 -16.00085
vn 7.28413 -8.95397 49.67663
vn 9.47382 -8.76798 49.33933
vn 9.72888 -17.06293 47.06596
vn 15.39974 -10.87520 47.38753
vn 17.78328 -12.96406 46.00747
vn 38.99124 -8.69894 -31.70191
vn 36.75618 -10.99140 -33.60315
vn 40.42274 -13.90998 -27.81212
vn 36.80560 -9.42920 -34.02114
vn 40.41539 -6.36030 -30.44902
vn -22.98182 -44.61412 9.07830
vn -25.76331 -40.98922 16.03543
vn -17.42713 -45.17360 16.02002
vn -19.11902 -42.49303 20.73173
vn -14.76041 -47.39097 11.71435
vn 22.88889 31.63803 32.80447
vn 26.17649 30.08828 31.78814
vn 24.99331 24.67091 36.98216
vn 29.29804 28.47380 30.52650
vn 25.85939 31.15230 31.01331
vn 34.64914 -0.72650 -37.41535
vn 30.88674 -4.10135 -40.37559
vn 35.84303 -9.20245 -35.09404
vn 31.29348 -5.65897 -39.87096
vn 36.13390 -1.40936 -35.96324
vn -8.90770 -20.67605 -45.76192
vn -15.26509 -20.16637 -44.28650
vn -8.54805 -27.89819 -41.82847
vn -2.35434 -21.62649 -46.12756
vn -1.15133 -23.07061 -45.46890
vn -11.56103 -19.18712 -45.81699
vn -17.25163 -20.33034 -43.47479
vn -9.49543 -27.86433 -41.64631
vn -1.63599 -23.55292 -45.20601
vn -2.23836 -21.66851 -46.11361
vn 49.43631 -12.52816 -0.30865
vn 49.32764 -12.65922 -2.74364
vn 46.62770 -20.54170 -2.21255
vn 48.27838 -14.39309 -7.93957
vn 48.27221 -14.49665 -7.78718
vn -25.44042 -10.80623 -42.86036
vn -28.75394 -10.22996 -40.86023
vn -23.99594 -18.81356 -40.88086
vn -20.93457 -11.11067 -45.15857
vn -20.16418 -11.91078 -45.30495
vn 22.06104 -38.31841 25.41672
vn 26.35009 -37.09426 23.03666
vn 19.18787 -43.33454 18.83991
vn 28.29018 -39.42237 15.70166
vn 24.98776 -41.62050 15.63157
vn 40.72763 16.50189 -25.88334
vn 38.15363 16.66070 -29.45710
vn 40.91953 10.06930 -28.72631
vn 37.07361 14.43327 -31.90968
vn 40.18257 14.53978 -27.83802
vn -34.14387 6.04126 -37.39918
vn -37.41216 5.18498 -34.27018
vn -33.93368 -2.83038 -37.96702
vn -33.25579 5.69993 -38.24347
vn -30.11429 5.34994 -40.81062
vn -24.31302 -23.24580 38.33418
vn -15.73452 -31.70659 36.71670
vn -25.49109 -31.68983 30.77269
vn -19.22798 -38.81280 26.92305
vn -31.14410 -29.32252 27.77111
vn -18.63052 -19.15515 43.43942
vn -12.90427 -24.23748 42.97701
vn -20.89734 -26.50326 38.23451
vn -14.14731 -30.04637 38.70489
vn -22.93960 -24.05108 38.68229
vn -21.67258 -14.38440 -43.86785
vn -25.29527 -12.24406 -42.55857
vn -26.12999 -19.46965 -39.23207
vn -27.00218 -10.27683 -42.02700
vn -20.82298 -13.51006 -44.55201
vn -13.24909 -13.83334 47.26627
vn -7.45948 -20.08311 46.28201
vn -17.38113 -22.26050 42.46606
vn -10.12600 -25.39481 43.05307
vn -18.16208 -17.44311 44.34948
vn 15.67597 -37.22128 -31.14225
vn 13.18102 -37.27747 -32.21258
vn 8.95047 -41.73184 -27.91669
vn 11.60605 -36.00203 -34.20750
vn 15.01656 -35.52456 -33.36927
vn -38.23050 22.93196 -24.77002
vn -40.04594 25.45382 -18.69290
vn -43.87777 16.56802 -20.03101
vn -41.06477 24.41759 -17.84560
vn -38.61549 20.73286 -26.07665
vn -38.07268 3.53965 33.74821
vn -35.45283 1.56023 36.62870
vn -39.23539 -5.16265 32.17033
vn -35.50614 0.12580 36.61007
vn -39.23103 2.88969 32.45883
vn -48.02613 10.59107 13.50260
vn -46.25259 0.44080 21.48261
vn -50.13300 2.30920 9.07468
vn -50.82679 -4.07098 -1.03159
vn -49.84188 10.80663 -0.05718
vn -46.59006 11.02043 17.57601
vn -45.32384 -3.48211 23.12193
vn -49.91029 2.10709 10.27243
vn -50.69746 -5.52816 0.45376
vn -49.30529 12.93760 1.61442
vn -3.22945 3.98588 -50.74133
vn -6.92344 9.26383 -49.67139
vn -11.93221 3.13618 -49.48521
vn -11.97899 12.32481 -48.01669
vn -5.52704 7.33013 -50.16693
vn -47.32579 18.64911 -3.67152
vn -50.80411 3.97292 -2.03916
vn -48.20337 9.54099 -13.65298
vn -43.17959 6.63073 -26.31645
vn -42.65767 20.51056 -18.99050
vn 22.80676 -31.82072 -32.68476
vn 22.08017 -29.74805 -35.05024
vn 14.56025 -31.11609 -37.69333
vn 20.32988 -25.27555 -39.35533
vn 20.50079 -23.88515 -40.12751
vn 22.04723 41.66396 -19.46879
vn 16.22416 45.70747 -15.76716
vn 15.10470 42.77652 -23.30271
vn 11.78843 45.78494 -19.12517
vn 19.99039 39.96035 -24.58768
vn -47.59216 13.52595 -12.37071
vn -49.84945 1.04125 -10.72136
vn -46.08178 5.50043 -21.14745
vn -43.46543 2.60598 -26.55117
vn -41.74420 16.37741 -24.29406
vn -23.22424 -16.75636 -42.20022
vn -24.24720 -24.31494 -37.70751
vn -16.40254 -22.54612 -42.70396
vn -20.96340 -29.95852 -35.55310
vn -19.09786 -12.83109 -45.51521
vn -23.87521 -16.18642 -42.05917
vn -25.43026 -24.25203 -36.96134
vn -16.82723 -24.03570 -41.71485
vn -21.65446 -30.74671 -34.44885
vn -19.56450 -15.68951 -44.40799
vn 48.97453 -13.23364 5.23124
vn 50.45644 -7.36387 -0.95954
vn 48.43934 -15.11658 -5.11068
vn 49.96642 -4.89136 -8.96834
vn 49.22035 -13.31258 1.06388
vn -36.66845 -10.42316 -33.87893
vn -37.14555 -16.63897 -30.73032
vn -30.44688 -16.84613 -37.28532
vn -35.98461 -20.42791 -29.81288
vn -35.98874 -9.99901 -34.72507
vn 14.44068 -42.70158 23.85460
vn 22.95677 -38.95562 23.58911
vn 20.36598 -44.40781 14.63464
vn 27.46342 -38.37553 19.34113
vn 14.92633 -44.04425 20.93580
vn 35.32565 32.83400 -16.58393
vn 31.79030 33.69873 -21.32539
vn 36.79703 26.81259 -22.97963
vn 29.72564 33.66291 -24.17010
vn 35.38043 33.05754 -16.01323
vn -38.23568 0.27335 -33.74844
vn -39.39957 -2.64034 -32.27541
vn -34.01150 -6.48548 -37.44537
vn -40.26025 -4.07150 -31.04085
vn -38.95676 0.15798 -32.91421
vn -37.55684 -19.87177 28.20630
vn -30.62143 -26.88428 30.66860
vn -36.20725 -27.59846 22.98607
vn -27.70351 -31.34914 29.16756
vn -42.02874 -17.30395 23.13349
vn -33.37032 -16.29596 34.95515
vn -28.06196 -21.32782 36.85987
vn -32.69471 -23.48877 31.31028
vn -24.67098 -25.38668 36.71320
vn -36.56781 -13.79766 32.76308
vn -13.67602 -10.80512 -47.92928
vn -21.25259 -10.18912 -45.22730
vn -20.00390 -18.53873 -43.09477
vn -28.46834 -13.25627 -40.18488
vn -26.02099 -14.18629 -41.50489
vn -25.53292 -10.26324 42.93874
vn -21.83866 -14.44682 43.76485
vn -28.21435 -16.06686 39.32946
vn -20.00804 -15.03511 44.43674
vn -27.66699 -7.29544 42.21745
vn 22.89531 -42.66049 -16.02768
vn 20.05680 -38.36216 -26.96422
vn 12.23027 -44.70018 -21.29117
vn 8.95529 -39.96119 -30.39580
vn 12.82575 -47.30523 -14.09662
vn -33.80169 25.69561 -28.25211
vn -38.42201 24.74497 -22.63704
vn -39.05788 17.00959 -28.03846
vn -42.66162 20.40993 -19.08978
vn -37.83678 23.75929 -24.59418
vn -27.88266 0.48089 42.70042
vn -25.20813 -2.39060 44.27002
vn -30.65742 -6.34941 40.25924
vn -23.98056 -2.80380 44.92294
vn -28.23241 1.75968 42.43624
vn 15.36585 -31.07162 -37.40915
vn 8.03542 -35.44473 -35.77852
vn 16.81107 -36.39650 -31.52273
vn 10.16014 -41.29361 -28.15332
vn 19.62790 -38.01324 -27.76218
vn 14.17740 -30.10665 -38.64699
vn 7.04365 -35.56543 -35.86763
vn 16.84458 -35.75264 -32.23365
vn 10.28605 -41.26356 -28.15166
vn 19.66784 -36.30700 -29.93289
vn 18.54226 -21.17244 42.53131
vn 24.73947 -17.36940 41.07630
vn 24.67499 -25.93009 36.32870
vn 27.71771 -17.52473 39.05908
vn 18.89888 -22.44449 41.71423
vn 6.53359 -18.98160 -46.88295
vn -0.05882 -24.44441 -44.76010
vn 9.81457 -27.42576 -41.86289
vn 2.20625 -31.03984 -40.40620
vn 10.62251 -24.93104 -43.20423
vn -21.83621 -32.46724 32.71174
vn -18.72623 -32.57292 34.48670
vn -16.83434 -38.16487 29.34360
vn -16.71428 -32.00971 36.01403
vn -21.38469 -31.49333 33.93914
vn 41.00852 18.90190 23.70693
vn 41.97979 20.70460 20.24885
vn 44.86800 12.85038 20.56040
vn 41.18954 21.30527 21.22513
vn 40.00942 18.01490 25.99440
vn 36.13246 0.31985 -35.99088
vn 33.22241 -0.64599 -38.68919
vn 35.73503 -8.32030 -35.42287
vn 32.76394 -2.13805 -39.02503
vn 36.96794 -0.86469 -35.12296
vn 12.93137 -9.98455 -48.31240
vn 7.38003 -19.60373 -46.49977
vn 17.89926 -18.77871 -43.90872
vn 13.42041 -27.03800 -41.10764
vn 24.06833 -11.69710 -43.41536
vn 10.11488 -11.03365 -48.75394
vn 5.86825 -21.29621 -45.96775
vn 16.67703 -19.29921 -44.16352
vn 13.27901 -27.75564 -40.67299
vn 20.38852 -11.97933 -45.18633
vn 40.41583 -10.85827 29.14890
vn 43.85564 -4.75931 25.59358
vn 45.12076 -12.54391 20.19323
vn 46.69420 -2.07895 20.40414
vn 42.18782 -9.24450 27.12428
vn -2.70933 -6.97219 -50.44846
vn -5.90545 -15.16056 -48.33511
vn 4.74646 -14.66077 -48.61617
vn -1.68558 -20.14822 -46.82102
vn 2.90080 -7.87429 -50.30488
vn 6.46641 -42.58361 27.30972
vn 12.30200 -39.00837 30.46321
vn 15.49107 -43.43384 21.78366
vn 18.24618 -37.27721 29.63927
vn 10.63180 -41.83025 27.16972
vn 34.09095 35.95732 12.07799
vn 33.60104 37.58265 7.71454
vn 39.08709 31.83647 7.72259
vn 32.76248 38.54918 6.44828
vn 33.63823 35.73590 13.87136
vn 6.23861 -0.24623 -50.61639
vn 3.03866 -3.44721 -50.79255
vn 10.43251 -8.30275 -49.22628
vn 1.92818 -6.14690 -50.59148
vn 6.33672 -1.73135 -50.57517
vn 15.28895 11.20207 -47.34724
vn 12.06218 -2.20780 -49.50383
vn 23.60746 3.28379 -45.08773
vn 29.45278 -2.76385 -41.54388
vn 27.18748 15.95173 -40.09217
vn 12.02481 9.79420 -48.58474
vn 9.76441 -1.73360 -50.02650
vn 20.58947 2.81863 -46.57391
vn 23.80471 -0.80689 -45.09638
vn 22.11615 14.83397 -43.49516
vn 42.60895 5.59859 27.46148
vn 43.71649 10.25392 24.18109
vn 46.84476 4.60561 19.63049
vn 44.61826 14.02069 20.33793
vn 42.49111 9.14968 26.67936
vn -2.14697 8.08101 -50.30991
vn -3.86439 -1.03704 -50.84281
vn 6.71756 2.16101 -50.50945
vn 1.89707 -1.29377 -50.94828
vn 4.48197 11.93410 -49.38105
vn 24.63111 -39.71022 20.43053
vn 27.89930 -36.73104 21.75912
vn 31.49535 -37.52491 14.17476
vn 31.50825 -33.21229 22.47606
vn 28.18029 -36.32275 22.08003
vn 18.64048 43.96306 17.91039
vn 17.43481 45.98895 13.49234
vn 24.44032 42.89864 12.78189
vn 16.90300 46.77755 11.27602
vn 18.51358 43.72353 18.61451
vn 25.54055 6.17126 -43.71035
vn 25.03288 0.25127 -44.43300
vn 32.26007 1.81142 -39.45892
vn 29.75527 1.11548 -41.40506
vn 29.32262 9.05422 -40.73333
vn -34.46482 -24.57533 28.44694
vn -26.23771 -32.85302 28.86625
vn -32.77417 -32.98154 20.95402
vn -22.12835 -40.44556 21.80579
vn -38.45535 -24.64492 22.68949
vn -30.61182 -21.24450 34.82223
vn -25.82277 -26.77629 34.88860
vn -30.65907 -28.73406 28.90285
vn -21.87761 -32.41477 32.73611
vn -30.67004 -22.51881 33.95956
vn -1.66424 -18.19383 -47.61528
vn -11.75707 -11.85581 -48.18932
vn -12.87850 -22.03730 -44.15315
vn -22.05479 -13.04286 -44.09614
vn -6.40785 -21.65665 -45.72667
vn -24.55717 -11.37838 43.22589
vn -20.42872 -15.82561 43.96837
vn -26.51494 -19.60491 38.90508
vn -17.91706 -19.55465 43.56139
vn -23.94320 -12.24097 43.33453
vn 28.42393 -39.44603 -15.39773
vn 26.30780 -36.79222 -23.56336
vn 19.04004 -43.18875 -19.31861
vn 21.64967 -37.09020 -27.50652
vn 25.73645 -41.11567 -15.75234
vn -27.62541 26.79880 -33.46133
vn -31.75728 27.04012 -29.34802
vn -32.78429 19.71892 -33.72468
vn -33.97882 26.81894 -26.96633
vn -26.94007 27.17201 -33.71815
vn -23.78982 -0.88025 45.10287
vn -20.30859 -4.80528 46.53461
vn -27.50072 -9.09000 41.97715
vn -19.85506 -6.77042 46.48589
vn -24.40344 -1.37959 44.76124
vn 37.60701 -19.21283 28.59335
vn 39.04872 -22.69790 23.68548
vn 32.82032 -25.76681 29.32400
vn 38.71984 -21.11043 25.61491
vn 35.07518 -17.47288 32.64092
vn 41.30769 -15.90655 25.33093
vn 42.64355 -19.53189 20.02580
vn 37.06591 -23.45986 26.01447
vn 41.95343 -18.77063 22.10367
vn 38.83538 -14.95610 29.48098
vn -37.33456 -10.16730 33.22282
vn -34.50045 -10.32837 36.11153
vn -33.81298 -19.16461 33.02120
vn -29.50795 -13.22258 39.43911
vn -30.38580 -13.79837 38.56563
vn 46.50753 -10.22419 18.26239
vn 47.35926 -13.43645 13.32523
vn 43.37721 -18.14501 19.75287
vn 46.85211 -12.87266 15.49754
vn 44.90014 -9.64018 22.18206
vn -21.32602 -44.50164 -12.87652
vn -30.52721 -40.14825 -7.56355
vn -22.30261 -45.72679 -3.55716
vn -27.11756 -43.05402 3.46258
vn -16.47526 -48.23926 -1.59329
vn -12.31254 26.05269 42.07919
vn -11.25621 24.57673 43.24675
vn -14.59498 18.83437 45.09160
vn -8.69870 23.48009 44.42992
vn -8.68927 25.09412 43.54057
vn 50.31906 -3.12276 7.69678
vn 50.61735 -4.59015 4.22068
vn 49.05767 -10.65380 8.99118
vn 50.64220 -4.23226 4.29594
vn 50.10143 -2.47815 9.20351
vn -37.72673 -33.07866 9.13757
vn -30.41754 -38.02380 15.16456
vn -30.59010 -40.58931 4.21341
vn -22.35492 -44.55663 10.76866
vn -30.17645 -41.05894 2.13195
vn -40.17709 -27.97173 14.29625
vn -36.08154 -31.10367 18.21218
vn -35.80149 -34.98946 9.74635
vn -31.41033 -36.14854 17.54061
vn -36.11583 -34.01274 11.82284
vn 33.98955 -21.22138 -31.54938
vn 30.84488 -19.20508 -35.78767
vn 27.25515 -26.69564 -33.84523
vn 28.70949 -18.10727 -38.06431
vn 34.44361 -20.93832 -31.24459
vn -42.27517 -21.51195 18.73620
vn -38.16014 -25.13232 22.65326
vn -39.12194 -29.61876 13.89973
vn -35.17276 -29.74358 21.89054
vn -40.89433 -25.33138 16.94032
vn 39.01600 -30.80332 11.39767
vn 40.25895 -30.61172 6.56806
vn 34.28989 -37.11829 6.88733
vn 40.51928 -30.75150 3.67862
vn 39.37918 -30.63099 10.58406
vn 0.09122 11.69510 -49.64087
vn -4.57669 12.77374 -49.16182
vn -3.77716 4.14365 -50.69086
vn -5.03018 13.39762 -48.95100
vn 2.20188 11.38907 -49.66327
vn -49.02279 -2.89472 13.76176
vn -47.07784 -5.00180 18.96469
vn -47.71890 -12.88630 12.56381
vn -45.91396 -8.46394 20.52485
vn -48.61198 -5.59378 14.37304
vn -46.54940 -14.80989 -14.65676
vn -44.52451 -23.66969 -7.63635
vn -41.32790 -24.35992 -17.30892
vn -37.39186 -32.71697 -11.50861
vn -39.94107 -18.44700 -25.79571
vn -47.86177 -13.33432 -11.50856
vn -44.49294 -24.46869 -4.76030
vn -42.30533 -22.91856 -16.91148
vn -37.32907 -32.64192 -11.91826
vn -42.31263 -15.48749 -23.89096
vn 32.89569 -13.16441 -36.68203
vn 28.81991 -8.26289 -41.25696
vn 24.72436 -16.74087 -41.34548
vn 23.43895 -6.73364 -44.79145
vn 30.91229 -11.78601 -38.81391
vn -50.42818 -7.15088 2.61988
vn -49.06411 -12.27562 6.55912
vn -48.63770 -15.18377 -2.19695
vn -47.91525 -16.24714 6.41554
vn -50.37019 -7.98826 -0.17578
vn 29.98367 -41.25489 0.11410
vn 32.53571 -38.92255 -5.24043
vn 24.94305 -43.71085 -8.25866
vn 32.56179 -37.74024 -10.78906
vn 30.73619 -40.51936 -3.80366
vn 12.42864 31.60234 -38.05024
vn 7.96989 32.85904 -38.18067
vn 8.79273 26.53922 -42.65392
vn 6.25923 33.79665 -37.67769
vn 13.89480 31.74307 -37.42074
vn -39.96785 2.34654 -31.59215
vn -43.55428 -3.37984 -26.31731
vn -37.20096 -7.94297 -33.97052
vn -41.50667 -7.56574 -28.65232
vn -36.28236 0.13495 -35.84091
vn -50.63493 -1.09422 5.99218
vn -47.99162 -14.32246 9.62655
vn -49.88581 -10.30055 -2.51087
vn -46.87316 -19.87551 -2.97833
vn -50.49008 2.28924 -6.81986
vn -49.89459 -0.85449 10.52612
vn -47.51195 -12.37000 13.80571
vn -50.04698 -9.53974 2.30066
vn -47.93974 -16.80823 4.50155
vn -50.96427 1.89503 0.22701
vn 10.95400 0.08451 -49.80967
vn 6.80987 3.39759 -50.42897
vn 2.87882 -3.75079 -50.78035
vn 2.87185 6.03109 -50.56063
vn 9.77688 2.73871 -49.97911
vn -46.97926 -0.05350 19.84808
vn -45.27357 -7.48817 22.25378
vn -48.95650 -6.79583 12.57286
vn -46.34798 -9.29766 19.14205
vn -48.68138 2.04357 15.06477
vn 17.28264 -41.85557 -23.46106
vn 17.05046 -39.62308 -27.20833
vn 8.88330 -41.96977 -27.57943
vn 16.01301 -37.22119 -30.97040
vn 16.70900 -39.84155 -27.10092
vn 0.49389 40.48249 -31.01489
vn -2.67508 41.70138 -29.23761
vn -6.08306 37.46989 -34.05882
vn -4.63971 42.65186 -27.57338
vn 0.50710 41.35814 -29.83700
vn -49.37109 7.95961 -10.00698
vn -50.50263 2.22398 -6.74820
vn -48.35921 0.59460 -16.18741
vn -49.94115 1.37823 -10.24605
vn -47.91393 9.16667 -14.87372
vn 34.99351 -27.19995 -25.23127
vn 26.25358 -35.09065 -26.08438
vn 32.19381 -35.54171 -17.35929
vn 20.97211 -42.51227 -18.81162
vn 36.26427 -31.36849 -17.37585
vn 33.34862 -24.66337 -29.67469
vn 25.67593 -32.00094 -30.29334
vn 31.79450 -33.24655 -22.01764
vn 21.32567 -39.38894 -24.38704
vn 32.95395 -30.21559 -24.53679
vn -8.59545 -17.19884 47.23682
vn -0.95376 -14.09961 49.00297
vn -1.06480 -22.41837 45.79610
vn 5.97732 -13.75757 48.74424
vn -10.42986 -18.87198 46.21759
vn 29.21873 -16.18971 -38.53776
vn 26.11096 -19.90863 -39.02388
vn 30.58284 -23.47449 -33.38619
vn 23.15143 -23.05313 -39.16074
vn 27.79624 -17.13000 -39.17820
vn -35.50790 -35.20292 10.04699
vn -34.67120 -34.02964 15.52067
vn -28.65797 -39.80372 13.97799
vn -33.49074 -33.28106 19.28058
vn -35.84738 -34.65051 10.73810
vn 22.12037 21.89956 40.39923
vn 27.03268 23.15337 36.52609
vn 28.40657 14.97047 39.62261
vn 30.28079 22.86731 34.07579
vn 22.27431 21.93122 40.29735
vn 0.71254 -1.59877 -50.96995
vn -3.15982 -5.18639 -50.63710
vn 4.76961 -9.78958 -49.82384
vn -3.70597 -7.11376 -50.36526
vn 1.15010 -2.21992 -50.93868
vn -26.96421 -16.08449 -40.18980
vn -29.23042 -24.66057 -33.74075
vn -20.94444 -24.01878 -39.81744
vn -27.13564 -29.48271 -31.55037
vn -21.21985 -12.59520 -44.63271
vn -35.67445 -12.88147 -34.09401
vn -36.76247 -20.06438 -29.10224
vn -30.43608 -19.64052 -35.90118
vn -35.90866 -23.66218 -27.41658
vn -32.86487 -9.45406 -37.83543
vn 47.95943 -11.50597 -12.98097
vn 45.79990 -6.92374 -21.34083
vn 42.55124 -16.17458 -22.99509
vn 39.71411 -8.68632 -30.79507
vn 39.20574 -14.25656 -29.33701
vn -45.45024 -14.47542 -18.04818
vn -45.62233 -19.79199 -11.30841
vn -41.15323 -23.36134 -19.01733
vn -44.06858 -23.85803 -9.47389
vn -44.60823 -14.64639 -19.91454
vn 18.59293 -37.22157 29.49333
vn 24.64326 -35.00652 27.71736
vn 21.88015 -40.59135 21.78532
vn 28.15109 -34.87291 24.33918
vn 16.43507 -39.85086 27.25431
vn 23.50255 23.85181 -38.46714
vn 18.91335 22.03366 -41.92615
vn 24.20403 15.46465 -42.14272
vn 15.40224 19.32144 -44.61449
vn 21.02661 23.76929 -39.92371
vn -46.66565 2.37318 -20.43734
vn -48.03110 -0.95673 -17.12009
vn -45.03043 -5.35818 -23.33559
vn -48.42496 -2.57871 -15.79156
vn -46.65187 2.63848 -20.43628
vn -42.39767 -18.56940 21.41529
vn -36.22985 -21.99421 28.36640
vn -39.82352 -26.36092 17.89383
vn -45.36988 -20.70533 10.67068
vn -45.66656 -20.02581 10.70194
vn -40.67934 -15.07188 26.81471
vn -33.72412 -19.06684 33.16833
vn -38.61655 -24.09568 23.00348
vn -43.63872 -19.23726 18.07178
vn -45.32363 -16.90633 16.15375
vn -14.85340 -10.60662 -47.62222
vn -18.97551 -11.16196 -46.00370
vn -17.11707 -18.68756 -44.25811
vn -23.65935 -12.79199 -43.33128
vn -21.40542 -11.10588 -44.93848
vn -35.16993 -8.66539 35.90245
vn -28.77722 -11.68078 40.45282
vn -33.99200 -18.24741 33.35530
vn -35.42596 -12.01914 34.66325
vn -40.64421 -10.11664 29.09813
vn 21.08015 -37.70130 -27.11529
vn 18.74307 -36.34468 -30.47558
vn 14.40704 -42.41634 -24.37808
vn 11.50717 -37.82109 -32.22032
vn 10.18960 -40.39804 -29.41376
vn -32.67056 24.70059 -30.38938
vn -34.77069 24.61335 -28.03893
vn -36.18745 19.16629 -30.39936
vn -37.07116 23.56469 -25.91203
vn -34.94898 23.78772 -28.52564
vn -26.47968 3.42522 43.45220
vn -21.29492 0.43400 46.33937
vn -27.87836 -5.96838 42.28682
vn -25.45721 1.33157 44.17190
vn -31.45336 3.31022 40.00911
vn 47.62893 -18.22863 -0.45002
vn 42.71397 -27.14459 -6.29979
vn 42.96606 -26.93691 5.41482
vn 38.85908 -32.92201 2.66697
vn 45.03663 -21.53213 10.44361
vn 47.06256 -15.94650 -11.48147
vn 43.69924 -22.14853 -14.17104
vn 45.32804 -22.91295 -4.62218
vn 43.17773 -25.59839 -9.02246
vn 47.84399 -16.69557 -5.76284
vn -19.16506 -11.61996 45.81131
vn -16.68421 -10.44936 47.04729
vn -12.10843 -16.58854 46.68196
vn -15.26522 -8.13418 47.97716
vn -19.02997 -9.22610 46.40839
vn 45.72815 -8.12509 -21.06940
vn 43.14218 -12.27518 -24.27080
vn 45.69296 -16.19479 -15.83928
vn 42.81073 -15.08445 -23.25297
vn 46.51069 -9.42291 -18.68058
vn -32.00986 -38.66861 9.00590
vn -31.42905 -38.50262 11.43514
vn -24.95403 -42.68208 12.51146
vn -32.08456 -37.24346 13.58326
vn -33.17404 -37.25751 10.60002
vn 4.36167 26.33774 43.45456
vn 8.70205 28.08245 41.67313
vn 10.60926 20.30648 45.56413
vn 10.12291 28.12830 41.31979
vn 4.09432 25.88382 43.75230
vn 48.84460 5.29993 13.67900
vn 49.97681 2.50816 9.85022
vn 48.04343 -3.40479 16.77011
vn 49.63334 1.48515 11.63293
vn 47.92644 5.05011 16.68990
vn 17.36473 0.14442 47.95253
vn 25.61070 -13.12899 42.10369
vn 12.19897 -10.77551 48.33294
vn 1.63380 -20.45461 46.68982
vn 1.59164 -3.50353 50.85461
vn 23.88543 0.82020 45.05345
vn 30.78507 -10.41927 39.30289
vn 19.61704 -10.04862 45.99127
vn 13.16449 -18.37689 45.71636
vn 9.84316 -2.27889 49.98919
vn -49.49210 -4.67751 11.38650
vn -48.55652 0.49380 15.58910
vn -46.42216 -7.05196 19.90609
vn -46.06570 2.30817 21.76289
vn -48.06033 -1.61362 16.98827
vn 35.16681 1.30102 36.91344
vn 38.87574 -5.51492 32.54631
vn 31.68180 -7.60282 39.23595
vn 33.38649 -9.87330 37.26741
vn 28.17226 0.90084 42.50308
vn -32.34395 -38.36187 -9.12335
vn -33.78049 -37.70050 -6.20883
vn -30.25561 -41.05594 -0.08764
vn -36.36484 -35.66142 -2.61931
vn -36.95264 -34.89775 -4.20103
vn -34.06668 34.89179 14.93396
vn -28.69513 38.04834 18.16349
vn -32.48320 32.09728 22.70696
vn -27.30657 37.28819 21.56250
vn -34.95955 33.08123 16.86598
vn 21.16781 14.59918 44.04301
vn 23.48608 6.02103 44.86815
vn 14.05599 8.28522 48.31960
vn 9.95604 10.02564 49.00370
vn 11.81431 18.64302 45.97673
vn -10.51165 -26.67533 42.17738
vn -5.08419 -33.68341 37.95495
vn -13.88439 -33.65146 35.71837
vn -5.15851 -40.67419 30.33148
vn -15.39101 -27.23957 40.27557
vn -10.80683 -25.56458 42.78625
vn -4.33037 -32.93159 38.70087
vn -13.90673 -33.68214 35.68074
vn -4.41187 -40.22708 31.03735
vn -15.33618 -30.17775 38.14583
vn -22.78122 -17.51038 -42.13552
vn -29.04118 -15.33763 -39.01752
vn -26.98877 -22.83653 -36.75729
vn -34.15602 -14.42835 -35.01698
vn -21.15122 -17.36302 -43.03662
vn -3.96542 -17.75018 47.64668
vn 1.00307 -23.08156 45.46685
vn -8.06947 -25.78170 43.25722
vn 1.79556 -27.99087 42.59445
vn -5.69094 -19.77513 46.66430
vn 20.05400 -36.84698 -29.00237
vn 14.61585 -35.25192 -33.83309
vn 11.20485 -41.42202 -27.56206
vn 9.45120 -35.33481 -35.54048
vn 18.68277 -37.24804 -29.40302
vn -43.22878 20.17510 -18.03433
vn -44.53539 20.70295 -13.74722
vn -46.97183 13.71897 -14.36790
vn -44.84305 22.01168 -10.27552
vn -42.23151 22.03736 -18.21685
vn 15.10730 -3.84949 48.55873
vn 18.18804 -6.92939 47.13998
vn 10.83346 -11.83643 48.41007
vn 19.32377 -8.45283 46.43427
vn 15.31119 -3.92902 48.48845
vn 49.16050 -13.05253 -3.72508
vn 47.50915 -16.87148 -7.69634
vn 47.36086 -18.91167 0.54547
vn 48.62861 -14.27513 -5.69898
vn 49.88614 -10.55671 0.96342
vn 49.43052 -12.01298 -3.64856
vn 47.81012 -15.81261 -8.07176
vn 47.41548 -18.78193 -0.10514
vn 48.47037 -14.26570 -6.93631
vn 50.00686 -9.98694 0.75841
vn -4.32562 -4.89863 50.57957
vn -2.88475 -5.28701 50.64312
vn -1.87966 -14.01044 49.00178
vn 3.20568 -7.01950 50.41279
vn 5.78959 -8.15255 50.01016
vn 47.54071 -3.74205 -18.07976
vn 45.42467 -6.81021 -22.16349
vn 47.31048 -11.04028 -15.51869
vn 45.87436 -6.24452 -21.39038
vn 48.78500 -2.64241 -14.63014
vn -20.45599 -45.22895 11.70016
vn -23.56120 -41.98664 16.82234
vn -16.67462 -45.13249 16.91198
vn -18.05295 -42.23014 22.17442
vn -13.38545 -46.12393 17.15843
vn 13.33656 30.76068 38.43066
vn 17.66905 30.34654 36.98501
vn 16.28263 23.56990 42.19402
vn 22.30652 27.28673 36.86263
vn 18.87397 28.30747 37.99290
vn 40.65479 -1.70971 -30.74516
vn 38.00856 -3.73882 -33.79897
vn 40.91653 -9.52051 -28.91706
vn 38.08179 -3.74453 -33.71580
vn 41.76140 -1.24038 -29.24801
vn 21.44204 -24.83488 -39.04442
vn 10.22240 -31.19823 -39.02784
vn 19.72976 -32.91201 -33.59368
vn 5.17861 -38.88375 -32.59195
vn 31.59375 -24.30459 -31.81386
vn 14.83400 -20.57369 -44.24562
vn 7.26077 -24.96066 -43.87762
vn 15.86637 -26.94976 -40.28608
vn 3.95853 -27.57402 -42.72005
vn 22.92682 -18.45736 -41.64956
vn 26.77575 -18.53355 39.25005
vn 33.05884 -17.15374 34.84051
vn 30.19258 -26.27976 31.60351
vn 38.35482 -20.46887 26.66333
vn 36.78503 -22.05762 27.59208
vn 7.06210 -10.21794 -49.46433
vn 0.31388 -13.95371 -49.05298
vn 8.73822 -18.30745 -46.79188
vn 0.56506 -13.79526 -49.09553
vn 13.03069 -9.00384 -48.47816
vn -19.58342 -36.90943 29.24351
vn -12.53679 -35.32294 34.58494
vn -10.21450 -41.96987 27.11445
vn -3.33722 -37.86934 33.99670
vn -10.14943 -41.62923 27.65855
vn 45.24883 16.73152 16.54083
vn 47.31151 16.29116 9.85995
vn 48.36654 8.32276 13.87117
vn 49.11674 12.61072 5.43273
vn 46.96132 14.95878 13.10989
vn -7.80305 2.42219 -50.34128
vn -11.28739 0.92414 -49.72665
vn -5.19846 -4.31937 -50.55016
vn -11.66036 3.05543 -49.55502
vn -5.54769 4.64482 -50.48414
vn -48.37814 -10.19875 12.51162
vn -44.12280 -17.71970 18.44425
vn -46.40824 -19.45419 8.29513
vn -44.16633 -23.81547 9.11912
vn -49.33964 -12.79390 1.70759
vn -48.13167 -9.26199 14.09102
vn -43.15842 -19.11965 19.30773
vn -46.56712 -19.14307 8.12689
vn -43.91845 -24.83585 7.43973
vn -49.67330 -11.40987 1.83788
vn 4.10225 -6.80119 -50.37773
vn 0.23718 -4.58843 -50.79261
vn -2.67470 -11.85405 -49.53107
vn -2.68216 -2.73319 -50.85602
vn 3.34020 -4.94681 -50.64950
vn -42.20858 -4.58612 28.25601
vn -37.64200 -13.16581 31.79215
vn -43.62399 -14.48887 22.09117
vn -40.93388 -17.47614 24.89982
vn -46.35767 -5.56807 20.51738
vn 19.63051 -41.23757 -22.69594
vn 18.36309 -38.72295 -27.64651
vn 9.99716 -43.52462 -24.63053
vn 14.00049 -37.37729 -31.74781
vn 15.62080 -40.09632 -27.37290
vn -12.76382 31.06698 -38.37873
vn -16.77541 33.30482 -34.79042
vn -20.10569 26.45666 -38.68858
vn -18.80316 32.99123 -34.04438
vn -13.09272 30.14502 -38.99817
vn -49.73236 6.27022 9.40088
vn -48.83632 2.53866 14.47649
vn -50.48596 -3.13930 6.50476
vn -49.44655 0.74932 12.46903
vn -50.41946 5.54361 5.30532
vn -42.88422 -0.16122 -27.60284
vn -45.20407 -15.19480 -18.07511
vn -37.98243 -10.44159 -32.39302
vn -24.01160 -22.18921 -39.14182
vn -30.52279 -0.93988 -40.84697
vn -46.88698 0.99295 -20.04057
vn -48.75175 -10.26300 -10.90584
vn -44.34988 -9.21505 -23.43439
vn -39.30401 -20.11261 -25.52797
vn -38.47517 -0.86730 -33.46503
vn 31.44863 -4.15462 -39.93398
vn 27.83634 0.02735 -42.73332
vn 23.91312 -6.57234 -44.56419
vn 22.27503 2.18623 -45.82623
vn 27.02672 0.11871 -43.24976
vn -49.99043 0.76398 -10.06843
vn -49.73738 -10.40803 -4.34339
vn -47.60886 -8.29063 -16.29914
vn -45.83877 -15.86808 -15.74837
vn -45.83567 2.01192 -22.27204
vn 28.41111 -40.28622 -13.07015
vn 29.82011 -37.05081 -18.41190
vn 21.61229 -41.20011 -20.89162
vn 27.94339 -34.23202 -25.46244
vn 27.89831 -36.52752 -22.10032
vn 16.65985 38.12826 -29.49040
vn 12.15131 39.52501 -29.85161
vn 13.63572 35.05111 -34.44541
vn 9.68957 39.64335 -30.58622
vn 17.82439 37.32932 -29.82973
vn -45.40524 15.30868 -17.46446
vn -47.93479 4.88596 -16.71475
vn -42.38561 9.84433 -26.59978
vn -40.10628 12.73973 -28.81293
vn -38.72332 21.25709 -25.48804
vn 3.24112 -22.88633 -45.46109
vn -1.38342 -30.67120 -40.72300
vn 8.38919 -30.20721 -40.22618
vn 0.55278 -37.70836 -34.33327
vn 8.39568 -22.44647 -45.01853
vn 2.91957 -21.55959 -46.12656
vn -2.77061 -30.00835 -41.14392
vn 8.10833 -30.27345 -40.23397
vn -0.50813 -37.62695 -34.42316
vn 8.45628 -25.32630 -43.45192
vn 31.16282 -21.84742 33.94950
vn 38.66240 -15.58111 29.38448
vn 37.18462 -24.53503 24.82611
vn 43.92972 -14.71763 21.32067
vn 31.80359 -25.43896 30.69838
vn -9.98746 -13.29840 -48.21206
vn -12.34889 -18.41062 -45.92987
vn -3.68221 -19.62764 -46.92757
vn -13.08797 -21.79550 -44.21154
vn -9.73259 -12.79904 -48.39898
vn -12.91072 -36.47263 33.22739
vn -7.60723 -35.07682 36.23184
vn -5.85990 -40.88717 29.91488
vn -4.25749 -34.40930 37.40151
vn -13.77536 -36.45961 32.89278
vn 42.79996 25.43452 11.05657
vn 43.09709 26.83256 4.86357
vn 46.96663 19.05283 5.66788
vn 43.42763 26.73340 0.60474
vn 42.73278 25.65438 10.80565
vn -33.13100 -0.62764 -38.76780
vn -34.47386 -3.03881 -37.46088
vn -29.30610 -7.56329 -41.04813
vn -35.79690 -3.92280 -36.11361
vn -34.20375 -0.20918 -37.82934
vn -43.73619 -16.32264 20.53574
vn -40.00120 -20.18696 24.35961
vn -42.33761 -23.13647 16.52967
vn -42.56639 -18.63062 21.02384
vn -46.32095 -15.15609 15.02204
vn -41.94487 -13.39914 25.73112
vn -37.80348 -17.50816 29.41700
vn -41.18227 -20.80324 21.73120
vn -41.05949 -16.13384 25.58938
vn -45.15580 -12.64774 20.04963
vn -19.78728 -7.04326 -46.47424
vn -21.64858 -9.06342 -45.27906
vn -19.17373 -16.58940 -44.25110
vn -25.44689 -11.06021 -42.79167
vn -26.35299 -9.79081 -42.55185
vn -34.94157 -7.21715 36.44171
vn -31.92192 -9.04055 38.73317
vn -35.96186 -13.40617 33.58599
vn -35.01226 -6.86981 36.44099
vn -38.06193 -5.95045 33.41977
vn 17.75777 -44.43091 -17.65091
vn 18.02266 -39.29367 -27.05902
vn 11.59803 -44.68262 -21.67830
vn 7.00757 -41.20786 -29.21995
vn 4.75930 -46.75931 -19.79686
vn -32.05888 28.86138 -27.20751
vn -34.28877 27.36209 -26.01144
vn -34.05966 22.59039 -30.50596
vn -36.68798 25.68286 -24.40047
vn -34.68758 27.65947 -25.15402
vn -27.96023 0.51573 42.64925
vn -22.94811 -1.87789 45.50667
vn -27.94372 -8.31915 41.84422
vn -24.21970 -3.09740 44.77513
vn -30.67317 -0.67438 40.73943
vn 34.51615 -30.75316 -21.53782
vn 23.09370 -38.02890 -24.92957
vn 28.45164 -39.83000 -14.32042
vn 17.29976 -45.91291 -13.91845
vn 30.02300 -40.86646 -5.43618
vn 34.33963 -27.66973 -25.61592
vn 23.45304 -35.14190 -28.56573
vn 29.85032 -37.14103 -18.17972
vn 19.08189 -43.63095 -18.25438
vn 32.90610 -36.92400 -12.44212
vn -12.82861 -22.84098 43.75747
vn -6.14823 -20.09118 46.47089
vn -5.17270 -28.24220 42.14999
vn -1.39852 -20.00056 46.89372
vn -12.79665 -23.48244 43.42603
vn 33.35085 -20.09819 -32.93605
vn 26.08671 -25.61542 -35.55746
vn 31.80395 -29.22823 -27.11491
vn 23.88533 -32.71538 -30.98700
vn 34.12791 -26.01057 -27.56331
vn -37.17269 -33.52907 9.74639
vn -35.59174 -33.32713 14.95091
vn -30.18117 -39.33697 11.94568
vn -33.34534 -33.64266 18.90130
vn -36.64925 -33.13929 12.63404
vn 18.78479 12.50655 45.73530
vn 24.97519 14.95378 41.87629
vn 25.30700 5.54355 43.92976
vn 26.86067 14.07287 41.00559
vn 17.40171 10.10961 46.86124
vn 50.83197 2.56013 -3.24898
vn 50.34349 1.72840 -7.97153
vn 50.38611 -6.53020 -4.42675
vn 50.04734 0.52753 -9.79716
vn 50.89423 1.77166 -2.76378
vn 38.11216 -24.28039 -23.64159
vn 31.64680 -29.82959 -26.63972
vn 35.76726 -31.39171 -18.33748
vn 29.84869 -36.33249 -19.74854
vn 38.41788 -30.31685 -14.35113
vn 37.71376 -21.68048 -26.62008
vn 29.49164 -29.49306 -29.34966
vn 35.72605 -30.48402 -19.88402
vn 28.86147 -36.88681 -20.18361
vn 39.68175 -27.80891 -15.90669
vn 0.79579 -18.98199 47.32918
vn 6.15783 -15.53758 48.18365
vn 8.58750 -23.59228 44.39211
vn 9.80641 -14.65650 47.85416
vn 1.54105 -19.01422 47.29782
vn 30.86511 -13.15649 -38.40900
vn 26.58891 -18.32763 -39.47312
vn 33.09260 -20.74161 -32.79733
vn 27.38811 -22.34879 -36.76170
vn 33.43405 -14.97258 -35.48219
vn -32.37949 -35.40953 17.28390
vn -30.66685 -34.36128 21.90539
vn -24.49666 -40.54138 18.90264
vn -27.90927 -34.36950 25.31421
vn -30.72684 -35.19629 20.44706
vn 21.11433 22.60083 40.55104
vn 25.70995 25.02439 36.24607
vn 28.03385 16.26235 39.37815
vn 26.80457 24.01807 36.13374
vn 20.64514 20.32684 41.97139
vn 48.24317 5.82225 15.48218
vn 50.14021 1.07394 9.26310
vn 47.75102 -4.96279 17.21077
vn 47.74345 -2.50753 17.75596
vn 45.31051 3.20672 23.18780
vn 23.38143 -26.69003 36.63264
vn 25.65558 -34.21521 27.78687
vn 16.86710 -35.56132 32.43290
vn 19.89707 -41.82044 21.35783
vn 17.74054 -28.33102 38.51787
vn 30.54325 -20.88063 35.10140
vn 32.59931 -27.08523 28.36679
vn 25.07814 -29.84342 32.88551
vn 30.04328 -33.91855 23.40797
vn 28.65785 -23.56265 34.99327
vn -45.99442 -20.02875 -9.18489
vn -48.67461 -15.19976 0.86529
vn -44.42214 -25.01056 1.46468
vn -46.78360 -16.88732 11.27443
vn -44.46822 -24.57204 -4.44879
vn 35.62048 -16.13816 32.73745
vn 37.65033 -22.35427 26.14841
vn 29.84375 -25.43577 32.60938
vn 35.38588 -27.84706 23.94535
vn 33.48770 -17.88669 34.05349
vn -9.95153 -38.43553 -32.01057
vn -16.73060 -36.89601 -30.98018
vn -14.18394 -42.52914 -24.31228
vn -21.07271 -36.69197 -28.47173
vn -9.88182 -39.07965 -31.24307
vn -40.08860 20.71518 23.76520
vn -37.39628 20.73742 27.79348
vn -39.89651 13.50032 28.75776
vn -34.65828 21.03145 30.94320
vn -38.78109 22.40344 24.39493
vn 39.68510 1.31949 32.00549
vn 41.10558 -1.09339 30.16845
vn 36.94660 -6.21470 34.60240
vn 42.27833 -1.80378 28.46557
vn 40.41003 2.08464 31.04324
vn -7.06200 -22.72510 -45.10762
vn -15.89317 -26.49595 -40.57550
vn -4.85961 -30.73893 -40.40424
vn -7.33924 -26.13596 -43.17461
vn 3.93420 -23.82486 -44.92101
vn -12.29688 -18.79509 -45.78789
vn -20.70172 -22.66323 -40.72857
vn -9.90868 -27.81842 -41.58068
vn -12.76206 -23.36828 -43.49774
vn -1.81212 -20.44750 -46.68635
vn 47.73143 -17.22684 5.09374
vn 48.13846 -16.83608 -0.48474
vn 44.24820 -25.35890 0.15104
vn 46.63825 -19.26752 -7.39159
vn 47.12799 -18.97672 -4.45380
vn -25.29379 -10.88548 -42.92703
vn -29.49430 -11.84885 -39.88347
vn -22.87507 -18.29322 -41.75031
vn -26.16388 -9.48854 -42.73661
vn -20.53687 -10.05323 -45.58694
vn 10.02691 -34.02689 36.64194
vn 16.26007 -33.88100 34.47735
vn 11.23670 -40.21821 29.27852
vn 20.29126 -36.59231 29.15933
vn 14.10229 -37.70446 31.31292
vn 42.66965 19.28943 -20.20440
vn 41.40936 18.72267 -23.14575
vn 43.89468 12.61345 -22.69709
vn 40.13124 17.77703 -25.97038
vn 41.50874 18.95776 -22.77339
vn -34.53120 -2.17249 -37.46833
vn -38.52437 -3.33439 -33.25288
vn -34.27983 -11.37507 -36.00696
vn -38.01835 -3.78636 -33.78266
vn -32.17627 -2.79862 -39.46967
vn -50.28531 6.83843 -5.06194
vn -50.75085 5.02001 0.38815
vn -50.45238 -2.18679 -7.12565
vn -48.10482 0.20425 -16.93765
vn -48.96369 4.21284 -13.63116
vn -50.41605 7.46195 1.88173
vn -50.25319 4.28860 7.56467
vn -50.96294 -1.90482 -0.38694
vn -50.22725 0.91823 -8.79656
vn -50.20196 5.36877 -7.20684
vn 3.14807 2.19544 -50.85537
vn -0.08124 6.60467 -50.57046
vn -5.01940 -0.71823 -50.74731
vn -6.02860 7.99093 -50.00800
vn -2.74654 4.59628 -50.71815
vn -47.14397 7.83918 17.80429
vn -46.57514 3.07163 20.55046
vn -49.33216 -0.01816 12.93591
vn -50.31614 3.93835 7.33312
vn -49.30552 8.81632 9.60411
vn 13.03274 -35.25149 -34.47433
vn 10.35771 -34.44672 -36.15440
vn 4.27555 -38.64037 -33.00971
vn 7.31761 -32.47639 -38.63594
vn 9.57709 -32.24224 -38.33688
vn -1.53291 38.41019 -33.51576
vn -5.45594 40.74934 -30.17819
vn -8.33049 36.13397 -35.01341
vn -8.69893 39.63567 -30.89242
vn -3.54328 36.77396 -35.15850
vn -39.91333 8.37896 30.62219
vn -38.11097 3.66245 33.69184
vn -43.76168 0.56646 26.18384
vn -41.52684 4.98704 29.18306
vn -42.82735 10.21891 25.73697
vn 13.18700 17.23557 46.15233
vn 16.64416 9.64582 47.23272
vn 6.80980 14.52830 48.41027
vn 3.89096 25.33652 44.08992
vn 5.66138 23.06805 45.13107
vn 14.89305 18.27403 45.22451
vn 18.30560 7.83670 46.95201
vn 7.88803 13.30189 48.59874
vn 14.50756 14.89568 46.56876
vn 5.13505 24.43021 44.47242
vn -49.12690 12.13084 -6.35531
vn -47.98671 16.99614 -3.06692
vn -49.00537 13.52039 4.08313
vn -45.95465 21.94169 2.78058
vn -45.46739 22.98372 2.33767
vn 26.43927 14.93337 40.97511
vn 28.63836 5.80051 41.79950
vn 19.30732 10.15369 46.09912
vn 25.17419 11.13521 42.93328
vn 19.79256 21.09428 42.00339
vn -36.14372 -35.56003 5.48772
vn -42.38406 -28.15906 3.41440
vn -39.78616 -28.65857 14.02666
vn -45.92902 -20.11477 9.32315
vn -40.66426 -27.78369 13.24701
vn -19.86772 45.62280 -11.17288
vn -15.53742 48.13506 -6.52719
vn -22.63017 45.62807 -2.63709
vn -13.98620 49.02892 -1.24536
vn -18.61144 46.64708 -8.86930
vn 31.36935 13.30202 37.94759
vn 32.70937 7.40968 38.42126
vn 24.70918 10.19169 43.43484
vn 30.96800 12.57177 38.52185
vn 28.02359 18.31431 38.47419
vn 50.54712 5.69665 3.67923
vn 50.97406 -1.43687 0.76198
vn 50.07736 2.25070 9.39105
vn 50.66821 5.40906 2.11521
vn 48.78728 11.37369 9.56242
# Uv
vt 0.00000 1.00000
vt 1.00000 1.00000
vt 0.50000 0.50000
vt 1.00000 0.00000
vt 0.00000 0.00000
vt 0.00000 1.00000
vt 1.00000 1.00000
vt 0.50000 0.50000
vt 1.00000 0.00000
vt 0.00000 0.00000
vt 0.00000 1.00000
vt 1.00000 1.00000
vt 0.50000 0.50000
vt 1.00000 0.00000
vt 0.00000 0.00000
vt 0.00000 1.00000
vt 1.00000 1.00000
vt 0.50000 0.50000
vt 1.00000 0.00000
vt 0.00000 0.00000
vt 0.00000 1.00000
vt 1.00000 1.00000
vt 0.50000 0.50000
vt 1.00000 0.00000
vt 0.00000 0.00000
vt 0.00000 1.00000
vt 1.00000 1.00000
vt 0.50000 0.50000
vt 1.00000 0.00000
vt 0.00000 0.00000
vt 0.00000 1.00000
vt 1.00000 1.00000
vt 0.50000 0.50000
vt 1.00000 0.00000
vt 0.00000 0.00000
vt 0.00000 1.00000
vt 1.00000 1.00000
vt 0.50000 0.50000
vt 1.00000 0.00000
vt 0.00000 0.00000
vt 0.00000 1.00000
vt 1.00000 1.00000
vt 0.50000 0.50000
vt 1.00000 0.00000
vt 0.00000 0.00000
vt 0.00000 1.00000
vt 1.00000 1.00000
vt 0.50000 0.50000
vt 1.00000 0.00000
vt 0.00000 0.00000
vt 0.00000 1.00000
vt 1.00000 1.00000
vt 0.50000 0.50000
vt 1.00000 0.00000
vt 0.00000 0.00000
vt 0.00000 1.00000
vt 1.00000 1.00000
vt 0.50000 0.50000
vt 1.00000 0.00000
vt 0.00000 0.00000
vt 0.00000 1.00000
vt 1.00000 1.00000
vt 0.50000 0.50000
vt 1.00000 0.00000
vt 0.00000 0.00000
vt 0.00000 1.00000
vt 1.00000 1.00000
vt 0.50000 0.50000
vt 1.00000 0.00000
vt 0.00000 0.00000
vt 0.00000 1.00000
vt 1.00000 1.00000
vt 0.50000 0.50000
vt 1.00000 0.00000
vt 0.00000 0.00000
vt 0.00000 1.00000
vt 1.00000 1.00000
vt 0.50000 0.50000
vt 1.00000 0.00000
vt 0.00000 0.00000
vt 0.00000 1.00000
vt 1.00000 1.00000
vt 0.50000 0.50000
vt 1.00000 0.00000
vt 0.00000 0.00000
vt 0.00000 1.00000
vt 1.00000 1.00000
vt 0.50000 0.50000
vt 1.00000 0.00000
vt 0.00000 0.00000
vt 0.00000 1.00000
vt 1.00000 1.00000
vt 0.50000 0.50000
vt 1.00000 0.00000
vt 0.00000 0.00000
vt 0.00000 1.00000
vt 1.00000 1.00000
vt 0.50000 0.50000
vt 1.00000 0.00000
vt 0.00000 0.00000
vt 0.00000 1.00000
vt 1.00000 1.00000
vt 0.50000 0.50000
vt 1.00000 0.00000
vt 0.00000 0.00000
vt 0.00000 1.00000
vt 1.00000 1.00000
vt 0.50000 0.50000
vt 1.00000 0.00000
vt 0.00000 0.00000
vt 0.00000 1.00000
vt 1.00000 1.00000
vt 0.50000 0.50000
vt 1.00000 0.00000
vt 0.00000 0.00000
vt 0.00000 1.00000
vt 1.00000 1.00000
vt 0.50000 0.50000
vt 1.00000 0.00000
vt 0.00000 0.00000
vt 0.00000 1.00000
vt 1.00000 1.00000
vt 0.50000 0.50000
vt 1.00000 0.00000
vt 0.00000 0.00000
vt 0.00000 1.00000
vt 1.00000 1.00000
vt 0.50000 0.50000
vt 1.00000 0.00000
vt 0.00000 0.00000
vt 0.00000 1.00000
vt 1.00000 1.00000
vt 0.50000 0.50000
vt 1.00000 0.00000
vt 0.00000 0.00000
vt 0.00000 1.00000
vt 1.00000 1.00000
vt 0.50000 0.50000
vt 1.00000 0.00000
vt 0.00000 0.00000
vt 0.00000 1.00000
vt 1.00000 1.00000
vt 0.50000 0.50000
vt 1.00000 0.00000
vt 0.00000 0.00000
vt 0.00000 1.00000
vt 1.00000 1.00000
vt 0.50000 0.50000
vt 1.00000 0.00000
vt 0.00000 0.00000
vt 0.00000 1.00000
vt 1.00000 1.00000
vt 0.50000 0.50000
vt 1.00000 0.00000
vt 0.00000 0.00000
vt 0.00000 1.00000
vt 1.00000 1.00000
vt 0.50000 0.50000
vt 1.00000 0.00000
vt 0.00000 0.00000
vt 0.00000 1.00000
vt 1.00000 1.00000
vt 0.50000 0.50000
vt 1.00000 0.00000
vt 0.00000 0.00000
vt 0.00000 1.00000
vt 1.00000 1.00000
vt 0.50000 0.50000
vt 1.00000 0.00000
vt 0.00000 0.00000
vt 0.00000 1.00000
vt 1.00000 1.00000
vt 0.50000 0.50000
vt 1.00000 0.00000
vt 0.00000 0.00000
vt 0.00000 1.00000
vt 1.00000 1.00000
vt 0.50000 0.50000
vt 1.00000 0.00000
vt 0.00000 0.00000
vt 0.00000 1.00000
vt 1.00000 1.00000
vt 0.50000 0.50000
vt 1.00000 0.00000
vt 0.00000 0.00000
vt 0.00000 1.00000
vt 1.00000 1.00000
vt 0.50000 0.50000
vt 1.00000 0.00000
vt 0.00000 0.00000
vt 0.00000 1.00000
vt 1.00000 1.00000
vt 0.50000 0.50000
vt 1.00000 0.00000
vt 0.00000 0.00000
vt 0.00000 1.00000
vt 1.00000 1.00000
vt 0.50000 0.50000
vt 1.00000 0.00000
vt 0.00000 0.00000
vt 0.00000 1.00000
vt 1.00000 1.00000
vt 0.50000 0.50000
vt 1.00000 0.00000
vt 0.00000 0.00000
vt 0.00000 1.00000
vt 1.00000 1.00000
vt 0.50000 0.50000
vt 1.00000 0.00000
vt 0.00000 0.00000
vt 0.00000 1.00000
vt 1.00000 1.00000
vt 0.50000 0.50000
vt 1.00000 0.00000
vt 0.00000 0.00000
vt 0.00000 1.00000
vt 1.00000 1.00000
vt 0.50000 0.50000
vt 1.00000 0.00000
vt 0.00000 0.00000
vt 0.00000 1.00000
vt 1.00000 1.00000
vt 0.50000 0.50000
vt 1.00000 0.00000
vt 0.00000 0.00000
vt 0.00000 1.00000
vt 1.00000 1.00000
vt 0.50000 0.50000
vt 1.00000 0.00000
vt 0.00000 0.00000
vt 0.00000 1.00000
vt 1.00000 1.00000
vt 0.50000 0.50000
vt 1.00000 0.00000
vt 0.00000 0.00000
vt 0.00000 1.00000
vt 1.00000 1.00000
vt 0.50000 0.50000
vt 1.00000 0.00000
vt 0.00000 0.00000
vt 0.00000 1.00000
vt 1.00000 1.00000
vt 0.50000 0.50000
vt 1.00000 0.00000
vt 0.00000 0.00000
vt 0.00000 1.00000
vt 1.00000 1.00000
vt 0.50000 0.50000
vt 1.00000 0.00000
vt 0.00000 0.00000
vt 0.00000 1.00000
vt 1.00000 1.00000
vt 0.50000 0.50000
vt 1.00000 0.00000
vt 0.00000 0.00000
vt 0.00000 1.00000
vt 1.00000 1.00000
vt 0.50000 0.50000
vt 1.00000 0.00000
vt 0.00000 0.00000
vt 0.00000 1.00000
vt 1.00000 1.00000
vt 0.50000 0.50000
vt 1.00000 0.00000
vt 0.00000 0.00000
vt 0.00000 1.00000
vt 1.00000 1.00000
vt 0.50000 0.50000
vt 1.00000 0.00000
vt 0.00000 0.00000
vt 0.00000 1.00000
vt 1.00000 1.00000
vt 0.50000 0.50000
vt 1.00000 0.00000
vt 0.00000 0.00000
vt 0.00000 1.00000
vt 1.00000 1.00000
vt 0.50000 0.50000
vt 1.00000 0.00000
vt 0.00000 0.00000
vt 0.00000 1.00000
vt 1.00000 1.00000
vt 0.50000 0.50000
vt 1.00000 0.00000
vt 0.00000 0.00000
vt 0.00000 1.00000
vt 1.00000 1.00000
vt 0.50000 0.50000
vt 1.00000 0.00000
vt 0.00000 0.00000
vt 0.00000 1.00000
vt 1.00000 1.00000
vt 0.50000 0.50000
vt 1.00000 0.00000
vt 0.00000 0.00000
vt 0.00000 1.00000
vt 1.00000 1.00000
vt 0.50000 0.50000
vt 1.00000 0.00000
vt 0.00000 0.00000
vt 0.00000 1.00000
vt 1.00000 1.00000
vt 0.50000 0.50000
vt 1.00000 0.00000
vt 0.00000 0.00000
vt 0.00000 1.00000
vt 1.00000 1.00000
vt 0.50000 0.50000
vt 1.00000 0.00000
vt 0.00000 0.00000
vt 0.00000 1.00000
vt 1.00000 1.00000
vt 0.50000 0.50000
vt 1.00000 0.00000
vt 0.00000 0.00000
vt 0.00000 1.00000
vt 1.00000 1.00000
vt 0.50000 0.50000
vt 1.00000 0.00000
vt 0.00000 0.00000
vt 0.00000 1.00000
vt 1.00000 1.00000
vt 0.50000 0.50000
vt 1.00000 0.00000
vt 0.00000 0.00000
vt 0.00000 1.00000
vt 1.00000 1.00000
vt 0.50000 0.50000
vt 1.00000 0.00000
vt 0.00000 0.00000
vt 0.00000 1.00000
vt 1.00000 1.00000
vt 0.50000 0.50000
vt 1.00000 0.00000
vt 0.00000 0.00000
vt 0.00000 1.00000
vt 1.00000 1.00000
vt 0.50000 0.50000
vt 1.00000 0.00000
vt 0.00000 0.00000
vt 0.00000 1.00000
vt 1.00000 1.00000
vt 0.50000 0.50000
vt 1.00000 0.00000
vt 0.00000 0.00000
vt 0.00000 1.00000
vt 1.00000 1.00000
vt 0.50000 0.50000
vt 1.00000 0.00000
vt 0.00000 0.00000
vt 0.00000 1.00000
vt 1.00000 1.00000
vt 0.50000 0.50000
vt 1.00000 0.00000
vt 0.00000 0.00000
vt 0.00000 1.00000
vt 1.00000 1.00000
vt 0.50000 0.50000
vt 1.00000 0.00000
vt 0.00000 0.00000
vt 0.00000 1.00000
vt 1.00000 1.00000
vt 0.50000 0.50000
vt 1.00000 0.00000
vt 0.00000 0.00000
vt 0.00000 1.00000
vt 1.00000 1.00000
vt 0.50000 0.50000
vt 1.00000 0.00000
vt 0.00000 0.00000
vt 0.00000 1.00000
vt 1.00000 1.00000
vt 0.50000 0.50000
vt 1.00000 0.00000
vt 0.00000 0.00000
vt 0.00000 1.00000
vt 1.00000 1.00000
vt 0.50000 0.50000
vt 1.00000 0.00000
vt 0.00000 0.00000
vt 0.00000 1.00000
vt 1.00000 1.00000
vt 0.50000 0.50000
vt 1.00000 0.00000
vt 0.00000 0.00000
vt 0.00000 1.00000
vt 1.00000 1.00000
vt 0.50000 0.50000
vt 1.00000 0.00000
vt 0.00000 0.00000
vt 0.00000 1.00000
vt 1.00000 1.00000
vt 0.50000 0.50000
vt 1.00000 0.00000
vt 0.00000 0.00000
vt 0.00000 1.00000
vt 1.00000 1.00000
vt 0.50000 0.50000
vt 1.00000 0.00000
vt 0.00000 0.00000
vt 0.00000 1.00000
vt 1.00000 1.00000
vt 0.50000 0.50000
vt 1.00000 0.00000
vt 0.00000 0.00000
vt 0.00000 1.00000
vt 1.00000 1.00000
vt 0.50000 0.50000
vt 1.00000 0.00000
vt 0.00000 0.00000
vt 0.00000 1.00000
vt 1.00000 1.00000
vt 0.50000 0.50000
vt 1.00000 0.00000
vt 0.00000 0.00000
vt 0.00000 1.00000
vt 1.00000 1.00000
vt 0.50000 0.50000
vt 1.00000 0.00000
vt 0.00000 0.00000
vt 0.00000 1.00000
vt 1.00000 1.00000
vt 0.50000 0.50000
vt 1.00000 0.00000
vt 0.00000 0.00000
vt 0.00000 1.00000
vt 1.00000 1.00000
vt 0.50000 0.50000
vt 1.00000 0.00000
vt 0.00000 0.00000
vt 0.00000 1.00000
vt 1.00000 1.00000
vt 0.50000 0.50000
vt 1.00000 0.00000
vt 0.00000 0.00000
vt 0.00000 1.00000
vt 1.00000 1.00000
vt 0.50000 0.50000
vt 1.00000 0.00000
vt 0.00000 0.00000
vt 0.00000 1.00000
vt 1.00000 1.00000
vt 0.50000 0.50000
vt 1.00000 0.00000
vt 0.00000 0.00000
vt 0.00000 1.00000
vt 1.00000 1.00000
vt 0.50000 0.50000
vt 1.00000 0.00000
vt 0.00000 0.00000
vt 0.00000 1.00000
vt 1.00000 1.00000
vt 0.50000 0.50000
vt 1.00000 0.00000
vt 0.00000 0.00000
vt 0.00000 1.00000
vt 1.00000 1.00000
vt 0.50000 0.50000
vt 1.00000 0.00000
vt 0.00000 0.00000
vt 0.00000 1.00000
vt 1.00000 1.00000
vt 0.50000 0.50000
vt 1.00000 0.00000
vt 0.00000 0.00000
vt 0.00000 1.00000
vt 1.00000 1.00000
vt 0.50000 0.50000
vt 1.00000 0.00000
vt 0.00000 0.00000
vt 0.00000 1.00000
vt 1.00000 1.00000
vt 0.50000 0.50000
vt 1.00000 0.00000
vt 0.00000 0.00000
vt 0.00000 1.00000
vt 1.00000 1.00000
vt 0.50000 0.50000
vt 1.00000 0.00000
vt 0.00000 0.00000
vt 0.00000 1.00000
vt 1.00000 1.00000
vt 0.50000 0.50000
vt 1.00000 0.00000
vt 0.00000 0.00000
vt 0.00000 1.00000
vt 1.00000 1.00000
vt 0.50000 0.50000
vt 1.00000 0.00000
vt 0.00000 0.00000
vt 0.00000 1.00000
vt 1.00000 1.00000
vt 0.50000 0.50000
vt 1.00000 0.00000
vt 0.00000 0.00000
vt 0.00000 1.00000
vt 1.00000 1.00000
vt 0.50000 0.50000
vt 1.00000 0.00000
vt 0.00000 0.00000
vt 0.00000 1.00000
vt 1.00000 1.00000
vt 0.50000 0.50000
vt 1.00000 0.00000
vt 0.00000 0.00000
vt 0.00000 1.00000
vt 1.00000 1.00000
vt 0.50000 0.50000
vt 1.00000 0.00000
vt 0.00000 0.00000
vt 0.00000 1.00000
vt 1.00000 1.00000
vt 0.50000 0.50000
vt 1.00000 0.00000
vt 0.00000 0.00000
vt 0.00000 1.00000
vt 1.00000 1.00000
vt 0.50000 0.50000
vt 1.00000 0.00000
vt 0.00000 0.00000
vt 0.00000 1.00000
vt 1.00000 1.00000
vt 0.50000 0.50000
vt 1.00000 0.00000
vt 0.00000 0.00000
vt 0.00000 1.00000
vt 1.00000 1.00000
vt 0.50000 0.50000
vt 1.00000 0.00000
vt 0.00000 0.00000
vt 0.00000 1.00000
vt 1.00000 1.00000
vt 0.50000 0.50000
vt 1.00000 0.00000
vt 0.00000 0.00000
vt 0.00000 1.00000
vt 1.00000 1.00000
vt 0.50000 0.50000
vt 1.00000 0.00000
vt 0.00000 0.00000
vt 0.00000 1.00000
vt 1.00000 1.00000
vt 0.50000 0.50000
vt 1.00000 0.00000
vt 0.00000 0.00000
vt 0.00000 1.00000
vt 1.00000 1.00000
vt 0.50000 0.50000
vt 1.00000 0.00000
vt 0.00000 0.00000
vt 0.00000 1.00000
vt 1.00000 1.00000
vt 0.50000 0.50000
vt 1.00000 0.00000
vt 0.00000 0.00000
vt 0.00000 1.00000
vt 1.00000 1.00000
vt 0.50000 0.50000
vt 1.00000 0.00000
vt 0.00000 0.00000
vt 0.00000 1.00000
vt 1.00000 1.00000
vt 0.50000 0.50000
vt 1.00000 0.00000
vt 0.00000 0.00000
vt 0.00000 1.00000
vt 1.00000 1.00000
vt 0.50000 0.50000
vt 1.00000 0.00000
vt 0.00000 0.00000
vt 0.00000 1.00000
vt 1.00000 1.00000
vt 0.50000 0.50000
vt 1.00000 0.00000
vt 0.00000 0.00000
vt 0.00000 1.00000
vt 1.00000 1.00000
vt 0.50000 0.50000
vt 1.00000 0.00000
vt 0.00000 0.00000
vt 0.00000 1.00000
vt 1.00000 1.00000
vt 0.50000 0.50000
vt 1.00000 0.00000
vt 0.00000 0.00000
vt 0.00000 1.00000
vt 1.00000 1.00000
vt 0.50000 0.50000
vt 1.00000 0.00000
vt 0.00000 0.00000
vt 0.00000 1.00000
vt 1.00000 1.00000
vt 0.50000 0.50000
vt 1.00000 0.00000
vt 0.00000 0.00000
vt 0.00000 1.00000
vt 1.00000 1.00000
vt 0.50000 0.50000
vt 1.00000 0.00000
vt 0.00000 0.00000
vt 0.00000 1.00000
vt 1.00000 1.00000
vt 0.50000 0.50000
vt 1.00000 0.00000
vt 0.00000 0.00000
vt 0.00000 1.00000
vt 1.00000 1.00000
vt 0.50000 0.50000
vt 1.00000 0.00000
vt 0.00000 0.00000
vt 0.00000 1.00000
vt 1.00000 1.00000
vt 0.50000 0.50000
vt 1.00000 0.00000
vt 0.00000 0.00000
vt 0.00000 1.00000
vt 1.00000 1.00000
vt 0.50000 0.50000
vt 1.00000 0.00000
vt 0.00000 0.00000
vt 0.00000 1.00000
vt 1.00000 1.00000
vt 0.50000 0.50000
vt 1.00000 0.00000
vt 0.00000 0.00000
vt 0.00000 1.00000
vt 1.00000 1.00000
vt 0.50000 0.50000
vt 1.00000 0.00000
vt 0.00000 0.00000
vt 0.00000 1.00000
vt 1.00000 1.00000
vt 0.50000 0.50000
vt 1.00000 0.00000
vt 0.00000 0.00000
vt 0.00000 1.00000
vt 1.00000 1.00000
vt 0.50000 0.50000
vt 1.00000 0.00000
vt 0.00000 0.00000
vt 0.00000 1.00000
vt 1.00000 1.00000
vt 0.50000 0.50000
vt 1.00000 0.00000
vt 0.00000 0.00000
vt 0.00000 1.00000
vt 1.00000 1.00000
vt 0.50000 0.50000
vt 1.00000 0.00000
vt 0.00000 0.00000
vt 0.00000 1.00000
vt 1.00000 1.00000
vt 0.50000 0.50000
vt 1.00000 0.00000
vt 0.00000 0.00000
vt 0.00000 1.00000
vt 1.00000 1.00000
vt 0.50000 0.50000
vt 1.00000 0.00000
vt 0.00000 0.00000
vt 0.00000 1.00000
vt 1.00000 1.00000
vt 0.50000 0.50000
vt 1.00000 0.00000
vt 0.00000 0.00000
vt 0.00000 1.00000
vt 1.00000 1.00000
vt 0.50000 0.50000
vt 1.00000 0.00000
vt 0.00000 0.00000
vt 0.00000 1.00000
vt 1.00000 1.00000
vt 0.50000 0.50000
vt 1.00000 0.00000
vt 0.00000 0.00000
vt 0.00000 1.00000
vt 1.00000 1.00000
vt 0.50000 0.50000
vt 1.00000 0.00000
vt 0.00000 0.00000
vt 0.00000 1.00000
vt 1.00000 1.00000
vt 0.50000 0.50000
vt 1.00000 0.00000
vt 0.00000 0.00000
vt 0.00000 1.00000
vt 1.00000 1.00000
vt 0.50000 0.50000
vt 1.00000 0.00000
vt 0.00000 0.00000
vt 0.00000 1.00000
vt 1.00000 1.00000
vt 0.50000 0.50000
vt 1.00000 0.00000
vt 0.00000 0.00000
vt 0.00000 1.00000
vt 1.00000 1.00000
vt 0.50000 0.50000
vt 1.00000 0.00000
vt 0.00000 0.00000
vt 0.00000 1.00000
vt 1.00000 1.00000
vt 0.50000 0.50000
vt 1.00000 0.00000
vt 0.00000 0.00000
vt 0.00000 1.00000
vt 1.00000 1.00000
vt 0.50000 0.50000
vt 1.00000 0.00000
vt 0.00000 0.00000
vt 0.00000 1.00000
vt 1.00000 1.00000
vt 0.50000 0.50000
vt 1.00000 0.00000
vt 0.00000 0.00000
vt 0.00000 1.00000
vt 1.00000 1.00000
vt 0.50000 0.50000
vt 1.00000 0.00000
vt 0.00000 0.00000
vt 0.00000 1.00000
vt 1.00000 1.00000
vt 0.50000 0.50000
vt 1.00000 0.00000
vt 0.00000 0.00000
vt 0.00000 1.00000
vt 1.00000 1.00000
vt 0.50000 0.50000
vt 1.00000 0.00000
vt 0.00000 0.00000
vt 0.00000 1.00000
vt 1.00000 1.00000
vt 0.50000 0.50000
vt 1.00000 0.00000
vt 0.00000 0.00000
vt 0.00000 1.00000
vt 1.00000 1.00000
vt 0.50000 0.50000
vt 1.00000 0.00000
vt 0.00000 0.00000
vt 0.00000 1.00000
vt 1.00000 1.00000
vt 0.50000 0.50000
vt 1.00000 0.00000
vt 0.00000 0.00000
vt 0.00000 1.00000
vt 1.00000 1.00000
vt 0.50000 0.50000
vt 1.00000 0.00000
vt 0.00000 0.00000
vt 0.00000 1.00000
vt 1.00000 1.00000
vt 0.50000 0.50000
vt 1.00000 0.00000
vt 0.00000 0.00000
vt 0.00000 1.00000
vt 1.00000 1.00000
vt 0.50000 0.50000
vt 1.00000 0.00000
vt 0.00000 0.00000
vt 0.00000 1.00000
vt 1.00000 1.00000
vt 0.50000 0.50000
vt 1.00000 0.00000
vt 0.00000 0.00000
vt 0.00000 1.00000
vt 1.00000 1.00000
vt 0.50000 0.50000
vt 1.00000 0.00000
vt 0.00000 0.00000
vt 0.00000 1.00000
vt 1.00000 1.00000
vt 0.50000 0.50000
vt 1.00000 0.00000
vt 0.00000 0.00000
vt 0.00000 1.00000
vt 1.00000 1.00000
vt 0.50000 0.50000
vt 1.00000 0.00000
vt 0.00000 0.00000
vt 0.00000 1.00000
vt 1.00000 1.00000
vt 0.50000 0.50000
vt 1.00000 0.00000
vt 0.00000 0.00000
vt 0.00000 1.00000
vt 1.00000 1.00000
vt 0.50000 0.50000
vt 1.00000 0.00000
vt 0.00000 0.00000
vt 0.00000 1.00000
vt 1.00000 1.00000
vt 0.50000 0.50000
vt 1.00000 0.00000
vt 0.00000 0.00000
vt 0.00000 1.00000
vt 1.00000 1.00000
vt 0.50000 0.50000
vt 1.00000 0.00000
vt 0.00000 0.00000
vt 0.00000 1.00000
vt 1.00000 1.00000
vt 0.50000 0.50000
vt 1.00000 0.00000
vt 0.00000 0.00000
vt 0.00000 1.00000
vt 1.00000 1.00000
vt 0.50000 0.50000
vt 1.00000 0.00000
vt 0.00000 0.00000
vt 0.00000 1.00000
vt 1.00000 1.00000
vt 0.50000 0.50000
vt 1.00000 0.00000
vt 0.00000 0.00000
vt 0.00000 1.00000
vt 1.00000 1.00000
vt 0.50000 0.50000
vt 1.00000 0.00000
vt 0.00000 0.00000
vt 0.00000 1.00000
vt 1.00000 1.00000
vt 0.50000 0.50000
vt 1.00000 0.00000
vt 0.00000 0.00000
vt 0.00000 1.00000
vt 1.00000 1.00000
vt 0.50000 0.50000
vt 1.00000 0.00000
vt 0.00000 0.00000
vt 0.00000 1.00000
vt 1.00000 1.00000
vt 0.50000 0.50000
vt 1.00000 0.00000
vt 0.00000 0.00000
vt 0.00000 1.00000
vt 1.00000 1.00000
vt 0.50000 0.50000
vt 1.00000 0.00000
vt 0.00000 0.00000
vt 0.00000 1.00000
vt 1.00000 1.00000
vt 0.50000 0.50000
vt 1.00000 0.00000
vt 0.00000 0.00000
vt 0.00000 1.00000
vt 1.00000 1.00000
vt 0.50000 0.50000
vt 1.00000 0.00000
vt 0.00000 0.00000
vt 0.00000 1.00000
vt 1.00000 1.00000
vt 0.50000 0.50000
vt 1.00000 0.00000
vt 0.00000 0.00000
vt 0.00000 1.00000
vt 1.00000 1.00000
vt 0.50000 0.50000
vt 1.00000 0.00000
vt 0.00000 0.00000
vt 0.00000 1.00000
vt 1.00000 1.00000
vt 0.50000 0.50000
vt 1.00000 0.00000
vt 0.00000 0.00000
vt 0.00000 1.00000
vt 1.00000 1.00000
vt 0.50000 0.50000
vt 1.00000 0.00000
vt 0.00000 0.00000
vt 0.00000 1.00000
vt 1.00000 1.00000
vt 0.50000 0.50000
vt 1.00000 0.00000
vt 0.00000 0.00000
vt 0.00000 1.00000
vt 1.00000 1.00000
vt 0.50000 0.50000
vt 1.00000 0.00000
vt 0.00000 0.00000
vt 0.00000 1.00000
vt 1.00000 1.00000
vt 0.50000 0.50000
vt 1.00000 0.00000
vt 0.00000 0.00000
vt 0.00000 1.00000
vt 1.00000 1.00000
vt 0.50000 0.50000
vt 1.00000 0.00000
vt 0.00000 0.00000
vt 0.00000 1.00000
vt 1.00000 1.00000
vt 0.50000 0.50000
vt 1.00000 0.00000
vt 0.00000 0.00000
vt 0.00000 1.00000
vt 1.00000 1.00000
vt 0.50000 0.50000
vt 1.00000 0.00000
vt 0.00000 0.00000
vt 0.00000 1.00000
vt 1.00000 1.00000
vt 0.50000 0.50000
vt 1.00000 0.00000
vt 0.00000 0.00000
vt 0.00000 1.00000
vt 1.00000 1.00000
vt 0.50000 0.50000
vt 1.00000 0.00000
vt 0.00000 0.00000
vt 0.00000 1.00000
vt 1.00000 1.00000
vt 0.50000 0.50000
vt 1.00000 0.00000
vt 0.00000 0.00000
vt 0.00000 1.00000
vt 1.00000 1.00000
vt 0.50000 0.50000
vt 1.00000 0.00000
vt 0.00000 0.00000
vt 0.00000 1.00000
vt 1.00000 1.00000
vt 0.50000 0.50000
vt 1.00000 0.00000
vt 0.00000 0.00000
vt 0.00000 1.00000
vt 1.00000 1.00000
vt 0.50000 0.50000
vt 1.00000 0.00000
vt 0.00000 0.00000
vt 0.00000 1.00000
vt 1.00000 1.00000
vt 0.50000 0.50000
vt 1.00000 0.00000
vt 0.00000 0.00000
vt 0.00000 1.00000
vt 1.00000 1.00000
vt 0.50000 0.50000
vt 1.00000 0.00000
vt 0.00000 0.00000
vt 0.00000 1.00000
vt 1.00000 1.00000
vt 0.50000 0.50000
vt 1.00000 0.00000
vt 0.00000 0.00000
vt 0.00000 1.00000
vt 1.00000 1.00000
vt 0.50000 0.50000
vt 1.00000 0.00000
vt 0.00000 0.00000
vt 0.00000 1.00000
vt 1.00000 1.00000
vt 0.50000 0.50000
vt 1.00000 0.00000
vt 0.00000 0.00000
vt 0.00000 1.00000
vt 1.00000 1.00000
vt 0.50000 0.50000
vt 1.00000 0.00000
vt 0.00000 0.00000
vt 0.00000 1.00000
vt 1.00000 1.00000
vt 0.50000 0.50000
vt 1.00000 0.00000
vt 0.00000 0.00000
vt 0.00000 1.00000
vt 1.00000 1.00000
vt 0.50000 0.50000
vt 1.00000 0.00000
vt 0.00000 0.00000
vt 0.00000 1.00000
vt 1.00000 1.00000
vt 0.50000 0.50000
vt 1.00000 0.00000
vt 0.00000 0.00000
vt 0.00000 1.00000
vt 1.00000 1.00000
vt 0.50000 0.50000
vt 1.00000 0.00000
vt 0.00000 0.00000
vt 0.00000 1.00000
vt 1.00000 1.00000
vt 0.50000 0.50000
vt 1.00000 0.00000
vt 0.00000 0.00000
vt 0.00000 1.00000
vt 1.00000 1.00000
vt 0.50000 0.50000
vt 1.00000 0.00000
vt 0.00000 0.00000
vt 0.00000 1.00000
vt 1.00000 1.00000
vt 0.50000 0.50000
vt 1.00000 0.00000
vt 0.00000 0.00000
vt 0.00000 1.00000
vt 1.00000 1.00000
vt 0.50000 0.50000
vt 1.00000 0.00000
vt 0.00000 0.00000
vt 0.00000 1.00000
vt 1.00000 1.00000
vt 0.50000 0.50000
vt 1.00000 0.00000
vt 0.00000 0.00000
vt 0.00000 1.00000
vt 1.00000 1.00000
vt 0.50000 0.50000
vt 1.00000 0.00000
vt 0.00000 0.00000
vt 0.00000 1.00000
vt 1.00000 1.00000
vt 0.50000 0.50000
vt 1.00000 0.00000
vt 0.00000 0.00000
vt 0.00000 1.00000
vt 1.00000 1.00000
vt 0.50000 0.50000
vt 1.00000 0.00000
vt 0.00000 0.00000
vt 0.00000 1.00000
vt 1.00000 1.00000
vt 0.50000 0.50000
vt 1.00000 0.00000
vt 0.00000 0.00000
vt 0.00000 1.00000
vt 1.00000 1.00000
vt 0.50000 0.50000
vt 1.00000 0.00000
vt 0.00000 0.00000
vt 0.00000 1.00000
vt 1.00000 1.00000
vt 0.50000 0.50000
vt 1.00000 0.00000
vt 0.00000 0.00000
vt 0.00000 1.00000
vt 1.00000 1.00000
vt 0.50000 0.50000
vt 1.00000 0.00000
vt 0.00000 0.00000
vt 0.00000 1.00000
vt 1.00000 1.00000
vt 0.50000 0.50000
vt 1.00000 0.00000
vt 0.00000 0.00000
vt 0.00000 1.00000
vt 1.00000 1.00000
vt 0.50000 0.50000
vt 1.00000 0.00000
vt 0.00000 0.00000
vt 0.00000 1.00000
vt 1.00000 1.00000
vt 0.50000 0.50000
vt 1.00000 0.00000
vt 0.00000 0.00000
vt 0.00000 1.00000
vt 1.00000 1.00000
vt 0.50000 0.50000
vt 1.00000 0.00000
vt 0.00000 0.00000
vt 0.00000 1.00000
vt 1.00000 1.00000
vt 0.50000 0.50000
vt 1.00000 0.00000
vt 0.00000 0.00000
vt 0.00000 1.00000
vt 1.00000 1.00000
vt 0.50000 0.50000
vt 1.00000 0.00000
vt 0.00000 0.00000
vt 0.00000 1.00000
vt 1.00000 1.00000
vt 0.50000 0.50000
vt 1.00000 0.00000
vt 0.00000 0.00000
vt 0.00000 1.00000
vt 1.00000 1.00000
vt 0.50000 0.50000
vt 1.00000 0.00000
vt 0.00000 0.00000
vt 0.00000 1.00000
vt 1.00000 1.00000
vt 0.50000 0.50000
vt 1.00000 0.00000
vt 0.00000 0.00000
vt 0.00000 1.00000
vt 1.00000 1.00000
vt 0.50000 0.50000
vt 1.00000 0.00000
vt 0.00000 0.00000
vt 0.00000 1.00000
vt 1.00000 1.00000
vt 0.50000 0.50000
vt 1.00000 0.00000
vt 0.00000 0.00000
vt 0.00000 1.00000
vt 1.00000 1.00000
vt 0.50000 0.50000
vt 1.00000 0.00000
vt 0.00000 0.00000
vt 0.00000 1.00000
vt 1.00000 1.00000
vt 0.50000 0.50000
vt 1.00000 0.00000
vt 0.00000 0.00000
vt 0.00000 1.00000
vt 1.00000 1.00000
vt 0.50000 0.50000
vt 1.00000 0.00000
vt 0.00000 0.00000
vt 0.00000 1.00000
vt 1.00000 1.00000
vt 0.50000 0.50000
vt 1.00000 0.00000
vt 0.00000 0.00000
vt 0.00000 1.00000
vt 1.00000 1.00000
vt 0.50000 0.50000
vt 1.00000 0.00000
vt 0.00000 0.00000
vt 0.00000 1.00000
vt 1.00000 1.00000
vt 0.50000 0.50000
vt 1.00000 0.00000
vt 0.00000 0.00000
vt 0.00000 1.00000
vt 1.00000 1.00000
vt 0.50000 0.50000
vt 1.00000 0.00000
vt 0.00000 0.00000
vt 0.00000 1.00000
vt 1.00000 1.00000
vt 0.50000 0.50000
vt 1.00000 0.00000
vt 0.00000 0.00000
vt 0.00000 1.00000
vt 1.00000 1.00000
vt 0.50000 0.50000
vt 1.00000 0.00000
vt 0.00000 0.00000
vt 0.00000 1.00000
vt 1.00000 1.00000
vt 0.50000 0.50000
vt 1.00000 0.00000
vt 0.00000 0.00000
vt 0.00000 1.00000
vt 1.00000 1.00000
vt 0.50000 0.50000
vt 1.00000 0.00000
vt 0.00000 0.00000
vt 0.00000 1.00000
vt 1.00000 1.00000
vt 0.50000 0.50000
vt 1.00000 0.00000
vt 0.00000 0.00000
vt 0.00000 1.00000
vt 1.00000 1.00000
vt 0.50000 0.50000
vt 1.00000 0.00000
vt 0.00000 0.00000
vt 0.00000 1.00000
vt 1.00000 1.00000
vt 0.50000 0.50000
vt 1.00000 0.00000
vt 0.00000 0.00000
vt 0.00000 1.00000
vt 1.00000 1.00000
vt 0.50000 0.50000
vt 1.00000 0.00000
vt 0.00000 0.00000
vt 0.00000 1.00000
vt 1.00000 1.00000
vt 0.50000 0.50000
vt 1.00000 0.00000
vt 0.00000 0.00000
vt 0.00000 1.00000
vt 1.00000 1.00000
vt 0.50000 0.50000
vt 1.00000 0.00000
vt 0.00000 0.00000
vt 0.00000 1.00000
vt 1.00000 1.00000
vt 0.50000 0.50000
vt 1.00000 0.00000
vt 0.00000 0.00000
vt 0.00000 1.00000
vt 1.00000 1.00000
vt 0.50000 0.50000
vt 1.00000 0.00000
vt 0.00000 0.00000
vt 0.00000 1.00000
vt 1.00000 1.00000
vt 0.50000 0.50000
vt 1.00000 0.00000
vt 0.00000 0.00000
vt 0.00000 1.00000
vt 1.00000 1.00000
vt 0.50000 0.50000
vt 1.00000 0.00000
vt 0.00000 0.00000
vt 0.00000 1.00000
vt 1.00000 1.00000
vt 0.50000 0.50000
vt 1.00000 0.00000
vt 0.00000 0.00000
vt 0.00000 1.00000
vt 1.00000 1.00000
vt 0.50000 0.50000
vt 1.00000 0.00000
vt 0.00000 0.00000
vt 0.00000 1.00000
vt 1.00000 1.00000
vt 0.50000 0.50000
vt 1.00000 0.00000
vt 0.00000 0.00000
vt 0.00000 1.00000
vt 1.00000 1.00000
vt 0.50000 0.50000
vt 1.00000 0.00000
vt 0.00000 0.00000
vt 0.00000 1.00000
vt 1.00000 1.00000
vt 0.50000 0.50000
vt 1.00000 0.00000
vt 0.00000 0.00000
vt 0.00000 1.00000
vt 1.00000 1.00000
vt 0.50000 0.50000
vt 1.00000 0.00000
vt 0.00000 0.00000
vt 0.00000 1.00000
vt 1.00000 1.00000
vt 0.50000 0.50000
vt 1.00000 0.00000
vt 0.00000 0.00000
vt 0.00000 1.00000
vt 1.00000 1.00000
vt 0.50000 0.50000
vt 1.00000 0.00000
vt 0.00000 0.00000
vt 0.00000 1.00000
vt 1.00000 1.00000
vt 0.50000 0.50000
vt 1.00000 0.00000
vt 0.00000 0.00000
vt 0.00000 1.00000
vt 1.00000 1.00000
vt 0.50000 0.50000
vt 1.00000 0.00000
vt 0.00000 0.00000
vt 0.00000 1.00000
vt 1.00000 1.00000
vt 0.50000 0.50000
vt 1.00000 0.00000
vt 0.00000 0.00000
vt 0.00000 1.00000
vt 1.00000 1.00000
vt 0.50000 0.50000
vt 1.00000 0.00000
vt 0.00000 0.00000
vt 0.00000 1.00000
vt 1.00000 1.00000
vt 0.50000 0.50000
vt 1.00000 0.00000
vt 0.00000 0.00000
vt 0.00000 1.00000
vt 1.00000 1.00000
vt 0.50000 0.50000
vt 1.00000 0.00000
vt 0.00000 0.00000
vt 0.00000 1.00000
vt 1.00000 1.00000
vt 0.50000 0.50000
vt 1.00000 0.00000
vt 0.00000 0.00000
vt 0.00000 1.00000
vt 1.00000 1.00000
vt 0.50000 0.50000
vt 1.00000 0.00000
vt 0.00000 0.00000
vt 0.00000 1.00000
vt 1.00000 1.00000
vt 0.50000 0.50000
vt 1.00000 0.00000
vt 0.00000 0.00000
vt 0.00000 1.00000
vt 1.00000 1.00000
vt 0.50000 0.50000
vt 1.00000 0.00000
vt 0.00000 0.00000
vt 0.00000 1.00000
vt 1.00000 1.00000
vt 0.50000 0.50000
vt 1.00000 0.00000
vt 0.00000 0.00000
vt 0.00000 1.00000
vt 1.00000 1.00000
vt 0.50000 0.50000
vt 1.00000 0.00000
vt 0.00000 0.00000
vt 0.00000 1.00000
vt 1.00000 1.00000
vt 0.50000 0.50000
vt 1.00000 0.00000
vt 0.00000 0.00000
vt 0.00000 1.00000
vt 1.00000 1.00000
vt 0.50000 0.50000
vt 1.00000 0.00000
vt 0.00000 0.00000
vt 0.00000 1.00000
vt 1.00000 1.00000
vt 0.50000 0.50000
vt 1.00000 0.00000
vt 0.00000 0.00000
vt 0.00000 1.00000
vt 1.00000 1.00000
vt 0.50000 0.50000
vt 1.00000 0.00000
vt 0.00000 0.00000
vt 0.00000 1.00000
vt 1.00000 1.00000
vt 0.50000 0.50000
vt 1.00000 0.00000
vt 0.00000 0.00000
vt 0.00000 1.00000
vt 1.00000 1.00000
vt 0.50000 0.50000
vt 1.00000 0.00000
vt 0.00000 0.00000
vt 0.00000 1.00000
vt 1.00000 1.00000
vt 0.50000 0.50000
vt 1.00000 0.00000
vt 0.00000 0.00000
vt 0.00000 1.00000
vt 1.00000 1.00000
vt 0.50000 0.50000
vt 1.00000 0.00000
vt 0.00000 0.00000
vt 0.00000 1.00000
vt 1.00000 1.00000
vt 0.50000 0.50000
vt 1.00000 0.00000
vt 0.00000 0.00000
vt 0.00000 1.00000
vt 1.00000 1.00000
vt 0.50000 0.50000
vt 1.00000 0.00000
vt 0.00000 0.00000
vt 0.00000 1.00000
vt 1.00000 1.00000
vt 0.50000 0.50000
vt 1.00000 0.00000
vt 0.00000 0.00000
vt 0.00000 1.00000
vt 1.00000 1.00000
vt 0.50000 0.50000
vt 1.00000 0.00000
vt 0.00000 0.00000
vt 0.00000 1.00000
vt 1.00000 1.00000
vt 0.50000 0.50000
vt 1.00000 0.00000
vt 0.00000 0.00000
vt 0.00000 1.00000
vt 1.00000 1.00000
vt 0.50000 0.50000
vt 1.00000 0.00000
vt 0.00000 0.00000
vt 0.00000 1.00000
vt 1.00000 1.00000
vt 0.50000 0.50000
vt 1.00000 0.00000
vt 0.00000 0.00000
vt 0.00000 1.00000
vt 1.00000 1.00000
vt 0.50000 0.50000
vt 1.00000 0.00000
vt 0.00000 0.00000
vt 0.00000 1.00000
vt 1.00000 1.00000
vt 0.50000 0.50000
vt 1.00000 0.00000
vt 0.00000 0.00000
vt 0.00000 1.00000
vt 1.00000 1.00000
vt 0.50000 0.50000
vt 1.00000 0.00000
vt 0.00000 0.00000
vt 0.00000 1.00000
vt 1.00000 1.00000
vt 0.50000 0.50000
vt 1.00000 0.00000
vt 0.00000 0.00000
vt 0.00000 1.00000
vt 1.00000 1.00000
vt 0.50000 0.50000
vt 1.00000 0.00000
vt 0.00000 0.00000
vt 0.00000 1.00000
vt 1.00000 1.00000
vt 0.50000 0.50000
vt 1.00000 0.00000
vt 0.00000 0.00000
vt 0.00000 1.00000
vt 1.00000 1.00000
vt 0.50000 0.50000
vt 1.00000 0.00000
vt 0.00000 0.00000
vt 0.00000 1.00000
vt 1.00000 1.00000
vt 0.50000 0.50000
vt 1.00000 0.00000
vt 0.00000 0.00000
vt 0.00000 1.00000
vt 1.00000 1.00000
vt 0.50000 0.50000
vt 1.00000 0.00000
vt 0.00000 0.00000
vt 0.00000 1.00000
vt 1.00000 1.00000
vt 0.50000 0.50000
vt 1.00000 0.00000
vt 0.00000 0.00000
vt 0.00000 1.00000
vt 1.00000 1.00000
vt 0.50000 0.50000
vt 1.00000 0.00000
vt 0.00000 0.00000
vt 0.00000 1.00000
vt 1.00000 1.00000
vt 0.50000 0.50000
vt 1.00000 0.00000
vt 0.00000 0.00000
vt 0.00000 1.00000
vt 1.00000 1.00000
vt 0.50000 0.50000
vt 1.00000 0.00000
vt 0.00000 0.00000
vt 0.00000 1.00000
vt 1.00000 1.00000
vt 0.50000 0.50000
vt 1.00000 0.00000
vt 0.00000 0.00000
vt 0.00000 1.00000
vt 1.00000 1.00000
vt 0.50000 0.50000
vt 1.00000 0.00000
vt 0.00000 0.00000
vt 0.00000 1.00000
vt 1.00000 1.00000
vt 0.50000 0.50000
vt 1.00000 0.00000
vt 0.00000 0.00000
vt 0.00000 1.00000
vt 1.00000 1.00000
vt 0.50000 0.50000
vt 1.00000 0.00000
vt 0.00000 0.00000
vt 0.00000 1.00000
vt 1.00000 1.00000
vt 0.50000 0.50000
vt 1.00000 0.00000
vt 0.00000 0.00000
vt 0.00000 1.00000
vt 1.00000 1.00000
vt 0.50000 0.50000
vt 1.00000 0.00000
vt 0.00000 0.00000
vt 0.00000 1.00000
vt 1.00000 1.00000
vt 0.50000 0.50000
vt 1.00000 0.00000
vt 0.00000 0.00000
vt 0.00000 1.00000
vt 1.00000 1.00000
vt 0.50000 0.50000
vt 1.00000 0.00000
vt 0.00000 0.00000
vt 0.00000 1.00000
vt 1.00000 1.00000
vt 0.50000 0.50000
vt 1.00000 0.00000
vt 0.00000 0.00000
vt 0.00000 1.00000
vt 1.00000 1.00000
vt 0.50000 0.50000
vt 1.00000 0.00000
vt 0.00000 0.00000
vt 0.00000 1.00000
vt 1.00000 1.00000
vt 0.50000 0.50000
vt 1.00000 0.00000
vt 0.00000 0.00000
vt 0.00000 1.00000
vt 1.00000 1.00000
vt 0.50000 0.50000
vt 1.00000 0.00000
vt 0.00000 0.00000
vt 0.00000 1.00000
vt 1.00000 1.00000
vt 0.50000 0.50000
vt 1.00000 0.00000
vt 0.00000 0.00000
vt 0.00000 1.00000
vt 1.00000 1.00000
vt 0.50000 0.50000
vt 1.00000 0.00000
vt 0.00000 0.00000
vt 0.00000 1.00000
vt 1.00000 1.00000
vt 0.50000 0.50000
vt 1.00000 0.00000
vt 0.00000 0.00000
vt 0.00000 1.00000
vt 1.00000 1.00000
vt 0.50000 0.50000
vt 1.00000 0.00000
vt 0.00000 0.00000
vt 0.00000 1.00000
vt 1.00000 1.00000
vt 0.50000 0.50000
vt 1.00000 0.00000
vt 0.00000 0.00000
vt 0.00000 1.00000
vt 1.00000 1.00000
vt 0.50000 0.50000
vt 1.00000 0.00000
vt 0.00000 0.00000
vt 0.00000 1.00000
vt 1.00000 1.00000
vt 0.50000 0.50000
vt 1.00000 0.00000
vt 0.00000 0.00000
vt 0.00000 1.00000
vt 1.00000 1.00000
vt 0.50000 0.50000
vt 1.00000 0.00000
vt 0.00000 0.00000
vt 0.00000 1.00000
vt 1.00000 1.00000
vt 0.50000 0.50000
vt 1.00000 0.00000
vt 0.00000 0.00000
vt 0.00000 1.00000
vt 1.00000 1.00000
vt 0.50000 0.50000
vt 1.00000 0.00000
vt 0.00000 0.00000
vt 0.00000 1.00000
vt 1.00000 1.00000
vt 0.50000 0.50000
vt 1.00000 0.00000
vt 0.00000 0.00000
vt 0.00000 1.00000
vt 1.00000 1.00000
vt 0.50000 0.50000
vt 1.00000 0.00000
vt 0.00000 0.00000
vt 0.00000 1.00000
vt 1.00000 1.00000
vt 0.50000 0.50000
vt 1.00000 0.00000
vt 0.00000 0.00000
vt 0.00000 1.00000
vt 1.00000 1.00000
vt 0.50000 0.50000
vt 1.00000 0.00000
vt 0.00000 0.00000
vt 0.00000 1.00000
vt 1.00000 1.00000
vt 0.50000 0.50000
vt 1.00000 0.00000
vt 0.00000 0.00000
vt 0.00000 1.00000
vt 1.00000 1.00000
vt 0.50000 0.50000
vt 1.00000 0.00000
vt 0.00000 0.00000
vt 0.00000 1.00000
vt 1.00000 1.00000
vt 0.50000 0.50000
vt 1.00000 0.00000
vt 0.00000 0.00000
vt 0.00000 1.00000
vt 1.00000 1.00000
vt 0.50000 0.50000
vt 1.00000 0.00000
vt 0.00000 0.00000
vt 0.00000 1.00000
vt 1.00000 1.00000
vt 0.50000 0.50000
vt 1.00000 0.00000
vt 0.00000 0.00000
vt 0.00000 1.00000
vt 1.00000 1.00000
vt 0.50000 0.50000
vt 1.00000 0.00000
vt 0.00000 0.00000
vt 0.00000 1.00000
vt 1.00000 1.00000
vt 0.50000 0.50000
vt 1.00000 0.00000
vt 0.00000 0.00000
vt 0.00000 1.00000
vt 1.00000 1.00000
vt 0.50000 0.50000
vt 1.00000 0.00000
vt 0.00000 0.00000
vt 0.00000 1.00000
vt 1.00000 1.00000
vt 0.50000 0.50000
vt 1.00000 0.00000
vt 0.00000 0.00000
vt 0.00000 1.00000
vt 1.00000 1.00000
vt 0.50000 0.50000
vt 1.00000 0.00000
vt 0.00000 0.00000
vt 0.00000 1.00000
vt 1.00000 1.00000
vt 0.50000 0.50000
vt 1.00000 0.00000
vt 0.00000 0.00000
vt 0.00000 1.00000
vt 1.00000 1.00000
vt 0.50000 0.50000
vt 1.00000 0.00000
vt 0.00000 0.00000
vt 0.00000 1.00000
vt 1.00000 1.00000
vt 0.50000 0.50000
vt 1.00000 0.00000
vt 0.00000 0.00000
vt 0.00000 1.00000
vt 1.00000 1.00000
vt 0.50000 0.50000
vt 1.00000 0.00000
vt 0.00000 0.00000
vt 0.00000 1.00000
vt 1.00000 1.00000
vt 0.50000 0.50000
vt 1.00000 0.00000
vt 0.00000 0.00000
vt 0.00000 1.00000
vt 1.00000 1.00000
vt 0.50000 0.50000
vt 1.00000 0.00000
vt 0.00000 0.00000
vt 0.00000 1.00000
vt 1.00000 1.00000
vt 0.50000 0.50000
vt 1.00000 0.00000
vt 0.00000 0.00000
vt 0.00000 1.00000
vt 1.00000 1.00000
vt 0.50000 0.50000
vt 1.00000 0.00000
vt 0.00000 0.00000
vt 0.00000 1.00000
vt 1.00000 1.00000
vt 0.50000 0.50000
vt 1.00000 0.00000
vt 0.00000 0.00000
vt 0.00000 1.00000
vt 1.00000 1.00000
vt 0.50000 0.50000
vt 1.00000 0.00000
vt 0.00000 0.00000
vt 0.00000 1.00000
vt 1.00000 1.00000
vt 0.50000 0.50000
vt 1.00000 0.00000
vt 0.00000 0.00000
vt 0.00000 1.00000
vt 1.00000 1.00000
vt 0.50000 0.50000
vt 1.00000 0.00000
vt 0.00000 0.00000
vt 0.00000 1.00000
vt 1.00000 1.00000
vt 0.50000 0.50000
vt 1.00000 0.00000
vt 0.00000 0.00000
vt 0.00000 1.00000
vt 1.00000 1.00000
vt 0.50000 0.50000
vt 1.00000 0.00000
vt 0.00000 0.00000
vt 0.00000 1.00000
vt 1.00000 1.00000
vt 0.50000 0.50000
vt 1.00000 0.00000
vt 0.00000 0.00000
vt 0.00000 1.00000
vt 1.00000 1.00000
vt 0.50000 0.50000
vt 1.00000 0.00000
vt 0.00000 0.00000
vt 0.00000 1.00000
vt 1.00000 1.00000
vt 0.50000 0.50000
vt 1.00000 0.00000
vt 0.00000 0.00000
vt 0.00000 1.00000
vt 1.00000 1.00000
vt 0.50000 0.50000
vt 1.00000 0.00000
vt 0.00000 0.00000
vt 0.00000 1.00000
vt 1.00000 1.00000
vt 0.50000 0.50000
vt 1.00000 0.00000
vt 0.00000 0.00000
vt 0.00000 1.00000
vt 1.00000 1.00000
vt 0.50000 0.50000
vt 1.00000 0.00000
vt 0.00000 0.00000
vt 0.00000 1.00000
vt 1.00000 1.00000
vt 0.50000 0.50000
vt 1.00000 0.00000
vt 0.00000 0.00000
vt 0.00000 1.00000
vt 1.00000 1.00000
vt 0.50000 0.50000
vt 1.00000 0.00000
vt 0.00000 0.00000
vt 0.00000 1.00000
vt 1.00000 1.00000
vt 0.50000 0.50000
vt 1.00000 0.00000
vt 0.00000 0.00000
vt 0.00000 1.00000
vt 1.00000 1.00000
vt 0.50000 0.50000
vt 1.00000 0.00000
vt 0.00000 0.00000
vt 0.00000 1.00000
vt 1.00000 1.00000
vt 0.50000 0.50000
vt 1.00000 0.00000
vt 0.00000 0.00000
vt 0.00000 1.00000
vt 1.00000 1.00000
vt 0.50000 0.50000
vt 1.00000 0.00000
vt 0.00000 0.00000
vt 0.00000 1.00000
vt 1.00000 1.00000
vt 0.50000 0.50000
vt 1.00000 0.00000
vt 0.00000 0.00000
vt 0.00000 1.00000
vt 1.00000 1.00000
vt 0.50000 0.50000
vt 1.00000 0.00000
vt 0.00000 0.00000
vt 0.00000 1.00000
vt 1.00000 1.00000
vt 0.50000 0.50000
vt 1.00000 0.00000
vt 0.00000 0.00000
vt 0.00000 1.00000
vt 1.00000 1.00000
vt 0.50000 0.50000
vt 1.00000 0.00000
vt 0.00000 0.00000
vt 0.00000 1.00000
vt 1.00000 1.00000
vt 0.50000 0.50000
vt 1.00000 0.00000
vt 0.00000 0.00000
vt 0.00000 1.00000
vt 1.00000 1.00000
vt 0.50000 0.50000
vt 1.00000 0.00000
vt 0.00000 0.00000
vt 0.00000 1.00000
vt 1.00000 1.00000
vt 0.50000 0.50000
vt 1.00000 0.00000
vt 0.00000 0.00000
vt 0.00000 1.00000
vt 1.00000 1.00000
vt 0.50000 0.50000
vt 1.00000 0.00000
vt 0.00000 0.00000
vt 0.00000 1.00000
vt 1.00000 1.00000
vt 0.50000 0.50000
vt 1.00000 0.00000
vt 0.00000 0.00000
vt 0.00000 1.00000
vt 1.00000 1.00000
vt 0.50000 0.50000
vt 1.00000 0.00000
vt 0.00000 0.00000
vt 0.00000 1.00000
vt 1.00000 1.00000
vt 0.50000 0.50000
vt 1.00000 0.00000
vt 0.00000 0.00000
vt 0.00000 1.00000
vt 1.00000 1.00000
vt 0.50000 0.50000
vt 1.00000 0.00000
vt 0.00000 0.00000
vt 0.00000 1.00000
vt 1.00000 1.00000
vt 0.50000 0.50000
vt 1.00000 0.00000
vt 0.00000 0.00000
vt 0.00000 1.00000
vt 1.00000 1.00000
vt 0.50000 0.50000
vt 1.00000 0.00000
vt 0.00000 0.00000
vt 0.00000 1.00000
vt 1.00000 1.00000
vt 0.50000 0.50000
vt 1.00000 0.00000
vt 0.00000 0.00000
vt 0.00000 1.00000
vt 1.00000 1.00000
vt 0.50000 0.50000
vt 1.00000 0.00000
vt 0.00000 0.00000
vt 0.00000 1.00000
vt 1.00000 1.00000
vt 0.50000 0.50000
vt 1.00000 0.00000
vt 0.00000 0.00000
vt 0.00000 1.00000
vt 1.00000 1.00000
vt 0.50000 0.50000
vt 1.00000 0.00000
vt 0.00000 0.00000
vt 0.00000 1.00000
vt 1.00000 1.00000
vt 0.50000 0.50000
vt 1.00000 0.00000
vt 0.00000 0.00000
vt 0.00000 1.00000
vt 1.00000 1.00000
vt 0.50000 0.50000
vt 1.00000 0.00000
vt 0.00000 0.00000
vt 0.00000 1.00000
vt 1.00000 1.00000
vt 0.50000 0.50000
vt 1.00000 0.00000
vt 0.00000 0.00000
vt 0.00000 1.00000
vt 1.00000 1.00000
vt 0.50000 0.50000
vt 1.00000 0.00000
vt 0.00000 0.00000
vt 0.00000 1.00000
vt 1.00000 1.00000
vt 0.50000 0.50000
vt 1.00000 0.00000
vt 0.00000 0.00000
vt 0.00000 1.00000
vt 1.00000 1.00000
vt 0.50000 0.50000
vt 1.00000 0.00000
vt 0.00000 0.00000
vt 0.00000 1.00000
vt 1.00000 1.00000
vt 0.50000 0.50000
vt 1.00000 0.00000
vt 0.00000 0.00000
vt 0.00000 1.00000
vt 1.00000 1.00000
vt 0.50000 0.50000
vt 1.00000 0.00000
vt 0.00000 0.00000
vt 0.00000 1.00000
vt 1.00000 1.00000
vt 0.50000 0.50000
vt 1.00000 0.00000
vt 0.00000 0.00000
vt 0.00000 1.00000
vt 1.00000 1.00000
vt 0.50000 0.50000
vt 1.00000 0.00000
vt 0.00000 0.00000
vt 0.00000 1.00000
vt 1.00000 1.00000
vt 0.50000 0.50000
vt 1.00000 0.00000
vt 0.00000 0.00000
vt 0.00000 1.00000
vt 1.00000 1.00000
vt 0.50000 0.50000
vt 1.00000 0.00000
vt 0.00000 0.00000
vt 0.00000 1.00000
vt 1.00000 1.00000
vt 0.50000 0.50000
vt 1.00000 0.00000
vt 0.00000 0.00000
vt 0.00000 1.00000
vt 1.00000 1.00000
vt 0.50000 0.50000
vt 1.00000 0.00000
vt 0.00000 0.00000
vt 0.00000 1.00000
vt 1.00000 1.00000
vt 0.50000 0.50000
vt 1.00000 0.00000
vt 0.00000 0.00000
vt 0.00000 1.00000
vt 1.00000 1.00000
vt 0.50000 0.50000
vt 1.00000 0.00000
vt 0.00000 0.00000
vt 0.00000 1.00000
vt 1.00000 1.00000
vt 0.50000 0.50000
vt 1.00000 0.00000
vt 0.00000 0.00000
vt 0.00000 1.00000
vt 1.00000 1.00000
vt 0.50000 0.50000
vt 1.00000 0.00000
vt 0.00000 0.00000
vt 0.00000 1.00000
vt 1.00000 1.00000
vt 0.50000 0.50000
vt 1.00000 0.00000
vt 0.00000 0.00000
vt 0.00000 1.00000
vt 1.00000 1.00000
vt 0.50000 0.50000
vt 1.00000 0.00000
vt 0.00000 0.00000
vt 0.00000 1.00000
vt 1.00000 1.00000
vt 0.50000 0.50000
vt 1.00000 0.00000
vt 0.00000 0.00000
vt 0.00000 1.00000
vt 1.00000 1.00000
vt 0.50000 0.50000
vt 1.00000 0.00000
vt 0.00000 0.00000
vt 0.00000 1.00000
vt 1.00000 1.00000
vt 0.50000 0.50000
vt 1.00000 0.00000
vt 0.00000 0.00000
vt 0.00000 1.00000
vt 1.00000 1.00000
vt 0.50000 0.50000
vt 1.00000 0.00000
vt 0.00000 0.00000
vt 0.00000 1.00000
vt 1.00000 1.00000
vt 0.50000 0.50000
vt 1.00000 0.00000
vt 0.00000 0.00000
vt 0.00000 1.00000
vt 1.00000 1.00000
vt 0.50000 0.50000
vt 1.00000 0.00000
vt 0.00000 0.00000
vt 0.00000 1.00000
vt 1.00000 1.00000
vt 0.50000 0.50000
vt 1.00000 0.00000
vt 0.00000 0.00000
vt 0.00000 1.00000
vt 1.00000 1.00000
vt 0.50000 0.50000
vt 1.00000 0.00000
vt 0.00000 0.00000
vt 0.00000 1.00000
vt 1.00000 1.00000
vt 0.50000 0.50000
vt 1.00000 0.00000
vt 0.00000 0.00000
vt 0.00000 1.00000
vt 1.00000 1.00000
vt 0.50000 0.50000
vt 1.00000 0.00000
vt 0.00000 0.00000
vt 0.00000 1.00000
vt 1.00000 1.00000
vt 0.50000 0.50000
vt 1.00000 0.00000
vt 0.00000 0.00000
vt 0.00000 1.00000
vt 1.00000 1.00000
vt 0.50000 0.50000
vt 1.00000 0.00000
vt 0.00000 0.00000
vt 0.00000 1.00000
vt 1.00000 1.00000
vt 0.50000 0.50000
vt 1.00000 0.00000
vt 0.00000 0.00000
vt 0.00000 1.00000
vt 1.00000 1.00000
vt 0.50000 0.50000
vt 1.00000 0.00000
vt 0.00000 0.00000
vt 0.00000 1.00000
vt 1.00000 1.00000
vt 0.50000 0.50000
vt 1.00000 0.00000
vt 0.00000 0.00000
vt 0.00000 1.00000
vt 1.00000 1.00000
vt 0.50000 0.50000
vt 1.00000 0.00000
vt 0.00000 0.00000
vt 0.00000 1.00000
vt 1.00000 1.00000
vt 0.50000 0.50000
vt 1.00000 0.00000
vt 0.00000 0.00000
vt 0.00000 1.00000
vt 1.00000 1.00000
vt 0.50000 0.50000
vt 1.00000 0.00000
vt 0.00000 0.00000
vt 0.00000 1.00000
vt 1.00000 1.00000
vt 0.50000 0.50000
vt 1.00000 0.00000
vt 0.00000 0.00000
vt 0.00000 1.00000
vt 1.00000 1.00000
vt 0.50000 0.50000
vt 1.00000 0.00000
vt 0.00000 0.00000
vt 0.00000 1.00000
vt 1.00000 1.00000
vt 0.50000 0.50000
vt 1.00000 0.00000
vt 0.00000 0.00000
vt 0.00000 1.00000
vt 1.00000 1.00000
vt 0.50000 0.50000
vt 1.00000 0.00000
vt 0.00000 0.00000
vt 0.00000 1.00000
vt 1.00000 1.00000
vt 0.50000 0.50000
vt 1.00000 0.00000
vt 0.00000 0.00000
vt 0.00000 1.00000
vt 1.00000 1.00000
vt 0.50000 0.50000
vt 1.00000 0.00000
vt 0.00000 0.00000
vt 0.00000 1.00000
vt 1.00000 1.00000
vt 0.50000 0.50000
vt 1.00000 0.00000
vt 0.00000 0.00000
vt 0.00000 1.00000
vt 1.00000 1.00000
vt 0.50000 0.50000
vt 1.00000 0.00000
vt 0.00000 0.00000
vt 0.00000 1.00000
vt 1.00000 1.00000
vt 0.50000 0.50000
vt 1.00000 0.00000
vt 0.00000 0.00000
vt 0.00000 1.00000
vt 1.00000 1.00000
vt 0.50000 0.50000
vt 1.00000 0.00000
vt 0.00000 0.00000
vt 0.00000 1.00000
vt 1.00000 1.00000
vt 0.50000 0.50000
vt 1.00000 0.00000
vt 0.00000 0.00000
vt 0.00000 1.00000
vt 1.00000 1.00000
vt 0.50000 0.50000
vt 1.00000 0.00000
vt 0.00000 0.00000
vt 0.00000 1.00000
vt 1.00000 1.00000
vt 0.50000 0.50000
vt 1.00000 0.00000
vt 0.00000 0.00000
vt 0.00000 1.00000
vt 1.00000 1.00000
vt 0.50000 0.50000
vt 1.00000 0.00000
vt 0.00000 0.00000
vt 0.00000 1.00000
vt 1.00000 1.00000
vt 0.50000 0.50000
vt 1.00000 0.00000
vt 0.00000 0.00000
vt 0.00000 1.00000
vt 1.00000 1.00000
vt 0.50000 0.50000
vt 1.00000 0.00000
vt 0.00000 0.00000
vt 0.00000 1.00000
vt 1.00000 1.00000
vt 0.50000 0.50000
vt 1.00000 0.00000
vt 0.00000 0.00000
vt 0.00000 1.00000
vt 1.00000 1.00000
vt 0.50000 0.50000
vt 1.00000 0.00000
vt 0.00000 0.00000
vt 0.00000 1.00000
vt 1.00000 1.00000
vt 0.50000 0.50000
vt 1.00000 0.00000
vt 0.00000 0.00000
vt 0.00000 1.00000
vt 1.00000 1.00000
vt 0.50000 0.50000
vt 1.00000 0.00000
vt 0.00000 0.00000
vt 0.00000 1.00000
vt 1.00000 1.00000
vt 0.50000 0.50000
vt 1.00000 0.00000
vt 0.00000 0.00000
vt 0.00000 1.00000
vt 1.00000 1.00000
vt 0.50000 0.50000
vt 1.00000 0.00000
vt 0.00000 0.00000
vt 0.00000 1.00000
vt 1.00000 1.00000
vt 0.50000 0.50000
vt 1.00000 0.00000
vt 0.00000 0.00000
vt 0.00000 1.00000
vt 1.00000 1.00000
vt 0.50000 0.50000
vt 1.00000 0.00000
vt 0.00000 0.00000
vt 0.00000 1.00000
vt 1.00000 1.00000
vt 0.50000 0.50000
vt 1.00000 0.00000
vt 0.00000 0.00000
vt 0.00000 1.00000
vt 1.00000 1.00000
vt 0.50000 0.50000
vt 1.00000 0.00000
vt 0.00000 0.00000
vt 0.00000 1.00000
vt 1.00000 1.00000
vt 0.50000 0.50000
vt 1.00000 0.00000
vt 0.00000 0.00000
vt 0.00000 1.00000
vt 1.00000 1.00000
vt 0.50000 0.50000
vt 1.00000 0.00000
vt 0.00000 0.00000
vt 0.00000 1.00000
vt 1.00000 1.00000
vt 0.50000 0.50000
vt 1.00000 0.00000
vt 0.00000 0.00000
vt 0.00000 1.00000
vt 1.00000 1.00000
vt 0.50000 0.50000
vt 1.00000 0.00000
vt 0.00000 0.00000
vt 0.00000 1.00000
vt 1.00000 1.00000
vt 0.50000 0.50000
vt 1.00000 0.00000
vt 0.00000 0.00000
vt 0.00000 1.00000
vt 1.00000 1.00000
vt 0.50000 0.50000
vt 1.00000 0.00000
vt 0.00000 0.00000
vt 0.00000 1.00000
vt 1.00000 1.00000
vt 0.50000 0.50000
vt 1.00000 0.00000
vt 0.00000 0.00000
vt 0.00000 1.00000
vt 1.00000 1.00000
vt 0.50000 0.50000
vt 1.00000 0.00000
vt 0.00000 0.00000
vt 0.00000 1.00000
vt 1.00000 1.00000
vt 0.50000 0.50000
vt 1.00000 0.00000
vt 0.00000 0.00000
vt 0.00000 1.00000
vt 1.00000 1.00000
vt 0.50000 0.50000
vt 1.00000 0.00000
vt 0.00000 0.00000
vt 0.00000 1.00000
vt 1.00000 1.00000
vt 0.50000 0.50000
vt 1.00000 0.00000
vt 0.00000 0.00000
vt 0.00000 1.00000
vt 1.00000 1.00000
vt 0.50000 0.50000
vt 1.00000 0.00000
vt 0.00000 0.00000
vt 0.00000 1.00000
vt 1.00000 1.00000
vt 0.50000 0.50000
vt 1.00000 0.00000
vt 0.00000 0.00000
vt 0.00000 1.00000
vt 1.00000 1.00000
vt 0.50000 0.50000
vt 1.00000 0.00000
vt 0.00000 0.00000
vt 0.00000 1.00000
vt 1.00000 1.00000
vt 0.50000 0.50000
vt 1.00000 0.00000
vt 0.00000 0.00000
vt 0.00000 1.00000
vt 1.00000 1.00000
vt 0.50000 0.50000
vt 1.00000 0.00000
vt 0.00000 0.00000
vt 0.00000 1.00000
vt 1.00000 1.00000
vt 0.50000 0.50000
vt 1.00000 0.00000
vt 0.00000 0.00000
vt 0.00000 1.00000
vt 1.00000 1.00000
vt 0.50000 0.50000
vt 1.00000 0.00000
vt 0.00000 0.00000
vt 0.00000 1.00000
vt 1.00000 1.00000
vt 0.50000 0.50000
vt 1.00000 0.00000
vt 0.00000 0.00000
vt 0.00000 1.00000
vt 1.00000 1.00000
vt 0.50000 0.50000
vt 1.00000 0.00000
vt 0.00000 0.00000
vt 0.00000 1.00000
vt 1.00000 1.00000
vt 0.50000 0.50000
vt 1.00000 0.00000
vt 0.00000 0.00000
vt 0.00000 1.00000
vt 1.00000 1.00000
vt 0.50000 0.50000
vt 1.00000 0.00000
vt 0.00000 0.00000
vt 0.00000 1.00000
vt 1.00000 1.00000
vt 0.50000 0.50000
vt 1.00000 0.00000
vt 0.00000 0.00000
vt 0.00000 1.00000
vt 1.00000 1.00000
vt 0.50000 0.50000
vt 1.00000 0.00000
vt 0.00000 0.00000
vt 0.00000 1.00000
vt 1.00000 1.00000
vt 0.50000 0.50000
vt 1.00000 0.00000
vt 0.00000 0.00000
vt 0.00000 1.00000
vt 1.00000 1.00000
vt 0.50000 0.50000
vt 1.00000 0.00000
vt 0.00000 0.00000
vt 0.00000 1.00000
vt 1.00000 1.00000
vt 0.50000 0.50000
vt 1.00000 0.00000
vt 0.00000 0.00000
vt 0.00000 1.00000
vt 1.00000 1.00000
vt 0.50000 0.50000
vt 1.00000 0.00000
vt 0.00000 0.00000
vt 0.00000 1.00000
vt 1.00000 1.00000
vt 0.50000 0.50000
vt 1.00000 0.00000
vt 0.00000 0.00000
vt 0.00000 1.00000
vt 1.00000 1.00000
vt 0.50000 0.50000
vt 1.00000 0.00000
vt 0.00000 0.00000
vt 0.00000 1.00000
vt 1.00000 1.00000
vt 0.50000 0.50000
vt 1.00000 0.00000
vt 0.00000 0.00000
vt 0.00000 1.00000
vt 1.00000 1.00000
vt 0.50000 0.50000
vt 1.00000 0.00000
vt 0.00000 0.00000
vt 0.00000 1.00000
vt 1.00000 1.00000
vt 0.50000 0.50000
vt 1.00000 0.00000
vt 0.00000 0.00000
vt 0.00000 1.00000
vt 1.00000 1.00000
vt 0.50000 0.50000
vt 1.00000 0.00000
vt 0.00000 0.00000
vt 0.00000 1.00000
vt 1.00000 1.00000
vt 0.50000 0.50000
vt 1.00000 0.00000
vt 0.00000 0.00000
vt 0.00000 1.00000
vt 1.00000 1.00000
vt 0.50000 0.50000
vt 1.00000 0.00000
vt 0.00000 0.00000
vt 0.00000 1.00000
vt 1.00000 1.00000
vt 0.50000 0.50000
vt 1.00000 0.00000
vt 0.00000 0.00000
vt 0.00000 1.00000
vt 1.00000 1.00000
vt 0.50000 0.50000
vt 1.00000 0.00000
vt 0.00000 0.00000
vt 0.00000 1.00000
vt 1.00000 1.00000
vt 0.50000 0.50000
vt 1.00000 0.00000
vt 0.00000 0.00000
vt 0.00000 1.00000
vt 1.00000 1.00000
vt 0.50000 0.50000
vt 1.00000 0.00000
vt 0.00000 0.00000
vt 0.00000 1.00000
vt 1.00000 1.00000
vt 0.50000 0.50000
vt 1.00000 0.00000
vt 0.00000 0.00000
vt 0.00000 1.00000
vt 1.00000 1.00000
vt 0.50000 0.50000
vt 1.00000 0.00000
vt 0.00000 0.00000
vt 0.00000 1.00000
vt 1.00000 1.00000
vt 0.50000 0.50000
vt 1.00000 0.00000
vt 0.00000 0.00000
vt 0.00000 1.00000
vt 1.00000 1.00000
vt 0.50000 0.50000
vt 1.00000 0.00000
vt 0.00000 0.00000
vt 0.00000 1.00000
vt 1.00000 1.00000
vt 0.50000 0.50000
vt 1.00000 0.00000
vt 0.00000 0.00000
vt 0.00000 1.00000
vt 1.00000 1.00000
vt 0.50000 0.50000
vt 1.00000 0.00000
vt 0.00000 0.00000
vt 0.00000 1.00000
vt 1.00000 1.00000
vt 0.50000 0.50000
vt 1.00000 0.00000
vt 0.00000 0.00000
vt 0.00000 1.00000
vt 1.00000 1.00000
vt 0.50000 0.50000
vt 1.00000 0.00000
vt 0.00000 0.00000
vt 0.00000 1.00000
vt 1.00000 1.00000
vt 0.50000 0.50000
vt 1.00000 0.00000
vt 0.00000 0.00000
vt 0.00000 1.00000
vt 1.00000 1.00000
vt 0.50000 0.50000
vt 1.00000 0.00000
vt 0.00000 0.00000
vt 0.00000 1.00000
vt 1.00000 1.00000
vt 0.50000 0.50000
vt 1.00000 0.00000
vt 0.00000 0.00000
vt 0.00000 1.00000
vt 1.00000 1.00000
vt 0.50000 0.50000
vt 1.00000 0.00000
vt 0.00000 0.00000
vt 0.00000 1.00000
vt 1.00000 1.00000
vt 0.50000 0.50000
vt 1.00000 0.00000
vt 0.00000 0.00000
vt 0.00000 1.00000
vt 1.00000 1.00000
vt 0.50000 0.50000
vt 1.00000 0.00000
vt 0.00000 0.00000
vt 0.00000 1.00000
vt 1.00000 1.00000
vt 0.50000 0.50000
vt 1.00000 0.00000
vt 0.00000 0.00000
vt 0.00000 1.00000
vt 1.00000 1.00000
vt 0.50000 0.50000
vt 1.00000 0.00000
vt 0.00000 0.00000
vt 0.00000 1.00000
vt 1.00000 1.00000
vt 0.50000 0.50000
vt 1.00000 0.00000
vt 0.00000 0.00000
vt 0.00000 1.00000
vt 1.00000 1.00000
vt 0.50000 0.50000
vt 1.00000 0.00000
vt 0.00000 0.00000
vt 0.00000 1.00000
vt 1.00000 1.00000
vt 0.50000 0.50000
vt 1.00000 0.00000
vt 0.00000 0.00000
vt 0.00000 1.00000
vt 1.00000 1.00000
vt 0.50000 0.50000
vt 1.00000 0.00000
vt 0.00000 0.00000
vt 0.00000 1.00000
vt 1.00000 1.00000
vt 0.50000 0.50000
vt 1.00000 0.00000
vt 0.00000 0.00000
vt 0.00000 1.00000
vt 1.00000 1.00000
vt 0.50000 0.50000
vt 1.00000 0.00000
vt 0.00000 0.00000
vt 0.00000 1.00000
vt 1.00000 1.00000
vt 0.50000 0.50000
vt 1.00000 0.00000
vt 0.00000 0.00000
vt 0.00000 1.00000
vt 1.00000 1.00000
vt 0.50000 0.50000
vt 1.00000 0.00000
vt 0.00000 0.00000
vt 0.00000 1.00000
vt 1.00000 1.00000
vt 0.50000 0.50000
vt 1.00000 0.00000
vt 0.00000 0.00000
vt 0.00000 1.00000
vt 1.00000 1.00000
vt 0.50000 0.50000
vt 1.00000 0.00000
vt 0.00000 0.00000
vt 0.00000 1.00000
vt 1.00000 1.00000
vt 0.50000 0.50000
vt 1.00000 0.00000
vt 0.00000 0.00000
vt 0.00000 1.00000
vt 1.00000 1.00000
vt 0.50000 0.50000
vt 1.00000 0.00000
vt 0.00000 0.00000
vt 0.00000 1.00000
vt 1.00000 1.00000
vt 0.50000 0.50000
vt 1.00000 0.00000
vt 0.00000 0.00000
vt 0.00000 1.00000
vt 1.00000 1.00000
vt 0.50000 0.50000
vt 1.00000 0.00000
vt 0.00000 0.00000
vt 0.00000 1.00000
vt 1.00000 1.00000
vt 0.50000 0.50000
vt 1.00000 0.00000
vt 0.00000 0.00000
vt 0.00000 1.00000
vt 1.00000 1.00000
vt 0.50000 0.50000
vt 1.00000 0.00000
vt 0.00000 0.00000
vt 0.00000 1.00000
vt 1.00000 1.00000
vt 0.50000 0.50000
vt 1.00000 0.00000
vt 0.00000 0.00000
vt 0.00000 1.00000
vt 1.00000 1.00000
vt 0.50000 0.50000
vt 1.00000 0.00000
vt 0.00000 0.00000
vt 0.00000 1.00000
vt 1.00000 1.00000
vt 0.50000 0.50000
vt 1.00000 0.00000
vt 0.00000 0.00000
vt 0.00000 1.00000
vt 1.00000 1.00000
vt 0.50000 0.50000
vt 1.00000 0.00000
vt 0.00000 0.00000
vt 0.00000 1.00000
vt 1.00000 1.00000
vt 0.50000 0.50000
vt 1.00000 0.00000
vt 0.00000 0.00000
vt 0.00000 1.00000
vt 1.00000 1.00000
vt 0.50000 0.50000
vt 1.00000 0.00000
vt 0.00000 0.00000
vt 0.00000 1.00000
vt 1.00000 1.00000
vt 0.50000 0.50000
vt 1.00000 0.00000
vt 0.00000 0.00000
vt 0.00000 1.00000
vt 1.00000 1.00000
vt 0.50000 0.50000
vt 1.00000 0.00000
vt 0.00000 0.00000
vt 0.00000 1.00000
vt 1.00000 1.00000
vt 0.50000 0.50000
vt 1.00000 0.00000
vt 0.00000 0.00000
vt 0.00000 1.00000
vt 1.00000 1.00000
vt 0.50000 0.50000
vt 1.00000 0.00000
vt 0.00000 0.00000
vt 0.00000 1.00000
vt 1.00000 1.00000
vt 0.50000 0.50000
vt 1.00000 0.00000
vt 0.00000 0.00000
vt 0.00000 1.00000
vt 1.00000 1.00000
vt 0.50000 0.50000
vt 1.00000 0.00000
vt 0.00000 0.00000
vt 0.00000 1.00000
vt 1.00000 1.00000
vt 0.50000 0.50000
vt 1.00000 0.00000
vt 0.00000 0.00000
vt 0.00000 1.00000
vt 1.00000 1.00000
vt 0.50000 0.50000
vt 1.00000 0.00000
vt 0.00000 0.00000
vt 0.00000 1.00000
vt 1.00000 1.00000
vt 0.50000 0.50000
vt 1.00000 0.00000
vt 0.00000 0.00000
vt 0.00000 1.00000
vt 1.00000 1.00000
vt 0.50000 0.50000
vt 1.00000 0.00000
vt 0.00000 0.00000
vt 0.00000 1.00000
vt 1.00000 1.00000
vt 0.50000 0.50000
vt 1.00000 0.00000
vt 0.00000 0.00000
vt 0.00000 1.00000
vt 1.00000 1.00000
vt 0.50000 0.50000
vt 1.00000 0.00000
vt 0.00000 0.00000
vt 0.00000 1.00000
vt 1.00000 1.00000
vt 0.50000 0.50000
vt 1.00000 0.00000
vt 0.00000 0.00000
vt 0.00000 1.00000
vt 1.00000 1.00000
vt 0.50000 0.50000
vt 1.00000 0.00000
vt 0.00000 0.00000
vt 0.00000 1.00000
vt 1.00000 1.00000
vt 0.50000 0.50000
vt 1.00000 0.00000
vt 0.00000 0.00000
vt 0.00000 1.00000
vt 1.00000 1.00000
vt 0.50000 0.50000
vt 1.00000 0.00000
vt 0.00000 0.00000
vt 0.00000 1.00000
vt 1.00000 1.00000
vt 0.50000 0.50000
vt 1.00000 0.00000
vt 0.00000 0.00000
vt 0.00000 1.00000
vt 1.00000 1.00000
vt 0.50000 0.50000
vt 1.00000 0.00000
vt 0.00000 0.00000
vt 0.00000 1.00000
vt 1.00000 1.00000
vt 0.50000 0.50000
vt 1.00000 0.00000
vt 0.00000 0.00000
vt 0.00000 1.00000
vt 1.00000 1.00000
vt 0.50000 0.50000
vt 1.00000 0.00000
vt 0.00000 0.00000
vt 0.00000 1.00000
vt 1.00000 1.00000
vt 0.50000 0.50000
vt 1.00000 0.00000
vt 0.00000 0.00000
vt 0.00000 1.00000
vt 1.00000 1.00000
vt 0.50000 0.50000
vt 1.00000 0.00000
vt 0.00000 0.00000
vt 0.00000 1.00000
vt 1.00000 1.00000
vt 0.50000 0.50000
vt 1.00000 0.00000
vt 0.00000 0.00000
vt 0.00000 1.00000
vt 1.00000 1.00000
vt 0.50000 0.50000
vt 1.00000 0.00000
vt 0.00000 0.00000
vt 0.00000 1.00000
vt 1.00000 1.00000
vt 0.50000 0.50000
vt 1.00000 0.00000
vt 0.00000 0.00000
vt 0.00000 1.00000
vt 1.00000 1.00000
vt 0.50000 0.50000
vt 1.00000 0.00000
vt 0.00000 0.00000
vt 0.00000 1.00000
vt 1.00000 1.00000
vt 0.50000 0.50000
vt 1.00000 0.00000
vt 0.00000 0.00000
vt 0.00000 1.00000
vt 1.00000 1.00000
vt 0.50000 0.50000
vt 1.00000 0.00000
vt 0.00000 0.00000
vt 0.00000 1.00000
vt 1.00000 1.00000
vt 0.50000 0.50000
vt 1.00000 0.00000
vt 0.00000 0.00000
vt 0.00000 1.00000
vt 1.00000 1.00000
vt 0.50000 0.50000
vt 1.00000 0.00000
vt 0.00000 0.00000
vt 0.00000 1.00000
vt 1.00000 1.00000
vt 0.50000 0.50000
vt 1.00000 0.00000
vt 0.00000 0.00000
vt 0.00000 1.00000
vt 1.00000 1.00000
vt 0.50000 0.50000
vt 1.00000 0.00000
vt 0.00000 0.00000
vt 0.00000 1.00000
vt 1.00000 1.00000
vt 0.50000 0.50000
vt 1.00000 0.00000
vt 0.00000 0.00000
vt 0.00000 1.00000
vt 1.00000 1.00000
vt 0.50000 0.50000
vt 1.00000 0.00000
vt 0.00000 0.00000
vt 0.00000 1.00000
vt 1.00000 1.00000
vt 0.50000 0.50000
vt 1.00000 0.00000
vt 0.00000 0.00000
vt 0.00000 1.00000
vt 1.00000 1.00000
vt 0.50000 0.50000
vt 1.00000 0.00000
vt 0.00000 0.00000
vt 0.00000 1.00000
vt 1.00000 1.00000
vt 0.50000 0.50000
vt 1.00000 0.00000
vt 0.00000 0.00000
vt 0.00000 1.00000
vt 1.00000 1.00000
vt 0.50000 0.50000
vt 1.00000 0.00000
vt 0.00000 0.00000
vt 0.00000 1.00000
vt 1.00000 1.00000
vt 0.50000 0.50000
vt 1.00000 0.00000
vt 0.00000 0.00000
vt 0.00000 1.00000
vt 1.00000 1.00000
vt 0.50000 0.50000
vt 1.00000 0.00000
vt 0.00000 0.00000
vt 0.00000 1.00000
vt 1.00000 1.00000
vt 0.50000 0.50000
vt 1.00000 0.00000
vt 0.00000 0.00000
vt 0.00000 1.00000
vt 1.00000 1.00000
vt 0.50000 0.50000
vt 1.00000 0.00000
vt 0.00000 0.00000
vt 0.00000 1.00000
vt 1.00000 1.00000
vt 0.50000 0.50000
vt 1.00000 0.00000
vt 0.00000 0.00000
vt 0.00000 1.00000
vt 1.00000 1.00000
vt 0.50000 0.50000
vt 1.00000 0.00000
vt 0.00000 0.00000
vt 0.00000 1.00000
vt 1.00000 1.00000
vt 0.50000 0.50000
vt 1.00000 0.00000
vt 0.00000 0.00000
vt 0.00000 1.00000
vt 1.00000 1.00000
vt 0.50000 0.50000
vt 1.00000 0.00000
vt 0.00000 0.00000
vt 0.00000 1.00000
vt 1.00000 1.00000
vt 0.50000 0.50000
vt 1.00000 0.00000
vt 0.00000 0.00000
vt 0.00000 1.00000
vt 1.00000 1.00000
vt 0.50000 0.50000
vt 1.00000 0.00000
vt 0.00000 0.00000
vt 0.00000 1.00000
vt 1.00000 1.00000
vt 0.50000 0.50000
vt 1.00000 0.00000
vt 0.00000 0.00000
vt 0.00000 1.00000
vt 1.00000 1.00000
vt 0.50000 0.50000
vt 1.00000 0.00000
vt 0.00000 0.00000
vt 0.00000 1.00000
vt 1.00000 1.00000
vt 0.50000 0.50000
vt 1.00000 0.00000
vt 0.00000 0.00000
vt 0.00000 1.00000
vt 1.00000 1.00000
vt 0.50000 0.50000
vt 1.00000 0.00000
vt 0.00000 0.00000
vt 0.00000 1.00000
vt 1.00000 1.00000
vt 0.50000 0.50000
vt 1.00000 0.00000
vt 0.00000 0.00000
vt 0.00000 1.00000
vt 1.00000 1.00000
vt 0.50000 0.50000
vt 1.00000 0.00000
vt 0.00000 0.00000
vt 0.00000 1.00000
vt 1.00000 1.00000
vt 0.50000 0.50000
vt 1.00000 0.00000
vt 0.00000 0.00000
vt 0.00000 1.00000
vt 1.00000 1.00000
vt 0.50000 0.50000
vt 1.00000 0.00000
vt 0.00000 0.00000
vt 0.00000 1.00000
vt 1.00000 1.00000
vt 0.50000 0.50000
vt 1.00000 0.00000
vt 0.00000 0.00000
vt 0.00000 1.00000
vt 1.00000 1.00000
vt 0.50000 0.50000
vt 1.00000 0.00000
vt 0.00000 0.00000
vt 0.00000 1.00000
vt 1.00000 1.00000
vt 0.50000 0.50000
vt 1.00000 0.00000
vt 0.00000 0.00000
vt 0.00000 1.00000
vt 1.00000 1.00000
vt 0.50000 0.50000
vt 1.00000 0.00000
vt 0.00000 0.00000
vt 0.00000 1.00000
vt 1.00000 1.00000
vt 0.50000 0.50000
vt 1.00000 0.00000
vt 0.00000 0.00000
vt 0.00000 1.00000
vt 1.00000 1.00000
vt 0.50000 0.50000
vt 1.00000 0.00000
vt 0.00000 0.00000
vt 0.00000 1.00000
vt 1.00000 1.00000
vt 0.50000 0.50000
vt 1.00000 0.00000
vt 0.00000 0.00000
vt 0.00000 1.00000
vt 1.00000 1.00000
vt 0.50000 0.50000
vt 1.00000 0.00000
vt 0.00000 0.00000
vt 0.00000 1.00000
vt 1.00000 1.00000
vt 0.50000 0.50000
vt 1.00000 0.00000
vt 0.00000 0.00000
vt 0.00000 1.00000
vt 1.00000 1.00000
vt 0.50000 0.50000
vt 1.00000 0.00000
vt 0.00000 0.00000
vt 0.00000 1.00000
vt 1.00000 1.00000
vt 0.50000 0.50000
vt 1.00000 0.00000
vt 0.00000 0.00000
vt 0.00000 1.00000
vt 1.00000 1.00000
vt 0.50000 0.50000
vt 1.00000 0.00000
vt 0.00000 0.00000
vt 0.00000 1.00000
vt 1.00000 1.00000
vt 0.50000 0.50000
vt 1.00000 0.00000
vt 0.00000 0.00000
vt 0.00000 1.00000
vt 1.00000 1.00000
vt 0.50000 0.50000
vt 1.00000 0.00000
vt 0.00000 0.00000
vt 0.00000 1.00000
vt 1.00000 1.00000
vt 0.50000 0.50000
vt 1.00000 0.00000
vt 0.00000 0.00000
vt 0.00000 1.00000
vt 1.00000 1.00000
vt 0.50000 0.50000
vt 1.00000 0.00000
vt 0.00000 0.00000
vt 0.00000 1.00000
vt 1.00000 1.00000
vt 0.50000 0.50000
vt 1.00000 0.00000
vt 0.00000 0.00000
vt 0.00000 1.00000
vt 1.00000 1.00000
vt 0.50000 0.50000
vt 1.00000 0.00000
vt 0.00000 0.00000
vt 0.00000 1.00000
vt 1.00000 1.00000
vt 0.50000 0.50000
vt 1.00000 0.00000
vt 0.00000 0.00000
vt 0.00000 1.00000
vt 1.00000 1.00000
vt 0.50000 0.50000
vt 1.00000 0.00000
vt 0.00000 0.00000
vt 0.00000 1.00000
vt 1.00000 1.00000
vt 0.50000 0.50000
vt 1.00000 0.00000
vt 0.00000 0.00000
vt 0.00000 1.00000
vt 1.00000 1.00000
vt 0.50000 0.50000
vt 1.00000 0.00000
vt 0.00000 0.00000
vt 0.00000 1.00000
vt 1.00000 1.00000
vt 0.50000 0.50000
vt 1.00000 0.00000
vt 0.00000 0.00000
vt 0.00000 1.00000
vt 1.00000 1.00000
vt 0.50000 0.50000
vt 1.00000 0.00000
vt 0.00000 0.00000
vt 0.00000 1.00000
vt 1.00000 1.00000
vt 0.50000 0.50000
vt 1.00000 0.00000
vt 0.00000 0.00000
vt 0.00000 1.00000
vt 1.00000 1.00000
vt 0.50000 0.50000
vt 1.00000 0.00000
vt 0.00000 0.00000
vt 0.00000 1.00000
vt 1.00000 1.00000
vt 0.50000 0.50000
vt 1.00000 0.00000
vt 0.00000 0.00000
vt 0.00000 1.00000
vt 1.00000 1.00000
vt 0.50000 0.50000
vt 1.00000 0.00000
vt 0.00000 0.00000
vt 0.00000 1.00000
vt 1.00000 1.00000
vt 0.50000 0.50000
vt 1.00000 0.00000
vt 0.00000 0.00000
vt 0.00000 1.00000
vt 1.00000 1.00000
vt 0.50000 0.50000
vt 1.00000 0.00000
vt 0.00000 0.00000
vt 0.00000 1.00000
vt 1.00000 1.00000
vt 0.50000 0.50000
vt 1.00000 0.00000
vt 0.00000 0.00000
vt 0.00000 1.00000
vt 1.00000 1.00000
vt 0.50000 0.50000
vt 1.00000 0.00000
vt 0.00000 0.00000
vt 0.00000 1.00000
vt 1.00000 1.00000
vt 0.50000 0.50000
vt 1.00000 0.00000
vt 0.00000 0.00000
vt 0.00000 1.00000
vt 1.00000 1.00000
vt 0.50000 0.50000
vt 1.00000 0.00000
vt 0.00000 0.00000
vt 0.00000 1.00000
vt 1.00000 1.00000
vt 0.50000 0.50000
vt 1.00000 0.00000
vt 0.00000 0.00000
vt 0.00000 1.00000
vt 1.00000 1.00000
vt 0.50000 0.50000
vt 1.00000 0.00000
vt 0.00000 0.00000
vt 0.00000 1.00000
vt 1.00000 1.00000
vt 0.50000 0.50000
vt 1.00000 0.00000
vt 0.00000 0.00000
vt 0.00000 1.00000
vt 1.00000 1.00000
vt 0.50000 0.50000
vt 1.00000 0.00000
vt 0.00000 0.00000
vt 0.00000 1.00000
vt 1.00000 1.00000
vt 0.50000 0.50000
vt 1.00000 0.00000
vt 0.00000 0.00000
vt 0.00000 1.00000
vt 1.00000 1.00000
vt 0.50000 0.50000
vt 1.00000 0.00000
vt 0.00000 0.00000
vt 0.00000 1.00000
vt 1.00000 1.00000
vt 0.50000 0.50000
vt 1.00000 0.00000
vt 0.00000 0.00000
vt 0.00000 1.00000
vt 1.00000 1.00000
vt 0.50000 0.50000
vt 1.00000 0.00000
vt 0.00000 0.00000
vt 0.00000 1.00000
vt 1.00000 1.00000
vt 0.50000 0.50000
vt 1.00000 0.00000
vt 0.00000 0.00000
vt 0.00000 1.00000
vt 1.00000 1.00000
vt 0.50000 0.50000
vt 1.00000 0.00000
vt 0.00000 0.00000
vt 0.00000 1.00000
vt 1.00000 1.00000
vt 0.50000 0.50000
vt 1.00000 0.00000
vt 0.00000 0.00000
vt 0.00000 1.00000
vt 1.00000 1.00000
vt 0.50000 0.50000
vt 1.00000 0.00000
vt 0.00000 0.00000
vt 0.00000 1.00000
vt 1.00000 1.00000
vt 0.50000 0.50000
vt 1.00000 0.00000
vt 0.00000 0.00000
vt 0.00000 1.00000
vt 1.00000 1.00000
vt 0.50000 0.50000
vt 1.00000 0.00000
vt 0.00000 0.00000
vt 0.00000 1.00000
vt 1.00000 1.00000
vt 0.50000 0.50000
vt 1.00000 0.00000
vt 0.00000 0.00000
vt 0.00000 1.00000
vt 1.00000 1.00000
vt 0.50000 0.50000
vt 1.00000 0.00000
vt 0.00000 0.00000
vt 0.00000 1.00000
vt 1.00000 1.00000
vt 0.50000 0.50000
vt 1.00000 0.00000
vt 0.00000 0.00000
vt 0.00000 1.00000
vt 1.00000 1.00000
vt 0.50000 0.50000
vt 1.00000 0.00000
vt 0.00000 0.00000
vt 0.00000 1.00000
vt 1.00000 1.00000
vt 0.50000 0.50000
vt 1.00000 0.00000
vt 0.00000 0.00000
vt 0.00000 1.00000
vt 1.00000 1.00000
vt 0.50000 0.50000
vt 1.00000 0.00000
vt 0.00000 0.00000
vt 0.00000 1.00000
vt 1.00000 1.00000
vt 0.50000 0.50000
vt 1.00000 0.00000
vt 0.00000 0.00000
vt 0.00000 1.00000
vt 1.00000 1.00000
vt 0.50000 0.50000
vt 1.00000 0.00000
vt 0.00000 0.00000
vt 0.00000 1.00000
vt 1.00000 1.00000
vt 0.50000 0.50000
vt 1.00000 0.00000
vt 0.00000 0.00000
vt 0.00000 1.00000
vt 1.00000 1.00000
vt 0.50000 0.50000
vt 1.00000 0.00000
vt 0.00000 0.00000
vt 0.00000 1.00000
vt 1.00000 1.00000
vt 0.50000 0.50000
vt 1.00000 0.00000
vt 0.00000 0.00000
vt 0.00000 1.00000
vt 1.00000 1.00000
vt 0.50000 0.50000
vt 1.00000 0.00000
vt 0.00000 0.00000
vt 0.00000 1.00000
vt 1.00000 1.00000
vt 0.50000 0.50000
vt 1.00000 0.00000
vt 0.00000 0.00000
vt 0.00000 1.00000
vt 1.00000 1.00000
vt 0.50000 0.50000
vt 1.00000 0.00000
vt 0.00000 0.00000
vt 0.00000 1.00000
vt 1.00000 1.00000
vt 0.50000 0.50000
vt 1.00000 0.00000
vt 0.00000 0.00000
vt 0.00000 1.00000
vt 1.00000 1.00000
vt 0.50000 0.50000
vt 1.00000 0.00000
vt 0.00000 0.00000
vt 0.00000 1.00000
vt 1.00000 1.00000
vt 0.50000 0.50000
vt 1.00000 0.00000
vt 0.00000 0.00000
vt 0.00000 1.00000
vt 1.00000 1.00000
vt 0.50000 0.50000
vt 1.00000 0.00000
vt 0.00000 0.00000
vt 0.00000 1.00000
vt 1.00000 1.00000
vt 0.50000 0.50000
vt 1.00000 0.00000
vt 0.00000 0.00000
vt 0.00000 1.00000
vt 1.00000 1.00000
vt 0.50000 0.50000
vt 1.00000 0.00000
vt 0.00000 0.00000
vt 0.00000 1.00000
vt 1.00000 1.00000
vt 0.50000 0.50000
vt 1.00000 0.00000
vt 0.00000 0.00000
vt 0.00000 1.00000
vt 1.00000 1.00000
vt 0.50000 0.50000
vt 1.00000 0.00000
vt 0.00000 0.00000
vt 0.00000 1.00000
vt 1.00000 1.00000
vt 0.50000 0.50000
vt 1.00000 0.00000
vt 0.00000 0.00000
vt 0.00000 1.00000
vt 1.00000 1.00000
vt 0.50000 0.50000
vt 1.00000 0.00000
vt 0.00000 0.00000
vt 0.00000 1.00000
vt 1.00000 1.00000
vt 0.50000 0.50000
vt 1.00000 0.00000
vt 0.00000 0.00000
vt 0.00000 1.00000
vt 1.00000 1.00000
vt 0.50000 0.50000
vt 1.00000 0.00000
vt 0.00000 0.00000
vt 0.00000 1.00000
vt 1.00000 1.00000
vt 0.50000 0.50000
vt 1.00000 0.00000
vt 0.00000 0.00000
vt 0.00000 1.00000
vt 1.00000 1.00000
vt 0.50000 0.50000
vt 1.00000 0.00000
vt 0.00000 0.00000
vt 0.00000 1.00000
vt 1.00000 1.00000
vt 0.50000 0.50000
vt 1.00000 0.00000
vt 0.00000 0.00000
vt 0.00000 1.00000
vt 1.00000 1.00000
vt 0.50000 0.50000
vt 1.00000 0.00000
vt 0.00000 0.00000
vt 0.00000 1.00000
vt 1.00000 1.00000
vt 0.50000 0.50000
vt 1.00000 0.00000
vt 0.00000 0.00000
vt 0.00000 1.00000
vt 1.00000 1.00000
vt 0.50000 0.50000
vt 1.00000 0.00000
vt 0.00000 0.00000
vt 0.00000 1.00000
vt 1.00000 1.00000
vt 0.50000 0.50000
vt 1.00000 0.00000
vt 0.00000 0.00000
vt 0.00000 1.00000
vt 1.00000 1.00000
vt 0.50000 0.50000
vt 1.00000 0.00000
vt 0.00000 0.00000
vt 0.00000 1.00000
vt 1.00000 1.00000
vt 0.50000 0.50000
vt 1.00000 0.00000
vt 0.00000 0.00000
vt 0.00000 1.00000
vt 1.00000 1.00000
vt 0.50000 0.50000
vt 1.00000 0.00000
vt 0.00000 0.00000
vt 0.00000 1.00000
vt 1.00000 1.00000
vt 0.50000 0.50000
vt 1.00000 0.00000
vt 0.00000 0.00000
vt 0.00000 1.00000
vt 1.00000 1.00000
vt 0.50000 0.50000
vt 1.00000 0.00000
vt 0.00000 0.00000
vt 0.00000 1.00000
vt 1.00000 1.00000
vt 0.50000 0.50000
vt 1.00000 0.00000
vt 0.00000 0.00000
vt 0.00000 1.00000
vt 1.00000 1.00000
vt 0.50000 0.50000
vt 1.00000 0.00000
vt 0.00000 0.00000
vt 0.00000 1.00000
vt 1.00000 1.00000
vt 0.50000 0.50000
vt 1.00000 0.00000
vt 0.00000 0.00000
vt 0.00000 1.00000
vt 1.00000 1.00000
vt 0.50000 0.50000
vt 1.00000 0.00000
vt 0.00000 0.00000
vt 0.00000 1.00000
vt 1.00000 1.00000
vt 0.50000 0.50000
vt 1.00000 0.00000
vt 0.00000 0.00000
vt 0.00000 1.00000
vt 1.00000 1.00000
vt 0.50000 0.50000
vt 1.00000 0.00000
vt 0.00000 0.00000
vt 0.00000 1.00000
vt 1.00000 1.00000
vt 0.50000 0.50000
vt 1.00000 0.00000
vt 0.00000 0.00000
vt 0.00000 1.00000
vt 1.00000 1.00000
vt 0.50000 0.50000
vt 1.00000 0.00000
vt 0.00000 0.00000
vt 0.00000 1.00000
vt 1.00000 1.00000
vt 0.50000 0.50000
vt 1.00000 0.00000
vt 0.00000 0.00000
vt 0.00000 1.00000
vt 1.00000 1.00000
vt 0.50000 0.50000
vt 1.00000 0.00000
vt 0.00000 0.00000
vt 0.00000 1.00000
vt 1.00000 1.00000
vt 0.50000 0.50000
vt 1.00000 0.00000
vt 0.00000 0.00000
vt 0.00000 1.00000
vt 1.00000 1.00000
vt 0.50000 0.50000
vt 1.00000 0.00000
vt 0.00000 0.00000
vt 0.00000 1.00000
vt 1.00000 1.00000
vt 0.50000 0.50000
vt 1.00000 0.00000
vt 0.00000 0.00000
vt 0.00000 1.00000
vt 1.00000 1.00000
vt 0.50000 0.50000
vt 1.00000 0.00000
vt 0.00000 0.00000
vt 0.00000 1.00000
vt 1.00000 1.00000
vt 0.50000 0.50000
vt 1.00000 0.00000
vt 0.00000 0.00000
vt 0.00000 1.00000
vt 1.00000 1.00000
vt 0.50000 0.50000
vt 1.00000 0.00000
vt 0.00000 0.00000
vt 0.00000 1.00000
vt 1.00000 1.00000
vt 0.50000 0.50000
vt 1.00000 0.00000
vt 0.00000 0.00000
vt 0.00000 1.00000
vt 1.00000 1.00000
vt 0.50000 0.50000
vt 1.00000 0.00000
vt 0.00000 0.00000
vt 0.00000 1.00000
vt 1.00000 1.00000
vt 0.50000 0.50000
vt 1.00000 0.00000
vt 0.00000 0.00000
vt 0.00000 1.00000
vt 1.00000 1.00000
vt 0.50000 0.50000
vt 1.00000 0.00000
vt 0.00000 0.00000
vt 0.00000 1.00000
vt 1.00000 1.00000
vt 0.50000 0.50000
vt 1.00000 0.00000
vt 0.00000 0.00000
vt 0.00000 1.00000
vt 1.00000 1.00000
vt 0.50000 0.50000
vt 1.00000 0.00000
vt 0.00000 0.00000
vt 0.00000 1.00000
vt 1.00000 1.00000
vt 0.50000 0.50000
vt 1.00000 0.00000
vt 0.00000 0.00000
vt 0.00000 1.00000
vt 1.00000 1.00000
vt 0.50000 0.50000
vt 1.00000 0.00000
vt 0.00000 0.00000
vt 0.00000 1.00000
vt 1.00000 1.00000
vt 0.50000 0.50000
vt 1.00000 0.00000
vt 0.00000 0.00000
vt 0.00000 1.00000
vt 1.00000 1.00000
vt 0.50000 0.50000
vt 1.00000 0.00000
vt 0.00000 0.00000
vt 0.00000 1.00000
vt 1.00000 1.00000
vt 0.50000 0.50000
vt 1.00000 0.00000
vt 0.00000 0.00000
vt 0.00000 1.00000
vt 1.00000 1.00000
vt 0.50000 0.50000
vt 1.00000 0.00000
vt 0.00000 0.00000
vt 0.00000 1.00000
vt 1.00000 1.00000
vt 0.50000 0.50000
vt 1.00000 0.00000
vt 0.00000 0.00000
vt 0.00000 1.00000
vt 1.00000 1.00000
vt 0.50000 0.50000
vt 1.00000 0.00000
vt 0.00000 0.00000
vt 0.00000 1.00000
vt 1.00000 1.00000
vt 0.50000 0.50000
vt 1.00000 0.00000
vt 0.00000 0.00000
vt 0.00000 1.00000
vt 1.00000 1.00000
vt 0.50000 0.50000
vt 1.00000 0.00000
vt 0.00000 0.00000
vt 0.00000 1.00000
vt 1.00000 1.00000
vt 0.50000 0.50000
vt 1.00000 0.00000
vt 0.00000 0.00000
vt 0.00000 1.00000
vt 1.00000 1.00000
vt 0.50000 0.50000
vt 1.00000 0.00000
vt 0.00000 0.00000
vt 0.00000 1.00000
vt 1.00000 1.00000
vt 0.50000 0.50000
vt 1.00000 0.00000
vt 0.00000 0.00000
vt 0.00000 1.00000
vt 1.00000 1.00000
vt 0.50000 0.50000
vt 1.00000 0.00000
vt 0.00000 0.00000
vt 0.00000 1.00000
vt 1.00000 1.00000
vt 0.50000 0.50000
vt 1.00000 0.00000
vt 0.00000 0.00000
vt 0.00000 1.00000
vt 1.00000 1.00000
vt 0.50000 0.50000
vt 1.00000 0.00000
vt 0.00000 0.00000
vt 0.00000 1.00000
vt 1.00000 1.00000
vt 0.50000 0.50000
vt 1.00000 0.00000
vt 0.00000 0.00000
vt 0.00000 1.00000
vt 1.00000 1.00000
vt 0.50000 0.50000
vt 1.00000 0.00000
vt 0.00000 0.00000
vt 0.00000 1.00000
vt 1.00000 1.00000
vt 0.50000 0.50000
vt 1.00000 0.00000
vt 0.00000 0.00000
vt 0.00000 1.00000
vt 1.00000 1.00000
vt 0.50000 0.50000
vt 1.00000 0.00000
vt 0.00000 0.00000
vt 0.00000 1.00000
vt 1.00000 1.00000
vt 0.50000 0.50000
vt 1.00000 0.00000
vt 0.00000 0.00000
vt 0.00000 1.00000
vt 1.00000 1.00000
vt 0.50000 0.50000
vt 1.00000 0.00000
vt 0.00000 0.00000
vt 0.00000 1.00000
vt 1.00000 1.00000
vt 0.50000 0.50000
vt 1.00000 0.00000
vt 0.00000 0.00000
vt 0.00000 1.00000
vt 1.00000 1.00000
vt 0.50000 0.50000
vt 1.00000 0.00000
vt 0.00000 0.00000
vt 0.00000 1.00000
vt 1.00000 1.00000
vt 0.50000 0.50000
vt 1.00000 0.00000
vt 0.00000 0.00000
vt 0.00000 1.00000
vt 1.00000 1.00000
vt 0.50000 0.50000
vt 1.00000 0.00000
vt 0.00000 0.00000
vt 0.00000 1.00000
vt 1.00000 1.00000
vt 0.50000 0.50000
vt 1.00000 0.00000
vt 0.00000 0.00000
vt 0.00000 1.00000
vt 1.00000 1.00000
vt 0.50000 0.50000
vt 1.00000 0.00000
vt 0.00000 0.00000
vt 0.00000 1.00000
vt 1.00000 1.00000
vt 0.50000 0.50000
vt 1.00000 0.00000
vt 0.00000 0.00000
vt 0.00000 1.00000
vt 1.00000 1.00000
vt 0.50000 0.50000
vt 1.00000 0.00000
vt 0.00000 0.00000
vt 0.00000 1.00000
vt 1.00000 1.00000
vt 0.50000 0.50000
vt 1.00000 0.00000
vt 0.00000 0.00000
vt 0.00000 1.00000
vt 1.00000 1.00000
vt 0.50000 0.50000
vt 1.00000 0.00000
vt 0.00000 0.00000
vt 0.00000 1.00000
vt 1.00000 1.00000
vt 0.50000 0.50000
vt 1.00000 0.00000
vt 0.00000 0.00000
vt 0.00000 1.00000
vt 1.00000 1.00000
vt 0.50000 0.50000
vt 1.00000 0.00000
vt 0.00000 0.00000
vt 0.00000 1.00000
vt 1.00000 1.00000
vt 0.50000 0.50000
vt 1.00000 0.00000
vt 0.00000 0.00000
vt 0.00000 1.00000
vt 1.00000 1.00000
vt 0.50000 0.50000
vt 1.00000 0.00000
vt 0.00000 0.00000
vt 0.00000 1.00000
vt 1.00000 1.00000
vt 0.50000 0.50000
vt 1.00000 0.00000
vt 0.00000 0.00000
vt 0.00000 1.00000
vt 1.00000 1.00000
vt 0.50000 0.50000
vt 1.00000 0.00000
vt 0.00000 0.00000
vt 0.00000 1.00000
vt 1.00000 1.00000
vt 0.50000 0.50000
vt 1.00000 0.00000
vt 0.00000 0.00000
vt 0.00000 1.00000
vt 1.00000 1.00000
vt 0.50000 0.50000
vt 1.00000 0.00000
vt 0.00000 0.00000
vt 0.00000 1.00000
vt 1.00000 1.00000
vt 0.50000 0.50000
vt 1.00000 0.00000
vt 0.00000 0.00000
vt 0.00000 1.00000
vt 1.00000 1.00000
vt 0.50000 0.50000
vt 1.00000 0.00000
vt 0.00000 0.00000
vt 0.00000 1.00000
vt 1.00000 1.00000
vt 0.50000 0.50000
vt 1.00000 0.00000
vt 0.00000 0.00000
vt 0.00000 1.00000
vt 1.00000 1.00000
vt 0.50000 0.50000
vt 1.00000 0.00000
vt 0.00000 0.00000
vt 0.00000 1.00000
vt 1.00000 1.00000
vt 0.50000 0.50000
vt 1.00000 0.00000
vt 0.00000 0.00000
vt 0.00000 1.00000
vt 1.00000 1.00000
vt 0.50000 0.50000
vt 1.00000 0.00000
vt 0.00000 0.00000
vt 0.00000 1.00000
vt 1.00000 1.00000
vt 0.50000 0.50000
vt 1.00000 0.00000
vt 0.00000 0.00000
vt 0.00000 1.00000
vt 1.00000 1.00000
vt 0.50000 0.50000
vt 1.00000 0.00000
vt 0.00000 0.00000
vt 0.00000 1.00000
vt 1.00000 1.00000
vt 0.50000 0.50000
vt 1.00000 0.00000
vt 0.00000 0.00000
vt 0.00000 1.00000
vt 1.00000 1.00000
vt 0.50000 0.50000
vt 1.00000 0.00000
vt 0.00000 0.00000
vt 0.00000 1.00000
vt 1.00000 1.00000
vt 0.50000 0.50000
vt 1.00000 0.00000
vt 0.00000 0.00000
vt 0.00000 1.00000
vt 1.00000 1.00000
vt 0.50000 0.50000
vt 1.00000 0.00000
vt 0.00000 0.00000
vt 0.00000 1.00000
vt 1.00000 1.00000
vt 0.50000 0.50000
vt 1.00000 0.00000
vt 0.00000 0.00000
vt 0.00000 1.00000
vt 1.00000 1.00000
vt 0.50000 0.50000
vt 1.00000 0.00000
vt 0.00000 0.00000
vt 0.00000 1.00000
vt 1.00000 1.00000
vt 0.50000 0.50000
vt 1.00000 0.00000
vt 0.00000 0.00000
vt 0.00000 1.00000
vt 1.00000 1.00000
vt 0.50000 0.50000
vt 1.00000 0.00000
vt 0.00000 0.00000
vt 0.00000 1.00000
vt 1.00000 1.00000
vt 0.50000 0.50000
vt 1.00000 0.00000
vt 0.00000 0.00000
vt 0.00000 1.00000
vt 1.00000 1.00000
vt 0.50000 0.50000
vt 1.00000 0.00000
vt 0.00000 0.00000
vt 0.00000 1.00000
vt 1.00000 1.00000
vt 0.50000 0.50000
vt 1.00000 0.00000
vt 0.00000 0.00000
vt 0.00000 1.00000
vt 1.00000 1.00000
vt 0.50000 0.50000
vt 1.00000 0.00000
vt 0.00000 0.00000
vt 0.00000 1.00000
vt 1.00000 1.00000
vt 0.50000 0.50000
vt 1.00000 0.00000
vt 0.00000 0.00000
vt 0.00000 1.00000
vt 1.00000 1.00000
vt 0.50000 0.50000
vt 1.00000 0.00000
vt 0.00000 0.00000
vt 0.00000 1.00000
vt 1.00000 1.00000
vt 0.50000 0.50000
vt 1.00000 0.00000
vt 0.00000 0.00000
vt 0.00000 1.00000
vt 1.00000 1.00000
vt 0.50000 0.50000
vt 1.00000 0.00000
vt 0.00000 0.00000
vt 0.00000 1.00000
vt 1.00000 1.00000
vt 0.50000 0.50000
vt 1.00000 0.00000
vt 0.00000 0.00000
vt 0.00000 1.00000
vt 1.00000 1.00000
vt 0.50000 0.50000
vt 1.00000 0.00000
vt 0.00000 0.00000
vt 0.00000 1.00000
vt 1.00000 1.00000
vt 0.50000 0.50000
vt 1.00000 0.00000
vt 0.00000 0.00000
vt 0.00000 1.00000
vt 1.00000 1.00000
vt 0.50000 0.50000
vt 1.00000 0.00000
vt 0.00000 0.00000
vt 0.00000 1.00000
vt 1.00000 1.00000
vt 0.50000 0.50000
vt 1.00000 0.00000
vt 0.00000 0.00000
vt 0.00000 1.00000
vt 1.00000 1.00000
vt 0.50000 0.50000
vt 1.00000 0.00000
vt 0.00000 0.00000
vt 0.00000 1.00000
vt 1.00000 1.00000
vt 0.50000 0.50000
vt 1.00000 0.00000
vt 0.00000 0.00000
vt 0.00000 1.00000
vt 1.00000 1.00000
vt 0.50000 0.50000
vt 1.00000 0.00000
vt 0.00000 0.00000
vt 0.00000 1.00000
vt 1.00000 1.00000
vt 0.50000 0.50000
vt 1.00000 0.00000
vt 0.00000 0.00000
vt 0.00000 1.00000
vt 1.00000 1.00000
vt 0.50000 0.50000
vt 1.00000 0.00000
vt 0.00000 0.00000
vt 0.00000 1.00000
vt 1.00000 1.00000
vt 0.50000 0.50000
vt 1.00000 0.00000
vt 0.00000 0.00000
vt 0.00000 1.00000
vt 1.00000 1.00000
vt 0.50000 0.50000
vt 1.00000 0.00000
vt 0.00000 0.00000
vt 0.00000 1.00000
vt 1.00000 1.00000
vt 0.50000 0.50000
vt 1.00000 0.00000
vt 0.00000 0.00000
vt 0.00000 1.00000
vt 1.00000 1.00000
vt 0.50000 0.50000
vt 1.00000 0.00000
vt 0.00000 0.00000
vt 0.00000 1.00000
vt 1.00000 1.00000
vt 0.50000 0.50000
vt 1.00000 0.00000
vt 0.00000 0.00000
vt 0.00000 1.00000
vt 1.00000 1.00000
vt 0.50000 0.50000
vt 1.00000 0.00000
vt 0.00000 0.00000
vt 0.00000 1.00000
vt 1.00000 1.00000
vt 0.50000 0.50000
vt 1.00000 0.00000
vt 0.00000 0.00000
vt 0.00000 1.00000
vt 1.00000 1.00000
vt 0.50000 0.50000
vt 1.00000 0.00000
vt 0.00000 0.00000
vt 0.00000 1.00000
vt 1.00000 1.00000
vt 0.50000 0.50000
vt 1.00000 0.00000
vt 0.00000 0.00000
vt 0.00000 1.00000
vt 1.00000 1.00000
vt 0.50000 0.50000
vt 1.00000 0.00000
vt 0.00000 0.00000
vt 0.00000 1.00000
vt 1.00000 1.00000
vt 0.50000 0.50000
vt 1.00000 0.00000
vt 0.00000 0.00000
vt 0.00000 1.00000
vt 1.00000 1.00000
vt 0.50000 0.50000
vt 1.00000 0.00000
vt 0.00000 0.00000
vt 0.00000 1.00000
vt 1.00000 1.00000
vt 0.50000 0.50000
vt 1.00000 0.00000
vt 0.00000 0.00000
vt 0.00000 1.00000
vt 1.00000 1.00000
vt 0.50000 0.50000
vt 1.00000 0.00000
vt 0.00000 0.00000
vt 0.00000 1.00000
vt 1.00000 1.00000
vt 0.50000 0.50000
vt 1.00000 0.00000
vt 0.00000 0.00000
vt 0.00000 1.00000
vt 1.00000 1.00000
vt 0.50000 0.50000
vt 1.00000 0.00000
vt 0.00000 0.00000
vt 0.00000 1.00000
vt 1.00000 1.00000
vt 0.50000 0.50000
vt 1.00000 0.00000
vt 0.00000 0.00000
vt 0.00000 1.00000
vt 1.00000 1.00000
vt 0.50000 0.50000
vt 1.00000 0.00000
vt 0.00000 0.00000
vt 0.00000 1.00000
vt 1.00000 1.00000
vt 0.50000 0.50000
vt 1.00000 0.00000
vt 0.00000 0.00000
vt 0.00000 1.00000
vt 1.00000 1.00000
vt 0.50000 0.50000
vt 1.00000 0.00000
vt 0.00000 0.00000
vt 0.00000 1.00000
vt 1.00000 1.00000
vt 0.50000 0.50000
vt 1.00000 0.00000
vt 0.00000 0.00000
vt 0.00000 1.00000
vt 1.00000 1.00000
vt 0.50000 0.50000
vt 1.00000 0.00000
vt 0.00000 0.00000
vt 0.00000 1.00000
vt 1.00000 1.00000
vt 0.50000 0.50000
vt 1.00000 0.00000
vt 0.00000 0.00000
vt 0.00000 1.00000
vt 1.00000 1.00000
vt 0.50000 0.50000
vt 1.00000 0.00000
vt 0.00000 0.00000
vt 0.00000 1.00000
vt 1.00000 1.00000
vt 0.50000 0.50000
vt 1.00000 0.00000
vt 0.00000 0.00000
vt 0.00000 1.00000
vt 1.00000 1.00000
vt 0.50000 0.50000
vt 1.00000 0.00000
vt 0.00000 0.00000
vt 0.00000 1.00000
vt 1.00000 1.00000
vt 0.50000 0.50000
vt 1.00000 0.00000
vt 0.00000 0.00000
vt 0.00000 1.00000
vt 1.00000 1.00000
vt 0.50000 0.50000
vt 1.00000 0.00000
vt 0.00000 0.00000
vt 0.00000 1.00000
vt 1.00000 1.00000
vt 0.50000 0.50000
vt 1.00000 0.00000
vt 0.00000 0.00000
vt 0.00000 1.00000
vt 1.00000 1.00000
vt 0.50000 0.50000
vt 1.00000 0.00000
vt 0.00000 0.00000
vt 0.00000 1.00000
vt 1.00000 1.00000
vt 0.50000 0.50000
vt 1.00000 0.00000
vt 0.00000 0.00000
vt 0.00000 1.00000
vt 1.00000 1.00000
vt 0.50000 0.50000
vt 1.00000 0.00000
vt 0.00000 0.00000
vt 0.00000 1.00000
vt 1.00000 1.00000
vt 0.50000 0.50000
vt 1.00000 0.00000
vt 0.00000 0.00000
vt 0.00000 1.00000
vt 1.00000 1.00000
vt 0.50000 0.50000
vt 1.00000 0.00000
vt 0.00000 0.00000
vt 0.00000 1.00000
vt 1.00000 1.00000
vt 0.50000 0.50000
vt 1.00000 0.00000
vt 0.00000 0.00000
vt 0.00000 1.00000
vt 1.00000 1.00000
vt 0.50000 0.50000
vt 1.00000 0.00000
vt 0.00000 0.00000
vt 0.00000 1.00000
vt 1.00000 1.00000
vt 0.50000 0.50000
vt 1.00000 0.00000
vt 0.00000 0.00000
vt 0.00000 1.00000
vt 1.00000 1.00000
vt 0.50000 0.50000
vt 1.00000 0.00000
vt 0.00000 0.00000
vt 0.00000 1.00000
vt 1.00000 1.00000
vt 0.50000 0.50000
vt 1.00000 0.00000
vt 0.00000 0.00000
vt 0.00000 1.00000
vt 1.00000 1.00000
vt 0.50000 0.50000
vt 1.00000 0.00000
vt 0.00000 0.00000
vt 0.00000 1.00000
vt 1.00000 1.00000
vt 0.50000 0.50000
vt 1.00000 0.00000
vt 0.00000 0.00000
vt 0.00000 1.00000
vt 1.00000 1.00000
vt 0.50000 0.50000
vt 1.00000 0.00000
vt 0.00000 0.00000
vt 0.00000 1.00000
vt 1.00000 1.00000
vt 0.50000 0.50000
vt 1.00000 0.00000
vt 0.00000 0.00000
vt 0.00000 1.00000
vt 1.00000 1.00000
vt 0.50000 0.50000
vt 1.00000 0.00000
vt 0.00000 0.00000
vt 0.00000 1.00000
vt 1.00000 1.00000
vt 0.50000 0.50000
vt 1.00000 0.00000
vt 0.00000 0.00000
vt 0.00000 1.00000
vt 1.00000 1.00000
vt 0.50000 0.50000
vt 1.00000 0.00000
vt 0.00000 0.00000
vt 0.00000 1.00000
vt 1.00000 1.00000
vt 0.50000 0.50000
vt 1.00000 0.00000
vt 0.00000 0.00000
vt 0.00000 1.00000
vt 1.00000 1.00000
vt 0.50000 0.50000
vt 1.00000 0.00000
vt 0.00000 0.00000
vt 0.00000 1.00000
vt 1.00000 1.00000
vt 0.50000 0.50000
vt 1.00000 0.00000
vt 0.00000 0.00000
vt 0.00000 1.00000
vt 1.00000 1.00000
vt 0.50000 0.50000
vt 1.00000 0.00000
vt 0.00000 0.00000
vt 0.00000 1.00000
vt 1.00000 1.00000
vt 0.50000 0.50000
vt 1.00000 0.00000
vt 0.00000 0.00000
vt 0.00000 1.00000
vt 1.00000 1.00000
vt 0.50000 0.50000
vt 1.00000 0.00000
vt 0.00000 0.00000
vt 0.00000 1.00000
vt 1.00000 1.00000
vt 0.50000 0.50000
vt 1.00000 0.00000
vt 0.00000 0.00000
vt 0.00000 1.00000
vt 1.00000 1.00000
vt 0.50000 0.50000
vt 1.00000 0.00000
vt 0.00000 0.00000
vt 0.00000 1.00000
vt 1.00000 1.00000
vt 0.50000 0.50000
vt 1.00000 0.00000
vt 0.00000 0.00000
vt 0.00000 1.00000
vt 1.00000 1.00000
vt 0.50000 0.50000
vt 1.00000 0.00000
vt 0.00000 0.00000
vt 0.00000 1.00000
vt 1.00000 1.00000
vt 0.50000 0.50000
vt 1.00000 0.00000
vt 0.00000 0.00000
vt 0.00000 1.00000
vt 1.00000 1.00000
vt 0.50000 0.50000
vt 1.00000 0.00000
vt 0.00000 0.00000
vt 0.00000 1.00000
vt 1.00000 1.00000
vt 0.50000 0.50000
vt 1.00000 0.00000
vt 0.00000 0.00000
vt 0.00000 1.00000
vt 1.00000 1.00000
vt 0.50000 0.50000
vt 1.00000 0.00000
vt 0.00000 0.00000
vt 0.00000 1.00000
vt 1.00000 1.00000
vt 0.50000 0.50000
vt 1.00000 0.00000
vt 0.00000 0.00000
vt 0.00000 1.00000
vt 1.00000 1.00000
vt 0.50000 0.50000
vt 1.00000 0.00000
vt 0.00000 0.00000
vt 0.00000 1.00000
vt 1.00000 1.00000
vt 0.50000 0.50000
vt 1.00000 0.00000
vt 0.00000 0.00000
vt 0.00000 1.00000
vt 1.00000 1.00000
vt 0.50000 0.50000
vt 1.00000 0.00000
vt 0.00000 0.00000
vt 0.00000 1.00000
vt 1.00000 1.00000
vt 0.50000 0.50000
vt 1.00000 0.00000
vt 0.00000 0.00000
vt 0.00000 1.00000
vt 1.00000 1.00000
vt 0.50000 0.50000
vt 1.00000 0.00000
vt 0.00000 0.00000
vt 0.00000 1.00000
vt 1.00000 1.00000
vt 0.50000 0.50000
vt 1.00000 0.00000
vt 0.00000 0.00000
vt 0.00000 1.00000
vt 1.00000 1.00000
vt 0.50000 0.50000
vt 1.00000 0.00000
vt 0.00000 0.00000
vt 0.00000 1.00000
vt 1.00000 1.00000
vt 0.50000 0.50000
vt 1.00000 0.00000
vt 0.00000 0.00000
vt 0.00000 1.00000
vt 1.00000 1.00000
vt 0.50000 0.50000
vt 1.00000 0.00000
vt 0.00000 0.00000
vt 0.00000 1.00000
vt 1.00000 1.00000
vt 0.50000 0.50000
vt 1.00000 0.00000
vt 0.00000 0.00000
vt 0.00000 1.00000
vt 1.00000 1.00000
vt 0.50000 0.50000
vt 1.00000 0.00000
vt 0.00000 0.00000
vt 0.00000 1.00000
vt 1.00000 1.00000
vt 0.50000 0.50000
vt 1.00000 0.00000
vt 0.00000 0.00000
vt 0.00000 1.00000
vt 1.00000 1.00000
vt 0.50000 0.50000
vt 1.00000 0.00000
vt 0.00000 0.00000
vt 0.00000 1.00000
vt 1.00000 1.00000
vt 0.50000 0.50000
vt 1.00000 0.00000
vt 0.00000 0.00000
vt 0.00000 1.00000
vt 1.00000 1.00000
vt 0.50000 0.50000
vt 1.00000 0.00000
vt 0.00000 0.00000
vt 0.00000 1.00000
vt 1.00000 1.00000
vt 0.50000 0.50000
vt 1.00000 0.00000
vt 0.00000 0.00000
vt 0.00000 1.00000
vt 1.00000 1.00000
vt 0.50000 0.50000
vt 1.00000 0.00000
vt 0.00000 0.00000
vt 0.00000 1.00000
vt 1.00000 1.00000
vt 0.50000 0.50000
vt 1.00000 0.00000
vt 0.00000 0.00000
vt 0.00000 1.00000
vt 1.00000 1.00000
vt 0.50000 0.50000
vt 1.00000 0.00000
vt 0.00000 0.00000
vt 0.00000 1.00000
vt 1.00000 1.00000
vt 0.50000 0.50000
vt 1.00000 0.00000
vt 0.00000 0.00000
vt 0.00000 1.00000
vt 1.00000 1.00000
vt 0.50000 0.50000
vt 1.00000 0.00000
vt 0.00000 0.00000
vt 0.00000 1.00000
vt 1.00000 1.00000
vt 0.50000 0.50000
vt 1.00000 0.00000
vt 0.00000 0.00000
vt 0.00000 1.00000
vt 1.00000 1.00000
vt 0.50000 0.50000
vt 1.00000 0.00000
vt 0.00000 0.00000
vt 0.00000 1.00000
vt 1.00000 1.00000
vt 0.50000 0.50000
vt 1.00000 0.00000
vt 0.00000 0.00000
vt 0.00000 1.00000
vt 1.00000 1.00000
vt 0.50000 0.50000
vt 1.00000 0.00000
vt 0.00000 0.00000
vt 0.00000 1.00000
vt 1.00000 1.00000
vt 0.50000 0.50000
vt 1.00000 0.00000
vt 0.00000 0.00000
vt 0.00000 1.00000
vt 1.00000 1.00000
vt 0.50000 0.50000
vt 1.00000 0.00000
vt 0.00000 0.00000
vt 0.00000 1.00000
vt 1.00000 1.00000
vt 0.50000 0.50000
vt 1.00000 0.00000
vt 0.00000 0.00000
vt 0.00000 1.00000
vt 1.00000 1.00000
vt 0.50000 0.50000
vt 1.00000 0.00000
vt 0.00000 0.00000
vt 0.00000 1.00000
vt 1.00000 1.00000
vt 0.50000 0.50000
vt 1.00000 0.00000
vt 0.00000 0.00000
vt 0.00000 1.00000
vt 1.00000 1.00000
vt 0.50000 0.50000
vt 1.00000 0.00000
vt 0.00000 0.00000
vt 0.00000 1.00000
vt 1.00000 1.00000
vt 0.50000 0.50000
vt 1.00000 0.00000
vt 0.00000 0.00000
vt 0.00000 1.00000
vt 1.00000 1.00000
vt 0.50000 0.50000
vt 1.00000 0.00000
vt 0.00000 0.00000
vt 0.00000 1.00000
vt 1.00000 1.00000
vt 0.50000 0.50000
vt 1.00000 0.00000
vt 0.00000 0.00000
vt 0.00000 1.00000
vt 1.00000 1.00000
vt 0.50000 0.50000
vt 1.00000 0.00000
vt 0.00000 0.00000
vt 0.00000 1.00000
vt 1.00000 1.00000
vt 0.50000 0.50000
vt 1.00000 0.00000
vt 0.00000 0.00000
vt 0.00000 1.00000
vt 1.00000 1.00000
vt 0.50000 0.50000
vt 1.00000 0.00000
vt 0.00000 0.00000
vt 0.00000 1.00000
vt 1.00000 1.00000
vt 0.50000 0.50000
vt 1.00000 0.00000
vt 0.00000 0.00000
vt 0.00000 1.00000
vt 1.00000 1.00000
vt 0.50000 0.50000
vt 1.00000 0.00000
vt 0.00000 0.00000
vt 0.00000 1.00000
vt 1.00000 1.00000
vt 0.50000 0.50000
vt 1.00000 0.00000
vt 0.00000 0.00000
vt 0.00000 1.00000
vt 1.00000 1.00000
vt 0.50000 0.50000
vt 1.00000 0.00000
vt 0.00000 0.00000
vt 0.00000 1.00000
vt 1.00000 1.00000
vt 0.50000 0.50000
vt 1.00000 0.00000
vt 0.00000 0.00000
vt 0.00000 1.00000
vt 1.00000 1.00000
vt 0.50000 0.50000
vt 1.00000 0.00000
vt 0.00000 0.00000
vt 0.00000 1.00000
vt 1.00000 1.00000
vt 0.50000 0.50000
vt 1.00000 0.00000
vt 0.00000 0.00000
vt 0.00000 1.00000
vt 1.00000 1.00000
vt 0.50000 0.50000
vt 1.00000 0.00000
vt 0.00000 0.00000
vt 0.00000 1.00000
vt 1.00000 1.00000
vt 0.50000 0.50000
vt 1.00000 0.00000
vt 0.00000 0.00000
vt 0.00000 1.00000
vt 1.00000 1.00000
vt 0.50000 0.50000
vt 1.00000 0.00000
vt 0.00000 0.00000
vt 0.00000 1.00000
vt 1.00000 1.00000
vt 0.50000 0.50000
vt 1.00000 0.00000
vt 0.00000 0.00000
vt 0.00000 1.00000
vt 1.00000 1.00000
vt 0.50000 0.50000
vt 1.00000 0.00000
vt 0.00000 0.00000
vt 0.00000 1.00000
vt 1.00000 1.00000
vt 0.50000 0.50000
vt 1.00000 0.00000
vt 0.00000 0.00000
vt 0.00000 1.00000
vt 1.00000 1.00000
vt 0.50000 0.50000
vt 1.00000 0.00000
vt 0.00000 0.00000
vt 0.00000 1.00000
vt 1.00000 1.00000
vt 0.50000 0.50000
vt 1.00000 0.00000
vt 0.00000 0.00000
vt 0.00000 1.00000
vt 1.00000 1.00000
vt 0.50000 0.50000
vt 1.00000 0.00000
vt 0.00000 0.00000
vt 0.00000 1.00000
vt 1.00000 1.00000
vt 0.50000 0.50000
vt 1.00000 0.00000
vt 0.00000 0.00000
vt 0.00000 1.00000
vt 1.00000 1.00000
vt 0.50000 0.50000
vt 1.00000 0.00000
vt 0.00000 0.00000
vt 0.00000 1.00000
vt 1.00000 1.00000
vt 0.50000 0.50000
vt 1.00000 0.00000
vt 0.00000 0.00000
vt 0.00000 1.00000
vt 1.00000 1.00000
vt 0.50000 0.50000
vt 1.00000 0.00000
vt 0.00000 0.00000
vt 0.00000 1.00000
vt 1.00000 1.00000
vt 0.50000 0.50000
vt 1.00000 0.00000
vt 0.00000 0.00000
vt 0.00000 1.00000
vt 1.00000 1.00000
vt 0.50000 0.50000
vt 1.00000 0.00000
vt 0.00000 0.00000
vt 0.00000 1.00000
vt 1.00000 1.00000
vt 0.50000 0.50000
vt 1.00000 0.00000
vt 0.00000 0.00000
vt 0.00000 1.00000
vt 1.00000 1.00000
vt 0.50000 0.50000
vt 1.00000 0.00000
vt 0.00000 0.00000
vt 0.00000 1.00000
vt 1.00000 1.00000
vt 0.50000 0.50000
vt 1.00000 0.00000
vt 0.00000 0.00000
vt 0.00000 1.00000
vt 1.00000 1.00000
vt 0.50000 0.50000
vt 1.00000 0.00000
vt 0.00000 0.00000
vt 0.00000 1.00000
vt 1.00000 1.00000
vt 0.50000 0.50000
vt 1.00000 0.00000
vt 0.00000 0.00000
vt 0.00000 1.00000
vt 1.00000 1.00000
vt 0.50000 0.50000
vt 1.00000 0.00000
vt 0.00000 0.00000
vt 0.00000 1.00000
vt 1.00000 1.00000
vt 0.50000 0.50000
vt 1.00000 0.00000
vt 0.00000 0.00000
vt 0.00000 1.00000
vt 1.00000 1.00000
vt 0.50000 0.50000
vt 1.00000 0.00000
vt 0.00000 0.00000
vt 0.00000 1.00000
vt 1.00000 1.00000
vt 0.50000 0.50000
vt 1.00000 0.00000
vt 0.00000 0.00000
vt 0.00000 1.00000
vt 1.00000 1.00000
vt 0.50000 0.50000
vt 1.00000 0.00000
vt 0.00000 0.00000
vt 0.00000 1.00000
vt 1.00000 1.00000
vt 0.50000 0.50000
vt 1.00000 0.00000
vt 0.00000 0.00000
vt 0.00000 1.00000
vt 1.00000 1.00000
vt 0.50000 0.50000
vt 1.00000 0.00000
vt 0.00000 0.00000
vt 0.00000 1.00000
vt 1.00000 1.00000
vt 0.50000 0.50000
vt 1.00000 0.00000
vt 0.00000 0.00000
vt 0.00000 1.00000
vt 1.00000 1.00000
vt 0.50000 0.50000
vt 1.00000 0.00000
vt 0.00000 0.00000
vt 0.00000 1.00000
vt 1.00000 1.00000
vt 0.50000 0.50000
vt 1.00000 0.00000
vt 0.00000 0.00000
vt 0.00000 1.00000
vt 1.00000 1.00000
vt 0.50000 0.50000
vt 1.00000 0.00000
vt 0.00000 0.00000
vt 0.00000 1.00000
vt 1.00000 1.00000
vt 0.50000 0.50000
vt 1.00000 0.00000
vt 0.00000 0.00000
vt 0.00000 1.00000
vt 1.00000 1.00000
vt 0.50000 0.50000
vt 1.00000 0.00000
vt 0.00000 0.00000
vt 0.00000 1.00000
vt 1.00000 1.00000
vt 0.50000 0.50000
vt 1.00000 0.00000
vt 0.00000 0.00000
vt 0.00000 1.00000
vt 1.00000 1.00000
vt 0.50000 0.50000
vt 1.00000 0.00000
vt 0.00000 0.00000
vt 0.00000 1.00000
vt 1.00000 1.00000
vt 0.50000 0.50000
vt 1.00000 0.00000
vt 0.00000 0.00000
vt 0.00000 1.00000
vt 1.00000 1.00000
vt 0.50000 0.50000
vt 1.00000 0.00000
vt 0.00000 0.00000
vt 0.00000 1.00000
vt 1.00000 1.00000
vt 0.50000 0.50000
vt 1.00000 0.00000
vt 0.00000 0.00000
vt 0.00000 1.00000
vt 1.00000 1.00000
vt 0.50000 0.50000
vt 1.00000 0.00000
vt 0.00000 0.00000
vt 0.00000 1.00000
vt 1.00000 1.00000
vt 0.50000 0.50000
vt 1.00000 0.00000
vt 0.00000 0.00000
vt 0.00000 1.00000
vt 1.00000 1.00000
vt 0.50000 0.50000
vt 1.00000 0.00000
vt 0.00000 0.00000
vt 0.00000 1.00000
vt 1.00000 1.00000
vt 0.50000 0.50000
vt 1.00000 0.00000
vt 0.00000 0.00000
vt 0.00000 1.00000
vt 1.00000 1.00000
vt 0.50000 0.50000
vt 1.00000 0.00000
vt 0.00000 0.00000
vt 0.00000 1.00000
vt 1.00000 1.00000
vt 0.50000 0.50000
vt 1.00000 0.00000
vt 0.00000 0.00000
vt 0.00000 1.00000
vt 1.00000 1.00000
vt 0.50000 0.50000
vt 1.00000 0.00000
vt 0.00000 0.00000
vt 0.00000 1.00000
vt 1.00000 1.00000
vt 0.50000 0.50000
vt 1.00000 0.00000
vt 0.00000 0.00000
vt 0.00000 1.00000
vt 1.00000 1.00000
vt 0.50000 0.50000
vt 1.00000 0.00000
vt 0.00000 0.00000
vt 0.00000 1.00000
vt 1.00000 1.00000
vt 0.50000 0.50000
vt 1.00000 0.00000
vt 0.00000 0.00000
vt 0.00000 1.00000
vt 1.00000 1.00000
vt 0.50000 0.50000
vt 1.00000 0.00000
vt 0.00000 0.00000
vt 0.00000 1.00000
vt 1.00000 1.00000
vt 0.50000 0.50000
vt 1.00000 0.00000
vt 0.00000 0.00000
vt 0.00000 1.00000
vt 1.00000 1.00000
vt 0.50000 0.50000
vt 1.00000 0.00000
vt 0.00000 0.00000
vt 0.00000 1.00000
vt 1.00000 1.00000
vt 0.50000 0.50000
vt 1.00000 0.00000
vt 0.00000 0.00000
vt 0.00000 1.00000
vt 1.00000 1.00000
vt 0.50000 0.50000
vt 1.00000 0.00000
vt 0.00000 0.00000
vt 0.00000 1.00000
vt 1.00000 1.00000
vt 0.50000 0.50000
vt 1.00000 0.00000
vt 0.00000 0.00000
vt 0.00000 1.00000
vt 1.00000 1.00000
vt 0.50000 0.50000
vt 1.00000 0.00000
vt 0.00000 0.00000
vt 0.00000 1.00000
vt 1.00000 1.00000
vt 0.50000 0.50000
vt 1.00000 0.00000
vt 0.00000 0.00000
vt 0.00000 1.00000
vt 1.00000 1.00000
vt 0.50000 0.50000
vt 1.00000 0.00000
vt 0.00000 0.00000
vt 0.00000 1.00000
vt 1.00000 1.00000
vt 0.50000 0.50000
vt 1.00000 0.00000
vt 0.00000 0.00000
vt 0.00000 1.00000
vt 1.00000 1.00000
vt 0.50000 0.50000
vt 1.00000 0.00000
vt 0.00000 0.00000
vt 0.00000 1.00000
vt 1.00000 1.00000
vt 0.50000 0.50000
vt 1.00000 0.00000
vt 0.00000 0.00000
vt 0.00000 1.00000
vt 1.00000 1.00000
vt 0.50000 0.50000
vt 1.00000 0.00000
vt 0.00000 0.00000
vt 0.00000 1.00000
vt 1.00000 1.00000
vt 0.50000 0.50000
vt 1.00000 0.00000
vt 0.00000 0.00000
vt 0.00000 1.00000
vt 1.00000 1.00000
vt 0.50000 0.50000
vt 1.00000 0.00000
vt 0.00000 0.00000
vt 0.00000 1.00000
vt 1.00000 1.00000
vt 0.50000 0.50000
vt 1.00000 0.00000
vt 0.00000 0.00000
vt 0.00000 1.00000
vt 1.00000 1.00000
vt 0.50000 0.50000
vt 1.00000 0.00000
vt 0.00000 0.00000
vt 0.00000 1.00000
vt 1.00000 1.00000
vt 0.50000 0.50000
vt 1.00000 0.00000
vt 0.00000 0.00000
vt 0.00000 1.00000
vt 1.00000 1.00000
vt 0.50000 0.50000
vt 1.00000 0.00000
vt 0.00000 0.00000
vt 0.00000 1.00000
vt 1.00000 1.00000
vt 0.50000 0.50000
vt 1.00000 0.00000
vt 0.00000 0.00000
vt 0.00000 1.00000
vt 1.00000 1.00000
vt 0.50000 0.50000
vt 1.00000 0.00000
vt 0.00000 0.00000
vt 0.00000 1.00000
vt 1.00000 1.00000
vt 0.50000 0.50000
vt 1.00000 0.00000
vt 0.00000 0.00000
vt 0.00000 1.00000
vt 1.00000 1.00000
vt 0.50000 0.50000
vt 1.00000 0.00000
vt 0.00000 0.00000
vt 0.00000 1.00000
vt 1.00000 1.00000
vt 0.50000 0.50000
vt 1.00000 0.00000
vt 0.00000 0.00000
vt 0.00000 1.00000
vt 1.00000 1.00000
vt 0.50000 0.50000
vt 1.00000 0.00000
vt 0.00000 0.00000
vt 0.00000 1.00000
vt 1.00000 1.00000
vt 0.50000 0.50000
vt 1.00000 0.00000
vt 0.00000 0.00000
vt 0.00000 1.00000
vt 1.00000 1.00000
vt 0.50000 0.50000
vt 1.00000 0.00000
vt 0.00000 0.00000
vt 0.00000 1.00000
vt 1.00000 1.00000
vt 0.50000 0.50000
vt 1.00000 0.00000
vt 0.00000 0.00000
vt 0.00000 1.00000
vt 1.00000 1.00000
vt 0.50000 0.50000
vt 1.00000 0.00000
vt 0.00000 0.00000
vt 0.00000 1.00000
vt 1.00000 1.00000
vt 0.50000 0.50000
vt 1.00000 0.00000
vt 0.00000 0.00000
vt 0.00000 1.00000
vt 1.00000 1.00000
vt 0.50000 0.50000
vt 1.00000 0.00000
vt 0.00000 0.00000
vt 0.00000 1.00000
vt 1.00000 1.00000
vt 0.50000 0.50000
vt 1.00000 0.00000
vt 0.00000 0.00000
vt 0.00000 1.00000
vt 1.00000 1.00000
vt 0.50000 0.50000
vt 1.00000 0.00000
vt 0.00000 0.00000
vt 0.00000 1.00000
vt 1.00000 1.00000
vt 0.50000 0.50000
vt 1.00000 0.00000
vt 0.00000 0.00000
vt 0.00000 1.00000
vt 1.00000 1.00000
vt 0.50000 0.50000
vt 1.00000 0.00000
vt 0.00000 0.00000
vt 0.00000 1.00000
vt 1.00000 1.00000
vt 0.50000 0.50000
vt 1.00000 0.00000
vt 0.00000 0.00000
vt 0.00000 1.00000
vt 1.00000 1.00000
vt 0.50000 0.50000
vt 1.00000 0.00000
vt 0.00000 0.00000
vt 0.00000 1.00000
vt 1.00000 1.00000
vt 0.50000 0.50000
vt 1.00000 0.00000
vt 0.00000 0.00000
vt 0.00000 1.00000
vt 1.00000 1.00000
vt 0.50000 0.50000
vt 1.00000 0.00000
vt 0.00000 0.00000
vt 0.00000 1.00000
vt 1.00000 1.00000
vt 0.50000 0.50000
vt 1.00000 0.00000
vt 0.00000 0.00000
vt 0.00000 1.00000
vt 1.00000 1.00000
vt 0.50000 0.50000
vt 1.00000 0.00000
vt 0.00000 0.00000
vt 0.00000 1.00000
vt 1.00000 1.00000
vt 0.50000 0.50000
vt 1.00000 0.00000
vt 0.00000 0.00000
vt 0.00000 1.00000
vt 1.00000 1.00000
vt 0.50000 0.50000
vt 1.00000 0.00000
vt 0.00000 0.00000
vt 0.00000 1.00000
vt 1.00000 1.00000
vt 0.50000 0.50000
vt 1.00000 0.00000
vt 0.00000 0.00000
vt 0.00000 1.00000
vt 1.00000 1.00000
vt 0.50000 0.50000
vt 1.00000 0.00000
vt 0.00000 0.00000
vt 0.00000 1.00000
vt 1.00000 1.00000
vt 0.50000 0.50000
vt 1.00000 0.00000
vt 0.00000 0.00000
vt 0.00000 1.00000
vt 1.00000 1.00000
vt 0.50000 0.50000
vt 1.00000 0.00000
vt 0.00000 0.00000
vt 0.00000 1.00000
vt 1.00000 1.00000
vt 0.50000 0.50000
vt 1.00000 0.00000
vt 0.00000 0.00000
vt 0.00000 1.00000
vt 1.00000 1.00000
vt 0.50000 0.50000
vt 1.00000 0.00000
vt 0.00000 0.00000
vt 0.00000 1.00000
vt 1.00000 1.00000
vt 0.50000 0.50000
vt 1.00000 0.00000
vt 0.00000 0.00000
vt 0.00000 1.00000
vt 1.00000 1.00000
vt 0.50000 0.50000
vt 1.00000 0.00000
vt 0.00000 0.00000
vt 0.00000 1.00000
vt 1.00000 1.00000
vt 0.50000 0.50000
vt 1.00000 0.00000
vt 0.00000 0.00000
vt 0.00000 1.00000
vt 1.00000 1.00000
vt 0.50000 0.50000
vt 1.00000 0.00000
vt 0.00000 0.00000
vt 0.00000 1.00000
vt 1.00000 1.00000
vt 0.50000 0.50000
vt 1.00000 0.00000
vt 0.00000 0.00000
vt 0.00000 1.00000
vt 1.00000 1.00000
vt 0.50000 0.50000
vt 1.00000 0.00000
vt 0.00000 0.00000
vt 0.00000 1.00000
vt 1.00000 1.00000
vt 0.50000 0.50000
vt 1.00000 0.00000
vt 0.00000 0.00000
vt 0.00000 1.00000
vt 1.00000 1.00000
vt 0.50000 0.50000
vt 1.00000 0.00000
vt 0.00000 0.00000
vt 0.00000 1.00000
vt 1.00000 1.00000
vt 0.50000 0.50000
vt 1.00000 0.00000
vt 0.00000 0.00000
vt 0.00000 1.00000
vt 1.00000 1.00000
vt 0.50000 0.50000
vt 1.00000 0.00000
vt 0.00000 0.00000
vt 0.00000 1.00000
vt 1.00000 1.00000
vt 0.50000 0.50000
vt 1.00000 0.00000
vt 0.00000 0.00000
vt 0.00000 1.00000
vt 1.00000 1.00000
vt 0.50000 0.50000
vt 1.00000 0.00000
vt 0.00000 0.00000
vt 0.00000 1.00000
vt 1.00000 1.00000
vt 0.50000 0.50000
vt 1.00000 0.00000
vt 0.00000 0.00000
vt 0.00000 1.00000
vt 1.00000 1.00000
vt 0.50000 0.50000
vt 1.00000 0.00000
vt 0.00000 0.00000
vt 0.00000 1.00000
vt 1.00000 1.00000
vt 0.50000 0.50000
vt 1.00000 0.00000
vt 0.00000 0.00000
vt 0.00000 1.00000
vt 1.00000 1.00000
vt 0.50000 0.50000
vt 1.00000 0.00000
vt 0.00000 0.00000
vt 0.00000 1.00000
vt 1.00000 1.00000
vt 0.50000 0.50000
vt 1.00000 0.00000
vt 0.00000 0.00000
vt 0.00000 1.00000
vt 1.00000 1.00000
vt 0.50000 0.50000
vt 1.00000 0.00000
vt 0.00000 0.00000
vt 0.00000 1.00000
vt 1.00000 1.00000
vt 0.50000 0.50000
vt 1.00000 0.00000
vt 0.00000 0.00000
vt 0.00000 1.00000
vt 1.00000 1.00000
vt 0.50000 0.50000
vt 1.00000 0.00000
vt 0.00000 0.00000
vt 0.00000 1.00000
vt 1.00000 1.00000
vt 0.50000 0.50000
vt 1.00000 0.00000
vt 0.00000 0.00000
vt 0.00000 1.00000
vt 1.00000 1.00000
vt 0.50000 0.50000
vt 1.00000 0.00000
vt 0.00000 0.00000
vt 0.00000 1.00000
vt 1.00000 1.00000
vt 0.50000 0.50000
vt 1.00000 0.00000
vt 0.00000 0.00000
vt 0.00000 1.00000
vt 1.00000 1.00000
vt 0.50000 0.50000
vt 1.00000 0.00000
vt 0.00000 0.00000
vt 0.00000 1.00000
vt 1.00000 1.00000
vt 0.50000 0.50000
vt 1.00000 0.00000
vt 0.00000 0.00000
vt 0.00000 1.00000
vt 1.00000 1.00000
vt 0.50000 0.50000
vt 1.00000 0.00000
vt 0.00000 0.00000
vt 0.00000 1.00000
vt 1.00000 1.00000
vt 0.50000 0.50000
vt 1.00000 0.00000
vt 0.00000 0.00000
vt 0.00000 1.00000
vt 1.00000 1.00000
vt 0.50000 0.50000
vt 1.00000 0.00000
vt 0.00000 0.00000
vt 0.00000 1.00000
vt 1.00000 1.00000
vt 0.50000 0.50000
vt 1.00000 0.00000
vt 0.00000 0.00000
vt 0.00000 1.00000
vt 1.00000 1.00000
vt 0.50000 0.50000
vt 1.00000 0.00000
vt 0.00000 0.00000
vt 0.00000 1.00000
vt 1.00000 1.00000
vt 0.50000 0.50000
vt 1.00000 0.00000
vt 0.00000 0.00000
vt 0.00000 1.00000
vt 1.00000 1.00000
vt 0.50000 0.50000
vt 1.00000 0.00000
vt 0.00000 0.00000
vt 0.00000 1.00000
vt 1.00000 1.00000
vt 0.50000 0.50000
vt 1.00000 0.00000
vt 0.00000 0.00000
vt 0.00000 1.00000
vt 1.00000 1.00000
vt 0.50000 0.50000
vt 1.00000 0.00000
vt 0.00000 0.00000
vt 0.00000 1.00000
vt 1.00000 1.00000
vt 0.50000 0.50000
vt 1.00000 0.00000
vt 0.00000 0.00000
vt 0.00000 1.00000
vt 1.00000 1.00000
vt 0.50000 0.50000
vt 1.00000 0.00000
vt 0.00000 0.00000
vt 0.00000 1.00000
vt 1.00000 1.00000
vt 0.50000 0.50000
vt 1.00000 0.00000
vt 0.00000 0.00000
vt 0.00000 1.00000
vt 1.00000 1.00000
vt 0.50000 0.50000
vt 1.00000 0.00000
vt 0.00000 0.00000
vt 0.00000 1.00000
vt 1.00000 1.00000
vt 0.50000 0.50000
vt 1.00000 0.00000
vt 0.00000 0.00000
vt 0.00000 1.00000
vt 1.00000 1.00000
vt 0.50000 0.50000
vt 1.00000 0.00000
vt 0.00000 0.00000
vt 0.00000 1.00000
vt 1.00000 1.00000
vt 0.50000 0.50000
vt 1.00000 0.00000
vt 0.00000 0.00000
vt 0.00000 1.00000
vt 1.00000 1.00000
vt 0.50000 0.50000
vt 1.00000 0.00000
vt 0.00000 0.00000
vt 0.00000 1.00000
vt 1.00000 1.00000
vt 0.50000 0.50000
vt 1.00000 0.00000
vt 0.00000 0.00000
vt 0.00000 1.00000
vt 1.00000 1.00000
vt 0.50000 0.50000
vt 1.00000 0.00000
vt 0.00000 0.00000
vt 0.00000 1.00000
vt 1.00000 1.00000
vt 0.50000 0.50000
vt 1.00000 0.00000
vt 0.00000 0.00000
vt 0.00000 1.00000
vt 1.00000 1.00000
vt 0.50000 0.50000
vt 1.00000 0.00000
vt 0.00000 0.00000
vt 0.00000 1.00000
vt 1.00000 1.00000
vt 0.50000 0.50000
vt 1.00000 0.00000
vt 0.00000 0.00000
vt 0.00000 1.00000
vt 1.00000 1.00000
vt 0.50000 0.50000
vt 1.00000 0.00000
vt 0.00000 0.00000
vt 0.00000 1.00000
vt 1.00000 1.00000
vt 0.50000 0.50000
vt 1.00000 0.00000
vt 0.00000 0.00000
vt 0.00000 1.00000
vt 1.00000 1.00000
vt 0.50000 0.50000
vt 1.00000 0.00000
vt 0.00000 0.00000
vt 0.00000 1.00000
vt 1.00000 1.00000
vt 0.50000 0.50000
vt 1.00000 0.00000
vt 0.00000 0.00000
vt 0.00000 1.00000
vt 1.00000 1.00000
vt 0.50000 0.50000
vt 1.00000 0.00000
vt 0.00000 0.00000
vt 0.00000 1.00000
vt 1.00000 1.00000
vt 0.50000 0.50000
vt 1.00000 0.00000
vt 0.00000 0.00000
vt 0.00000 1.00000
vt 1.00000 1.00000
vt 0.50000 0.50000
vt 1.00000 0.00000
vt 0.00000 0.00000
vt 0.00000 1.00000
vt 1.00000 1.00000
vt 0.50000 0.50000
vt 1.00000 0.00000
vt 0.00000 0.00000
vt 0.00000 1.00000
vt 1.00000 1.00000
vt 0.50000 0.50000
vt 1.00000 0.00000
vt 0.00000 0.00000
vt 0.00000 1.00000
vt 1.00000 1.00000
vt 0.50000 0.50000
vt 1.00000 0.00000
vt 0.00000 0.00000
vt 0.00000 1.00000
vt 1.00000 1.00000
vt 0.50000 0.50000
vt 1.00000 0.00000
vt 0.00000 0.00000
vt 0.00000 1.00000
vt 1.00000 1.00000
vt 0.50000 0.50000
vt 1.00000 0.00000
vt 0.00000 0.00000
vt 0.00000 1.00000
vt 1.00000 1.00000
vt 0.50000 0.50000
vt 1.00000 0.00000
vt 0.00000 0.00000
vt 0.00000 1.00000
vt 1.00000 1.00000
vt 0.50000 0.50000
vt 1.00000 0.00000
vt 0.00000 0.00000
vt 0.00000 1.00000
vt 1.00000 1.00000
vt 0.50000 0.50000
vt 1.00000 0.00000
vt 0.00000 0.00000
vt 0.00000 1.00000
vt 1.00000 1.00000
vt 0.50000 0.50000
vt 1.00000 0.00000
vt 0.00000 0.00000
vt 0.00000 1.00000
vt 1.00000 1.00000
vt 0.50000 0.50000
vt 1.00000 0.00000
vt 0.00000 0.00000
vt 0.00000 1.00000
vt 1.00000 1.00000
vt 0.50000 0.50000
vt 1.00000 0.00000
vt 0.00000 0.00000
vt 0.00000 1.00000
vt 1.00000 1.00000
vt 0.50000 0.50000
vt 1.00000 0.00000
vt 0.00000 0.00000
vt 0.00000 1.00000
vt 1.00000 1.00000
vt 0.50000 0.50000
vt 1.00000 0.00000
vt 0.00000 0.00000
vt 0.00000 1.00000
vt 1.00000 1.00000
vt 0.50000 0.50000
vt 1.00000 0.00000
vt 0.00000 0.00000
vt 0.00000 1.00000
vt 1.00000 1.00000
vt 0.50000 0.50000
vt 1.00000 0.00000
vt 0.00000 0.00000
vt 0.00000 1.00000
vt 1.00000 1.00000
vt 0.50000 0.50000
vt 1.00000 0.00000
vt 0.00000 0.00000
vt 0.00000 1.00000
vt 1.00000 1.00000
vt 0.50000 0.50000
vt 1.00000 0.00000
vt 0.00000 0.00000
vt 0.00000 1.00000
vt 1.00000 1.00000
vt 0.50000 0.50000
vt 1.00000 0.00000
vt 0.00000 0.00000
vt 0.00000 1.00000
vt 1.00000 1.00000
vt 0.50000 0.50000
vt 1.00000 0.00000
vt 0.00000 0.00000
vt 0.00000 1.00000
vt 1.00000 1.00000
vt 0.50000 0.50000
vt 1.00000 0.00000
vt 0.00000 0.00000

g branch04
usemtl branch04
f 2/2/2 1/1/1 3/3/3
f 4/4/4 2/2/2 3/3/3
f 5/5/5 4/4/4 3/3/3
f 1/1/1 5/5/5 3/3/3
f 7/7/7 6/6/6 8/8/8
f 9/9/9 7/7/7 8/8/8
f 10/10/10 9/9/9 8/8/8
f 6/6/6 10/10/10 8/8/8
f 12/12/12 11/11/11 13/13/13
f 14/14/14 12/12/12 13/13/13
f 15/15/15 14/14/14 13/13/13
f 11/11/11 15/15/15 13/13/13
f 17/17/17 16/16/16 18/18/18
f 19/19/19 17/17/17 18/18/18
f 20/20/20 19/19/19 18/18/18
f 16/16/16 20/20/20 18/18/18
f 22/22/22 21/21/21 23/23/23
f 24/24/24 22/22/22 23/23/23
f 25/25/25 24/24/24 23/23/23
f 21/21/21 25/25/25 23/23/23
f 27/27/27 26/26/26 28/28/28
f 29/29/29 27/27/27 28/28/28
f 30/30/30 29/29/29 28/28/28
f 26/26/26 30/30/30 28/28/28
f 32/32/32 31/31/31 33/33/33
f 34/34/34 32/32/32 33/33/33
f 35/35/35 34/34/34 33/33/33
f 31/31/31 35/35/35 33/33/33
f 37/37/37 36/36/36 38/38/38
f 39/39/39 37/37/37 38/38/38
f 40/40/40 39/39/39 38/38/38
f 36/36/36 40/40/40 38/38/38
f 42/42/42 41/41/41 43/43/43
f 44/44/44 42/42/42 43/43/43
f 45/45/45 44/44/44 43/43/43
f 41/41/41 45/45/45 43/43/43
f 47/47/47 46/46/46 48/48/48
f 49/49/49 47/47/47 48/48/48
f 50/50/50 49/49/49 48/48/48
f 46/46/46 50/50/50 48/48/48
f 52/52/52 51/51/51 53/53/53
f 54/54/54 52/52/52 53/53/53
f 55/55/55 54/54/54 53/53/53
f 51/51/51 55/55/55 53/53/53
f 57/57/57 56/56/56 58/58/58
f 59/59/59 57/57/57 58/58/58
f 60/60/60 59/59/59 58/58/58
f 56/56/56 60/60/60 58/58/58
f 62/62/62 61/61/61 63/63/63
f 64/64/64 62/62/62 63/63/63
f 65/65/65 64/64/64 63/63/63
f 61/61/61 65/65/65 63/63/63
f 67/67/67 66/66/66 68/68/68
f 69/69/69 67/67/67 68/68/68
f 70/70/70 69/69/69 68/68/68
f 66/66/66 70/70/70 68/68/68
f 72/72/72 71/71/71 73/73/73
f 74/74/74 72/72/72 73/73/73
f 75/75/75 74/74/74 73/73/73
f 71/71/71 75/75/75 73/73/73
f 77/77/77 76/76/76 78/78/78
f 79/79/79 77/77/77 78/78/78
f 80/80/80 79/79/79 78/78/78
f 76/76/76 80/80/80 78/78/78
f 82/82/82 81/81/81 83/83/83
f 84/84/84 82/82/82 83/83/83
f 85/85/85 84/84/84 83/83/83
f 81/81/81 85/85/85 83/83/83
f 87/87/87 86/86/86 88/88/88
f 89/89/89 87/87/87 88/88/88
f 90/90/90 89/89/89 88/88/88
f 86/86/86 90/90/90 88/88/88
f 92/92/92 91/91/91 93/93/93
f 94/94/94 92/92/92 93/93/93
f 95/95/95 94/94/94 93/93/93
f 91/91/91 95/95/95 93/93/93
f 97/97/97 96/96/96 98/98/98
f 99/99/99 97/97/97 98/98/98
f 100/100/100 99/99/99 98/98/98
f 96/96/96 100/100/100 98/98/98
f 102/102/102 101/101/101 103/103/103
f 104/104/104 102/102/102 103/103/103
f 105/105/105 104/104/104 103/103/103
f 101/101/101 105/105/105 103/103/103
f 107/107/107 106/106/106 108/108/108
f 109/109/109 107/107/107 108/108/108
f 110/110/110 109/109/109 108/108/108
f 106/106/106 110/110/110 108/108/108
f 112/112/112 111/111/111 113/113/113
f 114/114/114 112/112/112 113/113/113
f 115/115/115 114/114/114 113/113/113
f 111/111/111 115/115/115 113/113/113
f 117/117/117 116/116/116 118/118/118
f 119/119/119 117/117/117 118/118/118
f 120/120/120 119/119/119 118/118/118
f 116/116/116 120/120/120 118/118/118
f 122/122/122 121/121/121 123/123/123
f 124/124/124 122/122/122 123/123/123
f 125/125/125 124/124/124 123/123/123
f 121/121/121 125/125/125 123/123/123
f 127/127/127 126/126/126 128/128/128
f 129/129/129 127/127/127 128/128/128
f 130/130/130 129/129/129 128/128/128
f 126/126/126 130/130/130 128/128/128
f 132/132/132 131/131/131 133/133/133
f 134/134/134 132/132/132 133/133/133
f 135/135/135 134/134/134 133/133/133
f 131/131/131 135/135/135 133/133/133
f 137/137/137 136/136/136 138/138/138
f 139/139/139 137/137/137 138/138/138
f 140/140/140 139/139/139 138/138/138
f 136/136/136 140/140/140 138/138/138
f 142/142/142 141/141/141 143/143/143
f 144/144/144 142/142/142 143/143/143
f 145/145/145 144/144/144 143/143/143
f 141/141/141 145/145/145 143/143/143
f 147/147/147 146/146/146 148/148/148
f 149/149/149 147/147/147 148/148/148
f 150/150/150 149/149/149 148/148/148
f 146/146/146 150/150/150 148/148/148
f 152/152/152 151/151/151 153/153/153
f 154/154/154 152/152/152 153/153/153
f 155/155/155 154/154/154 153/153/153
f 151/151/151 155/155/155 153/153/153
f 157/157/157 156/156/156 158/158/158
f 159/159/159 157/157/157 158/158/158
f 160/160/160 159/159/159 158/158/158
f 156/156/156 160/160/160 158/158/158
f 162/162/162 161/161/161 163/163/163
f 164/164/164 162/162/162 163/163/163
f 165/165/165 164/164/164 163/163/163
f 161/161/161 165/165/165 163/163/163
f 167/167/167 166/166/166 168/168/168
f 169/169/169 167/167/167 168/168/168
f 170/170/170 169/169/169 168/168/168
f 166/166/166 170/170/170 168/168/168
f 172/172/172 171/171/171 173/173/173
f 174/174/174 172/172/172 173/173/173
f 175/175/175 174/174/174 173/173/173
f 171/171/171 175/175/175 173/173/173
f 177/177/177 176/176/176 178/178/178
f 179/179/179 177/177/177 178/178/178
f 180/180/180 179/179/179 178/178/178
f 176/176/176 180/180/180 178/178/178
f 182/182/182 181/181/181 183/183/183
f 184/184/184 182/182/182 183/183/183
f 185/185/185 184/184/184 183/183/183
f 181/181/181 185/185/185 183/183/183
f 187/187/187 186/186/186 188/188/188
f 189/189/189 187/187/187 188/188/188
f 190/190/190 189/189/189 188/188/188
f 186/186/186 190/190/190 188/188/188
f 192/192/192 191/191/191 193/193/193
f 194/194/194 192/192/192 193/193/193
f 195/195/195 194/194/194 193/193/193
f 191/191/191 195/195/195 193/193/193
f 197/197/197 196/196/196 198/198/198
f 199/199/199 197/197/197 198/198/198
f 200/200/200 199/199/199 198/198/198
f 196/196/196 200/200/200 198/198/198
f 202/202/202 201/201/201 203/203/203
f 204/204/204 202/202/202 203/203/203
f 205/205/205 204/204/204 203/203/203
f 201/201/201 205/205/205 203/203/203
f 207/207/207 206/206/206 208/208/208
f 209/209/209 207/207/207 208/208/208
f 210/210/210 209/209/209 208/208/208
f 206/206/206 210/210/210 208/208/208
f 212/212/212 211/211/211 213/213/213
f 214/214/214 212/212/212 213/213/213
f 215/215/215 214/214/214 213/213/213
f 211/211/211 215/215/215 213/213/213
f 217/217/217 216/216/216 218/218/218
f 219/219/219 217/217/217 218/218/218
f 220/220/220 219/219/219 218/218/218
f 216/216/216 220/220/220 218/218/218
f 222/222/222 221/221/221 223/223/223
f 224/224/224 222/222/222 223/223/223
f 225/225/225 224/224/224 223/223/223
f 221/221/221 225/225/225 223/223/223
f 227/227/227 226/226/226 228/228/228
f 229/229/229 227/227/227 228/228/228
f 230/230/230 229/229/229 228/228/228
f 226/226/226 230/230/230 228/228/228
f 232/232/232 231/231/231 233/233/233
f 234/234/234 232/232/232 233/233/233
f 235/235/235 234/234/234 233/233/233
f 231/231/231 235/235/235 233/233/233
f 237/237/237 236/236/236 238/238/238
f 239/239/239 237/237/237 238/238/238
f 240/240/240 239/239/239 238/238/238
f 236/236/236 240/240/240 238/238/238
f 242/242/242 241/241/241 243/243/243
f 244/244/244 242/242/242 243/243/243
f 245/245/245 244/244/244 243/243/243
f 241/241/241 245/245/245 243/243/243
f 247/247/247 246/246/246 248/248/248
f 249/249/249 247/247/247 248/248/248
f 250/250/250 249/249/249 248/248/248
f 246/246/246 250/250/250 248/248/248
f 252/252/252 251/251/251 253/253/253
f 254/254/254 252/252/252 253/253/253
f 255/255/255 254/254/254 253/253/253
f 251/251/251 255/255/255 253/253/253
f 257/257/257 256/256/256 258/258/258
f 259/259/259 257/257/257 258/258/258
f 260/260/260 259/259/259 258/258/258
f 256/256/256 260/260/260 258/258/258
f 262/262/262 261/261/261 263/263/263
f 264/264/264 262/262/262 263/263/263
f 265/265/265 264/264/264 263/263/263
f 261/261/261 265/265/265 263/263/263
f 267/267/267 266/266/266 268/268/268
f 269/269/269 267/267/267 268/268/268
f 270/270/270 269/269/269 268/268/268
f 266/266/266 270/270/270 268/268/268
f 272/272/272 271/271/271 273/273/273
f 274/274/274 272/272/272 273/273/273
f 275/275/275 274/274/274 273/273/273
f 271/271/271 275/275/275 273/273/273
f 277/277/277 276/276/276 278/278/278
f 279/279/279 277/277/277 278/278/278
f 280/280/280 279/279/279 278/278/278
f 276/276/276 280/280/280 278/278/278
f 282/282/282 281/281/281 283/283/283
f 284/284/284 282/282/282 283/283/283
f 285/285/285 284/284/284 283/283/283
f 281/281/281 285/285/285 283/283/283
f 287/287/287 286/286/286 288/288/288
f 289/289/289 287/287/287 288/288/288
f 290/290/290 289/289/289 288/288/288
f 286/286/286 290/290/290 288/288/288
f 292/292/292 291/291/291 293/293/293
f 294/294/294 292/292/292 293/293/293
f 295/295/295 294/294/294 293/293/293
f 291/291/291 295/295/295 293/293/293
f 297/297/297 296/296/296 298/298/298
f 299/299/299 297/297/297 298/298/298
f 300/300/300 299/299/299 298/298/298
f 296/296/296 300/300/300 298/298/298
f 302/302/302 301/301/301 303/303/303
f 304/304/304 302/302/302 303/303/303
f 305/305/305 304/304/304 303/303/303
f 301/301/301 305/305/305 303/303/303
f 307/307/307 306/306/306 308/308/308
f 309/309/309 307/307/307 308/308/308
f 310/310/310 309/309/309 308/308/308
f 306/306/306 310/310/310 308/308/308
f 312/312/312 311/311/311 313/313/313
f 314/314/314 312/312/312 313/313/313
f 315/315/315 314/314/314 313/313/313
f 311/311/311 315/315/315 313/313/313
f 317/317/317 316/316/316 318/318/318
f 319/319/319 317/317/317 318/318/318
f 320/320/320 319/319/319 318/318/318
f 316/316/316 320/320/320 318/318/318
f 322/322/322 321/321/321 323/323/323
f 324/324/324 322/322/322 323/323/323
f 325/325/325 324/324/324 323/323/323
f 321/321/321 325/325/325 323/323/323
f 327/327/327 326/326/326 328/328/328
f 329/329/329 327/327/327 328/328/328
f 330/330/330 329/329/329 328/328/328
f 326/326/326 330/330/330 328/328/328
f 332/332/332 331/331/331 333/333/333
f 334/334/334 332/332/332 333/333/333
f 335/335/335 334/334/334 333/333/333
f 331/331/331 335/335/335 333/333/333
f 337/337/337 336/336/336 338/338/338
f 339/339/339 337/337/337 338/338/338
f 340/340/340 339/339/339 338/338/338
f 336/336/336 340/340/340 338/338/338
f 342/342/342 341/341/341 343/343/343
f 344/344/344 342/342/342 343/343/343
f 345/345/345 344/344/344 343/343/343
f 341/341/341 345/345/345 343/343/343
f 347/347/347 346/346/346 348/348/348
f 349/349/349 347/347/347 348/348/348
f 350/350/350 349/349/349 348/348/348
f 346/346/346 350/350/350 348/348/348
f 352/352/352 351/351/351 353/353/353
f 354/354/354 352/352/352 353/353/353
f 355/355/355 354/354/354 353/353/353
f 351/351/351 355/355/355 353/353/353
f 357/357/357 356/356/356 358/358/358
f 359/359/359 357/357/357 358/358/358
f 360/360/360 359/359/359 358/358/358
f 356/356/356 360/360/360 358/358/358
f 362/362/362 361/361/361 363/363/363
f 364/364/364 362/362/362 363/363/363
f 365/365/365 364/364/364 363/363/363
f 361/361/361 365/365/365 363/363/363
f 367/367/367 366/366/366 368/368/368
f 369/369/369 367/367/367 368/368/368
f 370/370/370 369/369/369 368/368/368
f 366/366/366 370/370/370 368/368/368
f 372/372/372 371/371/371 373/373/373
f 374/374/374 372/372/372 373/373/373
f 375/375/375 374/374/374 373/373/373
f 371/371/371 375/375/375 373/373/373
f 377/377/377 376/376/376 378/378/378
f 379/379/379 377/377/377 378/378/378
f 380/380/380 379/379/379 378/378/378
f 376/376/376 380/380/380 378/378/378
f 382/382/382 381/381/381 383/383/383
f 384/384/384 382/382/382 383/383/383
f 385/385/385 384/384/384 383/383/383
f 381/381/381 385/385/385 383/383/383
f 387/387/387 386/386/386 388/388/388
f 389/389/389 387/387/387 388/388/388
f 390/390/390 389/389/389 388/388/388
f 386/386/386 390/390/390 388/388/388
f 392/392/392 391/391/391 393/393/393
f 394/394/394 392/392/392 393/393/393
f 395/395/395 394/394/394 393/393/393
f 391/391/391 395/395/395 393/393/393
f 397/397/397 396/396/396 398/398/398
f 399/399/399 397/397/397 398/398/398
f 400/400/400 399/399/399 398/398/398
f 396/396/396 400/400/400 398/398/398
f 402/402/402 401/401/401 403/403/403
f 404/404/404 402/402/402 403/403/403
f 405/405/405 404/404/404 403/403/403
f 401/401/401 405/405/405 403/403/403
f 407/407/407 406/406/406 408/408/408
f 409/409/409 407/407/407 408/408/408
f 410/410/410 409/409/409 408/408/408
f 406/406/406 410/410/410 408/408/408
f 412/412/412 411/411/411 413/413/413
f 414/414/414 412/412/412 413/413/413
f 415/415/415 414/414/414 413/413/413
f 411/411/411 415/415/415 413/413/413
f 417/417/417 416/416/416 418/418/418
f 419/419/419 417/417/417 418/418/418
f 420/420/420 419/419/419 418/418/418
f 416/416/416 420/420/420 418/418/418
f 422/422/422 421/421/421 423/423/423
f 424/424/424 422/422/422 423/423/423
f 425/425/425 424/424/424 423/423/423
f 421/421/421 425/425/425 423/423/423
f 427/427/427 426/426/426 428/428/428
f 429/429/429 427/427/427 428/428/428
f 430/430/430 429/429/429 428/428/428
f 426/426/426 430/430/430 428/428/428
f 432/432/432 431/431/431 433/433/433
f 434/434/434 432/432/432 433/433/433
f 435/435/435 434/434/434 433/433/433
f 431/431/431 435/435/435 433/433/433
f 437/437/437 436/436/436 438/438/438
f 439/439/439 437/437/437 438/438/438
f 440/440/440 439/439/439 438/438/438
f 436/436/436 440/440/440 438/438/438
f 442/442/442 441/441/441 443/443/443
f 444/444/444 442/442/442 443/443/443
f 445/445/445 444/444/444 443/443/443
f 441/441/441 445/445/445 443/443/443
f 447/447/447 446/446/446 448/448/448
f 449/449/449 447/447/447 448/448/448
f 450/450/450 449/449/449 448/448/448
f 446/446/446 450/450/450 448/448/448
f 452/452/452 451/451/451 453/453/453
f 454/454/454 452/452/452 453/453/453
f 455/455/455 454/454/454 453/453/453
f 451/451/451 455/455/455 453/453/453
f 457/457/457 456/456/456 458/458/458
f 459/459/459 457/457/457 458/458/458
f 460/460/460 459/459/459 458/458/458
f 456/456/456 460/460/460 458/458/458
f 462/462/462 461/461/461 463/463/463
f 464/464/464 462/462/462 463/463/463
f 465/465/465 464/464/464 463/463/463
f 461/461/461 465/465/465 463/463/463
f 467/467/467 466/466/466 468/468/468
f 469/469/469 467/467/467 468/468/468
f 470/470/470 469/469/469 468/468/468
f 466/466/466 470/470/470 468/468/468
f 472/472/472 471/471/471 473/473/473
f 474/474/474 472/472/472 473/473/473
f 475/475/475 474/474/474 473/473/473
f 471/471/471 475/475/475 473/473/473
f 477/477/477 476/476/476 478/478/478
f 479/479/479 477/477/477 478/478/478
f 480/480/480 479/479/479 478/478/478
f 476/476/476 480/480/480 478/478/478
f 482/482/482 481/481/481 483/483/483
f 484/484/484 482/482/482 483/483/483
f 485/485/485 484/484/484 483/483/483
f 481/481/481 485/485/485 483/483/483
f 487/487/487 486/486/486 488/488/488
f 489/489/489 487/487/487 488/488/488
f 490/490/490 489/489/489 488/488/488
f 486/486/486 490/490/490 488/488/488
f 492/492/492 491/491/491 493/493/493
f 494/494/494 492/492/492 493/493/493
f 495/495/495 494/494/494 493/493/493
f 491/491/491 495/495/495 493/493/493
f 497/497/497 496/496/496 498/498/498
f 499/499/499 497/497/497 498/498/498
f 500/500/500 499/499/499 498/498/498
f 496/496/496 500/500/500 498/498/498
f 502/502/502 501/501/501 503/503/503
f 504/504/504 502/502/502 503/503/503
f 505/505/505 504/504/504 503/503/503
f 501/501/501 505/505/505 503/503/503
f 507/507/507 506/506/506 508/508/508
f 509/509/509 507/507/507 508/508/508
f 510/510/510 509/509/509 508/508/508
f 506/506/506 510/510/510 508/508/508
f 512/512/512 511/511/511 513/513/513
f 514/514/514 512/512/512 513/513/513
f 515/515/515 514/514/514 513/513/513
f 511/511/511 515/515/515 513/513/513
f 517/517/517 516/516/516 518/518/518
f 519/519/519 517/517/517 518/518/518
f 520/520/520 519/519/519 518/518/518
f 516/516/516 520/520/520 518/518/518
f 522/522/522 521/521/521 523/523/523
f 524/524/524 522/522/522 523/523/523
f 525/525/525 524/524/524 523/523/523
f 521/521/521 525/525/525 523/523/523
f 527/527/527 526/526/526 528/528/528
f 529/529/529 527/527/527 528/528/528
f 530/530/530 529/529/529 528/528/528
f 526/526/526 530/530/530 528/528/528
f 532/532/532 531/531/531 533/533/533
f 534/534/534 532/532/532 533/533/533
f 535/535/535 534/534/534 533/533/533
f 531/531/531 535/535/535 533/533/533
f 537/537/537 536/536/536 538/538/538
f 539/539/539 537/537/537 538/538/538
f 540/540/540 539/539/539 538/538/538
f 536/536/536 540/540/540 538/538/538
f 542/542/542 541/541/541 543/543/543
f 544/544/544 542/542/542 543/543/543
f 545/545/545 544/544/544 543/543/543
f 541/541/541 545/545/545 543/543/543
f 547/547/547 546/546/546 548/548/548
f 549/549/549 547/547/547 548/548/548
f 550/550/550 549/549/549 548/548/548
f 546/546/546 550/550/550 548/548/548
f 552/552/552 551/551/551 553/553/553
f 554/554/554 552/552/552 553/553/553
f 555/555/555 554/554/554 553/553/553
f 551/551/551 555/555/555 553/553/553
f 557/557/557 556/556/556 558/558/558
f 559/559/559 557/557/557 558/558/558
f 560/560/560 559/559/559 558/558/558
f 556/556/556 560/560/560 558/558/558
f 562/562/562 561/561/561 563/563/563
f 564/564/564 562/562/562 563/563/563
f 565/565/565 564/564/564 563/563/563
f 561/561/561 565/565/565 563/563/563
f 567/567/567 566/566/566 568/568/568
f 569/569/569 567/567/567 568/568/568
f 570/570/570 569/569/569 568/568/568
f 566/566/566 570/570/570 568/568/568
f 572/572/572 571/571/571 573/573/573
f 574/574/574 572/572/572 573/573/573
f 575/575/575 574/574/574 573/573/573
f 571/571/571 575/575/575 573/573/573
f 577/577/577 576/576/576 578/578/578
f 579/579/579 577/577/577 578/578/578
f 580/580/580 579/579/579 578/578/578
f 576/576/576 580/580/580 578/578/578
f 582/582/582 581/581/581 583/583/583
f 584/584/584 582/582/582 583/583/583
f 585/585/585 584/584/584 583/583/583
f 581/581/581 585/585/585 583/583/583
f 587/587/587 586/586/586 588/588/588
f 589/589/589 587/587/587 588/588/588
f 590/590/590 589/589/589 588/588/588
f 586/586/586 590/590/590 588/588/588
f 592/592/592 591/591/591 593/593/593
f 594/594/594 592/592/592 593/593/593
f 595/595/595 594/594/594 593/593/593
f 591/591/591 595/595/595 593/593/593
f 597/597/597 596/596/596 598/598/598
f 599/599/599 597/597/597 598/598/598
f 600/600/600 599/599/599 598/598/598
f 596/596/596 600/600/600 598/598/598
f 602/602/602 601/601/601 603/603/603
f 604/604/604 602/602/602 603/603/603
f 605/605/605 604/604/604 603/603/603
f 601/601/601 605/605/605 603/603/603
f 607/607/607 606/606/606 608/608/608
f 609/609/609 607/607/607 608/608/608
f 610/610/610 609/609/609 608/608/608
f 606/606/606 610/610/610 608/608/608
f 612/612/612 611/611/611 613/613/613
f 614/614/614 612/612/612 613/613/613
f 615/615/615 614/614/614 613/613/613
f 611/611/611 615/615/615 613/613/613
f 617/617/617 616/616/616 618/618/618
f 619/619/619 617/617/617 618/618/618
f 620/620/620 619/619/619 618/618/618
f 616/616/616 620/620/620 618/618/618
f 622/622/622 621/621/621 623/623/623
f 624/624/624 622/622/622 623/623/623
f 625/625/625 624/624/624 623/623/623
f 621/621/621 625/625/625 623/623/623
f 627/627/627 626/626/626 628/628/628
f 629/629/629 627/627/627 628/628/628
f 630/630/630 629/629/629 628/628/628
f 626/626/626 630/630/630 628/628/628
f 632/632/632 631/631/631 633/633/633
f 634/634/634 632/632/632 633/633/633
f 635/635/635 634/634/634 633/633/633
f 631/631/631 635/635/635 633/633/633
f 637/637/637 636/636/636 638/638/638
f 639/639/639 637/637/637 638/638/638
f 640/640/640 639/639/639 638/638/638
f 636/636/636 640/640/640 638/638/638
f 642/642/642 641/641/641 643/643/643
f 644/644/644 642/642/642 643/643/643
f 645/645/645 644/644/644 643/643/643
f 641/641/641 645/645/645 643/643/643
f 647/647/647 646/646/646 648/648/648
f 649/649/649 647/647/647 648/648/648
f 650/650/650 649/649/649 648/648/648
f 646/646/646 650/650/650 648/648/648
f 652/652/652 651/651/651 653/653/653
f 654/654/654 652/652/652 653/653/653
f 655/655/655 654/654/654 653/653/653
f 651/651/651 655/655/655 653/653/653
f 657/657/657 656/656/656 658/658/658
f 659/659/659 657/657/657 658/658/658
f 660/660/660 659/659/659 658/658/658
f 656/656/656 660/660/660 658/658/658
f 662/662/662 661/661/661 663/663/663
f 664/664/664 662/662/662 663/663/663
f 665/665/665 664/664/664 663/663/663
f 661/661/661 665/665/665 663/663/663
f 667/667/667 666/666/666 668/668/668
f 669/669/669 667/667/667 668/668/668
f 670/670/670 669/669/669 668/668/668
f 666/666/666 670/670/670 668/668/668
f 672/672/672 671/671/671 673/673/673
f 674/674/674 672/672/672 673/673/673
f 675/675/675 674/674/674 673/673/673
f 671/671/671 675/675/675 673/673/673
f 677/677/677 676/676/676 678/678/678
f 679/679/679 677/677/677 678/678/678
f 680/680/680 679/679/679 678/678/678
f 676/676/676 680/680/680 678/678/678
f 682/682/682 681/681/681 683/683/683
f 684/684/684 682/682/682 683/683/683
f 685/685/685 684/684/684 683/683/683
f 681/681/681 685/685/685 683/683/683
f 687/687/687 686/686/686 688/688/688
f 689/689/689 687/687/687 688/688/688
f 690/690/690 689/689/689 688/688/688
f 686/686/686 690/690/690 688/688/688
f 692/692/692 691/691/691 693/693/693
f 694/694/694 692/692/692 693/693/693
f 695/695/695 694/694/694 693/693/693
f 691/691/691 695/695/695 693/693/693
f 697/697/697 696/696/696 698/698/698
f 699/699/699 697/697/697 698/698/698
f 700/700/700 699/699/699 698/698/698
f 696/696/696 700/700/700 698/698/698
f 702/702/702 701/701/701 703/703/703
f 704/704/704 702/702/702 703/703/703
f 705/705/705 704/704/704 703/703/703
f 701/701/701 705/705/705 703/703/703
f 707/707/707 706/706/706 708/708/708
f 709/709/709 707/707/707 708/708/708
f 710/710/710 709/709/709 708/708/708
f 706/706/706 710/710/710 708/708/708
f 712/712/712 711/711/711 713/713/713
f 714/714/714 712/712/712 713/713/713
f 715/715/715 714/714/714 713/713/713
f 711/711/711 715/715/715 713/713/713
f 717/717/717 716/716/716 718/718/718
f 719/719/719 717/717/717 718/718/718
f 720/720/720 719/719/719 718/718/718
f 716/716/716 720/720/720 718/718/718
f 722/722/722 721/721/721 723/723/723
f 724/724/724 722/722/722 723/723/723
f 725/725/725 724/724/724 723/723/723
f 721/721/721 725/725/725 723/723/723
f 727/727/727 726/726/726 728/728/728
f 729/729/729 727/727/727 728/728/728
f 730/730/730 729/729/729 728/728/728
f 726/726/726 730/730/730 728/728/728
f 732/732/732 731/731/731 733/733/733
f 734/734/734 732/732/732 733/733/733
f 735/735/735 734/734/734 733/733/733
f 731/731/731 735/735/735 733/733/733
f 737/737/737 736/736/736 738/738/738
f 739/739/739 737/737/737 738/738/738
f 740/740/740 739/739/739 738/738/738
f 736/736/736 740/740/740 738/738/738
f 742/742/742 741/741/741 743/743/743
f 744/744/744 742/742/742 743/743/743
f 745/745/745 744/744/744 743/743/743
f 741/741/741 745/745/745 743/743/743
f 747/747/747 746/746/746 748/748/748
f 749/749/749 747/747/747 748/748/748
f 750/750/750 749/749/749 748/748/748
f 746/746/746 750/750/750 748/748/748
f 752/752/752 751/751/751 753/753/753
f 754/754/754 752/752/752 753/753/753
f 755/755/755 754/754/754 753/753/753
f 751/751/751 755/755/755 753/753/753
f 757/757/757 756/756/756 758/758/758
f 759/759/759 757/757/757 758/758/758
f 760/760/760 759/759/759 758/758/758
f 756/756/756 760/760/760 758/758/758
f 762/762/762 761/761/761 763/763/763
f 764/764/764 762/762/762 763/763/763
f 765/765/765 764/764/764 763/763/763
f 761/761/761 765/765/765 763/763/763
f 767/767/767 766/766/766 768/768/768
f 769/769/769 767/767/767 768/768/768
f 770/770/770 769/769/769 768/768/768
f 766/766/766 770/770/770 768/768/768
f 772/772/772 771/771/771 773/773/773
f 774/774/774 772/772/772 773/773/773
f 775/775/775 774/774/774 773/773/773
f 771/771/771 775/775/775 773/773/773
f 777/777/777 776/776/776 778/778/778
f 779/779/779 777/777/777 778/778/778
f 780/780/780 779/779/779 778/778/778
f 776/776/776 780/780/780 778/778/778
f 782/782/782 781/781/781 783/783/783
f 784/784/784 782/782/782 783/783/783
f 785/785/785 784/784/784 783/783/783
f 781/781/781 785/785/785 783/783/783
f 787/787/787 786/786/786 788/788/788
f 789/789/789 787/787/787 788/788/788
f 790/790/790 789/789/789 788/788/788
f 786/786/786 790/790/790 788/788/788
f 792/792/792 791/791/791 793/793/793
f 794/794/794 792/792/792 793/793/793
f 795/795/795 794/794/794 793/793/793
f 791/791/791 795/795/795 793/793/793
f 797/797/797 796/796/796 798/798/798
f 799/799/799 797/797/797 798/798/798
f 800/800/800 799/799/799 798/798/798
f 796/796/796 800/800/800 798/798/798
f 802/802/802 801/801/801 803/803/803
f 804/804/804 802/802/802 803/803/803
f 805/805/805 804/804/804 803/803/803
f 801/801/801 805/805/805 803/803/803
f 807/807/807 806/806/806 808/808/808
f 809/809/809 807/807/807 808/808/808
f 810/810/810 809/809/809 808/808/808
f 806/806/806 810/810/810 808/808/808
f 812/812/812 811/811/811 813/813/813
f 814/814/814 812/812/812 813/813/813
f 815/815/815 814/814/814 813/813/813
f 811/811/811 815/815/815 813/813/813
f 817/817/817 816/816/816 818/818/818
f 819/819/819 817/817/817 818/818/818
f 820/820/820 819/819/819 818/818/818
f 816/816/816 820/820/820 818/818/818
f 822/822/822 821/821/821 823/823/823
f 824/824/824 822/822/822 823/823/823
f 825/825/825 824/824/824 823/823/823
f 821/821/821 825/825/825 823/823/823
f 827/827/827 826/826/826 828/828/828
f 829/829/829 827/827/827 828/828/828
f 830/830/830 829/829/829 828/828/828
f 826/826/826 830/830/830 828/828/828
f 832/832/832 831/831/831 833/833/833
f 834/834/834 832/832/832 833/833/833
f 835/835/835 834/834/834 833/833/833
f 831/831/831 835/835/835 833/833/833
f 837/837/837 836/836/836 838/838/838
f 839/839/839 837/837/837 838/838/838
f 840/840/840 839/839/839 838/838/838
f 836/836/836 840/840/840 838/838/838
f 842/842/842 841/841/841 843/843/843
f 844/844/844 842/842/842 843/843/843
f 845/845/845 844/844/844 843/843/843
f 841/841/841 845/845/845 843/843/843
f 847/847/847 846/846/846 848/848/848
f 849/849/849 847/847/847 848/848/848
f 850/850/850 849/849/849 848/848/848
f 846/846/846 850/850/850 848/848/848
f 852/852/852 851/851/851 853/853/853
f 854/854/854 852/852/852 853/853/853
f 855/855/855 854/854/854 853/853/853
f 851/851/851 855/855/855 853/853/853
f 857/857/857 856/856/856 858/858/858
f 859/859/859 857/857/857 858/858/858
f 860/860/860 859/859/859 858/858/858
f 856/856/856 860/860/860 858/858/858
f 862/862/862 861/861/861 863/863/863
f 864/864/864 862/862/862 863/863/863
f 865/865/865 864/864/864 863/863/863
f 861/861/861 865/865/865 863/863/863
f 867/867/867 866/866/866 868/868/868
f 869/869/869 867/867/867 868/868/868
f 870/870/870 869/869/869 868/868/868
f 866/866/866 870/870/870 868/868/868
f 872/872/872 871/871/871 873/873/873
f 874/874/874 872/872/872 873/873/873
f 875/875/875 874/874/874 873/873/873
f 871/871/871 875/875/875 873/873/873
f 877/877/877 876/876/876 878/878/878
f 879/879/879 877/877/877 878/878/878
f 880/880/880 879/879/879 878/878/878
f 876/876/876 880/880/880 878/878/878
f 882/882/882 881/881/881 883/883/883
f 884/884/884 882/882/882 883/883/883
f 885/885/885 884/884/884 883/883/883
f 881/881/881 885/885/885 883/883/883
f 887/887/887 886/886/886 888/888/888
f 889/889/889 887/887/887 888/888/888
f 890/890/890 889/889/889 888/888/888
f 886/886/886 890/890/890 888/888/888
f 892/892/892 891/891/891 893/893/893
f 894/894/894 892/892/892 893/893/893
f 895/895/895 894/894/894 893/893/893
f 891/891/891 895/895/895 893/893/893
f 897/897/897 896/896/896 898/898/898
f 899/899/899 897/897/897 898/898/898
f 900/900/900 899/899/899 898/898/898
f 896/896/896 900/900/900 898/898/898
f 902/902/902 901/901/901 903/903/903
f 904/904/904 902/902/902 903/903/903
f 905/905/905 904/904/904 903/903/903
f 901/901/901 905/905/905 903/903/903
f 907/907/907 906/906/906 908/908/908
f 909/909/909 907/907/907 908/908/908
f 910/910/910 909/909/909 908/908/908
f 906/906/906 910/910/910 908/908/908
f 912/912/912 911/911/911 913/913/913
f 914/914/914 912/912/912 913/913/913
f 915/915/915 914/914/914 913/913/913
f 911/911/911 915/915/915 913/913/913
f 917/917/917 916/916/916 918/918/918
f 919/919/919 917/917/917 918/918/918
f 920/920/920 919/919/919 918/918/918
f 916/916/916 920/920/920 918/918/918
f 922/922/922 921/921/921 923/923/923
f 924/924/924 922/922/922 923/923/923
f 925/925/925 924/924/924 923/923/923
f 921/921/921 925/925/925 923/923/923
f 927/927/927 926/926/926 928/928/928
f 929/929/929 927/927/927 928/928/928
f 930/930/930 929/929/929 928/928/928
f 926/926/926 930/930/930 928/928/928
f 932/932/932 931/931/931 933/933/933
f 934/934/934 932/932/932 933/933/933
f 935/935/935 934/934/934 933/933/933
f 931/931/931 935/935/935 933/933/933
f 937/937/937 936/936/936 938/938/938
f 939/939/939 937/937/937 938/938/938
f 940/940/940 939/939/939 938/938/938
f 936/936/936 940/940/940 938/938/938
f 942/942/942 941/941/941 943/943/943
f 944/944/944 942/942/942 943/943/943
f 945/945/945 944/944/944 943/943/943
f 941/941/941 945/945/945 943/943/943
f 947/947/947 946/946/946 948/948/948
f 949/949/949 947/947/947 948/948/948
f 950/950/950 949/949/949 948/948/948
f 946/946/946 950/950/950 948/948/948
f 952/952/952 951/951/951 953/953/953
f 954/954/954 952/952/952 953/953/953
f 955/955/955 954/954/954 953/953/953
f 951/951/951 955/955/955 953/953/953
f 957/957/957 956/956/956 958/958/958
f 959/959/959 957/957/957 958/958/958
f 960/960/960 959/959/959 958/958/958
f 956/956/956 960/960/960 958/958/958
f 962/962/962 961/961/961 963/963/963
f 964/964/964 962/962/962 963/963/963
f 965/965/965 964/964/964 963/963/963
f 961/961/961 965/965/965 963/963/963
f 967/967/967 966/966/966 968/968/968
f 969/969/969 967/967/967 968/968/968
f 970/970/970 969/969/969 968/968/968
f 966/966/966 970/970/970 968/968/968
f 972/972/972 971/971/971 973/973/973
f 974/974/974 972/972/972 973/973/973
f 975/975/975 974/974/974 973/973/973
f 971/971/971 975/975/975 973/973/973
f 977/977/977 976/976/976 978/978/978
f 979/979/979 977/977/977 978/978/978
f 980/980/980 979/979/979 978/978/978
f 976/976/976 980/980/980 978/978/978
f 982/982/982 981/981/981 983/983/983
f 984/984/984 982/982/982 983/983/983
f 985/985/985 984/984/984 983/983/983
f 981/981/981 985/985/985 983/983/983
f 987/987/987 986/986/986 988/988/988
f 989/989/989 987/987/987 988/988/988
f 990/990/990 989/989/989 988/988/988
f 986/986/986 990/990/990 988/988/988
f 992/992/992 991/991/991 993/993/993
f 994/994/994 992/992/992 993/993/993
f 995/995/995 994/994/994 993/993/993
f 991/991/991 995/995/995 993/993/993
f 997/997/997 996/996/996 998/998/998
f 999/999/999 997/997/997 998/998/998
f 1000/1000/1000 999/999/999 998/998/998
f 996/996/996 1000/1000/1000 998/998/998
f 1002/1002/1002 1001/1001/1001 1003/1003/1003
f 1004/1004/1004 1002/1002/1002 1003/1003/1003
f 1005/1005/1005 1004/1004/1004 1003/1003/1003
f 1001/1001/1001 1005/1005/1005 1003/1003/1003
f 1007/1007/1007 1006/1006/1006 1008/1008/1008
f 1009/1009/1009 1007/1007/1007 1008/1008/1008
f 1010/1010/1010 1009/1009/1009 1008/1008/1008
f 1006/1006/1006 1010/1010/1010 1008/1008/1008
f 1012/1012/1012 1011/1011/1011 1013/1013/1013
f 1014/1014/1014 1012/1012/1012 1013/1013/1013
f 1015/1015/1015 1014/1014/1014 1013/1013/1013
f 1011/1011/1011 1015/1015/1015 1013/1013/1013
f 1017/1017/1017 1016/1016/1016 1018/1018/1018
f 1019/1019/1019 1017/1017/1017 1018/1018/1018
f 1020/1020/1020 1019/1019/1019 1018/1018/1018
f 1016/1016/1016 1020/1020/1020 1018/1018/1018
f 1022/1022/1022 1021/1021/1021 1023/1023/1023
f 1024/1024/1024 1022/1022/1022 1023/1023/1023
f 1025/1025/1025 1024/1024/1024 1023/1023/1023
f 1021/1021/1021 1025/1025/1025 1023/1023/1023
f 1027/1027/1027 1026/1026/1026 1028/1028/1028
f 1029/1029/1029 1027/1027/1027 1028/1028/1028
f 1030/1030/1030 1029/1029/1029 1028/1028/1028
f 1026/1026/1026 1030/1030/1030 1028/1028/1028
f 1032/1032/1032 1031/1031/1031 1033/1033/1033
f 1034/1034/1034 1032/1032/1032 1033/1033/1033
f 1035/1035/1035 1034/1034/1034 1033/1033/1033
f 1031/1031/1031 1035/1035/1035 1033/1033/1033
f 1037/1037/1037 1036/1036/1036 1038/1038/1038
f 1039/1039/1039 1037/1037/1037 1038/1038/1038
f 1040/1040/1040 1039/1039/1039 1038/1038/1038
f 1036/1036/1036 1040/1040/1040 1038/1038/1038
f 1042/1042/1042 1041/1041/1041 1043/1043/1043
f 1044/1044/1044 1042/1042/1042 1043/1043/1043
f 1045/1045/1045 1044/1044/1044 1043/1043/1043
f 1041/1041/1041 1045/1045/1045 1043/1043/1043
f 1047/1047/1047 1046/1046/1046 1048/1048/1048
f 1049/1049/1049 1047/1047/1047 1048/1048/1048
f 1050/1050/1050 1049/1049/1049 1048/1048/1048
f 1046/1046/1046 1050/1050/1050 1048/1048/1048
f 1052/1052/1052 1051/1051/1051 1053/1053/1053
f 1054/1054/1054 1052/1052/1052 1053/1053/1053
f 1055/1055/1055 1054/1054/1054 1053/1053/1053
f 1051/1051/1051 1055/1055/1055 1053/1053/1053
f 1057/1057/1057 1056/1056/1056 1058/1058/1058
f 1059/1059/1059 1057/1057/1057 1058/1058/1058
f 1060/1060/1060 1059/1059/1059 1058/1058/1058
f 1056/1056/1056 1060/1060/1060 1058/1058/1058
f 1062/1062/1062 1061/1061/1061 1063/1063/1063
f 1064/1064/1064 1062/1062/1062 1063/1063/1063
f 1065/1065/1065 1064/1064/1064 1063/1063/1063
f 1061/1061/1061 1065/1065/1065 1063/1063/1063
f 1067/1067/1067 1066/1066/1066 1068/1068/1068
f 1069/1069/1069 1067/1067/1067 1068/1068/1068
f 1070/1070/1070 1069/1069/1069 1068/1068/1068
f 1066/1066/1066 1070/1070/1070 1068/1068/1068
f 1072/1072/1072 1071/1071/1071 1073/1073/1073
f 1074/1074/1074 1072/1072/1072 1073/1073/1073
f 1075/1075/1075 1074/1074/1074 1073/1073/1073
f 1071/1071/1071 1075/1075/1075 1073/1073/1073
f 1077/1077/1077 1076/1076/1076 1078/1078/1078
f 1079/1079/1079 1077/1077/1077 1078/1078/1078
f 1080/1080/1080 1079/1079/1079 1078/1078/1078
f 1076/1076/1076 1080/1080/1080 1078/1078/1078
f 1082/1082/1082 1081/1081/1081 1083/1083/1083
f 1084/1084/1084 1082/1082/1082 1083/1083/1083
f 1085/1085/1085 1084/1084/1084 1083/1083/1083
f 1081/1081/1081 1085/1085/1085 1083/1083/1083
f 1087/1087/1087 1086/1086/1086 1088/1088/1088
f 1089/1089/1089 1087/1087/1087 1088/1088/1088
f 1090/1090/1090 1089/1089/1089 1088/1088/1088
f 1086/1086/1086 1090/1090/1090 1088/1088/1088
f 1092/1092/1092 1091/1091/1091 1093/1093/1093
f 1094/1094/1094 1092/1092/1092 1093/1093/1093
f 1095/1095/1095 1094/1094/1094 1093/1093/1093
f 1091/1091/1091 1095/1095/1095 1093/1093/1093
f 1097/1097/1097 1096/1096/1096 1098/1098/1098
f 1099/1099/1099 1097/1097/1097 1098/1098/1098
f 1100/1100/1100 1099/1099/1099 1098/1098/1098
f 1096/1096/1096 1100/1100/1100 1098/1098/1098
f 1102/1102/1102 1101/1101/1101 1103/1103/1103
f 1104/1104/1104 1102/1102/1102 1103/1103/1103
f 1105/1105/1105 1104/1104/1104 1103/1103/1103
f 1101/1101/1101 1105/1105/1105 1103/1103/1103
f 1107/1107/1107 1106/1106/1106 1108/1108/1108
f 1109/1109/1109 1107/1107/1107 1108/1108/1108
f 1110/1110/1110 1109/1109/1109 1108/1108/1108
f 1106/1106/1106 1110/1110/1110 1108/1108/1108
f 1112/1112/1112 1111/1111/1111 1113/1113/1113
f 1114/1114/1114 1112/1112/1112 1113/1113/1113
f 1115/1115/1115 1114/1114/1114 1113/1113/1113
f 1111/1111/1111 1115/1115/1115 1113/1113/1113
f 1117/1117/1117 1116/1116/1116 1118/1118/1118
f 1119/1119/1119 1117/1117/1117 1118/1118/1118
f 1120/1120/1120 1119/1119/1119 1118/1118/1118
f 1116/1116/1116 1120/1120/1120 1118/1118/1118
f 1122/1122/1122 1121/1121/1121 1123/1123/1123
f 1124/1124/1124 1122/1122/1122 1123/1123/1123
f 1125/1125/1125 1124/1124/1124 1123/1123/1123
f 1121/1121/1121 1125/1125/1125 1123/1123/1123
f 1127/1127/1127 1126/1126/1126 1128/1128/1128
f 1129/1129/1129 1127/1127/1127 1128/1128/1128
f 1130/1130/1130 1129/1129/1129 1128/1128/1128
f 1126/1126/1126 1130/1130/1130 1128/1128/1128
f 1132/1132/1132 1131/1131/1131 1133/1133/1133
f 1134/1134/1134 1132/1132/1132 1133/1133/1133
f 1135/1135/1135 1134/1134/1134 1133/1133/1133
f 1131/1131/1131 1135/1135/1135 1133/1133/1133
f 1137/1137/1137 1136/1136/1136 1138/1138/1138
f 1139/1139/1139 1137/1137/1137 1138/1138/1138
f 1140/1140/1140 1139/1139/1139 1138/1138/1138
f 1136/1136/1136 1140/1140/1140 1138/1138/1138
f 1142/1142/1142 1141/1141/1141 1143/1143/1143
f 1144/1144/1144 1142/1142/1142 1143/1143/1143
f 1145/1145/1145 1144/1144/1144 1143/1143/1143
f 1141/1141/1141 1145/1145/1145 1143/1143/1143
f 1147/1147/1147 1146/1146/1146 1148/1148/1148
f 1149/1149/1149 1147/1147/1147 1148/1148/1148
f 1150/1150/1150 1149/1149/1149 1148/1148/1148
f 1146/1146/1146 1150/1150/1150 1148/1148/1148
f 1152/1152/1152 1151/1151/1151 1153/1153/1153
f 1154/1154/1154 1152/1152/1152 1153/1153/1153
f 1155/1155/1155 1154/1154/1154 1153/1153/1153
f 1151/1151/1151 1155/1155/1155 1153/1153/1153
f 1157/1157/1157 1156/1156/1156 1158/1158/1158
f 1159/1159/1159 1157/1157/1157 1158/1158/1158
f 1160/1160/1160 1159/1159/1159 1158/1158/1158
f 1156/1156/1156 1160/1160/1160 1158/1158/1158
f 1162/1162/1162 1161/1161/1161 1163/1163/1163
f 1164/1164/1164 1162/1162/1162 1163/1163/1163
f 1165/1165/1165 1164/1164/1164 1163/1163/1163
f 1161/1161/1161 1165/1165/1165 1163/1163/1163
f 1167/1167/1167 1166/1166/1166 1168/1168/1168
f 1169/1169/1169 1167/1167/1167 1168/1168/1168
f 1170/1170/1170 1169/1169/1169 1168/1168/1168
f 1166/1166/1166 1170/1170/1170 1168/1168/1168
f 1172/1172/1172 1171/1171/1171 1173/1173/1173
f 1174/1174/1174 1172/1172/1172 1173/1173/1173
f 1175/1175/1175 1174/1174/1174 1173/1173/1173
f 1171/1171/1171 1175/1175/1175 1173/1173/1173
f 1177/1177/1177 1176/1176/1176 1178/1178/1178
f 1179/1179/1179 1177/1177/1177 1178/1178/1178
f 1180/1180/1180 1179/1179/1179 1178/1178/1178
f 1176/1176/1176 1180/1180/1180 1178/1178/1178
f 1182/1182/1182 1181/1181/1181 1183/1183/1183
f 1184/1184/1184 1182/1182/1182 1183/1183/1183
f 1185/1185/1185 1184/1184/1184 1183/1183/1183
f 1181/1181/1181 1185/1185/1185 1183/1183/1183
f 1187/1187/1187 1186/1186/1186 1188/1188/1188
f 1189/1189/1189 1187/1187/1187 1188/1188/1188
f 1190/1190/1190 1189/1189/1189 1188/1188/1188
f 1186/1186/1186 1190/1190/1190 1188/1188/1188
f 1192/1192/1192 1191/1191/1191 1193/1193/1193
f 1194/1194/1194 1192/1192/1192 1193/1193/1193
f 1195/1195/1195 1194/1194/1194 1193/1193/1193
f 1191/1191/1191 1195/1195/1195 1193/1193/1193
f 1197/1197/1197 1196/1196/1196 1198/1198/1198
f 1199/1199/1199 1197/1197/1197 1198/1198/1198
f 1200/1200/1200 1199/1199/1199 1198/1198/1198
f 1196/1196/1196 1200/1200/1200 1198/1198/1198
f 1202/1202/1202 1201/1201/1201 1203/1203/1203
f 1204/1204/1204 1202/1202/1202 1203/1203/1203
f 1205/1205/1205 1204/1204/1204 1203/1203/1203
f 1201/1201/1201 1205/1205/1205 1203/1203/1203
f 1207/1207/1207 1206/1206/1206 1208/1208/1208
f 1209/1209/1209 1207/1207/1207 1208/1208/1208
f 1210/1210/1210 1209/1209/1209 1208/1208/1208
f 1206/1206/1206 1210/1210/1210 1208/1208/1208
f 1212/1212/1212 1211/1211/1211 1213/1213/1213
f 1214/1214/1214 1212/1212/1212 1213/1213/1213
f 1215/1215/1215 1214/1214/1214 1213/1213/1213
f 1211/1211/1211 1215/1215/1215 1213/1213/1213
f 1217/1217/1217 1216/1216/1216 1218/1218/1218
f 1219/1219/1219 1217/1217/1217 1218/1218/1218
f 1220/1220/1220 1219/1219/1219 1218/1218/1218
f 1216/1216/1216 1220/1220/1220 1218/1218/1218
f 1222/1222/1222 1221/1221/1221 1223/1223/1223
f 1224/1224/1224 1222/1222/1222 1223/1223/1223
f 1225/1225/1225 1224/1224/1224 1223/1223/1223
f 1221/1221/1221 1225/1225/1225 1223/1223/1223
f 1227/1227/1227 1226/1226/1226 1228/1228/1228
f 1229/1229/1229 1227/1227/1227 1228/1228/1228
f 1230/1230/1230 1229/1229/1229 1228/1228/1228
f 1226/1226/1226 1230/1230/1230 1228/1228/1228
f 1232/1232/1232 1231/1231/1231 1233/1233/1233
f 1234/1234/1234 1232/1232/1232 1233/1233/1233
f 1235/1235/1235 1234/1234/1234 1233/1233/1233
f 1231/1231/1231 1235/1235/1235 1233/1233/1233
f 1237/1237/1237 1236/1236/1236 1238/1238/1238
f 1239/1239/1239 1237/1237/1237 1238/1238/1238
f 1240/1240/1240 1239/1239/1239 1238/1238/1238
f 1236/1236/1236 1240/1240/1240 1238/1238/1238
f 1242/1242/1242 1241/1241/1241 1243/1243/1243
f 1244/1244/1244 1242/1242/1242 1243/1243/1243
f 1245/1245/1245 1244/1244/1244 1243/1243/1243
f 1241/1241/1241 1245/1245/1245 1243/1243/1243
f 1247/1247/1247 1246/1246/1246 1248/1248/1248
f 1249/1249/1249 1247/1247/1247 1248/1248/1248
f 1250/1250/1250 1249/1249/1249 1248/1248/1248
f 1246/1246/1246 1250/1250/1250 1248/1248/1248
f 1252/1252/1252 1251/1251/1251 1253/1253/1253
f 1254/1254/1254 1252/1252/1252 1253/1253/1253
f 1255/1255/1255 1254/1254/1254 1253/1253/1253
f 1251/1251/1251 1255/1255/1255 1253/1253/1253
f 1257/1257/1257 1256/1256/1256 1258/1258/1258
f 1259/1259/1259 1257/1257/1257 1258/1258/1258
f 1260/1260/1260 1259/1259/1259 1258/1258/1258
f 1256/1256/1256 1260/1260/1260 1258/1258/1258
f 1262/1262/1262 1261/1261/1261 1263/1263/1263
f 1264/1264/1264 1262/1262/1262 1263/1263/1263
f 1265/1265/1265 1264/1264/1264 1263/1263/1263
f 1261/1261/1261 1265/1265/1265 1263/1263/1263
f 1267/1267/1267 1266/1266/1266 1268/1268/1268
f 1269/1269/1269 1267/1267/1267 1268/1268/1268
f 1270/1270/1270 1269/1269/1269 1268/1268/1268
f 1266/1266/1266 1270/1270/1270 1268/1268/1268
f 1272/1272/1272 1271/1271/1271 1273/1273/1273
f 1274/1274/1274 1272/1272/1272 1273/1273/1273
f 1275/1275/1275 1274/1274/1274 1273/1273/1273
f 1271/1271/1271 1275/1275/1275 1273/1273/1273
f 1277/1277/1277 1276/1276/1276 1278/1278/1278
f 1279/1279/1279 1277/1277/1277 1278/1278/1278
f 1280/1280/1280 1279/1279/1279 1278/1278/1278
f 1276/1276/1276 1280/1280/1280 1278/1278/1278
f 1282/1282/1282 1281/1281/1281 1283/1283/1283
f 1284/1284/1284 1282/1282/1282 1283/1283/1283
f 1285/1285/1285 1284/1284/1284 1283/1283/1283
f 1281/1281/1281 1285/1285/1285 1283/1283/1283
f 1287/1287/1287 1286/1286/1286 1288/1288/1288
f 1289/1289/1289 1287/1287/1287 1288/1288/1288
f 1290/1290/1290 1289/1289/1289 1288/1288/1288
f 1286/1286/1286 1290/1290/1290 1288/1288/1288
f 1292/1292/1292 1291/1291/1291 1293/1293/1293
f 1294/1294/1294 1292/1292/1292 1293/1293/1293
f 1295/1295/1295 1294/1294/1294 1293/1293/1293
f 1291/1291/1291 1295/1295/1295 1293/1293/1293
f 1297/1297/1297 1296/1296/1296 1298/1298/1298
f 1299/1299/1299 1297/1297/1297 1298/1298/1298
f 1300/1300/1300 1299/1299/1299 1298/1298/1298
f 1296/1296/1296 1300/1300/1300 1298/1298/1298
f 1302/1302/1302 1301/1301/1301 1303/1303/1303
f 1304/1304/1304 1302/1302/1302 1303/1303/1303
f 1305/1305/1305 1304/1304/1304 1303/1303/1303
f 1301/1301/1301 1305/1305/1305 1303/1303/1303
f 1307/1307/1307 1306/1306/1306 1308/1308/1308
f 1309/1309/1309 1307/1307/1307 1308/1308/1308
f 1310/1310/1310 1309/1309/1309 1308/1308/1308
f 1306/1306/1306 1310/1310/1310 1308/1308/1308
f 1312/1312/1312 1311/1311/1311 1313/1313/1313
f 1314/1314/1314 1312/1312/1312 1313/1313/1313
f 1315/1315/1315 1314/1314/1314 1313/1313/1313
f 1311/1311/1311 1315/1315/1315 1313/1313/1313
f 1317/1317/1317 1316/1316/1316 1318/1318/1318
f 1319/1319/1319 1317/1317/1317 1318/1318/1318
f 1320/1320/1320 1319/1319/1319 1318/1318/1318
f 1316/1316/1316 1320/1320/1320 1318/1318/1318
f 1322/1322/1322 1321/1321/1321 1323/1323/1323
f 1324/1324/1324 1322/1322/1322 1323/1323/1323
f 1325/1325/1325 1324/1324/1324 1323/1323/1323
f 1321/1321/1321 1325/1325/1325 1323/1323/1323
f 1327/1327/1327 1326/1326/1326 1328/1328/1328
f 1329/1329/1329 1327/1327/1327 1328/1328/1328
f 1330/1330/1330 1329/1329/1329 1328/1328/1328
f 1326/1326/1326 1330/1330/1330 1328/1328/1328
f 1332/1332/1332 1331/1331/1331 1333/1333/1333
f 1334/1334/1334 1332/1332/1332 1333/1333/1333
f 1335/1335/1335 1334/1334/1334 1333/1333/1333
f 1331/1331/1331 1335/1335/1335 1333/1333/1333
f 1337/1337/1337 1336/1336/1336 1338/1338/1338
f 1339/1339/1339 1337/1337/1337 1338/1338/1338
f 1340/1340/1340 1339/1339/1339 1338/1338/1338
f 1336/1336/1336 1340/1340/1340 1338/1338/1338
f 1342/1342/1342 1341/1341/1341 1343/1343/1343
f 1344/1344/1344 1342/1342/1342 1343/1343/1343
f 1345/1345/1345 1344/1344/1344 1343/1343/1343
f 1341/1341/1341 1345/1345/1345 1343/1343/1343
f 1347/1347/1347 1346/1346/1346 1348/1348/1348
f 1349/1349/1349 1347/1347/1347 1348/1348/1348
f 1350/1350/1350 1349/1349/1349 1348/1348/1348
f 1346/1346/1346 1350/1350/1350 1348/1348/1348
f 1352/1352/1352 1351/1351/1351 1353/1353/1353
f 1354/1354/1354 1352/1352/1352 1353/1353/1353
f 1355/1355/1355 1354/1354/1354 1353/1353/1353
f 1351/1351/1351 1355/1355/1355 1353/1353/1353
f 1357/1357/1357 1356/1356/1356 1358/1358/1358
f 1359/1359/1359 1357/1357/1357 1358/1358/1358
f 1360/1360/1360 1359/1359/1359 1358/1358/1358
f 1356/1356/1356 1360/1360/1360 1358/1358/1358
f 1362/1362/1362 1361/1361/1361 1363/1363/1363
f 1364/1364/1364 1362/1362/1362 1363/1363/1363
f 1365/1365/1365 1364/1364/1364 1363/1363/1363
f 1361/1361/1361 1365/1365/1365 1363/1363/1363
f 1367/1367/1367 1366/1366/1366 1368/1368/1368
f 1369/1369/1369 1367/1367/1367 1368/1368/1368
f 1370/1370/1370 1369/1369/1369 1368/1368/1368
f 1366/1366/1366 1370/1370/1370 1368/1368/1368
f 1372/1372/1372 1371/1371/1371 1373/1373/1373
f 1374/1374/1374 1372/1372/1372 1373/1373/1373
f 1375/1375/1375 1374/1374/1374 1373/1373/1373
f 1371/1371/1371 1375/1375/1375 1373/1373/1373
f 1377/1377/1377 1376/1376/1376 1378/1378/1378
f 1379/1379/1379 1377/1377/1377 1378/1378/1378
f 1380/1380/1380 1379/1379/1379 1378/1378/1378
f 1376/1376/1376 1380/1380/1380 1378/1378/1378
f 1382/1382/1382 1381/1381/1381 1383/1383/1383
f 1384/1384/1384 1382/1382/1382 1383/1383/1383
f 1385/1385/1385 1384/1384/1384 1383/1383/1383
f 1381/1381/1381 1385/1385/1385 1383/1383/1383
f 1387/1387/1387 1386/1386/1386 1388/1388/1388
f 1389/1389/1389 1387/1387/1387 1388/1388/1388
f 1390/1390/1390 1389/1389/1389 1388/1388/1388
f 1386/1386/1386 1390/1390/1390 1388/1388/1388
f 1392/1392/1392 1391/1391/1391 1393/1393/1393
f 1394/1394/1394 1392/1392/1392 1393/1393/1393
f 1395/1395/1395 1394/1394/1394 1393/1393/1393
f 1391/1391/1391 1395/1395/1395 1393/1393/1393
f 1397/1397/1397 1396/1396/1396 1398/1398/1398
f 1399/1399/1399 1397/1397/1397 1398/1398/1398
f 1400/1400/1400 1399/1399/1399 1398/1398/1398
f 1396/1396/1396 1400/1400/1400 1398/1398/1398
f 1402/1402/1402 1401/1401/1401 1403/1403/1403
f 1404/1404/1404 1402/1402/1402 1403/1403/1403
f 1405/1405/1405 1404/1404/1404 1403/1403/1403
f 1401/1401/1401 1405/1405/1405 1403/1403/1403
f 1407/1407/1407 1406/1406/1406 1408/1408/1408
f 1409/1409/1409 1407/1407/1407 1408/1408/1408
f 1410/1410/1410 1409/1409/1409 1408/1408/1408
f 1406/1406/1406 1410/1410/1410 1408/1408/1408
f 1412/1412/1412 1411/1411/1411 1413/1413/1413
f 1414/1414/1414 1412/1412/1412 1413/1413/1413
f 1415/1415/1415 1414/1414/1414 1413/1413/1413
f 1411/1411/1411 1415/1415/1415 1413/1413/1413
f 1417/1417/1417 1416/1416/1416 1418/1418/1418
f 1419/1419/1419 1417/1417/1417 1418/1418/1418
f 1420/1420/1420 1419/1419/1419 1418/1418/1418
f 1416/1416/1416 1420/1420/1420 1418/1418/1418
f 1422/1422/1422 1421/1421/1421 1423/1423/1423
f 1424/1424/1424 1422/1422/1422 1423/1423/1423
f 1425/1425/1425 1424/1424/1424 1423/1423/1423
f 1421/1421/1421 1425/1425/1425 1423/1423/1423
f 1427/1427/1427 1426/1426/1426 1428/1428/1428
f 1429/1429/1429 1427/1427/1427 1428/1428/1428
f 1430/1430/1430 1429/1429/1429 1428/1428/1428
f 1426/1426/1426 1430/1430/1430 1428/1428/1428
f 1432/1432/1432 1431/1431/1431 1433/1433/1433
f 1434/1434/1434 1432/1432/1432 1433/1433/1433
f 1435/1435/1435 1434/1434/1434 1433/1433/1433
f 1431/1431/1431 1435/1435/1435 1433/1433/1433
f 1437/1437/1437 1436/1436/1436 1438/1438/1438
f 1439/1439/1439 1437/1437/1437 1438/1438/1438
f 1440/1440/1440 1439/1439/1439 1438/1438/1438
f 1436/1436/1436 1440/1440/1440 1438/1438/1438
f 1442/1442/1442 1441/1441/1441 1443/1443/1443
f 1444/1444/1444 1442/1442/1442 1443/1443/1443
f 1445/1445/1445 1444/1444/1444 1443/1443/1443
f 1441/1441/1441 1445/1445/1445 1443/1443/1443
f 1447/1447/1447 1446/1446/1446 1448/1448/1448
f 1449/1449/1449 1447/1447/1447 1448/1448/1448
f 1450/1450/1450 1449/1449/1449 1448/1448/1448
f 1446/1446/1446 1450/1450/1450 1448/1448/1448
f 1452/1452/1452 1451/1451/1451 1453/1453/1453
f 1454/1454/1454 1452/1452/1452 1453/1453/1453
f 1455/1455/1455 1454/1454/1454 1453/1453/1453
f 1451/1451/1451 1455/1455/1455 1453/1453/1453
f 1457/1457/1457 1456/1456/1456 1458/1458/1458
f 1459/1459/1459 1457/1457/1457 1458/1458/1458
f 1460/1460/1460 1459/1459/1459 1458/1458/1458
f 1456/1456/1456 1460/1460/1460 1458/1458/1458
f 1462/1462/1462 1461/1461/1461 1463/1463/1463
f 1464/1464/1464 1462/1462/1462 1463/1463/1463
f 1465/1465/1465 1464/1464/1464 1463/1463/1463
f 1461/1461/1461 1465/1465/1465 1463/1463/1463
f 1467/1467/1467 1466/1466/1466 1468/1468/1468
f 1469/1469/1469 1467/1467/1467 1468/1468/1468
f 1470/1470/1470 1469/1469/1469 1468/1468/1468
f 1466/1466/1466 1470/1470/1470 1468/1468/1468
f 1472/1472/1472 1471/1471/1471 1473/1473/1473
f 1474/1474/1474 1472/1472/1472 1473/1473/1473
f 1475/1475/1475 1474/1474/1474 1473/1473/1473
f 1471/1471/1471 1475/1475/1475 1473/1473/1473
f 1477/1477/1477 1476/1476/1476 1478/1478/1478
f 1479/1479/1479 1477/1477/1477 1478/1478/1478
f 1480/1480/1480 1479/1479/1479 1478/1478/1478
f 1476/1476/1476 1480/1480/1480 1478/1478/1478
f 1482/1482/1482 1481/1481/1481 1483/1483/1483
f 1484/1484/1484 1482/1482/1482 1483/1483/1483
f 1485/1485/1485 1484/1484/1484 1483/1483/1483
f 1481/1481/1481 1485/1485/1485 1483/1483/1483
f 1487/1487/1487 1486/1486/1486 1488/1488/1488
f 1489/1489/1489 1487/1487/1487 1488/1488/1488
f 1490/1490/1490 1489/1489/1489 1488/1488/1488
f 1486/1486/1486 1490/1490/1490 1488/1488/1488
f 1492/1492/1492 1491/1491/1491 1493/1493/1493
f 1494/1494/1494 1492/1492/1492 1493/1493/1493
f 1495/1495/1495 1494/1494/1494 1493/1493/1493
f 1491/1491/1491 1495/1495/1495 1493/1493/1493
f 1497/1497/1497 1496/1496/1496 1498/1498/1498
f 1499/1499/1499 1497/1497/1497 1498/1498/1498
f 1500/1500/1500 1499/1499/1499 1498/1498/1498
f 1496/1496/1496 1500/1500/1500 1498/1498/1498
f 1502/1502/1502 1501/1501/1501 1503/1503/1503
f 1504/1504/1504 1502/1502/1502 1503/1503/1503
f 1505/1505/1505 1504/1504/1504 1503/1503/1503
f 1501/1501/1501 1505/1505/1505 1503/1503/1503
f 1507/1507/1507 1506/1506/1506 1508/1508/1508
f 1509/1509/1509 1507/1507/1507 1508/1508/1508
f 1510/1510/1510 1509/1509/1509 1508/1508/1508
f 1506/1506/1506 1510/1510/1510 1508/1508/1508
f 1512/1512/1512 1511/1511/1511 1513/1513/1513
f 1514/1514/1514 1512/1512/1512 1513/1513/1513
f 1515/1515/1515 1514/1514/1514 1513/1513/1513
f 1511/1511/1511 1515/1515/1515 1513/1513/1513
f 1517/1517/1517 1516/1516/1516 1518/1518/1518
f 1519/1519/1519 1517/1517/1517 1518/1518/1518
f 1520/1520/1520 1519/1519/1519 1518/1518/1518
f 1516/1516/1516 1520/1520/1520 1518/1518/1518
f 1522/1522/1522 1521/1521/1521 1523/1523/1523
f 1524/1524/1524 1522/1522/1522 1523/1523/1523
f 1525/1525/1525 1524/1524/1524 1523/1523/1523
f 1521/1521/1521 1525/1525/1525 1523/1523/1523
f 1527/1527/1527 1526/1526/1526 1528/1528/1528
f 1529/1529/1529 1527/1527/1527 1528/1528/1528
f 1530/1530/1530 1529/1529/1529 1528/1528/1528
f 1526/1526/1526 1530/1530/1530 1528/1528/1528
f 1532/1532/1532 1531/1531/1531 1533/1533/1533
f 1534/1534/1534 1532/1532/1532 1533/1533/1533
f 1535/1535/1535 1534/1534/1534 1533/1533/1533
f 1531/1531/1531 1535/1535/1535 1533/1533/1533
f 1537/1537/1537 1536/1536/1536 1538/1538/1538
f 1539/1539/1539 1537/1537/1537 1538/1538/1538
f 1540/1540/1540 1539/1539/1539 1538/1538/1538
f 1536/1536/1536 1540/1540/1540 1538/1538/1538
f 1542/1542/1542 1541/1541/1541 1543/1543/1543
f 1544/1544/1544 1542/1542/1542 1543/1543/1543
f 1545/1545/1545 1544/1544/1544 1543/1543/1543
f 1541/1541/1541 1545/1545/1545 1543/1543/1543
f 1547/1547/1547 1546/1546/1546 1548/1548/1548
f 1549/1549/1549 1547/1547/1547 1548/1548/1548
f 1550/1550/1550 1549/1549/1549 1548/1548/1548
f 1546/1546/1546 1550/1550/1550 1548/1548/1548
f 1552/1552/1552 1551/1551/1551 1553/1553/1553
f 1554/1554/1554 1552/1552/1552 1553/1553/1553
f 1555/1555/1555 1554/1554/1554 1553/1553/1553
f 1551/1551/1551 1555/1555/1555 1553/1553/1553
f 1557/1557/1557 1556/1556/1556 1558/1558/1558
f 1559/1559/1559 1557/1557/1557 1558/1558/1558
f 1560/1560/1560 1559/1559/1559 1558/1558/1558
f 1556/1556/1556 1560/1560/1560 1558/1558/1558
f 1562/1562/1562 1561/1561/1561 1563/1563/1563
f 1564/1564/1564 1562/1562/1562 1563/1563/1563
f 1565/1565/1565 1564/1564/1564 1563/1563/1563
f 1561/1561/1561 1565/1565/1565 1563/1563/1563
f 1567/1567/1567 1566/1566/1566 1568/1568/1568
f 1569/1569/1569 1567/1567/1567 1568/1568/1568
f 1570/1570/1570 1569/1569/1569 1568/1568/1568
f 1566/1566/1566 1570/1570/1570 1568/1568/1568
f 1572/1572/1572 1571/1571/1571 1573/1573/1573
f 1574/1574/1574 1572/1572/1572 1573/1573/1573
f 1575/1575/1575 1574/1574/1574 1573/1573/1573
f 1571/1571/1571 1575/1575/1575 1573/1573/1573
f 1577/1577/1577 1576/1576/1576 1578/1578/1578
f 1579/1579/1579 1577/1577/1577 1578/1578/1578
f 1580/1580/1580 1579/1579/1579 1578/1578/1578
f 1576/1576/1576 1580/1580/1580 1578/1578/1578
f 1582/1582/1582 1581/1581/1581 1583/1583/1583
f 1584/1584/1584 1582/1582/1582 1583/1583/1583
f 1585/1585/1585 1584/1584/1584 1583/1583/1583
f 1581/1581/1581 1585/1585/1585 1583/1583/1583
f 1587/1587/1587 1586/1586/1586 1588/1588/1588
f 1589/1589/1589 1587/1587/1587 1588/1588/1588
f 1590/1590/1590 1589/1589/1589 1588/1588/1588
f 1586/1586/1586 1590/1590/1590 1588/1588/1588
f 1592/1592/1592 1591/1591/1591 1593/1593/1593
f 1594/1594/1594 1592/1592/1592 1593/1593/1593
f 1595/1595/1595 1594/1594/1594 1593/1593/1593
f 1591/1591/1591 1595/1595/1595 1593/1593/1593
f 1597/1597/1597 1596/1596/1596 1598/1598/1598
f 1599/1599/1599 1597/1597/1597 1598/1598/1598
f 1600/1600/1600 1599/1599/1599 1598/1598/1598
f 1596/1596/1596 1600/1600/1600 1598/1598/1598
f 1602/1602/1602 1601/1601/1601 1603/1603/1603
f 1604/1604/1604 1602/1602/1602 1603/1603/1603
f 1605/1605/1605 1604/1604/1604 1603/1603/1603
f 1601/1601/1601 1605/1605/1605 1603/1603/1603
f 1607/1607/1607 1606/1606/1606 1608/1608/1608
f 1609/1609/1609 1607/1607/1607 1608/1608/1608
f 1610/1610/1610 1609/1609/1609 1608/1608/1608
f 1606/1606/1606 1610/1610/1610 1608/1608/1608
f 1612/1612/1612 1611/1611/1611 1613/1613/1613
f 1614/1614/1614 1612/1612/1612 1613/1613/1613
f 1615/1615/1615 1614/1614/1614 1613/1613/1613
f 1611/1611/1611 1615/1615/1615 1613/1613/1613
f 1617/1617/1617 1616/1616/1616 1618/1618/1618
f 1619/1619/1619 1617/1617/1617 1618/1618/1618
f 1620/1620/1620 1619/1619/1619 1618/1618/1618
f 1616/1616/1616 1620/1620/1620 1618/1618/1618
f 1622/1622/1622 1621/1621/1621 1623/1623/1623
f 1624/1624/1624 1622/1622/1622 1623/1623/1623
f 1625/1625/1625 1624/1624/1624 1623/1623/1623
f 1621/1621/1621 1625/1625/1625 1623/1623/1623
f 1627/1627/1627 1626/1626/1626 1628/1628/1628
f 1629/1629/1629 1627/1627/1627 1628/1628/1628
f 1630/1630/1630 1629/1629/1629 1628/1628/1628
f 1626/1626/1626 1630/1630/1630 1628/1628/1628
f 1632/1632/1632 1631/1631/1631 1633/1633/1633
f 1634/1634/1634 1632/1632/1632 1633/1633/1633
f 1635/1635/1635 1634/1634/1634 1633/1633/1633
f 1631/1631/1631 1635/1635/1635 1633/1633/1633
f 1637/1637/1637 1636/1636/1636 1638/1638/1638
f 1639/1639/1639 1637/1637/1637 1638/1638/1638
f 1640/1640/1640 1639/1639/1639 1638/1638/1638
f 1636/1636/1636 1640/1640/1640 1638/1638/1638
f 1642/1642/1642 1641/1641/1641 1643/1643/1643
f 1644/1644/1644 1642/1642/1642 1643/1643/1643
f 1645/1645/1645 1644/1644/1644 1643/1643/1643
f 1641/1641/1641 1645/1645/1645 1643/1643/1643
f 1647/1647/1647 1646/1646/1646 1648/1648/1648
f 1649/1649/1649 1647/1647/1647 1648/1648/1648
f 1650/1650/1650 1649/1649/1649 1648/1648/1648
f 1646/1646/1646 1650/1650/1650 1648/1648/1648
f 1652/1652/1652 1651/1651/1651 1653/1653/1653
f 1654/1654/1654 1652/1652/1652 1653/1653/1653
f 1655/1655/1655 1654/1654/1654 1653/1653/1653
f 1651/1651/1651 1655/1655/1655 1653/1653/1653
f 1657/1657/1657 1656/1656/1656 1658/1658/1658
f 1659/1659/1659 1657/1657/1657 1658/1658/1658
f 1660/1660/1660 1659/1659/1659 1658/1658/1658
f 1656/1656/1656 1660/1660/1660 1658/1658/1658
f 1662/1662/1662 1661/1661/1661 1663/1663/1663
f 1664/1664/1664 1662/1662/1662 1663/1663/1663
f 1665/1665/1665 1664/1664/1664 1663/1663/1663
f 1661/1661/1661 1665/1665/1665 1663/1663/1663
f 1667/1667/1667 1666/1666/1666 1668/1668/1668
f 1669/1669/1669 1667/1667/1667 1668/1668/1668
f 1670/1670/1670 1669/1669/1669 1668/1668/1668
f 1666/1666/1666 1670/1670/1670 1668/1668/1668
f 1672/1672/1672 1671/1671/1671 1673/1673/1673
f 1674/1674/1674 1672/1672/1672 1673/1673/1673
f 1675/1675/1675 1674/1674/1674 1673/1673/1673
f 1671/1671/1671 1675/1675/1675 1673/1673/1673
f 1677/1677/1677 1676/1676/1676 1678/1678/1678
f 1679/1679/1679 1677/1677/1677 1678/1678/1678
f 1680/1680/1680 1679/1679/1679 1678/1678/1678
f 1676/1676/1676 1680/1680/1680 1678/1678/1678
f 1682/1682/1682 1681/1681/1681 1683/1683/1683
f 1684/1684/1684 1682/1682/1682 1683/1683/1683
f 1685/1685/1685 1684/1684/1684 1683/1683/1683
f 1681/1681/1681 1685/1685/1685 1683/1683/1683
f 1687/1687/1687 1686/1686/1686 1688/1688/1688
f 1689/1689/1689 1687/1687/1687 1688/1688/1688
f 1690/1690/1690 1689/1689/1689 1688/1688/1688
f 1686/1686/1686 1690/1690/1690 1688/1688/1688
f 1692/1692/1692 1691/1691/1691 1693/1693/1693
f 1694/1694/1694 1692/1692/1692 1693/1693/1693
f 1695/1695/1695 1694/1694/1694 1693/1693/1693
f 1691/1691/1691 1695/1695/1695 1693/1693/1693
f 1697/1697/1697 1696/1696/1696 1698/1698/1698
f 1699/1699/1699 1697/1697/1697 1698/1698/1698
f 1700/1700/1700 1699/1699/1699 1698/1698/1698
f 1696/1696/1696 1700/1700/1700 1698/1698/1698
f 1702/1702/1702 1701/1701/1701 1703/1703/1703
f 1704/1704/1704 1702/1702/1702 1703/1703/1703
f 1705/1705/1705 1704/1704/1704 1703/1703/1703
f 1701/1701/1701 1705/1705/1705 1703/1703/1703
f 1707/1707/1707 1706/1706/1706 1708/1708/1708
f 1709/1709/1709 1707/1707/1707 1708/1708/1708
f 1710/1710/1710 1709/1709/1709 1708/1708/1708
f 1706/1706/1706 1710/1710/1710 1708/1708/1708
f 1712/1712/1712 1711/1711/1711 1713/1713/1713
f 1714/1714/1714 1712/1712/1712 1713/1713/1713
f 1715/1715/1715 1714/1714/1714 1713/1713/1713
f 1711/1711/1711 1715/1715/1715 1713/1713/1713
f 1717/1717/1717 1716/1716/1716 1718/1718/1718
f 1719/1719/1719 1717/1717/1717 1718/1718/1718
f 1720/1720/1720 1719/1719/1719 1718/1718/1718
f 1716/1716/1716 1720/1720/1720 1718/1718/1718
f 1722/1722/1722 1721/1721/1721 1723/1723/1723
f 1724/1724/1724 1722/1722/1722 1723/1723/1723
f 1725/1725/1725 1724/1724/1724 1723/1723/1723
f 1721/1721/1721 1725/1725/1725 1723/1723/1723
f 1727/1727/1727 1726/1726/1726 1728/1728/1728
f 1729/1729/1729 1727/1727/1727 1728/1728/1728
f 1730/1730/1730 1729/1729/1729 1728/1728/1728
f 1726/1726/1726 1730/1730/1730 1728/1728/1728
f 1732/1732/1732 1731/1731/1731 1733/1733/1733
f 1734/1734/1734 1732/1732/1732 1733/1733/1733
f 1735/1735/1735 1734/1734/1734 1733/1733/1733
f 1731/1731/1731 1735/1735/1735 1733/1733/1733
f 1737/1737/1737 1736/1736/1736 1738/1738/1738
f 1739/1739/1739 1737/1737/1737 1738/1738/1738
f 1740/1740/1740 1739/1739/1739 1738/1738/1738
f 1736/1736/1736 1740/1740/1740 1738/1738/1738
f 1742/1742/1742 1741/1741/1741 1743/1743/1743
f 1744/1744/1744 1742/1742/1742 1743/1743/1743
f 1745/1745/1745 1744/1744/1744 1743/1743/1743
f 1741/1741/1741 1745/1745/1745 1743/1743/1743
f 1747/1747/1747 1746/1746/1746 1748/1748/1748
f 1749/1749/1749 1747/1747/1747 1748/1748/1748
f 1750/1750/1750 1749/1749/1749 1748/1748/1748
f 1746/1746/1746 1750/1750/1750 1748/1748/1748
f 1752/1752/1752 1751/1751/1751 1753/1753/1753
f 1754/1754/1754 1752/1752/1752 1753/1753/1753
f 1755/1755/1755 1754/1754/1754 1753/1753/1753
f 1751/1751/1751 1755/1755/1755 1753/1753/1753
f 1757/1757/1757 1756/1756/1756 1758/1758/1758
f 1759/1759/1759 1757/1757/1757 1758/1758/1758
f 1760/1760/1760 1759/1759/1759 1758/1758/1758
f 1756/1756/1756 1760/1760/1760 1758/1758/1758
f 1762/1762/1762 1761/1761/1761 1763/1763/1763
f 1764/1764/1764 1762/1762/1762 1763/1763/1763
f 1765/1765/1765 1764/1764/1764 1763/1763/1763
f 1761/1761/1761 1765/1765/1765 1763/1763/1763
f 1767/1767/1767 1766/1766/1766 1768/1768/1768
f 1769/1769/1769 1767/1767/1767 1768/1768/1768
f 1770/1770/1770 1769/1769/1769 1768/1768/1768
f 1766/1766/1766 1770/1770/1770 1768/1768/1768
f 1772/1772/1772 1771/1771/1771 1773/1773/1773
f 1774/1774/1774 1772/1772/1772 1773/1773/1773
f 1775/1775/1775 1774/1774/1774 1773/1773/1773
f 1771/1771/1771 1775/1775/1775 1773/1773/1773
f 1777/1777/1777 1776/1776/1776 1778/1778/1778
f 1779/1779/1779 1777/1777/1777 1778/1778/1778
f 1780/1780/1780 1779/1779/1779 1778/1778/1778
f 1776/1776/1776 1780/1780/1780 1778/1778/1778
f 1782/1782/1782 1781/1781/1781 1783/1783/1783
f 1784/1784/1784 1782/1782/1782 1783/1783/1783
f 1785/1785/1785 1784/1784/1784 1783/1783/1783
f 1781/1781/1781 1785/1785/1785 1783/1783/1783
f 1787/1787/1787 1786/1786/1786 1788/1788/1788
f 1789/1789/1789 1787/1787/1787 1788/1788/1788
f 1790/1790/1790 1789/1789/1789 1788/1788/1788
f 1786/1786/1786 1790/1790/1790 1788/1788/1788
f 1792/1792/1792 1791/1791/1791 1793/1793/1793
f 1794/1794/1794 1792/1792/1792 1793/1793/1793
f 1795/1795/1795 1794/1794/1794 1793/1793/1793
f 1791/1791/1791 1795/1795/1795 1793/1793/1793
f 1797/1797/1797 1796/1796/1796 1798/1798/1798
f 1799/1799/1799 1797/1797/1797 1798/1798/1798
f 1800/1800/1800 1799/1799/1799 1798/1798/1798
f 1796/1796/1796 1800/1800/1800 1798/1798/1798
f 1802/1802/1802 1801/1801/1801 1803/1803/1803
f 1804/1804/1804 1802/1802/1802 1803/1803/1803
f 1805/1805/1805 1804/1804/1804 1803/1803/1803
f 1801/1801/1801 1805/1805/1805 1803/1803/1803
f 1807/1807/1807 1806/1806/1806 1808/1808/1808
f 1809/1809/1809 1807/1807/1807 1808/1808/1808
f 1810/1810/1810 1809/1809/1809 1808/1808/1808
f 1806/1806/1806 1810/1810/1810 1808/1808/1808
f 1812/1812/1812 1811/1811/1811 1813/1813/1813
f 1814/1814/1814 1812/1812/1812 1813/1813/1813
f 1815/1815/1815 1814/1814/1814 1813/1813/1813
f 1811/1811/1811 1815/1815/1815 1813/1813/1813
f 1817/1817/1817 1816/1816/1816 1818/1818/1818
f 1819/1819/1819 1817/1817/1817 1818/1818/1818
f 1820/1820/1820 1819/1819/1819 1818/1818/1818
f 1816/1816/1816 1820/1820/1820 1818/1818/1818
f 1822/1822/1822 1821/1821/1821 1823/1823/1823
f 1824/1824/1824 1822/1822/1822 1823/1823/1823
f 1825/1825/1825 1824/1824/1824 1823/1823/1823
f 1821/1821/1821 1825/1825/1825 1823/1823/1823
f 1827/1827/1827 1826/1826/1826 1828/1828/1828
f 1829/1829/1829 1827/1827/1827 1828/1828/1828
f 1830/1830/1830 1829/1829/1829 1828/1828/1828
f 1826/1826/1826 1830/1830/1830 1828/1828/1828
f 1832/1832/1832 1831/1831/1831 1833/1833/1833
f 1834/1834/1834 1832/1832/1832 1833/1833/1833
f 1835/1835/1835 1834/1834/1834 1833/1833/1833
f 1831/1831/1831 1835/1835/1835 1833/1833/1833
f 1837/1837/1837 1836/1836/1836 1838/1838/1838
f 1839/1839/1839 1837/1837/1837 1838/1838/1838
f 1840/1840/1840 1839/1839/1839 1838/1838/1838
f 1836/1836/1836 1840/1840/1840 1838/1838/1838
f 1842/1842/1842 1841/1841/1841 1843/1843/1843
f 1844/1844/1844 1842/1842/1842 1843/1843/1843
f 1845/1845/1845 1844/1844/1844 1843/1843/1843
f 1841/1841/1841 1845/1845/1845 1843/1843/1843
f 1847/1847/1847 1846/1846/1846 1848/1848/1848
f 1849/1849/1849 1847/1847/1847 1848/1848/1848
f 1850/1850/1850 1849/1849/1849 1848/1848/1848
f 1846/1846/1846 1850/1850/1850 1848/1848/1848
f 1852/1852/1852 1851/1851/1851 1853/1853/1853
f 1854/1854/1854 1852/1852/1852 1853/1853/1853
f 1855/1855/1855 1854/1854/1854 1853/1853/1853
f 1851/1851/1851 1855/1855/1855 1853/1853/1853
f 1857/1857/1857 1856/1856/1856 1858/1858/1858
f 1859/1859/1859 1857/1857/1857 1858/1858/1858
f 1860/1860/1860 1859/1859/1859 1858/1858/1858
f 1856/1856/1856 1860/1860/1860 1858/1858/1858
f 1862/1862/1862 1861/1861/1861 1863/1863/1863
f 1864/1864/1864 1862/1862/1862 1863/1863/1863
f 1865/1865/1865 1864/1864/1864 1863/1863/1863
f 1861/1861/1861 1865/1865/1865 1863/1863/1863
f 1867/1867/1867 1866/1866/1866 1868/1868/1868
f 1869/1869/1869 1867/1867/1867 1868/1868/1868
f 1870/1870/1870 1869/1869/1869 1868/1868/1868
f 1866/1866/1866 1870/1870/1870 1868/1868/1868
f 1872/1872/1872 1871/1871/1871 1873/1873/1873
f 1874/1874/1874 1872/1872/1872 1873/1873/1873
f 1875/1875/1875 1874/1874/1874 1873/1873/1873
f 1871/1871/1871 1875/1875/1875 1873/1873/1873
f 1877/1877/1877 1876/1876/1876 1878/1878/1878
f 1879/1879/1879 1877/1877/1877 1878/1878/1878
f 1880/1880/1880 1879/1879/1879 1878/1878/1878
f 1876/1876/1876 1880/1880/1880 1878/1878/1878
f 1882/1882/1882 1881/1881/1881 1883/1883/1883
f 1884/1884/1884 1882/1882/1882 1883/1883/1883
f 1885/1885/1885 1884/1884/1884 1883/1883/1883
f 1881/1881/1881 1885/1885/1885 1883/1883/1883
f 1887/1887/1887 1886/1886/1886 1888/1888/1888
f 1889/1889/1889 1887/1887/1887 1888/1888/1888
f 1890/1890/1890 1889/1889/1889 1888/1888/1888
f 1886/1886/1886 1890/1890/1890 1888/1888/1888
f 1892/1892/1892 1891/1891/1891 1893/1893/1893
f 1894/1894/1894 1892/1892/1892 1893/1893/1893
f 1895/1895/1895 1894/1894/1894 1893/1893/1893
f 1891/1891/1891 1895/1895/1895 1893/1893/1893
f 1897/1897/1897 1896/1896/1896 1898/1898/1898
f 1899/1899/1899 1897/1897/1897 1898/1898/1898
f 1900/1900/1900 1899/1899/1899 1898/1898/1898
f 1896/1896/1896 1900/1900/1900 1898/1898/1898
f 1902/1902/1902 1901/1901/1901 1903/1903/1903
f 1904/1904/1904 1902/1902/1902 1903/1903/1903
f 1905/1905/1905 1904/1904/1904 1903/1903/1903
f 1901/1901/1901 1905/1905/1905 1903/1903/1903
f 1907/1907/1907 1906/1906/1906 1908/1908/1908
f 1909/1909/1909 1907/1907/1907 1908/1908/1908
f 1910/1910/1910 1909/1909/1909 1908/1908/1908
f 1906/1906/1906 1910/1910/1910 1908/1908/1908
f 1912/1912/1912 1911/1911/1911 1913/1913/1913
f 1914/1914/1914 1912/1912/1912 1913/1913/1913
f 1915/1915/1915 1914/1914/1914 1913/1913/1913
f 1911/1911/1911 1915/1915/1915 1913/1913/1913
f 1917/1917/1917 1916/1916/1916 1918/1918/1918
f 1919/1919/1919 1917/1917/1917 1918/1918/1918
f 1920/1920/1920 1919/1919/1919 1918/1918/1918
f 1916/1916/1916 1920/1920/1920 1918/1918/1918
f 1922/1922/1922 1921/1921/1921 1923/1923/1923
f 1924/1924/1924 1922/1922/1922 1923/1923/1923
f 1925/1925/1925 1924/1924/1924 1923/1923/1923
f 1921/1921/1921 1925/1925/1925 1923/1923/1923
f 1927/1927/1927 1926/1926/1926 1928/1928/1928
f 1929/1929/1929 1927/1927/1927 1928/1928/1928
f 1930/1930/1930 1929/1929/1929 1928/1928/1928
f 1926/1926/1926 1930/1930/1930 1928/1928/1928
f 1932/1932/1932 1931/1931/1931 1933/1933/1933
f 1934/1934/1934 1932/1932/1932 1933/1933/1933
f 1935/1935/1935 1934/1934/1934 1933/1933/1933
f 1931/1931/1931 1935/1935/1935 1933/1933/1933
f 1937/1937/1937 1936/1936/1936 1938/1938/1938
f 1939/1939/1939 1937/1937/1937 1938/1938/1938
f 1940/1940/1940 1939/1939/1939 1938/1938/1938
f 1936/1936/1936 1940/1940/1940 1938/1938/1938
f 1942/1942/1942 1941/1941/1941 1943/1943/1943
f 1944/1944/1944 1942/1942/1942 1943/1943/1943
f 1945/1945/1945 1944/1944/1944 1943/1943/1943
f 1941/1941/1941 1945/1945/1945 1943/1943/1943
f 1947/1947/1947 1946/1946/1946 1948/1948/1948
f 1949/1949/1949 1947/1947/1947 1948/1948/1948
f 1950/1950/1950 1949/1949/1949 1948/1948/1948
f 1946/1946/1946 1950/1950/1950 1948/1948/1948
f 1952/1952/1952 1951/1951/1951 1953/1953/1953
f 1954/1954/1954 1952/1952/1952 1953/1953/1953
f 1955/1955/1955 1954/1954/1954 1953/1953/1953
f 1951/1951/1951 1955/1955/1955 1953/1953/1953
f 1957/1957/1957 1956/1956/1956 1958/1958/1958
f 1959/1959/1959 1957/1957/1957 1958/1958/1958
f 1960/1960/1960 1959/1959/1959 1958/1958/1958
f 1956/1956/1956 1960/1960/1960 1958/1958/1958
f 1962/1962/1962 1961/1961/1961 1963/1963/1963
f 1964/1964/1964 1962/1962/1962 1963/1963/1963
f 1965/1965/1965 1964/1964/1964 1963/1963/1963
f 1961/1961/1961 1965/1965/1965 1963/1963/1963
f 1967/1967/1967 1966/1966/1966 1968/1968/1968
f 1969/1969/1969 1967/1967/1967 1968/1968/1968
f 1970/1970/1970 1969/1969/1969 1968/1968/1968
f 1966/1966/1966 1970/1970/1970 1968/1968/1968
f 1972/1972/1972 1971/1971/1971 1973/1973/1973
f 1974/1974/1974 1972/1972/1972 1973/1973/1973
f 1975/1975/1975 1974/1974/1974 1973/1973/1973
f 1971/1971/1971 1975/1975/1975 1973/1973/1973
f 1977/1977/1977 1976/1976/1976 1978/1978/1978
f 1979/1979/1979 1977/1977/1977 1978/1978/1978
f 1980/1980/1980 1979/1979/1979 1978/1978/1978
f 1976/1976/1976 1980/1980/1980 1978/1978/1978
f 1982/1982/1982 1981/1981/1981 1983/1983/1983
f 1984/1984/1984 1982/1982/1982 1983/1983/1983
f 1985/1985/1985 1984/1984/1984 1983/1983/1983
f 1981/1981/1981 1985/1985/1985 1983/1983/1983
f 1987/1987/1987 1986/1986/1986 1988/1988/1988
f 1989/1989/1989 1987/1987/1987 1988/1988/1988
f 1990/1990/1990 1989/1989/1989 1988/1988/1988
f 1986/1986/1986 1990/1990/1990 1988/1988/1988
f 1992/1992/1992 1991/1991/1991 1993/1993/1993
f 1994/1994/1994 1992/1992/1992 1993/1993/1993
f 1995/1995/1995 1994/1994/1994 1993/1993/1993
f 1991/1991/1991 1995/1995/1995 1993/1993/1993
f 1997/1997/1997 1996/1996/1996 1998/1998/1998
f 1999/1999/1999 1997/1997/1997 1998/1998/1998
f 2000/2000/2000 1999/1999/1999 1998/1998/1998
f 1996/1996/1996 2000/2000/2000 1998/1998/1998
f 2002/2002/2002 2001/2001/2001 2003/2003/2003
f 2004/2004/2004 2002/2002/2002 2003/2003/2003
f 2005/2005/2005 2004/2004/2004 2003/2003/2003
f 2001/2001/2001 2005/2005/2005 2003/2003/2003
f 2007/2007/2007 2006/2006/2006 2008/2008/2008
f 2009/2009/2009 2007/2007/2007 2008/2008/2008
f 2010/2010/2010 2009/2009/2009 2008/2008/2008
f 2006/2006/2006 2010/2010/2010 2008/2008/2008
f 2012/2012/2012 2011/2011/2011 2013/2013/2013
f 2014/2014/2014 2012/2012/2012 2013/2013/2013
f 2015/2015/2015 2014/2014/2014 2013/2013/2013
f 2011/2011/2011 2015/2015/2015 2013/2013/2013
f 2017/2017/2017 2016/2016/2016 2018/2018/2018
f 2019/2019/2019 2017/2017/2017 2018/2018/2018
f 2020/2020/2020 2019/2019/2019 2018/2018/2018
f 2016/2016/2016 2020/2020/2020 2018/2018/2018
f 2022/2022/2022 2021/2021/2021 2023/2023/2023
f 2024/2024/2024 2022/2022/2022 2023/2023/2023
f 2025/2025/2025 2024/2024/2024 2023/2023/2023
f 2021/2021/2021 2025/2025/2025 2023/2023/2023
f 2027/2027/2027 2026/2026/2026 2028/2028/2028
f 2029/2029/2029 2027/2027/2027 2028/2028/2028
f 2030/2030/2030 2029/2029/2029 2028/2028/2028
f 2026/2026/2026 2030/2030/2030 2028/2028/2028
f 2032/2032/2032 2031/2031/2031 2033/2033/2033
f 2034/2034/2034 2032/2032/2032 2033/2033/2033
f 2035/2035/2035 2034/2034/2034 2033/2033/2033
f 2031/2031/2031 2035/2035/2035 2033/2033/2033
f 2037/2037/2037 2036/2036/2036 2038/2038/2038
f 2039/2039/2039 2037/2037/2037 2038/2038/2038
f 2040/2040/2040 2039/2039/2039 2038/2038/2038
f 2036/2036/2036 2040/2040/2040 2038/2038/2038
f 2042/2042/2042 2041/2041/2041 2043/2043/2043
f 2044/2044/2044 2042/2042/2042 2043/2043/2043
f 2045/2045/2045 2044/2044/2044 2043/2043/2043
f 2041/2041/2041 2045/2045/2045 2043/2043/2043
f 2047/2047/2047 2046/2046/2046 2048/2048/2048
f 2049/2049/2049 2047/2047/2047 2048/2048/2048
f 2050/2050/2050 2049/2049/2049 2048/2048/2048
f 2046/2046/2046 2050/2050/2050 2048/2048/2048
f 2052/2052/2052 2051/2051/2051 2053/2053/2053
f 2054/2054/2054 2052/2052/2052 2053/2053/2053
f 2055/2055/2055 2054/2054/2054 2053/2053/2053
f 2051/2051/2051 2055/2055/2055 2053/2053/2053
f 2057/2057/2057 2056/2056/2056 2058/2058/2058
f 2059/2059/2059 2057/2057/2057 2058/2058/2058
f 2060/2060/2060 2059/2059/2059 2058/2058/2058
f 2056/2056/2056 2060/2060/2060 2058/2058/2058
f 2062/2062/2062 2061/2061/2061 2063/2063/2063
f 2064/2064/2064 2062/2062/2062 2063/2063/2063
f 2065/2065/2065 2064/2064/2064 2063/2063/2063
f 2061/2061/2061 2065/2065/2065 2063/2063/2063
f 2067/2067/2067 2066/2066/2066 2068/2068/2068
f 2069/2069/2069 2067/2067/2067 2068/2068/2068
f 2070/2070/2070 2069/2069/2069 2068/2068/2068
f 2066/2066/2066 2070/2070/2070 2068/2068/2068
f 2072/2072/2072 2071/2071/2071 2073/2073/2073
f 2074/2074/2074 2072/2072/2072 2073/2073/2073
f 2075/2075/2075 2074/2074/2074 2073/2073/2073
f 2071/2071/2071 2075/2075/2075 2073/2073/2073
f 2077/2077/2077 2076/2076/2076 2078/2078/2078
f 2079/2079/2079 2077/2077/2077 2078/2078/2078
f 2080/2080/2080 2079/2079/2079 2078/2078/2078
f 2076/2076/2076 2080/2080/2080 2078/2078/2078
f 2082/2082/2082 2081/2081/2081 2083/2083/2083
f 2084/2084/2084 2082/2082/2082 2083/2083/2083
f 2085/2085/2085 2084/2084/2084 2083/2083/2083
f 2081/2081/2081 2085/2085/2085 2083/2083/2083
f 2087/2087/2087 2086/2086/2086 2088/2088/2088
f 2089/2089/2089 2087/2087/2087 2088/2088/2088
f 2090/2090/2090 2089/2089/2089 2088/2088/2088
f 2086/2086/2086 2090/2090/2090 2088/2088/2088
f 2092/2092/2092 2091/2091/2091 2093/2093/2093
f 2094/2094/2094 2092/2092/2092 2093/2093/2093
f 2095/2095/2095 2094/2094/2094 2093/2093/2093
f 2091/2091/2091 2095/2095/2095 2093/2093/2093
f 2097/2097/2097 2096/2096/2096 2098/2098/2098
f 2099/2099/2099 2097/2097/2097 2098/2098/2098
f 2100/2100/2100 2099/2099/2099 2098/2098/2098
f 2096/2096/2096 2100/2100/2100 2098/2098/2098
f 2102/2102/2102 2101/2101/2101 2103/2103/2103
f 2104/2104/2104 2102/2102/2102 2103/2103/2103
f 2105/2105/2105 2104/2104/2104 2103/2103/2103
f 2101/2101/2101 2105/2105/2105 2103/2103/2103
f 2107/2107/2107 2106/2106/2106 2108/2108/2108
f 2109/2109/2109 2107/2107/2107 2108/2108/2108
f 2110/2110/2110 2109/2109/2109 2108/2108/2108
f 2106/2106/2106 2110/2110/2110 2108/2108/2108
f 2112/2112/2112 2111/2111/2111 2113/2113/2113
f 2114/2114/2114 2112/2112/2112 2113/2113/2113
f 2115/2115/2115 2114/2114/2114 2113/2113/2113
f 2111/2111/2111 2115/2115/2115 2113/2113/2113
f 2117/2117/2117 2116/2116/2116 2118/2118/2118
f 2119/2119/2119 2117/2117/2117 2118/2118/2118
f 2120/2120/2120 2119/2119/2119 2118/2118/2118
f 2116/2116/2116 2120/2120/2120 2118/2118/2118
f 2122/2122/2122 2121/2121/2121 2123/2123/2123
f 2124/2124/2124 2122/2122/2122 2123/2123/2123
f 2125/2125/2125 2124/2124/2124 2123/2123/2123
f 2121/2121/2121 2125/2125/2125 2123/2123/2123
f 2127/2127/2127 2126/2126/2126 2128/2128/2128
f 2129/2129/2129 2127/2127/2127 2128/2128/2128
f 2130/2130/2130 2129/2129/2129 2128/2128/2128
f 2126/2126/2126 2130/2130/2130 2128/2128/2128
f 2132/2132/2132 2131/2131/2131 2133/2133/2133
f 2134/2134/2134 2132/2132/2132 2133/2133/2133
f 2135/2135/2135 2134/2134/2134 2133/2133/2133
f 2131/2131/2131 2135/2135/2135 2133/2133/2133
f 2137/2137/2137 2136/2136/2136 2138/2138/2138
f 2139/2139/2139 2137/2137/2137 2138/2138/2138
f 2140/2140/2140 2139/2139/2139 2138/2138/2138
f 2136/2136/2136 2140/2140/2140 2138/2138/2138
f 2142/2142/2142 2141/2141/2141 2143/2143/2143
f 2144/2144/2144 2142/2142/2142 2143/2143/2143
f 2145/2145/2145 2144/2144/2144 2143/2143/2143
f 2141/2141/2141 2145/2145/2145 2143/2143/2143
f 2147/2147/2147 2146/2146/2146 2148/2148/2148
f 2149/2149/2149 2147/2147/2147 2148/2148/2148
f 2150/2150/2150 2149/2149/2149 2148/2148/2148
f 2146/2146/2146 2150/2150/2150 2148/2148/2148
f 2152/2152/2152 2151/2151/2151 2153/2153/2153
f 2154/2154/2154 2152/2152/2152 2153/2153/2153
f 2155/2155/2155 2154/2154/2154 2153/2153/2153
f 2151/2151/2151 2155/2155/2155 2153/2153/2153
f 2157/2157/2157 2156/2156/2156 2158/2158/2158
f 2159/2159/2159 2157/2157/2157 2158/2158/2158
f 2160/2160/2160 2159/2159/2159 2158/2158/2158
f 2156/2156/2156 2160/2160/2160 2158/2158/2158
f 2162/2162/2162 2161/2161/2161 2163/2163/2163
f 2164/2164/2164 2162/2162/2162 2163/2163/2163
f 2165/2165/2165 2164/2164/2164 2163/2163/2163
f 2161/2161/2161 2165/2165/2165 2163/2163/2163
f 2167/2167/2167 2166/2166/2166 2168/2168/2168
f 2169/2169/2169 2167/2167/2167 2168/2168/2168
f 2170/2170/2170 2169/2169/2169 2168/2168/2168
f 2166/2166/2166 2170/2170/2170 2168/2168/2168
f 2172/2172/2172 2171/2171/2171 2173/2173/2173
f 2174/2174/2174 2172/2172/2172 2173/2173/2173
f 2175/2175/2175 2174/2174/2174 2173/2173/2173
f 2171/2171/2171 2175/2175/2175 2173/2173/2173
f 2177/2177/2177 2176/2176/2176 2178/2178/2178
f 2179/2179/2179 2177/2177/2177 2178/2178/2178
f 2180/2180/2180 2179/2179/2179 2178/2178/2178
f 2176/2176/2176 2180/2180/2180 2178/2178/2178
f 2182/2182/2182 2181/2181/2181 2183/2183/2183
f 2184/2184/2184 2182/2182/2182 2183/2183/2183
f 2185/2185/2185 2184/2184/2184 2183/2183/2183
f 2181/2181/2181 2185/2185/2185 2183/2183/2183
f 2187/2187/2187 2186/2186/2186 2188/2188/2188
f 2189/2189/2189 2187/2187/2187 2188/2188/2188
f 2190/2190/2190 2189/2189/2189 2188/2188/2188
f 2186/2186/2186 2190/2190/2190 2188/2188/2188
f 2192/2192/2192 2191/2191/2191 2193/2193/2193
f 2194/2194/2194 2192/2192/2192 2193/2193/2193
f 2195/2195/2195 2194/2194/2194 2193/2193/2193
f 2191/2191/2191 2195/2195/2195 2193/2193/2193
f 2197/2197/2197 2196/2196/2196 2198/2198/2198
f 2199/2199/2199 2197/2197/2197 2198/2198/2198
f 2200/2200/2200 2199/2199/2199 2198/2198/2198
f 2196/2196/2196 2200/2200/2200 2198/2198/2198
f 2202/2202/2202 2201/2201/2201 2203/2203/2203
f 2204/2204/2204 2202/2202/2202 2203/2203/2203
f 2205/2205/2205 2204/2204/2204 2203/2203/2203
f 2201/2201/2201 2205/2205/2205 2203/2203/2203
f 2207/2207/2207 2206/2206/2206 2208/2208/2208
f 2209/2209/2209 2207/2207/2207 2208/2208/2208
f 2210/2210/2210 2209/2209/2209 2208/2208/2208
f 2206/2206/2206 2210/2210/2210 2208/2208/2208
f 2212/2212/2212 2211/2211/2211 2213/2213/2213
f 2214/2214/2214 2212/2212/2212 2213/2213/2213
f 2215/2215/2215 2214/2214/2214 2213/2213/2213
f 2211/2211/2211 2215/2215/2215 2213/2213/2213
f 2217/2217/2217 2216/2216/2216 2218/2218/2218
f 2219/2219/2219 2217/2217/2217 2218/2218/2218
f 2220/2220/2220 2219/2219/2219 2218/2218/2218
f 2216/2216/2216 2220/2220/2220 2218/2218/2218
f 2222/2222/2222 2221/2221/2221 2223/2223/2223
f 2224/2224/2224 2222/2222/2222 2223/2223/2223
f 2225/2225/2225 2224/2224/2224 2223/2223/2223
f 2221/2221/2221 2225/2225/2225 2223/2223/2223
f 2227/2227/2227 2226/2226/2226 2228/2228/2228
f 2229/2229/2229 2227/2227/2227 2228/2228/2228
f 2230/2230/2230 2229/2229/2229 2228/2228/2228
f 2226/2226/2226 2230/2230/2230 2228/2228/2228
f 2232/2232/2232 2231/2231/2231 2233/2233/2233
f 2234/2234/2234 2232/2232/2232 2233/2233/2233
f 2235/2235/2235 2234/2234/2234 2233/2233/2233
f 2231/2231/2231 2235/2235/2235 2233/2233/2233
f 2237/2237/2237 2236/2236/2236 2238/2238/2238
f 2239/2239/2239 2237/2237/2237 2238/2238/2238
f 2240/2240/2240 2239/2239/2239 2238/2238/2238
f 2236/2236/2236 2240/2240/2240 2238/2238/2238
f 2242/2242/2242 2241/2241/2241 2243/2243/2243
f 2244/2244/2244 2242/2242/2242 2243/2243/2243
f 2245/2245/2245 2244/2244/2244 2243/2243/2243
f 2241/2241/2241 2245/2245/2245 2243/2243/2243
f 2247/2247/2247 2246/2246/2246 2248/2248/2248
f 2249/2249/2249 2247/2247/2247 2248/2248/2248
f 2250/2250/2250 2249/2249/2249 2248/2248/2248
f 2246/2246/2246 2250/2250/2250 2248/2248/2248
f 2252/2252/2252 2251/2251/2251 2253/2253/2253
f 2254/2254/2254 2252/2252/2252 2253/2253/2253
f 2255/2255/2255 2254/2254/2254 2253/2253/2253
f 2251/2251/2251 2255/2255/2255 2253/2253/2253
f 2257/2257/2257 2256/2256/2256 2258/2258/2258
f 2259/2259/2259 2257/2257/2257 2258/2258/2258
f 2260/2260/2260 2259/2259/2259 2258/2258/2258
f 2256/2256/2256 2260/2260/2260 2258/2258/2258
f 2262/2262/2262 2261/2261/2261 2263/2263/2263
f 2264/2264/2264 2262/2262/2262 2263/2263/2263
f 2265/2265/2265 2264/2264/2264 2263/2263/2263
f 2261/2261/2261 2265/2265/2265 2263/2263/2263
f 2267/2267/2267 2266/2266/2266 2268/2268/2268
f 2269/2269/2269 2267/2267/2267 2268/2268/2268
f 2270/2270/2270 2269/2269/2269 2268/2268/2268
f 2266/2266/2266 2270/2270/2270 2268/2268/2268
f 2272/2272/2272 2271/2271/2271 2273/2273/2273
f 2274/2274/2274 2272/2272/2272 2273/2273/2273
f 2275/2275/2275 2274/2274/2274 2273/2273/2273
f 2271/2271/2271 2275/2275/2275 2273/2273/2273
f 2277/2277/2277 2276/2276/2276 2278/2278/2278
f 2279/2279/2279 2277/2277/2277 2278/2278/2278
f 2280/2280/2280 2279/2279/2279 2278/2278/2278
f 2276/2276/2276 2280/2280/2280 2278/2278/2278
f 2282/2282/2282 2281/2281/2281 2283/2283/2283
f 2284/2284/2284 2282/2282/2282 2283/2283/2283
f 2285/2285/2285 2284/2284/2284 2283/2283/2283
f 2281/2281/2281 2285/2285/2285 2283/2283/2283
f 2287/2287/2287 2286/2286/2286 2288/2288/2288
f 2289/2289/2289 2287/2287/2287 2288/2288/2288
f 2290/2290/2290 2289/2289/2289 2288/2288/2288
f 2286/2286/2286 2290/2290/2290 2288/2288/2288
f 2292/2292/2292 2291/2291/2291 2293/2293/2293
f 2294/2294/2294 2292/2292/2292 2293/2293/2293
f 2295/2295/2295 2294/2294/2294 2293/2293/2293
f 2291/2291/2291 2295/2295/2295 2293/2293/2293
f 2297/2297/2297 2296/2296/2296 2298/2298/2298
f 2299/2299/2299 2297/2297/2297 2298/2298/2298
f 2300/2300/2300 2299/2299/2299 2298/2298/2298
f 2296/2296/2296 2300/2300/2300 2298/2298/2298
f 2302/2302/2302 2301/2301/2301 2303/2303/2303
f 2304/2304/2304 2302/2302/2302 2303/2303/2303
f 2305/2305/2305 2304/2304/2304 2303/2303/2303
f 2301/2301/2301 2305/2305/2305 2303/2303/2303
f 2307/2307/2307 2306/2306/2306 2308/2308/2308
f 2309/2309/2309 2307/2307/2307 2308/2308/2308
f 2310/2310/2310 2309/2309/2309 2308/2308/2308
f 2306/2306/2306 2310/2310/2310 2308/2308/2308
f 2312/2312/2312 2311/2311/2311 2313/2313/2313
f 2314/2314/2314 2312/2312/2312 2313/2313/2313
f 2315/2315/2315 2314/2314/2314 2313/2313/2313
f 2311/2311/2311 2315/2315/2315 2313/2313/2313
f 2317/2317/2317 2316/2316/2316 2318/2318/2318
f 2319/2319/2319 2317/2317/2317 2318/2318/2318
f 2320/2320/2320 2319/2319/2319 2318/2318/2318
f 2316/2316/2316 2320/2320/2320 2318/2318/2318
f 2322/2322/2322 2321/2321/2321 2323/2323/2323
f 2324/2324/2324 2322/2322/2322 2323/2323/2323
f 2325/2325/2325 2324/2324/2324 2323/2323/2323
f 2321/2321/2321 2325/2325/2325 2323/2323/2323
f 2327/2327/2327 2326/2326/2326 2328/2328/2328
f 2329/2329/2329 2327/2327/2327 2328/2328/2328
f 2330/2330/2330 2329/2329/2329 2328/2328/2328
f 2326/2326/2326 2330/2330/2330 2328/2328/2328
f 2332/2332/2332 2331/2331/2331 2333/2333/2333
f 2334/2334/2334 2332/2332/2332 2333/2333/2333
f 2335/2335/2335 2334/2334/2334 2333/2333/2333
f 2331/2331/2331 2335/2335/2335 2333/2333/2333
f 2337/2337/2337 2336/2336/2336 2338/2338/2338
f 2339/2339/2339 2337/2337/2337 2338/2338/2338
f 2340/2340/2340 2339/2339/2339 2338/2338/2338
f 2336/2336/2336 2340/2340/2340 2338/2338/2338
f 2342/2342/2342 2341/2341/2341 2343/2343/2343
f 2344/2344/2344 2342/2342/2342 2343/2343/2343
f 2345/2345/2345 2344/2344/2344 2343/2343/2343
f 2341/2341/2341 2345/2345/2345 2343/2343/2343
f 2347/2347/2347 2346/2346/2346 2348/2348/2348
f 2349/2349/2349 2347/2347/2347 2348/2348/2348
f 2350/2350/2350 2349/2349/2349 2348/2348/2348
f 2346/2346/2346 2350/2350/2350 2348/2348/2348
f 2352/2352/2352 2351/2351/2351 2353/2353/2353
f 2354/2354/2354 2352/2352/2352 2353/2353/2353
f 2355/2355/2355 2354/2354/2354 2353/2353/2353
f 2351/2351/2351 2355/2355/2355 2353/2353/2353
f 2357/2357/2357 2356/2356/2356 2358/2358/2358
f 2359/2359/2359 2357/2357/2357 2358/2358/2358
f 2360/2360/2360 2359/2359/2359 2358/2358/2358
f 2356/2356/2356 2360/2360/2360 2358/2358/2358
f 2362/2362/2362 2361/2361/2361 2363/2363/2363
f 2364/2364/2364 2362/2362/2362 2363/2363/2363
f 2365/2365/2365 2364/2364/2364 2363/2363/2363
f 2361/2361/2361 2365/2365/2365 2363/2363/2363
f 2367/2367/2367 2366/2366/2366 2368/2368/2368
f 2369/2369/2369 2367/2367/2367 2368/2368/2368
f 2370/2370/2370 2369/2369/2369 2368/2368/2368
f 2366/2366/2366 2370/2370/2370 2368/2368/2368
f 2372/2372/2372 2371/2371/2371 2373/2373/2373
f 2374/2374/2374 2372/2372/2372 2373/2373/2373
f 2375/2375/2375 2374/2374/2374 2373/2373/2373
f 2371/2371/2371 2375/2375/2375 2373/2373/2373
f 2377/2377/2377 2376/2376/2376 2378/2378/2378
f 2379/2379/2379 2377/2377/2377 2378/2378/2378
f 2380/2380/2380 2379/2379/2379 2378/2378/2378
f 2376/2376/2376 2380/2380/2380 2378/2378/2378
f 2382/2382/2382 2381/2381/2381 2383/2383/2383
f 2384/2384/2384 2382/2382/2382 2383/2383/2383
f 2385/2385/2385 2384/2384/2384 2383/2383/2383
f 2381/2381/2381 2385/2385/2385 2383/2383/2383
f 2387/2387/2387 2386/2386/2386 2388/2388/2388
f 2389/2389/2389 2387/2387/2387 2388/2388/2388
f 2390/2390/2390 2389/2389/2389 2388/2388/2388
f 2386/2386/2386 2390/2390/2390 2388/2388/2388
f 2392/2392/2392 2391/2391/2391 2393/2393/2393
f 2394/2394/2394 2392/2392/2392 2393/2393/2393
f 2395/2395/2395 2394/2394/2394 2393/2393/2393
f 2391/2391/2391 2395/2395/2395 2393/2393/2393
f 2397/2397/2397 2396/2396/2396 2398/2398/2398
f 2399/2399/2399 2397/2397/2397 2398/2398/2398
f 2400/2400/2400 2399/2399/2399 2398/2398/2398
f 2396/2396/2396 2400/2400/2400 2398/2398/2398
f 2402/2402/2402 2401/2401/2401 2403/2403/2403
f 2404/2404/2404 2402/2402/2402 2403/2403/2403
f 2405/2405/2405 2404/2404/2404 2403/2403/2403
f 2401/2401/2401 2405/2405/2405 2403/2403/2403
f 2407/2407/2407 2406/2406/2406 2408/2408/2408
f 2409/2409/2409 2407/2407/2407 2408/2408/2408
f 2410/2410/2410 2409/2409/2409 2408/2408/2408
f 2406/2406/2406 2410/2410/2410 2408/2408/2408
f 2412/2412/2412 2411/2411/2411 2413/2413/2413
f 2414/2414/2414 2412/2412/2412 2413/2413/2413
f 2415/2415/2415 2414/2414/2414 2413/2413/2413
f 2411/2411/2411 2415/2415/2415 2413/2413/2413
f 2417/2417/2417 2416/2416/2416 2418/2418/2418
f 2419/2419/2419 2417/2417/2417 2418/2418/2418
f 2420/2420/2420 2419/2419/2419 2418/2418/2418
f 2416/2416/2416 2420/2420/2420 2418/2418/2418
f 2422/2422/2422 2421/2421/2421 2423/2423/2423
f 2424/2424/2424 2422/2422/2422 2423/2423/2423
f 2425/2425/2425 2424/2424/2424 2423/2423/2423
f 2421/2421/2421 2425/2425/2425 2423/2423/2423
f 2427/2427/2427 2426/2426/2426 2428/2428/2428
f 2429/2429/2429 2427/2427/2427 2428/2428/2428
f 2430/2430/2430 2429/2429/2429 2428/2428/2428
f 2426/2426/2426 2430/2430/2430 2428/2428/2428
f 2432/2432/2432 2431/2431/2431 2433/2433/2433
f 2434/2434/2434 2432/2432/2432 2433/2433/2433
f 2435/2435/2435 2434/2434/2434 2433/2433/2433
f 2431/2431/2431 2435/2435/2435 2433/2433/2433
f 2437/2437/2437 2436/2436/2436 2438/2438/2438
f 2439/2439/2439 2437/2437/2437 2438/2438/2438
f 2440/2440/2440 2439/2439/2439 2438/2438/2438
f 2436/2436/2436 2440/2440/2440 2438/2438/2438
f 2442/2442/2442 2441/2441/2441 2443/2443/2443
f 2444/2444/2444 2442/2442/2442 2443/2443/2443
f 2445/2445/2445 2444/2444/2444 2443/2443/2443
f 2441/2441/2441 2445/2445/2445 2443/2443/2443
f 2447/2447/2447 2446/2446/2446 2448/2448/2448
f 2449/2449/2449 2447/2447/2447 2448/2448/2448
f 2450/2450/2450 2449/2449/2449 2448/2448/2448
f 2446/2446/2446 2450/2450/2450 2448/2448/2448
f 2452/2452/2452 2451/2451/2451 2453/2453/2453
f 2454/2454/2454 2452/2452/2452 2453/2453/2453
f 2455/2455/2455 2454/2454/2454 2453/2453/2453
f 2451/2451/2451 2455/2455/2455 2453/2453/2453
f 2457/2457/2457 2456/2456/2456 2458/2458/2458
f 2459/2459/2459 2457/2457/2457 2458/2458/2458
f 2460/2460/2460 2459/2459/2459 2458/2458/2458
f 2456/2456/2456 2460/2460/2460 2458/2458/2458
f 2462/2462/2462 2461/2461/2461 2463/2463/2463
f 2464/2464/2464 2462/2462/2462 2463/2463/2463
f 2465/2465/2465 2464/2464/2464 2463/2463/2463
f 2461/2461/2461 2465/2465/2465 2463/2463/2463
f 2467/2467/2467 2466/2466/2466 2468/2468/2468
f 2469/2469/2469 2467/2467/2467 2468/2468/2468
f 2470/2470/2470 2469/2469/2469 2468/2468/2468
f 2466/2466/2466 2470/2470/2470 2468/2468/2468
f 2472/2472/2472 2471/2471/2471 2473/2473/2473
f 2474/2474/2474 2472/2472/2472 2473/2473/2473
f 2475/2475/2475 2474/2474/2474 2473/2473/2473
f 2471/2471/2471 2475/2475/2475 2473/2473/2473
f 2477/2477/2477 2476/2476/2476 2478/2478/2478
f 2479/2479/2479 2477/2477/2477 2478/2478/2478
f 2480/2480/2480 2479/2479/2479 2478/2478/2478
f 2476/2476/2476 2480/2480/2480 2478/2478/2478
f 2482/2482/2482 2481/2481/2481 2483/2483/2483
f 2484/2484/2484 2482/2482/2482 2483/2483/2483
f 2485/2485/2485 2484/2484/2484 2483/2483/2483
f 2481/2481/2481 2485/2485/2485 2483/2483/2483
f 2487/2487/2487 2486/2486/2486 2488/2488/2488
f 2489/2489/2489 2487/2487/2487 2488/2488/2488
f 2490/2490/2490 2489/2489/2489 2488/2488/2488
f 2486/2486/2486 2490/2490/2490 2488/2488/2488
f 2492/2492/2492 2491/2491/2491 2493/2493/2493
f 2494/2494/2494 2492/2492/2492 2493/2493/2493
f 2495/2495/2495 2494/2494/2494 2493/2493/2493
f 2491/2491/2491 2495/2495/2495 2493/2493/2493
f 2497/2497/2497 2496/2496/2496 2498/2498/2498
f 2499/2499/2499 2497/2497/2497 2498/2498/2498
f 2500/2500/2500 2499/2499/2499 2498/2498/2498
f 2496/2496/2496 2500/2500/2500 2498/2498/2498
f 2502/2502/2502 2501/2501/2501 2503/2503/2503
f 2504/2504/2504 2502/2502/2502 2503/2503/2503
f 2505/2505/2505 2504/2504/2504 2503/2503/2503
f 2501/2501/2501 2505/2505/2505 2503/2503/2503
f 2507/2507/2507 2506/2506/2506 2508/2508/2508
f 2509/2509/2509 2507/2507/2507 2508/2508/2508
f 2510/2510/2510 2509/2509/2509 2508/2508/2508
f 2506/2506/2506 2510/2510/2510 2508/2508/2508
f 2512/2512/2512 2511/2511/2511 2513/2513/2513
f 2514/2514/2514 2512/2512/2512 2513/2513/2513
f 2515/2515/2515 2514/2514/2514 2513/2513/2513
f 2511/2511/2511 2515/2515/2515 2513/2513/2513
f 2517/2517/2517 2516/2516/2516 2518/2518/2518
f 2519/2519/2519 2517/2517/2517 2518/2518/2518
f 2520/2520/2520 2519/2519/2519 2518/2518/2518
f 2516/2516/2516 2520/2520/2520 2518/2518/2518
f 2522/2522/2522 2521/2521/2521 2523/2523/2523
f 2524/2524/2524 2522/2522/2522 2523/2523/2523
f 2525/2525/2525 2524/2524/2524 2523/2523/2523
f 2521/2521/2521 2525/2525/2525 2523/2523/2523
f 2527/2527/2527 2526/2526/2526 2528/2528/2528
f 2529/2529/2529 2527/2527/2527 2528/2528/2528
f 2530/2530/2530 2529/2529/2529 2528/2528/2528
f 2526/2526/2526 2530/2530/2530 2528/2528/2528
f 2532/2532/2532 2531/2531/2531 2533/2533/2533
f 2534/2534/2534 2532/2532/2532 2533/2533/2533
f 2535/2535/2535 2534/2534/2534 2533/2533/2533
f 2531/2531/2531 2535/2535/2535 2533/2533/2533
f 2537/2537/2537 2536/2536/2536 2538/2538/2538
f 2539/2539/2539 2537/2537/2537 2538/2538/2538
f 2540/2540/2540 2539/2539/2539 2538/2538/2538
f 2536/2536/2536 2540/2540/2540 2538/2538/2538
f 2542/2542/2542 2541/2541/2541 2543/2543/2543
f 2544/2544/2544 2542/2542/2542 2543/2543/2543
f 2545/2545/2545 2544/2544/2544 2543/2543/2543
f 2541/2541/2541 2545/2545/2545 2543/2543/2543
f 2547/2547/2547 2546/2546/2546 2548/2548/2548
f 2549/2549/2549 2547/2547/2547 2548/2548/2548
f 2550/2550/2550 2549/2549/2549 2548/2548/2548
f 2546/2546/2546 2550/2550/2550 2548/2548/2548
f 2552/2552/2552 2551/2551/2551 2553/2553/2553
f 2554/2554/2554 2552/2552/2552 2553/2553/2553
f 2555/2555/2555 2554/2554/2554 2553/2553/2553
f 2551/2551/2551 2555/2555/2555 2553/2553/2553
f 2557/2557/2557 2556/2556/2556 2558/2558/2558
f 2559/2559/2559 2557/2557/2557 2558/2558/2558
f 2560/2560/2560 2559/2559/2559 2558/2558/2558
f 2556/2556/2556 2560/2560/2560 2558/2558/2558
f 2562/2562/2562 2561/2561/2561 2563/2563/2563
f 2564/2564/2564 2562/2562/2562 2563/2563/2563
f 2565/2565/2565 2564/2564/2564 2563/2563/2563
f 2561/2561/2561 2565/2565/2565 2563/2563/2563
f 2567/2567/2567 2566/2566/2566 2568/2568/2568
f 2569/2569/2569 2567/2567/2567 2568/2568/2568
f 2570/2570/2570 2569/2569/2569 2568/2568/2568
f 2566/2566/2566 2570/2570/2570 2568/2568/2568
f 2572/2572/2572 2571/2571/2571 2573/2573/2573
f 2574/2574/2574 2572/2572/2572 2573/2573/2573
f 2575/2575/2575 2574/2574/2574 2573/2573/2573
f 2571/2571/2571 2575/2575/2575 2573/2573/2573
f 2577/2577/2577 2576/2576/2576 2578/2578/2578
f 2579/2579/2579 2577/2577/2577 2578/2578/2578
f 2580/2580/2580 2579/2579/2579 2578/2578/2578
f 2576/2576/2576 2580/2580/2580 2578/2578/2578
f 2582/2582/2582 2581/2581/2581 2583/2583/2583
f 2584/2584/2584 2582/2582/2582 2583/2583/2583
f 2585/2585/2585 2584/2584/2584 2583/2583/2583
f 2581/2581/2581 2585/2585/2585 2583/2583/2583
f 2587/2587/2587 2586/2586/2586 2588/2588/2588
f 2589/2589/2589 2587/2587/2587 2588/2588/2588
f 2590/2590/2590 2589/2589/2589 2588/2588/2588
f 2586/2586/2586 2590/2590/2590 2588/2588/2588
f 2592/2592/2592 2591/2591/2591 2593/2593/2593
f 2594/2594/2594 2592/2592/2592 2593/2593/2593
f 2595/2595/2595 2594/2594/2594 2593/2593/2593
f 2591/2591/2591 2595/2595/2595 2593/2593/2593
f 2597/2597/2597 2596/2596/2596 2598/2598/2598
f 2599/2599/2599 2597/2597/2597 2598/2598/2598
f 2600/2600/2600 2599/2599/2599 2598/2598/2598
f 2596/2596/2596 2600/2600/2600 2598/2598/2598
f 2602/2602/2602 2601/2601/2601 2603/2603/2603
f 2604/2604/2604 2602/2602/2602 2603/2603/2603
f 2605/2605/2605 2604/2604/2604 2603/2603/2603
f 2601/2601/2601 2605/2605/2605 2603/2603/2603
f 2607/2607/2607 2606/2606/2606 2608/2608/2608
f 2609/2609/2609 2607/2607/2607 2608/2608/2608
f 2610/2610/2610 2609/2609/2609 2608/2608/2608
f 2606/2606/2606 2610/2610/2610 2608/2608/2608
f 2612/2612/2612 2611/2611/2611 2613/2613/2613
f 2614/2614/2614 2612/2612/2612 2613/2613/2613
f 2615/2615/2615 2614/2614/2614 2613/2613/2613
f 2611/2611/2611 2615/2615/2615 2613/2613/2613
f 2617/2617/2617 2616/2616/2616 2618/2618/2618
f 2619/2619/2619 2617/2617/2617 2618/2618/2618
f 2620/2620/2620 2619/2619/2619 2618/2618/2618
f 2616/2616/2616 2620/2620/2620 2618/2618/2618
f 2622/2622/2622 2621/2621/2621 2623/2623/2623
f 2624/2624/2624 2622/2622/2622 2623/2623/2623
f 2625/2625/2625 2624/2624/2624 2623/2623/2623
f 2621/2621/2621 2625/2625/2625 2623/2623/2623
f 2627/2627/2627 2626/2626/2626 2628/2628/2628
f 2629/2629/2629 2627/2627/2627 2628/2628/2628
f 2630/2630/2630 2629/2629/2629 2628/2628/2628
f 2626/2626/2626 2630/2630/2630 2628/2628/2628
f 2632/2632/2632 2631/2631/2631 2633/2633/2633
f 2634/2634/2634 2632/2632/2632 2633/2633/2633
f 2635/2635/2635 2634/2634/2634 2633/2633/2633
f 2631/2631/2631 2635/2635/2635 2633/2633/2633
f 2637/2637/2637 2636/2636/2636 2638/2638/2638
f 2639/2639/2639 2637/2637/2637 2638/2638/2638
f 2640/2640/2640 2639/2639/2639 2638/2638/2638
f 2636/2636/2636 2640/2640/2640 2638/2638/2638
f 2642/2642/2642 2641/2641/2641 2643/2643/2643
f 2644/2644/2644 2642/2642/2642 2643/2643/2643
f 2645/2645/2645 2644/2644/2644 2643/2643/2643
f 2641/2641/2641 2645/2645/2645 2643/2643/2643
f 2647/2647/2647 2646/2646/2646 2648/2648/2648
f 2649/2649/2649 2647/2647/2647 2648/2648/2648
f 2650/2650/2650 2649/2649/2649 2648/2648/2648
f 2646/2646/2646 2650/2650/2650 2648/2648/2648
f 2652/2652/2652 2651/2651/2651 2653/2653/2653
f 2654/2654/2654 2652/2652/2652 2653/2653/2653
f 2655/2655/2655 2654/2654/2654 2653/2653/2653
f 2651/2651/2651 2655/2655/2655 2653/2653/2653
f 2657/2657/2657 2656/2656/2656 2658/2658/2658
f 2659/2659/2659 2657/2657/2657 2658/2658/2658
f 2660/2660/2660 2659/2659/2659 2658/2658/2658
f 2656/2656/2656 2660/2660/2660 2658/2658/2658
f 2662/2662/2662 2661/2661/2661 2663/2663/2663
f 2664/2664/2664 2662/2662/2662 2663/2663/2663
f 2665/2665/2665 2664/2664/2664 2663/2663/2663
f 2661/2661/2661 2665/2665/2665 2663/2663/2663
f 2667/2667/2667 2666/2666/2666 2668/2668/2668
f 2669/2669/2669 2667/2667/2667 2668/2668/2668
f 2670/2670/2670 2669/2669/2669 2668/2668/2668
f 2666/2666/2666 2670/2670/2670 2668/2668/2668
f 2672/2672/2672 2671/2671/2671 2673/2673/2673
f 2674/2674/2674 2672/2672/2672 2673/2673/2673
f 2675/2675/2675 2674/2674/2674 2673/2673/2673
f 2671/2671/2671 2675/2675/2675 2673/2673/2673
f 2677/2677/2677 2676/2676/2676 2678/2678/2678
f 2679/2679/2679 2677/2677/2677 2678/2678/2678
f 2680/2680/2680 2679/2679/2679 2678/2678/2678
f 2676/2676/2676 2680/2680/2680 2678/2678/2678
f 2682/2682/2682 2681/2681/2681 2683/2683/2683
f 2684/2684/2684 2682/2682/2682 2683/2683/2683
f 2685/2685/2685 2684/2684/2684 2683/2683/2683
f 2681/2681/2681 2685/2685/2685 2683/2683/2683
f 2687/2687/2687 2686/2686/2686 2688/2688/2688
f 2689/2689/2689 2687/2687/2687 2688/2688/2688
f 2690/2690/2690 2689/2689/2689 2688/2688/2688
f 2686/2686/2686 2690/2690/2690 2688/2688/2688
f 2692/2692/2692 2691/2691/2691 2693/2693/2693
f 2694/2694/2694 2692/2692/2692 2693/2693/2693
f 2695/2695/2695 2694/2694/2694 2693/2693/2693
f 2691/2691/2691 2695/2695/2695 2693/2693/2693
f 2697/2697/2697 2696/2696/2696 2698/2698/2698
f 2699/2699/2699 2697/2697/2697 2698/2698/2698
f 2700/2700/2700 2699/2699/2699 2698/2698/2698
f 2696/2696/2696 2700/2700/2700 2698/2698/2698
f 2702/2702/2702 2701/2701/2701 2703/2703/2703
f 2704/2704/2704 2702/2702/2702 2703/2703/2703
f 2705/2705/2705 2704/2704/2704 2703/2703/2703
f 2701/2701/2701 2705/2705/2705 2703/2703/2703
f 2707/2707/2707 2706/2706/2706 2708/2708/2708
f 2709/2709/2709 2707/2707/2707 2708/2708/2708
f 2710/2710/2710 2709/2709/2709 2708/2708/2708
f 2706/2706/2706 2710/2710/2710 2708/2708/2708
f 2712/2712/2712 2711/2711/2711 2713/2713/2713
f 2714/2714/2714 2712/2712/2712 2713/2713/2713
f 2715/2715/2715 2714/2714/2714 2713/2713/2713
f 2711/2711/2711 2715/2715/2715 2713/2713/2713
f 2717/2717/2717 2716/2716/2716 2718/2718/2718
f 2719/2719/2719 2717/2717/2717 2718/2718/2718
f 2720/2720/2720 2719/2719/2719 2718/2718/2718
f 2716/2716/2716 2720/2720/2720 2718/2718/2718
f 2722/2722/2722 2721/2721/2721 2723/2723/2723
f 2724/2724/2724 2722/2722/2722 2723/2723/2723
f 2725/2725/2725 2724/2724/2724 2723/2723/2723
f 2721/2721/2721 2725/2725/2725 2723/2723/2723
f 2727/2727/2727 2726/2726/2726 2728/2728/2728
f 2729/2729/2729 2727/2727/2727 2728/2728/2728
f 2730/2730/2730 2729/2729/2729 2728/2728/2728
f 2726/2726/2726 2730/2730/2730 2728/2728/2728
f 2732/2732/2732 2731/2731/2731 2733/2733/2733
f 2734/2734/2734 2732/2732/2732 2733/2733/2733
f 2735/2735/2735 2734/2734/2734 2733/2733/2733
f 2731/2731/2731 2735/2735/2735 2733/2733/2733
f 2737/2737/2737 2736/2736/2736 2738/2738/2738
f 2739/2739/2739 2737/2737/2737 2738/2738/2738
f 2740/2740/2740 2739/2739/2739 2738/2738/2738
f 2736/2736/2736 2740/2740/2740 2738/2738/2738
f 2742/2742/2742 2741/2741/2741 2743/2743/2743
f 2744/2744/2744 2742/2742/2742 2743/2743/2743
f 2745/2745/2745 2744/2744/2744 2743/2743/2743
f 2741/2741/2741 2745/2745/2745 2743/2743/2743
f 2747/2747/2747 2746/2746/2746 2748/2748/2748
f 2749/2749/2749 2747/2747/2747 2748/2748/2748
f 2750/2750/2750 2749/2749/2749 2748/2748/2748
f 2746/2746/2746 2750/2750/2750 2748/2748/2748
f 2752/2752/2752 2751/2751/2751 2753/2753/2753
f 2754/2754/2754 2752/2752/2752 2753/2753/2753
f 2755/2755/2755 2754/2754/2754 2753/2753/2753
f 2751/2751/2751 2755/2755/2755 2753/2753/2753
f 2757/2757/2757 2756/2756/2756 2758/2758/2758
f 2759/2759/2759 2757/2757/2757 2758/2758/2758
f 2760/2760/2760 2759/2759/2759 2758/2758/2758
f 2756/2756/2756 2760/2760/2760 2758/2758/2758
f 2762/2762/2762 2761/2761/2761 2763/2763/2763
f 2764/2764/2764 2762/2762/2762 2763/2763/2763
f 2765/2765/2765 2764/2764/2764 2763/2763/2763
f 2761/2761/2761 2765/2765/2765 2763/2763/2763
f 2767/2767/2767 2766/2766/2766 2768/2768/2768
f 2769/2769/2769 2767/2767/2767 2768/2768/2768
f 2770/2770/2770 2769/2769/2769 2768/2768/2768
f 2766/2766/2766 2770/2770/2770 2768/2768/2768
f 2772/2772/2772 2771/2771/2771 2773/2773/2773
f 2774/2774/2774 2772/2772/2772 2773/2773/2773
f 2775/2775/2775 2774/2774/2774 2773/2773/2773
f 2771/2771/2771 2775/2775/2775 2773/2773/2773
f 2777/2777/2777 2776/2776/2776 2778/2778/2778
f 2779/2779/2779 2777/2777/2777 2778/2778/2778
f 2780/2780/2780 2779/2779/2779 2778/2778/2778
f 2776/2776/2776 2780/2780/2780 2778/2778/2778
f 2782/2782/2782 2781/2781/2781 2783/2783/2783
f 2784/2784/2784 2782/2782/2782 2783/2783/2783
f 2785/2785/2785 2784/2784/2784 2783/2783/2783
f 2781/2781/2781 2785/2785/2785 2783/2783/2783
f 2787/2787/2787 2786/2786/2786 2788/2788/2788
f 2789/2789/2789 2787/2787/2787 2788/2788/2788
f 2790/2790/2790 2789/2789/2789 2788/2788/2788
f 2786/2786/2786 2790/2790/2790 2788/2788/2788
f 2792/2792/2792 2791/2791/2791 2793/2793/2793
f 2794/2794/2794 2792/2792/2792 2793/2793/2793
f 2795/2795/2795 2794/2794/2794 2793/2793/2793
f 2791/2791/2791 2795/2795/2795 2793/2793/2793
f 2797/2797/2797 2796/2796/2796 2798/2798/2798
f 2799/2799/2799 2797/2797/2797 2798/2798/2798
f 2800/2800/2800 2799/2799/2799 2798/2798/2798
f 2796/2796/2796 2800/2800/2800 2798/2798/2798
f 2802/2802/2802 2801/2801/2801 2803/2803/2803
f 2804/2804/2804 2802/2802/2802 2803/2803/2803
f 2805/2805/2805 2804/2804/2804 2803/2803/2803
f 2801/2801/2801 2805/2805/2805 2803/2803/2803
f 2807/2807/2807 2806/2806/2806 2808/2808/2808
f 2809/2809/2809 2807/2807/2807 2808/2808/2808
f 2810/2810/2810 2809/2809/2809 2808/2808/2808
f 2806/2806/2806 2810/2810/2810 2808/2808/2808
f 2812/2812/2812 2811/2811/2811 2813/2813/2813
f 2814/2814/2814 2812/2812/2812 2813/2813/2813
f 2815/2815/2815 2814/2814/2814 2813/2813/2813
f 2811/2811/2811 2815/2815/2815 2813/2813/2813
f 2817/2817/2817 2816/2816/2816 2818/2818/2818
f 2819/2819/2819 2817/2817/2817 2818/2818/2818
f 2820/2820/2820 2819/2819/2819 2818/2818/2818
f 2816/2816/2816 2820/2820/2820 2818/2818/2818
f 2822/2822/2822 2821/2821/2821 2823/2823/2823
f 2824/2824/2824 2822/2822/2822 2823/2823/2823
f 2825/2825/2825 2824/2824/2824 2823/2823/2823
f 2821/2821/2821 2825/2825/2825 2823/2823/2823
f 2827/2827/2827 2826/2826/2826 2828/2828/2828
f 2829/2829/2829 2827/2827/2827 2828/2828/2828
f 2830/2830/2830 2829/2829/2829 2828/2828/2828
f 2826/2826/2826 2830/2830/2830 2828/2828/2828
f 2832/2832/2832 2831/2831/2831 2833/2833/2833
f 2834/2834/2834 2832/2832/2832 2833/2833/2833
f 2835/2835/2835 2834/2834/2834 2833/2833/2833
f 2831/2831/2831 2835/2835/2835 2833/2833/2833
f 2837/2837/2837 2836/2836/2836 2838/2838/2838
f 2839/2839/2839 2837/2837/2837 2838/2838/2838
f 2840/2840/2840 2839/2839/2839 2838/2838/2838
f 2836/2836/2836 2840/2840/2840 2838/2838/2838
f 2842/2842/2842 2841/2841/2841 2843/2843/2843
f 2844/2844/2844 2842/2842/2842 2843/2843/2843
f 2845/2845/2845 2844/2844/2844 2843/2843/2843
f 2841/2841/2841 2845/2845/2845 2843/2843/2843
f 2847/2847/2847 2846/2846/2846 2848/2848/2848
f 2849/2849/2849 2847/2847/2847 2848/2848/2848
f 2850/2850/2850 2849/2849/2849 2848/2848/2848
f 2846/2846/2846 2850/2850/2850 2848/2848/2848
f 2852/2852/2852 2851/2851/2851 2853/2853/2853
f 2854/2854/2854 2852/2852/2852 2853/2853/2853
f 2855/2855/2855 2854/2854/2854 2853/2853/2853
f 2851/2851/2851 2855/2855/2855 2853/2853/2853
f 2857/2857/2857 2856/2856/2856 2858/2858/2858
f 2859/2859/2859 2857/2857/2857 2858/2858/2858
f 2860/2860/2860 2859/2859/2859 2858/2858/2858
f 2856/2856/2856 2860/2860/2860 2858/2858/2858
f 2862/2862/2862 2861/2861/2861 2863/2863/2863
f 2864/2864/2864 2862/2862/2862 2863/2863/2863
f 2865/2865/2865 2864/2864/2864 2863/2863/2863
f 2861/2861/2861 2865/2865/2865 2863/2863/2863
f 2867/2867/2867 2866/2866/2866 2868/2868/2868
f 2869/2869/2869 2867/2867/2867 2868/2868/2868
f 2870/2870/2870 2869/2869/2869 2868/2868/2868
f 2866/2866/2866 2870/2870/2870 2868/2868/2868
f 2872/2872/2872 2871/2871/2871 2873/2873/2873
f 2874/2874/2874 2872/2872/2872 2873/2873/2873
f 2875/2875/2875 2874/2874/2874 2873/2873/2873
f 2871/2871/2871 2875/2875/2875 2873/2873/2873
f 2877/2877/2877 2876/2876/2876 2878/2878/2878
f 2879/2879/2879 2877/2877/2877 2878/2878/2878
f 2880/2880/2880 2879/2879/2879 2878/2878/2878
f 2876/2876/2876 2880/2880/2880 2878/2878/2878
f 2882/2882/2882 2881/2881/2881 2883/2883/2883
f 2884/2884/2884 2882/2882/2882 2883/2883/2883
f 2885/2885/2885 2884/2884/2884 2883/2883/2883
f 2881/2881/2881 2885/2885/2885 2883/2883/2883
f 2887/2887/2887 2886/2886/2886 2888/2888/2888
f 2889/2889/2889 2887/2887/2887 2888/2888/2888
f 2890/2890/2890 2889/2889/2889 2888/2888/2888
f 2886/2886/2886 2890/2890/2890 2888/2888/2888
f 2892/2892/2892 2891/2891/2891 2893/2893/2893
f 2894/2894/2894 2892/2892/2892 2893/2893/2893
f 2895/2895/2895 2894/2894/2894 2893/2893/2893
f 2891/2891/2891 2895/2895/2895 2893/2893/2893
f 2897/2897/2897 2896/2896/2896 2898/2898/2898
f 2899/2899/2899 2897/2897/2897 2898/2898/2898
f 2900/2900/2900 2899/2899/2899 2898/2898/2898
f 2896/2896/2896 2900/2900/2900 2898/2898/2898
f 2902/2902/2902 2901/2901/2901 2903/2903/2903
f 2904/2904/2904 2902/2902/2902 2903/2903/2903
f 2905/2905/2905 2904/2904/2904 2903/2903/2903
f 2901/2901/2901 2905/2905/2905 2903/2903/2903
f 2907/2907/2907 2906/2906/2906 2908/2908/2908
f 2909/2909/2909 2907/2907/2907 2908/2908/2908
f 2910/2910/2910 2909/2909/2909 2908/2908/2908
f 2906/2906/2906 2910/2910/2910 2908/2908/2908
f 2912/2912/2912 2911/2911/2911 2913/2913/2913
f 2914/2914/2914 2912/2912/2912 2913/2913/2913
f 2915/2915/2915 2914/2914/2914 2913/2913/2913
f 2911/2911/2911 2915/2915/2915 2913/2913/2913
f 2917/2917/2917 2916/2916/2916 2918/2918/2918
f 2919/2919/2919 2917/2917/2917 2918/2918/2918
f 2920/2920/2920 2919/2919/2919 2918/2918/2918
f 2916/2916/2916 2920/2920/2920 2918/2918/2918
f 2922/2922/2922 2921/2921/2921 2923/2923/2923
f 2924/2924/2924 2922/2922/2922 2923/2923/2923
f 2925/2925/2925 2924/2924/2924 2923/2923/2923
f 2921/2921/2921 2925/2925/2925 2923/2923/2923
f 2927/2927/2927 2926/2926/2926 2928/2928/2928
f 2929/2929/2929 2927/2927/2927 2928/2928/2928
f 2930/2930/2930 2929/2929/2929 2928/2928/2928
f 2926/2926/2926 2930/2930/2930 2928/2928/2928
f 2932/2932/2932 2931/2931/2931 2933/2933/2933
f 2934/2934/2934 2932/2932/2932 2933/2933/2933
f 2935/2935/2935 2934/2934/2934 2933/2933/2933
f 2931/2931/2931 2935/2935/2935 2933/2933/2933
f 2937/2937/2937 2936/2936/2936 2938/2938/2938
f 2939/2939/2939 2937/2937/2937 2938/2938/2938
f 2940/2940/2940 2939/2939/2939 2938/2938/2938
f 2936/2936/2936 2940/2940/2940 2938/2938/2938
f 2942/2942/2942 2941/2941/2941 2943/2943/2943
f 2944/2944/2944 2942/2942/2942 2943/2943/2943
f 2945/2945/2945 2944/2944/2944 2943/2943/2943
f 2941/2941/2941 2945/2945/2945 2943/2943/2943
f 2947/2947/2947 2946/2946/2946 2948/2948/2948
f 2949/2949/2949 2947/2947/2947 2948/2948/2948
f 2950/2950/2950 2949/2949/2949 2948/2948/2948
f 2946/2946/2946 2950/2950/2950 2948/2948/2948
f 2952/2952/2952 2951/2951/2951 2953/2953/2953
f 2954/2954/2954 2952/2952/2952 2953/2953/2953
f 2955/2955/2955 2954/2954/2954 2953/2953/2953
f 2951/2951/2951 2955/2955/2955 2953/2953/2953
f 2957/2957/2957 2956/2956/2956 2958/2958/2958
f 2959/2959/2959 2957/2957/2957 2958/2958/2958
f 2960/2960/2960 2959/2959/2959 2958/2958/2958
f 2956/2956/2956 2960/2960/2960 2958/2958/2958
f 2962/2962/2962 2961/2961/2961 2963/2963/2963
f 2964/2964/2964 2962/2962/2962 2963/2963/2963
f 2965/2965/2965 2964/2964/2964 2963/2963/2963
f 2961/2961/2961 2965/2965/2965 2963/2963/2963
f 2967/2967/2967 2966/2966/2966 2968/2968/2968
f 2969/2969/2969 2967/2967/2967 2968/2968/2968
f 2970/2970/2970 2969/2969/2969 2968/2968/2968
f 2966/2966/2966 2970/2970/2970 2968/2968/2968
f 2972/2972/2972 2971/2971/2971 2973/2973/2973
f 2974/2974/2974 2972/2972/2972 2973/2973/2973
f 2975/2975/2975 2974/2974/2974 2973/2973/2973
f 2971/2971/2971 2975/2975/2975 2973/2973/2973
f 2977/2977/2977 2976/2976/2976 2978/2978/2978
f 2979/2979/2979 2977/2977/2977 2978/2978/2978
f 2980/2980/2980 2979/2979/2979 2978/2978/2978
f 2976/2976/2976 2980/2980/2980 2978/2978/2978
f 2982/2982/2982 2981/2981/2981 2983/2983/2983
f 2984/2984/2984 2982/2982/2982 2983/2983/2983
f 2985/2985/2985 2984/2984/2984 2983/2983/2983
f 2981/2981/2981 2985/2985/2985 2983/2983/2983
f 2987/2987/2987 2986/2986/2986 2988/2988/2988
f 2989/2989/2989 2987/2987/2987 2988/2988/2988
f 2990/2990/2990 2989/2989/2989 2988/2988/2988
f 2986/2986/2986 2990/2990/2990 2988/2988/2988
f 2992/2992/2992 2991/2991/2991 2993/2993/2993
f 2994/2994/2994 2992/2992/2992 2993/2993/2993
f 2995/2995/2995 2994/2994/2994 2993/2993/2993
f 2991/2991/2991 2995/2995/2995 2993/2993/2993
f 2997/2997/2997 2996/2996/2996 2998/2998/2998
f 2999/2999/2999 2997/2997/2997 2998/2998/2998
f 3000/3000/3000 2999/2999/2999 2998/2998/2998
f 2996/2996/2996 3000/3000/3000 2998/2998/2998
f 3002/3002/3002 3001/3001/3001 3003/3003/3003
f 3004/3004/3004 3002/3002/3002 3003/3003/3003
f 3005/3005/3005 3004/3004/3004 3003/3003/3003
f 3001/3001/3001 3005/3005/3005 3003/3003/3003
f 3007/3007/3007 3006/3006/3006 3008/3008/3008
f 3009/3009/3009 3007/3007/3007 3008/3008/3008
f 3010/3010/3010 3009/3009/3009 3008/3008/3008
f 3006/3006/3006 3010/3010/3010 3008/3008/3008
f 3012/3012/3012 3011/3011/3011 3013/3013/3013
f 3014/3014/3014 3012/3012/3012 3013/3013/3013
f 3015/3015/3015 3014/3014/3014 3013/3013/3013
f 3011/3011/3011 3015/3015/3015 3013/3013/3013
f 3017/3017/3017 3016/3016/3016 3018/3018/3018
f 3019/3019/3019 3017/3017/3017 3018/3018/3018
f 3020/3020/3020 3019/3019/3019 3018/3018/3018
f 3016/3016/3016 3020/3020/3020 3018/3018/3018
f 3022/3022/3022 3021/3021/3021 3023/3023/3023
f 3024/3024/3024 3022/3022/3022 3023/3023/3023
f 3025/3025/3025 3024/3024/3024 3023/3023/3023
f 3021/3021/3021 3025/3025/3025 3023/3023/3023
f 3027/3027/3027 3026/3026/3026 3028/3028/3028
f 3029/3029/3029 3027/3027/3027 3028/3028/3028
f 3030/3030/3030 3029/3029/3029 3028/3028/3028
f 3026/3026/3026 3030/3030/3030 3028/3028/3028
f 3032/3032/3032 3031/3031/3031 3033/3033/3033
f 3034/3034/3034 3032/3032/3032 3033/3033/3033
f 3035/3035/3035 3034/3034/3034 3033/3033/3033
f 3031/3031/3031 3035/3035/3035 3033/3033/3033
f 3037/3037/3037 3036/3036/3036 3038/3038/3038
f 3039/3039/3039 3037/3037/3037 3038/3038/3038
f 3040/3040/3040 3039/3039/3039 3038/3038/3038
f 3036/3036/3036 3040/3040/3040 3038/3038/3038
f 3042/3042/3042 3041/3041/3041 3043/3043/3043
f 3044/3044/3044 3042/3042/3042 3043/3043/3043
f 3045/3045/3045 3044/3044/3044 3043/3043/3043
f 3041/3041/3041 3045/3045/3045 3043/3043/3043
f 3047/3047/3047 3046/3046/3046 3048/3048/3048
f 3049/3049/3049 3047/3047/3047 3048/3048/3048
f 3050/3050/3050 3049/3049/3049 3048/3048/3048
f 3046/3046/3046 3050/3050/3050 3048/3048/3048
f 3052/3052/3052 3051/3051/3051 3053/3053/3053
f 3054/3054/3054 3052/3052/3052 3053/3053/3053
f 3055/3055/3055 3054/3054/3054 3053/3053/3053
f 3051/3051/3051 3055/3055/3055 3053/3053/3053
f 3057/3057/3057 3056/3056/3056 3058/3058/3058
f 3059/3059/3059 3057/3057/3057 3058/3058/3058
f 3060/3060/3060 3059/3059/3059 3058/3058/3058
f 3056/3056/3056 3060/3060/3060 3058/3058/3058
f 3062/3062/3062 3061/3061/3061 3063/3063/3063
f 3064/3064/3064 3062/3062/3062 3063/3063/3063
f 3065/3065/3065 3064/3064/3064 3063/3063/3063
f 3061/3061/3061 3065/3065/3065 3063/3063/3063
f 3067/3067/3067 3066/3066/3066 3068/3068/3068
f 3069/3069/3069 3067/3067/3067 3068/3068/3068
f 3070/3070/3070 3069/3069/3069 3068/3068/3068
f 3066/3066/3066 3070/3070/3070 3068/3068/3068
f 3072/3072/3072 3071/3071/3071 3073/3073/3073
f 3074/3074/3074 3072/3072/3072 3073/3073/3073
f 3075/3075/3075 3074/3074/3074 3073/3073/3073
f 3071/3071/3071 3075/3075/3075 3073/3073/3073
f 3077/3077/3077 3076/3076/3076 3078/3078/3078
f 3079/3079/3079 3077/3077/3077 3078/3078/3078
f 3080/3080/3080 3079/3079/3079 3078/3078/3078
f 3076/3076/3076 3080/3080/3080 3078/3078/3078
f 3082/3082/3082 3081/3081/3081 3083/3083/3083
f 3084/3084/3084 3082/3082/3082 3083/3083/3083
f 3085/3085/3085 3084/3084/3084 3083/3083/3083
f 3081/3081/3081 3085/3085/3085 3083/3083/3083
f 3087/3087/3087 3086/3086/3086 3088/3088/3088
f 3089/3089/3089 3087/3087/3087 3088/3088/3088
f 3090/3090/3090 3089/3089/3089 3088/3088/3088
f 3086/3086/3086 3090/3090/3090 3088/3088/3088
f 3092/3092/3092 3091/3091/3091 3093/3093/3093
f 3094/3094/3094 3092/3092/3092 3093/3093/3093
f 3095/3095/3095 3094/3094/3094 3093/3093/3093
f 3091/3091/3091 3095/3095/3095 3093/3093/3093
f 3097/3097/3097 3096/3096/3096 3098/3098/3098
f 3099/3099/3099 3097/3097/3097 3098/3098/3098
f 3100/3100/3100 3099/3099/3099 3098/3098/3098
f 3096/3096/3096 3100/3100/3100 3098/3098/3098
f 3102/3102/3102 3101/3101/3101 3103/3103/3103
f 3104/3104/3104 3102/3102/3102 3103/3103/3103
f 3105/3105/3105 3104/3104/3104 3103/3103/3103
f 3101/3101/3101 3105/3105/3105 3103/3103/3103
f 3107/3107/3107 3106/3106/3106 3108/3108/3108
f 3109/3109/3109 3107/3107/3107 3108/3108/3108
f 3110/3110/3110 3109/3109/3109 3108/3108/3108
f 3106/3106/3106 3110/3110/3110 3108/3108/3108
f 3112/3112/3112 3111/3111/3111 3113/3113/3113
f 3114/3114/3114 3112/3112/3112 3113/3113/3113
f 3115/3115/3115 3114/3114/3114 3113/3113/3113
f 3111/3111/3111 3115/3115/3115 3113/3113/3113
f 3117/3117/3117 3116/3116/3116 3118/3118/3118
f 3119/3119/3119 3117/3117/3117 3118/3118/3118
f 3120/3120/3120 3119/3119/3119 3118/3118/3118
f 3116/3116/3116 3120/3120/3120 3118/3118/3118
f 3122/3122/3122 3121/3121/3121 3123/3123/3123
f 3124/3124/3124 3122/3122/3122 3123/3123/3123
f 3125/3125/3125 3124/3124/3124 3123/3123/3123
f 3121/3121/3121 3125/3125/3125 3123/3123/3123
f 3127/3127/3127 3126/3126/3126 3128/3128/3128
f 3129/3129/3129 3127/3127/3127 3128/3128/3128
f 3130/3130/3130 3129/3129/3129 3128/3128/3128
f 3126/3126/3126 3130/3130/3130 3128/3128/3128
f 3132/3132/3132 3131/3131/3131 3133/3133/3133
f 3134/3134/3134 3132/3132/3132 3133/3133/3133
f 3135/3135/3135 3134/3134/3134 3133/3133/3133
f 3131/3131/3131 3135/3135/3135 3133/3133/3133
f 3137/3137/3137 3136/3136/3136 3138/3138/3138
f 3139/3139/3139 3137/3137/3137 3138/3138/3138
f 3140/3140/3140 3139/3139/3139 3138/3138/3138
f 3136/3136/3136 3140/3140/3140 3138/3138/3138
f 3142/3142/3142 3141/3141/3141 3143/3143/3143
f 3144/3144/3144 3142/3142/3142 3143/3143/3143
f 3145/3145/3145 3144/3144/3144 3143/3143/3143
f 3141/3141/3141 3145/3145/3145 3143/3143/3143
f 3147/3147/3147 3146/3146/3146 3148/3148/3148
f 3149/3149/3149 3147/3147/3147 3148/3148/3148
f 3150/3150/3150 3149/3149/3149 3148/3148/3148
f 3146/3146/3146 3150/3150/3150 3148/3148/3148
f 3152/3152/3152 3151/3151/3151 3153/3153/3153
f 3154/3154/3154 3152/3152/3152 3153/3153/3153
f 3155/3155/3155 3154/3154/3154 3153/3153/3153
f 3151/3151/3151 3155/3155/3155 3153/3153/3153
f 3157/3157/3157 3156/3156/3156 3158/3158/3158
f 3159/3159/3159 3157/3157/3157 3158/3158/3158
f 3160/3160/3160 3159/3159/3159 3158/3158/3158
f 3156/3156/3156 3160/3160/3160 3158/3158/3158
f 3162/3162/3162 3161/3161/3161 3163/3163/3163
f 3164/3164/3164 3162/3162/3162 3163/3163/3163
f 3165/3165/3165 3164/3164/3164 3163/3163/3163
f 3161/3161/3161 3165/3165/3165 3163/3163/3163
f 3167/3167/3167 3166/3166/3166 3168/3168/3168
f 3169/3169/3169 3167/3167/3167 3168/3168/3168
f 3170/3170/3170 3169/3169/3169 3168/3168/3168
f 3166/3166/3166 3170/3170/3170 3168/3168/3168
f 3172/3172/3172 3171/3171/3171 3173/3173/3173
f 3174/3174/3174 3172/3172/3172 3173/3173/3173
f 3175/3175/3175 3174/3174/3174 3173/3173/3173
f 3171/3171/3171 3175/3175/3175 3173/3173/3173
f 3177/3177/3177 3176/3176/3176 3178/3178/3178
f 3179/3179/3179 3177/3177/3177 3178/3178/3178
f 3180/3180/3180 3179/3179/3179 3178/3178/3178
f 3176/3176/3176 3180/3180/3180 3178/3178/3178
f 3182/3182/3182 3181/3181/3181 3183/3183/3183
f 3184/3184/3184 3182/3182/3182 3183/3183/3183
f 3185/3185/3185 3184/3184/3184 3183/3183/3183
f 3181/3181/3181 3185/3185/3185 3183/3183/3183
f 3187/3187/3187 3186/3186/3186 3188/3188/3188
f 3189/3189/3189 3187/3187/3187 3188/3188/3188
f 3190/3190/3190 3189/3189/3189 3188/3188/3188
f 3186/3186/3186 3190/3190/3190 3188/3188/3188
f 3192/3192/3192 3191/3191/3191 3193/3193/3193
f 3194/3194/3194 3192/3192/3192 3193/3193/3193
f 3195/3195/3195 3194/3194/3194 3193/3193/3193
f 3191/3191/3191 3195/3195/3195 3193/3193/3193
f 3197/3197/3197 3196/3196/3196 3198/3198/3198
f 3199/3199/3199 3197/3197/3197 3198/3198/3198
f 3200/3200/3200 3199/3199/3199 3198/3198/3198
f 3196/3196/3196 3200/3200/3200 3198/3198/3198
f 3202/3202/3202 3201/3201/3201 3203/3203/3203
f 3204/3204/3204 3202/3202/3202 3203/3203/3203
f 3205/3205/3205 3204/3204/3204 3203/3203/3203
f 3201/3201/3201 3205/3205/3205 3203/3203/3203
f 3207/3207/3207 3206/3206/3206 3208/3208/3208
f 3209/3209/3209 3207/3207/3207 3208/3208/3208
f 3210/3210/3210 3209/3209/3209 3208/3208/3208
f 3206/3206/3206 3210/3210/3210 3208/3208/3208
f 3212/3212/3212 3211/3211/3211 3213/3213/3213
f 3214/3214/3214 3212/3212/3212 3213/3213/3213
f 3215/3215/3215 3214/3214/3214 3213/3213/3213
f 3211/3211/3211 3215/3215/3215 3213/3213/3213
f 3217/3217/3217 3216/3216/3216 3218/3218/3218
f 3219/3219/3219 3217/3217/3217 3218/3218/3218
f 3220/3220/3220 3219/3219/3219 3218/3218/3218
f 3216/3216/3216 3220/3220/3220 3218/3218/3218
f 3222/3222/3222 3221/3221/3221 3223/3223/3223
f 3224/3224/3224 3222/3222/3222 3223/3223/3223
f 3225/3225/3225 3224/3224/3224 3223/3223/3223
f 3221/3221/3221 3225/3225/3225 3223/3223/3223
f 3227/3227/3227 3226/3226/3226 3228/3228/3228
f 3229/3229/3229 3227/3227/3227 3228/3228/3228
f 3230/3230/3230 3229/3229/3229 3228/3228/3228
f 3226/3226/3226 3230/3230/3230 3228/3228/3228
f 3232/3232/3232 3231/3231/3231 3233/3233/3233
f 3234/3234/3234 3232/3232/3232 3233/3233/3233
f 3235/3235/3235 3234/3234/3234 3233/3233/3233
f 3231/3231/3231 3235/3235/3235 3233/3233/3233
f 3237/3237/3237 3236/3236/3236 3238/3238/3238
f 3239/3239/3239 3237/3237/3237 3238/3238/3238
f 3240/3240/3240 3239/3239/3239 3238/3238/3238
f 3236/3236/3236 3240/3240/3240 3238/3238/3238
f 3242/3242/3242 3241/3241/3241 3243/3243/3243
f 3244/3244/3244 3242/3242/3242 3243/3243/3243
f 3245/3245/3245 3244/3244/3244 3243/3243/3243
f 3241/3241/3241 3245/3245/3245 3243/3243/3243
f 3247/3247/3247 3246/3246/3246 3248/3248/3248
f 3249/3249/3249 3247/3247/3247 3248/3248/3248
f 3250/3250/3250 3249/3249/3249 3248/3248/3248
f 3246/3246/3246 3250/3250/3250 3248/3248/3248
f 3252/3252/3252 3251/3251/3251 3253/3253/3253
f 3254/3254/3254 3252/3252/3252 3253/3253/3253
f 3255/3255/3255 3254/3254/3254 3253/3253/3253
f 3251/3251/3251 3255/3255/3255 3253/3253/3253
f 3257/3257/3257 3256/3256/3256 3258/3258/3258
f 3259/3259/3259 3257/3257/3257 3258/3258/3258
f 3260/3260/3260 3259/3259/3259 3258/3258/3258
f 3256/3256/3256 3260/3260/3260 3258/3258/3258
f 3262/3262/3262 3261/3261/3261 3263/3263/3263
f 3264/3264/3264 3262/3262/3262 3263/3263/3263
f 3265/3265/3265 3264/3264/3264 3263/3263/3263
f 3261/3261/3261 3265/3265/3265 3263/3263/3263
f 3267/3267/3267 3266/3266/3266 3268/3268/3268
f 3269/3269/3269 3267/3267/3267 3268/3268/3268
f 3270/3270/3270 3269/3269/3269 3268/3268/3268
f 3266/3266/3266 3270/3270/3270 3268/3268/3268
f 3272/3272/3272 3271/3271/3271 3273/3273/3273
f 3274/3274/3274 3272/3272/3272 3273/3273/3273
f 3275/3275/3275 3274/3274/3274 3273/3273/3273
f 3271/3271/3271 3275/3275/3275 3273/3273/3273
f 3277/3277/3277 3276/3276/3276 3278/3278/3278
f 3279/3279/3279 3277/3277/3277 3278/3278/3278
f 3280/3280/3280 3279/3279/3279 3278/3278/3278
f 3276/3276/3276 3280/3280/3280 3278/3278/3278
f 3282/3282/3282 3281/3281/3281 3283/3283/3283
f 3284/3284/3284 3282/3282/3282 3283/3283/3283
f 3285/3285/3285 3284/3284/3284 3283/3283/3283
f 3281/3281/3281 3285/3285/3285 3283/3283/3283
f 3287/3287/3287 3286/3286/3286 3288/3288/3288
f 3289/3289/3289 3287/3287/3287 3288/3288/3288
f 3290/3290/3290 3289/3289/3289 3288/3288/3288
f 3286/3286/3286 3290/3290/3290 3288/3288/3288
f 3292/3292/3292 3291/3291/3291 3293/3293/3293
f 3294/3294/3294 3292/3292/3292 3293/3293/3293
f 3295/3295/3295 3294/3294/3294 3293/3293/3293
f 3291/3291/3291 3295/3295/3295 3293/3293/3293
f 3297/3297/3297 3296/3296/3296 3298/3298/3298
f 3299/3299/3299 3297/3297/3297 3298/3298/3298
f 3300/3300/3300 3299/3299/3299 3298/3298/3298
f 3296/3296/3296 3300/3300/3300 3298/3298/3298
f 3302/3302/3302 3301/3301/3301 3303/3303/3303
f 3304/3304/3304 3302/3302/3302 3303/3303/3303
f 3305/3305/3305 3304/3304/3304 3303/3303/3303
f 3301/3301/3301 3305/3305/3305 3303/3303/3303
f 3307/3307/3307 3306/3306/3306 3308/3308/3308
f 3309/3309/3309 3307/3307/3307 3308/3308/3308
f 3310/3310/3310 3309/3309/3309 3308/3308/3308
f 3306/3306/3306 3310/3310/3310 3308/3308/3308
f 3312/3312/3312 3311/3311/3311 3313/3313/3313
f 3314/3314/3314 3312/3312/3312 3313/3313/3313
f 3315/3315/3315 3314/3314/3314 3313/3313/3313
f 3311/3311/3311 3315/3315/3315 3313/3313/3313
f 3317/3317/3317 3316/3316/3316 3318/3318/3318
f 3319/3319/3319 3317/3317/3317 3318/3318/3318
f 3320/3320/3320 3319/3319/3319 3318/3318/3318
f 3316/3316/3316 3320/3320/3320 3318/3318/3318
f 3322/3322/3322 3321/3321/3321 3323/3323/3323
f 3324/3324/3324 3322/3322/3322 3323/3323/3323
f 3325/3325/3325 3324/3324/3324 3323/3323/3323
f 3321/3321/3321 3325/3325/3325 3323/3323/3323
f 3327/3327/3327 3326/3326/3326 3328/3328/3328
f 3329/3329/3329 3327/3327/3327 3328/3328/3328
f 3330/3330/3330 3329/3329/3329 3328/3328/3328
f 3326/3326/3326 3330/3330/3330 3328/3328/3328
f 3332/3332/3332 3331/3331/3331 3333/3333/3333
f 3334/3334/3334 3332/3332/3332 3333/3333/3333
f 3335/3335/3335 3334/3334/3334 3333/3333/3333
f 3331/3331/3331 3335/3335/3335 3333/3333/3333
f 3337/3337/3337 3336/3336/3336 3338/3338/3338
f 3339/3339/3339 3337/3337/3337 3338/3338/3338
f 3340/3340/3340 3339/3339/3339 3338/3338/3338
f 3336/3336/3336 3340/3340/3340 3338/3338/3338
f 3342/3342/3342 3341/3341/3341 3343/3343/3343
f 3344/3344/3344 3342/3342/3342 3343/3343/3343
f 3345/3345/3345 3344/3344/3344 3343/3343/3343
f 3341/3341/3341 3345/3345/3345 3343/3343/3343
f 3347/3347/3347 3346/3346/3346 3348/3348/3348
f 3349/3349/3349 3347/3347/3347 3348/3348/3348
f 3350/3350/3350 3349/3349/3349 3348/3348/3348
f 3346/3346/3346 3350/3350/3350 3348/3348/3348
f 3352/3352/3352 3351/3351/3351 3353/3353/3353
f 3354/3354/3354 3352/3352/3352 3353/3353/3353
f 3355/3355/3355 3354/3354/3354 3353/3353/3353
f 3351/3351/3351 3355/3355/3355 3353/3353/3353
f 3357/3357/3357 3356/3356/3356 3358/3358/3358
f 3359/3359/3359 3357/3357/3357 3358/3358/3358
f 3360/3360/3360 3359/3359/3359 3358/3358/3358
f 3356/3356/3356 3360/3360/3360 3358/3358/3358
f 3362/3362/3362 3361/3361/3361 3363/3363/3363
f 3364/3364/3364 3362/3362/3362 3363/3363/3363
f 3365/3365/3365 3364/3364/3364 3363/3363/3363
f 3361/3361/3361 3365/3365/3365 3363/3363/3363
f 3367/3367/3367 3366/3366/3366 3368/3368/3368
f 3369/3369/3369 3367/3367/3367 3368/3368/3368
f 3370/3370/3370 3369/3369/3369 3368/3368/3368
f 3366/3366/3366 3370/3370/3370 3368/3368/3368
f 3372/3372/3372 3371/3371/3371 3373/3373/3373
f 3374/3374/3374 3372/3372/3372 3373/3373/3373
f 3375/3375/3375 3374/3374/3374 3373/3373/3373
f 3371/3371/3371 3375/3375/3375 3373/3373/3373
f 3377/3377/3377 3376/3376/3376 3378/3378/3378
f 3379/3379/3379 3377/3377/3377 3378/3378/3378
f 3380/3380/3380 3379/3379/3379 3378/3378/3378
f 3376/3376/3376 3380/3380/3380 3378/3378/3378
f 3382/3382/3382 3381/3381/3381 3383/3383/3383
f 3384/3384/3384 3382/3382/3382 3383/3383/3383
f 3385/3385/3385 3384/3384/3384 3383/3383/3383
f 3381/3381/3381 3385/3385/3385 3383/3383/3383
f 3387/3387/3387 3386/3386/3386 3388/3388/3388
f 3389/3389/3389 3387/3387/3387 3388/3388/3388
f 3390/3390/3390 3389/3389/3389 3388/3388/3388
f 3386/3386/3386 3390/3390/3390 3388/3388/3388
f 3392/3392/3392 3391/3391/3391 3393/3393/3393
f 3394/3394/3394 3392/3392/3392 3393/3393/3393
f 3395/3395/3395 3394/3394/3394 3393/3393/3393
f 3391/3391/3391 3395/3395/3395 3393/3393/3393
f 3397/3397/3397 3396/3396/3396 3398/3398/3398
f 3399/3399/3399 3397/3397/3397 3398/3398/3398
f 3400/3400/3400 3399/3399/3399 3398/3398/3398
f 3396/3396/3396 3400/3400/3400 3398/3398/3398
f 3402/3402/3402 3401/3401/3401 3403/3403/3403
f 3404/3404/3404 3402/3402/3402 3403/3403/3403
f 3405/3405/3405 3404/3404/3404 3403/3403/3403
f 3401/3401/3401 3405/3405/3405 3403/3403/3403
f 3407/3407/3407 3406/3406/3406 3408/3408/3408
f 3409/3409/3409 3407/3407/3407 3408/3408/3408
f 3410/3410/3410 3409/3409/3409 3408/3408/3408
f 3406/3406/3406 3410/3410/3410 3408/3408/3408
f 3412/3412/3412 3411/3411/3411 3413/3413/3413
f 3414/3414/3414 3412/3412/3412 3413/3413/3413
f 3415/3415/3415 3414/3414/3414 3413/3413/3413
f 3411/3411/3411 3415/3415/3415 3413/3413/3413
f 3417/3417/3417 3416/3416/3416 3418/3418/3418
f 3419/3419/3419 3417/3417/3417 3418/3418/3418
f 3420/3420/3420 3419/3419/3419 3418/3418/3418
f 3416/3416/3416 3420/3420/3420 3418/3418/3418
f 3422/3422/3422 3421/3421/3421 3423/3423/3423
f 3424/3424/3424 3422/3422/3422 3423/3423/3423
f 3425/3425/3425 3424/3424/3424 3423/3423/3423
f 3421/3421/3421 3425/3425/3425 3423/3423/3423
f 3427/3427/3427 3426/3426/3426 3428/3428/3428
f 3429/3429/3429 3427/3427/3427 3428/3428/3428
f 3430/3430/3430 3429/3429/3429 3428/3428/3428
f 3426/3426/3426 3430/3430/3430 3428/3428/3428
f 3432/3432/3432 3431/3431/3431 3433/3433/3433
f 3434/3434/3434 3432/3432/3432 3433/3433/3433
f 3435/3435/3435 3434/3434/3434 3433/3433/3433
f 3431/3431/3431 3435/3435/3435 3433/3433/3433
f 3437/3437/3437 3436/3436/3436 3438/3438/3438
f 3439/3439/3439 3437/3437/3437 3438/3438/3438
f 3440/3440/3440 3439/3439/3439 3438/3438/3438
f 3436/3436/3436 3440/3440/3440 3438/3438/3438
f 3442/3442/3442 3441/3441/3441 3443/3443/3443
f 3444/3444/3444 3442/3442/3442 3443/3443/3443
f 3445/3445/3445 3444/3444/3444 3443/3443/3443
f 3441/3441/3441 3445/3445/3445 3443/3443/3443
f 3447/3447/3447 3446/3446/3446 3448/3448/3448
f 3449/3449/3449 3447/3447/3447 3448/3448/3448
f 3450/3450/3450 3449/3449/3449 3448/3448/3448
f 3446/3446/3446 3450/3450/3450 3448/3448/3448
f 3452/3452/3452 3451/3451/3451 3453/3453/3453
f 3454/3454/3454 3452/3452/3452 3453/3453/3453
f 3455/3455/3455 3454/3454/3454 3453/3453/3453
f 3451/3451/3451 3455/3455/3455 3453/3453/3453
f 3457/3457/3457 3456/3456/3456 3458/3458/3458
f 3459/3459/3459 3457/3457/3457 3458/3458/3458
f 3460/3460/3460 3459/3459/3459 3458/3458/3458
f 3456/3456/3456 3460/3460/3460 3458/3458/3458
f 3462/3462/3462 3461/3461/3461 3463/3463/3463
f 3464/3464/3464 3462/3462/3462 3463/3463/3463
f 3465/3465/3465 3464/3464/3464 3463/3463/3463
f 3461/3461/3461 3465/3465/3465 3463/3463/3463
f 3467/3467/3467 3466/3466/3466 3468/3468/3468
f 3469/3469/3469 3467/3467/3467 3468/3468/3468
f 3470/3470/3470 3469/3469/3469 3468/3468/3468
f 3466/3466/3466 3470/3470/3470 3468/3468/3468
f 3472/3472/3472 3471/3471/3471 3473/3473/3473
f 3474/3474/3474 3472/3472/3472 3473/3473/3473
f 3475/3475/3475 3474/3474/3474 3473/3473/3473
f 3471/3471/3471 3475/3475/3475 3473/3473/3473
f 3477/3477/3477 3476/3476/3476 3478/3478/3478
f 3479/3479/3479 3477/3477/3477 3478/3478/3478
f 3480/3480/3480 3479/3479/3479 3478/3478/3478
f 3476/3476/3476 3480/3480/3480 3478/3478/3478
f 3482/3482/3482 3481/3481/3481 3483/3483/3483
f 3484/3484/3484 3482/3482/3482 3483/3483/3483
f 3485/3485/3485 3484/3484/3484 3483/3483/3483
f 3481/3481/3481 3485/3485/3485 3483/3483/3483
f 3487/3487/3487 3486/3486/3486 3488/3488/3488
f 3489/3489/3489 3487/3487/3487 3488/3488/3488
f 3490/3490/3490 3489/3489/3489 3488/3488/3488
f 3486/3486/3486 3490/3490/3490 3488/3488/3488
f 3492/3492/3492 3491/3491/3491 3493/3493/3493
f 3494/3494/3494 3492/3492/3492 3493/3493/3493
f 3495/3495/3495 3494/3494/3494 3493/3493/3493
f 3491/3491/3491 3495/3495/3495 3493/3493/3493
f 3497/3497/3497 3496/3496/3496 3498/3498/3498
f 3499/3499/3499 3497/3497/3497 3498/3498/3498
f 3500/3500/3500 3499/3499/3499 3498/3498/3498
f 3496/3496/3496 3500/3500/3500 3498/3498/3498
f 3502/3502/3502 3501/3501/3501 3503/3503/3503
f 3504/3504/3504 3502/3502/3502 3503/3503/3503
f 3505/3505/3505 3504/3504/3504 3503/3503/3503
f 3501/3501/3501 3505/3505/3505 3503/3503/3503
f 3507/3507/3507 3506/3506/3506 3508/3508/3508
f 3509/3509/3509 3507/3507/3507 3508/3508/3508
f 3510/3510/3510 3509/3509/3509 3508/3508/3508
f 3506/3506/3506 3510/3510/3510 3508/3508/3508
f 3512/3512/3512 3511/3511/3511 3513/3513/3513
f 3514/3514/3514 3512/3512/3512 3513/3513/3513
f 3515/3515/3515 3514/3514/3514 3513/3513/3513
f 3511/3511/3511 3515/3515/3515 3513/3513/3513
f 3517/3517/3517 3516/3516/3516 3518/3518/3518
f 3519/3519/3519 3517/3517/3517 3518/3518/3518
f 3520/3520/3520 3519/3519/3519 3518/3518/3518
f 3516/3516/3516 3520/3520/3520 3518/3518/3518
f 3522/3522/3522 3521/3521/3521 3523/3523/3523
f 3524/3524/3524 3522/3522/3522 3523/3523/3523
f 3525/3525/3525 3524/3524/3524 3523/3523/3523
f 3521/3521/3521 3525/3525/3525 3523/3523/3523
f 3527/3527/3527 3526/3526/3526 3528/3528/3528
f 3529/3529/3529 3527/3527/3527 3528/3528/3528
f 3530/3530/3530 3529/3529/3529 3528/3528/3528
f 3526/3526/3526 3530/3530/3530 3528/3528/3528
f 3532/3532/3532 3531/3531/3531 3533/3533/3533
f 3534/3534/3534 3532/3532/3532 3533/3533/3533
f 3535/3535/3535 3534/3534/3534 3533/3533/3533
f 3531/3531/3531 3535/3535/3535 3533/3533/3533
f 3537/3537/3537 3536/3536/3536 3538/3538/3538
f 3539/3539/3539 3537/3537/3537 3538/3538/3538
f 3540/3540/3540 3539/3539/3539 3538/3538/3538
f 3536/3536/3536 3540/3540/3540 3538/3538/3538
f 3542/3542/3542 3541/3541/3541 3543/3543/3543
f 3544/3544/3544 3542/3542/3542 3543/3543/3543
f 3545/3545/3545 3544/3544/3544 3543/3543/3543
f 3541/3541/3541 3545/3545/3545 3543/3543/3543
f 3547/3547/3547 3546/3546/3546 3548/3548/3548
f 3549/3549/3549 3547/3547/3547 3548/3548/3548
f 3550/3550/3550 3549/3549/3549 3548/3548/3548
f 3546/3546/3546 3550/3550/3550 3548/3548/3548
f 3552/3552/3552 3551/3551/3551 3553/3553/3553
f 3554/3554/3554 3552/3552/3552 3553/3553/3553
f 3555/3555/3555 3554/3554/3554 3553/3553/3553
f 3551/3551/3551 3555/3555/3555 3553/3553/3553
f 3557/3557/3557 3556/3556/3556 3558/3558/3558
f 3559/3559/3559 3557/3557/3557 3558/3558/3558
f 3560/3560/3560 3559/3559/3559 3558/3558/3558
f 3556/3556/3556 3560/3560/3560 3558/3558/3558
f 3562/3562/3562 3561/3561/3561 3563/3563/3563
f 3564/3564/3564 3562/3562/3562 3563/3563/3563
f 3565/3565/3565 3564/3564/3564 3563/3563/3563
f 3561/3561/3561 3565/3565/3565 3563/3563/3563
f 3567/3567/3567 3566/3566/3566 3568/3568/3568
f 3569/3569/3569 3567/3567/3567 3568/3568/3568
f 3570/3570/3570 3569/3569/3569 3568/3568/3568
f 3566/3566/3566 3570/3570/3570 3568/3568/3568
f 3572/3572/3572 3571/3571/3571 3573/3573/3573
f 3574/3574/3574 3572/3572/3572 3573/3573/3573
f 3575/3575/3575 3574/3574/3574 3573/3573/3573
f 3571/3571/3571 3575/3575/3575 3573/3573/3573
f 3577/3577/3577 3576/3576/3576 3578/3578/3578
f 3579/3579/3579 3577/3577/3577 3578/3578/3578
f 3580/3580/3580 3579/3579/3579 3578/3578/3578
f 3576/3576/3576 3580/3580/3580 3578/3578/3578
f 3582/3582/3582 3581/3581/3581 3583/3583/3583
f 3584/3584/3584 3582/3582/3582 3583/3583/3583
f 3585/3585/3585 3584/3584/3584 3583/3583/3583
f 3581/3581/3581 3585/3585/3585 3583/3583/3583
f 3587/3587/3587 3586/3586/3586 3588/3588/3588
f 3589/3589/3589 3587/3587/3587 3588/3588/3588
f 3590/3590/3590 3589/3589/3589 3588/3588/3588
f 3586/3586/3586 3590/3590/3590 3588/3588/3588
f 3592/3592/3592 3591/3591/3591 3593/3593/3593
f 3594/3594/3594 3592/3592/3592 3593/3593/3593
f 3595/3595/3595 3594/3594/3594 3593/3593/3593
f 3591/3591/3591 3595/3595/3595 3593/3593/3593
f 3597/3597/3597 3596/3596/3596 3598/3598/3598
f 3599/3599/3599 3597/3597/3597 3598/3598/3598
f 3600/3600/3600 3599/3599/3599 3598/3598/3598
f 3596/3596/3596 3600/3600/3600 3598/3598/3598
f 3602/3602/3602 3601/3601/3601 3603/3603/3603
f 3604/3604/3604 3602/3602/3602 3603/3603/3603
f 3605/3605/3605 3604/3604/3604 3603/3603/3603
f 3601/3601/3601 3605/3605/3605 3603/3603/3603
f 3607/3607/3607 3606/3606/3606 3608/3608/3608
f 3609/3609/3609 3607/3607/3607 3608/3608/3608
f 3610/3610/3610 3609/3609/3609 3608/3608/3608
f 3606/3606/3606 3610/3610/3610 3608/3608/3608
f 3612/3612/3612 3611/3611/3611 3613/3613/3613
f 3614/3614/3614 3612/3612/3612 3613/3613/3613
f 3615/3615/3615 3614/3614/3614 3613/3613/3613
f 3611/3611/3611 3615/3615/3615 3613/3613/3613
f 3617/3617/3617 3616/3616/3616 3618/3618/3618
f 3619/3619/3619 3617/3617/3617 3618/3618/3618
f 3620/3620/3620 3619/3619/3619 3618/3618/3618
f 3616/3616/3616 3620/3620/3620 3618/3618/3618
f 3622/3622/3622 3621/3621/3621 3623/3623/3623
f 3624/3624/3624 3622/3622/3622 3623/3623/3623
f 3625/3625/3625 3624/3624/3624 3623/3623/3623
f 3621/3621/3621 3625/3625/3625 3623/3623/3623
f 3627/3627/3627 3626/3626/3626 3628/3628/3628
f 3629/3629/3629 3627/3627/3627 3628/3628/3628
f 3630/3630/3630 3629/3629/3629 3628/3628/3628
f 3626/3626/3626 3630/3630/3630 3628/3628/3628
f 3632/3632/3632 3631/3631/3631 3633/3633/3633
f 3634/3634/3634 3632/3632/3632 3633/3633/3633
f 3635/3635/3635 3634/3634/3634 3633/3633/3633
f 3631/3631/3631 3635/3635/3635 3633/3633/3633
f 3637/3637/3637 3636/3636/3636 3638/3638/3638
f 3639/3639/3639 3637/3637/3637 3638/3638/3638
f 3640/3640/3640 3639/3639/3639 3638/3638/3638
f 3636/3636/3636 3640/3640/3640 3638/3638/3638
f 3642/3642/3642 3641/3641/3641 3643/3643/3643
f 3644/3644/3644 3642/3642/3642 3643/3643/3643
f 3645/3645/3645 3644/3644/3644 3643/3643/3643
f 3641/3641/3641 3645/3645/3645 3643/3643/3643
f 3647/3647/3647 3646/3646/3646 3648/3648/3648
f 3649/3649/3649 3647/3647/3647 3648/3648/3648
f 3650/3650/3650 3649/3649/3649 3648/3648/3648
f 3646/3646/3646 3650/3650/3650 3648/3648/3648
f 3652/3652/3652 3651/3651/3651 3653/3653/3653
f 3654/3654/3654 3652/3652/3652 3653/3653/3653
f 3655/3655/3655 3654/3654/3654 3653/3653/3653
f 3651/3651/3651 3655/3655/3655 3653/3653/3653
f 3657/3657/3657 3656/3656/3656 3658/3658/3658
f 3659/3659/3659 3657/3657/3657 3658/3658/3658
f 3660/3660/3660 3659/3659/3659 3658/3658/3658
f 3656/3656/3656 3660/3660/3660 3658/3658/3658
f 3662/3662/3662 3661/3661/3661 3663/3663/3663
f 3664/3664/3664 3662/3662/3662 3663/3663/3663
f 3665/3665/3665 3664/3664/3664 3663/3663/3663
f 3661/3661/3661 3665/3665/3665 3663/3663/3663
f 3667/3667/3667 3666/3666/3666 3668/3668/3668
f 3669/3669/3669 3667/3667/3667 3668/3668/3668
f 3670/3670/3670 3669/3669/3669 3668/3668/3668
f 3666/3666/3666 3670/3670/3670 3668/3668/3668
f 3672/3672/3672 3671/3671/3671 3673/3673/3673
f 3674/3674/3674 3672/3672/3672 3673/3673/3673
f 3675/3675/3675 3674/3674/3674 3673/3673/3673
f 3671/3671/3671 3675/3675/3675 3673/3673/3673
f 3677/3677/3677 3676/3676/3676 3678/3678/3678
f 3679/3679/3679 3677/3677/3677 3678/3678/3678
f 3680/3680/3680 3679/3679/3679 3678/3678/3678
f 3676/3676/3676 3680/3680/3680 3678/3678/3678
f 3682/3682/3682 3681/3681/3681 3683/3683/3683
f 3684/3684/3684 3682/3682/3682 3683/3683/3683
f 3685/3685/3685 3684/3684/3684 3683/3683/3683
f 3681/3681/3681 3685/3685/3685 3683/3683/3683
f 3687/3687/3687 3686/3686/3686 3688/3688/3688
f 3689/3689/3689 3687/3687/3687 3688/3688/3688
f 3690/3690/3690 3689/3689/3689 3688/3688/3688
f 3686/3686/3686 3690/3690/3690 3688/3688/3688
f 3692/3692/3692 3691/3691/3691 3693/3693/3693
f 3694/3694/3694 3692/3692/3692 3693/3693/3693
f 3695/3695/3695 3694/3694/3694 3693/3693/3693
f 3691/3691/3691 3695/3695/3695 3693/3693/3693
f 3697/3697/3697 3696/3696/3696 3698/3698/3698
f 3699/3699/3699 3697/3697/3697 3698/3698/3698
f 3700/3700/3700 3699/3699/3699 3698/3698/3698
f 3696/3696/3696 3700/3700/3700 3698/3698/3698
f 3702/3702/3702 3701/3701/3701 3703/3703/3703
f 3704/3704/3704 3702/3702/3702 3703/3703/3703
f 3705/3705/3705 3704/3704/3704 3703/3703/3703
f 3701/3701/3701 3705/3705/3705 3703/3703/3703
f 3707/3707/3707 3706/3706/3706 3708/3708/3708
f 3709/3709/3709 3707/3707/3707 3708/3708/3708
f 3710/3710/3710 3709/3709/3709 3708/3708/3708
f 3706/3706/3706 3710/3710/3710 3708/3708/3708
f 3712/3712/3712 3711/3711/3711 3713/3713/3713
f 3714/3714/3714 3712/3712/3712 3713/3713/3713
f 3715/3715/3715 3714/3714/3714 3713/3713/3713
f 3711/3711/3711 3715/3715/3715 3713/3713/3713
f 3717/3717/3717 3716/3716/3716 3718/3718/3718
f 3719/3719/3719 3717/3717/3717 3718/3718/3718
f 3720/3720/3720 3719/3719/3719 3718/3718/3718
f 3716/3716/3716 3720/3720/3720 3718/3718/3718
f 3722/3722/3722 3721/3721/3721 3723/3723/3723
f 3724/3724/3724 3722/3722/3722 3723/3723/3723
f 3725/3725/3725 3724/3724/3724 3723/3723/3723
f 3721/3721/3721 3725/3725/3725 3723/3723/3723
f 3727/3727/3727 3726/3726/3726 3728/3728/3728
f 3729/3729/3729 3727/3727/3727 3728/3728/3728
f 3730/3730/3730 3729/3729/3729 3728/3728/3728
f 3726/3726/3726 3730/3730/3730 3728/3728/3728
f 3732/3732/3732 3731/3731/3731 3733/3733/3733
f 3734/3734/3734 3732/3732/3732 3733/3733/3733
f 3735/3735/3735 3734/3734/3734 3733/3733/3733
f 3731/3731/3731 3735/3735/3735 3733/3733/3733
f 3737/3737/3737 3736/3736/3736 3738/3738/3738
f 3739/3739/3739 3737/3737/3737 3738/3738/3738
f 3740/3740/3740 3739/3739/3739 3738/3738/3738
f 3736/3736/3736 3740/3740/3740 3738/3738/3738
f 3742/3742/3742 3741/3741/3741 3743/3743/3743
f 3744/3744/3744 3742/3742/3742 3743/3743/3743
f 3745/3745/3745 3744/3744/3744 3743/3743/3743
f 3741/3741/3741 3745/3745/3745 3743/3743/3743
f 3747/3747/3747 3746/3746/3746 3748/3748/3748
f 3749/3749/3749 3747/3747/3747 3748/3748/3748
f 3750/3750/3750 3749/3749/3749 3748/3748/3748
f 3746/3746/3746 3750/3750/3750 3748/3748/3748
f 3752/3752/3752 3751/3751/3751 3753/3753/3753
f 3754/3754/3754 3752/3752/3752 3753/3753/3753
f 3755/3755/3755 3754/3754/3754 3753/3753/3753
f 3751/3751/3751 3755/3755/3755 3753/3753/3753
f 3757/3757/3757 3756/3756/3756 3758/3758/3758
f 3759/3759/3759 3757/3757/3757 3758/3758/3758
f 3760/3760/3760 3759/3759/3759 3758/3758/3758
f 3756/3756/3756 3760/3760/3760 3758/3758/3758
f 3762/3762/3762 3761/3761/3761 3763/3763/3763
f 3764/3764/3764 3762/3762/3762 3763/3763/3763
f 3765/3765/3765 3764/3764/3764 3763/3763/3763
f 3761/3761/3761 3765/3765/3765 3763/3763/3763
f 3767/3767/3767 3766/3766/3766 3768/3768/3768
f 3769/3769/3769 3767/3767/3767 3768/3768/3768
f 3770/3770/3770 3769/3769/3769 3768/3768/3768
f 3766/3766/3766 3770/3770/3770 3768/3768/3768
f 3772/3772/3772 3771/3771/3771 3773/3773/3773
f 3774/3774/3774 3772/3772/3772 3773/3773/3773
f 3775/3775/3775 3774/3774/3774 3773/3773/3773
f 3771/3771/3771 3775/3775/3775 3773/3773/3773
f 3777/3777/3777 3776/3776/3776 3778/3778/3778
f 3779/3779/3779 3777/3777/3777 3778/3778/3778
f 3780/3780/3780 3779/3779/3779 3778/3778/3778
f 3776/3776/3776 3780/3780/3780 3778/3778/3778
f 3782/3782/3782 3781/3781/3781 3783/3783/3783
f 3784/3784/3784 3782/3782/3782 3783/3783/3783
f 3785/3785/3785 3784/3784/3784 3783/3783/3783
f 3781/3781/3781 3785/3785/3785 3783/3783/3783
f 3787/3787/3787 3786/3786/3786 3788/3788/3788
f 3789/3789/3789 3787/3787/3787 3788/3788/3788
f 3790/3790/3790 3789/3789/3789 3788/3788/3788
f 3786/3786/3786 3790/3790/3790 3788/3788/3788
f 3792/3792/3792 3791/3791/3791 3793/3793/3793
f 3794/3794/3794 3792/3792/3792 3793/3793/3793
f 3795/3795/3795 3794/3794/3794 3793/3793/3793
f 3791/3791/3791 3795/3795/3795 3793/3793/3793
f 3797/3797/3797 3796/3796/3796 3798/3798/3798
f 3799/3799/3799 3797/3797/3797 3798/3798/3798
f 3800/3800/3800 3799/3799/3799 3798/3798/3798
f 3796/3796/3796 3800/3800/3800 3798/3798/3798
f 3802/3802/3802 3801/3801/3801 3803/3803/3803
f 3804/3804/3804 3802/3802/3802 3803/3803/3803
f 3805/3805/3805 3804/3804/3804 3803/3803/3803
f 3801/3801/3801 3805/3805/3805 3803/3803/3803
f 3807/3807/3807 3806/3806/3806 3808/3808/3808
f 3809/3809/3809 3807/3807/3807 3808/3808/3808
f 3810/3810/3810 3809/3809/3809 3808/3808/3808
f 3806/3806/3806 3810/3810/3810 3808/3808/3808
f 3812/3812/3812 3811/3811/3811 3813/3813/3813
f 3814/3814/3814 3812/3812/3812 3813/3813/3813
f 3815/3815/3815 3814/3814/3814 3813/3813/3813
f 3811/3811/3811 3815/3815/3815 3813/3813/3813
f 3817/3817/3817 3816/3816/3816 3818/3818/3818
f 3819/3819/3819 3817/3817/3817 3818/3818/3818
f 3820/3820/3820 3819/3819/3819 3818/3818/3818
f 3816/3816/3816 3820/3820/3820 3818/3818/3818
f 3822/3822/3822 3821/3821/3821 3823/3823/3823
f 3824/3824/3824 3822/3822/3822 3823/3823/3823
f 3825/3825/3825 3824/3824/3824 3823/3823/3823
f 3821/3821/3821 3825/3825/3825 3823/3823/3823
f 3827/3827/3827 3826/3826/3826 3828/3828/3828
f 3829/3829/3829 3827/3827/3827 3828/3828/3828
f 3830/3830/3830 3829/3829/3829 3828/3828/3828
f 3826/3826/3826 3830/3830/3830 3828/3828/3828
f 3832/3832/3832 3831/3831/3831 3833/3833/3833
f 3834/3834/3834 3832/3832/3832 3833/3833/3833
f 3835/3835/3835 3834/3834/3834 3833/3833/3833
f 3831/3831/3831 3835/3835/3835 3833/3833/3833
f 3837/3837/3837 3836/3836/3836 3838/3838/3838
f 3839/3839/3839 3837/3837/3837 3838/3838/3838
f 3840/3840/3840 3839/3839/3839 3838/3838/3838
f 3836/3836/3836 3840/3840/3840 3838/3838/3838
f 3842/3842/3842 3841/3841/3841 3843/3843/3843
f 3844/3844/3844 3842/3842/3842 3843/3843/3843
f 3845/3845/3845 3844/3844/3844 3843/3843/3843
f 3841/3841/3841 3845/3845/3845 3843/3843/3843
f 3847/3847/3847 3846/3846/3846 3848/3848/3848
f 3849/3849/3849 3847/3847/3847 3848/3848/3848
f 3850/3850/3850 3849/3849/3849 3848/3848/3848
f 3846/3846/3846 3850/3850/3850 3848/3848/3848
f 3852/3852/3852 3851/3851/3851 3853/3853/3853
f 3854/3854/3854 3852/3852/3852 3853/3853/3853
f 3855/3855/3855 3854/3854/3854 3853/3853/3853
f 3851/3851/3851 3855/3855/3855 3853/3853/3853
f 3857/3857/3857 3856/3856/3856 3858/3858/3858
f 3859/3859/3859 3857/3857/3857 3858/3858/3858
f 3860/3860/3860 3859/3859/3859 3858/3858/3858
f 3856/3856/3856 3860/3860/3860 3858/3858/3858
f 3862/3862/3862 3861/3861/3861 3863/3863/3863
f 3864/3864/3864 3862/3862/3862 3863/3863/3863
f 3865/3865/3865 3864/3864/3864 3863/3863/3863
f 3861/3861/3861 3865/3865/3865 3863/3863/3863
f 3867/3867/3867 3866/3866/3866 3868/3868/3868
f 3869/3869/3869 3867/3867/3867 3868/3868/3868
f 3870/3870/3870 3869/3869/3869 3868/3868/3868
f 3866/3866/3866 3870/3870/3870 3868/3868/3868
f 3872/3872/3872 3871/3871/3871 3873/3873/3873
f 3874/3874/3874 3872/3872/3872 3873/3873/3873
f 3875/3875/3875 3874/3874/3874 3873/3873/3873
f 3871/3871/3871 3875/3875/3875 3873/3873/3873
f 3877/3877/3877 3876/3876/3876 3878/3878/3878
f 3879/3879/3879 3877/3877/3877 3878/3878/3878
f 3880/3880/3880 3879/3879/3879 3878/3878/3878
f 3876/3876/3876 3880/3880/3880 3878/3878/3878
f 3882/3882/3882 3881/3881/3881 3883/3883/3883
f 3884/3884/3884 3882/3882/3882 3883/3883/3883
f 3885/3885/3885 3884/3884/3884 3883/3883/3883
f 3881/3881/3881 3885/3885/3885 3883/3883/3883
f 3887/3887/3887 3886/3886/3886 3888/3888/3888
f 3889/3889/3889 3887/3887/3887 3888/3888/3888
f 3890/3890/3890 3889/3889/3889 3888/3888/3888
f 3886/3886/3886 3890/3890/3890 3888/3888/3888
f 3892/3892/3892 3891/3891/3891 3893/3893/3893
f 3894/3894/3894 3892/3892/3892 3893/3893/3893
f 3895/3895/3895 3894/3894/3894 3893/3893/3893
f 3891/3891/3891 3895/3895/3895 3893/3893/3893
f 3897/3897/3897 3896/3896/3896 3898/3898/3898
f 3899/3899/3899 3897/3897/3897 3898/3898/3898
f 3900/3900/3900 3899/3899/3899 3898/3898/3898
f 3896/3896/3896 3900/3900/3900 3898/3898/3898
f 3902/3902/3902 3901/3901/3901 3903/3903/3903
f 3904/3904/3904 3902/3902/3902 3903/3903/3903
f 3905/3905/3905 3904/3904/3904 3903/3903/3903
f 3901/3901/3901 3905/3905/3905 3903/3903/3903
f 3907/3907/3907 3906/3906/3906 3908/3908/3908
f 3909/3909/3909 3907/3907/3907 3908/3908/3908
f 3910/3910/3910 3909/3909/3909 3908/3908/3908
f 3906/3906/3906 3910/3910/3910 3908/3908/3908
f 3912/3912/3912 3911/3911/3911 3913/3913/3913
f 3914/3914/3914 3912/3912/3912 3913/3913/3913
f 3915/3915/3915 3914/3914/3914 3913/3913/3913
f 3911/3911/3911 3915/3915/3915 3913/3913/3913
f 3917/3917/3917 3916/3916/3916 3918/3918/3918
f 3919/3919/3919 3917/3917/3917 3918/3918/3918
f 3920/3920/3920 3919/3919/3919 3918/3918/3918
f 3916/3916/3916 3920/3920/3920 3918/3918/3918
f 3922/3922/3922 3921/3921/3921 3923/3923/3923
f 3924/3924/3924 3922/3922/3922 3923/3923/3923
f 3925/3925/3925 3924/3924/3924 3923/3923/3923
f 3921/3921/3921 3925/3925/3925 3923/3923/3923
f 3927/3927/3927 3926/3926/3926 3928/3928/3928
f 3929/3929/3929 3927/3927/3927 3928/3928/3928
f 3930/3930/3930 3929/3929/3929 3928/3928/3928
f 3926/3926/3926 3930/3930/3930 3928/3928/3928
f 3932/3932/3932 3931/3931/3931 3933/3933/3933
f 3934/3934/3934 3932/3932/3932 3933/3933/3933
f 3935/3935/3935 3934/3934/3934 3933/3933/3933
f 3931/3931/3931 3935/3935/3935 3933/3933/3933
f 3937/3937/3937 3936/3936/3936 3938/3938/3938
f 3939/3939/3939 3937/3937/3937 3938/3938/3938
f 3940/3940/3940 3939/3939/3939 3938/3938/3938
f 3936/3936/3936 3940/3940/3940 3938/3938/3938
f 3942/3942/3942 3941/3941/3941 3943/3943/3943
f 3944/3944/3944 3942/3942/3942 3943/3943/3943
f 3945/3945/3945 3944/3944/3944 3943/3943/3943
f 3941/3941/3941 3945/3945/3945 3943/3943/3943
f 3947/3947/3947 3946/3946/3946 3948/3948/3948
f 3949/3949/3949 3947/3947/3947 3948/3948/3948
f 3950/3950/3950 3949/3949/3949 3948/3948/3948
f 3946/3946/3946 3950/3950/3950 3948/3948/3948
f 3952/3952/3952 3951/3951/3951 3953/3953/3953
f 3954/3954/3954 3952/3952/3952 3953/3953/3953
f 3955/3955/3955 3954/3954/3954 3953/3953/3953
f 3951/3951/3951 3955/3955/3955 3953/3953/3953
f 3957/3957/3957 3956/3956/3956 3958/3958/3958
f 3959/3959/3959 3957/3957/3957 3958/3958/3958
f 3960/3960/3960 3959/3959/3959 3958/3958/3958
f 3956/3956/3956 3960/3960/3960 3958/3958/3958
f 3962/3962/3962 3961/3961/3961 3963/3963/3963
f 3964/3964/3964 3962/3962/3962 3963/3963/3963
f 3965/3965/3965 3964/3964/3964 3963/3963/3963
f 3961/3961/3961 3965/3965/3965 3963/3963/3963
f 3967/3967/3967 3966/3966/3966 3968/3968/3968
f 3969/3969/3969 3967/3967/3967 3968/3968/3968
f 3970/3970/3970 3969/3969/3969 3968/3968/3968
f 3966/3966/3966 3970/3970/3970 3968/3968/3968
f 3972/3972/3972 3971/3971/3971 3973/3973/3973
f 3974/3974/3974 3972/3972/3972 3973/3973/3973
f 3975/3975/3975 3974/3974/3974 3973/3973/3973
f 3971/3971/3971 3975/3975/3975 3973/3973/3973
f 3977/3977/3977 3976/3976/3976 3978/3978/3978
f 3979/3979/3979 3977/3977/3977 3978/3978/3978
f 3980/3980/3980 3979/3979/3979 3978/3978/3978
f 3976/3976/3976 3980/3980/3980 3978/3978/3978
f 3982/3982/3982 3981/3981/3981 3983/3983/3983
f 3984/3984/3984 3982/3982/3982 3983/3983/3983
f 3985/3985/3985 3984/3984/3984 3983/3983/3983
f 3981/3981/3981 3985/3985/3985 3983/3983/3983
f 3987/3987/3987 3986/3986/3986 3988/3988/3988
f 3989/3989/3989 3987/3987/3987 3988/3988/3988
f 3990/3990/3990 3989/3989/3989 3988/3988/3988
f 3986/3986/3986 3990/3990/3990 3988/3988/3988
f 3992/3992/3992 3991/3991/3991 3993/3993/3993
f 3994/3994/3994 3992/3992/3992 3993/3993/3993
f 3995/3995/3995 3994/3994/3994 3993/3993/3993
f 3991/3991/3991 3995/3995/3995 3993/3993/3993
f 3997/3997/3997 3996/3996/3996 3998/3998/3998
f 3999/3999/3999 3997/3997/3997 3998/3998/3998
f 4000/4000/4000 3999/3999/3999 3998/3998/3998
f 3996/3996/3996 4000/4000/4000 3998/3998/3998
f 4002/4002/4002 4001/4001/4001 4003/4003/4003
f 4004/4004/4004 4002/4002/4002 4003/4003/4003
f 4005/4005/4005 4004/4004/4004 4003/4003/4003
f 4001/4001/4001 4005/4005/4005 4003/4003/4003
f 4007/4007/4007 4006/4006/4006 4008/4008/4008
f 4009/4009/4009 4007/4007/4007 4008/4008/4008
f 4010/4010/4010 4009/4009/4009 4008/4008/4008
f 4006/4006/4006 4010/4010/4010 4008/4008/4008
f 4012/4012/4012 4011/4011/4011 4013/4013/4013
f 4014/4014/4014 4012/4012/4012 4013/4013/4013
f 4015/4015/4015 4014/4014/4014 4013/4013/4013
f 4011/4011/4011 4015/4015/4015 4013/4013/4013
f 4017/4017/4017 4016/4016/4016 4018/4018/4018
f 4019/4019/4019 4017/4017/4017 4018/4018/4018
f 4020/4020/4020 4019/4019/4019 4018/4018/4018
f 4016/4016/4016 4020/4020/4020 4018/4018/4018
f 4022/4022/4022 4021/4021/4021 4023/4023/4023
f 4024/4024/4024 4022/4022/4022 4023/4023/4023
f 4025/4025/4025 4024/4024/4024 4023/4023/4023
f 4021/4021/4021 4025/4025/4025 4023/4023/4023
f 4027/4027/4027 4026/4026/4026 4028/4028/4028
f 4029/4029/4029 4027/4027/4027 4028/4028/4028
f 4030/4030/4030 4029/4029/4029 4028/4028/4028
f 4026/4026/4026 4030/4030/4030 4028/4028/4028
f 4032/4032/4032 4031/4031/4031 4033/4033/4033
f 4034/4034/4034 4032/4032/4032 4033/4033/4033
f 4035/4035/4035 4034/4034/4034 4033/4033/4033
f 4031/4031/4031 4035/4035/4035 4033/4033/4033
f 4037/4037/4037 4036/4036/4036 4038/4038/4038
f 4039/4039/4039 4037/4037/4037 4038/4038/4038
f 4040/4040/4040 4039/4039/4039 4038/4038/4038
f 4036/4036/4036 4040/4040/4040 4038/4038/4038
f 4042/4042/4042 4041/4041/4041 4043/4043/4043
f 4044/4044/4044 4042/4042/4042 4043/4043/4043
f 4045/4045/4045 4044/4044/4044 4043/4043/4043
f 4041/4041/4041 4045/4045/4045 4043/4043/4043
f 4047/4047/4047 4046/4046/4046 4048/4048/4048
f 4049/4049/4049 4047/4047/4047 4048/4048/4048
f 4050/4050/4050 4049/4049/4049 4048/4048/4048
f 4046/4046/4046 4050/4050/4050 4048/4048/4048
f 4052/4052/4052 4051/4051/4051 4053/4053/4053
f 4054/4054/4054 4052/4052/4052 4053/4053/4053
f 4055/4055/4055 4054/4054/4054 4053/4053/4053
f 4051/4051/4051 4055/4055/4055 4053/4053/4053
f 4057/4057/4057 4056/4056/4056 4058/4058/4058
f 4059/4059/4059 4057/4057/4057 4058/4058/4058
f 4060/4060/4060 4059/4059/4059 4058/4058/4058
f 4056/4056/4056 4060/4060/4060 4058/4058/4058
f 4062/4062/4062 4061/4061/4061 4063/4063/4063
f 4064/4064/4064 4062/4062/4062 4063/4063/4063
f 4065/4065/4065 4064/4064/4064 4063/4063/4063
f 4061/4061/4061 4065/4065/4065 4063/4063/4063
f 4067/4067/4067 4066/4066/4066 4068/4068/4068
f 4069/4069/4069 4067/4067/4067 4068/4068/4068
f 4070/4070/4070 4069/4069/4069 4068/4068/4068
f 4066/4066/4066 4070/4070/4070 4068/4068/4068
f 4072/4072/4072 4071/4071/4071 4073/4073/4073
f 4074/4074/4074 4072/4072/4072 4073/4073/4073
f 4075/4075/4075 4074/4074/4074 4073/4073/4073
f 4071/4071/4071 4075/4075/4075 4073/4073/4073
f 4077/4077/4077 4076/4076/4076 4078/4078/4078
f 4079/4079/4079 4077/4077/4077 4078/4078/4078
f 4080/4080/4080 4079/4079/4079 4078/4078/4078
f 4076/4076/4076 4080/4080/4080 4078/4078/4078
f 4082/4082/4082 4081/4081/4081 4083/4083/4083
f 4084/4084/4084 4082/4082/4082 4083/4083/4083
f 4085/4085/4085 4084/4084/4084 4083/4083/4083
f 4081/4081/4081 4085/4085/4085 4083/4083/4083
f 4087/4087/4087 4086/4086/4086 4088/4088/4088
f 4089/4089/4089 4087/4087/4087 4088/4088/4088
f 4090/4090/4090 4089/4089/4089 4088/4088/4088
f 4086/4086/4086 4090/4090/4090 4088/4088/4088
f 4092/4092/4092 4091/4091/4091 4093/4093/4093
f 4094/4094/4094 4092/4092/4092 4093/4093/4093
f 4095/4095/4095 4094/4094/4094 4093/4093/4093
f 4091/4091/4091 4095/4095/4095 4093/4093/4093
f 4097/4097/4097 4096/4096/4096 4098/4098/4098
f 4099/4099/4099 4097/4097/4097 4098/4098/4098
f 4100/4100/4100 4099/4099/4099 4098/4098/4098
f 4096/4096/4096 4100/4100/4100 4098/4098/4098
f 4102/4102/4102 4101/4101/4101 4103/4103/4103
f 4104/4104/4104 4102/4102/4102 4103/4103/4103
f 4105/4105/4105 4104/4104/4104 4103/4103/4103
f 4101/4101/4101 4105/4105/4105 4103/4103/4103
f 4107/4107/4107 4106/4106/4106 4108/4108/4108
f 4109/4109/4109 4107/4107/4107 4108/4108/4108
f 4110/4110/4110 4109/4109/4109 4108/4108/4108
f 4106/4106/4106 4110/4110/4110 4108/4108/4108
f 4112/4112/4112 4111/4111/4111 4113/4113/4113
f 4114/4114/4114 4112/4112/4112 4113/4113/4113
f 4115/4115/4115 4114/4114/4114 4113/4113/4113
f 4111/4111/4111 4115/4115/4115 4113/4113/4113
f 4117/4117/4117 4116/4116/4116 4118/4118/4118
f 4119/4119/4119 4117/4117/4117 4118/4118/4118
f 4120/4120/4120 4119/4119/4119 4118/4118/4118
f 4116/4116/4116 4120/4120/4120 4118/4118/4118
f 4122/4122/4122 4121/4121/4121 4123/4123/4123
f 4124/4124/4124 4122/4122/4122 4123/4123/4123
f 4125/4125/4125 4124/4124/4124 4123/4123/4123
f 4121/4121/4121 4125/4125/4125 4123/4123/4123
f 4127/4127/4127 4126/4126/4126 4128/4128/4128
f 4129/4129/4129 4127/4127/4127 4128/4128/4128
f 4130/4130/4130 4129/4129/4129 4128/4128/4128
f 4126/4126/4126 4130/4130/4130 4128/4128/4128
f 4132/4132/4132 4131/4131/4131 4133/4133/4133
f 4134/4134/4134 4132/4132/4132 4133/4133/4133
f 4135/4135/4135 4134/4134/4134 4133/4133/4133
f 4131/4131/4131 4135/4135/4135 4133/4133/4133
f 4137/4137/4137 4136/4136/4136 4138/4138/4138
f 4139/4139/4139 4137/4137/4137 4138/4138/4138
f 4140/4140/4140 4139/4139/4139 4138/4138/4138
f 4136/4136/4136 4140/4140/4140 4138/4138/4138
f 4142/4142/4142 4141/4141/4141 4143/4143/4143
f 4144/4144/4144 4142/4142/4142 4143/4143/4143
f 4145/4145/4145 4144/4144/4144 4143/4143/4143
f 4141/4141/4141 4145/4145/4145 4143/4143/4143
f 4147/4147/4147 4146/4146/4146 4148/4148/4148
f 4149/4149/4149 4147/4147/4147 4148/4148/4148
f 4150/4150/4150 4149/4149/4149 4148/4148/4148
f 4146/4146/4146 4150/4150/4150 4148/4148/4148
f 4152/4152/4152 4151/4151/4151 4153/4153/4153
f 4154/4154/4154 4152/4152/4152 4153/4153/4153
f 4155/4155/4155 4154/4154/4154 4153/4153/4153
f 4151/4151/4151 4155/4155/4155 4153/4153/4153
f 4157/4157/4157 4156/4156/4156 4158/4158/4158
f 4159/4159/4159 4157/4157/4157 4158/4158/4158
f 4160/4160/4160 4159/4159/4159 4158/4158/4158
f 4156/4156/4156 4160/4160/4160 4158/4158/4158
f 4162/4162/4162 4161/4161/4161 4163/4163/4163
f 4164/4164/4164 4162/4162/4162 4163/4163/4163
f 4165/4165/4165 4164/4164/4164 4163/4163/4163
f 4161/4161/4161 4165/4165/4165 4163/4163/4163
f 4167/4167/4167 4166/4166/4166 4168/4168/4168
f 4169/4169/4169 4167/4167/4167 4168/4168/4168
f 4170/4170/4170 4169/4169/4169 4168/4168/4168
f 4166/4166/4166 4170/4170/4170 4168/4168/4168
f 4172/4172/4172 4171/4171/4171 4173/4173/4173
f 4174/4174/4174 4172/4172/4172 4173/4173/4173
f 4175/4175/4175 4174/4174/4174 4173/4173/4173
f 4171/4171/4171 4175/4175/4175 4173/4173/4173
f 4177/4177/4177 4176/4176/4176 4178/4178/4178
f 4179/4179/4179 4177/4177/4177 4178/4178/4178
f 4180/4180/4180 4179/4179/4179 4178/4178/4178
f 4176/4176/4176 4180/4180/4180 4178/4178/4178
f 4182/4182/4182 4181/4181/4181 4183/4183/4183
f 4184/4184/4184 4182/4182/4182 4183/4183/4183
f 4185/4185/4185 4184/4184/4184 4183/4183/4183
f 4181/4181/4181 4185/4185/4185 4183/4183/4183
f 4187/4187/4187 4186/4186/4186 4188/4188/4188
f 4189/4189/4189 4187/4187/4187 4188/4188/4188
f 4190/4190/4190 4189/4189/4189 4188/4188/4188
f 4186/4186/4186 4190/4190/4190 4188/4188/4188
f 4192/4192/4192 4191/4191/4191 4193/4193/4193
f 4194/4194/4194 4192/4192/4192 4193/4193/4193
f 4195/4195/4195 4194/4194/4194 4193/4193/4193
f 4191/4191/4191 4195/4195/4195 4193/4193/4193
f 4197/4197/4197 4196/4196/4196 4198/4198/4198
f 4199/4199/4199 4197/4197/4197 4198/4198/4198
f 4200/4200/4200 4199/4199/4199 4198/4198/4198
f 4196/4196/4196 4200/4200/4200 4198/4198/4198
f 4202/4202/4202 4201/4201/4201 4203/4203/4203
f 4204/4204/4204 4202/4202/4202 4203/4203/4203
f 4205/4205/4205 4204/4204/4204 4203/4203/4203
f 4201/4201/4201 4205/4205/4205 4203/4203/4203
f 4207/4207/4207 4206/4206/4206 4208/4208/4208
f 4209/4209/4209 4207/4207/4207 4208/4208/4208
f 4210/4210/4210 4209/4209/4209 4208/4208/4208
f 4206/4206/4206 4210/4210/4210 4208/4208/4208
f 4212/4212/4212 4211/4211/4211 4213/4213/4213
f 4214/4214/4214 4212/4212/4212 4213/4213/4213
f 4215/4215/4215 4214/4214/4214 4213/4213/4213
f 4211/4211/4211 4215/4215/4215 4213/4213/4213
f 4217/4217/4217 4216/4216/4216 4218/4218/4218
f 4219/4219/4219 4217/4217/4217 4218/4218/4218
f 4220/4220/4220 4219/4219/4219 4218/4218/4218
f 4216/4216/4216 4220/4220/4220 4218/4218/4218
f 4222/4222/4222 4221/4221/4221 4223/4223/4223
f 4224/4224/4224 4222/4222/4222 4223/4223/4223
f 4225/4225/4225 4224/4224/4224 4223/4223/4223
f 4221/4221/4221 4225/4225/4225 4223/4223/4223
f 4227/4227/4227 4226/4226/4226 4228/4228/4228
f 4229/4229/4229 4227/4227/4227 4228/4228/4228
f 4230/4230/4230 4229/4229/4229 4228/4228/4228
f 4226/4226/4226 4230/4230/4230 4228/4228/4228
f 4232/4232/4232 4231/4231/4231 4233/4233/4233
f 4234/4234/4234 4232/4232/4232 4233/4233/4233
f 4235/4235/4235 4234/4234/4234 4233/4233/4233
f 4231/4231/4231 4235/4235/4235 4233/4233/4233
f 4237/4237/4237 4236/4236/4236 4238/4238/4238
f 4239/4239/4239 4237/4237/4237 4238/4238/4238
f 4240/4240/4240 4239/4239/4239 4238/4238/4238
f 4236/4236/4236 4240/4240/4240 4238/4238/4238
f 4242/4242/4242 4241/4241/4241 4243/4243/4243
f 4244/4244/4244 4242/4242/4242 4243/4243/4243
f 4245/4245/4245 4244/4244/4244 4243/4243/4243
f 4241/4241/4241 4245/4245/4245 4243/4243/4243
f 4247/4247/4247 4246/4246/4246 4248/4248/4248
f 4249/4249/4249 4247/4247/4247 4248/4248/4248
f 4250/4250/4250 4249/4249/4249 4248/4248/4248
f 4246/4246/4246 4250/4250/4250 4248/4248/4248
f 4252/4252/4252 4251/4251/4251 4253/4253/4253
f 4254/4254/4254 4252/4252/4252 4253/4253/4253
f 4255/4255/4255 4254/4254/4254 4253/4253/4253
f 4251/4251/4251 4255/4255/4255 4253/4253/4253
f 4257/4257/4257 4256/4256/4256 4258/4258/4258
f 4259/4259/4259 4257/4257/4257 4258/4258/4258
f 4260/4260/4260 4259/4259/4259 4258/4258/4258
f 4256/4256/4256 4260/4260/4260 4258/4258/4258
f 4262/4262/4262 4261/4261/4261 4263/4263/4263
f 4264/4264/4264 4262/4262/4262 4263/4263/4263
f 4265/4265/4265 4264/4264/4264 4263/4263/4263
f 4261/4261/4261 4265/4265/4265 4263/4263/4263
f 4267/4267/4267 4266/4266/4266 4268/4268/4268
f 4269/4269/4269 4267/4267/4267 4268/4268/4268
f 4270/4270/4270 4269/4269/4269 4268/4268/4268
f 4266/4266/4266 4270/4270/4270 4268/4268/4268
f 4272/4272/4272 4271/4271/4271 4273/4273/4273
f 4274/4274/4274 4272/4272/4272 4273/4273/4273
f 4275/4275/4275 4274/4274/4274 4273/4273/4273
f 4271/4271/4271 4275/4275/4275 4273/4273/4273
f 4277/4277/4277 4276/4276/4276 4278/4278/4278
f 4279/4279/4279 4277/4277/4277 4278/4278/4278
f 4280/4280/4280 4279/4279/4279 4278/4278/4278
f 4276/4276/4276 4280/4280/4280 4278/4278/4278
f 4282/4282/4282 4281/4281/4281 4283/4283/4283
f 4284/4284/4284 4282/4282/4282 4283/4283/4283
f 4285/4285/4285 4284/4284/4284 4283/4283/4283
f 4281/4281/4281 4285/4285/4285 4283/4283/4283
f 4287/4287/4287 4286/4286/4286 4288/4288/4288
f 4289/4289/4289 4287/4287/4287 4288/4288/4288
f 4290/4290/4290 4289/4289/4289 4288/4288/4288
f 4286/4286/4286 4290/4290/4290 4288/4288/4288
f 4292/4292/4292 4291/4291/4291 4293/4293/4293
f 4294/4294/4294 4292/4292/4292 4293/4293/4293
f 4295/4295/4295 4294/4294/4294 4293/4293/4293
f 4291/4291/4291 4295/4295/4295 4293/4293/4293
f 4297/4297/4297 4296/4296/4296 4298/4298/4298
f 4299/4299/4299 4297/4297/4297 4298/4298/4298
f 4300/4300/4300 4299/4299/4299 4298/4298/4298
f 4296/4296/4296 4300/4300/4300 4298/4298/4298
f 4302/4302/4302 4301/4301/4301 4303/4303/4303
f 4304/4304/4304 4302/4302/4302 4303/4303/4303
f 4305/4305/4305 4304/4304/4304 4303/4303/4303
f 4301/4301/4301 4305/4305/4305 4303/4303/4303
f 4307/4307/4307 4306/4306/4306 4308/4308/4308
f 4309/4309/4309 4307/4307/4307 4308/4308/4308
f 4310/4310/4310 4309/4309/4309 4308/4308/4308
f 4306/4306/4306 4310/4310/4310 4308/4308/4308
f 4312/4312/4312 4311/4311/4311 4313/4313/4313
f 4314/4314/4314 4312/4312/4312 4313/4313/4313
f 4315/4315/4315 4314/4314/4314 4313/4313/4313
f 4311/4311/4311 4315/4315/4315 4313/4313/4313
f 4317/4317/4317 4316/4316/4316 4318/4318/4318
f 4319/4319/4319 4317/4317/4317 4318/4318/4318
f 4320/4320/4320 4319/4319/4319 4318/4318/4318
f 4316/4316/4316 4320/4320/4320 4318/4318/4318
f 4322/4322/4322 4321/4321/4321 4323/4323/4323
f 4324/4324/4324 4322/4322/4322 4323/4323/4323
f 4325/4325/4325 4324/4324/4324 4323/4323/4323
f 4321/4321/4321 4325/4325/4325 4323/4323/4323
f 4327/4327/4327 4326/4326/4326 4328/4328/4328
f 4329/4329/4329 4327/4327/4327 4328/4328/4328
f 4330/4330/4330 4329/4329/4329 4328/4328/4328
f 4326/4326/4326 4330/4330/4330 4328/4328/4328
f 4332/4332/4332 4331/4331/4331 4333/4333/4333
f 4334/4334/4334 4332/4332/4332 4333/4333/4333
f 4335/4335/4335 4334/4334/4334 4333/4333/4333
f 4331/4331/4331 4335/4335/4335 4333/4333/4333
f 4337/4337/4337 4336/4336/4336 4338/4338/4338
f 4339/4339/4339 4337/4337/4337 4338/4338/4338
f 4340/4340/4340 4339/4339/4339 4338/4338/4338
f 4336/4336/4336 4340/4340/4340 4338/4338/4338
f 4342/4342/4342 4341/4341/4341 4343/4343/4343
f 4344/4344/4344 4342/4342/4342 4343/4343/4343
f 4345/4345/4345 4344/4344/4344 4343/4343/4343
f 4341/4341/4341 4345/4345/4345 4343/4343/4343
f 4347/4347/4347 4346/4346/4346 4348/4348/4348
f 4349/4349/4349 4347/4347/4347 4348/4348/4348
f 4350/4350/4350 4349/4349/4349 4348/4348/4348
f 4346/4346/4346 4350/4350/4350 4348/4348/4348
f 4352/4352/4352 4351/4351/4351 4353/4353/4353
f 4354/4354/4354 4352/4352/4352 4353/4353/4353
f 4355/4355/4355 4354/4354/4354 4353/4353/4353
f 4351/4351/4351 4355/4355/4355 4353/4353/4353
f 4357/4357/4357 4356/4356/4356 4358/4358/4358
f 4359/4359/4359 4357/4357/4357 4358/4358/4358
f 4360/4360/4360 4359/4359/4359 4358/4358/4358
f 4356/4356/4356 4360/4360/4360 4358/4358/4358
f 4362/4362/4362 4361/4361/4361 4363/4363/4363
f 4364/4364/4364 4362/4362/4362 4363/4363/4363
f 4365/4365/4365 4364/4364/4364 4363/4363/4363
f 4361/4361/4361 4365/4365/4365 4363/4363/4363
f 4367/4367/4367 4366/4366/4366 4368/4368/4368
f 4369/4369/4369 4367/4367/4367 4368/4368/4368
f 4370/4370/4370 4369/4369/4369 4368/4368/4368
f 4366/4366/4366 4370/4370/4370 4368/4368/4368
f 4372/4372/4372 4371/4371/4371 4373/4373/4373
f 4374/4374/4374 4372/4372/4372 4373/4373/4373
f 4375/4375/4375 4374/4374/4374 4373/4373/4373
f 4371/4371/4371 4375/4375/4375 4373/4373/4373
f 4377/4377/4377 4376/4376/4376 4378/4378/4378
f 4379/4379/4379 4377/4377/4377 4378/4378/4378
f 4380/4380/4380 4379/4379/4379 4378/4378/4378
f 4376/4376/4376 4380/4380/4380 4378/4378/4378
f 4382/4382/4382 4381/4381/4381 4383/4383/4383
f 4384/4384/4384 4382/4382/4382 4383/4383/4383
f 4385/4385/4385 4384/4384/4384 4383/4383/4383
f 4381/4381/4381 4385/4385/4385 4383/4383/4383
f 4387/4387/4387 4386/4386/4386 4388/4388/4388
f 4389/4389/4389 4387/4387/4387 4388/4388/4388
f 4390/4390/4390 4389/4389/4389 4388/4388/4388
f 4386/4386/4386 4390/4390/4390 4388/4388/4388
f 4392/4392/4392 4391/4391/4391 4393/4393/4393
f 4394/4394/4394 4392/4392/4392 4393/4393/4393
f 4395/4395/4395 4394/4394/4394 4393/4393/4393
f 4391/4391/4391 4395/4395/4395 4393/4393/4393
f 4397/4397/4397 4396/4396/4396 4398/4398/4398
f 4399/4399/4399 4397/4397/4397 4398/4398/4398
f 4400/4400/4400 4399/4399/4399 4398/4398/4398
f 4396/4396/4396 4400/4400/4400 4398/4398/4398
f 4402/4402/4402 4401/4401/4401 4403/4403/4403
f 4404/4404/4404 4402/4402/4402 4403/4403/4403
f 4405/4405/4405 4404/4404/4404 4403/4403/4403
f 4401/4401/4401 4405/4405/4405 4403/4403/4403
f 4407/4407/4407 4406/4406/4406 4408/4408/4408
f 4409/4409/4409 4407/4407/4407 4408/4408/4408
f 4410/4410/4410 4409/4409/4409 4408/4408/4408
f 4406/4406/4406 4410/4410/4410 4408/4408/4408
f 4412/4412/4412 4411/4411/4411 4413/4413/4413
f 4414/4414/4414 4412/4412/4412 4413/4413/4413
f 4415/4415/4415 4414/4414/4414 4413/4413/4413
f 4411/4411/4411 4415/4415/4415 4413/4413/4413
f 4417/4417/4417 4416/4416/4416 4418/4418/4418
f 4419/4419/4419 4417/4417/4417 4418/4418/4418
f 4420/4420/4420 4419/4419/4419 4418/4418/4418
f 4416/4416/4416 4420/4420/4420 4418/4418/4418
f 4422/4422/4422 4421/4421/4421 4423/4423/4423
f 4424/4424/4424 4422/4422/4422 4423/4423/4423
f 4425/4425/4425 4424/4424/4424 4423/4423/4423
f 4421/4421/4421 4425/4425/4425 4423/4423/4423
f 4427/4427/4427 4426/4426/4426 4428/4428/4428
f 4429/4429/4429 4427/4427/4427 4428/4428/4428
f 4430/4430/4430 4429/4429/4429 4428/4428/4428
f 4426/4426/4426 4430/4430/4430 4428/4428/4428
f 4432/4432/4432 4431/4431/4431 4433/4433/4433
f 4434/4434/4434 4432/4432/4432 4433/4433/4433
f 4435/4435/4435 4434/4434/4434 4433/4433/4433
f 4431/4431/4431 4435/4435/4435 4433/4433/4433
f 4437/4437/4437 4436/4436/4436 4438/4438/4438
f 4439/4439/4439 4437/4437/4437 4438/4438/4438
f 4440/4440/4440 4439/4439/4439 4438/4438/4438
f 4436/4436/4436 4440/4440/4440 4438/4438/4438
f 4442/4442/4442 4441/4441/4441 4443/4443/4443
f 4444/4444/4444 4442/4442/4442 4443/4443/4443
f 4445/4445/4445 4444/4444/4444 4443/4443/4443
f 4441/4441/4441 4445/4445/4445 4443/4443/4443
f 4447/4447/4447 4446/4446/4446 4448/4448/4448
f 4449/4449/4449 4447/4447/4447 4448/4448/4448
f 4450/4450/4450 4449/4449/4449 4448/4448/4448
f 4446/4446/4446 4450/4450/4450 4448/4448/4448
f 4452/4452/4452 4451/4451/4451 4453/4453/4453
f 4454/4454/4454 4452/4452/4452 4453/4453/4453
f 4455/4455/4455 4454/4454/4454 4453/4453/4453
f 4451/4451/4451 4455/4455/4455 4453/4453/4453
f 4457/4457/4457 4456/4456/4456 4458/4458/4458
f 4459/4459/4459 4457/4457/4457 4458/4458/4458
f 4460/4460/4460 4459/4459/4459 4458/4458/4458
f 4456/4456/4456 4460/4460/4460 4458/4458/4458
f 4462/4462/4462 4461/4461/4461 4463/4463/4463
f 4464/4464/4464 4462/4462/4462 4463/4463/4463
f 4465/4465/4465 4464/4464/4464 4463/4463/4463
f 4461/4461/4461 4465/4465/4465 4463/4463/4463
f 4467/4467/4467 4466/4466/4466 4468/4468/4468
f 4469/4469/4469 4467/4467/4467 4468/4468/4468
f 4470/4470/4470 4469/4469/4469 4468/4468/4468
f 4466/4466/4466 4470/4470/4470 4468/4468/4468
f 4472/4472/4472 4471/4471/4471 4473/4473/4473
f 4474/4474/4474 4472/4472/4472 4473/4473/4473
f 4475/4475/4475 4474/4474/4474 4473/4473/4473
f 4471/4471/4471 4475/4475/4475 4473/4473/4473
f 4477/4477/4477 4476/4476/4476 4478/4478/4478
f 4479/4479/4479 4477/4477/4477 4478/4478/4478
f 4480/4480/4480 4479/4479/4479 4478/4478/4478
f 4476/4476/4476 4480/4480/4480 4478/4478/4478
f 4482/4482/4482 4481/4481/4481 4483/4483/4483
f 4484/4484/4484 4482/4482/4482 4483/4483/4483
f 4485/4485/4485 4484/4484/4484 4483/4483/4483
f 4481/4481/4481 4485/4485/4485 4483/4483/4483
f 4487/4487/4487 4486/4486/4486 4488/4488/4488
f 4489/4489/4489 4487/4487/4487 4488/4488/4488
f 4490/4490/4490 4489/4489/4489 4488/4488/4488
f 4486/4486/4486 4490/4490/4490 4488/4488/4488
f 4492/4492/4492 4491/4491/4491 4493/4493/4493
f 4494/4494/4494 4492/4492/4492 4493/4493/4493
f 4495/4495/4495 4494/4494/4494 4493/4493/4493
f 4491/4491/4491 4495/4495/4495 4493/4493/4493
f 4497/4497/4497 4496/4496/4496 4498/4498/4498
f 4499/4499/4499 4497/4497/4497 4498/4498/4498
f 4500/4500/4500 4499/4499/4499 4498/4498/4498
f 4496/4496/4496 4500/4500/4500 4498/4498/4498
f 4502/4502/4502 4501/4501/4501 4503/4503/4503
f 4504/4504/4504 4502/4502/4502 4503/4503/4503
f 4505/4505/4505 4504/4504/4504 4503/4503/4503
f 4501/4501/4501 4505/4505/4505 4503/4503/4503
f 4507/4507/4507 4506/4506/4506 4508/4508/4508
f 4509/4509/4509 4507/4507/4507 4508/4508/4508
f 4510/4510/4510 4509/4509/4509 4508/4508/4508
f 4506/4506/4506 4510/4510/4510 4508/4508/4508
f 4512/4512/4512 4511/4511/4511 4513/4513/4513
f 4514/4514/4514 4512/4512/4512 4513/4513/4513
f 4515/4515/4515 4514/4514/4514 4513/4513/4513
f 4511/4511/4511 4515/4515/4515 4513/4513/4513
f 4517/4517/4517 4516/4516/4516 4518/4518/4518
f 4519/4519/4519 4517/4517/4517 4518/4518/4518
f 4520/4520/4520 4519/4519/4519 4518/4518/4518
f 4516/4516/4516 4520/4520/4520 4518/4518/4518
f 4522/4522/4522 4521/4521/4521 4523/4523/4523
f 4524/4524/4524 4522/4522/4522 4523/4523/4523
f 4525/4525/4525 4524/4524/4524 4523/4523/4523
f 4521/4521/4521 4525/4525/4525 4523/4523/4523
f 4527/4527/4527 4526/4526/4526 4528/4528/4528
f 4529/4529/4529 4527/4527/4527 4528/4528/4528
f 4530/4530/4530 4529/4529/4529 4528/4528/4528
f 4526/4526/4526 4530/4530/4530 4528/4528/4528
f 4532/4532/4532 4531/4531/4531 4533/4533/4533
f 4534/4534/4534 4532/4532/4532 4533/4533/4533
f 4535/4535/4535 4534/4534/4534 4533/4533/4533
f 4531/4531/4531 4535/4535/4535 4533/4533/4533
f 4537/4537/4537 4536/4536/4536 4538/4538/4538
f 4539/4539/4539 4537/4537/4537 4538/4538/4538
f 4540/4540/4540 4539/4539/4539 4538/4538/4538
f 4536/4536/4536 4540/4540/4540 4538/4538/4538
f 4542/4542/4542 4541/4541/4541 4543/4543/4543
f 4544/4544/4544 4542/4542/4542 4543/4543/4543
f 4545/4545/4545 4544/4544/4544 4543/4543/4543
f 4541/4541/4541 4545/4545/4545 4543/4543/4543
f 4547/4547/4547 4546/4546/4546 4548/4548/4548
f 4549/4549/4549 4547/4547/4547 4548/4548/4548
f 4550/4550/4550 4549/4549/4549 4548/4548/4548
f 4546/4546/4546 4550/4550/4550 4548/4548/4548
f 4552/4552/4552 4551/4551/4551 4553/4553/4553
f 4554/4554/4554 4552/4552/4552 4553/4553/4553
f 4555/4555/4555 4554/4554/4554 4553/4553/4553
f 4551/4551/4551 4555/4555/4555 4553/4553/4553
f 4557/4557/4557 4556/4556/4556 4558/4558/4558
f 4559/4559/4559 4557/4557/4557 4558/4558/4558
f 4560/4560/4560 4559/4559/4559 4558/4558/4558
f 4556/4556/4556 4560/4560/4560 4558/4558/4558
f 4562/4562/4562 4561/4561/4561 4563/4563/4563
f 4564/4564/4564 4562/4562/4562 4563/4563/4563
f 4565/4565/4565 4564/4564/4564 4563/4563/4563
f 4561/4561/4561 4565/4565/4565 4563/4563/4563
f 4567/4567/4567 4566/4566/4566 4568/4568/4568
f 4569/4569/4569 4567/4567/4567 4568/4568/4568
f 4570/4570/4570 4569/4569/4569 4568/4568/4568
f 4566/4566/4566 4570/4570/4570 4568/4568/4568
f 4572/4572/4572 4571/4571/4571 4573/4573/4573
f 4574/4574/4574 4572/4572/4572 4573/4573/4573
f 4575/4575/4575 4574/4574/4574 4573/4573/4573
f 4571/4571/4571 4575/4575/4575 4573/4573/4573
f 4577/4577/4577 4576/4576/4576 4578/4578/4578
f 4579/4579/4579 4577/4577/4577 4578/4578/4578
f 4580/4580/4580 4579/4579/4579 4578/4578/4578
f 4576/4576/4576 4580/4580/4580 4578/4578/4578
f 4582/4582/4582 4581/4581/4581 4583/4583/4583
f 4584/4584/4584 4582/4582/4582 4583/4583/4583
f 4585/4585/4585 4584/4584/4584 4583/4583/4583
f 4581/4581/4581 4585/4585/4585 4583/4583/4583
f 4587/4587/4587 4586/4586/4586 4588/4588/4588
f 4589/4589/4589 4587/4587/4587 4588/4588/4588
f 4590/4590/4590 4589/4589/4589 4588/4588/4588
f 4586/4586/4586 4590/4590/4590 4588/4588/4588
f 4592/4592/4592 4591/4591/4591 4593/4593/4593
f 4594/4594/4594 4592/4592/4592 4593/4593/4593
f 4595/4595/4595 4594/4594/4594 4593/4593/4593
f 4591/4591/4591 4595/4595/4595 4593/4593/4593
f 4597/4597/4597 4596/4596/4596 4598/4598/4598
f 4599/4599/4599 4597/4597/4597 4598/4598/4598
f 4600/4600/4600 4599/4599/4599 4598/4598/4598
f 4596/4596/4596 4600/4600/4600 4598/4598/4598
f 4602/4602/4602 4601/4601/4601 4603/4603/4603
f 4604/4604/4604 4602/4602/4602 4603/4603/4603
f 4605/4605/4605 4604/4604/4604 4603/4603/4603
f 4601/4601/4601 4605/4605/4605 4603/4603/4603
f 4607/4607/4607 4606/4606/4606 4608/4608/4608
f 4609/4609/4609 4607/4607/4607 4608/4608/4608
f 4610/4610/4610 4609/4609/4609 4608/4608/4608
f 4606/4606/4606 4610/4610/4610 4608/4608/4608
f 4612/4612/4612 4611/4611/4611 4613/4613/4613
f 4614/4614/4614 4612/4612/4612 4613/4613/4613
f 4615/4615/4615 4614/4614/4614 4613/4613/4613
f 4611/4611/4611 4615/4615/4615 4613/4613/4613
f 4617/4617/4617 4616/4616/4616 4618/4618/4618
f 4619/4619/4619 4617/4617/4617 4618/4618/4618
f 4620/4620/4620 4619/4619/4619 4618/4618/4618
f 4616/4616/4616 4620/4620/4620 4618/4618/4618
f 4622/4622/4622 4621/4621/4621 4623/4623/4623
f 4624/4624/4624 4622/4622/4622 4623/4623/4623
f 4625/4625/4625 4624/4624/4624 4623/4623/4623
f 4621/4621/4621 4625/4625/4625 4623/4623/4623
f 4627/4627/4627 4626/4626/4626 4628/4628/4628
f 4629/4629/4629 4627/4627/4627 4628/4628/4628
f 4630/4630/4630 4629/4629/4629 4628/4628/4628
f 4626/4626/4626 4630/4630/4630 4628/4628/4628
f 4632/4632/4632 4631/4631/4631 4633/4633/4633
f 4634/4634/4634 4632/4632/4632 4633/4633/4633
f 4635/4635/4635 4634/4634/4634 4633/4633/4633
f 4631/4631/4631 4635/4635/4635 4633/4633/4633
f 4637/4637/4637 4636/4636/4636 4638/4638/4638
f 4639/4639/4639 4637/4637/4637 4638/4638/4638
f 4640/4640/4640 4639/4639/4639 4638/4638/4638
f 4636/4636/4636 4640/4640/4640 4638/4638/4638
f 4642/4642/4642 4641/4641/4641 4643/4643/4643
f 4644/4644/4644 4642/4642/4642 4643/4643/4643
f 4645/4645/4645 4644/4644/4644 4643/4643/4643
f 4641/4641/4641 4645/4645/4645 4643/4643/4643
f 4647/4647/4647 4646/4646/4646 4648/4648/4648
f 4649/4649/4649 4647/4647/4647 4648/4648/4648
f 4650/4650/4650 4649/4649/4649 4648/4648/4648
f 4646/4646/4646 4650/4650/4650 4648/4648/4648
f 4652/4652/4652 4651/4651/4651 4653/4653/4653
f 4654/4654/4654 4652/4652/4652 4653/4653/4653
f 4655/4655/4655 4654/4654/4654 4653/4653/4653
f 4651/4651/4651 4655/4655/4655 4653/4653/4653
f 4657/4657/4657 4656/4656/4656 4658/4658/4658
f 4659/4659/4659 4657/4657/4657 4658/4658/4658
f 4660/4660/4660 4659/4659/4659 4658/4658/4658
f 4656/4656/4656 4660/4660/4660 4658/4658/4658
f 4662/4662/4662 4661/4661/4661 4663/4663/4663
f 4664/4664/4664 4662/4662/4662 4663/4663/4663
f 4665/4665/4665 4664/4664/4664 4663/4663/4663
f 4661/4661/4661 4665/4665/4665 4663/4663/4663
f 4667/4667/4667 4666/4666/4666 4668/4668/4668
f 4669/4669/4669 4667/4667/4667 4668/4668/4668
f 4670/4670/4670 4669/4669/4669 4668/4668/4668
f 4666/4666/4666 4670/4670/4670 4668/4668/4668
f 4672/4672/4672 4671/4671/4671 4673/4673/4673
f 4674/4674/4674 4672/4672/4672 4673/4673/4673
f 4675/4675/4675 4674/4674/4674 4673/4673/4673
f 4671/4671/4671 4675/4675/4675 4673/4673/4673
f 4677/4677/4677 4676/4676/4676 4678/4678/4678
f 4679/4679/4679 4677/4677/4677 4678/4678/4678
f 4680/4680/4680 4679/4679/4679 4678/4678/4678
f 4676/4676/4676 4680/4680/4680 4678/4678/4678
f 4682/4682/4682 4681/4681/4681 4683/4683/4683
f 4684/4684/4684 4682/4682/4682 4683/4683/4683
f 4685/4685/4685 4684/4684/4684 4683/4683/4683
f 4681/4681/4681 4685/4685/4685 4683/4683/4683
f 4687/4687/4687 4686/4686/4686 4688/4688/4688
f 4689/4689/4689 4687/4687/4687 4688/4688/4688
f 4690/4690/4690 4689/4689/4689 4688/4688/4688
f 4686/4686/4686 4690/4690/4690 4688/4688/4688
f 4692/4692/4692 4691/4691/4691 4693/4693/4693
f 4694/4694/4694 4692/4692/4692 4693/4693/4693
f 4695/4695/4695 4694/4694/4694 4693/4693/4693
f 4691/4691/4691 4695/4695/4695 4693/4693/4693
f 4697/4697/4697 4696/4696/4696 4698/4698/4698
f 4699/4699/4699 4697/4697/4697 4698/4698/4698
f 4700/4700/4700 4699/4699/4699 4698/4698/4698
f 4696/4696/4696 4700/4700/4700 4698/4698/4698
f 4702/4702/4702 4701/4701/4701 4703/4703/4703
f 4704/4704/4704 4702/4702/4702 4703/4703/4703
f 4705/4705/4705 4704/4704/4704 4703/4703/4703
f 4701/4701/4701 4705/4705/4705 4703/4703/4703
f 4707/4707/4707 4706/4706/4706 4708/4708/4708
f 4709/4709/4709 4707/4707/4707 4708/4708/4708
f 4710/4710/4710 4709/4709/4709 4708/4708/4708
f 4706/4706/4706 4710/4710/4710 4708/4708/4708
f 4712/4712/4712 4711/4711/4711 4713/4713/4713
f 4714/4714/4714 4712/4712/4712 4713/4713/4713
f 4715/4715/4715 4714/4714/4714 4713/4713/4713
f 4711/4711/4711 4715/4715/4715 4713/4713/4713
f 4717/4717/4717 4716/4716/4716 4718/4718/4718
f 4719/4719/4719 4717/4717/4717 4718/4718/4718
f 4720/4720/4720 4719/4719/4719 4718/4718/4718
f 4716/4716/4716 4720/4720/4720 4718/4718/4718
f 4722/4722/4722 4721/4721/4721 4723/4723/4723
f 4724/4724/4724 4722/4722/4722 4723/4723/4723
f 4725/4725/4725 4724/4724/4724 4723/4723/4723
f 4721/4721/4721 4725/4725/4725 4723/4723/4723
f 4727/4727/4727 4726/4726/4726 4728/4728/4728
f 4729/4729/4729 4727/4727/4727 4728/4728/4728
f 4730/4730/4730 4729/4729/4729 4728/4728/4728
f 4726/4726/4726 4730/4730/4730 4728/4728/4728
f 4732/4732/4732 4731/4731/4731 4733/4733/4733
f 4734/4734/4734 4732/4732/4732 4733/4733/4733
f 4735/4735/4735 4734/4734/4734 4733/4733/4733
f 4731/4731/4731 4735/4735/4735 4733/4733/4733
f 4737/4737/4737 4736/4736/4736 4738/4738/4738
f 4739/4739/4739 4737/4737/4737 4738/4738/4738
f 4740/4740/4740 4739/4739/4739 4738/4738/4738
f 4736/4736/4736 4740/4740/4740 4738/4738/4738
f 4742/4742/4742 4741/4741/4741 4743/4743/4743
f 4744/4744/4744 4742/4742/4742 4743/4743/4743
f 4745/4745/4745 4744/4744/4744 4743/4743/4743
f 4741/4741/4741 4745/4745/4745 4743/4743/4743
f 4747/4747/4747 4746/4746/4746 4748/4748/4748
f 4749/4749/4749 4747/4747/4747 4748/4748/4748
f 4750/4750/4750 4749/4749/4749 4748/4748/4748
f 4746/4746/4746 4750/4750/4750 4748/4748/4748
f 4752/4752/4752 4751/4751/4751 4753/4753/4753
f 4754/4754/4754 4752/4752/4752 4753/4753/4753
f 4755/4755/4755 4754/4754/4754 4753/4753/4753
f 4751/4751/4751 4755/4755/4755 4753/4753/4753
f 4757/4757/4757 4756/4756/4756 4758/4758/4758
f 4759/4759/4759 4757/4757/4757 4758/4758/4758
f 4760/4760/4760 4759/4759/4759 4758/4758/4758
f 4756/4756/4756 4760/4760/4760 4758/4758/4758
f 4762/4762/4762 4761/4761/4761 4763/4763/4763
f 4764/4764/4764 4762/4762/4762 4763/4763/4763
f 4765/4765/4765 4764/4764/4764 4763/4763/4763
f 4761/4761/4761 4765/4765/4765 4763/4763/4763
f 4767/4767/4767 4766/4766/4766 4768/4768/4768
f 4769/4769/4769 4767/4767/4767 4768/4768/4768
f 4770/4770/4770 4769/4769/4769 4768/4768/4768
f 4766/4766/4766 4770/4770/4770 4768/4768/4768
f 4772/4772/4772 4771/4771/4771 4773/4773/4773
f 4774/4774/4774 4772/4772/4772 4773/4773/4773
f 4775/4775/4775 4774/4774/4774 4773/4773/4773
f 4771/4771/4771 4775/4775/4775 4773/4773/4773
f 4777/4777/4777 4776/4776/4776 4778/4778/4778
f 4779/4779/4779 4777/4777/4777 4778/4778/4778
f 4780/4780/4780 4779/4779/4779 4778/4778/4778
f 4776/4776/4776 4780/4780/4780 4778/4778/4778
f 4782/4782/4782 4781/4781/4781 4783/4783/4783
f 4784/4784/4784 4782/4782/4782 4783/4783/4783
f 4785/4785/4785 4784/4784/4784 4783/4783/4783
f 4781/4781/4781 4785/4785/4785 4783/4783/4783
f 4787/4787/4787 4786/4786/4786 4788/4788/4788
f 4789/4789/4789 4787/4787/4787 4788/4788/4788
f 4790/4790/4790 4789/4789/4789 4788/4788/4788
f 4786/4786/4786 4790/4790/4790 4788/4788/4788
f 4792/4792/4792 4791/4791/4791 4793/4793/4793
f 4794/4794/4794 4792/4792/4792 4793/4793/4793
f 4795/4795/4795 4794/4794/4794 4793/4793/4793
f 4791/4791/4791 4795/4795/4795 4793/4793/4793
f 4797/4797/4797 4796/4796/4796 4798/4798/4798
f 4799/4799/4799 4797/4797/4797 4798/4798/4798
f 4800/4800/4800 4799/4799/4799 4798/4798/4798
f 4796/4796/4796 4800/4800/4800 4798/4798/4798
f 4802/4802/4802 4801/4801/4801 4803/4803/4803
f 4804/4804/4804 4802/4802/4802 4803/4803/4803
f 4805/4805/4805 4804/4804/4804 4803/4803/4803
f 4801/4801/4801 4805/4805/4805 4803/4803/4803
f 4807/4807/4807 4806/4806/4806 4808/4808/4808
f 4809/4809/4809 4807/4807/4807 4808/4808/4808
f 4810/4810/4810 4809/4809/4809 4808/4808/4808
f 4806/4806/4806 4810/4810/4810 4808/4808/4808
f 4812/4812/4812 4811/4811/4811 4813/4813/4813
f 4814/4814/4814 4812/4812/4812 4813/4813/4813
f 4815/4815/4815 4814/4814/4814 4813/4813/4813
f 4811/4811/4811 4815/4815/4815 4813/4813/4813
f 4817/4817/4817 4816/4816/4816 4818/4818/4818
f 4819/4819/4819 4817/4817/4817 4818/4818/4818
f 4820/4820/4820 4819/4819/4819 4818/4818/4818
f 4816/4816/4816 4820/4820/4820 4818/4818/4818
f 4822/4822/4822 4821/4821/4821 4823/4823/4823
f 4824/4824/4824 4822/4822/4822 4823/4823/4823
f 4825/4825/4825 4824/4824/4824 4823/4823/4823
f 4821/4821/4821 4825/4825/4825 4823/4823/4823
f 4827/4827/4827 4826/4826/4826 4828/4828/4828
f 4829/4829/4829 4827/4827/4827 4828/4828/4828
f 4830/4830/4830 4829/4829/4829 4828/4828/4828
f 4826/4826/4826 4830/4830/4830 4828/4828/4828
f 4832/4832/4832 4831/4831/4831 4833/4833/4833
f 4834/4834/4834 4832/4832/4832 4833/4833/4833
f 4835/4835/4835 4834/4834/4834 4833/4833/4833
f 4831/4831/4831 4835/4835/4835 4833/4833/4833
f 4837/4837/4837 4836/4836/4836 4838/4838/4838
f 4839/4839/4839 4837/4837/4837 4838/4838/4838
f 4840/4840/4840 4839/4839/4839 4838/4838/4838
f 4836/4836/4836 4840/4840/4840 4838/4838/4838
f 4842/4842/4842 4841/4841/4841 4843/4843/4843
f 4844/4844/4844 4842/4842/4842 4843/4843/4843
f 4845/4845/4845 4844/4844/4844 4843/4843/4843
f 4841/4841/4841 4845/4845/4845 4843/4843/4843
f 4847/4847/4847 4846/4846/4846 4848/4848/4848
f 4849/4849/4849 4847/4847/4847 4848/4848/4848
f 4850/4850/4850 4849/4849/4849 4848/4848/4848
f 4846/4846/4846 4850/4850/4850 4848/4848/4848
f 4852/4852/4852 4851/4851/4851 4853/4853/4853
f 4854/4854/4854 4852/4852/4852 4853/4853/4853
f 4855/4855/4855 4854/4854/4854 4853/4853/4853
f 4851/4851/4851 4855/4855/4855 4853/4853/4853
f 4857/4857/4857 4856/4856/4856 4858/4858/4858
f 4859/4859/4859 4857/4857/4857 4858/4858/4858
f 4860/4860/4860 4859/4859/4859 4858/4858/4858
f 4856/4856/4856 4860/4860/4860 4858/4858/4858
f 4862/4862/4862 4861/4861/4861 4863/4863/4863
f 4864/4864/4864 4862/4862/4862 4863/4863/4863
f 4865/4865/4865 4864/4864/4864 4863/4863/4863
f 4861/4861/4861 4865/4865/4865 4863/4863/4863
f 4867/4867/4867 4866/4866/4866 4868/4868/4868
f 4869/4869/4869 4867/4867/4867 4868/4868/4868
f 4870/4870/4870 4869/4869/4869 4868/4868/4868
f 4866/4866/4866 4870/4870/4870 4868/4868/4868
f 4872/4872/4872 4871/4871/4871 4873/4873/4873
f 4874/4874/4874 4872/4872/4872 4873/4873/4873
f 4875/4875/4875 4874/4874/4874 4873/4873/4873
f 4871/4871/4871 4875/4875/4875 4873/4873/4873
f 4877/4877/4877 4876/4876/4876 4878/4878/4878
f 4879/4879/4879 4877/4877/4877 4878/4878/4878
f 4880/4880/4880 4879/4879/4879 4878/4878/4878
f 4876/4876/4876 4880/4880/4880 4878/4878/4878
f 4882/4882/4882 4881/4881/4881 4883/4883/4883
f 4884/4884/4884 4882/4882/4882 4883/4883/4883
f 4885/4885/4885 4884/4884/4884 4883/4883/4883
f 4881/4881/4881 4885/4885/4885 4883/4883/4883
f 4887/4887/4887 4886/4886/4886 4888/4888/4888
f 4889/4889/4889 4887/4887/4887 4888/4888/4888
f 4890/4890/4890 4889/4889/4889 4888/4888/4888
f 4886/4886/4886 4890/4890/4890 4888/4888/4888
f 4892/4892/4892 4891/4891/4891 4893/4893/4893
f 4894/4894/4894 4892/4892/4892 4893/4893/4893
f 4895/4895/4895 4894/4894/4894 4893/4893/4893
f 4891/4891/4891 4895/4895/4895 4893/4893/4893
f 4897/4897/4897 4896/4896/4896 4898/4898/4898
f 4899/4899/4899 4897/4897/4897 4898/4898/4898
f 4900/4900/4900 4899/4899/4899 4898/4898/4898
f 4896/4896/4896 4900/4900/4900 4898/4898/4898
f 4902/4902/4902 4901/4901/4901 4903/4903/4903
f 4904/4904/4904 4902/4902/4902 4903/4903/4903
f 4905/4905/4905 4904/4904/4904 4903/4903/4903
f 4901/4901/4901 4905/4905/4905 4903/4903/4903
f 4907/4907/4907 4906/4906/4906 4908/4908/4908
f 4909/4909/4909 4907/4907/4907 4908/4908/4908
f 4910/4910/4910 4909/4909/4909 4908/4908/4908
f 4906/4906/4906 4910/4910/4910 4908/4908/4908
f 4912/4912/4912 4911/4911/4911 4913/4913/4913
f 4914/4914/4914 4912/4912/4912 4913/4913/4913
f 4915/4915/4915 4914/4914/4914 4913/4913/4913
f 4911/4911/4911 4915/4915/4915 4913/4913/4913
f 4917/4917/4917 4916/4916/4916 4918/4918/4918
f 4919/4919/4919 4917/4917/4917 4918/4918/4918
f 4920/4920/4920 4919/4919/4919 4918/4918/4918
f 4916/4916/4916 4920/4920/4920 4918/4918/4918
f 4922/4922/4922 4921/4921/4921 4923/4923/4923
f 4924/4924/4924 4922/4922/4922 4923/4923/4923
f 4925/4925/4925 4924/4924/4924 4923/4923/4923
f 4921/4921/4921 4925/4925/4925 4923/4923/4923
f 4927/4927/4927 4926/4926/4926 4928/4928/4928
f 4929/4929/4929 4927/4927/4927 4928/4928/4928
f 4930/4930/4930 4929/4929/4929 4928/4928/4928
f 4926/4926/4926 4930/4930/4930 4928/4928/4928
f 4932/4932/4932 4931/4931/4931 4933/4933/4933
f 4934/4934/4934 4932/4932/4932 4933/4933/4933
f 4935/4935/4935 4934/4934/4934 4933/4933/4933
f 4931/4931/4931 4935/4935/4935 4933/4933/4933
f 4937/4937/4937 4936/4936/4936 4938/4938/4938
f 4939/4939/4939 4937/4937/4937 4938/4938/4938
f 4940/4940/4940 4939/4939/4939 4938/4938/4938
f 4936/4936/4936 4940/4940/4940 4938/4938/4938
f 4942/4942/4942 4941/4941/4941 4943/4943/4943
f 4944/4944/4944 4942/4942/4942 4943/4943/4943
f 4945/4945/4945 4944/4944/4944 4943/4943/4943
f 4941/4941/4941 4945/4945/4945 4943/4943/4943
f 4947/4947/4947 4946/4946/4946 4948/4948/4948
f 4949/4949/4949 4947/4947/4947 4948/4948/4948
f 4950/4950/4950 4949/4949/4949 4948/4948/4948
f 4946/4946/4946 4950/4950/4950 4948/4948/4948
f 4952/4952/4952 4951/4951/4951 4953/4953/4953
f 4954/4954/4954 4952/4952/4952 4953/4953/4953
f 4955/4955/4955 4954/4954/4954 4953/4953/4953
f 4951/4951/4951 4955/4955/4955 4953/4953/4953
f 4957/4957/4957 4956/4956/4956 4958/4958/4958
f 4959/4959/4959 4957/4957/4957 4958/4958/4958
f 4960/4960/4960 4959/4959/4959 4958/4958/4958
f 4956/4956/4956 4960/4960/4960 4958/4958/4958
f 4962/4962/4962 4961/4961/4961 4963/4963/4963
f 4964/4964/4964 4962/4962/4962 4963/4963/4963
f 4965/4965/4965 4964/4964/4964 4963/4963/4963
f 4961/4961/4961 4965/4965/4965 4963/4963/4963
f 4967/4967/4967 4966/4966/4966 4968/4968/4968
f 4969/4969/4969 4967/4967/4967 4968/4968/4968
f 4970/4970/4970 4969/4969/4969 4968/4968/4968
f 4966/4966/4966 4970/4970/4970 4968/4968/4968
f 4972/4972/4972 4971/4971/4971 4973/4973/4973
f 4974/4974/4974 4972/4972/4972 4973/4973/4973
f 4975/4975/4975 4974/4974/4974 4973/4973/4973
f 4971/4971/4971 4975/4975/4975 4973/4973/4973
f 4977/4977/4977 4976/4976/4976 4978/4978/4978
f 4979/4979/4979 4977/4977/4977 4978/4978/4978
f 4980/4980/4980 4979/4979/4979 4978/4978/4978
f 4976/4976/4976 4980/4980/4980 4978/4978/4978
f 4982/4982/4982 4981/4981/4981 4983/4983/4983
f 4984/4984/4984 4982/4982/4982 4983/4983/4983
f 4985/4985/4985 4984/4984/4984 4983/4983/4983
f 4981/4981/4981 4985/4985/4985 4983/4983/4983
f 4987/4987/4987 4986/4986/4986 4988/4988/4988
f 4989/4989/4989 4987/4987/4987 4988/4988/4988
f 4990/4990/4990 4989/4989/4989 4988/4988/4988
f 4986/4986/4986 4990/4990/4990 4988/4988/4988
f 4992/4992/4992 4991/4991/4991 4993/4993/4993
f 4994/4994/4994 4992/4992/4992 4993/4993/4993
f 4995/4995/4995 4994/4994/4994 4993/4993/4993
f 4991/4991/4991 4995/4995/4995 4993/4993/4993
f 4997/4997/4997 4996/4996/4996 4998/4998/4998
f 4999/4999/4999 4997/4997/4997 4998/4998/4998
f 5000/5000/5000 4999/4999/4999 4998/4998/4998
f 4996/4996/4996 5000/5000/5000 4998/4998/4998
f 5002/5002/5002 5001/5001/5001 5003/5003/5003
f 5004/5004/5004 5002/5002/5002 5003/5003/5003
f 5005/5005/5005 5004/5004/5004 5003/5003/5003
f 5001/5001/5001 5005/5005/5005 5003/5003/5003
f 5007/5007/5007 5006/5006/5006 5008/5008/5008
f 5009/5009/5009 5007/5007/5007 5008/5008/5008
f 5010/5010/5010 5009/5009/5009 5008/5008/5008
f 5006/5006/5006 5010/5010/5010 5008/5008/5008
f 5012/5012/5012 5011/5011/5011 5013/5013/5013
f 5014/5014/5014 5012/5012/5012 5013/5013/5013
f 5015/5015/5015 5014/5014/5014 5013/5013/5013
f 5011/5011/5011 5015/5015/5015 5013/5013/5013
f 5017/5017/5017 5016/5016/5016 5018/5018/5018
f 5019/5019/5019 5017/5017/5017 5018/5018/5018
f 5020/5020/5020 5019/5019/5019 5018/5018/5018
f 5016/5016/5016 5020/5020/5020 5018/5018/5018
f 5022/5022/5022 5021/5021/5021 5023/5023/5023
f 5024/5024/5024 5022/5022/5022 5023/5023/5023
f 5025/5025/5025 5024/5024/5024 5023/5023/5023
f 5021/5021/5021 5025/5025/5025 5023/5023/5023
f 5027/5027/5027 5026/5026/5026 5028/5028/5028
f 5029/5029/5029 5027/5027/5027 5028/5028/5028
f 5030/5030/5030 5029/5029/5029 5028/5028/5028
f 5026/5026/5026 5030/5030/5030 5028/5028/5028
f 5032/5032/5032 5031/5031/5031 5033/5033/5033
f 5034/5034/5034 5032/5032/5032 5033/5033/5033
f 5035/5035/5035 5034/5034/5034 5033/5033/5033
f 5031/5031/5031 5035/5035/5035 5033/5033/5033
f 5037/5037/5037 5036/5036/5036 5038/5038/5038
f 5039/5039/5039 5037/5037/5037 5038/5038/5038
f 5040/5040/5040 5039/5039/5039 5038/5038/5038
f 5036/5036/5036 5040/5040/5040 5038/5038/5038
f 5042/5042/5042 5041/5041/5041 5043/5043/5043
f 5044/5044/5044 5042/5042/5042 5043/5043/5043
f 5045/5045/5045 5044/5044/5044 5043/5043/5043
f 5041/5041/5041 5045/5045/5045 5043/5043/5043
f 5047/5047/5047 5046/5046/5046 5048/5048/5048
f 5049/5049/5049 5047/5047/5047 5048/5048/5048
f 5050/5050/5050 5049/5049/5049 5048/5048/5048
f 5046/5046/5046 5050/5050/5050 5048/5048/5048
f 5052/5052/5052 5051/5051/5051 5053/5053/5053
f 5054/5054/5054 5052/5052/5052 5053/5053/5053
f 5055/5055/5055 5054/5054/5054 5053/5053/5053
f 5051/5051/5051 5055/5055/5055 5053/5053/5053
f 5057/5057/5057 5056/5056/5056 5058/5058/5058
f 5059/5059/5059 5057/5057/5057 5058/5058/5058
f 5060/5060/5060 5059/5059/5059 5058/5058/5058
f 5056/5056/5056 5060/5060/5060 5058/5058/5058
f 5062/5062/5062 5061/5061/5061 5063/5063/5063
f 5064/5064/5064 5062/5062/5062 5063/5063/5063
f 5065/5065/5065 5064/5064/5064 5063/5063/5063
f 5061/5061/5061 5065/5065/5065 5063/5063/5063
f 5067/5067/5067 5066/5066/5066 5068/5068/5068
f 5069/5069/5069 5067/5067/5067 5068/5068/5068
f 5070/5070/5070 5069/5069/5069 5068/5068/5068
f 5066/5066/5066 5070/5070/5070 5068/5068/5068
f 5072/5072/5072 5071/5071/5071 5073/5073/5073
f 5074/5074/5074 5072/5072/5072 5073/5073/5073
f 5075/5075/5075 5074/5074/5074 5073/5073/5073
f 5071/5071/5071 5075/5075/5075 5073/5073/5073
f 5077/5077/5077 5076/5076/5076 5078/5078/5078
f 5079/5079/5079 5077/5077/5077 5078/5078/5078
f 5080/5080/5080 5079/5079/5079 5078/5078/5078
f 5076/5076/5076 5080/5080/5080 5078/5078/5078
f 5082/5082/5082 5081/5081/5081 5083/5083/5083
f 5084/5084/5084 5082/5082/5082 5083/5083/5083
f 5085/5085/5085 5084/5084/5084 5083/5083/5083
f 5081/5081/5081 5085/5085/5085 5083/5083/5083
f 5087/5087/5087 5086/5086/5086 5088/5088/5088
f 5089/5089/5089 5087/5087/5087 5088/5088/5088
f 5090/5090/5090 5089/5089/5089 5088/5088/5088
f 5086/5086/5086 5090/5090/5090 5088/5088/5088
f 5092/5092/5092 5091/5091/5091 5093/5093/5093
f 5094/5094/5094 5092/5092/5092 5093/5093/5093
f 5095/5095/5095 5094/5094/5094 5093/5093/5093
f 5091/5091/5091 5095/5095/5095 5093/5093/5093
f 5097/5097/5097 5096/5096/5096 5098/5098/5098
f 5099/5099/5099 5097/5097/5097 5098/5098/5098
f 5100/5100/5100 5099/5099/5099 5098/5098/5098
f 5096/5096/5096 5100/5100/5100 5098/5098/5098
f 5102/5102/5102 5101/5101/5101 5103/5103/5103
f 5104/5104/5104 5102/5102/5102 5103/5103/5103
f 5105/5105/5105 5104/5104/5104 5103/5103/5103
f 5101/5101/5101 5105/5105/5105 5103/5103/5103
f 5107/5107/5107 5106/5106/5106 5108/5108/5108
f 5109/5109/5109 5107/5107/5107 5108/5108/5108
f 5110/5110/5110 5109/5109/5109 5108/5108/5108
f 5106/5106/5106 5110/5110/5110 5108/5108/5108
f 5112/5112/5112 5111/5111/5111 5113/5113/5113
f 5114/5114/5114 5112/5112/5112 5113/5113/5113
f 5115/5115/5115 5114/5114/5114 5113/5113/5113
f 5111/5111/5111 5115/5115/5115 5113/5113/5113
f 5117/5117/5117 5116/5116/5116 5118/5118/5118
f 5119/5119/5119 5117/5117/5117 5118/5118/5118
f 5120/5120/5120 5119/5119/5119 5118/5118/5118
f 5116/5116/5116 5120/5120/5120 5118/5118/5118

