// Created by Tree IT
mtllib Resinwood_Tree_imposter.mtl
o tree
# Position
v -0.66827 21.64099 -0.79711 0.49412 0.50588 0.49804 1.00000
v -0.51680 21.76076 -0.49948 0.49412 0.50588 0.49804 1.00000
v -0.65453 23.24354 -0.23500 0.49412 0.50588 0.49804 1.00000
v -0.80824 23.33636 -0.48412 0.49412 0.50588 0.49804 1.00000
v -1.49951 23.43222 0.27219 0.49412 0.50588 0.49804 1.00000
v -1.30760 23.35311 0.45522 0.49412 0.50588 0.49804 1.00000
v -1.69942 21.93112 0.48703 0.49412 0.50588 0.49804 1.00000
v -1.93960 21.82109 0.25903 0.49412 0.50588 0.49804 1.00000
v -0.89689 20.52137 0.17060 0.49412 0.50588 0.49804 1.00000
v -0.78438 20.79666 0.35391 0.49412 0.50588 0.49804 1.00000
v -0.51680 21.76076 -0.49948 0.49412 0.50588 0.49804 1.00000
v -0.66827 21.64099 -0.79711 0.49412 0.50588 0.49804 1.00000
v -0.23932 21.94014 0.03813 0.49412 0.50588 0.49804 1.00000
v -0.36181 23.11267 0.23255 0.49412 0.50588 0.49804 1.00000
v -0.93979 23.25309 0.81096 0.49412 0.50588 0.49804 1.00000
v -1.26752 22.10540 0.89393 0.49412 0.50588 0.49804 1.00000
v -0.53968 21.20043 0.72306 0.49412 0.50588 0.49804 1.00000
v -0.23932 21.94014 0.03813 0.49412 0.50588 0.49804 1.00000
v -0.03608 22.06717 0.43414 0.49412 0.50588 0.49804 1.00000
v -0.14512 23.01966 0.57911 0.49412 0.50588 0.49804 1.00000
v -0.66555 23.18432 1.07512 0.49412 0.50588 0.49804 1.00000
v -0.94917 22.23082 1.19128 0.49412 0.50588 0.49804 1.00000
v -0.35442 21.48606 0.99938 0.49412 0.50588 0.49804 1.00000
v -0.03608 22.06717 0.43414 0.49412 0.50588 0.49804 1.00000
v 0.27164 22.23581 1.01655 0.49412 0.50588 0.49804 1.00000
v 0.18517 22.90788 1.09857 0.49412 0.50588 0.49804 1.00000
v -0.25337 23.10843 1.48158 0.49412 0.50588 0.49804 1.00000
v -0.48382 22.40153 1.63310 0.49412 0.50588 0.49804 1.00000
v -0.05863 21.85549 1.42800 0.49412 0.50588 0.49804 1.00000
v 0.27164 22.23581 1.01655 0.49412 0.50588 0.49804 1.00000
v 0.59293 22.37804 1.58133 0.49412 0.50588 0.49804 1.00000
v 0.52671 22.84135 1.61586 0.49412 0.50588 0.49804 1.00000
v 0.15392 23.07198 1.90695 0.49412 0.50588 0.49804 1.00000
v -0.03938 22.54789 2.07949 0.49412 0.50588 0.49804 1.00000
v 0.26091 22.14592 1.87616 0.49412 0.50588 0.49804 1.00000
v 0.59293 22.37804 1.58133 0.49412 0.50588 0.49804 1.00000
v 2.13702 22.08028 3.63328 0.49412 0.50588 0.49804 1.00000
v 2.25305 22.56050 3.63276 0.49412 0.50588 0.49804 1.00000
v 1.93421 22.66258 3.90376 0.49412 0.50588 0.49804 1.00000
v 1.64075 22.45086 4.09522 0.49412 0.50588 0.49804 1.00000
v 1.81284 22.14059 3.90057 0.49412 0.50588 0.49804 1.00000
v 2.13702 22.08028 3.63328 0.49412 0.50588 0.49804 1.00000
v 3.38597 21.69790 5.52077 0.49412 0.50588 0.49804 1.00000
v 3.53528 22.01771 5.48459 0.49412 0.50588 0.49804 1.00000
v 3.38992 22.38116 5.67643 0.49412 0.50588 0.49804 1.00000
v 3.07803 22.10508 5.84297 0.49412 0.50588 0.49804 1.00000
v 3.08726 21.73099 5.74933 0.49412 0.50588 0.49804 1.00000
v 3.38597 21.69790 5.52077 0.49412 0.50588 0.49804 1.00000
v 4.51086 21.47316 7.44236 0.49412 0.50588 0.49804 1.00000
v 4.70593 21.68116 7.34881 0.49412 0.50588 0.49804 1.00000
v 4.62380 22.04492 7.44221 0.49412 0.50588 0.49804 1.00000
v 4.32674 21.87380 7.60211 0.49412 0.50588 0.49804 1.00000
v 4.19946 21.52299 7.63741 0.49412 0.50588 0.49804 1.00000
v 4.51086 21.47316 7.44236 0.49412 0.50588 0.49804 1.00000
v 5.39546 20.94327 9.79303 0.49412 0.50588 0.49804 1.00000
v 5.63682 21.12831 9.74119 0.49412 0.50588 0.49804 1.00000
v 5.62190 21.43098 9.80474 0.49412 0.50588 0.49804 1.00000
v 5.30188 21.47654 9.92937 0.49412 0.50588 0.49804 1.00000
v 5.23867 21.17236 9.89382 0.49412 0.50588 0.49804 1.00000
v 5.39546 20.94327 9.79303 0.49412 0.50588 0.49804 1.00000
v 5.63872 20.04539 12.06209 0.49412 0.50588 0.49804 1.00000
v 5.90280 20.08238 12.06789 0.49412 0.50588 0.49804 1.00000
v 6.00363 20.29505 12.18750 0.49412 0.50588 0.49804 1.00000
v 5.77406 20.37117 12.24647 0.49412 0.50588 0.49804 1.00000
v 5.56560 20.27086 12.19986 0.49412 0.50588 0.49804 1.00000
v 5.63872 20.04539 12.06209 0.49412 0.50588 0.49804 1.00000
v 5.88920 19.82539 13.90393 0.49412 0.50588 0.49804 1.00000
v 6.10337 19.75332 13.87512 0.49412 0.50588 0.49804 1.00000
v 6.21505 19.96613 13.89536 0.49412 0.50588 0.49804 1.00000
v 6.04947 20.09515 13.92795 0.49412 0.50588 0.49804 1.00000
v 5.88694 20.01518 13.93085 0.49412 0.50588 0.49804 1.00000
v 5.88920 19.82539 13.90393 0.49412 0.50588 0.49804 1.00000
v 5.89064 19.63090 15.62516 0.49412 0.50588 0.49804 1.00000
v 6.01151 19.58020 15.62411 0.49412 0.50588 0.49804 1.00000
v 6.12278 19.66219 15.64056 0.49412 0.50588 0.49804 1.00000
v 6.05489 19.79913 15.65584 0.49412 0.50588 0.49804 1.00000
v 5.87803 19.79990 15.64744 0.49412 0.50588 0.49804 1.00000
v 5.89064 19.63090 15.62516 0.49412 0.50588 0.49804 1.00000
v 5.64794 19.56111 17.25954 0.49412 0.50588 0.49804 1.00000
v 5.75997 19.47457 17.27769 0.49412 0.50588 0.49804 1.00000
v 5.89833 19.52664 17.30218 0.49412 0.50588 0.49804 1.00000
v 5.86023 19.68069 17.29762 0.49412 0.50588 0.49804 1.00000
v 5.69392 19.73039 17.26964 0.49412 0.50588 0.49804 1.00000
v 5.64794 19.56111 17.25954 0.49412 0.50588 0.49804 1.00000
v 5.07792 20.13531 18.95992 0.49412 0.50588 0.49804 1.00000
v 5.14959 19.98089 19.03835 0.49412 0.50588 0.49804 1.00000
v 5.30029 20.05646 19.06469 0.49412 0.50588 0.49804 1.00000
v 5.35496 20.20807 19.03124 0.49412 0.50588 0.49804 1.00000
v 5.20305 20.24720 18.96477 0.49412 0.50588 0.49804 1.00000
v 5.07792 20.13531 18.95992 0.49412 0.50588 0.49804 1.00000
v 4.58305 21.32260 20.32358 0.49412 0.50588 0.49804 1.00000
v 4.58305 21.32260 20.32358 0.49412 0.50588 0.49804 1.00000
v 4.58305 21.32260 20.32358 0.49412 0.50588 0.49804 1.00000
v -1.44993 20.64468 -0.62100 0.49412 0.50588 0.49804 1.00000
v -1.12746 20.82563 -0.57277 0.49412 0.50588 0.49804 1.00000
v -1.03153 22.37351 -0.43315 0.49412 0.50588 0.49804 1.00000
v -1.30598 22.41757 -0.47500 0.49412 0.50588 0.49804 1.00000
v -1.07611 22.59500 0.53393 0.49412 0.50588 0.49804 1.00000
v -0.84488 22.55571 0.50716 0.49412 0.50588 0.49804 1.00000
v -0.98064 21.13069 0.97869 0.49412 0.50588 0.49804 1.00000
v -1.28134 20.97778 1.04155 0.49412 0.50588 0.49804 1.00000
v -0.73532 19.59341 0.21288 0.49412 0.50588 0.49804 1.00000
v -0.53349 19.92200 0.21599 0.49412 0.50588 0.49804 1.00000
v -1.12746 20.82563 -0.57277 0.49412 0.50588 0.49804 1.00000
v -1.44993 20.64468 -0.62100 0.49412 0.50588 0.49804 1.00000
v -0.54184 21.11202 -0.48697 0.49412 0.50588 0.49804 1.00000
v -0.51069 22.33111 -0.36562 0.49412 0.50588 0.49804 1.00000
v -0.39362 22.52746 0.44958 0.49412 0.50588 0.49804 1.00000
v -0.44157 21.38011 0.86500 0.49412 0.50588 0.49804 1.00000
v -0.11240 20.41906 0.21460 0.49412 0.50588 0.49804 1.00000
v -0.54184 21.11202 -0.48697 0.49412 0.50588 0.49804 1.00000
v -0.11095 21.31697 -0.42282 0.49412 0.50588 0.49804 1.00000
v -0.12401 22.30297 -0.31635 0.49412 0.50588 0.49804 1.00000
v -0.05710 22.51109 0.40476 0.49412 0.50588 0.49804 1.00000
v -0.04604 21.55996 0.77964 0.49412 0.50588 0.49804 1.00000
v 0.20440 20.77242 0.21233 0.49412 0.50588 0.49804 1.00000
v -0.11095 21.31697 -0.42282 0.49412 0.50588 0.49804 1.00000
v 0.52807 21.60019 -0.33376 0.49412 0.50588 0.49804 1.00000
v 0.45887 22.28825 -0.25049 0.49412 0.50588 0.49804 1.00000
v 0.45651 22.51401 0.33893 0.49412 0.50588 0.49804 1.00000
v 0.53769 21.81200 0.66052 0.49412 0.50588 0.49804 1.00000
v 0.70303 21.24232 0.20668 0.49412 0.50588 0.49804 1.00000
v 0.52807 21.60019 -0.33376 0.49412 0.50588 0.49804 1.00000
v 1.16089 21.85663 -0.26202 0.49412 0.50588 0.49804 1.00000
v 1.04411 22.32042 -0.19914 0.49412 0.50588 0.49804 1.00000
v 0.98042 22.55936 0.28360 0.49412 0.50588 0.49804 1.00000
v 1.11351 22.04316 0.56436 0.49412 0.50588 0.49804 1.00000
v 1.23379 21.63544 0.20053 0.49412 0.50588 0.49804 1.00000
v 1.16089 21.85663 -0.26202 0.49412 0.50588 0.49804 1.00000
v 3.66944 22.61003 -0.00284 0.49412 0.50588 0.49804 1.00000
v 3.50809 23.08479 -0.09945 0.49412 0.50588 0.49804 1.00000
v 3.42079 23.16902 0.32891 0.49412 0.50588 0.49804 1.00000
v 3.45453 22.94794 0.68814 0.49412 0.50588 0.49804 1.00000
v 3.59690 22.65320 0.42770 0.49412 0.50588 0.49804 1.00000
v 3.66944 22.61003 -0.00284 0.49412 0.50588 0.49804 1.00000
v 6.16985 23.49322 0.83276 0.49412 0.50588 0.49804 1.00000
v 6.08801 23.82654 0.69797 0.49412 0.50588 0.49804 1.00000
v 5.89749 24.16052 0.93761 0.49412 0.50588 0.49804 1.00000
v 5.91149 23.84672 1.28215 0.49412 0.50588 0.49804 1.00000
v 6.06414 23.48299 1.21054 0.49412 0.50588 0.49804 1.00000
v 6.16985 23.49322 0.83276 0.49412 0.50588 0.49804 1.00000
v 8.02405 23.72733 1.71587 0.49412 0.50588 0.49804 1.00000
v 8.12428 24.05925 1.47573 0.49412 0.50588 0.49804 1.00000
v 8.01808 24.39921 1.69418 0.49412 0.50588 0.49804 1.00000
v 7.90462 24.19959 1.95687 0.49412 0.50588 0.49804 1.00000
v 7.87289 23.89186 2.04343 0.49412 0.50588 0.49804 1.00000
v 8.02405 23.72733 1.71587 0.49412 0.50588 0.49804 1.00000
v 10.36196 23.65228 2.66663 0.49412 0.50588 0.49804 1.00000
v 10.46830 23.78369 2.40370 0.49412 0.50588 0.49804 1.00000
v 10.47759 24.07320 2.57474 0.49412 0.50588 0.49804 1.00000
v 10.38754 24.00416 2.82691 0.49412 0.50588 0.49804 1.00000
v 10.33761 23.78934 2.84352 0.49412 0.50588 0.49804 1.00000
v 10.36196 23.65228 2.66663 0.49412 0.50588 0.49804 1.00000
v 12.13996 23.30542 3.34236 0.49412 0.50588 0.49804 1.00000
v 12.23106 23.45603 3.12298 0.49412 0.50588 0.49804 1.00000
v 12.24346 23.73363 3.14033 0.49412 0.50588 0.49804 1.00000
v 12.15205 23.72272 3.38619 0.49412 0.50588 0.49804 1.00000
v 12.08815 23.52501 3.52316 0.49412 0.50588 0.49804 1.00000
v 12.13996 23.30542 3.34236 0.49412 0.50588 0.49804 1.00000
v 14.14928 23.23883 4.39768 0.49412 0.50588 0.49804 1.00000
v 14.25897 23.25749 4.18313 0.49412 0.50588 0.49804 1.00000
v 14.28521 23.51194 4.17672 0.49412 0.50588 0.49804 1.00000
v 14.19136 23.56916 4.37346 0.49412 0.50588 0.49804 1.00000
v 14.12476 23.42339 4.47956 0.49412 0.50588 0.49804 1.00000
v 14.14928 23.23883 4.39768 0.49412 0.50588 0.49804 1.00000
v 15.54738 23.26198 5.45078 0.49412 0.50588 0.49804 1.00000
v 15.65963 23.28395 5.32583 0.49412 0.50588 0.49804 1.00000
v 15.71001 23.40047 5.25968 0.49412 0.50588 0.49804 1.00000
v 15.63253 23.54407 5.33094 0.49412 0.50588 0.49804 1.00000
v 15.53364 23.44527 5.44852 0.49412 0.50588 0.49804 1.00000
v 15.54738 23.26198 5.45078 0.49412 0.50588 0.49804 1.00000
v 16.78831 23.70381 7.02674 0.49412 0.50588 0.49804 1.00000
v 16.96185 23.64034 6.95822 0.49412 0.50588 0.49804 1.00000
v 17.03992 23.78582 6.85528 0.49412 0.50588 0.49804 1.00000
v 16.91364 23.89968 6.87708 0.49412 0.50588 0.49804 1.00000
v 16.76407 23.88809 6.96361 0.49412 0.50588 0.49804 1.00000
v 16.78831 23.70381 7.02674 0.49412 0.50588 0.49804 1.00000
v 17.27392 24.76733 8.55055 0.49412 0.50588 0.49804 1.00000
v 17.42043 24.69761 8.55996 0.49412 0.50588 0.49804 1.00000
v 17.52714 24.79330 8.46579 0.49412 0.50588 0.49804 1.00000
v 17.41289 24.88355 8.43371 0.49412 0.50588 0.49804 1.00000
v 17.27857 24.89607 8.46053 0.49412 0.50588 0.49804 1.00000
v 17.27392 24.76733 8.55055 0.49412 0.50588 0.49804 1.00000
v 17.68282 26.07881 9.87566 0.49412 0.50588 0.49804 1.00000
v 17.68282 26.07881 9.87566 0.49412 0.50588 0.49804 1.00000
v 17.68282 26.07881 9.87566 0.49412 0.50588 0.49804 1.00000
v -1.82967 21.61570 -0.03983 0.49412 0.50588 0.49804 1.00000
v -1.54829 21.82172 -0.21387 0.49412 0.50588 0.49804 1.00000
v -1.42386 23.35352 -0.26186 0.49412 0.50588 0.49804 1.00000
v -1.66963 23.37297 -0.13132 0.49412 0.50588 0.49804 1.00000
v -0.85970 23.59554 0.44828 0.49412 0.50588 0.49804 1.00000
v -0.69279 23.57422 0.29877 0.49412 0.50588 0.49804 1.00000
v -0.46709 22.24475 0.82280 0.49412 0.50588 0.49804 1.00000
v -0.65910 22.08965 1.06082 0.49412 0.50588 0.49804 1.00000
v -0.77346 20.65423 0.17098 0.49412 0.50588 0.49804 1.00000
v -0.60981 20.99573 0.03283 0.49412 0.50588 0.49804 1.00000
v -1.54829 21.82172 -0.21387 0.49412 0.50588 0.49804 1.00000
v -1.82967 21.61570 -0.03983 0.49412 0.50588 0.49804 1.00000
v -1.03826 22.15026 -0.53120 0.49412 0.50588 0.49804 1.00000
v -0.96789 23.35251 -0.52408 0.49412 0.50588 0.49804 1.00000
v -0.37421 23.57449 -0.00384 0.49412 0.50588 0.49804 1.00000
v -0.12480 22.50050 0.39678 0.49412 0.50588 0.49804 1.00000
v -0.27859 21.51560 -0.25463 0.49412 0.50588 0.49804 1.00000
v -1.03826 22.15026 -0.53120 0.49412 0.50588 0.49804 1.00000
v -0.66243 22.38564 -0.76413 0.49412 0.50588 0.49804 1.00000
v -0.63023 23.35438 -0.72022 0.49412 0.50588 0.49804 1.00000
v -0.13815 23.57842 -0.23185 0.49412 0.50588 0.49804 1.00000
v 0.12496 22.68504 0.08275 0.49412 0.50588 0.49804 1.00000
v -0.03093 21.88540 -0.47135 0.49412 0.50588 0.49804 1.00000
v -0.66243 22.38564 -0.76413 0.49412 0.50588 0.49804 1.00000
v -0.10836 22.71281 -1.11320 0.49412 0.50588 0.49804 1.00000
v -0.12820 23.38253 -1.02444 0.49412 0.50588 0.49804 1.00000
v 0.22142 23.60990 -0.58075 0.49412 0.50588 0.49804 1.00000
v 0.49717 22.94636 -0.37408 0.49412 0.50588 0.49804 1.00000
v 0.35589 22.38051 -0.80990 0.49412 0.50588 0.49804 1.00000
v -0.10836 22.71281 -1.11320 0.49412 0.50588 0.49804 1.00000
v 0.43138 23.01225 -1.46854 0.49412 0.50588 0.49804 1.00000
v 0.36405 23.45534 -1.34297 0.49412 0.50588 0.49804 1.00000
v 0.59186 23.68255 -0.93054 0.49412 0.50588 0.49804 1.00000
v 0.87685 23.19148 -0.80559 0.49412 0.50588 0.49804 1.00000
v 0.76669 22.80165 -1.16361 0.49412 0.50588 0.49804 1.00000
v 0.43138 23.01225 -1.46854 0.49412 0.50588 0.49804 1.00000
v 2.67761 23.56811 -2.75216 0.49412 0.50588 0.49804 1.00000
v 2.57698 24.04980 -2.77386 0.49412 0.50588 0.49804 1.00000
v 2.76177 24.13001 -2.39461 0.49412 0.50588 0.49804 1.00000
v 2.95158 23.90200 -2.11427 0.49412 0.50588 0.49804 1.00000
v 2.86830 23.60674 -2.37634 0.49412 0.50588 0.49804 1.00000
v 2.67761 23.56811 -2.75216 0.49412 0.50588 0.49804 1.00000
v 4.70639 23.61763 -3.67063 0.49412 0.50588 0.49804 1.00000
v 4.67036 23.95334 -3.77611 0.49412 0.50588 0.49804 1.00000
v 4.81440 24.29797 -3.55389 0.49412 0.50588 0.49804 1.00000
v 4.95295 23.98673 -3.26413 0.49412 0.50588 0.49804 1.00000
v 4.88713 23.61557 -3.34041 0.49412 0.50588 0.49804 1.00000
v 4.70639 23.61763 -3.67063 0.49412 0.50588 0.49804 1.00000
v 6.49240 23.38024 -4.85499 0.49412 0.50588 0.49804 1.00000
v 6.40581 23.61928 -5.01275 0.49412 0.50588 0.49804 1.00000
v 6.55258 23.95613 -4.90365 0.49412 0.50588 0.49804 1.00000
v 6.72005 23.73327 -4.64962 0.49412 0.50588 0.49804 1.00000
v 6.72397 23.36880 -4.56703 0.49412 0.50588 0.49804 1.00000
v 6.49240 23.38024 -4.85499 0.49412 0.50588 0.49804 1.00000
v 8.00446 23.04289 -6.34580 0.49412 0.50588 0.49804 1.00000
v 7.88332 23.28502 -6.49181 0.49412 0.50588 0.49804 1.00000
v 7.99189 23.56997 -6.44371 0.49412 0.50588 0.49804 1.00000
v 8.24612 23.52670 -6.21394 0.49412 0.50588 0.49804 1.00000
v 8.19556 23.21913 -6.20751 0.49412 0.50588 0.49804 1.00000
v 8.00446 23.04289 -6.34580 0.49412 0.50588 0.49804 1.00000
v 9.77986 22.93828 -8.07021 0.49412 0.50588 0.49804 1.00000
v 9.61274 23.06900 -8.23052 0.49412 0.50588 0.49804 1.00000
v 9.57509 23.32755 -8.19862 0.49412 0.50588 0.49804 1.00000
v 9.73464 23.32770 -8.00849 0.49412 0.50588 0.49804 1.00000
v 9.85720 23.14979 -7.91529 0.49412 0.50588 0.49804 1.00000
v 9.77986 22.93828 -8.07021 0.49412 0.50588 0.49804 1.00000
v 11.67995 23.65444 -9.21715 0.49412 0.50588 0.49804 1.00000
v 11.58149 23.68051 -9.42016 0.49412 0.50588 0.49804 1.00000
v 11.48632 23.89855 -9.38517 0.49412 0.50588 0.49804 1.00000
v 11.54962 23.93826 -9.18699 0.49412 0.50588 0.49804 1.00000
v 11.64790 23.80852 -9.10869 0.49412 0.50588 0.49804 1.00000
v 11.67995 23.65444 -9.21715 0.49412 0.50588 0.49804 1.00000
v 13.09061 24.71571 -9.59298 0.49412 0.50588 0.49804 1.00000
v 13.04719 24.73375 -9.71492 0.49412 0.50588 0.49804 1.00000
v 12.95872 24.83669 -9.74379 0.49412 0.50588 0.49804 1.00000
v 12.94223 24.89935 -9.60502 0.49412 0.50588 0.49804 1.00000
v 13.03343 24.82369 -9.47418 0.49412 0.50588 0.49804 1.00000
v 13.09061 24.71571 -9.59298 0.49412 0.50588 0.49804 1.00000
v 14.34374 25.84286 -9.85393 0.49412 0.50588 0.49804 1.00000
v 14.31410 25.83904 -9.99304 0.49412 0.50588 0.49804 1.00000
v 14.21462 25.93096 -10.05611 0.49412 0.50588 0.49804 1.00000
v 14.17540 26.00801 -9.92352 0.49412 0.50588 0.49804 1.00000
v 14.25056 25.96579 -9.77089 0.49412 0.50588 0.49804 1.00000
v 14.34374 25.84286 -9.85393 0.49412 0.50588 0.49804 1.00000
v 15.86561 27.04641 -10.03446 0.49412 0.50588 0.49804 1.00000
v 15.87871 26.99248 -10.21291 0.49412 0.50588 0.49804 1.00000
v 15.77389 27.11608 -10.26464 0.49412 0.50588 0.49804 1.00000
v 15.69478 27.23446 -10.18303 0.49412 0.50588 0.49804 1.00000
v 15.76231 27.17814 -10.03770 0.49412 0.50588 0.49804 1.00000
v 15.86561 27.04641 -10.03446 0.49412 0.50588 0.49804 1.00000
v 17.42269 28.12259 -9.91978 0.49412 0.50588 0.49804 1.00000
v 17.42269 28.12259 -9.91978 0.49412 0.50588 0.49804 1.00000
v 17.42269 28.12259 -9.91978 0.49412 0.50588 0.49804 1.00000
v -1.44143 19.80326 0.82692 0.49412 0.50588 0.49804 1.00000
v -1.42284 19.98137 0.50014 0.49412 0.50588 0.49804 1.00000
v -1.38050 21.56872 0.18932 0.49412 0.50588 0.49804 1.00000
v -1.41665 21.61952 0.43241 0.49412 0.50588 0.49804 1.00000
v -0.42087 21.80452 0.07573 0.49412 0.50588 0.49804 1.00000
v -0.44692 21.75769 -0.11404 0.49412 0.50588 0.49804 1.00000
v 0.13267 20.38179 0.15432 0.49412 0.50588 0.49804 1.00000
v 0.22050 20.25576 0.44089 0.49412 0.50588 0.49804 1.00000
v -0.62047 18.69781 0.16347 0.49412 0.50588 0.49804 1.00000
v -0.64204 19.03095 -0.05933 0.49412 0.50588 0.49804 1.00000
v -1.42284 19.98137 0.50014 0.49412 0.50588 0.49804 1.00000
v -1.44143 19.80326 0.82692 0.49412 0.50588 0.49804 1.00000
v -1.39090 20.25659 -0.09079 0.49412 0.50588 0.49804 1.00000
v -1.33026 21.50931 -0.28086 0.49412 0.50588 0.49804 1.00000
v -0.51087 21.70891 -0.49533 0.49412 0.50588 0.49804 1.00000
v -0.02545 20.58423 -0.35619 0.49412 0.50588 0.49804 1.00000
v -0.69250 19.52383 -0.50711 0.49412 0.50588 0.49804 1.00000
v -1.39090 20.25659 -0.09079 0.49412 0.50588 0.49804 1.00000
v -1.36661 20.45222 -0.52542 0.49412 0.50588 0.49804 1.00000
v -1.29463 21.46780 -0.63114 0.49412 0.50588 0.49804 1.00000
v -0.56132 21.67624 -0.78103 0.49412 0.50588 0.49804 1.00000
v -0.14351 20.72930 -0.73030 0.49412 0.50588 0.49804 1.00000
v -0.73177 19.87200 -0.84216 0.49412 0.50588 0.49804 1.00000
v -1.36661 20.45222 -0.52542 0.49412 0.50588 0.49804 1.00000
v -1.33574 20.71980 -1.16800 0.49412 0.50588 0.49804 1.00000
v -1.25252 21.43172 -1.16303 0.49412 0.50588 0.49804 1.00000
v -0.63976 21.65270 -1.22216 0.49412 0.50588 0.49804 1.00000
v -0.31014 20.93255 -1.28093 0.49412 0.50588 0.49804 1.00000
v -0.79312 20.32979 -1.36160 0.49412 0.50588 0.49804 1.00000
v -1.33574 20.71980 -1.16800 0.49412 0.50588 0.49804 1.00000
v -1.31888 20.96074 -1.80066 0.49412 0.50588 0.49804 1.00000
v -1.22898 21.44249 -1.70108 0.49412 0.50588 0.49804 1.00000
v -0.71335 21.67110 -1.67820 0.49412 0.50588 0.49804 1.00000
v -0.45129 21.12197 -1.82260 0.49412 0.50588 0.49804 1.00000
v -0.85309 20.70889 -1.90460 0.49412 0.50588 0.49804 1.00000
v -1.31888 20.96074 -1.80066 0.49412 0.50588 0.49804 1.00000
v -1.10842 21.42794 -4.21422 0.49412 0.50588 0.49804 1.00000
v -1.14939 21.95929 -4.12569 0.49412 0.50588 0.49804 1.00000
v -0.68648 22.00997 -4.05516 0.49412 0.50588 0.49804 1.00000
v -0.33574 21.73179 -4.05770 0.49412 0.50588 0.49804 1.00000
v -0.64847 21.43326 -4.15210 0.49412 0.50588 0.49804 1.00000
v -1.10842 21.42794 -4.21422 0.49412 0.50588 0.49804 1.00000
v -0.52271 21.42708 -6.70467 0.49412 0.50588 0.49804 1.00000
v -0.59770 21.81209 -6.72716 0.49412 0.50588 0.49804 1.00000
v -0.26701 22.15889 -6.66880 0.49412 0.50588 0.49804 1.00000
v 0.03931 21.77381 -6.60065 0.49412 0.50588 0.49804 1.00000
v -0.11573 21.37641 -6.62332 0.49412 0.50588 0.49804 1.00000
v -0.52271 21.42708 -6.70467 0.49412 0.50588 0.49804 1.00000
v -0.20276 21.01149 -8.57590 0.49412 0.50588 0.49804 1.00000
v -0.41732 21.39924 -8.67652 0.49412 0.50588 0.49804 1.00000
v -0.09804 21.71373 -8.71928 0.49412 0.50588 0.49804 1.00000
v 0.16827 21.45947 -8.64341 0.49412 0.50588 0.49804 1.00000
v 0.20925 21.12419 -8.56779 0.49412 0.50588 0.49804 1.00000
v -0.20276 21.01149 -8.57590 0.49412 0.50588 0.49804 1.00000
v -0.19829 20.66619 -11.00290 0.49412 0.50588 0.49804 1.00000
v -0.46980 20.87089 -11.00367 0.49412 0.50588 0.49804 1.00000
v -0.23947 21.14174 -11.09028 0.49412 0.50588 0.49804 1.00000
v 0.02910 21.00680 -11.10277 0.49412 0.50588 0.49804 1.00000
v 0.01667 20.77137 -11.05475 0.49412 0.50588 0.49804 1.00000
v -0.19829 20.66619 -11.00290 0.49412 0.50588 0.49804 1.00000
v -0.37922 20.61182 -12.98715 0.49412 0.50588 0.49804 1.00000
v -0.58447 20.83753 -12.96173 0.49412 0.50588 0.49804 1.00000
v -0.49386 21.12650 -12.97231 0.49412 0.50588 0.49804 1.00000
v -0.22328 21.04087 -13.00548 0.49412 0.50588 0.49804 1.00000
v -0.12177 20.79007 -13.01828 0.49412 0.50588 0.49804 1.00000
v -0.37922 20.61182 -12.98715 0.49412 0.50588 0.49804 1.00000
v -0.18232 20.78254 -15.30414 0.49412 0.50588 0.49804 1.00000
v -0.40238 20.87313 -15.31517 0.49412 0.50588 0.49804 1.00000
v -0.34185 21.11782 -15.30622 0.49412 0.50588 0.49804 1.00000
v -0.12040 21.10559 -15.29339 0.49412 0.50588 0.49804 1.00000
v -0.04767 20.93065 -15.29293 0.49412 0.50588 0.49804 1.00000
v -0.18232 20.78254 -15.30414 0.49412 0.50588 0.49804 1.00000
v 0.54283 21.03966 -16.96643 0.49412 0.50588 0.49804 1.00000
v 0.39935 21.13482 -17.03354 0.49412 0.50588 0.49804 1.00000
v 0.35752 21.28491 -17.02345 0.49412 0.50588 0.49804 1.00000
v 0.49013 21.37907 -16.91729 0.49412 0.50588 0.49804 1.00000
v 0.59973 21.21525 -16.88812 0.49412 0.50588 0.49804 1.00000
v 0.54283 21.03966 -16.96643 0.49412 0.50588 0.49804 1.00000
v 1.85947 21.61333 -18.56089 0.49412 0.50588 0.49804 1.00000
v 1.70851 21.63907 -18.71034 0.49412 0.50588 0.49804 1.00000
v 1.63462 21.83608 -18.69145 0.49412 0.50588 0.49804 1.00000
v 1.74214 21.88947 -18.54921 0.49412 0.50588 0.49804 1.00000
v 1.87453 21.79664 -18.45320 0.49412 0.50588 0.49804 1.00000
v 1.85947 21.61333 -18.56089 0.49412 0.50588 0.49804 1.00000
v 3.04285 22.36777 -19.46044 0.49412 0.50588 0.49804 1.00000
v 2.94466 22.35563 -19.60410 0.49412 0.50588 0.49804 1.00000
v 2.84007 22.50695 -19.61016 0.49412 0.50588 0.49804 1.00000
v 2.90853 22.55566 -19.47399 0.49412 0.50588 0.49804 1.00000
v 3.01015 22.51058 -19.37687 0.49412 0.50588 0.49804 1.00000
v 3.04285 22.36777 -19.46044 0.49412 0.50588 0.49804 1.00000
v 4.37482 23.37573 -20.46542 0.49412 0.50588 0.49804 1.00000
v 4.27913 23.36804 -20.59137 0.49412 0.50588 0.49804 1.00000
v 4.19324 23.46310 -20.60233 0.49412 0.50588 0.49804 1.00000
v 4.17294 23.58834 -20.50202 0.49412 0.50588 0.49804 1.00000
v 4.30021 23.51310 -20.42008 0.49412 0.50588 0.49804 1.00000
v 4.37482 23.37573 -20.46542 0.49412 0.50588 0.49804 1.00000
v 5.52793 24.36216 -21.61914 0.49412 0.50588 0.49804 1.00000
v 5.52793 24.36216 -21.61914 0.49412 0.50588 0.49804 1.00000
v 5.52793 24.36216 -21.61914 0.49412 0.50588 0.49804 1.00000
v -0.95746 20.40566 1.02230 0.49412 0.50588 0.49804 1.00000
v -1.14850 20.56764 0.75433 0.49412 0.50588 0.49804 1.00000
v -1.29448 22.14696 0.47917 0.49412 0.50588 0.49804 1.00000
v -1.15569 22.21344 0.69293 0.49412 0.50588 0.49804 1.00000
v -0.62560 22.43812 -0.20181 0.49412 0.50588 0.49804 1.00000
v -0.77832 22.37226 -0.33329 0.49412 0.50588 0.49804 1.00000
v -0.10199 21.06768 -0.40609 0.49412 0.50588 0.49804 1.00000
v 0.16197 20.97282 -0.22355 0.49412 0.50588 0.49804 1.00000
v -0.66273 19.38399 0.05743 0.49412 0.50588 0.49804 1.00000
v -0.82943 19.68985 -0.11245 0.49412 0.50588 0.49804 1.00000
v -1.14850 20.56764 0.75433 0.49412 0.50588 0.49804 1.00000
v -0.95746 20.40566 1.02230 0.49412 0.50588 0.49804 1.00000
v -1.49650 20.81104 0.27022 0.49412 0.50588 0.49804 1.00000
v -1.57277 22.05737 0.07617 0.49412 0.50588 0.49804 1.00000
v -1.09227 22.28958 -0.59601 0.49412 0.50588 0.49804 1.00000
v -0.57180 21.22013 -0.72857 0.49412 0.50588 0.49804 1.00000
v -1.16520 20.13659 -0.44515 0.49412 0.50588 0.49804 1.00000
v -1.49650 20.81104 0.27022 0.49412 0.50588 0.49804 1.00000
v -1.75179 20.98317 -0.08650 0.49412 0.50588 0.49804 1.00000
v -1.78054 21.99360 -0.22315 0.49412 0.50588 0.49804 1.00000
v -1.32905 22.23213 -0.79192 0.49412 0.50588 0.49804 1.00000
v -0.91740 21.32945 -0.96336 0.49412 0.50588 0.49804 1.00000
v -1.41686 20.45152 -0.69277 0.49412 0.50588 0.49804 1.00000
v -1.75179 20.98317 -0.08650 0.49412 0.50588 0.49804 1.00000
v -2.13463 21.21358 -0.61071 0.49412 0.50588 0.49804 1.00000
v -2.10392 21.92298 -0.67119 0.49412 0.50588 0.49804 1.00000
v -1.69499 22.17191 -1.09693 0.49412 0.50588 0.49804 1.00000
v -1.42024 21.48239 -1.31227 0.49412 0.50588 0.49804 1.00000
v -1.80591 20.86068 -1.07387 0.49412 0.50588 0.49804 1.00000
v -2.13463 21.21358 -0.61071 0.49412 0.50588 0.49804 1.00000
v -2.52538 21.41305 -1.11771 0.49412 0.50588 0.49804 1.00000
v -2.44610 21.89658 -1.11399 0.49412 0.50588 0.49804 1.00000
v -2.06866 22.15363 -1.42062 0.49412 0.50588 0.49804 1.00000
v -1.89783 21.62424 -1.66795 0.49412 0.50588 0.49804 1.00000
v -2.20882 21.19064 -1.47095 0.49412 0.50588 0.49804 1.00000
v -2.52538 21.41305 -1.11771 0.49412 0.50588 0.49804 1.00000
v -3.98233 21.57012 -3.16110 0.49412 0.50588 0.49804 1.00000
v -4.03286 22.08725 -3.10637 0.49412 0.50588 0.49804 1.00000
v -3.65274 22.17497 -3.34153 0.49412 0.50588 0.49804 1.00000
v -3.35475 21.93132 -3.53973 0.49412 0.50588 0.49804 1.00000
v -3.60322 21.61317 -3.39759 0.49412 0.50588 0.49804 1.00000
v -3.98233 21.57012 -3.16110 0.49412 0.50588 0.49804 1.00000
v -4.82480 21.55176 -5.17217 0.49412 0.50588 0.49804 1.00000
v -4.93053 21.91413 -5.14184 0.49412 0.50588 0.49804 1.00000
v -4.66978 22.27656 -5.27285 0.49412 0.50588 0.49804 1.00000
v -4.35725 21.93503 -5.39514 0.49412 0.50588 0.49804 1.00000
v -4.45590 21.53998 -5.33404 0.49412 0.50588 0.49804 1.00000
v -4.82480 21.55176 -5.17217 0.49412 0.50588 0.49804 1.00000
v -5.43863 21.56170 -7.19724 0.49412 0.50588 0.49804 1.00000
v -5.61203 21.82898 -7.13892 0.49412 0.50588 0.49804 1.00000
v -5.41830 22.19034 -7.20232 0.49412 0.50588 0.49804 1.00000
v -5.11526 21.93624 -7.30367 0.49412 0.50588 0.49804 1.00000
v -5.05965 21.53601 -7.32321 0.49412 0.50588 0.49804 1.00000
v -5.43863 21.56170 -7.19724 0.49412 0.50588 0.49804 1.00000
v -6.10194 21.60038 -9.14832 0.49412 0.50588 0.49804 1.00000
v -6.27413 21.87436 -9.06591 0.49412 0.50588 0.49804 1.00000
v -6.13857 22.17917 -9.09792 0.49412 0.50588 0.49804 1.00000
v -5.79458 22.11389 -9.23212 0.49412 0.50588 0.49804 1.00000
v -5.85118 21.78019 -9.23179 0.49412 0.50588 0.49804 1.00000
v -6.10194 21.60038 -9.14832 0.49412 0.50588 0.49804 1.00000
v -7.04797 21.83453 -11.36507 0.49412 0.50588 0.49804 1.00000
v -7.24852 22.01557 -11.25531 0.49412 0.50588 0.49804 1.00000
v -7.18951 22.29682 -11.22814 0.49412 0.50588 0.49804 1.00000
v -6.94123 22.25512 -11.33160 0.49412 0.50588 0.49804 1.00000
v -6.83147 22.03624 -11.41296 0.49412 0.50588 0.49804 1.00000
v -7.04797 21.83453 -11.36507 0.49412 0.50588 0.49804 1.00000
v -7.42585 22.10026 -13.62506 0.49412 0.50588 0.49804 1.00000
v -7.66633 22.17247 -13.61387 0.49412 0.50588 0.49804 1.00000
v -7.62719 22.43521 -13.59812 0.49412 0.50588 0.49804 1.00000
v -7.39310 22.44528 -13.60386 0.49412 0.50588 0.49804 1.00000
v -7.29910 22.26943 -13.61769 0.49412 0.50588 0.49804 1.00000
v -7.42585 22.10026 -13.62506 0.49412 0.50588 0.49804 1.00000
v -7.12157 22.28473 -15.39571 0.49412 0.50588 0.49804 1.00000
v -7.25578 22.33072 -15.42333 0.49412 0.50588 0.49804 1.00000
v -7.28912 22.48049 -15.42018 0.49412 0.50588 0.49804 1.00000
v -7.13771 22.54524 -15.38058 0.49412 0.50588 0.49804 1.00000
v -6.99281 22.41665 -15.35647 0.49412 0.50588 0.49804 1.00000
v -7.12157 22.28473 -15.39571 0.49412 0.50588 0.49804 1.00000
v -6.58342 22.53893 -17.03894 0.49412 0.50588 0.49804 1.00000
v -6.73170 22.56393 -17.08069 0.49412 0.50588 0.49804 1.00000
v -6.80113 22.71216 -17.07297 0.49412 0.50588 0.49804 1.00000
v -6.66154 22.79567 -17.01229 0.49412 0.50588 0.49804 1.00000
v -6.49775 22.70040 -16.97969 0.49412 0.50588 0.49804 1.00000
v -6.58342 22.53893 -17.03894 0.49412 0.50588 0.49804 1.00000
v -6.09117 23.08940 -18.56169 0.49412 0.50588 0.49804 1.00000
v -6.27945 23.05494 -18.62794 0.49412 0.50588 0.49804 1.00000
v -6.33749 23.22010 -18.57004 0.49412 0.50588 0.49804 1.00000
v -6.25370 23.35375 -18.48784 0.49412 0.50588 0.49804 1.00000
v -6.09787 23.25572 -18.48940 0.49412 0.50588 0.49804 1.00000
v -6.09117 23.08940 -18.56169 0.49412 0.50588 0.49804 1.00000
v -5.61860 24.28436 -20.03234 0.49412 0.50588 0.49804 1.00000
v -5.75205 24.26045 -20.09223 0.49412 0.50588 0.49804 1.00000
v -5.87209 24.34678 -20.05489 0.49412 0.50588 0.49804 1.00000
v -5.81091 24.46466 -19.93699 0.49412 0.50588 0.49804 1.00000
v -5.63709 24.41339 -19.92869 0.49412 0.50588 0.49804 1.00000
v -5.61860 24.28436 -20.03234 0.49412 0.50588 0.49804 1.00000
v -4.95628 25.66937 -21.13378 0.49412 0.50588 0.49804 1.00000
v -4.95628 25.66937 -21.13378 0.49412 0.50588 0.49804 1.00000
v -4.95628 25.66937 -21.13378 0.49412 0.50588 0.49804 1.00000
v 0.08779 17.94848 1.05627 0.49412 0.50588 0.49804 1.00000
v -0.20806 18.14174 0.99248 0.49412 0.50588 0.49804 1.00000
v -0.41166 19.68150 0.69092 0.49412 0.50588 0.49804 1.00000
v -0.18474 19.72219 0.73366 0.49412 0.50588 0.49804 1.00000
v -0.76084 20.13386 -0.11917 0.49412 0.50588 0.49804 1.00000
v -0.88201 20.05998 -0.11893 0.49412 0.50588 0.49804 1.00000
v -0.65486 19.05602 -0.85359 0.49412 0.50588 0.49804 1.00000
v -0.43032 19.01489 -0.92317 0.49412 0.50588 0.49804 1.00000
v -0.56726 17.26948 -0.44786 0.49412 0.50588 0.49804 1.00000
v -0.78336 17.52888 -0.42882 0.49412 0.50588 0.49804 1.00000
v -0.84336 16.95747 0.61794 0.49412 0.50588 0.49804 1.00000
v -0.65182 16.61600 0.68718 0.49412 0.50588 0.49804 1.00000
v 0.08779 17.94848 1.05627 0.49412 0.50588 0.49804 1.00000
v -0.20806 18.14174 0.99248 0.49412 0.50588 0.49804 1.00000
v -0.74731 18.44170 0.89192 0.49412 0.50588 0.49804 1.00000
v -0.85116 19.64272 0.62437 0.49412 0.50588 0.49804 1.00000
v -1.16196 19.97994 -0.09989 0.49412 0.50588 0.49804 1.00000
v -1.06300 19.14338 -0.72525 0.49412 0.50588 0.49804 1.00000
v -1.19320 17.92955 -0.37214 0.49412 0.50588 0.49804 1.00000
v -1.24509 17.46307 0.53600 0.49412 0.50588 0.49804 1.00000
v -0.74731 18.44170 0.89192 0.49412 0.50588 0.49804 1.00000
v -1.14463 18.65476 0.81916 0.49412 0.50588 0.49804 1.00000
v -1.17888 19.61653 0.57641 0.49412 0.50588 0.49804 1.00000
v -1.37648 19.92649 -0.08224 0.49412 0.50588 0.49804 1.00000
v -1.36341 19.20850 -0.62833 0.49412 0.50588 0.49804 1.00000
v -1.49677 18.21529 -0.32557 0.49412 0.50588 0.49804 1.00000
v -1.54798 17.81966 0.48216 0.49412 0.50588 0.49804 1.00000
v -1.14463 18.65476 0.81916 0.49412 0.50588 0.49804 1.00000
v -1.73367 18.94841 0.72226 0.49412 0.50588 0.49804 1.00000
v -1.67590 19.60498 0.51274 0.49412 0.50588 0.49804 1.00000
v -1.72262 19.88181 -0.05141 0.49412 0.50588 0.49804 1.00000
v -1.80886 19.31496 -0.49267 0.49412 0.50588 0.49804 1.00000
v -1.95699 18.60214 -0.25315 0.49412 0.50588 0.49804 1.00000
v -2.02396 18.29129 0.42192 0.49412 0.50588 0.49804 1.00000
v -1.73367 18.94841 0.72226 0.49412 0.50588 0.49804 1.00000
v -2.31461 19.21825 0.64540 0.49412 0.50588 0.49804 1.00000
v -2.17636 19.64343 0.46199 0.49412 0.50588 0.49804 1.00000
v -2.09529 19.89223 -0.02361 0.49412 0.50588 0.49804 1.00000
v -2.24943 19.43847 -0.38410 0.49412 0.50588 0.49804 1.00000
v -2.42697 18.93824 -0.19118 0.49412 0.50588 0.49804 1.00000
v -2.52696 18.69027 0.38156 0.49412 0.50588 0.49804 1.00000
v -2.31461 19.21825 0.64540 0.49412 0.50588 0.49804 1.00000
v -4.40259 19.88832 0.42506 0.49412 0.50588 0.49804 1.00000
v -4.22698 20.38555 0.33769 0.49412 0.50588 0.49804 1.00000
v -4.15043 20.37879 -0.13056 0.49412 0.50588 0.49804 1.00000
v -4.14712 20.18006 -0.53265 0.49412 0.50588 0.49804 1.00000
v -4.29953 19.81193 -0.33481 0.49412 0.50588 0.49804 1.00000
v -4.41646 19.62759 0.00577 0.49412 0.50588 0.49804 1.00000
v -4.40259 19.88832 0.42506 0.49412 0.50588 0.49804 1.00000
v -6.58389 20.22608 -0.18166 0.49412 0.50588 0.49804 1.00000
v -6.51313 20.61263 -0.22169 0.49412 0.50588 0.49804 1.00000
v -6.38332 20.94283 -0.56492 0.49412 0.50588 0.49804 1.00000
v -6.36641 20.57116 -0.90498 0.49412 0.50588 0.49804 1.00000
v -6.43747 20.14805 -0.88964 0.49412 0.50588 0.49804 1.00000
v -6.56737 19.87313 -0.50664 0.49412 0.50588 0.49804 1.00000
v -6.58389 20.22608 -0.18166 0.49412 0.50588 0.49804 1.00000
v -8.25794 20.04844 -0.51770 0.49412 0.50588 0.49804 1.00000
v -8.32988 20.50939 -0.46946 0.49412 0.50588 0.49804 1.00000
v -8.30037 20.77555 -0.84922 0.49412 0.50588 0.49804 1.00000
v -8.21469 20.49041 -1.11528 0.49412 0.50588 0.49804 1.00000
v -8.14426 20.16449 -1.26159 0.49412 0.50588 0.49804 1.00000
v -8.17758 19.98055 -0.92498 0.49412 0.50588 0.49804 1.00000
v -8.25794 20.04844 -0.51770 0.49412 0.50588 0.49804 1.00000
v -10.31347 19.74687 -0.91294 0.49412 0.50588 0.49804 1.00000
v -10.39514 20.04556 -0.72543 0.49412 0.50588 0.49804 1.00000
v -10.43835 20.26007 -1.04030 0.49412 0.50588 0.49804 1.00000
v -10.39036 20.10680 -1.31368 0.49412 0.50588 0.49804 1.00000
v -10.32833 19.86373 -1.33721 0.49412 0.50588 0.49804 1.00000
v -10.25801 19.56576 -1.19964 0.49412 0.50588 0.49804 1.00000
v -10.31347 19.74687 -0.91294 0.49412 0.50588 0.49804 1.00000
v -11.90171 19.24173 -0.77118 0.49412 0.50588 0.49804 1.00000
v -11.97509 19.55213 -0.70062 0.49412 0.50588 0.49804 1.00000
v -12.06267 19.81122 -0.87274 0.49412 0.50588 0.49804 1.00000
v -12.05951 19.67854 -1.15047 0.49412 0.50588 0.49804 1.00000
v -12.01361 19.43673 -1.30429 0.49412 0.50588 0.49804 1.00000
v -11.93176 19.21357 -1.09967 0.49412 0.50588 0.49804 1.00000
v -11.90171 19.24173 -0.77118 0.49412 0.50588 0.49804 1.00000
v -14.04092 19.14811 -0.74608 0.49412 0.50588 0.49804 1.00000
v -14.03021 19.32098 -0.55640 0.49412 0.50588 0.49804 1.00000
v -14.04428 19.56344 -0.69577 0.49412 0.50588 0.49804 1.00000
v -14.05964 19.49489 -0.92588 0.49412 0.50588 0.49804 1.00000
v -14.06536 19.34206 -1.04135 0.49412 0.50588 0.49804 1.00000
v -14.05528 19.18260 -0.93810 0.49412 0.50588 0.49804 1.00000
v -14.04092 19.14811 -0.74608 0.49412 0.50588 0.49804 1.00000
v -16.05068 19.03781 -0.48658 0.49412 0.50588 0.49804 1.00000
v -16.04303 19.23000 -0.41752 0.49412 0.50588 0.49804 1.00000
v -16.05304 19.39733 -0.44362 0.49412 0.50588 0.49804 1.00000
v -16.09257 19.47425 -0.63631 0.49412 0.50588 0.49804 1.00000
v -16.10963 19.29301 -0.75244 0.49412 0.50588 0.49804 1.00000
v -16.08907 19.12709 -0.67150 0.49412 0.50588 0.49804 1.00000
v -16.05068 19.03781 -0.48658 0.49412 0.50588 0.49804 1.00000
v -17.60314 18.98335 -0.16085 0.49412 0.50588 0.49804 1.00000
v -17.56893 19.13609 0.00772 0.49412 0.50588 0.49804 1.00000
v -17.58658 19.35766 -0.03895 0.49412 0.50588 0.49804 1.00000
v -17.63244 19.37369 -0.23531 0.49412 0.50588 0.49804 1.00000
v -17.67084 19.28149 -0.41385 0.49412 0.50588 0.49804 1.00000
v -17.65668 19.04682 -0.38405 0.49412 0.50588 0.49804 1.00000
v -17.60314 18.98335 -0.16085 0.49412 0.50588 0.49804 1.00000
v -19.46874 18.98805 -0.00616 0.49412 0.50588 0.49804 1.00000
v -19.44986 19.07973 0.15497 0.49412 0.50588 0.49804 1.00000
v -19.45525 19.27618 0.15244 0.49412 0.50588 0.49804 1.00000
v -19.47847 19.29235 -0.02058 0.49412 0.50588 0.49804 1.00000
v -19.49756 19.24945 -0.17381 0.49412 0.50588 0.49804 1.00000
v -19.48945 19.08248 -0.14482 0.49412 0.50588 0.49804 1.00000
v -19.46874 18.98805 -0.00616 0.49412 0.50588 0.49804 1.00000
v -20.89874 19.02606 -0.35937 0.49412 0.50588 0.49804 1.00000
v -20.95147 19.07890 -0.23616 0.49412 0.50588 0.49804 1.00000
v -20.97966 19.23536 -0.16105 0.49412 0.50588 0.49804 1.00000
v -20.91477 19.34028 -0.30046 0.49412 0.50588 0.49804 1.00000
v -20.86082 19.26257 -0.42826 0.49412 0.50588 0.49804 1.00000
v -20.84671 19.11857 -0.47057 0.49412 0.50588 0.49804 1.00000
v -20.89874 19.02606 -0.35937 0.49412 0.50588 0.49804 1.00000
v -22.35475 19.10625 -1.29732 0.49412 0.50588 0.49804 1.00000
v -22.45583 19.17962 -1.17164 0.49412 0.50588 0.49804 1.00000
v -22.49692 19.32623 -1.10013 0.49412 0.50588 0.49804 1.00000
v -22.39738 19.41025 -1.19655 0.49412 0.50588 0.49804 1.00000
v -22.28917 19.42566 -1.31466 0.49412 0.50588 0.49804 1.00000
v -22.29476 19.26441 -1.33662 0.49412 0.50588 0.49804 1.00000
v -22.35475 19.10625 -1.29732 0.49412 0.50588 0.49804 1.00000
v -23.33046 19.49647 -2.58186 0.49412 0.50588 0.49804 1.00000
v -23.46070 19.51857 -2.48018 0.49412 0.50588 0.49804 1.00000
v -23.51828 19.66271 -2.39810 0.49412 0.50588 0.49804 1.00000
v -23.39600 19.74867 -2.46408 0.49412 0.50588 0.49804 1.00000
v -23.30913 19.73441 -2.53177 0.49412 0.50588 0.49804 1.00000
v -23.23358 19.63444 -2.61483 0.49412 0.50588 0.49804 1.00000
v -23.33046 19.49647 -2.58186 0.49412 0.50588 0.49804 1.00000
v -24.19540 20.17563 -3.81690 0.49412 0.50588 0.49804 1.00000
v -24.19540 20.17563 -3.81690 0.49412 0.50588 0.49804 1.00000
v -24.19540 20.17563 -3.81690 0.49412 0.50588 0.49804 1.00000
v 0.29578 18.58953 0.13163 0.49412 0.50588 0.49804 1.00000
v 0.08419 18.78282 0.32946 0.49412 0.50588 0.49804 1.00000
v -0.10701 20.26150 0.25719 0.49412 0.50588 0.49804 1.00000
v 0.07130 20.28659 0.07560 0.49412 0.50588 0.49804 1.00000
v -0.92334 20.83837 0.03316 0.49412 0.50588 0.49804 1.00000
v -0.99740 20.76676 0.15660 0.49412 0.50588 0.49804 1.00000
v -1.46148 19.92156 -0.47646 0.49412 0.50588 0.49804 1.00000
v -1.37801 19.89606 -0.71112 0.49412 0.50588 0.49804 1.00000
v -1.25720 18.13755 -0.40631 0.49412 0.50588 0.49804 1.00000
v -1.35618 18.38399 -0.20247 0.49412 0.50588 0.49804 1.00000
v -0.71098 17.71512 0.51233 0.49412 0.50588 0.49804 1.00000
v -0.57805 17.38279 0.39401 0.49412 0.50588 0.49804 1.00000
v 0.29578 18.58953 0.13163 0.49412 0.50588 0.49804 1.00000
v 0.08419 18.78282 0.32946 0.49412 0.50588 0.49804 1.00000
v -0.29727 19.08306 0.70082 0.49412 0.50588 0.49804 1.00000
v -0.43714 20.24403 0.60346 0.49412 0.50588 0.49804 1.00000
v -1.15723 20.68838 0.43309 0.49412 0.50588 0.49804 1.00000
v -1.61504 19.98569 -0.04581 0.49412 0.50588 0.49804 1.00000
v -1.53951 18.76412 0.19358 0.49412 0.50588 0.49804 1.00000
v -0.97002 18.20664 0.79626 0.49412 0.50588 0.49804 1.00000
v -0.29727 19.08306 0.70082 0.49412 0.50588 0.49804 1.00000
v -0.57865 19.29660 0.97512 0.49412 0.50588 0.49804 1.00000
v -0.68201 20.23279 0.86035 0.49412 0.50588 0.49804 1.00000
v -1.27787 20.63577 0.64440 0.49412 0.50588 0.49804 1.00000
v -1.72679 20.03422 0.27289 0.49412 0.50588 0.49804 1.00000
v -1.67339 19.03503 0.48923 0.49412 0.50588 0.49804 1.00000
v -1.16284 18.55328 1.01457 0.49412 0.50588 0.49804 1.00000
v -0.57865 19.29660 0.97512 0.49412 0.50588 0.49804 1.00000
v -0.99010 19.59004 1.39028 0.49412 0.50588 0.49804 1.00000
v -1.04377 20.23903 1.25004 0.49412 0.50588 0.49804 1.00000
v -1.47095 20.59134 0.98055 0.49412 0.50588 0.49804 1.00000
v -1.89962 20.11941 0.74278 0.49412 0.50588 0.49804 1.00000
v -1.87979 19.40193 0.93754 0.49412 0.50588 0.49804 1.00000
v -1.45819 19.01108 1.37245 0.49412 0.50588 0.49804 1.00000
v -0.99010 19.59004 1.39028 0.49412 0.50588 0.49804 1.00000
v -1.38260 19.85679 1.81551 0.49412 0.50588 0.49804 1.00000
v -1.39228 20.28829 1.64714 0.49412 0.50588 0.49804 1.00000
v -1.68168 20.60121 1.33451 0.49412 0.50588 0.49804 1.00000
v -2.09009 20.22721 1.19594 0.49412 0.50588 0.49804 1.00000
v -2.10433 19.72162 1.38774 0.49412 0.50588 0.49804 1.00000
v -1.76287 19.39688 1.76675 0.49412 0.50588 0.49804 1.00000
v -1.38260 19.85679 1.81551 0.49412 0.50588 0.49804 1.00000
v -2.70622 20.68883 3.49776 0.49412 0.50588 0.49804 1.00000
v -2.58335 21.14791 3.33043 0.49412 0.50588 0.49804 1.00000
v -2.89999 21.21917 3.02267 0.49412 0.50588 0.49804 1.00000
v -3.24231 21.10783 2.80093 0.49412 0.50588 0.49804 1.00000
v -3.24393 20.74596 3.01275 0.49412 0.50588 0.49804 1.00000
v -3.08270 20.52489 3.27833 0.49412 0.50588 0.49804 1.00000
v -2.70622 20.68883 3.49776 0.49412 0.50588 0.49804 1.00000
v -4.08179 21.69106 4.61116 0.49412 0.50588 0.49804 1.00000
v -3.94245 22.01072 4.48321 0.49412 0.50588 0.49804 1.00000
v -4.00305 22.31565 4.13850 0.49412 0.50588 0.49804 1.00000
v -4.35706 22.04733 3.97317 0.49412 0.50588 0.49804 1.00000
v -4.52613 21.70037 4.09152 0.49412 0.50588 0.49804 1.00000
v -4.41915 21.43647 4.45259 0.49412 0.50588 0.49804 1.00000
v -4.08179 21.69106 4.61116 0.49412 0.50588 0.49804 1.00000
v -5.51207 22.69564 5.45295 0.49412 0.50588 0.49804 1.00000
v -5.34306 22.96681 5.41940 0.49412 0.50588 0.49804 1.00000
v -5.33601 23.24197 5.10693 0.49412 0.50588 0.49804 1.00000
v -5.61348 22.99975 4.92273 0.49412 0.50588 0.49804 1.00000
v -5.85977 22.67696 4.88630 0.49412 0.50588 0.49804 1.00000
v -5.78690 22.44700 5.28077 0.49412 0.50588 0.49804 1.00000
v -5.51207 22.69564 5.45295 0.49412 0.50588 0.49804 1.00000
v -7.00222 23.45010 6.20880 0.49412 0.50588 0.49804 1.00000
v -6.86799 23.75661 6.16318 0.49412 0.50588 0.49804 1.00000
v -6.86628 23.98890 5.91625 0.49412 0.50588 0.49804 1.00000
v -7.06004 23.89592 5.60511 0.49412 0.50588 0.49804 1.00000
v -7.17253 23.58294 5.70386 0.49412 0.50588 0.49804 1.00000
v -7.21084 23.30556 5.92171 0.49412 0.50588 0.49804 1.00000
v -7.00222 23.45010 6.20880 0.49412 0.50588 0.49804 1.00000
v -8.57743 24.05787 6.76450 0.49412 0.50588 0.49804 1.00000
v -8.44666 24.27042 6.92054 0.49412 0.50588 0.49804 1.00000
v -8.49476 24.47816 6.68288 0.49412 0.50588 0.49804 1.00000
v -8.63232 24.45129 6.39475 0.49412 0.50588 0.49804 1.00000
v -8.75063 24.13953 6.32890 0.49412 0.50588 0.49804 1.00000
v -8.69861 23.93926 6.57053 0.49412 0.50588 0.49804 1.00000
v -8.57743 24.05787 6.76450 0.49412 0.50588 0.49804 1.00000
v -10.83399 24.60602 6.77505 0.49412 0.50588 0.49804 1.00000
v -10.79900 24.81647 6.92367 0.49412 0.50588 0.49804 1.00000
v -10.75763 25.03076 6.75796 0.49412 0.50588 0.49804 1.00000
v -10.76548 24.96334 6.52454 0.49412 0.50588 0.49804 1.00000
v -10.79732 24.77723 6.44268 0.49412 0.50588 0.49804 1.00000
v -10.83995 24.54742 6.52472 0.49412 0.50588 0.49804 1.00000
v -10.83399 24.60602 6.77505 0.49412 0.50588 0.49804 1.00000
v -13.02023 24.91103 6.80957 0.49412 0.50588 0.49804 1.00000
v -13.00760 25.04354 6.87961 0.49412 0.50588 0.49804 1.00000
v -13.00431 25.19743 6.83459 0.49412 0.50588 0.49804 1.00000
v -13.01937 25.21146 6.65983 0.49412 0.50588 0.49804 1.00000
v -13.03912 25.06664 6.51718 0.49412 0.50588 0.49804 1.00000
v -13.03259 24.93325 6.66045 0.49412 0.50588 0.49804 1.00000
v -13.02023 24.91103 6.80957 0.49412 0.50588 0.49804 1.00000
v -14.69524 24.92965 7.10322 0.49412 0.50588 0.49804 1.00000
v -14.67131 25.06252 7.19233 0.49412 0.50588 0.49804 1.00000
v -14.67362 25.23162 7.17072 0.49412 0.50588 0.49804 1.00000
v -14.71513 25.25706 6.99786 0.49412 0.50588 0.49804 1.00000
v -14.75512 25.13846 6.84153 0.49412 0.50588 0.49804 1.00000
v -14.74231 24.93027 6.90920 0.49412 0.50588 0.49804 1.00000
v -14.69524 24.92965 7.10322 0.49412 0.50588 0.49804 1.00000
v -16.24199 24.92588 7.66601 0.49412 0.50588 0.49804 1.00000
v -16.17303 25.04902 7.81916 0.49412 0.50588 0.49804 1.00000
v -16.20329 25.22167 7.74030 0.49412 0.50588 0.49804 1.00000
v -16.26215 25.32486 7.59886 0.49412 0.50588 0.49804 1.00000
v -16.31439 25.18163 7.48544 0.49412 0.50588 0.49804 1.00000
v -16.30980 25.00588 7.50511 0.49412 0.50588 0.49804 1.00000
v -16.24199 24.92588 7.66601 0.49412 0.50588 0.49804 1.00000
v -17.66467 25.00087 8.36806 0.49412 0.50588 0.49804 1.00000
v -17.60844 25.09516 8.47030 0.49412 0.50588 0.49804 1.00000
v -17.59583 25.24843 8.48693 0.49412 0.50588 0.49804 1.00000
v -17.66282 25.35020 8.35492 0.49412 0.50588 0.49804 1.00000
v -17.73436 25.24357 8.22420 0.49412 0.50588 0.49804 1.00000
v -17.71763 25.09079 8.26324 0.49412 0.50588 0.49804 1.00000
v -17.66467 25.00087 8.36806 0.49412 0.50588 0.49804 1.00000
v -19.11324 25.03709 8.84236 0.49412 0.50588 0.49804 1.00000
v -19.08215 25.09495 8.95795 0.49412 0.50588 0.49804 1.00000
v -19.06565 25.24450 9.01872 0.49412 0.50588 0.49804 1.00000
v -19.10410 25.33055 8.87507 0.49412 0.50588 0.49804 1.00000
v -19.13590 25.24946 8.75697 0.49412 0.50588 0.49804 1.00000
v -19.14408 25.11384 8.72710 0.49412 0.50588 0.49804 1.00000
v -19.11324 25.03709 8.84236 0.49412 0.50588 0.49804 1.00000
v -20.87807 24.98786 8.81200 0.49412 0.50588 0.49804 1.00000
v -20.87875 25.06531 8.95796 0.49412 0.50588 0.49804 1.00000
v -20.88043 25.20706 9.02510 0.49412 0.50588 0.49804 1.00000
v -20.88164 25.27834 8.89186 0.49412 0.50588 0.49804 1.00000
v -20.88204 25.28415 8.74190 0.49412 0.50588 0.49804 1.00000
v -20.88009 25.13235 8.73890 0.49412 0.50588 0.49804 1.00000
v -20.87807 24.98786 8.81200 0.49412 0.50588 0.49804 1.00000
v -22.53096 25.20589 8.24050 0.49412 0.50588 0.49804 1.00000
v -22.53096 25.20589 8.24050 0.49412 0.50588 0.49804 1.00000
v -22.53096 25.20589 8.24050 0.49412 0.50588 0.49804 1.00000
v -1.81110 25.95770 -0.76698 0.49412 0.50588 0.49804 1.00000
v -1.27872 26.28650 -0.57931 0.49412 0.50588 0.49804 1.00000
v -1.20639 27.55472 -0.39406 0.49412 0.50588 0.49804 1.00000
v -1.66160 27.48283 -0.56165 0.49412 0.50588 0.49804 1.00000
v -1.86545 27.07704 0.44998 0.49412 0.50588 0.49804 1.00000
v -1.37418 27.23081 0.51312 0.49412 0.50588 0.49804 1.00000
v -0.98426 25.86548 0.33213 0.49412 0.50588 0.49804 1.00000
v -1.39909 25.44473 0.25521 0.49412 0.50588 0.49804 1.00000
v -1.81110 25.95770 -0.76698 0.49412 0.50588 0.49804 1.00000
v -1.27872 26.28650 -0.57931 0.49412 0.50588 0.49804 1.00000
v -0.52873 26.72159 -0.31638 0.49412 0.50588 0.49804 1.00000
v -0.53995 27.67732 -0.16399 0.49412 0.50588 0.49804 1.00000
v -0.68042 27.45534 0.59666 0.49412 0.50588 0.49804 1.00000
v -0.36585 26.40641 0.44059 0.49412 0.50588 0.49804 1.00000
v -0.52873 26.72159 -0.31638 0.49412 0.50588 0.49804 1.00000
v 0.25151 27.15971 -0.04493 0.49412 0.50588 0.49804 1.00000
v 0.16512 27.81917 0.07156 0.49412 0.50588 0.49804 1.00000
v 0.04087 27.69432 0.68322 0.49412 0.50588 0.49804 1.00000
v 0.29500 26.94107 0.55540 0.49412 0.50588 0.49804 1.00000
v 0.25151 27.15971 -0.04493 0.49412 0.50588 0.49804 1.00000
v 1.16232 27.64448 0.25838 0.49412 0.50588 0.49804 1.00000
v 1.00050 28.03483 0.33465 0.49412 0.50588 0.49804 1.00000
v 0.87243 27.99285 0.80139 0.49412 0.50588 0.49804 1.00000
v 1.09794 27.50412 0.70710 0.49412 0.50588 0.49804 1.00000
v 1.16232 27.64448 0.25838 0.49412 0.50588 0.49804 1.00000
v 4.05157 29.07288 1.46559 0.49412 0.50588 0.49804 1.00000
v 3.86259 29.46192 1.40964 0.49412 0.50588 0.49804 1.00000
v 3.75721 29.38203 1.76002 0.49412 0.50588 0.49804 1.00000
v 3.89056 29.06413 1.85528 0.49412 0.50588 0.49804 1.00000
v 4.05157 29.07288 1.46559 0.49412 0.50588 0.49804 1.00000
v 6.44887 30.44255 2.35859 0.49412 0.50588 0.49804 1.00000
v 6.34049 30.70591 2.26508 0.49412 0.50588 0.49804 1.00000
v 6.18535 30.83568 2.56666 0.49412 0.50588 0.49804 1.00000
v 6.33485 30.50000 2.64700 0.49412 0.50588 0.49804 1.00000
v 6.44887 30.44255 2.35859 0.49412 0.50588 0.49804 1.00000
v 9.02463 31.29665 3.00641 0.49412 0.50588 0.49804 1.00000
v 9.00347 31.49986 2.87827 0.49412 0.50588 0.49804 1.00000
v 8.91451 31.67602 3.11204 0.49412 0.50588 0.49804 1.00000
v 8.96034 31.39564 3.20762 0.49412 0.50588 0.49804 1.00000
v 9.02463 31.29665 3.00641 0.49412 0.50588 0.49804 1.00000
v 10.98004 32.14139 4.35808 0.49412 0.50588 0.49804 1.00000
v 10.99970 32.34001 4.22581 0.49412 0.50588 0.49804 1.00000
v 10.84646 32.48177 4.34472 0.49412 0.50588 0.49804 1.00000
v 10.80367 32.27429 4.51128 0.49412 0.50588 0.49804 1.00000
v 10.98004 32.14139 4.35808 0.49412 0.50588 0.49804 1.00000
v 12.58881 33.15644 5.85971 0.49412 0.50588 0.49804 1.00000
v 12.66007 33.23479 5.72456 0.49412 0.50588 0.49804 1.00000
v 12.51927 33.35236 5.79362 0.49412 0.50588 0.49804 1.00000
v 12.46051 33.23724 5.94178 0.49412 0.50588 0.49804 1.00000
v 12.58881 33.15644 5.85971 0.49412 0.50588 0.49804 1.00000
v 14.02516 34.94338 7.34148 0.49412 0.50588 0.49804 1.00000
v 14.07348 35.00763 7.19398 0.49412 0.50588 0.49804 1.00000
v 13.93560 35.11336 7.18216 0.49412 0.50588 0.49804 1.00000
v 13.89709 35.04203 7.32984 0.49412 0.50588 0.49804 1.00000
v 14.02516 34.94338 7.34148 0.49412 0.50588 0.49804 1.00000
v 14.69613 36.98775 8.87036 0.49412 0.50588 0.49804 1.00000
v 14.69613 36.98775 8.87036 0.49412 0.50588 0.49804 1.00000
v -2.09294 25.41411 0.18220 0.49412 0.50588 0.49804 1.00000
v -1.90540 25.69652 -0.33494 0.49412 0.50588 0.49804 1.00000
v -1.68011 26.96909 -0.60874 0.49412 0.50588 0.49804 1.00000
v -1.82229 26.93272 -0.21962 0.49412 0.50588 0.49804 1.00000
v -0.88248 26.56767 0.37484 0.49412 0.50588 0.49804 1.00000
v -0.82202 26.68884 -0.12864 0.49412 0.50588 0.49804 1.00000
v -0.92444 25.24326 -0.33401 0.49412 0.50588 0.49804 1.00000
v -0.98450 24.84097 0.13647 0.49412 0.50588 0.49804 1.00000
v -2.09294 25.41411 0.18220 0.49412 0.50588 0.49804 1.00000
v -1.90540 25.69652 -0.33494 0.49412 0.50588 0.49804 1.00000
v -1.63811 26.06392 -1.06009 0.49412 0.50588 0.49804 1.00000
v -1.47528 27.03570 -1.19008 0.49412 0.50588 0.49804 1.00000
v -0.73887 26.86372 -0.83902 0.49412 0.50588 0.49804 1.00000
v -0.82756 25.74867 -1.02122 0.49412 0.50588 0.49804 1.00000
v -1.63811 26.06392 -1.06009 0.49412 0.50588 0.49804 1.00000
v -1.36091 26.43078 -1.81295 0.49412 0.50588 0.49804 1.00000
v -1.26143 27.11651 -1.81118 0.49412 0.50588 0.49804 1.00000
v -0.65161 27.04976 -1.57734 0.49412 0.50588 0.49804 1.00000
v -0.71943 26.24218 -1.74847 0.49412 0.50588 0.49804 1.00000
v -1.36091 26.43078 -1.81295 0.49412 0.50588 0.49804 1.00000
v -1.05694 26.83369 -2.69047 0.49412 0.50588 0.49804 1.00000
v -1.02180 27.25784 -2.56016 0.49412 0.50588 0.49804 1.00000
v -0.53518 27.28865 -2.42857 0.49412 0.50588 0.49804 1.00000
v -0.57239 26.75480 -2.61787 0.49412 0.50588 0.49804 1.00000
v -1.05694 26.83369 -2.69047 0.49412 0.50588 0.49804 1.00000
v -0.50661 27.77286 -5.72351 0.49412 0.50588 0.49804 1.00000
v -0.58632 28.21209 -5.61811 0.49412 0.50588 0.49804 1.00000
v -0.19638 28.19283 -5.56596 0.49412 0.50588 0.49804 1.00000
v -0.07665 27.84429 -5.64129 0.49412 0.50588 0.49804 1.00000
v -0.50661 27.77286 -5.72351 0.49412 0.50588 0.49804 1.00000
v -0.04570 28.03604 -8.48542 0.49412 0.50588 0.49804 1.00000
v -0.13714 28.33966 -8.49693 0.49412 0.50588 0.49804 1.00000
v 0.19636 28.52584 -8.45375 0.49412 0.50588 0.49804 1.00000
v 0.27061 28.13477 -8.44453 0.49412 0.50588 0.49804 1.00000
v -0.04570 28.03604 -8.48542 0.49412 0.50588 0.49804 1.00000
v 0.64528 27.87955 -11.64519 0.49412 0.50588 0.49804 1.00000
v 0.42703 28.14194 -11.65964 0.49412 0.50588 0.49804 1.00000
v 0.66426 28.33803 -11.51903 0.49412 0.50588 0.49804 1.00000
v 0.78920 28.09277 -11.53542 0.49412 0.50588 0.49804 1.00000
v 0.64528 27.87955 -11.64519 0.49412 0.50588 0.49804 1.00000
v 1.47577 28.97830 -14.39721 0.49412 0.50588 0.49804 1.00000
v 1.25535 29.08001 -14.40149 0.49412 0.50588 0.49804 1.00000
v 1.40702 29.24511 -14.26054 0.49412 0.50588 0.49804 1.00000
v 1.56984 29.10636 -14.29473 0.49412 0.50588 0.49804 1.00000
v 1.47577 28.97830 -14.39721 0.49412 0.50588 0.49804 1.00000
v 2.15163 30.41989 -16.13218 0.49412 0.50588 0.49804 1.00000
v 1.97512 30.50722 -16.12076 0.49412 0.50588 0.49804 1.00000
v 2.01446 30.63501 -15.97833 0.49412 0.50588 0.49804 1.00000
v 2.17269 30.54612 -15.99901 0.49412 0.50588 0.49804 1.00000
v 2.15163 30.41989 -16.13218 0.49412 0.50588 0.49804 1.00000
v 3.45248 32.29834 -17.43199 0.49412 0.50588 0.49804 1.00000
v 3.30783 32.36222 -17.49535 0.49412 0.50588 0.49804 1.00000
v 3.31006 32.45966 -17.34279 0.49412 0.50588 0.49804 1.00000
v 3.44469 32.38178 -17.31219 0.49412 0.50588 0.49804 1.00000
v 3.45248 32.29834 -17.43199 0.49412 0.50588 0.49804 1.00000
v 5.33357 33.83974 -18.23217 0.49412 0.50588 0.49804 1.00000
v 5.33357 33.83974 -18.23217 0.49412 0.50588 0.49804 1.00000
v -1.81353 27.87802 0.45159 0.49412 0.50588 0.49804 1.00000
v -2.17041 28.17652 -0.05099 0.49412 0.50588 0.49804 1.00000
v -1.96192 29.43736 -0.62256 0.49412 0.50588 0.49804 1.00000
v -1.63221 29.38291 -0.26471 0.49412 0.50588 0.49804 1.00000
v -0.96252 27.74645 -0.38960 0.49412 0.50588 0.49804 1.00000
v -1.39873 28.08230 -0.80071 0.49412 0.50588 0.49804 1.00000
v -2.17041 28.17652 -0.05099 0.49412 0.50588 0.49804 1.00000
v -1.81353 27.87802 0.45159 0.49412 0.50588 0.49804 1.00000
v -2.66819 28.56711 -0.75544 0.49412 0.50588 0.49804 1.00000
v -2.44832 29.53067 -1.14694 0.49412 0.50588 0.49804 1.00000
v -2.01259 28.51884 -1.37943 0.49412 0.50588 0.49804 1.00000
v -2.66819 28.56711 -0.75544 0.49412 0.50588 0.49804 1.00000
v -3.18506 28.95831 -1.48451 0.49412 0.50588 0.49804 1.00000
v -2.96455 29.63981 -1.70230 0.49412 0.50588 0.49804 1.00000
v -2.64954 28.95381 -1.98215 0.49412 0.50588 0.49804 1.00000
v -3.18506 28.95831 -1.48451 0.49412 0.50588 0.49804 1.00000
v -3.79808 29.38949 -2.31448 0.49412 0.50588 0.49804 1.00000
v -3.57764 29.81463 -2.36403 0.49412 0.50588 0.49804 1.00000
v -3.38027 29.42450 -2.69334 0.49412 0.50588 0.49804 1.00000
v -3.79808 29.38949 -2.31448 0.49412 0.50588 0.49804 1.00000
v -6.10391 30.50315 -5.01402 0.49412 0.50588 0.49804 1.00000
v -5.96196 30.95543 -4.97026 0.49412 0.50588 0.49804 1.00000
v -5.79072 30.67221 -5.20209 0.49412 0.50588 0.49804 1.00000
v -6.10391 30.50315 -5.01402 0.49412 0.50588 0.49804 1.00000
v -7.44381 31.04190 -7.96385 0.49412 0.50588 0.49804 1.00000
v -7.42730 31.36040 -7.92957 0.49412 0.50588 0.49804 1.00000
v -7.10307 31.20740 -8.06821 0.49412 0.50588 0.49804 1.00000
v -7.44381 31.04190 -7.96385 0.49412 0.50588 0.49804 1.00000
v -7.82668 32.24618 -10.71723 0.49412 0.50588 0.49804 1.00000
v -7.86686 32.46877 -10.60167 0.49412 0.50588 0.49804 1.00000
v -7.56563 32.40529 -10.68834 0.49412 0.50588 0.49804 1.00000
v -7.82668 32.24618 -10.71723 0.49412 0.50588 0.49804 1.00000
v -8.22946 33.31075 -13.31221 0.49412 0.50588 0.49804 1.00000
v -8.29783 33.50995 -13.23238 0.49412 0.50588 0.49804 1.00000
v -8.07566 33.49549 -13.27095 0.49412 0.50588 0.49804 1.00000
v -8.22946 33.31075 -13.31221 0.49412 0.50588 0.49804 1.00000
v -7.95663 33.83944 -16.39884 0.49412 0.50588 0.49804 1.00000
v -8.07201 33.97498 -16.40582 0.49412 0.50588 0.49804 1.00000
v -7.86685 33.97520 -16.37741 0.49412 0.50588 0.49804 1.00000
v -7.95663 33.83944 -16.39884 0.49412 0.50588 0.49804 1.00000
v -7.00238 34.45225 -19.26950 0.49412 0.50588 0.49804 1.00000
v -7.00238 34.45225 -19.26950 0.49412 0.50588 0.49804 1.00000
v -1.07982 26.94561 0.35213 0.49412 0.50588 0.49804 1.00000
v -1.65521 27.29659 0.20810 0.49412 0.50588 0.49804 1.00000
v -2.05963 28.55784 -0.40835 0.49412 0.50588 0.49804 1.00000
v -1.64827 28.46840 -0.33739 0.49412 0.50588 0.49804 1.00000
v -1.27124 26.81181 -0.84349 0.49412 0.50588 0.49804 1.00000
v -1.80663 27.16585 -0.86947 0.49412 0.50588 0.49804 1.00000
v -1.65521 27.29659 0.20810 0.49412 0.50588 0.49804 1.00000
v -1.07982 26.94561 0.35213 0.49412 0.50588 0.49804 1.00000
v -2.46409 27.75476 0.01297 0.49412 0.50588 0.49804 1.00000
v -2.67537 28.69931 -0.49895 0.49412 0.50588 0.49804 1.00000
v -2.55983 27.62973 -0.89743 0.49412 0.50588 0.49804 1.00000
v -2.46409 27.75476 0.01297 0.49412 0.50588 0.49804 1.00000
v -3.30408 28.21356 -0.18478 0.49412 0.50588 0.49804 1.00000
v -3.33307 28.85784 -0.58922 0.49412 0.50588 0.49804 1.00000
v -3.34222 28.09432 -0.92458 0.49412 0.50588 0.49804 1.00000
v -3.30408 28.21356 -0.18478 0.49412 0.50588 0.49804 1.00000
v -4.27729 28.72290 -0.39698 0.49412 0.50588 0.49804 1.00000
v -4.12058 29.08806 -0.69352 0.49412 0.50588 0.49804 1.00000
v -4.24874 28.60383 -0.97118 0.49412 0.50588 0.49804 1.00000
v -4.27729 28.72290 -0.39698 0.49412 0.50588 0.49804 1.00000
v -7.58656 29.56114 -1.35328 0.49412 0.50588 0.49804 1.00000
v -7.45631 29.98582 -1.58546 0.49412 0.50588 0.49804 1.00000
v -7.45987 29.59614 -1.75622 0.49412 0.50588 0.49804 1.00000
v -7.58656 29.56114 -1.35328 0.49412 0.50588 0.49804 1.00000
v -10.58778 29.62030 -2.01997 0.49412 0.50588 0.49804 1.00000
v -10.56874 29.93506 -2.14691 0.49412 0.50588 0.49804 1.00000
v -10.52575 29.64621 -2.43089 0.49412 0.50588 0.49804 1.00000
v -10.58778 29.62030 -2.01997 0.49412 0.50588 0.49804 1.00000
v -13.88846 30.13103 -2.38705 0.49412 0.50588 0.49804 1.00000
v -13.76727 30.47072 -2.38435 0.49412 0.50588 0.49804 1.00000
v -13.72525 30.26451 -2.67303 0.49412 0.50588 0.49804 1.00000
v -13.88846 30.13103 -2.38705 0.49412 0.50588 0.49804 1.00000
v -16.53405 31.05049 -3.81378 0.49412 0.50588 0.49804 1.00000
v -16.49146 31.28891 -3.74881 0.49412 0.50588 0.49804 1.00000
v -16.38290 31.14319 -3.95701 0.49412 0.50588 0.49804 1.00000
v -16.53405 31.05049 -3.81378 0.49412 0.50588 0.49804 1.00000
v -18.00091 32.02389 -6.05029 0.49412 0.50588 0.49804 1.00000
v -17.96903 32.21717 -5.98262 0.49412 0.50588 0.49804 1.00000
v -17.81927 32.14086 -6.10060 0.49412 0.50588 0.49804 1.00000
v -18.00091 32.02389 -6.05029 0.49412 0.50588 0.49804 1.00000
v -19.11619 33.33014 -8.19978 0.49412 0.50588 0.49804 1.00000
v -19.11619 33.33014 -8.19978 0.49412 0.50588 0.49804 1.00000
v -0.78336 26.64705 -0.48301 0.49412 0.50588 0.49804 1.00000
v -1.14845 27.05402 -0.04854 0.49412 0.50588 0.49804 1.00000
v -1.93997 28.23697 -0.02490 0.49412 0.50588 0.49804 1.00000
v -1.70517 28.09575 -0.34987 0.49412 0.50588 0.49804 1.00000
v -1.97721 26.27397 -0.49619 0.49412 0.50588 0.49804 1.00000
v -2.21371 26.71519 -0.10043 0.49412 0.50588 0.49804 1.00000
v -1.14845 27.05402 -0.04854 0.49412 0.50588 0.49804 1.00000
v -0.78336 26.64705 -0.48301 0.49412 0.50588 0.49804 1.00000
v -1.65338 27.59644 0.56642 0.49412 0.50588 0.49804 1.00000
v -2.27151 28.45814 0.46932 0.49412 0.50588 0.49804 1.00000
v -2.53725 27.29842 0.47157 0.49412 0.50588 0.49804 1.00000
v -1.65338 27.59644 0.56642 0.49412 0.50588 0.49804 1.00000
v -2.17278 28.14575 1.20710 0.49412 0.50588 0.49804 1.00000
v -2.61735 28.70260 0.99981 0.49412 0.50588 0.49804 1.00000
v -2.87121 27.88490 1.07256 0.49412 0.50588 0.49804 1.00000
v -2.17278 28.14575 1.20710 0.49412 0.50588 0.49804 1.00000
v -2.76089 28.76663 1.95245 0.49412 0.50588 0.49804 1.00000
v -3.02678 29.03530 1.63098 0.49412 0.50588 0.49804 1.00000
v -3.27338 28.52878 1.77362 0.49412 0.50588 0.49804 1.00000
v -2.76089 28.76663 1.95245 0.49412 0.50588 0.49804 1.00000
v -4.85525 30.17210 4.47567 0.49412 0.50588 0.49804 1.00000
v -5.07327 30.50138 4.15810 0.49412 0.50588 0.49804 1.00000
v -5.19725 30.09563 4.22906 0.49412 0.50588 0.49804 1.00000
v -4.85525 30.17210 4.47567 0.49412 0.50588 0.49804 1.00000
v -6.52803 30.87128 6.97582 0.49412 0.50588 0.49804 1.00000
v -6.67966 31.14044 6.82523 0.49412 0.50588 0.49804 1.00000
v -6.90034 30.79401 6.79515 0.49412 0.50588 0.49804 1.00000
v -6.52803 30.87128 6.97582 0.49412 0.50588 0.49804 1.00000
v -8.84085 31.65667 9.82708 0.49412 0.50588 0.49804 1.00000
v -8.90501 31.98484 9.68162 0.49412 0.50588 0.49804 1.00000
v -9.12523 31.70680 9.61340 0.49412 0.50588 0.49804 1.00000
v -8.84085 31.65667 9.82708 0.49412 0.50588 0.49804 1.00000
v -11.21475 32.41151 12.47715 0.49412 0.50588 0.49804 1.00000
v -11.21237 32.63478 12.43012 0.49412 0.50588 0.49804 1.00000
v -11.35656 32.45374 12.33181 0.49412 0.50588 0.49804 1.00000
v -11.21475 32.41151 12.47715 0.49412 0.50588 0.49804 1.00000
v -13.80704 32.82462 14.30063 0.49412 0.50588 0.49804 1.00000
v -13.80337 33.03065 14.26261 0.49412 0.50588 0.49804 1.00000
v -13.90320 32.91708 14.12035 0.49412 0.50588 0.49804 1.00000
v -13.80704 32.82462 14.30063 0.49412 0.50588 0.49804 1.00000
v -16.44686 33.78128 15.64594 0.49412 0.50588 0.49804 1.00000
v -16.44686 33.78128 15.64594 0.49412 0.50588 0.49804 1.00000
v -1.32555 28.93978 -0.88507 0.49412 0.50588 0.49804 1.00000
v -1.10870 29.22310 -0.27452 0.49412 0.50588 0.49804 1.00000
v -1.57736 30.39623 0.27909 0.49412 0.50588 0.49804 1.00000
v -1.82669 30.34948 -0.18434 0.49412 0.50588 0.49804 1.00000
v -2.26100 28.65334 -0.21371 0.49412 0.50588 0.49804 1.00000
v -1.95928 28.98415 0.31374 0.49412 0.50588 0.49804 1.00000
v -1.10870 29.22310 -0.27452 0.49412 0.50588 0.49804 1.00000
v -1.32555 28.93978 -0.88507 0.49412 0.50588 0.49804 1.00000
v -0.80395 29.59531 0.57985 0.49412 0.50588 0.49804 1.00000
v -1.21075 30.48221 0.95926 0.49412 0.50588 0.49804 1.00000
v -1.52905 29.41517 1.05736 0.49412 0.50588 0.49804 1.00000
v -0.80395 29.59531 0.57985 0.49412 0.50588 0.49804 1.00000
v -0.48546 29.96875 1.46443 0.49412 0.50588 0.49804 1.00000
v -0.82267 30.58528 1.68041 0.49412 0.50588 0.49804 1.00000
v -1.08036 29.84469 1.83198 0.49412 0.50588 0.49804 1.00000
v -0.48546 29.96875 1.46443 0.49412 0.50588 0.49804 1.00000
v -0.09765 30.38037 2.47991 0.49412 0.50588 0.49804 1.00000
v -0.36650 30.75415 2.54283 0.49412 0.50588 0.49804 1.00000
v -0.56605 30.30590 2.74329 0.49412 0.50588 0.49804 1.00000
v -0.09765 30.38037 2.47991 0.49412 0.50588 0.49804 1.00000
v 1.44513 31.41969 5.95288 0.49412 0.50588 0.49804 1.00000
v 1.21464 31.80655 5.90817 0.49412 0.50588 0.49804 1.00000
v 1.08861 31.48470 6.07576 0.49412 0.50588 0.49804 1.00000
v 1.44513 31.41969 5.95288 0.49412 0.50588 0.49804 1.00000
v 2.11600 32.65707 9.01042 0.49412 0.50588 0.49804 1.00000
v 1.99027 32.91799 8.93036 0.49412 0.50588 0.49804 1.00000
v 1.75223 32.68146 9.06095 0.49412 0.50588 0.49804 1.00000
v 2.11600 32.65707 9.01042 0.49412 0.50588 0.49804 1.00000
v 2.46144 33.27014 12.11082 0.49412 0.50588 0.49804 1.00000
v 2.41425 33.50078 12.08574 0.49412 0.50588 0.49804 1.00000
v 2.18199 33.32295 12.14319 0.49412 0.50588 0.49804 1.00000
v 2.46144 33.27014 12.11082 0.49412 0.50588 0.49804 1.00000
v 2.09519 33.77662 14.66504 0.49412 0.50588 0.49804 1.00000
v 2.07793 34.00278 14.61819 0.49412 0.50588 0.49804 1.00000
v 1.87468 33.89078 14.62969 0.49412 0.50588 0.49804 1.00000
v 2.09519 33.77662 14.66504 0.49412 0.50588 0.49804 1.00000
v 1.85817 34.35965 17.08041 0.49412 0.50588 0.49804 1.00000
v 1.90398 34.51779 17.05211 0.49412 0.50588 0.49804 1.00000
v 1.72854 34.43476 17.04492 0.49412 0.50588 0.49804 1.00000
v 1.85817 34.35965 17.08041 0.49412 0.50588 0.49804 1.00000
v 0.83173 35.05117 19.11745 0.49412 0.50588 0.49804 1.00000
v 0.83173 35.05117 19.11745 0.49412 0.50588 0.49804 1.00000
v -2.26765 32.51664 0.63496 0.49412 0.50588 0.49804 1.00000
v -2.11301 33.26038 -0.37888 0.49412 0.50588 0.49804 1.00000
v -1.64950 34.14833 -0.45760 0.49412 0.50588 0.49804 1.00000
v -1.71208 33.69979 0.43827 0.49412 0.50588 0.49804 1.00000
v -1.26952 32.38185 0.32282 0.49412 0.50588 0.49804 1.00000
v -1.27706 33.14835 -0.59476 0.49412 0.50588 0.49804 1.00000
v -2.11301 33.26038 -0.37888 0.49412 0.50588 0.49804 1.00000
v -2.26765 32.51664 0.63496 0.49412 0.50588 0.49804 1.00000
v -1.93871 34.08607 -1.53056 0.49412 0.50588 0.49804 1.00000
v -1.58734 34.67253 -1.50388 0.49412 0.50588 0.49804 1.00000
v -1.29160 33.99569 -1.64854 0.49412 0.50588 0.49804 1.00000
v -1.93871 34.08607 -1.53056 0.49412 0.50588 0.49804 1.00000
v -1.73161 35.13238 -3.01812 0.49412 0.50588 0.49804 1.00000
v -1.50955 35.40174 -2.87776 0.49412 0.50588 0.49804 1.00000
v -1.29432 35.05595 -3.02857 0.49412 0.50588 0.49804 1.00000
v -1.73161 35.13238 -3.01812 0.49412 0.50588 0.49804 1.00000
v -0.05240 37.00696 -7.11725 0.49412 0.50588 0.49804 1.00000
v 0.07872 37.27179 -6.93303 0.49412 0.50588 0.49804 1.00000
v 0.20741 37.00962 -6.97868 0.49412 0.50588 0.49804 1.00000
v -0.05240 37.00696 -7.11725 0.49412 0.50588 0.49804 1.00000
v 1.88098 38.48342 -9.80295 0.49412 0.50588 0.49804 1.00000
v 1.91879 38.65818 -9.67134 0.49412 0.50588 0.49804 1.00000
v 2.09503 38.46193 -9.63658 0.49412 0.50588 0.49804 1.00000
v 1.88098 38.48342 -9.80295 0.49412 0.50588 0.49804 1.00000
v 4.11313 39.25891 -13.09004 0.49412 0.50588 0.49804 1.00000
v 4.14771 39.42236 -13.04772 0.49412 0.50588 0.49804 1.00000
v 4.28723 39.27226 -12.97636 0.49412 0.50588 0.49804 1.00000
v 4.11313 39.25891 -13.09004 0.49412 0.50588 0.49804 1.00000
v 6.33161 39.35397 -16.28746 0.49412 0.50588 0.49804 1.00000
v 6.33161 39.35397 -16.28746 0.49412 0.50588 0.49804 1.00000
v -1.59309 35.93201 1.30463 0.49412 0.50588 0.49804 1.00000
v -2.76381 36.49617 0.81064 0.49412 0.50588 0.49804 1.00000
v -2.75725 37.34546 0.40115 0.49412 0.50588 0.49804 1.00000
v -1.65991 37.04946 0.76532 0.49412 0.50588 0.49804 1.00000
v -1.35925 35.87252 0.36864 0.49412 0.50588 0.49804 1.00000
v -2.55660 36.45943 0.04352 0.49412 0.50588 0.49804 1.00000
v -2.76381 36.49617 0.81064 0.49412 0.50588 0.49804 1.00000
v -1.59309 35.93201 1.30463 0.49412 0.50588 0.49804 1.00000
v -4.09015 37.11852 0.24863 0.49412 0.50588 0.49804 1.00000
v -4.02869 37.69109 -0.01948 0.49412 0.50588 0.49804 1.00000
v -3.91930 37.10445 -0.32555 0.49412 0.50588 0.49804 1.00000
v -4.09015 37.11852 0.24863 0.49412 0.50588 0.49804 1.00000
v -5.80888 37.89665 -0.45794 0.49412 0.50588 0.49804 1.00000
v -5.69661 38.18359 -0.57249 0.49412 0.50588 0.49804 1.00000
v -5.68110 37.90451 -0.82083 0.49412 0.50588 0.49804 1.00000
v -5.80888 37.89665 -0.45794 0.49412 0.50588 0.49804 1.00000
v -10.32135 40.02050 -2.82799 0.49412 0.50588 0.49804 1.00000
v -10.18676 40.26797 -2.84728 0.49412 0.50588 0.49804 1.00000
v -10.17150 40.08563 -3.00210 0.49412 0.50588 0.49804 1.00000
v -10.32135 40.02050 -2.82799 0.49412 0.50588 0.49804 1.00000
v -12.89079 41.18769 -6.55250 0.49412 0.50588 0.49804 1.00000
v -12.83728 41.35389 -6.54741 0.49412 0.50588 0.49804 1.00000
v -12.72925 41.23741 -6.68371 0.49412 0.50588 0.49804 1.00000
v -12.89079 41.18769 -6.55250 0.49412 0.50588 0.49804 1.00000
v -15.17637 42.62649 -10.36478 0.49412 0.50588 0.49804 1.00000
v -15.17637 42.62649 -10.36478 0.49412 0.50588 0.49804 1.00000
v -1.14639 34.67744 0.64090 0.49412 0.50588 0.49804 1.00000
v -1.94731 35.09882 1.64791 0.49412 0.50588 0.49804 1.00000
v -2.40430 35.93282 1.61453 0.49412 0.50588 0.49804 1.00000
v -1.76519 35.75906 0.67790 0.49412 0.50588 0.49804 1.00000
v -2.00929 34.57185 0.14694 0.49412 0.50588 0.49804 1.00000
v -2.65092 35.03024 1.22403 0.49412 0.50588 0.49804 1.00000
v -1.94731 35.09882 1.64791 0.49412 0.50588 0.49804 1.00000
v -1.14639 34.67744 0.64090 0.49412 0.50588 0.49804 1.00000
v -2.85535 35.56137 2.78361 0.49412 0.50588 0.49804 1.00000
v -3.14522 36.13651 2.70200 0.49412 0.50588 0.49804 1.00000
v -3.38182 35.52679 2.44840 0.49412 0.50588 0.49804 1.00000
v -2.85535 35.56137 2.78361 0.49412 0.50588 0.49804 1.00000
v -4.00815 36.13627 4.25520 0.49412 0.50588 0.49804 1.00000
v -4.12112 36.44248 4.13398 0.49412 0.50588 0.49804 1.00000
v -4.34499 36.13300 4.02394 0.49412 0.50588 0.49804 1.00000
v -4.00815 36.13627 4.25520 0.49412 0.50588 0.49804 1.00000
v -8.01443 38.52133 7.73282 0.49412 0.50588 0.49804 1.00000
v -7.97404 38.68450 7.63091 0.49412 0.50588 0.49804 1.00000
v -8.11914 38.50108 7.52046 0.49412 0.50588 0.49804 1.00000
v -8.01443 38.52133 7.73282 0.49412 0.50588 0.49804 1.00000
v -12.91029 40.25544 10.25727 0.49412 0.50588 0.49804 1.00000
v -12.89102 40.44863 10.18042 0.49412 0.50588 0.49804 1.00000
v -12.98264 40.28916 10.09377 0.49412 0.50588 0.49804 1.00000
v -12.91029 40.25544 10.25727 0.49412 0.50588 0.49804 1.00000
v -16.87828 41.67427 12.18049 0.49412 0.50588 0.49804 1.00000
v -16.87828 41.67427 12.18049 0.49412 0.50588 0.49804 1.00000
v -1.36175 34.75198 0.15928 0.49412 0.50588 0.49804 1.00000
v -1.28754 35.60062 1.50505 0.49412 0.50588 0.49804 1.00000
v -1.65698 36.39056 1.87042 0.49412 0.50588 0.49804 1.00000
v -1.77475 35.79944 0.73692 0.49412 0.50588 0.49804 1.00000
v -2.26765 34.61209 0.51741 0.49412 0.50588 0.49804 1.00000
v -2.04282 35.48210 1.78694 0.49412 0.50588 0.49804 1.00000
v -1.28754 35.60062 1.50505 0.49412 0.50588 0.49804 1.00000
v -1.36175 34.75198 0.15928 0.49412 0.50588 0.49804 1.00000
v -1.20217 36.53930 3.02762 0.49412 0.50588 0.49804 1.00000
v -1.50977 37.06218 3.18518 0.49412 0.50588 0.49804 1.00000
v -1.78190 36.44193 3.22645 0.49412 0.50588 0.49804 1.00000
v -1.20217 36.53930 3.02762 0.49412 0.50588 0.49804 1.00000
v -1.07583 37.72922 4.97989 0.49412 0.50588 0.49804 1.00000
v -1.31006 37.96222 4.90710 0.49412 0.50588 0.49804 1.00000
v -1.46177 37.64874 5.08475 0.49412 0.50588 0.49804 1.00000
v -1.07583 37.72922 4.97989 0.49412 0.50588 0.49804 1.00000
v -1.53866 40.88823 10.26669 0.49412 0.50588 0.49804 1.00000
v -1.64689 41.03593 10.19558 0.49412 0.50588 0.49804 1.00000
v -1.76710 40.82904 10.29332 0.49412 0.50588 0.49804 1.00000
v -1.53866 40.88823 10.26669 0.49412 0.50588 0.49804 1.00000
v -2.01822 42.58493 14.13914 0.49412 0.50588 0.49804 1.00000
v -2.11793 42.74883 14.05705 0.49412 0.50588 0.49804 1.00000
v -2.19957 42.57711 14.12862 0.49412 0.50588 0.49804 1.00000
v -2.01822 42.58493 14.13914 0.49412 0.50588 0.49804 1.00000
v -3.55151 44.25217 17.78433 0.49412 0.50588 0.49804 1.00000
v -3.55151 44.25217 17.78433 0.49412 0.50588 0.49804 1.00000
v -2.25085 32.79243 -0.18668 0.49412 0.50588 0.49804 1.00000
v -1.14514 33.36660 -0.17075 0.49412 0.50588 0.49804 1.00000
v -0.82822 34.11074 0.42224 0.49412 0.50588 0.49804 1.00000
v -1.76008 33.78103 0.52515 0.49412 0.50588 0.49804 1.00000
v -1.87382 32.40755 0.72027 0.49412 0.50588 0.49804 1.00000
v -0.85291 33.05304 0.59065 0.49412 0.50588 0.49804 1.00000
v -1.14514 33.36660 -0.17075 0.49412 0.50588 0.49804 1.00000
v -2.25085 32.79243 -0.18668 0.49412 0.50588 0.49804 1.00000
v 0.10791 33.99994 -0.15499 0.49412 0.50588 0.49804 1.00000
v 0.26103 34.49440 0.29722 0.49412 0.50588 0.49804 1.00000
v 0.31422 33.76086 0.43385 0.49412 0.50588 0.49804 1.00000
v 0.10791 33.99994 -0.15499 0.49412 0.50588 0.49804 1.00000
v 1.71901 34.80175 -0.15716 0.49412 0.50588 0.49804 1.00000
v 1.69994 35.03555 0.13879 0.49412 0.50588 0.49804 1.00000
v 1.83760 34.63802 0.23854 0.49412 0.50588 0.49804 1.00000
v 1.71901 34.80175 -0.15716 0.49412 0.50588 0.49804 1.00000
v 6.08875 36.74376 -0.50037 0.49412 0.50588 0.49804 1.00000
v 5.99502 36.94856 -0.23620 0.49412 0.50588 0.49804 1.00000
v 6.12973 36.68732 -0.21523 0.49412 0.50588 0.49804 1.00000
v 6.08875 36.74376 -0.50037 0.49412 0.50588 0.49804 1.00000
v 9.45960 37.98531 1.43782 0.49412 0.50588 0.49804 1.00000
v 9.32758 38.10545 1.56869 0.49412 0.50588 0.49804 1.00000
v 9.36689 37.85927 1.65922 0.49412 0.50588 0.49804 1.00000
v 9.45960 37.98531 1.43782 0.49412 0.50588 0.49804 1.00000
v 13.12143 38.62782 3.98269 0.49412 0.50588 0.49804 1.00000
v 13.04861 38.72662 4.07673 0.49412 0.50588 0.49804 1.00000
v 13.03227 38.53749 4.11993 0.49412 0.50588 0.49804 1.00000
v 13.12143 38.62782 3.98269 0.49412 0.50588 0.49804 1.00000
v 16.99642 39.41515 5.67271 0.49412 0.50588 0.49804 1.00000
v 16.99642 39.41515 5.67271 0.49412 0.50588 0.49804 1.00000
v -1.62745 39.81780 1.40988 0.49412 0.50588 0.49804 1.00000
v -2.63222 40.84063 0.39231 0.49412 0.50588 0.49804 1.00000
v -2.54087 41.60320 0.02751 0.49412 0.50588 0.49804 1.00000
v -1.59297 40.84780 0.91493 0.49412 0.50588 0.49804 1.00000
v -1.20920 39.78402 0.63225 0.49412 0.50588 0.49804 1.00000
v -2.28037 40.79820 -0.22937 0.49412 0.50588 0.49804 1.00000
v -2.63222 40.84063 0.39231 0.49412 0.50588 0.49804 1.00000
v -1.62745 39.81780 1.40988 0.49412 0.50588 0.49804 1.00000
v -3.77131 41.97757 -0.75930 0.49412 0.50588 0.49804 1.00000
v -3.63940 42.46327 -0.98746 0.49412 0.50588 0.49804 1.00000
v -3.49879 41.92452 -1.20283 0.49412 0.50588 0.49804 1.00000
v -3.77131 41.97757 -0.75930 0.49412 0.50588 0.49804 1.00000
v -5.24877 43.41874 -2.22912 0.49412 0.50588 0.49804 1.00000
v -5.07365 43.60723 -2.30131 0.49412 0.50588 0.49804 1.00000
v -5.05920 43.34770 -2.47213 0.49412 0.50588 0.49804 1.00000
v -5.24877 43.41874 -2.22912 0.49412 0.50588 0.49804 1.00000
v -8.72238 46.86835 -6.86758 0.49412 0.50588 0.49804 1.00000
v -8.56446 47.00913 -6.90664 0.49412 0.50588 0.49804 1.00000
v -8.58105 46.84233 -6.97913 0.49412 0.50588 0.49804 1.00000
v -8.72238 46.86835 -6.86758 0.49412 0.50588 0.49804 1.00000
v -11.59862 49.09850 -11.86420 0.49412 0.50588 0.49804 1.00000
v -11.59862 49.09850 -11.86420 0.49412 0.50588 0.49804 1.00000
v -1.08580 38.57474 0.75158 0.49412 0.50588 0.49804 1.00000
v -1.76264 39.32267 1.86004 0.49412 0.50588 0.49804 1.00000
v -2.20823 40.07687 1.86049 0.49412 0.50588 0.49804 1.00000
v -1.65972 39.58368 0.83800 0.49412 0.50588 0.49804 1.00000
v -1.96201 38.45389 0.50321 0.49412 0.50588 0.49804 1.00000
v -2.47545 39.21849 1.65124 0.49412 0.50588 0.49804 1.00000
v -1.76264 39.32267 1.86004 0.49412 0.50588 0.49804 1.00000
v -1.08580 38.57474 0.75158 0.49412 0.50588 0.49804 1.00000
v -2.52923 40.15203 3.11419 0.49412 0.50588 0.49804 1.00000
v -2.83807 40.64144 3.04671 0.49412 0.50588 0.49804 1.00000
v -3.05653 40.06179 2.95867 0.49412 0.50588 0.49804 1.00000
v -2.52923 40.15203 3.11419 0.49412 0.50588 0.49804 1.00000
v -3.50071 41.19965 4.73651 0.49412 0.50588 0.49804 1.00000
v -3.65840 41.40866 4.60035 0.49412 0.50588 0.49804 1.00000
v -3.82485 41.11949 4.64292 0.49412 0.50588 0.49804 1.00000
v -3.50071 41.19965 4.73651 0.49412 0.50588 0.49804 1.00000
v -4.89198 44.29354 9.50398 0.49412 0.50588 0.49804 1.00000
v -5.01241 44.45655 9.36656 0.49412 0.50588 0.49804 1.00000
v -5.09394 44.28893 9.45853 0.49412 0.50588 0.49804 1.00000
v -4.89198 44.29354 9.50398 0.49412 0.50588 0.49804 1.00000
v -7.75278 45.35556 12.03919 0.49412 0.50588 0.49804 1.00000
v -7.79575 45.45253 11.93318 0.49412 0.50588 0.49804 1.00000
v -7.86730 45.28906 11.91189 0.49412 0.50588 0.49804 1.00000
v -7.75278 45.35556 12.03919 0.49412 0.50588 0.49804 1.00000
v -10.59512 46.95908 14.16373 0.49412 0.50588 0.49804 1.00000
v -10.59512 46.95908 14.16373 0.49412 0.50588 0.49804 1.00000
v -1.86956 39.44221 0.35180 0.49412 0.50588 0.49804 1.00000
v -0.85488 40.53038 0.88640 0.49412 0.50588 0.49804 1.00000
v -0.75089 41.19009 1.37758 0.49412 0.50588 0.49804 1.00000
v -1.62259 40.34829 0.97055 0.49412 0.50588 0.49804 1.00000
v -1.81657 39.18374 1.23370 0.49412 0.50588 0.49804 1.00000
v -0.82798 40.31868 1.60229 0.49412 0.50588 0.49804 1.00000
v -0.85488 40.53038 0.88640 0.49412 0.50588 0.49804 1.00000
v -1.86956 39.44221 0.35180 0.49412 0.50588 0.49804 1.00000
v 0.29311 41.74342 1.48977 0.49412 0.50588 0.49804 1.00000
v 0.26725 42.14721 1.83912 0.49412 0.50588 0.49804 1.00000
v 0.30353 41.57666 2.01533 0.49412 0.50588 0.49804 1.00000
v 0.29311 41.74342 1.48977 0.49412 0.50588 0.49804 1.00000
v 1.76565 43.29237 2.24922 0.49412 0.50588 0.49804 1.00000
v 1.59932 43.40998 2.43556 0.49412 0.50588 0.49804 1.00000
v 1.76430 43.16459 2.56453 0.49412 0.50588 0.49804 1.00000
v 1.76565 43.29237 2.24922 0.49412 0.50588 0.49804 1.00000
v 4.64558 46.88642 4.64676 0.49412 0.50588 0.49804 1.00000
v 4.46420 46.94137 4.79423 0.49412 0.50588 0.49804 1.00000
v 4.60395 46.79595 4.82372 0.49412 0.50588 0.49804 1.00000
v 4.64558 46.88642 4.64676 0.49412 0.50588 0.49804 1.00000
v 7.15335 50.07206 6.06499 0.49412 0.50588 0.49804 1.00000
v 7.05556 50.10949 6.16825 0.49412 0.50588 0.49804 1.00000
v 7.17789 49.99701 6.22690 0.49412 0.50588 0.49804 1.00000
v 7.15335 50.07206 6.06499 0.49412 0.50588 0.49804 1.00000
v 9.44509 52.76584 7.94656 0.49412 0.50588 0.49804 1.00000
v 9.44509 52.76584 7.94656 0.49412 0.50588 0.49804 1.00000
v -2.14102 40.71990 1.05501 0.49412 0.50588 0.49804 1.00000
v -1.14342 41.91923 0.24303 0.49412 0.50588 0.49804 1.00000
v -0.71241 42.60958 0.31344 0.49412 0.50588 0.49804 1.00000
v -1.58481 41.68029 1.05138 0.49412 0.50588 0.49804 1.00000
v -1.29979 40.57332 1.25801 0.49412 0.50588 0.49804 1.00000
v -0.46790 41.78249 0.41026 0.49412 0.50588 0.49804 1.00000
v -1.14342 41.91923 0.24303 0.49412 0.50588 0.49804 1.00000
v -2.14102 40.71990 1.05501 0.49412 0.50588 0.49804 1.00000
v -0.01761 43.25668 -0.67942 0.49412 0.50588 0.49804 1.00000
v 0.28042 43.66736 -0.55044 0.49412 0.50588 0.49804 1.00000
v 0.47011 43.12782 -0.56176 0.49412 0.50588 0.49804 1.00000
v -0.01761 43.25668 -0.67942 0.49412 0.50588 0.49804 1.00000
v 1.41828 44.96020 -1.87158 0.49412 0.50588 0.49804 1.00000
v 1.55908 45.06266 -1.68100 0.49412 0.50588 0.49804 1.00000
v 1.69475 44.82877 -1.80839 0.49412 0.50588 0.49804 1.00000
v 1.41828 44.96020 -1.87158 0.49412 0.50588 0.49804 1.00000
v 4.55807 49.40980 -5.43858 0.49412 0.50588 0.49804 1.00000
v 4.67762 49.45885 -5.27102 0.49412 0.50588 0.49804 1.00000
v 4.71571 49.33626 -5.39665 0.49412 0.50588 0.49804 1.00000
v 4.55807 49.40980 -5.43858 0.49412 0.50588 0.49804 1.00000
v 7.45889 53.81937 -8.19393 0.49412 0.50588 0.49804 1.00000
v 7.45889 53.81937 -8.19393 0.49412 0.50588 0.49804 1.00000
v -1.26457 44.09885 1.25785 0.49412 0.50588 0.49804 1.00000
v -2.22412 45.24683 2.46111 0.49412 0.50588 0.49804 1.00000
v -2.69183 45.87353 2.55817 0.49412 0.50588 0.49804 1.00000
v -1.87166 44.95589 1.47840 0.49412 0.50588 0.49804 1.00000
v -2.06639 43.94799 1.04002 0.49412 0.50588 0.49804 1.00000
v -2.86440 45.11325 2.29027 0.49412 0.50588 0.49804 1.00000
v -2.22412 45.24683 2.46111 0.49412 0.50588 0.49804 1.00000
v -1.26457 44.09885 1.25785 0.49412 0.50588 0.49804 1.00000
v -3.30655 46.52451 3.82044 0.49412 0.50588 0.49804 1.00000
v -3.62608 46.90908 3.80713 0.49412 0.50588 0.49804 1.00000
v -3.76253 46.40562 3.70998 0.49412 0.50588 0.49804 1.00000
v -3.30655 46.52451 3.82044 0.49412 0.50588 0.49804 1.00000
v -4.68171 48.15057 5.56887 0.49412 0.50588 0.49804 1.00000
v -4.83121 48.26551 5.43556 0.49412 0.50588 0.49804 1.00000
v -4.93318 48.03995 5.52496 0.49412 0.50588 0.49804 1.00000
v -4.68171 48.15057 5.56887 0.49412 0.50588 0.49804 1.00000
v -6.91985 51.64043 9.69413 0.49412 0.50588 0.49804 1.00000
v -7.04744 51.69018 9.57809 0.49412 0.50588 0.49804 1.00000
v -7.05711 51.57723 9.67988 0.49412 0.50588 0.49804 1.00000
v -6.91985 51.64043 9.69413 0.49412 0.50588 0.49804 1.00000
v -9.55154 55.29770 12.35151 0.49412 0.50588 0.49804 1.00000
v -9.55154 55.29770 12.35151 0.49412 0.50588 0.49804 1.00000
v -2.09125 44.14512 0.98169 0.49412 0.50588 0.49804 1.00000
v -0.94737 45.60772 1.43947 0.49412 0.50588 0.49804 1.00000
v -0.79803 46.21391 1.90629 0.49412 0.50588 0.49804 1.00000
v -1.82527 45.00333 1.55349 0.49412 0.50588 0.49804 1.00000
v -1.88419 43.90952 1.76438 0.49412 0.50588 0.49804 1.00000
v -0.77534 45.40663 2.05995 0.49412 0.50588 0.49804 1.00000
v -0.94737 45.60772 1.43947 0.49412 0.50588 0.49804 1.00000
v -2.09125 44.14512 0.98169 0.49412 0.50588 0.49804 1.00000
v 0.34954 47.24104 1.95251 0.49412 0.50588 0.49804 1.00000
v 0.39118 47.58770 2.29824 0.49412 0.50588 0.49804 1.00000
v 0.48812 47.07645 2.38419 0.49412 0.50588 0.49804 1.00000
v 0.34954 47.24104 1.95251 0.49412 0.50588 0.49804 1.00000
v 2.01349 49.32553 2.59350 0.49412 0.50588 0.49804 1.00000
v 1.93500 49.38203 2.79872 0.49412 0.50588 0.49804 1.00000
v 2.11713 49.19458 2.81515 0.49412 0.50588 0.49804 1.00000
v 2.01349 49.32553 2.59350 0.49412 0.50588 0.49804 1.00000
v 5.65469 53.71376 3.73657 0.49412 0.50588 0.49804 1.00000
v 5.61234 53.72099 3.91076 0.49412 0.50588 0.49804 1.00000
v 5.72928 53.64511 3.84943 0.49412 0.50588 0.49804 1.00000
v 5.65469 53.71376 3.73657 0.49412 0.50588 0.49804 1.00000
v 8.66488 57.68773 5.28998 0.49412 0.50588 0.49804 1.00000
v 8.66488 57.68773 5.28998 0.49412 0.50588 0.49804 1.00000
v -1.74788 43.86581 1.85655 0.49412 0.50588 0.49804 1.00000
v -3.18375 44.98838 1.37879 0.49412 0.50588 0.49804 1.00000
v -3.15977 45.71555 1.05685 0.49412 0.50588 0.49804 1.00000
v -1.78907 44.84830 1.43616 0.49412 0.50588 0.49804 1.00000
v -1.38911 43.85772 1.08598 0.49412 0.50588 0.49804 1.00000
v -2.90562 44.97615 0.75931 0.49412 0.50588 0.49804 1.00000
v -3.18375 44.98838 1.37879 0.49412 0.50588 0.49804 1.00000
v -1.74788 43.86581 1.85655 0.49412 0.50588 0.49804 1.00000
v -4.80332 46.24118 0.83306 0.49412 0.50588 0.49804 1.00000
v -4.73262 46.70046 0.61322 0.49412 0.50588 0.49804 1.00000
v -4.62424 46.21774 0.38289 0.49412 0.50588 0.49804 1.00000
v -4.80332 46.24118 0.83306 0.49412 0.50588 0.49804 1.00000
v -6.89035 47.82815 0.14694 0.49412 0.50588 0.49804 1.00000
v -6.77413 48.00136 0.03506 0.49412 0.50588 0.49804 1.00000
v -6.83161 47.79262 -0.12247 0.49412 0.50588 0.49804 1.00000
v -6.89035 47.82815 0.14694 0.49412 0.50588 0.49804 1.00000
v -10.63309 52.06662 -1.43951 0.49412 0.50588 0.49804 1.00000
v -10.50884 52.12867 -1.55346 0.49412 0.50588 0.49804 1.00000
v -10.60898 52.01703 -1.58106 0.49412 0.50588 0.49804 1.00000
v -10.63309 52.06662 -1.43951 0.49412 0.50588 0.49804 1.00000
v -14.06887 55.91967 -2.10435 0.49412 0.50588 0.49804 1.00000
v -14.06887 55.91967 -2.10435 0.49412 0.50588 0.49804 1.00000
v -2.39892 47.67579 1.32011 0.49412 0.50588 0.49804 1.00000
v -1.39164 49.03440 0.83939 0.49412 0.50588 0.49804 1.00000
v -1.28268 49.77588 1.10911 0.49412 0.50588 0.49804 1.00000
v -2.22608 48.68931 1.62628 0.49412 0.50588 0.49804 1.00000
v -2.27205 47.76875 2.12393 0.49412 0.50588 0.49804 1.00000
v -1.24599 49.09320 1.46541 0.49412 0.50588 0.49804 1.00000
v -1.39164 49.03440 0.83939 0.49412 0.50588 0.49804 1.00000
v -2.39892 47.67579 1.32011 0.49412 0.50588 0.49804 1.00000
v -0.24228 50.54890 0.29719 0.49412 0.50588 0.49804 1.00000
v -0.18929 51.00962 0.51790 0.49412 0.50588 0.49804 1.00000
v -0.08239 50.57143 0.72022 0.49412 0.50588 0.49804 1.00000
v -0.24228 50.54890 0.29719 0.49412 0.50588 0.49804 1.00000
v 1.23989 52.46758 -0.41959 0.49412 0.50588 0.49804 1.00000
v 1.23058 52.62598 -0.25010 0.49412 0.50588 0.49804 1.00000
v 1.41501 52.45885 -0.22121 0.49412 0.50588 0.49804 1.00000
v 1.23989 52.46758 -0.41959 0.49412 0.50588 0.49804 1.00000
v 3.90262 57.06554 -1.83994 0.49412 0.50588 0.49804 1.00000
v 3.90961 57.11392 -1.67285 0.49412 0.50588 0.49804 1.00000
v 4.01648 57.04570 -1.74876 0.49412 0.50588 0.49804 1.00000
v 3.90262 57.06554 -1.83994 0.49412 0.50588 0.49804 1.00000
v 6.08323 61.19101 -3.34442 0.49412 0.50588 0.49804 1.00000
v 6.08323 61.19101 -3.34442 0.49412 0.50588 0.49804 1.00000
v -1.71014 47.30923 2.05848 0.49412 0.50588 0.49804 1.00000
v -3.00709 48.43202 2.58757 0.49412 0.50588 0.49804 1.00000
v -3.31940 49.07605 2.28507 0.49412 0.50588 0.49804 1.00000
v -2.17083 48.18327 1.71100 0.49412 0.50588 0.49804 1.00000
v -1.97508 47.21632 1.28632 0.49412 0.50588 0.49804 1.00000
v -3.23496 48.34747 1.98040 0.49412 0.50588 0.49804 1.00000
v -3.00709 48.43202 2.58757 0.49412 0.50588 0.49804 1.00000
v -1.71014 47.30923 2.05848 0.49412 0.50588 0.49804 1.00000
v -4.47376 49.68296 3.18116 0.49412 0.50588 0.49804 1.00000
v -4.64540 50.08451 2.93753 0.49412 0.50588 0.49804 1.00000
v -4.66422 49.60152 2.76536 0.49412 0.50588 0.49804 1.00000
v -4.47376 49.68296 3.18116 0.49412 0.50588 0.49804 1.00000
v -6.34870 51.27011 3.95973 0.49412 0.50588 0.49804 1.00000
v -6.37103 51.40709 3.77781 0.49412 0.50588 0.49804 1.00000
v -6.50818 51.19273 3.75832 0.49412 0.50588 0.49804 1.00000
v -6.34870 51.27011 3.95973 0.49412 0.50588 0.49804 1.00000
v -9.64835 55.59357 5.05193 0.49412 0.50588 0.49804 1.00000
v -9.67957 55.61599 4.88183 0.49412 0.50588 0.49804 1.00000
v -9.75521 55.52832 4.97404 0.49412 0.50588 0.49804 1.00000
v -9.64835 55.59357 5.05193 0.49412 0.50588 0.49804 1.00000
v -11.77597 59.73478 6.63891 0.49412 0.50588 0.49804 1.00000
v -11.77597 59.73478 6.63891 0.49412 0.50588 0.49804 1.00000
v -1.88917 49.47251 1.24468 0.49412 0.50588 0.49804 1.00000
v -1.29257 50.90708 0.65390 0.49412 0.50588 0.49804 1.00000
v -1.76364 51.49813 0.65944 0.49412 0.50588 0.49804 1.00000
v -2.48879 50.30812 1.32749 0.49412 0.50588 0.49804 1.00000
v -2.67232 49.24520 1.27442 0.49412 0.50588 0.49804 1.00000
v -1.91169 50.77557 0.70200 0.49412 0.50588 0.49804 1.00000
v -1.29257 50.90708 0.65390 0.49412 0.50588 0.49804 1.00000
v -1.88917 49.47251 1.24468 0.49412 0.50588 0.49804 1.00000
v -0.62383 52.51339 0.00150 0.49412 0.50588 0.49804 1.00000
v -0.95086 52.85189 -0.06045 0.49412 0.50588 0.49804 1.00000
v -1.05516 52.48554 0.07974 0.49412 0.50588 0.49804 1.00000
v -0.62383 52.51339 0.00150 0.49412 0.50588 0.49804 1.00000
v 0.24927 54.54113 -0.83272 0.49412 0.50588 0.49804 1.00000
v 0.07026 54.60895 -0.94642 0.49412 0.50588 0.49804 1.00000
v 0.03498 54.64470 -0.72515 0.49412 0.50588 0.49804 1.00000
v 0.24927 54.54113 -0.83272 0.49412 0.50588 0.49804 1.00000
v 1.69636 58.88501 -3.56310 0.49412 0.50588 0.49804 1.00000
v 1.53538 58.93863 -3.59793 0.49412 0.50588 0.49804 1.00000
v 1.61924 58.98224 -3.48531 0.49412 0.50588 0.49804 1.00000
v 1.69636 58.88501 -3.56310 0.49412 0.50588 0.49804 1.00000
v 3.53939 62.87574 -5.48363 0.49412 0.50588 0.49804 1.00000
v 3.53939 62.87574 -5.48363 0.49412 0.50588 0.49804 1.00000
v 4.86649 18.90525 13.35952 0.49412 0.50588 0.49804 1.00000
v 5.04955 18.76977 13.35436 0.49412 0.50588 0.49804 1.00000
v 5.17224 18.86957 13.53645 0.49412 0.50588 0.49804 1.00000
v 5.03869 19.02422 13.59453 0.49412 0.50588 0.49804 1.00000
v 4.88512 19.03536 13.49907 0.49412 0.50588 0.49804 1.00000
v 4.86649 18.90525 13.35952 0.49412 0.50588 0.49804 1.00000
v 3.84351 17.84220 14.61671 0.49412 0.50588 0.49804 1.00000
v 3.93606 17.74944 14.62033 0.49412 0.50588 0.49804 1.00000
v 4.03586 17.75282 14.71729 0.49412 0.50588 0.49804 1.00000
v 3.99620 17.87975 14.79419 0.49412 0.50588 0.49804 1.00000
v 3.85245 17.96482 14.73547 0.49412 0.50588 0.49804 1.00000
v 3.84351 17.84220 14.61671 0.49412 0.50588 0.49804 1.00000
v 2.63896 17.01556 15.74628 0.49412 0.50588 0.49804 1.00000
v 2.70702 16.89038 15.73814 0.49412 0.50588 0.49804 1.00000
v 2.81671 16.85248 15.83294 0.49412 0.50588 0.49804 1.00000
v 2.81365 16.98655 15.91792 0.49412 0.50588 0.49804 1.00000
v 2.69990 17.11455 15.87804 0.49412 0.50588 0.49804 1.00000
v 2.63896 17.01556 15.74628 0.49412 0.50588 0.49804 1.00000
v 1.13205 16.93674 17.19535 0.49412 0.50588 0.49804 1.00000
v 1.11912 16.75108 17.17308 0.49412 0.50588 0.49804 1.00000
v 1.23484 16.72193 17.29503 0.49412 0.50588 0.49804 1.00000
v 1.32118 16.82345 17.39164 0.49412 0.50588 0.49804 1.00000
v 1.24570 16.95690 17.31734 0.49412 0.50588 0.49804 1.00000
v 1.13205 16.93674 17.19535 0.49412 0.50588 0.49804 1.00000
v -0.04489 17.65866 18.75968 0.49412 0.50588 0.49804 1.00000
v -0.04489 17.65866 18.75968 0.49412 0.50588 0.49804 1.00000
v -0.04489 17.65866 18.75968 0.49412 0.50588 0.49804 1.00000
v 11.92659 22.95185 3.38027 0.49412 0.50588 0.49804 1.00000
v 12.08473 23.04933 3.16908 0.49412 0.50588 0.49804 1.00000
v 12.21533 23.29390 3.19446 0.49412 0.50588 0.49804 1.00000
v 12.11614 23.32224 3.43588 0.49412 0.50588 0.49804 1.00000
v 11.96616 23.17103 3.56462 0.49412 0.50588 0.49804 1.00000
v 11.92659 22.95185 3.38027 0.49412 0.50588 0.49804 1.00000
v 13.63529 21.91217 4.48535 0.49412 0.50588 0.49804 1.00000
v 13.74693 21.88512 4.27272 0.49412 0.50588 0.49804 1.00000
v 13.89237 22.09552 4.27997 0.49412 0.50588 0.49804 1.00000
v 13.83160 22.18217 4.47895 0.49412 0.50588 0.49804 1.00000
v 13.69997 22.08195 4.57678 0.49412 0.50588 0.49804 1.00000
v 13.63529 21.91217 4.48535 0.49412 0.50588 0.49804 1.00000
v 14.81821 21.21561 5.61531 0.49412 0.50588 0.49804 1.00000
v 14.93647 21.18241 5.49864 0.49412 0.50588 0.49804 1.00000
v 15.04277 21.26042 5.44293 0.49412 0.50588 0.49804 1.00000
v 15.04039 21.42164 5.51848 0.49412 0.50588 0.49804 1.00000
v 14.89656 21.38168 5.62375 0.49412 0.50588 0.49804 1.00000
v 14.81821 21.21561 5.61531 0.49412 0.50588 0.49804 1.00000
v 15.92809 20.97255 7.34822 0.49412 0.50588 0.49804 1.00000
v 16.05511 20.83220 7.29338 0.49412 0.50588 0.49804 1.00000
v 16.20901 20.92132 7.21446 0.49412 0.50588 0.49804 1.00000
v 16.15422 21.08266 7.23327 0.49412 0.50588 0.49804 1.00000
v 16.00788 21.14562 7.30120 0.49412 0.50588 0.49804 1.00000
v 15.92809 20.97255 7.34822 0.49412 0.50588 0.49804 1.00000
v 16.57686 21.63897 9.06190 0.49412 0.50588 0.49804 1.00000
v 16.66757 21.50650 9.08718 0.49412 0.50588 0.49804 1.00000
v 16.82242 21.53892 9.02099 0.49412 0.50588 0.49804 1.00000
v 16.77343 21.67380 8.98055 0.49412 0.50588 0.49804 1.00000
v 16.65912 21.75001 8.98705 0.49412 0.50588 0.49804 1.00000
v 16.57686 21.63897 9.06190 0.49412 0.50588 0.49804 1.00000
v 17.20803 22.59067 10.62337 0.49412 0.50588 0.49804 1.00000
v 17.20803 22.59067 10.62337 0.49412 0.50588 0.49804 1.00000
v 17.20803 22.59067 10.62337 0.49412 0.50588 0.49804 1.00000
v 9.74020 22.49088 -7.93165 0.49412 0.50588 0.49804 1.00000
v 9.62707 22.58350 -8.15377 0.49412 0.50588 0.49804 1.00000
v 9.68614 22.82484 -8.24070 0.49412 0.50588 0.49804 1.00000
v 9.84025 22.85664 -8.04875 0.49412 0.50588 0.49804 1.00000
v 9.89293 22.70976 -7.87265 0.49412 0.50588 0.49804 1.00000
v 9.74020 22.49088 -7.93165 0.49412 0.50588 0.49804 1.00000
v 11.89290 22.10740 -9.01845 0.49412 0.50588 0.49804 1.00000
v 11.81880 22.06727 -9.22936 0.49412 0.50588 0.49804 1.00000
v 11.81553 22.29411 -9.30908 0.49412 0.50588 0.49804 1.00000
v 11.88316 22.39768 -9.13716 0.49412 0.50588 0.49804 1.00000
v 11.92038 22.29488 -8.99338 0.49412 0.50588 0.49804 1.00000
v 11.89290 22.10740 -9.01845 0.49412 0.50588 0.49804 1.00000
v 13.71524 22.42304 -9.43626 0.49412 0.50588 0.49804 1.00000
v 13.69588 22.39638 -9.56273 0.49412 0.50588 0.49804 1.00000
v 13.65815 22.49661 -9.65097 0.49412 0.50588 0.49804 1.00000
v 13.65223 22.61677 -9.55620 0.49412 0.50588 0.49804 1.00000
v 13.69191 22.58458 -9.38722 0.49412 0.50588 0.49804 1.00000
v 13.71524 22.42304 -9.43626 0.49412 0.50588 0.49804 1.00000
v 15.41042 22.91756 -9.77179 0.49412 0.50588 0.49804 1.00000
v 15.39731 22.86067 -9.90154 0.49412 0.50588 0.49804 1.00000
v 15.34732 22.93906 -10.01849 0.49412 0.50588 0.49804 1.00000
v 15.32528 23.07496 -9.94039 0.49412 0.50588 0.49804 1.00000
v 15.36150 23.08576 -9.76922 0.49412 0.50588 0.49804 1.00000
v 15.41042 22.91756 -9.77179 0.49412 0.50588 0.49804 1.00000
v 17.36119 23.49934 -9.93652 0.49412 0.50588 0.49804 1.00000
v 17.38180 23.37279 -10.07248 0.49412 0.50588 0.49804 1.00000
v 17.33573 23.48451 -10.19222 0.49412 0.50588 0.49804 1.00000
v 17.29128 23.64227 -10.18411 0.49412 0.50588 0.49804 1.00000
v 17.31196 23.63850 -10.01555 0.49412 0.50588 0.49804 1.00000
v 17.36119 23.49934 -9.93652 0.49412 0.50588 0.49804 1.00000
v 19.25384 24.04304 -9.68279 0.49412 0.50588 0.49804 1.00000
v 19.25384 24.04304 -9.68279 0.49412 0.50588 0.49804 1.00000
v 19.25384 24.04304 -9.68279 0.49412 0.50588 0.49804 1.00000
v -0.64975 19.84395 -12.40910 0.49412 0.50588 0.49804 1.00000
v -0.87923 20.04579 -12.42696 0.49412 0.50588 0.49804 1.00000
v -0.84370 20.30186 -12.58505 0.49412 0.50588 0.49804 1.00000
v -0.57705 20.22402 -12.65201 0.49412 0.50588 0.49804 1.00000
v -0.44000 20.00058 -12.58374 0.49412 0.50588 0.49804 1.00000
v -0.64975 19.84395 -12.40910 0.49412 0.50588 0.49804 1.00000
v -0.90169 19.00958 -14.32508 0.49412 0.50588 0.49804 1.00000
v -1.13222 19.06949 -14.32042 0.49412 0.50588 0.49804 1.00000
v -1.11452 19.29266 -14.43660 0.49412 0.50588 0.49804 1.00000
v -0.89591 19.30254 -14.47493 0.49412 0.50588 0.49804 1.00000
v -0.79515 19.15385 -14.41467 0.49412 0.50588 0.49804 1.00000
v -0.90169 19.00958 -14.32508 0.49412 0.50588 0.49804 1.00000
v -0.52591 18.50882 -15.84871 0.49412 0.50588 0.49804 1.00000
v -0.69105 18.54655 -15.92254 0.49412 0.50588 0.49804 1.00000
v -0.75415 18.67719 -15.98022 0.49412 0.50588 0.49804 1.00000
v -0.62378 18.82044 -15.96579 0.49412 0.50588 0.49804 1.00000
v -0.48650 18.70249 -15.88247 0.49412 0.50588 0.49804 1.00000
v -0.52591 18.50882 -15.84871 0.49412 0.50588 0.49804 1.00000
v 0.38508 18.28810 -17.54364 0.49412 0.50588 0.49804 1.00000
v 0.21725 18.22203 -17.65877 0.49412 0.50588 0.49804 1.00000
v 0.11835 18.39456 -17.73003 0.49412 0.50588 0.49804 1.00000
v 0.23137 18.52131 -17.65383 0.49412 0.50588 0.49804 1.00000
v 0.38494 18.50121 -17.54718 0.49412 0.50588 0.49804 1.00000
v 0.38508 18.28810 -17.54364 0.49412 0.50588 0.49804 1.00000
v 1.28922 18.55887 -18.71402 0.49412 0.50588 0.49804 1.00000
v 1.18568 18.46843 -18.82137 0.49412 0.50588 0.49804 1.00000
v 1.06399 18.58762 -18.89108 0.49412 0.50588 0.49804 1.00000
v 1.13339 18.70348 -18.80528 0.49412 0.50588 0.49804 1.00000
v 1.24455 18.72146 -18.70984 0.49412 0.50588 0.49804 1.00000
v 1.28922 18.55887 -18.71402 0.49412 0.50588 0.49804 1.00000
v 2.29679 19.02139 -20.09487 0.49412 0.50588 0.49804 1.00000
v 2.19543 18.94381 -20.18862 0.49412 0.50588 0.49804 1.00000
v 2.09615 19.01257 -20.23277 0.49412 0.50588 0.49804 1.00000
v 2.06432 19.16831 -20.20290 0.49412 0.50588 0.49804 1.00000
v 2.20608 19.15548 -20.11175 0.49412 0.50588 0.49804 1.00000
v 2.29679 19.02139 -20.09487 0.49412 0.50588 0.49804 1.00000
v 3.14967 19.43336 -21.53459 0.49412 0.50588 0.49804 1.00000
v 3.14967 19.43336 -21.53459 0.49412 0.50588 0.49804 1.00000
v 3.14967 19.43336 -21.53459 0.49412 0.50588 0.49804 1.00000
v -6.95470 21.53159 -11.19991 0.49412 0.50588 0.49804 1.00000
v -7.19678 21.68446 -11.14455 0.49412 0.50588 0.49804 1.00000
v -7.20920 21.96466 -11.21278 0.49412 0.50588 0.49804 1.00000
v -6.95511 21.95274 -11.30965 0.49412 0.50588 0.49804 1.00000
v -6.79267 21.75261 -11.32135 0.49412 0.50588 0.49804 1.00000
v -6.95470 21.53159 -11.19991 0.49412 0.50588 0.49804 1.00000
v -7.34873 21.13217 -13.34779 0.49412 0.50588 0.49804 1.00000
v -7.59975 21.14443 -13.34429 0.49412 0.50588 0.49804 1.00000
v -7.62702 21.39997 -13.41333 0.49412 0.50588 0.49804 1.00000
v -7.40262 21.46343 -13.43679 0.49412 0.50588 0.49804 1.00000
v -7.26786 21.32014 -13.40133 0.49412 0.50588 0.49804 1.00000
v -7.34873 21.13217 -13.34779 0.49412 0.50588 0.49804 1.00000
v -7.04831 20.80752 -14.98981 0.49412 0.50588 0.49804 1.00000
v -7.18817 20.80730 -15.02626 0.49412 0.50588 0.49804 1.00000
v -7.25679 20.93635 -15.07303 0.49412 0.50588 0.49804 1.00000
v -7.12757 21.04544 -15.06371 0.49412 0.50588 0.49804 1.00000
v -6.95723 20.97200 -15.00283 0.49412 0.50588 0.49804 1.00000
v -7.04831 20.80752 -14.98981 0.49412 0.50588 0.49804 1.00000
v -6.49096 20.61438 -16.52639 0.49412 0.50588 0.49804 1.00000
v -6.63602 20.58565 -16.57624 0.49412 0.50588 0.49804 1.00000
v -6.73757 20.70509 -16.62395 0.49412 0.50588 0.49804 1.00000
v -6.62737 20.83631 -16.59612 0.49412 0.50588 0.49804 1.00000
v -6.45047 20.80219 -16.52898 0.49412 0.50588 0.49804 1.00000
v -6.49096 20.61438 -16.52639 0.49412 0.50588 0.49804 1.00000
v -6.05024 20.74753 -18.06656 0.49412 0.50588 0.49804 1.00000
v -6.21854 20.64762 -18.11872 0.49412 0.50588 0.49804 1.00000
v -6.31901 20.80222 -18.11754 0.49412 0.50588 0.49804 1.00000
v -6.27683 20.97147 -18.08271 0.49412 0.50588 0.49804 1.00000
v -6.10255 20.92069 -18.05197 0.49412 0.50588 0.49804 1.00000
v -6.05024 20.74753 -18.06656 0.49412 0.50588 0.49804 1.00000
v -5.67997 21.43572 -19.72484 0.49412 0.50588 0.49804 1.00000
v -5.79683 21.36274 -19.77946 0.49412 0.50588 0.49804 1.00000
v -5.93524 21.42666 -19.78327 0.49412 0.50588 0.49804 1.00000
v -5.91466 21.58859 -19.71331 0.49412 0.50588 0.49804 1.00000
v -5.73701 21.58463 -19.67680 0.49412 0.50588 0.49804 1.00000
v -5.67997 21.43572 -19.72484 0.49412 0.50588 0.49804 1.00000
v -5.14510 22.44351 -21.09472 0.49412 0.50588 0.49804 1.00000
v -5.14510 22.44351 -21.09472 0.49412 0.50588 0.49804 1.00000
v -5.14510 22.44351 -21.09472 0.49412 0.50588 0.49804 1.00000
v -13.38973 18.59077 -0.12063 0.49412 0.50588 0.49804 1.00000
v -13.35352 18.76599 0.06366 0.49412 0.50588 0.49804 1.00000
v -13.54472 18.96030 -0.00034 0.49412 0.50588 0.49804 1.00000
v -13.65153 18.87116 -0.19663 0.49412 0.50588 0.49804 1.00000
v -13.65237 18.72288 -0.31802 0.49412 0.50588 0.49804 1.00000
v -13.51971 18.59656 -0.26672 0.49412 0.50588 0.49804 1.00000
v -13.38973 18.59077 -0.12063 0.49412 0.50588 0.49804 1.00000
v -14.53741 17.73818 1.03859 0.49412 0.50588 0.49804 1.00000
v -14.57433 17.92013 1.12397 0.49412 0.50588 0.49804 1.00000
v -14.66923 18.05986 1.13982 0.49412 0.50588 0.49804 1.00000
v -14.84439 18.08491 1.02448 0.49412 0.50588 0.49804 1.00000
v -14.84670 17.90226 0.90934 0.49412 0.50588 0.49804 1.00000
v -14.71252 17.77564 0.93100 0.49412 0.50588 0.49804 1.00000
v -14.53741 17.73818 1.03859 0.49412 0.50588 0.49804 1.00000
v -15.27752 17.08668 2.10006 0.49412 0.50588 0.49804 1.00000
v -15.21935 17.25932 2.24050 0.49412 0.50588 0.49804 1.00000
v -15.35676 17.43942 2.25667 0.49412 0.50588 0.49804 1.00000
v -15.51370 17.40585 2.13355 0.49412 0.50588 0.49804 1.00000
v -15.60731 17.28309 1.99931 0.49412 0.50588 0.49804 1.00000
v -15.47672 17.08759 1.96953 0.49412 0.50588 0.49804 1.00000
v -15.27752 17.08668 2.10006 0.49412 0.50588 0.49804 1.00000
v -16.27739 16.29677 3.24488 0.49412 0.50588 0.49804 1.00000
v -16.20646 16.40825 3.37627 0.49412 0.50588 0.49804 1.00000
v -16.30078 16.57542 3.41854 0.49412 0.50588 0.49804 1.00000
v -16.43093 16.55354 3.30312 0.49412 0.50588 0.49804 1.00000
v -16.51923 16.48533 3.18809 0.49412 0.50588 0.49804 1.00000
v -16.42006 16.34878 3.17063 0.49412 0.50588 0.49804 1.00000
v -16.27739 16.29677 3.24488 0.49412 0.50588 0.49804 1.00000
v -17.25905 15.62016 3.85563 0.49412 0.50588 0.49804 1.00000
v -17.23331 15.66063 3.99147 0.49412 0.50588 0.49804 1.00000
v -17.27711 15.79118 4.10081 0.49412 0.50588 0.49804 1.00000
v -17.38510 15.88575 3.98228 0.49412 0.50588 0.49804 1.00000
v -17.40083 15.82426 3.83649 0.49412 0.50588 0.49804 1.00000
v -17.34941 15.70311 3.76297 0.49412 0.50588 0.49804 1.00000
v -17.25905 15.62016 3.85563 0.49412 0.50588 0.49804 1.00000
v -18.62050 14.84785 4.01507 0.49412 0.50588 0.49804 1.00000
v -18.64180 14.87431 4.18898 0.49412 0.50588 0.49804 1.00000
v -18.69771 14.98492 4.30271 0.49412 0.50588 0.49804 1.00000
v -18.73994 15.09247 4.18908 0.49412 0.50588 0.49804 1.00000
v -18.75514 15.14448 4.03755 0.49412 0.50588 0.49804 1.00000
v -18.68945 15.00461 3.98623 0.49412 0.50588 0.49804 1.00000
v -18.62050 14.84785 4.01507 0.49412 0.50588 0.49804 1.00000
v -20.04090 14.44980 3.69141 0.49412 0.50588 0.49804 1.00000
v -20.07028 14.41327 3.85138 0.49412 0.50588 0.49804 1.00000
v -20.13416 14.51262 3.98130 0.49412 0.50588 0.49804 1.00000
v -20.14701 14.63864 3.87810 0.49412 0.50588 0.49804 1.00000
v -20.12760 14.66342 3.77160 0.49412 0.50588 0.49804 1.00000
v -20.07755 14.60969 3.64042 0.49412 0.50588 0.49804 1.00000
v -20.04090 14.44980 3.69141 0.49412 0.50588 0.49804 1.00000
v -21.52423 14.38715 3.37394 0.49412 0.50588 0.49804 1.00000
v -21.52423 14.38715 3.37394 0.49412 0.50588 0.49804 1.00000
v -21.52423 14.38715 3.37394 0.49412 0.50588 0.49804 1.00000
v -10.20184 23.86923 7.76701 0.49412 0.50588 0.49804 1.00000
v -10.13085 24.05102 7.93880 0.49412 0.50588 0.49804 1.00000
v -10.22631 24.29225 7.85055 0.49412 0.50588 0.49804 1.00000
v -10.34736 24.26689 7.64128 0.49412 0.50588 0.49804 1.00000
v -10.38391 24.09736 7.53050 0.49412 0.50588 0.49804 1.00000
v -10.33216 23.85559 7.54573 0.49412 0.50588 0.49804 1.00000
v -10.20184 23.86923 7.76701 0.49412 0.50588 0.49804 1.00000
v -11.82047 23.54549 8.79205 0.49412 0.50588 0.49804 1.00000
v -11.79256 23.66203 8.88295 0.49412 0.50588 0.49804 1.00000
v -11.83663 23.81611 8.88903 0.49412 0.50588 0.49804 1.00000
v -11.94393 23.85546 8.75522 0.49412 0.50588 0.49804 1.00000
v -12.01443 23.73788 8.60384 0.49412 0.50588 0.49804 1.00000
v -11.91314 23.58887 8.68064 0.49412 0.50588 0.49804 1.00000
v -11.82047 23.54549 8.79205 0.49412 0.50588 0.49804 1.00000
v -12.84944 23.10311 9.77213 0.49412 0.50588 0.49804 1.00000
v -12.79740 23.22186 9.86885 0.49412 0.50588 0.49804 1.00000
v -12.83561 23.38486 9.90110 0.49412 0.50588 0.49804 1.00000
v -12.97255 23.42428 9.79182 0.49412 0.50588 0.49804 1.00000
v -13.07840 23.32502 9.65380 0.49412 0.50588 0.49804 1.00000
v -12.99961 23.12075 9.64174 0.49412 0.50588 0.49804 1.00000
v -12.84944 23.10311 9.77213 0.49412 0.50588 0.49804 1.00000
v -13.58634 22.65520 10.92839 0.49412 0.50588 0.49804 1.00000
v -13.45258 22.77132 11.03793 0.49412 0.50588 0.49804 1.00000
v -13.54843 22.93784 11.04323 0.49412 0.50588 0.49804 1.00000
v -13.69674 23.03856 10.99876 0.49412 0.50588 0.49804 1.00000
v -13.78985 22.90267 10.90403 0.49412 0.50588 0.49804 1.00000
v -13.75079 22.73393 10.86803 0.49412 0.50588 0.49804 1.00000
v -13.58634 22.65520 10.92839 0.49412 0.50588 0.49804 1.00000
v -14.13704 22.29112 12.15297 0.49412 0.50588 0.49804 1.00000
v -14.04068 22.38399 12.22077 0.49412 0.50588 0.49804 1.00000
v -14.04109 22.53114 12.26846 0.49412 0.50588 0.49804 1.00000
v -14.19153 22.62519 12.24035 0.49412 0.50588 0.49804 1.00000
v -14.31635 22.51977 12.15736 0.49412 0.50588 0.49804 1.00000
v -14.25756 22.37452 12.13307 0.49412 0.50588 0.49804 1.00000
v -14.13704 22.29112 12.15297 0.49412 0.50588 0.49804 1.00000
v -14.81657 21.89756 13.23088 0.49412 0.50588 0.49804 1.00000
v -14.72600 21.94622 13.31518 0.49412 0.50588 0.49804 1.00000
v -14.69513 22.08452 13.39424 0.49412 0.50588 0.49804 1.00000
v -14.82988 22.17348 13.33556 0.49412 0.50588 0.49804 1.00000
v -14.91933 22.10298 13.24303 0.49412 0.50588 0.49804 1.00000
v -14.92577 21.97623 13.18605 0.49412 0.50588 0.49804 1.00000
v -14.81657 21.89756 13.23088 0.49412 0.50588 0.49804 1.00000
v -16.00686 21.38169 14.05545 0.49412 0.50588 0.49804 1.00000
v -15.93176 21.43033 14.19436 0.49412 0.50588 0.49804 1.00000
v -15.91462 21.55176 14.29216 0.49412 0.50588 0.49804 1.00000
v -16.00647 21.63988 14.21071 0.49412 0.50588 0.49804 1.00000
v -16.09763 21.66959 14.09526 0.49412 0.50588 0.49804 1.00000
v -16.07453 21.52839 14.04443 0.49412 0.50588 0.49804 1.00000
v -16.00686 21.38169 14.05545 0.49412 0.50588 0.49804 1.00000
v -17.47073 21.18267 14.48795 0.49412 0.50588 0.49804 1.00000
v -17.47073 21.18267 14.48795 0.49412 0.50588 0.49804 1.00000
v -17.47073 21.18267 14.48795 0.49412 0.50588 0.49804 1.00000
v 11.37908 30.91102 3.73656 0.49412 0.50588 0.49804 1.00000
v 11.46402 31.08640 3.59742 0.49412 0.50588 0.49804 1.00000
v 11.43442 31.27258 3.74636 0.49412 0.50588 0.49804 1.00000
v 11.33368 31.09748 3.92473 0.49412 0.50588 0.49804 1.00000
v 11.37908 30.91102 3.73656 0.49412 0.50588 0.49804 1.00000
v 13.53789 30.89968 4.97088 0.49412 0.50588 0.49804 1.00000
v 13.62108 30.94401 4.82736 0.49412 0.50588 0.49804 1.00000
v 13.56381 31.10919 4.91595 0.49412 0.50588 0.49804 1.00000
v 13.47535 31.02575 5.07045 0.49412 0.50588 0.49804 1.00000
v 13.53789 30.89968 4.97088 0.49412 0.50588 0.49804 1.00000
v 15.75009 31.65527 6.47677 0.49412 0.50588 0.49804 1.00000
v 15.82378 31.70320 6.33362 0.49412 0.50588 0.49804 1.00000
v 15.75759 31.86415 6.34034 0.49412 0.50588 0.49804 1.00000
v 15.68883 31.80522 6.48240 0.49412 0.50588 0.49804 1.00000
v 15.75009 31.65527 6.47677 0.49412 0.50588 0.49804 1.00000
v 17.28218 33.02658 8.24165 0.49412 0.50588 0.49804 1.00000
v 17.28218 33.02658 8.24165 0.49412 0.50588 0.49804 1.00000
v 0.07445 27.15740 -11.35145 0.49412 0.50588 0.49804 1.00000
v -0.14591 27.40235 -11.44159 0.49412 0.50588 0.49804 1.00000
v 0.10906 27.56712 -11.59104 0.49412 0.50588 0.49804 1.00000
v 0.23217 27.34177 -11.49057 0.49412 0.50588 0.49804 1.00000
v 0.07445 27.15740 -11.35145 0.49412 0.50588 0.49804 1.00000
v -0.61571 26.26457 -14.20402 0.49412 0.50588 0.49804 1.00000
v -0.81378 26.40139 -14.17242 0.49412 0.50588 0.49804 1.00000
v -0.63650 26.55913 -14.28998 0.49412 0.50588 0.49804 1.00000
v -0.50129 26.38990 -14.28738 0.49412 0.50588 0.49804 1.00000
v -0.61571 26.26457 -14.20402 0.49412 0.50588 0.49804 1.00000
v -1.07533 26.06841 -16.44487 0.49412 0.50588 0.49804 1.00000
v -1.22786 26.19158 -16.42309 0.49412 0.50588 0.49804 1.00000
v -1.13177 26.36090 -16.43939 0.49412 0.50588 0.49804 1.00000
v -0.99950 26.23631 -16.45809 0.49412 0.50588 0.49804 1.00000
v -1.07533 26.06841 -16.44487 0.49412 0.50588 0.49804 1.00000
v -0.59881 26.33461 -18.92859 0.49412 0.50588 0.49804 1.00000
v -0.75777 26.38605 -18.96183 0.49412 0.50588 0.49804 1.00000
v -0.68892 26.54939 -18.92506 0.49412 0.50588 0.49804 1.00000
v -0.55340 26.47079 -18.90091 0.49412 0.50588 0.49804 1.00000
v -0.59881 26.33461 -18.92859 0.49412 0.50588 0.49804 1.00000
v 0.69271 26.52252 -21.03910 0.49412 0.50588 0.49804 1.00000
v 0.69271 26.52252 -21.03910 0.49412 0.50588 0.49804 1.00000
v -8.56583 31.50227 -10.50465 0.49412 0.50588 0.49804 1.00000
v -8.63099 31.73516 -10.42700 0.49412 0.50588 0.49804 1.00000
v -8.34523 31.70638 -10.56769 0.49412 0.50588 0.49804 1.00000
v -8.56583 31.50227 -10.50465 0.49412 0.50588 0.49804 1.00000
v -9.72231 31.87388 -12.90577 0.49412 0.50588 0.49804 1.00000
v -9.81370 32.06974 -12.84244 0.49412 0.50588 0.49804 1.00000
v -9.60811 32.08746 -12.93448 0.49412 0.50588 0.49804 1.00000
v -9.72231 31.87388 -12.90577 0.49412 0.50588 0.49804 1.00000
v -9.97558 31.66325 -15.85374 0.49412 0.50588 0.49804 1.00000
v -10.11878 31.76754 -15.87235 0.49412 0.50588 0.49804 1.00000
v -9.91719 31.81417 -15.88143 0.49412 0.50588 0.49804 1.00000
v -9.97558 31.66325 -15.85374 0.49412 0.50588 0.49804 1.00000
v -9.51339 31.70203 -18.74470 0.49412 0.50588 0.49804 1.00000
v -9.51339 31.70203 -18.74470 0.49412 0.50588 0.49804 1.00000
v -13.85614 29.64865 -1.41574 0.49412 0.50588 0.49804 1.00000
v -13.87976 30.00695 -1.38188 0.49412 0.50588 0.49804 1.00000
v -14.02934 29.83992 -1.65999 0.49412 0.50588 0.49804 1.00000
v -13.85614 29.64865 -1.41574 0.49412 0.50588 0.49804 1.00000
v -17.03934 29.54276 -0.35260 0.49412 0.50588 0.49804 1.00000
v -17.02643 29.77531 -0.25970 0.49412 0.50588 0.49804 1.00000
v -17.09398 29.69328 -0.51480 0.49412 0.50588 0.49804 1.00000
v -17.03934 29.54276 -0.35260 0.49412 0.50588 0.49804 1.00000
v -20.11026 29.73483 -0.16451 0.49412 0.50588 0.49804 1.00000
v -20.09197 29.92305 -0.07972 0.49412 0.50588 0.49804 1.00000
v -20.09682 29.92059 -0.28500 0.49412 0.50588 0.49804 1.00000
v -20.11026 29.73483 -0.16451 0.49412 0.50588 0.49804 1.00000
v -23.01578 30.46929 -0.14662 0.49412 0.50588 0.49804 1.00000
v -23.01578 30.46929 -0.14662 0.49412 0.50588 0.49804 1.00000
v -6.26230 31.53905 10.03658 0.49412 0.50588 0.49804 1.00000
v -6.31908 31.89021 9.95637 0.49412 0.50588 0.49804 1.00000
v -6.59284 31.67798 10.05869 0.49412 0.50588 0.49804 1.00000
v -6.26230 31.53905 10.03658 0.49412 0.50588 0.49804 1.00000
v -6.10351 32.30116 13.10705 0.49412 0.50588 0.49804 1.00000
v -6.07577 32.52293 13.06114 0.49412 0.50588 0.49804 1.00000
v -6.28884 32.39313 13.09250 0.49412 0.50588 0.49804 1.00000
v -6.10351 32.30116 13.10705 0.49412 0.50588 0.49804 1.00000
v -6.82608 32.83455 15.74577 0.49412 0.50588 0.49804 1.00000
v -6.79540 33.03971 15.71621 0.49412 0.50588 0.49804 1.00000
v -6.98439 32.97104 15.66450 0.49412 0.50588 0.49804 1.00000
v -6.82608 32.83455 15.74577 0.49412 0.50588 0.49804 1.00000
v -7.81500 33.91581 18.04134 0.49412 0.50588 0.49804 1.00000
v -7.81500 33.91581 18.04134 0.49412 0.50588 0.49804 1.00000
v 4.27891 33.04458 14.36027 0.49412 0.50588 0.49804 1.00000
v 4.29194 33.27566 14.36897 0.49412 0.50588 0.49804 1.00000
v 4.13311 33.18251 14.51068 0.49412 0.50588 0.49804 1.00000
v 4.27891 33.04458 14.36027 0.49412 0.50588 0.49804 1.00000
v 6.24979 32.99492 16.39989 0.49412 0.50588 0.49804 1.00000
v 6.29745 33.15075 16.36314 0.49412 0.50588 0.49804 1.00000
v 6.15983 33.08692 16.48442 0.49412 0.50588 0.49804 1.00000
v 6.24979 32.99492 16.39989 0.49412 0.50588 0.49804 1.00000
v 7.51444 33.22612 18.78720 0.49412 0.50588 0.49804 1.00000
v 7.51444 33.22612 18.78720 0.49412 0.50588 0.49804 1.00000
v 1.17432 38.59166 -10.16138 0.49412 0.50588 0.49804 1.00000
v 1.20636 38.78418 -10.05554 0.49412 0.50588 0.49804 1.00000
v 1.43001 38.64297 -10.08427 0.49412 0.50588 0.49804 1.00000
v 1.17432 38.59166 -10.16138 0.49412 0.50588 0.49804 1.00000
v 1.87984 39.55753 -14.12792 0.49412 0.50588 0.49804 1.00000
v 1.88203 39.72836 -14.10533 0.49412 0.50588 0.49804 1.00000
v 2.07251 39.62592 -14.08776 0.49412 0.50588 0.49804 1.00000
v 1.87984 39.55753 -14.12792 0.49412 0.50588 0.49804 1.00000
v 2.71399 39.86050 -18.05840 0.49412 0.50588 0.49804 1.00000
v 2.71399 39.86050 -18.05840 0.49412 0.50588 0.49804 1.00000
v -14.84999 40.89196 -4.02111 0.49412 0.50588 0.49804 1.00000
v -14.82349 41.06456 -4.01659 0.49412 0.50588 0.49804 1.00000
v -14.81209 40.98517 -4.20994 0.49412 0.50588 0.49804 1.00000
v -14.84999 40.89196 -4.02111 0.49412 0.50588 0.49804 1.00000
v -19.27483 42.11109 -5.60162 0.49412 0.50588 0.49804 1.00000
v -19.27483 42.11109 -5.60162 0.49412 0.50588 0.49804 1.00000
v -7.38405 38.39432 7.90927 0.49412 0.50588 0.49804 1.00000
v -7.34851 38.56367 7.81602 0.49412 0.50588 0.49804 1.00000
v -7.54251 38.41397 7.73327 0.49412 0.50588 0.49804 1.00000
v -7.38405 38.39432 7.90927 0.49412 0.50588 0.49804 1.00000
v -10.89686 40.40700 11.52785 0.49412 0.50588 0.49804 1.00000
v -10.86435 40.60310 11.46390 0.49412 0.50588 0.49804 1.00000
v -11.00823 40.47416 11.40060 0.49412 0.50588 0.49804 1.00000
v -10.89686 40.40700 11.52785 0.49412 0.50588 0.49804 1.00000
v -13.42053 41.96347 14.32231 0.49412 0.50588 0.49804 1.00000
v -13.42053 41.96347 14.32231 0.49412 0.50588 0.49804 1.00000
v 0.14563 43.14685 13.40784 0.49412 0.50588 0.49804 1.00000
v 0.06276 43.32125 13.32872 0.49412 0.50588 0.49804 1.00000
v -0.01824 43.19762 13.46811 0.49412 0.50588 0.49804 1.00000
v 0.14563 43.14685 13.40784 0.49412 0.50588 0.49804 1.00000
v 0.59326 45.66069 16.87560 0.49412 0.50588 0.49804 1.00000
v 0.59326 45.66069 16.87560 0.49412 0.50588 0.49804 1.00000
v 8.18838 39.38416 -1.15462 0.49412 0.50588 0.49804 1.00000
v 8.08544 39.49207 -0.99108 0.49412 0.50588 0.49804 1.00000
v 8.29030 39.34654 -0.90623 0.49412 0.50588 0.49804 1.00000
v 8.18838 39.38416 -1.15462 0.49412 0.50588 0.49804 1.00000
v 11.09342 41.97094 -1.41673 0.49412 0.50588 0.49804 1.00000
v 11.02662 42.06594 -1.31467 0.49412 0.50588 0.49804 1.00000
v 11.13912 41.92496 -1.24140 0.49412 0.50588 0.49804 1.00000
v 11.09342 41.97094 -1.41673 0.49412 0.50588 0.49804 1.00000
v 13.74796 44.39639 -2.37373 0.49412 0.50588 0.49804 1.00000
v 13.74796 44.39639 -2.37373 0.49412 0.50588 0.49804 1.00000
v -9.18292 47.51796 -5.24454 0.49412 0.50588 0.49804 1.00000
v -9.03748 47.67379 -5.27366 0.49412 0.50588 0.49804 1.00000
v -9.09189 47.55194 -5.39833 0.49412 0.50588 0.49804 1.00000
v -9.18292 47.51796 -5.24454 0.49412 0.50588 0.49804 1.00000
v -13.01144 51.27732 -7.72358 0.49412 0.50588 0.49804 1.00000
v -13.01144 51.27732 -7.72358 0.49412 0.50588 0.49804 1.00000
v -5.85205 46.91122 12.82747 0.49412 0.50588 0.49804 1.00000
v -5.92620 46.99828 12.73046 0.49412 0.50588 0.49804 1.00000
v -6.02802 46.86695 12.79887 0.49412 0.50588 0.49804 1.00000
v -5.85205 46.91122 12.82747 0.49412 0.50588 0.49804 1.00000
v -6.85710 49.96025 15.72314 0.49412 0.50588 0.49804 1.00000
v -6.85710 49.96025 15.72314 0.49412 0.50588 0.49804 1.00000
v 3.66139 17.74174 14.75176 0.49412 0.50588 0.49804 1.00000
v 3.27462 17.82975 15.51267 0.49412 0.50588 0.49804 1.00000
v 3.22343 17.67232 15.73664 0.49412 0.50588 0.49804 1.00000
v 3.56202 17.54427 15.05424 0.49412 0.50588 0.49804 1.00000
v 3.85128 17.62150 14.82424 0.49412 0.50588 0.49804 1.00000
v 3.43884 17.74645 15.57326 0.49412 0.50588 0.49804 1.00000
v 3.27462 17.82975 15.51267 0.49412 0.50588 0.49804 1.00000
v 3.66139 17.74174 14.75176 0.49412 0.50588 0.49804 1.00000
v 2.92539 17.91444 16.21309 0.49412 0.50588 0.49804 1.00000
v 2.91337 17.79684 16.37455 0.49412 0.50588 0.49804 1.00000
v 3.06177 17.87122 16.25956 0.49412 0.50588 0.49804 1.00000
v 2.92539 17.91444 16.21309 0.49412 0.50588 0.49804 1.00000
v 2.32355 18.08303 17.41705 0.49412 0.50588 0.49804 1.00000
v 2.35523 18.00979 17.50820 0.49412 0.50588 0.49804 1.00000
v 2.42340 18.09034 17.44852 0.49412 0.50588 0.49804 1.00000
v 2.32355 18.08303 17.41705 0.49412 0.50588 0.49804 1.00000
v -0.00451 20.35607 21.83938 0.49412 0.50588 0.49804 1.00000
v -0.00451 20.35607 21.83938 0.49412 0.50588 0.49804 1.00000
v 4.59726 18.50120 13.72862 0.49412 0.50588 0.49804 1.00000
v 4.28326 18.42686 14.26444 0.49412 0.50588 0.49804 1.00000
v 4.15294 18.29737 14.48620 0.49412 0.50588 0.49804 1.00000
v 4.42521 18.35255 14.03613 0.49412 0.50588 0.49804 1.00000
v 4.66564 18.40421 14.09377 0.49412 0.50588 0.49804 1.00000
v 4.34599 18.33175 14.54559 0.49412 0.50588 0.49804 1.00000
v 4.44044 18.53184 14.33426 0.49412 0.50588 0.49804 1.00000
v 4.77683 18.67230 13.80299 0.49412 0.50588 0.49804 1.00000
v 4.59726 18.50120 13.72862 0.49412 0.50588 0.49804 1.00000
v 4.28326 18.42686 14.26444 0.49412 0.50588 0.49804 1.00000
v 3.99754 18.37203 14.75658 0.49412 0.50588 0.49804 1.00000
v 3.89377 18.25613 14.90622 0.49412 0.50588 0.49804 1.00000
v 4.04398 18.26689 14.96044 0.49412 0.50588 0.49804 1.00000
v 4.13027 18.41736 14.81688 0.49412 0.50588 0.49804 1.00000
v 3.99754 18.37203 14.75658 0.49412 0.50588 0.49804 1.00000
v 3.50002 18.27710 15.59186 0.49412 0.50588 0.49804 1.00000
v 3.42223 18.17424 15.65517 0.49412 0.50588 0.49804 1.00000
v 3.52607 18.15106 15.69764 0.49412 0.50588 0.49804 1.00000
v 3.60173 18.25877 15.63687 0.49412 0.50588 0.49804 1.00000
v 3.50002 18.27710 15.59186 0.49412 0.50588 0.49804 1.00000
v 2.07626 19.68966 18.98195 0.49412 0.50588 0.49804 1.00000
v 1.99853 19.69050 18.97254 0.49412 0.50588 0.49804 1.00000
v 1.98995 19.61741 19.00672 0.49412 0.50588 0.49804 1.00000
v 2.07133 19.61834 19.01570 0.49412 0.50588 0.49804 1.00000
v 2.07626 19.68966 18.98195 0.49412 0.50588 0.49804 1.00000
v 2.26007 19.65031 21.85081 0.49412 0.50588 0.49804 1.00000
v 2.26007 19.65031 21.85081 0.49412 0.50588 0.49804 1.00000
v 15.10185 21.27782 6.03619 0.49412 0.50588 0.49804 1.00000
v 15.76693 21.41712 6.56914 0.49412 0.50588 0.49804 1.00000
v 16.01005 21.31250 6.70728 0.49412 0.50588 0.49804 1.00000
v 15.41990 21.15669 6.24158 0.49412 0.50588 0.49804 1.00000
v 15.24368 21.09326 5.93760 0.49412 0.50588 0.49804 1.00000
v 15.88664 21.28810 6.47187 0.49412 0.50588 0.49804 1.00000
v 15.76693 21.41712 6.56914 0.49412 0.50588 0.49804 1.00000
v 15.10185 21.27782 6.03619 0.49412 0.50588 0.49804 1.00000
v 16.37898 21.55065 7.05080 0.49412 0.50588 0.49804 1.00000
v 16.56260 21.46388 7.13506 0.49412 0.50588 0.49804 1.00000
v 16.47530 21.47622 6.96022 0.49412 0.50588 0.49804 1.00000
v 16.37898 21.55065 7.05080 0.49412 0.50588 0.49804 1.00000
v 17.42486 21.80364 7.87380 0.49412 0.50588 0.49804 1.00000
v 17.54140 21.73574 7.89792 0.49412 0.50588 0.49804 1.00000
v 17.49508 21.79283 7.79823 0.49412 0.50588 0.49804 1.00000
v 17.42486 21.80364 7.87380 0.49412 0.50588 0.49804 1.00000
v 21.38322 25.01660 10.16974 0.49412 0.50588 0.49804 1.00000
v 21.38322 25.01660 10.16974 0.49412 0.50588 0.49804 1.00000
v 12.81759 22.45724 4.02326 0.49412 0.50588 0.49804 1.00000
v 13.39120 22.44922 4.21950 0.49412 0.50588 0.49804 1.00000
v 13.69570 22.31832 4.33050 0.49412 0.50588 0.49804 1.00000
v 13.23212 22.31365 4.16733 0.49412 0.50588 0.49804 1.00000
v 13.26918 22.37638 3.89083 0.49412 0.50588 0.49804 1.00000
v 13.74129 22.36246 4.10071 0.49412 0.50588 0.49804 1.00000
v 13.44035 22.55963 4.01204 0.49412 0.50588 0.49804 1.00000
v 12.85958 22.63213 3.78522 0.49412 0.50588 0.49804 1.00000
v 12.81759 22.45724 4.02326 0.49412 0.50588 0.49804 1.00000
v 13.39120 22.44922 4.21950 0.49412 0.50588 0.49804 1.00000
v 13.91465 22.45701 4.39605 0.49412 0.50588 0.49804 1.00000
v 14.12960 22.33391 4.48774 0.49412 0.50588 0.49804 1.00000
v 14.17736 22.35282 4.30309 0.49412 0.50588 0.49804 1.00000
v 13.96529 22.50836 4.22175 0.49412 0.50588 0.49804 1.00000
v 13.91465 22.45701 4.39605 0.49412 0.50588 0.49804 1.00000
v 14.80017 22.46859 4.70455 0.49412 0.50588 0.49804 1.00000
v 14.91024 22.35070 4.77941 0.49412 0.50588 0.49804 1.00000
v 14.95551 22.33365 4.64650 0.49412 0.50588 0.49804 1.00000
v 14.84784 22.45602 4.57179 0.49412 0.50588 0.49804 1.00000
v 14.80017 22.46859 4.70455 0.49412 0.50588 0.49804 1.00000
v 18.71383 23.90795 5.78644 0.49412 0.50588 0.49804 1.00000
v 18.71251 23.88892 5.88235 0.49412 0.50588 0.49804 1.00000
v 18.74989 23.79568 5.86899 0.49412 0.50588 0.49804 1.00000
v 18.75036 23.81785 5.76916 0.49412 0.50588 0.49804 1.00000
v 18.71383 23.90795 5.78644 0.49412 0.50588 0.49804 1.00000
v 21.83546 24.25437 5.00273 0.49412 0.50588 0.49804 1.00000
v 21.83546 24.25437 5.00273 0.49412 0.50588 0.49804 1.00000
v 6.23002 23.70111 -4.19605 0.49412 0.50588 0.49804 1.00000
v 6.46129 23.81342 -4.63979 0.49412 0.50588 0.49804 1.00000
v 6.71827 23.76173 -4.86583 0.49412 0.50588 0.49804 1.00000
v 6.56894 23.67699 -4.50240 0.49412 0.50588 0.49804 1.00000
v 6.54635 23.58362 -4.81202 0.49412 0.50588 0.49804 1.00000
v 6.68133 23.65752 -5.10646 0.49412 0.50588 0.49804 1.00000
v 6.44168 23.50983 -5.06141 0.49412 0.50588 0.49804 1.00000
v 6.27093 23.36327 -4.71586 0.49412 0.50588 0.49804 1.00000
v 5.82794 23.47811 -4.43277 0.49412 0.50588 0.49804 1.00000
v 6.12469 23.61728 -4.84754 0.49412 0.50588 0.49804 1.00000
v 6.11013 23.81092 -4.66427 0.49412 0.50588 0.49804 1.00000
v 5.76641 23.71721 -4.21869 0.49412 0.50588 0.49804 1.00000
v 6.23002 23.70111 -4.19605 0.49412 0.50588 0.49804 1.00000
v 6.46129 23.81342 -4.63979 0.49412 0.50588 0.49804 1.00000
v 6.66145 23.92057 -5.04868 0.49412 0.50588 0.49804 1.00000
v 6.85145 23.84440 -5.21179 0.49412 0.50588 0.49804 1.00000
v 6.80344 23.74059 -5.39451 0.49412 0.50588 0.49804 1.00000
v 6.59736 23.65682 -5.38329 0.49412 0.50588 0.49804 1.00000
v 6.38027 23.76372 -5.22346 0.49412 0.50588 0.49804 1.00000
v 6.40027 23.91673 -5.07047 0.49412 0.50588 0.49804 1.00000
v 6.66145 23.92057 -5.04868 0.49412 0.50588 0.49804 1.00000
v 7.00244 24.11063 -5.74232 0.49412 0.50588 0.49804 1.00000
v 7.11740 24.00314 -5.82839 0.49412 0.50588 0.49804 1.00000
v 7.05290 23.90721 -5.94188 0.49412 0.50588 0.49804 1.00000
v 6.88874 23.89223 -5.96223 0.49412 0.50588 0.49804 1.00000
v 6.77476 24.01087 -5.87169 0.49412 0.50588 0.49804 1.00000
v 6.82961 24.12422 -5.76513 0.49412 0.50588 0.49804 1.00000
v 7.00244 24.11063 -5.74232 0.49412 0.50588 0.49804 1.00000
v 8.66706 25.10978 -9.47054 0.49412 0.50588 0.49804 1.00000
v 8.68548 25.00417 -9.51462 0.49412 0.50588 0.49804 1.00000
v 8.59546 24.95782 -9.56971 0.49412 0.50588 0.49804 1.00000
v 8.49945 25.01175 -9.57877 0.49412 0.50588 0.49804 1.00000
v 8.48528 25.11141 -9.53600 0.49412 0.50588 0.49804 1.00000
v 8.56778 25.16181 -9.48170 0.49412 0.50588 0.49804 1.00000
v 8.66706 25.10978 -9.47054 0.49412 0.50588 0.49804 1.00000
v 9.71624 26.89319 -11.58041 0.49412 0.50588 0.49804 1.00000
v 9.71030 26.83224 -11.64097 0.49412 0.50588 0.49804 1.00000
v 9.63345 26.83117 -11.68359 0.49412 0.50588 0.49804 1.00000
v 9.57414 26.88729 -11.66292 0.49412 0.50588 0.49804 1.00000
v 9.58652 26.94220 -11.60456 0.49412 0.50588 0.49804 1.00000
v 9.65682 26.95054 -11.55863 0.49412 0.50588 0.49804 1.00000
v 9.71624 26.89319 -11.58041 0.49412 0.50588 0.49804 1.00000
v 10.52362 28.35635 -13.99933 0.49412 0.50588 0.49804 1.00000
v 10.52362 28.35635 -13.99933 0.49412 0.50588 0.49804 1.00000
v 10.52362 28.35635 -13.99933 0.49412 0.50588 0.49804 1.00000
v 0.15778 20.92143 -11.06263 0.49412 0.50588 0.49804 1.00000
v -0.22726 20.90456 -11.42080 0.49412 0.50588 0.49804 1.00000
v -0.39759 20.76280 -11.66112 0.49412 0.50588 0.49804 1.00000
v -0.07899 20.78974 -11.38802 0.49412 0.50588 0.49804 1.00000
v -0.30078 20.62734 -11.27829 0.49412 0.50588 0.49804 1.00000
v -0.58696 20.62824 -11.55312 0.49412 0.50588 0.49804 1.00000
v -0.52921 20.71262 -11.16146 0.49412 0.50588 0.49804 1.00000
v -0.19357 20.70769 -10.74412 0.49412 0.50588 0.49804 1.00000
v -0.05623 21.01220 -10.58926 0.49412 0.50588 0.49804 1.00000
v -0.39256 20.95827 -11.06859 0.49412 0.50588 0.49804 1.00000
v -0.22726 20.90456 -11.42080 0.49412 0.50588 0.49804 1.00000
v 0.15778 20.92143 -11.06263 0.49412 0.50588 0.49804 1.00000
v -0.58575 20.89135 -11.74500 0.49412 0.50588 0.49804 1.00000
v -0.70470 20.74258 -11.91440 0.49412 0.50588 0.49804 1.00000
v -0.86357 20.64047 -11.81219 0.49412 0.50588 0.49804 1.00000
v -0.84049 20.73366 -11.53596 0.49412 0.50588 0.49804 1.00000
v -0.70976 20.92915 -11.49172 0.49412 0.50588 0.49804 1.00000
v -0.58575 20.89135 -11.74500 0.49412 0.50588 0.49804 1.00000
v -1.19569 20.86471 -12.31431 0.49412 0.50588 0.49804 1.00000
v -1.25178 20.71185 -12.39664 0.49412 0.50588 0.49804 1.00000
v -1.37259 20.65248 -12.30074 0.49412 0.50588 0.49804 1.00000
v -1.39084 20.75956 -12.14896 0.49412 0.50588 0.49804 1.00000
v -1.28512 20.90381 -12.16222 0.49412 0.50588 0.49804 1.00000
v -1.19569 20.86471 -12.31431 0.49412 0.50588 0.49804 1.00000
v -3.87156 21.27486 -15.03013 0.49412 0.50588 0.49804 1.00000
v -3.92161 21.16753 -15.03339 0.49412 0.50588 0.49804 1.00000
v -4.02157 21.16224 -14.96216 0.49412 0.50588 0.49804 1.00000
v -4.02736 21.27683 -14.91531 0.49412 0.50588 0.49804 1.00000
v -3.93650 21.34403 -14.95686 0.49412 0.50588 0.49804 1.00000
v -3.87156 21.27486 -15.03013 0.49412 0.50588 0.49804 1.00000
v -5.38675 22.44178 -16.83854 0.49412 0.50588 0.49804 1.00000
v -5.46202 22.36411 -16.83081 0.49412 0.50588 0.49804 1.00000
v -5.53105 22.39309 -16.75271 0.49412 0.50588 0.49804 1.00000
v -5.49496 22.48337 -16.71882 0.49412 0.50588 0.49804 1.00000
v -5.41097 22.51603 -16.76572 0.49412 0.50588 0.49804 1.00000
v -5.38675 22.44178 -16.83854 0.49412 0.50588 0.49804 1.00000
v -7.26995 23.90492 -18.02284 0.49412 0.50588 0.49804 1.00000
v -7.26995 23.90492 -18.02284 0.49412 0.50588 0.49804 1.00000
v -7.26995 23.90492 -18.02284 0.49412 0.50588 0.49804 1.00000
v -0.34424 20.14252 -12.09504 0.49412 0.50588 0.49804 1.00000
v -0.69837 20.14129 -12.72931 0.49412 0.50588 0.49804 1.00000
v -0.81491 20.03910 -13.02133 0.49412 0.50588 0.49804 1.00000
v -0.51165 20.04215 -12.48383 0.49412 0.50588 0.49804 1.00000
v -0.77368 20.09917 -12.47061 0.49412 0.50588 0.49804 1.00000
v -1.03144 20.05622 -13.00359 0.49412 0.50588 0.49804 1.00000
v -1.04507 20.15093 -12.67611 0.49412 0.50588 0.49804 1.00000
v -0.76325 20.20860 -12.03100 0.49412 0.50588 0.49804 1.00000
v -0.48313 20.41501 -11.83700 0.49412 0.50588 0.49804 1.00000
v -0.82994 20.31009 -12.53020 0.49412 0.50588 0.49804 1.00000
v -0.69837 20.14129 -12.72931 0.49412 0.50588 0.49804 1.00000
v -0.34424 20.14252 -12.09504 0.49412 0.50588 0.49804 1.00000
v -1.02725 20.15493 -13.30700 0.49412 0.50588 0.49804 1.00000
v -1.09634 20.05095 -13.52567 0.49412 0.50588 0.49804 1.00000
v -1.26447 20.02658 -13.50897 0.49412 0.50588 0.49804 1.00000
v -1.29630 20.10249 -13.26901 0.49412 0.50588 0.49804 1.00000
v -1.14423 20.23475 -13.15760 0.49412 0.50588 0.49804 1.00000
v -1.02725 20.15493 -13.30700 0.49412 0.50588 0.49804 1.00000
v -1.58136 20.15797 -14.29925 0.49412 0.50588 0.49804 1.00000
v -1.58806 20.05335 -14.43512 0.49412 0.50588 0.49804 1.00000
v -1.69294 19.97946 -14.41766 0.49412 0.50588 0.49804 1.00000
v -1.74839 20.02834 -14.27172 0.49412 0.50588 0.49804 1.00000
v -1.67673 20.14747 -14.20380 0.49412 0.50588 0.49804 1.00000
v -1.58136 20.15797 -14.29925 0.49412 0.50588 0.49804 1.00000
v -4.94418 21.56005 -16.52266 0.49412 0.50588 0.49804 1.00000
v -4.91929 21.59257 -16.60564 0.49412 0.50588 0.49804 1.00000
v -4.95362 21.53482 -16.67552 0.49412 0.50588 0.49804 1.00000
v -4.99989 21.46713 -16.62474 0.49412 0.50588 0.49804 1.00000
v -4.99609 21.47965 -16.52935 0.49412 0.50588 0.49804 1.00000
v -4.94418 21.56005 -16.52266 0.49412 0.50588 0.49804 1.00000
v -7.77971 22.61571 -15.72970 0.49412 0.50588 0.49804 1.00000
v -7.77971 22.61571 -15.72970 0.49412 0.50588 0.49804 1.00000
v -7.77971 22.61571 -15.72970 0.49412 0.50588 0.49804 1.00000
v -5.07992 21.85435 -7.37787 0.49412 0.50588 0.49804 1.00000
v -5.42327 21.98564 -7.76346 0.49412 0.50588 0.49804 1.00000
v -5.57325 21.97214 -8.10670 0.49412 0.50588 0.49804 1.00000
v -5.29157 21.88088 -7.83702 0.49412 0.50588 0.49804 1.00000
v -5.60907 21.81487 -7.91570 0.49412 0.50588 0.49804 1.00000
v -5.82891 21.88562 -8.15708 0.49412 0.50588 0.49804 1.00000
v -5.86813 21.69992 -7.93904 0.49412 0.50588 0.49804 1.00000
v -5.60668 21.54193 -7.65644 0.49412 0.50588 0.49804 1.00000
v -5.43047 21.57179 -7.16473 0.49412 0.50588 0.49804 1.00000
v -5.73672 21.74882 -7.57729 0.49412 0.50588 0.49804 1.00000
v -5.54700 21.94583 -7.45350 0.49412 0.50588 0.49804 1.00000
v -5.22165 21.81880 -6.96465 0.49412 0.50588 0.49804 1.00000
v -5.07992 21.85435 -7.37787 0.49412 0.50588 0.49804 1.00000
v -5.42327 21.98564 -7.76346 0.49412 0.50588 0.49804 1.00000
v -5.74381 22.11226 -8.10201 0.49412 0.50588 0.49804 1.00000
v -5.84521 22.06176 -8.35379 0.49412 0.50588 0.49804 1.00000
v -6.04824 21.96720 -8.38093 0.49412 0.50588 0.49804 1.00000
v -6.11320 21.85810 -8.19794 0.49412 0.50588 0.49804 1.00000
v -6.01698 21.92924 -7.93814 0.49412 0.50588 0.49804 1.00000
v -5.84913 22.08365 -7.87249 0.49412 0.50588 0.49804 1.00000
v -5.74381 22.11226 -8.10201 0.49412 0.50588 0.49804 1.00000
v -6.28134 22.33720 -8.66885 0.49412 0.50588 0.49804 1.00000
v -6.32092 22.23860 -8.81657 0.49412 0.50588 0.49804 1.00000
v -6.46219 22.14264 -8.81077 0.49412 0.50588 0.49804 1.00000
v -6.55084 22.11685 -8.67325 0.49412 0.50588 0.49804 1.00000
v -6.50448 22.22498 -8.52678 0.49412 0.50588 0.49804 1.00000
v -6.37353 22.34049 -8.52182 0.49412 0.50588 0.49804 1.00000
v -6.28134 22.33720 -8.66885 0.49412 0.50588 0.49804 1.00000
v -8.40442 23.82383 -11.84188 0.49412 0.50588 0.49804 1.00000
v -8.44661 23.73821 -11.91352 0.49412 0.50588 0.49804 1.00000
v -8.55017 23.69098 -11.87990 0.49412 0.50588 0.49804 1.00000
v -8.60370 23.72618 -11.78591 0.49412 0.50588 0.49804 1.00000
v -8.56110 23.80729 -11.72044 0.49412 0.50588 0.49804 1.00000
v -8.46184 23.85713 -11.74679 0.49412 0.50588 0.49804 1.00000
v -8.40442 23.82383 -11.84188 0.49412 0.50588 0.49804 1.00000
v -9.50917 26.10304 -13.21363 0.49412 0.50588 0.49804 1.00000
v -9.56738 26.04681 -13.24984 0.49412 0.50588 0.49804 1.00000
v -9.64438 26.03797 -13.20314 0.49412 0.50588 0.49804 1.00000
v -9.65491 26.08312 -13.12986 0.49412 0.50588 0.49804 1.00000
v -9.59551 26.13449 -13.10158 0.49412 0.50588 0.49804 1.00000
v -9.51874 26.14930 -13.13948 0.49412 0.50588 0.49804 1.00000
v -9.50917 26.10304 -13.21363 0.49412 0.50588 0.49804 1.00000
v -11.27856 27.78081 -14.66455 0.49412 0.50588 0.49804 1.00000
v -11.27856 27.78081 -14.66455 0.49412 0.50588 0.49804 1.00000
v -11.27856 27.78081 -14.66455 0.49412 0.50588 0.49804 1.00000
v -10.46943 19.93173 -1.42381 0.49412 0.50588 0.49804 1.00000
v -11.03994 20.04077 -1.24346 0.49412 0.50588 0.49804 1.00000
v -11.39840 19.93835 -1.18223 0.49412 0.50588 0.49804 1.00000
v -10.94705 19.83768 -1.33635 0.49412 0.50588 0.49804 1.00000
v -11.08706 19.71347 -1.03725 0.49412 0.50588 0.49804 1.00000
v -11.49556 19.81565 -0.93777 0.49412 0.50588 0.49804 1.00000
v -11.23450 19.69112 -0.84272 0.49412 0.50588 0.49804 1.00000
v -10.74769 19.51591 -0.97216 0.49412 0.50588 0.49804 1.00000
v -10.19804 19.72643 -0.97007 0.49412 0.50588 0.49804 1.00000
v -10.83409 19.86158 -0.85270 0.49412 0.50588 0.49804 1.00000
v -10.73636 20.08233 -1.01046 0.49412 0.50588 0.49804 1.00000
v -10.05853 20.01167 -1.12798 0.49412 0.50588 0.49804 1.00000
v -10.46943 19.93173 -1.42381 0.49412 0.50588 0.49804 1.00000
v -11.03994 20.04077 -1.24346 0.49412 0.50588 0.49804 1.00000
v -11.55543 20.14581 -1.06671 0.49412 0.50588 0.49804 1.00000
v -11.81905 20.03589 -1.02632 0.49412 0.50588 0.49804 1.00000
v -11.88262 19.92581 -0.82972 0.49412 0.50588 0.49804 1.00000
v -11.68454 19.86598 -0.71929 0.49412 0.50588 0.49804 1.00000
v -11.40139 20.00798 -0.73725 0.49412 0.50588 0.49804 1.00000
v -11.33632 20.17080 -0.88607 0.49412 0.50588 0.49804 1.00000
v -11.55543 20.14581 -1.06671 0.49412 0.50588 0.49804 1.00000
v -12.43360 20.33840 -0.77819 0.49412 0.50588 0.49804 1.00000
v -12.58637 20.21529 -0.76305 0.49412 0.50588 0.49804 1.00000
v -12.61492 20.12964 -0.61712 0.49412 0.50588 0.49804 1.00000
v -12.49519 20.14186 -0.49769 0.49412 0.50588 0.49804 1.00000
v -12.34167 20.26694 -0.51502 0.49412 0.50588 0.49804 1.00000
v -12.31009 20.36916 -0.64389 0.49412 0.50588 0.49804 1.00000
v -12.43360 20.33840 -0.77819 0.49412 0.50588 0.49804 1.00000
v -16.02532 22.51259 0.14414 0.49412 0.50588 0.49804 1.00000
v -16.09717 22.42888 0.18502 0.49412 0.50588 0.49804 1.00000
v -16.10108 22.39731 0.30418 0.49412 0.50588 0.49804 1.00000
v -16.02276 22.46247 0.37261 0.49412 0.50588 0.49804 1.00000
v -15.94585 22.55047 0.33585 0.49412 0.50588 0.49804 1.00000
v -15.94704 22.57792 0.21165 0.49412 0.50588 0.49804 1.00000
v -16.02532 22.51259 0.14414 0.49412 0.50588 0.49804 1.00000
v -17.62915 24.03857 1.48289 0.49412 0.50588 0.49804 1.00000
v -17.65291 23.95988 1.52209 0.49412 0.50588 0.49804 1.00000
v -17.59777 23.93491 1.59377 0.49412 0.50588 0.49804 1.00000
v -17.52479 23.98665 1.62220 0.49412 0.50588 0.49804 1.00000
v -17.50592 24.06795 1.57635 0.49412 0.50588 0.49804 1.00000
v -17.56130 24.09239 1.50485 0.49412 0.50588 0.49804 1.00000
v -17.62915 24.03857 1.48289 0.49412 0.50588 0.49804 1.00000
v -18.67606 25.68674 3.09813 0.49412 0.50588 0.49804 1.00000
v -18.67606 25.68674 3.09813 0.49412 0.50588 0.49804 1.00000
v -18.67606 25.68674 3.09813 0.49412 0.50588 0.49804 1.00000
v -15.11857 17.47844 1.42679 0.49412 0.50588 0.49804 1.00000
v -15.51428 17.47634 1.90206 0.49412 0.50588 0.49804 1.00000
v -15.64807 17.38459 2.17320 0.49412 0.50588 0.49804 1.00000
v -15.29045 17.39530 1.80749 0.49412 0.50588 0.49804 1.00000
v -14.99872 17.43583 1.83160 0.49412 0.50588 0.49804 1.00000
v -15.41188 17.41255 2.21421 0.49412 0.50588 0.49804 1.00000
v -15.29933 17.61330 1.94149 0.49412 0.50588 0.49804 1.00000
v -14.86276 17.70304 1.44679 0.49412 0.50588 0.49804 1.00000
v -15.11857 17.47844 1.42679 0.49412 0.50588 0.49804 1.00000
v -15.51428 17.47634 1.90206 0.49412 0.50588 0.49804 1.00000
v -15.87252 17.48761 2.33990 0.49412 0.50588 0.49804 1.00000
v -15.98630 17.38699 2.51551 0.49412 0.50588 0.49804 1.00000
v -15.80002 17.39398 2.56424 0.49412 0.50588 0.49804 1.00000
v -15.69682 17.54836 2.38936 0.49412 0.50588 0.49804 1.00000
v -15.87252 17.48761 2.33990 0.49412 0.50588 0.49804 1.00000
v -16.49834 17.49599 3.07644 0.49412 0.50588 0.49804 1.00000
v -16.59326 17.38565 3.14000 0.49412 0.50588 0.49804 1.00000
v -16.46731 17.35950 3.19681 0.49412 0.50588 0.49804 1.00000
v -16.37389 17.47806 3.13600 0.49412 0.50588 0.49804 1.00000
v -16.49834 17.49599 3.07644 0.49412 0.50588 0.49804 1.00000
v -17.62226 18.71625 7.18834 0.49412 0.50588 0.49804 1.00000
v -17.71736 18.72232 7.18132 0.49412 0.50588 0.49804 1.00000
v -17.73011 18.62971 7.21396 0.49412 0.50588 0.49804 1.00000
v -17.63049 18.62567 7.22048 0.49412 0.50588 0.49804 1.00000
v -17.62226 18.71625 7.18834 0.49412 0.50588 0.49804 1.00000
v -15.77859 19.72894 9.90714 0.49412 0.50588 0.49804 1.00000
v -15.77859 19.72894 9.90714 0.49412 0.50588 0.49804 1.00000
v -6.70857 23.45066 5.39577 0.49412 0.50588 0.49804 1.00000
v -6.59333 23.76935 5.95002 0.49412 0.50588 0.49804 1.00000
v -6.90017 23.93509 6.15388 0.49412 0.50588 0.49804 1.00000
v -7.10994 23.70829 5.65822 0.49412 0.50588 0.49804 1.00000
v -7.16631 23.72236 6.01270 0.49412 0.50588 0.49804 1.00000
v -6.94198 23.90035 6.43585 0.49412 0.50588 0.49804 1.00000
v -6.79727 23.62075 6.47842 0.49412 0.50588 0.49804 1.00000
v -7.01606 23.34707 6.04123 0.49412 0.50588 0.49804 1.00000
v -6.55520 23.13276 5.80011 0.49412 0.50588 0.49804 1.00000
v -6.45736 23.48203 6.28724 0.49412 0.50588 0.49804 1.00000
v -6.29621 23.59387 6.04265 0.49412 0.50588 0.49804 1.00000
v -6.30378 23.25076 5.50933 0.49412 0.50588 0.49804 1.00000
v -6.70857 23.45066 5.39577 0.49412 0.50588 0.49804 1.00000
v -6.59333 23.76935 5.95002 0.49412 0.50588 0.49804 1.00000
v -6.47792 24.06177 6.45713 0.49412 0.50588 0.49804 1.00000
v -6.70386 24.14866 6.61641 0.49412 0.50588 0.49804 1.00000
v -6.72578 24.07963 6.83421 0.49412 0.50588 0.49804 1.00000
v -6.58915 23.88284 6.87854 0.49412 0.50588 0.49804 1.00000
v -6.35039 23.81140 6.72550 0.49412 0.50588 0.49804 1.00000
v -6.26343 23.91672 6.52561 0.49412 0.50588 0.49804 1.00000
v -6.47792 24.06177 6.45713 0.49412 0.50588 0.49804 1.00000
v -6.23528 24.55876 7.32729 0.49412 0.50588 0.49804 1.00000
v -6.38257 24.56104 7.43906 0.49412 0.50588 0.49804 1.00000
v -6.38098 24.45766 7.57523 0.49412 0.50588 0.49804 1.00000
v -6.25817 24.34215 7.60398 0.49412 0.50588 0.49804 1.00000
v -6.11571 24.34658 7.49336 0.49412 0.50588 0.49804 1.00000
v -6.09523 24.45204 7.35887 0.49412 0.50588 0.49804 1.00000
v -6.23528 24.55876 7.32729 0.49412 0.50588 0.49804 1.00000
v -4.80069 26.95172 10.38683 0.49412 0.50588 0.49804 1.00000
v -4.86368 26.92237 10.48440 0.49412 0.50588 0.49804 1.00000
v -4.82856 26.83028 10.56218 0.49412 0.50588 0.49804 1.00000
v -4.72265 26.77482 10.52588 0.49412 0.50588 0.49804 1.00000
v -4.65291 26.80081 10.42578 0.49412 0.50588 0.49804 1.00000
v -4.69512 26.89697 10.35000 0.49412 0.50588 0.49804 1.00000
v -4.80069 26.95172 10.38683 0.49412 0.50588 0.49804 1.00000
v -3.45978 28.71339 11.89100 0.49412 0.50588 0.49804 1.00000
v -3.48966 28.67362 11.96924 0.49412 0.50588 0.49804 1.00000
v -3.43817 28.59787 11.99629 0.49412 0.50588 0.49804 1.00000
v -3.36273 28.56624 11.94689 0.49412 0.50588 0.49804 1.00000
v -3.33738 28.61304 11.86585 0.49412 0.50588 0.49804 1.00000
v -3.38914 28.68861 11.83931 0.49412 0.50588 0.49804 1.00000
v -3.45978 28.71339 11.89100 0.49412 0.50588 0.49804 1.00000
v -2.24088 30.07124 13.60523 0.49412 0.50588 0.49804 1.00000
v -2.24088 30.07124 13.60523 0.49412 0.50588 0.49804 1.00000
v -2.24088 30.07124 13.60523 0.49412 0.50588 0.49804 1.00000
v 8.62044 31.35928 3.16550 0.49412 0.50588 0.49804 1.00000
v 9.17539 31.59893 3.07433 0.49412 0.50588 0.49804 1.00000
v 9.47686 31.66127 3.04464 0.49412 0.50588 0.49804 1.00000
v 9.00953 31.49451 3.12451 0.49412 0.50588 0.49804 1.00000
v 8.96875 31.24890 2.97438 0.49412 0.50588 0.49804 1.00000
v 9.44291 31.48719 2.89621 0.49412 0.50588 0.49804 1.00000
v 9.09430 31.48433 2.84337 0.49412 0.50588 0.49804 1.00000
v 8.50079 31.21414 2.87807 0.49412 0.50588 0.49804 1.00000
v 8.62044 31.35928 3.16550 0.49412 0.50588 0.49804 1.00000
v 9.17539 31.59893 3.07433 0.49412 0.50588 0.49804 1.00000
v 9.68044 31.82001 2.98309 0.49412 0.50588 0.49804 1.00000
v 9.91188 31.82275 2.96113 0.49412 0.50588 0.49804 1.00000
v 9.87865 31.71569 2.82101 0.49412 0.50588 0.49804 1.00000
v 9.62321 31.74224 2.80029 0.49412 0.50588 0.49804 1.00000
v 9.68044 31.82001 2.98309 0.49412 0.50588 0.49804 1.00000
v 10.54432 32.19873 2.83096 0.49412 0.50588 0.49804 1.00000
v 10.68872 32.13506 2.81771 0.49412 0.50588 0.49804 1.00000
v 10.65352 32.10342 2.69325 0.49412 0.50588 0.49804 1.00000
v 10.50410 32.17153 2.69608 0.49412 0.50588 0.49804 1.00000
v 10.54432 32.19873 2.83096 0.49412 0.50588 0.49804 1.00000
v 14.03159 34.68412 2.63878 0.49412 0.50588 0.49804 1.00000
v 14.09224 34.62613 2.59645 0.49412 0.50588 0.49804 1.00000
v 14.06554 34.65598 2.50766 0.49412 0.50588 0.49804 1.00000
v 14.00287 34.71580 2.55406 0.49412 0.50588 0.49804 1.00000
v 14.03159 34.68412 2.63878 0.49412 0.50588 0.49804 1.00000
v 16.15339 36.86738 2.11019 0.49412 0.50588 0.49804 1.00000
v 16.15339 36.86738 2.11019 0.49412 0.50588 0.49804 1.00000
v 12.65967 30.94727 4.57563 0.49412 0.50588 0.49804 1.00000
v 13.22804 31.26864 4.86525 0.49412 0.50588 0.49804 1.00000
v 13.47689 31.30675 4.91687 0.49412 0.50588 0.49804 1.00000
v 13.00285 31.01448 4.62592 0.49412 0.50588 0.49804 1.00000
v 12.75205 30.99348 4.37851 0.49412 0.50588 0.49804 1.00000
v 13.30178 31.28327 4.71986 0.49412 0.50588 0.49804 1.00000
v 13.22804 31.26864 4.86525 0.49412 0.50588 0.49804 1.00000
v 12.65967 30.94727 4.57563 0.49412 0.50588 0.49804 1.00000
v 13.74618 31.57244 5.12463 0.49412 0.50588 0.49804 1.00000
v 13.91310 31.58739 5.19045 0.49412 0.50588 0.49804 1.00000
v 13.80081 31.55218 5.03657 0.49412 0.50588 0.49804 1.00000
v 13.74618 31.57244 5.12463 0.49412 0.50588 0.49804 1.00000
v 14.62527 32.09599 5.58654 0.49412 0.50588 0.49804 1.00000
v 14.69653 32.08281 5.67453 0.49412 0.50588 0.49804 1.00000
v 14.65493 32.03046 5.56969 0.49412 0.50588 0.49804 1.00000
v 14.62527 32.09599 5.58654 0.49412 0.50588 0.49804 1.00000
v 18.92406 33.14732 4.40353 0.49412 0.50588 0.49804 1.00000
v 18.92406 33.14732 4.40353 0.49412 0.50588 0.49804 1.00000
v 0.20324 28.19150 -7.58564 0.49412 0.50588 0.49804 1.00000
v 0.05207 28.38095 -8.05455 0.49412 0.50588 0.49804 1.00000
v 0.03034 28.39549 -8.40930 0.49412 0.50588 0.49804 1.00000
v 0.16888 28.26380 -8.05321 0.49412 0.50588 0.49804 1.00000
v -0.06213 28.11310 -8.14246 0.49412 0.50588 0.49804 1.00000
v -0.17349 28.26433 -8.47187 0.49412 0.50588 0.49804 1.00000
v -0.26004 28.14121 -8.14493 0.49412 0.50588 0.49804 1.00000
v -0.14063 27.90704 -7.71044 0.49412 0.50588 0.49804 1.00000
v -0.12094 28.10179 -7.31210 0.49412 0.50588 0.49804 1.00000
v -0.20475 28.30249 -7.85482 0.49412 0.50588 0.49804 1.00000
v 0.05207 28.38095 -8.05455 0.49412 0.50588 0.49804 1.00000
v 0.20324 28.19150 -7.58564 0.49412 0.50588 0.49804 1.00000
v -0.09529 28.55670 -8.47767 0.49412 0.50588 0.49804 1.00000
v -0.10894 28.52367 -8.74225 0.49412 0.50588 0.49804 1.00000
v -0.28586 28.41829 -8.77989 0.49412 0.50588 0.49804 1.00000
v -0.37281 28.36702 -8.53426 0.49412 0.50588 0.49804 1.00000
v -0.29438 28.50071 -8.33152 0.49412 0.50588 0.49804 1.00000
v -0.09529 28.55670 -8.47767 0.49412 0.50588 0.49804 1.00000
v -0.34258 28.86135 -9.19590 0.49412 0.50588 0.49804 1.00000
v -0.34440 28.77284 -9.35382 0.49412 0.50588 0.49804 1.00000
v -0.48822 28.70099 -9.35764 0.49412 0.50588 0.49804 1.00000
v -0.57404 28.73132 -9.20385 0.49412 0.50588 0.49804 1.00000
v -0.48579 28.84589 -9.10113 0.49412 0.50588 0.49804 1.00000
v -0.34258 28.86135 -9.19590 0.49412 0.50588 0.49804 1.00000
v -1.66093 29.89437 -12.55713 0.49412 0.50588 0.49804 1.00000
v -1.67754 29.78095 -12.57515 0.49412 0.50588 0.49804 1.00000
v -1.78961 29.74767 -12.54660 0.49412 0.50588 0.49804 1.00000
v -1.83944 29.85195 -12.50948 0.49412 0.50588 0.49804 1.00000
v -1.76112 29.93986 -12.51617 0.49412 0.50588 0.49804 1.00000
v -1.66093 29.89437 -12.55713 0.49412 0.50588 0.49804 1.00000
v -2.40934 31.16003 -14.82922 0.49412 0.50588 0.49804 1.00000
v -2.46671 31.08212 -14.87304 0.49412 0.50588 0.49804 1.00000
v -2.56500 31.08885 -14.83402 0.49412 0.50588 0.49804 1.00000
v -2.56168 31.16759 -14.77109 0.49412 0.50588 0.49804 1.00000
v -2.47306 31.21238 -14.76488 0.49412 0.50588 0.49804 1.00000
v -2.40934 31.16003 -14.82922 0.49412 0.50588 0.49804 1.00000
v -2.96451 33.07342 -16.69702 0.49412 0.50588 0.49804 1.00000
v -2.96451 33.07342 -16.69702 0.49412 0.50588 0.49804 1.00000
v -2.96451 33.07342 -16.69702 0.49412 0.50588 0.49804 1.00000
v -9.72409 31.89787 -14.27380 0.49412 0.50588 0.49804 1.00000
v -9.98592 32.12577 -14.84726 0.49412 0.50588 0.49804 1.00000
v -10.11370 32.07349 -15.02337 0.49412 0.50588 0.49804 1.00000
v -9.88603 31.85229 -14.52178 0.49412 0.50588 0.49804 1.00000
v -9.86730 31.78447 -14.22806 0.49412 0.50588 0.49804 1.00000
v -10.10994 32.04175 -14.80361 0.49412 0.50588 0.49804 1.00000
v -9.98592 32.12577 -14.84726 0.49412 0.50588 0.49804 1.00000
v -9.72409 31.89787 -14.27380 0.49412 0.50588 0.49804 1.00000
v -10.22949 32.33613 -15.37007 0.49412 0.50588 0.49804 1.00000
v -10.33051 32.28347 -15.48720 0.49412 0.50588 0.49804 1.00000
v -10.33212 32.28420 -15.32768 0.49412 0.50588 0.49804 1.00000
v -10.22949 32.33613 -15.37007 0.49412 0.50588 0.49804 1.00000
v -10.64341 32.70757 -16.26554 0.49412 0.50588 0.49804 1.00000
v -10.71510 32.65558 -16.31435 0.49412 0.50588 0.49804 1.00000
v -10.72005 32.69689 -16.22633 0.49412 0.50588 0.49804 1.00000
v -10.64341 32.70757 -16.26554 0.49412 0.50588 0.49804 1.00000
v -13.33470 35.38470 -20.00941 0.49412 0.50588 0.49804 1.00000
v -13.33470 35.38470 -20.00941 0.49412 0.50588 0.49804 1.00000
v -8.87211 31.67084 -11.41783 0.49412 0.50588 0.49804 1.00000
v -9.09680 32.23497 -11.96139 0.49412 0.50588 0.49804 1.00000
v -9.27082 32.33355 -12.14164 0.49412 0.50588 0.49804 1.00000
v -9.11837 31.82078 -11.64372 0.49412 0.50588 0.49804 1.00000
v -9.04830 31.73616 -11.25767 0.49412 0.50588 0.49804 1.00000
v -9.24606 32.26872 -11.85860 0.49412 0.50588 0.49804 1.00000
v -9.09680 32.23497 -11.96139 0.49412 0.50588 0.49804 1.00000
v -8.87211 31.67084 -11.41783 0.49412 0.50588 0.49804 1.00000
v -9.30445 32.75949 -12.45205 0.49412 0.50588 0.49804 1.00000
v -9.40584 32.81786 -12.60234 0.49412 0.50588 0.49804 1.00000
v -9.42115 32.76025 -12.40744 0.49412 0.50588 0.49804 1.00000
v -9.30445 32.75949 -12.45205 0.49412 0.50588 0.49804 1.00000
v -9.64624 33.66115 -13.30480 0.49412 0.50588 0.49804 1.00000
v -9.65916 33.67431 -13.42615 0.49412 0.50588 0.49804 1.00000
v -9.72027 33.62431 -13.33149 0.49412 0.50588 0.49804 1.00000
v -9.64624 33.66115 -13.30480 0.49412 0.50588 0.49804 1.00000
v -13.47372 36.97818 -15.27701 0.49412 0.50588 0.49804 1.00000
v -13.47372 36.97818 -15.27701 0.49412 0.50588 0.49804 1.00000
v -8.57629 29.72509 -2.05168 0.49412 0.50588 0.49804 1.00000
v -9.08144 29.85510 -1.99002 0.49412 0.50588 0.49804 1.00000
v -9.40654 29.84878 -1.98866 0.49412 0.50588 0.49804 1.00000
v -9.01195 29.77207 -2.04110 0.49412 0.50588 0.49804 1.00000
v -9.10023 29.62566 -1.82484 0.49412 0.50588 0.49804 1.00000
v -9.47356 29.72394 -1.79628 0.49412 0.50588 0.49804 1.00000
v -9.16195 29.63192 -1.68521 0.49412 0.50588 0.49804 1.00000
v -8.67211 29.45810 -1.71292 0.49412 0.50588 0.49804 1.00000
v -8.31956 29.65881 -1.71089 0.49412 0.50588 0.49804 1.00000
v -8.90252 29.79775 -1.72213 0.49412 0.50588 0.49804 1.00000
v -9.08144 29.85510 -1.99002 0.49412 0.50588 0.49804 1.00000
v -8.57629 29.72509 -2.05168 0.49412 0.50588 0.49804 1.00000
v -9.54048 29.97700 -1.92420 0.49412 0.50588 0.49804 1.00000
v -9.77679 29.92581 -1.92982 0.49412 0.50588 0.49804 1.00000
v -9.82440 29.82821 -1.76148 0.49412 0.50588 0.49804 1.00000
v -9.60346 29.80321 -1.65479 0.49412 0.50588 0.49804 1.00000
v -9.41953 29.94074 -1.71674 0.49412 0.50588 0.49804 1.00000
v -9.54048 29.97700 -1.92420 0.49412 0.50588 0.49804 1.00000
v -10.32329 30.18545 -1.82125 0.49412 0.50588 0.49804 1.00000
v -10.44920 30.08284 -1.83495 0.49412 0.50588 0.49804 1.00000
v -10.47167 30.02152 -1.69520 0.49412 0.50588 0.49804 1.00000
v -10.35727 30.07320 -1.59513 0.49412 0.50588 0.49804 1.00000
v -10.26402 30.18880 -1.67155 0.49412 0.50588 0.49804 1.00000
v -10.32329 30.18545 -1.82125 0.49412 0.50588 0.49804 1.00000
v -13.71217 30.95113 -1.16374 0.49412 0.50588 0.49804 1.00000
v -13.74478 30.84952 -1.13567 0.49412 0.50588 0.49804 1.00000
v -13.70618 30.82018 -1.03201 0.49412 0.50588 0.49804 1.00000
v -13.64695 30.91389 -0.99986 0.49412 0.50588 0.49804 1.00000
v -13.65108 30.99236 -1.07987 0.49412 0.50588 0.49804 1.00000
v -13.71217 30.95113 -1.16374 0.49412 0.50588 0.49804 1.00000
v -16.09538 31.88222 -0.58988 0.49412 0.50588 0.49804 1.00000
v -16.11683 31.80803 -0.54194 0.49412 0.50588 0.49804 1.00000
v -16.09976 31.82587 -0.45467 0.49412 0.50588 0.49804 1.00000
v -16.07003 31.90690 -0.45473 0.49412 0.50588 0.49804 1.00000
v -16.06590 31.94340 -0.53156 0.49412 0.50588 0.49804 1.00000
v -16.09538 31.88222 -0.58988 0.49412 0.50588 0.49804 1.00000
v -18.26465 32.95102 0.39607 0.49412 0.50588 0.49804 1.00000
v -18.26465 32.95102 0.39607 0.49412 0.50588 0.49804 1.00000
v -18.26465 32.95102 0.39607 0.49412 0.50588 0.49804 1.00000
v -6.16389 30.64597 5.58743 0.49412 0.50588 0.49804 1.00000
v -6.24133 31.09724 6.13191 0.49412 0.50588 0.49804 1.00000
v -6.34672 31.16601 6.43030 0.49412 0.50588 0.49804 1.00000
v -6.30220 30.77583 5.97215 0.49412 0.50588 0.49804 1.00000
v -6.15319 30.64667 6.15278 0.49412 0.50588 0.49804 1.00000
v -6.20957 31.05882 6.57485 0.49412 0.50588 0.49804 1.00000
v -6.02237 30.89921 6.34687 0.49412 0.50588 0.49804 1.00000
v -5.92777 30.39928 5.84495 0.49412 0.50588 0.49804 1.00000
v -5.77697 30.52475 5.49408 0.49412 0.50588 0.49804 1.00000
v -5.94903 30.99750 6.07281 0.49412 0.50588 0.49804 1.00000
v -6.24133 31.09724 6.13191 0.49412 0.50588 0.49804 1.00000
v -6.16389 30.64597 5.58743 0.49412 0.50588 0.49804 1.00000
v -6.30300 31.51092 6.63126 0.49412 0.50588 0.49804 1.00000
v -6.37852 31.53217 6.86055 0.49412 0.50588 0.49804 1.00000
v -6.25305 31.45255 6.96794 0.49412 0.50588 0.49804 1.00000
v -6.10143 31.36630 6.79829 0.49412 0.50588 0.49804 1.00000
v -6.08685 31.43919 6.59102 0.49412 0.50588 0.49804 1.00000
v -6.30300 31.51092 6.63126 0.49412 0.50588 0.49804 1.00000
v -6.41087 32.23141 7.47856 0.49412 0.50588 0.49804 1.00000
v -6.45176 32.19610 7.62782 0.49412 0.50588 0.49804 1.00000
v -6.33983 32.15440 7.69096 0.49412 0.50588 0.49804 1.00000
v -6.22998 32.15443 7.58494 0.49412 0.50588 0.49804 1.00000
v -6.26771 32.20760 7.45552 0.49412 0.50588 0.49804 1.00000
v -6.41087 32.23141 7.47856 0.49412 0.50588 0.49804 1.00000
v -7.07051 34.86110 11.14533 0.49412 0.50588 0.49804 1.00000
v -7.03999 34.79453 11.20130 0.49412 0.50588 0.49804 1.00000
v -6.94346 34.79254 11.20064 0.49412 0.50588 0.49804 1.00000
v -6.92238 34.86363 11.13956 0.49412 0.50588 0.49804 1.00000
v -6.99898 34.90846 11.10323 0.49412 0.50588 0.49804 1.00000
v -7.07051 34.86110 11.14533 0.49412 0.50588 0.49804 1.00000
v -7.71243 36.88250 13.28452 0.49412 0.50588 0.49804 1.00000
v -7.71243 36.88250 13.28452 0.49412 0.50588 0.49804 1.00000
v -7.71243 36.88250 13.28452 0.49412 0.50588 0.49804 1.00000
v -6.50892 31.59512 10.05274 0.49412 0.50588 0.49804 1.00000
v -6.40517 31.97958 10.50902 0.49412 0.50588 0.49804 1.00000
v -6.34794 32.07815 10.75413 0.49412 0.50588 0.49804 1.00000
v -6.42327 31.75078 10.36596 0.49412 0.50588 0.49804 1.00000
v -6.22214 31.70410 10.23886 0.49412 0.50588 0.49804 1.00000
v -6.17736 32.04257 10.66363 0.49412 0.50588 0.49804 1.00000
v -6.25518 32.01326 10.38161 0.49412 0.50588 0.49804 1.00000
v -6.34332 31.66516 9.86284 0.49412 0.50588 0.49804 1.00000
v -6.50892 31.59512 10.05274 0.49412 0.50588 0.49804 1.00000
v -6.40517 31.97958 10.50902 0.49412 0.50588 0.49804 1.00000
v -6.30756 32.33975 10.91828 0.49412 0.50588 0.49804 1.00000
v -6.28141 32.39283 11.11145 0.49412 0.50588 0.49804 1.00000
v -6.14256 32.35807 11.05641 0.49412 0.50588 0.49804 1.00000
v -6.17813 32.33947 10.84559 0.49412 0.50588 0.49804 1.00000
v -6.30756 32.33975 10.91828 0.49412 0.50588 0.49804 1.00000
v -6.15115 32.95203 11.62342 0.49412 0.50588 0.49804 1.00000
v -6.16627 32.95255 11.75810 0.49412 0.50588 0.49804 1.00000
v -6.06533 32.91062 11.74568 0.49412 0.50588 0.49804 1.00000
v -6.05023 32.91579 11.60915 0.49412 0.50588 0.49804 1.00000
v -6.15115 32.95203 11.62342 0.49412 0.50588 0.49804 1.00000
v -3.88203 35.31168 13.53208 0.49412 0.50588 0.49804 1.00000
v -3.91121 35.36042 13.58131 0.49412 0.50588 0.49804 1.00000
v -3.89053 35.31657 13.64228 0.49412 0.50588 0.49804 1.00000
v -3.86057 35.26677 13.58937 0.49412 0.50588 0.49804 1.00000
v -3.88203 35.31168 13.53208 0.49412 0.50588 0.49804 1.00000
v -1.24162 36.06202 13.60408 0.49412 0.50588 0.49804 1.00000
v -1.24162 36.06202 13.60408 0.49412 0.50588 0.49804 1.00000
v 1.27605 32.04026 7.09986 0.49412 0.50588 0.49804 1.00000
v 1.71644 32.38036 6.99922 0.49412 0.50588 0.49804 1.00000
v 1.85380 32.47572 7.28548 0.49412 0.50588 0.49804 1.00000
v 1.45192 32.19079 7.48351 0.49412 0.50588 0.49804 1.00000
v 1.67131 32.08215 7.51609 0.49412 0.50588 0.49804 1.00000
v 2.03726 32.37163 7.30004 0.49412 0.50588 0.49804 1.00000
v 2.00317 32.18305 7.09231 0.49412 0.50588 0.49804 1.00000
v 1.61111 31.81737 7.26608 0.49412 0.50588 0.49804 1.00000
v 1.43181 31.90648 6.87177 0.49412 0.50588 0.49804 1.00000
v 1.84192 32.25840 6.82455 0.49412 0.50588 0.49804 1.00000
v 1.71644 32.38036 6.99922 0.49412 0.50588 0.49804 1.00000
v 1.27605 32.04026 7.09986 0.49412 0.50588 0.49804 1.00000
v 2.12271 32.69313 6.89963 0.49412 0.50588 0.49804 1.00000
v 2.23052 32.74232 7.10323 0.49412 0.50588 0.49804 1.00000
v 2.37795 32.64745 7.09788 0.49412 0.50588 0.49804 1.00000
v 2.35898 32.52378 6.92900 0.49412 0.50588 0.49804 1.00000
v 2.21718 32.58951 6.76502 0.49412 0.50588 0.49804 1.00000
v 2.12271 32.69313 6.89963 0.49412 0.50588 0.49804 1.00000
v 2.81936 33.23996 6.68232 0.49412 0.50588 0.49804 1.00000
v 2.89870 33.24177 6.80436 0.49412 0.50588 0.49804 1.00000
v 3.00049 33.15941 6.77526 0.49412 0.50588 0.49804 1.00000
v 2.98904 33.10118 6.64838 0.49412 0.50588 0.49804 1.00000
v 2.87494 33.16254 6.58248 0.49412 0.50588 0.49804 1.00000
v 2.81936 33.23996 6.68232 0.49412 0.50588 0.49804 1.00000
v 5.55158 36.63373 5.15334 0.49412 0.50588 0.49804 1.00000
v 5.62498 36.60936 5.20056 0.49412 0.50588 0.49804 1.00000
v 5.65474 36.53555 5.15830 0.49412 0.50588 0.49804 1.00000
v 5.60271 36.51820 5.09157 0.49412 0.50588 0.49804 1.00000
v 5.54056 36.57685 5.08811 0.49412 0.50588 0.49804 1.00000
v 5.55158 36.63373 5.15334 0.49412 0.50588 0.49804 1.00000
v 8.03542 38.43666 3.70550 0.49412 0.50588 0.49804 1.00000
v 8.03542 38.43666 3.70550 0.49412 0.50588 0.49804 1.00000
v 8.03542 38.43666 3.70550 0.49412 0.50588 0.49804 1.00000
v -0.20624 36.59095 -5.76118 0.49412 0.50588 0.49804 1.00000
v -0.55229 36.90513 -6.06614 0.49412 0.50588 0.49804 1.00000
v -0.52712 37.00645 -6.39361 0.49412 0.50588 0.49804 1.00000
v -0.17777 36.77273 -6.18865 0.49412 0.50588 0.49804 1.00000
v -0.33425 36.50453 -6.19630 0.49412 0.50588 0.49804 1.00000
v -0.67898 36.80056 -6.40078 0.49412 0.50588 0.49804 1.00000
v -0.77063 36.75271 -6.05055 0.49412 0.50588 0.49804 1.00000
v -0.47346 36.41388 -5.73058 0.49412 0.50588 0.49804 1.00000
v -0.20624 36.59095 -5.76118 0.49412 0.50588 0.49804 1.00000
v -0.55229 36.90513 -6.06614 0.49412 0.50588 0.49804 1.00000
v -0.87436 37.19239 -6.34139 0.49412 0.50588 0.49804 1.00000
v -0.85658 37.22904 -6.58467 0.49412 0.50588 0.49804 1.00000
v -0.99815 37.07991 -6.58540 0.49412 0.50588 0.49804 1.00000
v -1.05016 37.06884 -6.33069 0.49412 0.50588 0.49804 1.00000
v -0.87436 37.19239 -6.34139 0.49412 0.50588 0.49804 1.00000
v -1.44490 37.68820 -6.79605 0.49412 0.50588 0.49804 1.00000
v -1.42909 37.65525 -6.94814 0.49412 0.50588 0.49804 1.00000
v -1.55082 37.56524 -6.93387 0.49412 0.50588 0.49804 1.00000
v -1.57475 37.60057 -6.77970 0.49412 0.50588 0.49804 1.00000
v -1.44490 37.68820 -6.79605 0.49412 0.50588 0.49804 1.00000
v -4.26830 40.19244 -9.24679 0.49412 0.50588 0.49804 1.00000
v -4.28955 40.11901 -9.31449 0.49412 0.50588 0.49804 1.00000
v -4.36372 40.08960 -9.25172 0.49412 0.50588 0.49804 1.00000
v -4.34094 40.16069 -9.18921 0.49412 0.50588 0.49804 1.00000
v -4.26830 40.19244 -9.24679 0.49412 0.50588 0.49804 1.00000
v -6.41099 42.19245 -10.77961 0.49412 0.50588 0.49804 1.00000
v -6.41099 42.19245 -10.77961 0.49412 0.50588 0.49804 1.00000
v -14.49383 40.93398 -4.09396 0.49412 0.50588 0.49804 1.00000
v -15.05376 41.17289 -4.03707 0.49412 0.50588 0.49804 1.00000
v -15.22531 41.13069 -4.01239 0.49412 0.50588 0.49804 1.00000
v -14.70512 40.89228 -4.07772 0.49412 0.50588 0.49804 1.00000
v -14.45878 40.84039 -3.88975 0.49412 0.50588 0.49804 1.00000
v -15.03869 41.09680 -3.87565 0.49412 0.50588 0.49804 1.00000
v -15.05376 41.17289 -4.03707 0.49412 0.50588 0.49804 1.00000
v -14.49383 40.93398 -4.09396 0.49412 0.50588 0.49804 1.00000
v -15.56588 41.39297 -3.97965 0.49412 0.50588 0.49804 1.00000
v -15.70309 41.35157 -3.94932 0.49412 0.50588 0.49804 1.00000
v -15.56199 41.33922 -3.85545 0.49412 0.50588 0.49804 1.00000
v -15.56588 41.39297 -3.97965 0.49412 0.50588 0.49804 1.00000
v -16.44510 41.77513 -3.88168 0.49412 0.50588 0.49804 1.00000
v -16.53472 41.73040 -3.84862 0.49412 0.50588 0.49804 1.00000
v -16.44656 41.75250 -3.79560 0.49412 0.50588 0.49804 1.00000
v -16.44510 41.77513 -3.88168 0.49412 0.50588 0.49804 1.00000
v -20.53616 43.90396 -2.71640 0.49412 0.50588 0.49804 1.00000
v -20.53616 43.90396 -2.71640 0.49412 0.50588 0.49804 1.00000
v -10.30623 40.01332 -3.02936 0.49412 0.50588 0.49804 1.00000
v -10.88224 40.44080 -2.95486 0.49412 0.50588 0.49804 1.00000
v -11.12205 40.55968 -2.93306 0.49412 0.50588 0.49804 1.00000
v -10.60547 40.19288 -2.98852 0.49412 0.50588 0.49804 1.00000
v -10.26226 40.08053 -2.76924 0.49412 0.50588 0.49804 1.00000
v -10.87692 40.47103 -2.76115 0.49412 0.50588 0.49804 1.00000
v -10.88224 40.44080 -2.95486 0.49412 0.50588 0.49804 1.00000
v -10.30623 40.01332 -3.02936 0.49412 0.50588 0.49804 1.00000
v -11.40620 40.83857 -2.88073 0.49412 0.50588 0.49804 1.00000
v -11.59772 40.91084 -2.88657 0.49412 0.50588 0.49804 1.00000
v -11.43504 40.83217 -2.75648 0.49412 0.50588 0.49804 1.00000
v -11.40620 40.83857 -2.88073 0.49412 0.50588 0.49804 1.00000
v -12.31749 41.51439 -2.76188 0.49412 0.50588 0.49804 1.00000
v -12.44707 41.53451 -2.80987 0.49412 0.50588 0.49804 1.00000
v -12.37600 41.46135 -2.72243 0.49412 0.50588 0.49804 1.00000
v -12.31749 41.51439 -2.76188 0.49412 0.50588 0.49804 1.00000
v -16.10108 43.08364 0.13025 0.49412 0.50588 0.49804 1.00000
v -16.10108 43.08364 0.13025 0.49412 0.50588 0.49804 1.00000
v -5.55927 37.13883 5.49785 0.49412 0.50588 0.49804 1.00000
v -5.33449 37.47079 5.92236 0.49412 0.50588 0.49804 1.00000
v -5.47544 37.56929 6.22220 0.49412 0.50588 0.49804 1.00000
v -5.74654 37.31077 5.89311 0.49412 0.50588 0.49804 1.00000
v -5.61297 37.04748 5.95842 0.49412 0.50588 0.49804 1.00000
v -5.34414 37.36810 6.28282 0.49412 0.50588 0.49804 1.00000
v -5.14383 37.32795 5.98906 0.49412 0.50588 0.49804 1.00000
v -5.32683 36.97479 5.57306 0.49412 0.50588 0.49804 1.00000
v -5.55927 37.13883 5.49785 0.49412 0.50588 0.49804 1.00000
v -5.33449 37.47079 5.92236 0.49412 0.50588 0.49804 1.00000
v -5.12006 37.77578 6.30798 0.49412 0.50588 0.49804 1.00000
v -5.21884 37.81437 6.52969 0.49412 0.50588 0.49804 1.00000
v -5.09341 37.66984 6.57841 0.49412 0.50588 0.49804 1.00000
v -4.96405 37.65936 6.36003 0.49412 0.50588 0.49804 1.00000
v -5.12006 37.77578 6.30798 0.49412 0.50588 0.49804 1.00000
v -4.72181 38.30792 6.95516 0.49412 0.50588 0.49804 1.00000
v -4.78258 38.28001 7.09117 0.49412 0.50588 0.49804 1.00000
v -4.66892 38.19475 7.11693 0.49412 0.50588 0.49804 1.00000
v -4.60087 38.22566 6.98214 0.49412 0.50588 0.49804 1.00000
v -4.72181 38.30792 6.95516 0.49412 0.50588 0.49804 1.00000
v -2.47543 40.36002 9.91488 0.49412 0.50588 0.49804 1.00000
v -2.48984 40.28913 9.98063 0.49412 0.50588 0.49804 1.00000
v -2.40822 40.23766 9.94975 0.49412 0.50588 0.49804 1.00000
v -2.39519 40.31296 9.88186 0.49412 0.50588 0.49804 1.00000
v -2.47543 40.36002 9.91488 0.49412 0.50588 0.49804 1.00000
v -0.98820 41.94908 11.95979 0.49412 0.50588 0.49804 1.00000
v -0.98820 41.94908 11.95979 0.49412 0.50588 0.49804 1.00000
v -1.74139 40.68423 9.78741 0.49412 0.50588 0.49804 1.00000
v -1.17223 41.27090 9.74054 0.49412 0.50588 0.49804 1.00000
v -1.06195 41.34948 9.98084 0.49412 0.50588 0.49804 1.00000
v -1.60819 40.82791 10.10903 0.49412 0.50588 0.49804 1.00000
v -1.55332 40.54200 9.84335 0.49412 0.50588 0.49804 1.00000
v -1.01420 41.15109 9.77645 0.49412 0.50588 0.49804 1.00000
v -1.17223 41.27090 9.74054 0.49412 0.50588 0.49804 1.00000
v -1.74139 40.68423 9.78741 0.49412 0.50588 0.49804 1.00000
v -0.64554 41.80874 9.69513 0.49412 0.50588 0.49804 1.00000
v -0.55303 41.83509 9.86068 0.49412 0.50588 0.49804 1.00000
v -0.51961 41.71351 9.70698 0.49412 0.50588 0.49804 1.00000
v -0.64554 41.80874 9.69513 0.49412 0.50588 0.49804 1.00000
v 0.26922 42.74045 9.58850 0.49412 0.50588 0.49804 1.00000
v 0.34124 42.71328 9.67368 0.49412 0.50588 0.49804 1.00000
v 0.35547 42.67591 9.56836 0.49412 0.50588 0.49804 1.00000
v 0.26922 42.74045 9.58850 0.49412 0.50588 0.49804 1.00000
v 3.93708 46.63066 9.22042 0.49412 0.50588 0.49804 1.00000
v 3.93708 46.63066 9.22042 0.49412 0.50588 0.49804 1.00000
v 0.09150 43.64529 14.10884 0.49412 0.50588 0.49804 1.00000
v 0.12153 44.09887 14.51496 0.49412 0.50588 0.49804 1.00000
v 0.18938 44.20331 14.61508 0.49412 0.50588 0.49804 1.00000
v 0.19705 43.80233 14.23669 0.49412 0.50588 0.49804 1.00000
v 0.23051 43.66194 14.07999 0.49412 0.50588 0.49804 1.00000
v 0.22772 44.09971 14.49556 0.49412 0.50588 0.49804 1.00000
v 0.12153 44.09887 14.51496 0.49412 0.50588 0.49804 1.00000
v 0.09150 43.64529 14.10884 0.49412 0.50588 0.49804 1.00000
v 0.14990 44.51876 14.88127 0.49412 0.50588 0.49804 1.00000
v 0.17850 44.57934 14.96192 0.49412 0.50588 0.49804 1.00000
v 0.22157 44.50220 14.87533 0.49412 0.50588 0.49804 1.00000
v 0.14990 44.51876 14.88127 0.49412 0.50588 0.49804 1.00000
v 0.18374 45.23641 15.51206 0.49412 0.50588 0.49804 1.00000
v 0.16488 45.24605 15.57036 0.49412 0.50588 0.49804 1.00000
v 0.21342 45.19793 15.52565 0.49412 0.50588 0.49804 1.00000
v 0.18374 45.23641 15.51206 0.49412 0.50588 0.49804 1.00000
v 2.32202 47.58570 18.39043 0.49412 0.50588 0.49804 1.00000
v 2.32202 47.58570 18.39043 0.49412 0.50588 0.49804 1.00000
v 4.85862 36.25895 0.00610 0.49412 0.50588 0.49804 1.00000
v 4.79740 36.61002 -0.40049 0.49412 0.50588 0.49804 1.00000
v 5.09074 36.72208 -0.53132 0.49412 0.50588 0.49804 1.00000
v 5.23766 36.44336 -0.15876 0.49412 0.50588 0.49804 1.00000
v 5.17788 36.17459 -0.30044 0.49412 0.50588 0.49804 1.00000
v 5.03108 36.51205 -0.66505 0.49412 0.50588 0.49804 1.00000
v 4.66679 36.45854 -0.59545 0.49412 0.50588 0.49804 1.00000
v 4.67997 36.08971 -0.23739 0.49412 0.50588 0.49804 1.00000
v 4.85862 36.25895 0.00610 0.49412 0.50588 0.49804 1.00000
v 4.79740 36.61002 -0.40049 0.49412 0.50588 0.49804 1.00000
v 4.73744 36.93131 -0.77732 0.49412 0.50588 0.49804 1.00000
v 4.95522 36.98526 -0.88173 0.49412 0.50588 0.49804 1.00000
v 4.89300 36.82796 -0.99915 0.49412 0.50588 0.49804 1.00000
v 4.63932 36.80227 -0.92644 0.49412 0.50588 0.49804 1.00000
v 4.73744 36.93131 -0.77732 0.49412 0.50588 0.49804 1.00000
v 4.60206 37.48854 -1.43024 0.49412 0.50588 0.49804 1.00000
v 4.74226 37.48478 -1.50715 0.49412 0.50588 0.49804 1.00000
v 4.67502 37.38165 -1.59542 0.49412 0.50588 0.49804 1.00000
v 4.52756 37.38852 -1.52630 0.49412 0.50588 0.49804 1.00000
v 4.60206 37.48854 -1.43024 0.49412 0.50588 0.49804 1.00000
v 4.33862 40.16607 -5.08437 0.49412 0.50588 0.49804 1.00000
v 4.39341 40.09668 -5.13483 0.49412 0.50588 0.49804 1.00000
v 4.30819 40.04274 -5.14307 0.49412 0.50588 0.49804 1.00000
v 4.25876 40.11078 -5.09463 0.49412 0.50588 0.49804 1.00000
v 4.33862 40.16607 -5.08437 0.49412 0.50588 0.49804 1.00000
v 4.46170 42.40767 -7.52257 0.49412 0.50588 0.49804 1.00000
v 4.46170 42.40767 -7.52257 0.49412 0.50588 0.49804 1.00000
v -5.40107 43.85688 -2.79754 0.49412 0.50588 0.49804 1.00000
v -5.54585 44.32747 -2.48198 0.49412 0.50588 0.49804 1.00000
v -5.78355 44.49305 -2.54829 0.49412 0.50588 0.49804 1.00000
v -5.70019 44.10219 -2.88347 0.49412 0.50588 0.49804 1.00000
v -5.79719 43.86337 -2.79639 0.49412 0.50588 0.49804 1.00000
v -5.86370 44.30766 -2.45640 0.49412 0.50588 0.49804 1.00000
v -5.60621 44.18231 -2.29848 0.49412 0.50588 0.49804 1.00000
v -5.46422 43.68637 -2.55749 0.49412 0.50588 0.49804 1.00000
v -5.40107 43.85688 -2.79754 0.49412 0.50588 0.49804 1.00000
v -5.54585 44.32747 -2.48198 0.49412 0.50588 0.49804 1.00000
v -5.67886 44.75737 -2.18576 0.49412 0.50588 0.49804 1.00000
v -5.86341 44.85848 -2.23165 0.49412 0.50588 0.49804 1.00000
v -5.92093 44.71952 -2.14099 0.49412 0.50588 0.49804 1.00000
v -5.72704 44.63795 -2.04824 0.49412 0.50588 0.49804 1.00000
v -5.67886 44.75737 -2.18576 0.49412 0.50588 0.49804 1.00000
v -5.88770 45.50106 -1.65681 0.49412 0.50588 0.49804 1.00000
v -6.01642 45.53449 -1.68299 0.49412 0.50588 0.49804 1.00000
v -6.04262 45.44623 -1.59734 0.49412 0.50588 0.49804 1.00000
v -5.91330 45.41512 -1.56074 0.49412 0.50588 0.49804 1.00000
v -5.88770 45.50106 -1.65681 0.49412 0.50588 0.49804 1.00000
v -7.26731 48.64507 0.38442 0.49412 0.50588 0.49804 1.00000
v -7.33976 48.60245 0.38357 0.49412 0.50588 0.49804 1.00000
v -7.32293 48.56466 0.46024 0.49412 0.50588 0.49804 1.00000
v -7.24769 48.61010 0.45923 0.49412 0.50588 0.49804 1.00000
v -7.26731 48.64507 0.38442 0.49412 0.50588 0.49804 1.00000
v -8.34492 50.88097 1.49385 0.49412 0.50588 0.49804 1.00000
v -8.34492 50.88097 1.49385 0.49412 0.50588 0.49804 1.00000
v -5.99335 46.90316 12.69370 0.49412 0.50588 0.49804 1.00000
v -5.54030 47.30299 12.77178 0.49412 0.50588 0.49804 1.00000
v -5.50410 47.38512 12.92649 0.49412 0.50588 0.49804 1.00000
v -5.95398 47.03586 12.89387 0.49412 0.50588 0.49804 1.00000
v -5.89619 46.82380 12.78310 0.49412 0.50588 0.49804 1.00000
v -5.45599 47.23376 12.83799 0.49412 0.50588 0.49804 1.00000
v -5.54030 47.30299 12.77178 0.49412 0.50588 0.49804 1.00000
v -5.99335 46.90316 12.69370 0.49412 0.50588 0.49804 1.00000
v -5.12113 47.66935 12.84171 0.49412 0.50588 0.49804 1.00000
v -5.08533 47.70990 12.95500 0.49412 0.50588 0.49804 1.00000
v -5.05029 47.61182 12.88259 0.49412 0.50588 0.49804 1.00000
v -5.12113 47.66935 12.84171 0.49412 0.50588 0.49804 1.00000
v -4.38694 48.30155 12.94643 0.49412 0.50588 0.49804 1.00000
v -4.35398 48.29778 13.01456 0.49412 0.50588 0.49804 1.00000
v -4.33474 48.25731 12.95537 0.49412 0.50588 0.49804 1.00000
v -4.38694 48.30155 12.94643 0.49412 0.50588 0.49804 1.00000
v -1.04979 51.50375 13.81407 0.49412 0.50588 0.49804 1.00000
v -1.04979 51.50375 13.81407 0.49412 0.50588 0.49804 1.00000
v -5.18614 44.47292 9.72710 0.49412 0.50588 0.49804 1.00000
v -5.26616 45.04480 10.02147 0.49412 0.50588 0.49804 1.00000
v -5.23719 45.21132 10.18317 0.49412 0.50588 0.49804 1.00000
v -5.13091 44.71269 9.92651 0.49412 0.50588 0.49804 1.00000
v -4.97624 44.49692 9.70809 0.49412 0.50588 0.49804 1.00000
v -5.10281 45.05899 10.03081 0.49412 0.50588 0.49804 1.00000
v -5.26616 45.04480 10.02147 0.49412 0.50588 0.49804 1.00000
v -5.18614 44.47292 9.72710 0.49412 0.50588 0.49804 1.00000
v -5.33402 45.57304 10.28431 0.49412 0.50588 0.49804 1.00000
v -5.33878 45.68013 10.41452 0.49412 0.50588 0.49804 1.00000
v -5.22106 45.57556 10.32001 0.49412 0.50588 0.49804 1.00000
v -5.33402 45.57304 10.28431 0.49412 0.50588 0.49804 1.00000
v -5.46412 46.47823 10.73558 0.49412 0.50588 0.49804 1.00000
v -5.51321 46.51668 10.82839 0.49412 0.50588 0.49804 1.00000
v -5.41442 46.46842 10.80188 0.49412 0.50588 0.49804 1.00000
v -5.46412 46.47823 10.73558 0.49412 0.50588 0.49804 1.00000
v -4.82438 50.21943 13.90853 0.49412 0.50588 0.49804 1.00000
v -4.82438 50.21943 13.90853 0.49412 0.50588 0.49804 1.00000
v 2.78828 44.79379 3.44684 0.49412 0.50588 0.49804 1.00000
v 2.93251 45.27130 3.12925 0.49412 0.50588 0.49804 1.00000
v 3.15430 45.44774 3.20140 0.49412 0.50588 0.49804 1.00000
v 3.06963 45.05337 3.53896 0.49412 0.50588 0.49804 1.00000
v 3.17830 44.83075 3.47286 0.49412 0.50588 0.49804 1.00000
v 3.24469 45.27469 3.12704 0.49412 0.50588 0.49804 1.00000
v 3.01381 45.13103 2.99272 0.49412 0.50588 0.49804 1.00000
v 2.88099 44.62686 3.27713 0.49412 0.50588 0.49804 1.00000
v 2.78828 44.79379 3.44684 0.49412 0.50588 0.49804 1.00000
v 2.93251 45.27130 3.12925 0.49412 0.50588 0.49804 1.00000
v 3.06445 45.70669 2.83160 0.49412 0.50588 0.49804 1.00000
v 3.23565 45.81593 2.88292 0.49412 0.50588 0.49804 1.00000
v 3.30217 45.68576 2.80590 0.49412 0.50588 0.49804 1.00000
v 3.12705 45.59237 2.72256 0.49412 0.50588 0.49804 1.00000
v 3.06445 45.70669 2.83160 0.49412 0.50588 0.49804 1.00000
v 3.26903 46.45534 2.29997 0.49412 0.50588 0.49804 1.00000
v 3.38825 46.49487 2.33076 0.49412 0.50588 0.49804 1.00000
v 3.42223 46.41203 2.25334 0.49412 0.50588 0.49804 1.00000
v 3.30352 46.37430 2.21504 0.49412 0.50588 0.49804 1.00000
v 3.26903 46.45534 2.29997 0.49412 0.50588 0.49804 1.00000
v 4.86514 49.16685 -0.11628 0.49412 0.50588 0.49804 1.00000
v 4.92552 49.11993 -0.09460 0.49412 0.50588 0.49804 1.00000
v 4.91442 49.06969 -0.15892 0.49412 0.50588 0.49804 1.00000
v 4.85164 49.11993 -0.17997 0.49412 0.50588 0.49804 1.00000
v 4.86514 49.16685 -0.11628 0.49412 0.50588 0.49804 1.00000
v 5.96502 51.22491 -1.45164 0.49412 0.50588 0.49804 1.00000
v 5.96502 51.22491 -1.45164 0.49412 0.50588 0.49804 1.00000
v 2.02144 45.41248 -1.98104 0.49412 0.50588 0.49804 1.00000
v 1.64613 45.74863 -2.28409 0.49412 0.50588 0.49804 1.00000
v 1.71188 45.91538 -2.50153 0.49412 0.50588 0.49804 1.00000
v 2.10182 45.66741 -2.24919 0.49412 0.50588 0.49804 1.00000
v 2.02918 45.43743 -2.35968 0.49412 0.50588 0.49804 1.00000
v 1.63228 45.73480 -2.58988 0.49412 0.50588 0.49804 1.00000
v 1.46346 45.59470 -2.35497 0.49412 0.50588 0.49804 1.00000
v 1.77614 45.22844 -2.06186 0.49412 0.50588 0.49804 1.00000
v 2.02144 45.41248 -1.98104 0.49412 0.50588 0.49804 1.00000
v 1.64613 45.74863 -2.28409 0.49412 0.50588 0.49804 1.00000
v 1.29775 46.05597 -2.56197 0.49412 0.50588 0.49804 1.00000
v 1.34591 46.14874 -2.73627 0.49412 0.50588 0.49804 1.00000
v 1.26315 46.01275 -2.79745 0.49412 0.50588 0.49804 1.00000
v 1.16282 45.93223 -2.61468 0.49412 0.50588 0.49804 1.00000
v 1.29775 46.05597 -2.56197 0.49412 0.50588 0.49804 1.00000
v 0.67704 46.58151 -3.03283 0.49412 0.50588 0.49804 1.00000
v 0.70870 46.59575 -3.15898 0.49412 0.50588 0.49804 1.00000
v 0.62990 46.50409 -3.18071 0.49412 0.50588 0.49804 1.00000
v 0.58760 46.49000 -3.05356 0.49412 0.50588 0.49804 1.00000
v 0.67704 46.58151 -3.03283 0.49412 0.50588 0.49804 1.00000
v -1.86606 48.64399 -4.92423 0.49412 0.50588 0.49804 1.00000
v -1.85328 48.58953 -4.98512 0.49412 0.50588 0.49804 1.00000
v -1.91381 48.53653 -4.95562 0.49412 0.50588 0.49804 1.00000
v -1.92566 48.59472 -4.89277 0.49412 0.50588 0.49804 1.00000
v -1.86606 48.64399 -4.92423 0.49412 0.50588 0.49804 1.00000
v -3.70046 49.46868 -6.40058 0.49412 0.50588 0.49804 1.00000
v -3.70046 49.46868 -6.40058 0.49412 0.50588 0.49804 1.00000
v -5.26142 48.58494 5.88363 0.49412 0.50588 0.49804 1.00000
v -4.70764 49.06604 6.17751 0.49412 0.50588 0.49804 1.00000
v -4.68254 49.17110 6.43469 0.49412 0.50588 0.49804 1.00000
v -5.24280 48.76384 6.21162 0.49412 0.50588 0.49804 1.00000
v -5.05904 48.43235 5.99525 0.49412 0.50588 0.49804 1.00000
v -4.54206 48.94069 6.26787 0.49412 0.50588 0.49804 1.00000
v -4.70764 49.06604 6.17751 0.49412 0.50588 0.49804 1.00000
v -5.26142 48.58494 5.88363 0.49412 0.50588 0.49804 1.00000
v -4.19569 49.50683 6.44751 0.49412 0.50588 0.49804 1.00000
v -4.15917 49.55204 6.63935 0.49412 0.50588 0.49804 1.00000
v -4.06084 49.41085 6.50865 0.49412 0.50588 0.49804 1.00000
v -4.19569 49.50683 6.44751 0.49412 0.50588 0.49804 1.00000
v -3.29611 50.26840 6.90043 0.49412 0.50588 0.49804 1.00000
v -3.24846 50.25118 7.01778 0.49412 0.50588 0.49804 1.00000
v -3.19478 50.20599 6.91812 0.49412 0.50588 0.49804 1.00000
v -3.29611 50.26840 6.90043 0.49412 0.50588 0.49804 1.00000
v 0.73705 53.02000 8.45509 0.49412 0.50588 0.49804 1.00000
v 0.73705 53.02000 8.45509 0.49412 0.50588 0.49804 1.00000
v 6.93705 55.42292 4.50866 0.49412 0.50588 0.49804 1.00000
v 7.00252 55.76718 4.18568 0.49412 0.50588 0.49804 1.00000
v 7.08656 55.82316 4.17435 0.49412 0.50588 0.49804 1.00000
v 7.04245 55.50962 4.49601 0.49412 0.50588 0.49804 1.00000
v 6.99625 55.37976 4.46036 0.49412 0.50588 0.49804 1.00000
v 7.04953 55.72951 4.14259 0.49412 0.50588 0.49804 1.00000
v 7.00252 55.76718 4.18568 0.49412 0.50588 0.49804 1.00000
v 6.93705 55.42292 4.50866 0.49412 0.50588 0.49804 1.00000
v 7.06213 56.08267 3.88710 0.49412 0.50588 0.49804 1.00000
v 7.12654 56.11357 3.87535 0.49412 0.50588 0.49804 1.00000
v 7.09536 56.05091 3.84923 0.49412 0.50588 0.49804 1.00000
v 7.06213 56.08267 3.88710 0.49412 0.50588 0.49804 1.00000
v 7.15804 56.62716 3.36558 0.49412 0.50588 0.49804 1.00000
v 7.20068 56.63124 3.35445 0.49412 0.50588 0.49804 1.00000
v 7.17355 56.60239 3.33411 0.49412 0.50588 0.49804 1.00000
v 7.15804 56.62716 3.36558 0.49412 0.50588 0.49804 1.00000
v 7.90999 59.25266 0.32840 0.49412 0.50588 0.49804 1.00000
v 7.90999 59.25266 0.32840 0.49412 0.50588 0.49804 1.00000
v 3.82814 51.38847 3.38400 0.49412 0.50588 0.49804 1.00000
v 3.81826 51.97654 3.60432 0.49412 0.50588 0.49804 1.00000
v 3.93874 52.16935 3.57059 0.49412 0.50588 0.49804 1.00000
v 3.97508 51.66938 3.31685 0.49412 0.50588 0.49804 1.00000
v 3.80728 51.39418 3.16627 0.49412 0.50588 0.49804 1.00000
v 3.82910 51.97972 3.43703 0.49412 0.50588 0.49804 1.00000
v 3.81826 51.97654 3.60432 0.49412 0.50588 0.49804 1.00000
v 3.82814 51.38847 3.38400 0.49412 0.50588 0.49804 1.00000
v 3.80236 52.51834 3.79992 0.49412 0.50588 0.49804 1.00000
v 3.89716 52.63629 3.80733 0.49412 0.50588 0.49804 1.00000
v 3.84338 52.51539 3.68627 0.49412 0.50588 0.49804 1.00000
v 3.80236 52.51834 3.79992 0.49412 0.50588 0.49804 1.00000
v 3.77072 53.44345 4.15521 0.49412 0.50588 0.49804 1.00000
v 3.83639 53.47912 4.21488 0.49412 0.50588 0.49804 1.00000
v 3.84546 53.43682 4.11053 0.49412 0.50588 0.49804 1.00000
v 3.77072 53.44345 4.15521 0.49412 0.50588 0.49804 1.00000
v 4.42367 58.45128 4.37970 0.49412 0.50588 0.49804 1.00000
v 4.42367 58.45128 4.37970 0.49412 0.50588 0.49804 1.00000
v -7.28279 48.26535 -0.26073 0.49412 0.50588 0.49804 1.00000
v -7.06826 48.88344 0.15823 0.49412 0.50588 0.49804 1.00000
v -7.30225 49.06070 0.21812 0.49412 0.50588 0.49804 1.00000
v -7.58806 48.53448 -0.20606 0.49412 0.50588 0.49804 1.00000
v -7.43813 48.19474 -0.06724 0.49412 0.50588 0.49804 1.00000
v -7.17874 48.81549 0.32539 0.49412 0.50588 0.49804 1.00000
v -7.06826 48.88344 0.15823 0.49412 0.50588 0.49804 1.00000
v -7.28279 48.26535 -0.26073 0.49412 0.50588 0.49804 1.00000
v -6.86747 49.45119 0.54852 0.49412 0.50588 0.49804 1.00000
v -7.03560 49.55103 0.61421 0.49412 0.50588 0.49804 1.00000
v -6.93195 49.38674 0.68517 0.49412 0.50588 0.49804 1.00000
v -6.86747 49.45119 0.54852 0.49412 0.50588 0.49804 1.00000
v -6.48310 50.42809 1.23338 0.49412 0.50588 0.49804 1.00000
v -6.58142 50.44668 1.30316 0.49412 0.50588 0.49804 1.00000
v -6.49300 50.36776 1.32971 0.49412 0.50588 0.49804 1.00000
v -6.48310 50.42809 1.23338 0.49412 0.50588 0.49804 1.00000
v -5.85282 53.97290 4.87747 0.49412 0.50588 0.49804 1.00000
v -5.85282 53.97290 4.87747 0.49412 0.50588 0.49804 1.00000
v 1.75748 52.95994 -0.41388 0.49412 0.50588 0.49804 1.00000
v 1.37318 53.58081 -0.28509 0.49412 0.50588 0.49804 1.00000
v 1.39374 53.80648 -0.44898 0.49412 0.50588 0.49804 1.00000
v 1.80187 53.28188 -0.60435 0.49412 0.50588 0.49804 1.00000
v 1.60153 52.92933 -0.60881 0.49412 0.50588 0.49804 1.00000
v 1.23913 53.55098 -0.44185 0.49412 0.50588 0.49804 1.00000
v 1.37318 53.58081 -0.28509 0.49412 0.50588 0.49804 1.00000
v 1.75748 52.95994 -0.41388 0.49412 0.50588 0.49804 1.00000
v 1.01485 54.15032 -0.16730 0.49412 0.50588 0.49804 1.00000
v 1.01064 54.29492 -0.30310 0.49412 0.50588 0.49804 1.00000
v 0.90106 54.11982 -0.28002 0.49412 0.50588 0.49804 1.00000
v 1.01485 54.15032 -0.16730 0.49412 0.50588 0.49804 1.00000
v 0.37848 55.12744 0.05516 0.49412 0.50588 0.49804 1.00000
v 0.34882 55.18525 -0.04807 0.49412 0.50588 0.49804 1.00000
v 0.28643 55.09542 -0.00022 0.49412 0.50588 0.49804 1.00000
v 0.37848 55.12744 0.05516 0.49412 0.50588 0.49804 1.00000
v -2.27662 59.38674 0.44697 0.49412 0.50588 0.49804 1.00000
v -2.27662 59.38674 0.44697 0.49412 0.50588 0.49804 1.00000
v -6.97169 51.63186 4.00282 0.49412 0.50588 0.49804 1.00000
v -6.78045 52.09972 3.57741 0.49412 0.50588 0.49804 1.00000
v -6.81499 52.34266 3.68986 0.49412 0.50588 0.49804 1.00000
v -7.04081 51.97377 4.12240 0.49412 0.50588 0.49804 1.00000
v -6.76219 51.67820 4.14304 0.49412 0.50588 0.49804 1.00000
v -6.60886 52.12487 3.69518 0.49412 0.50588 0.49804 1.00000
v -6.78045 52.09972 3.57741 0.49412 0.50588 0.49804 1.00000
v -6.97169 51.63186 4.00282 0.49412 0.50588 0.49804 1.00000
v -6.59945 52.53149 3.18663 0.49412 0.50588 0.49804 1.00000
v -6.60214 52.68775 3.28668 0.49412 0.50588 0.49804 1.00000
v -6.46415 52.53217 3.27557 0.49412 0.50588 0.49804 1.00000
v -6.59945 52.53149 3.18663 0.49412 0.50588 0.49804 1.00000
v -6.27439 53.26546 2.48899 0.49412 0.50588 0.49804 1.00000
v -6.24474 53.32718 2.57461 0.49412 0.50588 0.49804 1.00000
v -6.18007 53.23418 2.53821 0.49412 0.50588 0.49804 1.00000
v -6.27439 53.26546 2.48899 0.49412 0.50588 0.49804 1.00000
v -3.91768 57.03239 0.11786 0.49412 0.50588 0.49804 1.00000
v -3.91768 57.03239 0.11786 0.49412 0.50588 0.49804 1.00000
v 0.51978 55.57113 -1.56019 0.49412 0.50588 0.49804 1.00000
v 1.20118 55.76935 -1.57039 0.49412 0.50588 0.49804 1.00000
v 1.26010 56.02861 -1.57563 0.49412 0.50588 0.49804 1.00000
v 0.62483 55.91461 -1.59107 0.49412 0.50588 0.49804 1.00000
v 0.43174 55.67311 -1.36923 0.49412 0.50588 0.49804 1.00000
v 1.12961 55.84546 -1.40611 0.49412 0.50588 0.49804 1.00000
v 1.20118 55.76935 -1.57039 0.49412 0.50588 0.49804 1.00000
v 0.51978 55.57113 -1.56019 0.49412 0.50588 0.49804 1.00000
v 1.82744 55.95111 -1.57434 0.49412 0.50588 0.49804 1.00000
v 1.85341 56.13482 -1.55622 0.49412 0.50588 0.49804 1.00000
v 1.77264 55.99652 -1.43770 0.49412 0.50588 0.49804 1.00000
v 1.82744 55.95111 -1.57434 0.49412 0.50588 0.49804 1.00000
v 2.91594 56.24236 -1.57831 0.49412 0.50588 0.49804 1.00000
v 2.90906 56.34440 -1.53493 0.49412 0.50588 0.49804 1.00000
v 2.88718 56.24856 -1.47498 0.49412 0.50588 0.49804 1.00000
v 2.91594 56.24236 -1.57831 0.49412 0.50588 0.49804 1.00000
v 6.45142 58.81479 -0.87438 0.49412 0.50588 0.49804 1.00000
v 6.45142 58.81479 -0.87438 0.49412 0.50588 0.49804 1.00000
v 1.64826 59.06312 -3.49722 0.49412 0.50588 0.49804 1.00000
v 1.68833 59.14983 -4.03832 0.49412 0.50588 0.49804 1.00000
v 1.76084 59.24132 -4.15836 0.49412 0.50588 0.49804 1.00000
v 1.74086 59.17796 -3.66438 0.49412 0.50588 0.49804 1.00000
v 1.71256 58.95345 -3.57539 0.49412 0.50588 0.49804 1.00000
v 1.75189 59.07568 -4.09975 0.49412 0.50588 0.49804 1.00000
v 1.68833 59.14983 -4.03832 0.49412 0.50588 0.49804 1.00000
v 1.64826 59.06312 -3.49722 0.49412 0.50588 0.49804 1.00000
v 1.72311 59.22483 -4.53612 0.49412 0.50588 0.49804 1.00000
v 1.77315 59.30114 -4.61804 0.49412 0.50588 0.49804 1.00000
v 1.78402 59.18794 -4.58123 0.49412 0.50588 0.49804 1.00000
v 1.72311 59.22483 -4.53612 0.49412 0.50588 0.49804 1.00000
v 1.77949 59.35454 -5.39620 0.49412 0.50588 0.49804 1.00000
v 1.80019 59.41902 -5.43078 0.49412 0.50588 0.49804 1.00000
v 1.83498 59.36172 -5.41551 0.49412 0.50588 0.49804 1.00000
v 1.77949 59.35454 -5.39620 0.49412 0.50588 0.49804 1.00000
v 3.83695 59.30162 -8.69673 0.49412 0.50588 0.49804 1.00000
v 3.83695 59.30162 -8.69673 0.49412 0.50588 0.49804 1.00000
v -1.13583 17.20571 21.77624 0.49412 0.50588 0.49804 1.00000
v -1.13583 17.20571 21.77624 0.49412 0.50588 0.49804 1.00000
v -1.13583 17.20571 21.77624 0.49412 0.50588 0.49804 1.00000
v 1.88411 19.94467 18.40482 0.49412 0.50588 0.49804 1.00000
v 1.82644 19.94309 18.35188 0.49412 0.50588 0.49804 1.00000
v 1.77820 19.89945 18.40038 0.49412 0.50588 0.49804 1.00000
v 1.83961 19.90219 18.45446 0.49412 0.50588 0.49804 1.00000
v 1.88411 19.94467 18.40482 0.49412 0.50588 0.49804 1.00000
v 1.19611 21.41904 20.56187 0.49412 0.50588 0.49804 1.00000
v 1.19611 21.41904 20.56187 0.49412 0.50588 0.49804 1.00000
v 20.95829 22.63364 12.06146 0.49412 0.50588 0.49804 1.00000
v 20.95829 22.63364 12.06146 0.49412 0.50588 0.49804 1.00000
v 20.95829 22.63364 12.06146 0.49412 0.50588 0.49804 1.00000
v 18.27933 24.16418 6.08297 0.49412 0.50588 0.49804 1.00000
v 18.24042 24.15666 6.17237 0.49412 0.50588 0.49804 1.00000
v 18.30117 24.07947 6.19727 0.49412 0.50588 0.49804 1.00000
v 18.34031 24.08923 6.10330 0.49412 0.50588 0.49804 1.00000
v 18.27933 24.16418 6.08297 0.49412 0.50588 0.49804 1.00000
v 21.03739 25.48274 6.14868 0.49412 0.50588 0.49804 1.00000
v 21.03739 25.48274 6.14868 0.49412 0.50588 0.49804 1.00000
v 8.83397 24.77095 -9.16423 0.49412 0.50588 0.49804 1.00000
v 8.82704 24.65589 -9.17642 0.49412 0.50588 0.49804 1.00000
v 8.74838 24.61944 -9.25240 0.49412 0.50588 0.49804 1.00000
v 8.68517 24.69060 -9.30852 0.49412 0.50588 0.49804 1.00000
v 8.69419 24.79872 -9.29470 0.49412 0.50588 0.49804 1.00000
v 8.76786 24.84055 -9.22316 0.49412 0.50588 0.49804 1.00000
v 8.83397 24.77095 -9.16423 0.49412 0.50588 0.49804 1.00000
v 10.78090 25.48999 -10.91745 0.49412 0.50588 0.49804 1.00000
v 10.77321 25.41716 -10.96278 0.49412 0.50588 0.49804 1.00000
v 10.71647 25.42221 -11.02971 0.49412 0.50588 0.49804 1.00000
v 10.67577 25.49459 -11.04379 0.49412 0.50588 0.49804 1.00000
v 10.68789 25.55962 -10.99690 0.49412 0.50588 0.49804 1.00000
v 10.74020 25.56386 -10.93081 0.49412 0.50588 0.49804 1.00000
v 10.78090 25.48999 -10.91745 0.49412 0.50588 0.49804 1.00000
v 12.49014 26.02224 -12.77852 0.49412 0.50588 0.49804 1.00000
v 12.49014 26.02224 -12.77852 0.49412 0.50588 0.49804 1.00000
v 12.49014 26.02224 -12.77852 0.49412 0.50588 0.49804 1.00000
v -4.90306 21.38156 -17.50336 0.49412 0.50588 0.49804 1.00000
v -4.97408 21.30239 -17.48219 0.49412 0.50588 0.49804 1.00000
v -5.06350 21.34844 -17.44234 0.49412 0.50588 0.49804 1.00000
v -5.04232 21.44920 -17.44167 0.49412 0.50588 0.49804 1.00000
v -4.94999 21.47359 -17.47631 0.49412 0.50588 0.49804 1.00000
v -4.90306 21.38156 -17.50336 0.49412 0.50588 0.49804 1.00000
v -6.50782 21.98080 -19.63071 0.49412 0.50588 0.49804 1.00000
v -6.50782 21.98080 -19.63071 0.49412 0.50588 0.49804 1.00000
v -6.50782 21.98080 -19.63071 0.49412 0.50588 0.49804 1.00000
v -4.35599 21.96336 -16.96083 0.49412 0.50588 0.49804 1.00000
v -4.29111 21.99979 -17.01583 0.49412 0.50588 0.49804 1.00000
v -4.29993 21.96419 -17.10556 0.49412 0.50588 0.49804 1.00000
v -4.37525 21.90468 -17.09627 0.49412 0.50588 0.49804 1.00000
v -4.41265 21.90165 -17.00760 0.49412 0.50588 0.49804 1.00000
v -4.35599 21.96336 -16.96083 0.49412 0.50588 0.49804 1.00000
v -6.94106 23.61978 -16.91835 0.49412 0.50588 0.49804 1.00000
v -6.94106 23.61978 -16.91835 0.49412 0.50588 0.49804 1.00000
v -6.94106 23.61978 -16.91835 0.49412 0.50588 0.49804 1.00000
v -8.01945 23.48537 -12.03033 0.49412 0.50588 0.49804 1.00000
v -8.04804 23.37545 -12.06695 0.49412 0.50588 0.49804 1.00000
v -8.16435 23.35204 -12.06984 0.49412 0.50588 0.49804 1.00000
v -8.24135 23.43009 -12.03952 0.49412 0.50588 0.49804 1.00000
v -8.21096 23.53301 -12.00540 0.49412 0.50588 0.49804 1.00000
v -8.10077 23.56236 -12.00018 0.49412 0.50588 0.49804 1.00000
v -8.01945 23.48537 -12.03033 0.49412 0.50588 0.49804 1.00000
v -8.01871 24.83808 -14.48736 0.49412 0.50588 0.49804 1.00000
v -8.06882 24.77152 -14.51772 0.49412 0.50588 0.49804 1.00000
v -8.15786 24.78617 -14.51119 0.49412 0.50588 0.49804 1.00000
v -8.18615 24.86080 -14.47727 0.49412 0.50588 0.49804 1.00000
v -8.13294 24.91930 -14.45057 0.49412 0.50588 0.49804 1.00000
v -8.04624 24.91409 -14.45281 0.49412 0.50588 0.49804 1.00000
v -8.01871 24.83808 -14.48736 0.49412 0.50588 0.49804 1.00000
v -8.61585 25.65426 -16.98411 0.49412 0.50588 0.49804 1.00000
v -8.61585 25.65426 -16.98411 0.49412 0.50588 0.49804 1.00000
v -8.61585 25.65426 -16.98411 0.49412 0.50588 0.49804 1.00000
v -18.65121 23.21270 0.75576 0.49412 0.50588 0.49804 1.00000
v -18.64742 23.13879 0.80883 0.49412 0.50588 0.49804 1.00000
v -18.61091 23.15476 0.89375 0.49412 0.50588 0.49804 1.00000
v -18.58108 23.23944 0.92117 0.49412 0.50588 0.49804 1.00000
v -18.58819 23.31223 0.86018 0.49412 0.50588 0.49804 1.00000
v -18.62473 23.29572 0.77552 0.49412 0.50588 0.49804 1.00000
v -18.65121 23.21270 0.75576 0.49412 0.50588 0.49804 1.00000
v -20.86851 24.44439 1.84640 0.49412 0.50588 0.49804 1.00000
v -20.86851 24.44439 1.84640 0.49412 0.50588 0.49804 1.00000
v -20.86851 24.44439 1.84640 0.49412 0.50588 0.49804 1.00000
v -18.24451 19.31256 6.28156 0.49412 0.50588 0.49804 1.00000
v -18.32369 19.32399 6.22933 0.49412 0.50588 0.49804 1.00000
v -18.37231 19.25390 6.27962 0.49412 0.50588 0.49804 1.00000
v -18.28842 19.24369 6.33291 0.49412 0.50588 0.49804 1.00000
v -18.24451 19.31256 6.28156 0.49412 0.50588 0.49804 1.00000
v -17.44973 21.18616 8.56738 0.49412 0.50588 0.49804 1.00000
v -17.44973 21.18616 8.56738 0.49412 0.50588 0.49804 1.00000
v -5.35971 27.22446 10.51103 0.49412 0.50588 0.49804 1.00000
v -5.42926 27.15545 10.57995 0.49412 0.50588 0.49804 1.00000
v -5.38822 27.10357 10.68667 0.49412 0.50588 0.49804 1.00000
v -5.26909 27.13229 10.71105 0.49412 0.50588 0.49804 1.00000
v -5.19195 27.20327 10.64345 0.49412 0.50588 0.49804 1.00000
v -5.24098 27.25352 10.53463 0.49412 0.50588 0.49804 1.00000
v -5.35971 27.22446 10.51103 0.49412 0.50588 0.49804 1.00000
v -6.02108 29.51352 12.06070 0.49412 0.50588 0.49804 1.00000
v -6.05381 29.45919 12.12833 0.49412 0.50588 0.49804 1.00000
v -5.98609 29.42305 12.18516 0.49412 0.50588 0.49804 1.00000
v -5.89310 29.44148 12.17308 0.49412 0.50588 0.49804 1.00000
v -5.86635 29.49932 12.10001 0.49412 0.50588 0.49804 1.00000
v -5.93439 29.53512 12.04357 0.49412 0.50588 0.49804 1.00000
v -6.02108 29.51352 12.06070 0.49412 0.50588 0.49804 1.00000
v -6.42110 31.46398 14.10598 0.49412 0.50588 0.49804 1.00000
v -6.42110 31.46398 14.10598 0.49412 0.50588 0.49804 1.00000
v -6.42110 31.46398 14.10598 0.49412 0.50588 0.49804 1.00000
v 14.21463 34.52398 2.92636 0.49412 0.50588 0.49804 1.00000
v 14.26950 34.46877 2.87368 0.49412 0.50588 0.49804 1.00000
v 14.25929 34.52589 2.79544 0.49412 0.50588 0.49804 1.00000
v 14.20225 34.58213 2.85239 0.49412 0.50588 0.49804 1.00000
v 14.21463 34.52398 2.92636 0.49412 0.50588 0.49804 1.00000
v 16.76932 36.37474 3.03989 0.49412 0.50588 0.49804 1.00000
v 16.76932 36.37474 3.03989 0.49412 0.50588 0.49804 1.00000
v 15.35755 33.39275 6.56376 0.49412 0.50588 0.49804 1.00000
v 15.34233 33.36927 6.64976 0.49412 0.50588 0.49804 1.00000
v 15.41287 33.34052 6.60678 0.49412 0.50588 0.49804 1.00000
v 15.35755 33.39275 6.56376 0.49412 0.50588 0.49804 1.00000
v 18.06002 36.15508 5.94414 0.49412 0.50588 0.49804 1.00000
v 18.06002 36.15508 5.94414 0.49412 0.50588 0.49804 1.00000
v -1.29659 30.32934 -14.86368 0.49412 0.50588 0.49804 1.00000
v -1.34123 30.23986 -14.89949 0.49412 0.50588 0.49804 1.00000
v -1.44004 30.26324 -14.92978 0.49412 0.50588 0.49804 1.00000
v -1.44928 30.36195 -14.91127 0.49412 0.50588 0.49804 1.00000
v -1.36828 30.40495 -14.87269 0.49412 0.50588 0.49804 1.00000
v -1.29659 30.32934 -14.86368 0.49412 0.50588 0.49804 1.00000
v -0.44560 31.28070 -16.93962 0.49412 0.50588 0.49804 1.00000
v -0.44560 31.28070 -16.93962 0.49412 0.50588 0.49804 1.00000
v -0.44560 31.28070 -16.93962 0.49412 0.50588 0.49804 1.00000
v -10.93095 33.46461 -21.41535 0.49412 0.50588 0.49804 1.00000
v -10.93095 33.46461 -21.41535 0.49412 0.50588 0.49804 1.00000
v -10.93095 33.46461 -21.41535 0.49412 0.50588 0.49804 1.00000
v -12.62426 37.26362 -14.48881 0.49412 0.50588 0.49804 1.00000
v -12.62426 37.26362 -14.48881 0.49412 0.50588 0.49804 1.00000
v -12.62426 37.26362 -14.48881 0.49412 0.50588 0.49804 1.00000
v -13.69950 30.70714 -1.66117 0.49412 0.50588 0.49804 1.00000
v -13.71785 30.60276 -1.63045 0.49412 0.50588 0.49804 1.00000
v -13.74059 30.59532 -1.51855 0.49412 0.50588 0.49804 1.00000
v -13.73425 30.70537 -1.48429 0.49412 0.50588 0.49804 1.00000
v -13.70943 30.77212 -1.57092 0.49412 0.50588 0.49804 1.00000
v -13.69950 30.70714 -1.66117 0.49412 0.50588 0.49804 1.00000
v -15.94377 30.92035 -2.78021 0.49412 0.50588 0.49804 1.00000
v -15.97821 30.84723 -2.73862 0.49412 0.50588 0.49804 1.00000
v -16.02501 30.87617 -2.66653 0.49412 0.50588 0.49804 1.00000
v -16.01656 30.96205 -2.66850 0.49412 0.50588 0.49804 1.00000
v -15.96993 30.99190 -2.73320 0.49412 0.50588 0.49804 1.00000
v -15.94377 30.92035 -2.78021 0.49412 0.50588 0.49804 1.00000
v -18.25865 31.36987 -3.53847 0.49412 0.50588 0.49804 1.00000
v -18.25865 31.36987 -3.53847 0.49412 0.50588 0.49804 1.00000
v -18.25865 31.36987 -3.53847 0.49412 0.50588 0.49804 1.00000
v -7.57341 34.71249 11.37350 0.49412 0.50588 0.49804 1.00000
v -7.53403 34.64735 11.42547 0.49412 0.50588 0.49804 1.00000
v -7.44237 34.67113 11.44433 0.49412 0.50588 0.49804 1.00000
v -7.43364 34.75512 11.39855 0.49412 0.50588 0.49804 1.00000
v -7.51320 34.78392 11.35340 0.49412 0.50588 0.49804 1.00000
v -7.57341 34.71249 11.37350 0.49412 0.50588 0.49804 1.00000
v -9.17881 36.44827 13.61837 0.49412 0.50588 0.49804 1.00000
v -9.17881 36.44827 13.61837 0.49412 0.50588 0.49804 1.00000
v -9.17881 36.44827 13.61837 0.49412 0.50588 0.49804 1.00000
v -4.85468 36.06907 13.08752 0.49412 0.50588 0.49804 1.00000
v -4.91115 36.11855 13.09091 0.49412 0.50588 0.49804 1.00000
v -4.90810 36.12198 13.16867 0.49412 0.50588 0.49804 1.00000
v -4.84920 36.07022 13.16320 0.49412 0.50588 0.49804 1.00000
v -4.85468 36.06907 13.08752 0.49412 0.50588 0.49804 1.00000
v -2.75924 37.64651 13.29863 0.49412 0.50588 0.49804 1.00000
v -2.75924 37.64651 13.29863 0.49412 0.50588 0.49804 1.00000
v 4.97132 37.08813 6.38902 0.49412 0.50588 0.49804 1.00000
v 5.04981 37.06097 6.42525 0.49412 0.50588 0.49804 1.00000
v 5.10382 37.04902 6.35413 0.49412 0.50588 0.49804 1.00000
v 5.06020 37.06775 6.28196 0.49412 0.50588 0.49804 1.00000
v 4.98054 37.09131 6.30233 0.49412 0.50588 0.49804 1.00000
v 4.97132 37.08813 6.38902 0.49412 0.50588 0.49804 1.00000
v 6.64679 39.99507 6.74107 0.49412 0.50588 0.49804 1.00000
v 6.64679 39.99507 6.74107 0.49412 0.50588 0.49804 1.00000
v 6.64679 39.99507 6.74107 0.49412 0.50588 0.49804 1.00000
v -3.88778 40.20780 -9.32651 0.49412 0.50588 0.49804 1.00000
v -3.91778 40.13808 -9.39482 0.49412 0.50588 0.49804 1.00000
v -4.01047 40.14542 -9.35409 0.49412 0.50588 0.49804 1.00000
v -3.97872 40.21172 -9.29026 0.49412 0.50588 0.49804 1.00000
v -3.88778 40.20780 -9.32651 0.49412 0.50588 0.49804 1.00000
v -4.86015 42.46618 -11.31945 0.49412 0.50588 0.49804 1.00000
v -4.86015 42.46618 -11.31945 0.49412 0.50588 0.49804 1.00000
v -20.97667 44.11572 -4.91252 0.49412 0.50588 0.49804 1.00000
v -20.97667 44.11572 -4.91252 0.49412 0.50588 0.49804 1.00000
v -20.97667 44.11572 -4.91252 0.49412 0.50588 0.49804 1.00000
v -13.23524 42.71977 -2.75454 0.49412 0.50588 0.49804 1.00000
v -13.28631 42.73420 -2.83839 0.49412 0.50588 0.49804 1.00000
v -13.32480 42.68689 -2.76429 0.49412 0.50588 0.49804 1.00000
v -13.23524 42.71977 -2.75454 0.49412 0.50588 0.49804 1.00000
v -15.14396 44.84993 -0.29738 0.49412 0.50588 0.49804 1.00000
v -15.14396 44.84993 -0.29738 0.49412 0.50588 0.49804 1.00000
v -4.07295 41.27890 9.61210 0.49412 0.50588 0.49804 1.00000
v -4.07447 41.23252 9.69814 0.49412 0.50588 0.49804 1.00000
v -3.97511 41.24622 9.71241 0.49412 0.50588 0.49804 1.00000
v -3.97598 41.29431 9.62221 0.49412 0.50588 0.49804 1.00000
v -4.07295 41.27890 9.61210 0.49412 0.50588 0.49804 1.00000
v -4.87198 43.73752 11.00531 0.49412 0.50588 0.49804 1.00000
v -4.87198 43.73752 11.00531 0.49412 0.50588 0.49804 1.00000
v 2.39856 47.77280 10.48127 0.49412 0.50588 0.49804 1.00000
v 2.39856 47.77280 10.48127 0.49412 0.50588 0.49804 1.00000
v 2.39856 47.77280 10.48127 0.49412 0.50588 0.49804 1.00000
v -0.02822 46.54768 15.88373 0.49412 0.50588 0.49804 1.00000
v -0.07706 46.54239 15.91061 0.49412 0.50588 0.49804 1.00000
v -0.02943 46.52550 15.93239 0.49412 0.50588 0.49804 1.00000
v -0.02822 46.54768 15.88373 0.49412 0.50588 0.49804 1.00000
v 1.67751 49.08761 16.91835 0.49412 0.50588 0.49804 1.00000
v 1.67751 49.08761 16.91835 0.49412 0.50588 0.49804 1.00000
v 5.05800 40.75077 -4.03061 0.49412 0.50588 0.49804 1.00000
v 5.11203 40.70892 -4.10604 0.49412 0.50588 0.49804 1.00000
v 5.02754 40.71226 -4.16165 0.49412 0.50588 0.49804 1.00000
v 4.97881 40.75209 -4.08778 0.49412 0.50588 0.49804 1.00000
v 5.05800 40.75077 -4.03061 0.49412 0.50588 0.49804 1.00000
v 6.21499 43.58500 -4.44793 0.49412 0.50588 0.49804 1.00000
v 6.21499 43.58500 -4.44793 0.49412 0.50588 0.49804 1.00000
v -7.12245 48.70022 -0.05850 0.49412 0.50588 0.49804 1.00000
v -7.20066 48.67252 -0.04499 0.49412 0.50588 0.49804 1.00000
v -7.19095 48.67548 0.04153 0.49412 0.50588 0.49804 1.00000
v -7.10952 48.70433 0.02529 0.49412 0.50588 0.49804 1.00000
v -7.12245 48.70022 -0.05850 0.49412 0.50588 0.49804 1.00000
v -7.58992 51.19279 -0.07122 0.49412 0.50588 0.49804 1.00000
v -7.58992 51.19279 -0.07122 0.49412 0.50588 0.49804 1.00000
v -3.72609 49.37131 13.09682 0.49412 0.50588 0.49804 1.00000
v -3.69135 49.34755 13.14254 0.49412 0.50588 0.49804 1.00000
v -3.67380 49.34630 13.08407 0.49412 0.50588 0.49804 1.00000
v -3.72609 49.37131 13.09682 0.49412 0.50588 0.49804 1.00000
v -2.34173 52.22448 13.93176 0.49412 0.50588 0.49804 1.00000
v -2.34173 52.22448 13.93176 0.49412 0.50588 0.49804 1.00000
v -4.18958 51.45993 12.62403 0.49412 0.50588 0.49804 1.00000
v -4.18958 51.45993 12.62403 0.49412 0.50588 0.49804 1.00000
v -4.18958 51.45993 12.62403 0.49412 0.50588 0.49804 1.00000
v 4.35044 49.74342 0.61692 0.49412 0.50588 0.49804 1.00000
v 4.42278 49.71240 0.60582 0.49412 0.50588 0.49804 1.00000
v 4.40991 49.70182 0.52515 0.49412 0.50588 0.49804 1.00000
v 4.33469 49.73447 0.53873 0.49412 0.50588 0.49804 1.00000
v 4.35044 49.74342 0.61692 0.49412 0.50588 0.49804 1.00000
v 4.72608 52.28380 0.44171 0.49412 0.50588 0.49804 1.00000
v 4.72608 52.28380 0.44171 0.49412 0.50588 0.49804 1.00000
v -0.90119 49.78118 -4.37321 0.49412 0.50588 0.49804 1.00000
v -0.91846 49.76404 -4.45223 0.49412 0.50588 0.49804 1.00000
v -1.00265 49.75972 -4.43690 0.49412 0.50588 0.49804 1.00000
v -0.98254 49.77771 -4.35476 0.49412 0.50588 0.49804 1.00000
v -0.90119 49.78118 -4.37321 0.49412 0.50588 0.49804 1.00000
v -1.69583 52.22017 -5.36456 0.49412 0.50588 0.49804 1.00000
v -1.69583 52.22017 -5.36456 0.49412 0.50588 0.49804 1.00000
v -0.42702 54.64858 8.70922 0.49412 0.50588 0.49804 1.00000
v -0.42702 54.64858 8.70922 0.49412 0.50588 0.49804 1.00000
v -0.42702 54.64858 8.70922 0.49412 0.50588 0.49804 1.00000
v 7.34472 60.82338 2.58587 0.49412 0.50588 0.49804 1.00000
v 7.34472 60.82338 2.58587 0.49412 0.50588 0.49804 1.00000
v 7.34472 60.82338 2.58587 0.49412 0.50588 0.49804 1.00000
v 3.54602 57.18694 2.37379 0.49412 0.50588 0.49804 1.00000
v 3.54602 57.18694 2.37379 0.49412 0.50588 0.49804 1.00000
v 3.54602 57.18694 2.37379 0.49412 0.50588 0.49804 1.00000
v -5.78238 55.46869 2.40465 0.49412 0.50588 0.49804 1.00000
v -5.78238 55.46869 2.40465 0.49412 0.50588 0.49804 1.00000
v -5.78238 55.46869 2.40465 0.49412 0.50588 0.49804 1.00000
v -1.33772 59.62746 1.05277 0.49412 0.50588 0.49804 1.00000
v -1.33772 59.62746 1.05277 0.49412 0.50588 0.49804 1.00000
v -1.33772 59.62746 1.05277 0.49412 0.50588 0.49804 1.00000
v -6.43311 54.26982 1.15805 0.49412 0.50588 0.49804 1.00000
v -6.36718 54.32793 1.20740 0.49412 0.50588 0.49804 1.00000
v -6.33798 54.26675 1.13735 0.49412 0.50588 0.49804 1.00000
v -6.43311 54.26982 1.15805 0.49412 0.50588 0.49804 1.00000
v -7.03507 57.20750 -1.24288 0.49412 0.50588 0.49804 1.00000
v -7.03507 57.20750 -1.24288 0.49412 0.50588 0.49804 1.00000
v 6.98061 58.47364 -2.87492 0.49412 0.50588 0.49804 1.00000
v 6.98061 58.47364 -2.87492 0.49412 0.50588 0.49804 1.00000
v 6.98061 58.47364 -2.87492 0.49412 0.50588 0.49804 1.00000
v 1.28885 58.95806 -6.31080 0.49412 0.50588 0.49804 1.00000
v 1.26559 59.00994 -6.32616 0.49412 0.50588 0.49804 1.00000
v 1.31521 58.99032 -6.34860 0.49412 0.50588 0.49804 1.00000
v 1.28885 58.95806 -6.31080 0.49412 0.50588 0.49804 1.00000
v 1.93274 57.53293 -8.51768 0.49412 0.50588 0.49804 1.00000
v 1.93274 57.53293 -8.51768 0.49412 0.50588 0.49804 1.00000
v -0.01753 0.00351 3.97208 0.49412 0.50588 0.49804 1.00000
v -0.03580 1.25543 3.05487 0.49412 0.50588 0.49804 1.00000
v 2.18827 1.47529 -1.32302 0.49412 0.50588 0.49804 1.00000
v 2.46338 -0.00125 -1.40777 0.49412 0.50588 0.49804 1.00000
v -3.18257 1.34524 -1.84942 0.49412 0.50588 0.49804 1.00000
v -4.40438 -0.00226 -2.56886 0.49412 0.50588 0.49804 1.00000
v -0.03580 1.25543 3.05487 0.49412 0.50588 0.49804 1.00000
v -0.01753 0.00351 3.97208 0.49412 0.50588 0.49804 1.00000
v -0.11143 2.59542 2.59090 0.49412 0.50588 0.49804 1.00000
v 1.87944 3.00665 -1.14927 0.49412 0.50588 0.49804 1.00000
v -2.65483 2.71746 -1.45823 0.49412 0.50588 0.49804 1.00000
v -0.11143 2.59542 2.59090 0.49412 0.50588 0.49804 1.00000
v -0.23222 3.97969 2.54651 0.49412 0.50588 0.49804 1.00000
v 1.55427 4.46895 -0.75158 0.49412 0.50588 0.49804 1.00000
v -2.39786 4.09910 -0.95971 0.49412 0.50588 0.49804 1.00000
v -0.23222 3.97969 2.54651 0.49412 0.50588 0.49804 1.00000
v -0.41451 5.76525 2.67104 0.49412 0.50588 0.49804 1.00000
v 1.25112 6.25485 -0.39720 0.49412 0.50588 0.49804 1.00000
v -2.37428 5.88012 -0.55531 0.49412 0.50588 0.49804 1.00000
v -0.41451 5.76525 2.67104 0.49412 0.50588 0.49804 1.00000
v -0.57264 7.33960 2.50324 0.49412 0.50588 0.49804 1.00000
v 0.93991 7.73206 -0.24893 0.49412 0.50588 0.49804 1.00000
v -2.28993 7.43936 -0.35178 0.49412 0.50588 0.49804 1.00000
v -0.57264 7.33960 2.50324 0.49412 0.50588 0.49804 1.00000
v -0.68693 9.04166 2.24055 0.49412 0.50588 0.49804 1.00000
v 0.69692 9.27549 -0.22631 0.49412 0.50588 0.49804 1.00000
v -2.20363 9.11700 -0.28280 0.49412 0.50588 0.49804 1.00000
v -0.68693 9.04166 2.24055 0.49412 0.50588 0.49804 1.00000
v -0.75414 11.09233 2.25650 0.49412 0.50588 0.49804 1.00000
v 0.52935 11.22316 -0.05936 0.49412 0.50588 0.49804 1.00000
v -2.15220 11.14700 -0.10270 0.49412 0.50588 0.49804 1.00000
v -0.75414 11.09233 2.25650 0.49412 0.50588 0.49804 1.00000
v -0.75347 12.90369 2.29313 0.49412 0.50588 0.49804 1.00000
v 0.42615 12.86694 0.19318 0.49412 0.50588 0.49804 1.00000
v -1.99976 12.89648 0.18232 0.49412 0.50588 0.49804 1.00000
v -0.75347 12.90369 2.29313 0.49412 0.50588 0.49804 1.00000
v -0.71230 14.75221 2.13152 0.49412 0.50588 0.49804 1.00000
v 0.33841 14.61506 0.25167 0.49412 0.50588 0.49804 1.00000
v -1.82550 14.66731 0.24283 0.49412 0.50588 0.49804 1.00000
v -0.71230 14.75221 2.13152 0.49412 0.50588 0.49804 1.00000
v -0.68383 16.97362 1.70721 0.49412 0.50588 0.49804 1.00000
v 0.30759 16.81215 -0.04697 0.49412 0.50588 0.49804 1.00000
v -1.72407 16.84040 -0.04596 0.49412 0.50588 0.49804 1.00000
v -0.68383 16.97362 1.70721 0.49412 0.50588 0.49804 1.00000
v -0.70821 18.87174 1.24362 0.49412 0.50588 0.49804 1.00000
v 0.19144 18.72258 -0.35252 0.49412 0.50588 0.49804 1.00000
v -1.65982 18.67841 -0.34774 0.49412 0.50588 0.49804 1.00000
v -0.70821 18.87174 1.24362 0.49412 0.50588 0.49804 1.00000
v -0.81710 20.80764 1.05050 0.49412 0.50588 0.49804 1.00000
v -0.00745 20.71950 -0.40128 0.49412 0.50588 0.49804 1.00000
v -1.66888 20.59449 -0.38275 0.49412 0.50588 0.49804 1.00000
v -0.81710 20.80764 1.05050 0.49412 0.50588 0.49804 1.00000
v -1.04531 23.18358 0.98624 0.49412 0.50588 0.49804 1.00000
v -0.28948 23.14602 -0.37772 0.49412 0.50588 0.49804 1.00000
v -1.84957 22.98268 -0.35713 0.49412 0.50588 0.49804 1.00000
v -1.04531 23.18358 0.98624 0.49412 0.50588 0.49804 1.00000
v -1.29632 25.21262 0.81043 0.49412 0.50588 0.49804 1.00000
v -0.60509 25.24567 -0.44245 0.49412 0.50588 0.49804 1.00000
v -2.02826 25.06773 -0.41018 0.49412 0.50588 0.49804 1.00000
v -1.29632 25.21262 0.81043 0.49412 0.50588 0.49804 1.00000
v -1.52739 27.25135 0.50077 0.49412 0.50588 0.49804 1.00000
v -0.91269 27.32908 -0.64242 0.49412 0.50588 0.49804 1.00000
v -2.21002 27.19673 -0.62106 0.49412 0.50588 0.49804 1.00000
v -1.52739 27.25135 0.50077 0.49412 0.50588 0.49804 1.00000
v -1.71864 29.84800 0.45896 0.49412 0.50588 0.49804 1.00000
v -1.13473 29.94238 -0.61905 0.49412 0.50588 0.49804 1.00000
v -2.36900 29.85487 -0.59550 0.49412 0.50588 0.49804 1.00000
v -1.71864 29.84800 0.45896 0.49412 0.50588 0.49804 1.00000
v -1.77820 32.05853 0.76772 0.49412 0.50588 0.49804 1.00000
v -1.24266 32.16193 -0.22051 0.49412 0.50588 0.49804 1.00000
v -2.37629 32.14631 -0.19275 0.49412 0.50588 0.49804 1.00000
v -1.77820 32.05853 0.76772 0.49412 0.50588 0.49804 1.00000
v -1.74706 34.28708 1.19269 0.49412 0.50588 0.49804 1.00000
v -1.24418 34.38886 0.26278 0.49412 0.50588 0.49804 1.00000
v -2.30544 34.41411 0.29563 0.49412 0.50588 0.49804 1.00000
v -1.74706 34.28708 1.19269 0.49412 0.50588 0.49804 1.00000
v -1.65657 37.09950 1.41837 0.49412 0.50588 0.49804 1.00000
v -1.17896 37.19648 0.53719 0.49412 0.50588 0.49804 1.00000
v -2.18463 37.23156 0.57140 0.49412 0.50588 0.49804 1.00000
v -1.65657 37.09950 1.41837 0.49412 0.50588 0.49804 1.00000
v -1.58841 39.52406 1.39510 0.49412 0.50588 0.49804 1.00000
v -1.14131 39.61294 0.56603 0.49412 0.50588 0.49804 1.00000
v -2.09342 39.63005 0.59168 0.49412 0.50588 0.49804 1.00000
v -1.58841 39.52406 1.39510 0.49412 0.50588 0.49804 1.00000
v -1.62249 41.99334 1.58869 0.49412 0.50588 0.49804 1.00000
v -1.19740 42.06971 0.79128 0.49412 0.50588 0.49804 1.00000
v -2.09763 42.03708 0.81387 0.49412 0.50588 0.49804 1.00000
v -1.62249 41.99334 1.58869 0.49412 0.50588 0.49804 1.00000
v -1.80893 44.99672 2.02216 0.49412 0.50588 0.49804 1.00000
v -1.38826 45.06179 1.24351 0.49412 0.50588 0.49804 1.00000
v -2.27266 44.99861 1.26582 0.49412 0.50588 0.49804 1.00000
v -1.80893 44.99672 2.02216 0.49412 0.50588 0.49804 1.00000
v -2.08793 47.62199 2.24030 0.49412 0.50588 0.49804 1.00000
v -1.67584 47.65966 1.47878 0.49412 0.50588 0.49804 1.00000
v -2.53318 47.55878 1.50036 0.49412 0.50588 0.49804 1.00000
v -2.08793 47.62199 2.24030 0.49412 0.50588 0.49804 1.00000
v -2.48175 50.73735 1.77372 0.49412 0.50588 0.49804 1.00000
v -2.06715 50.73793 1.01703 0.49412 0.50588 0.49804 1.00000
v -2.91576 50.63183 1.04088 0.49412 0.50588 0.49804 1.00000
v -2.48175 50.73735 1.77372 0.49412 0.50588 0.49804 1.00000
v -2.50513 50.82348 1.25711 0.49412 0.50588 0.49804 1.00000
v -2.50513 50.82348 1.25711 0.49412 0.50588 0.49804 1.00000
v -2.50513 50.82348 1.25711 0.49412 0.50588 0.49804 1.00000
v 2.46338 -0.00125 -1.40777 0.49412 0.50588 0.49804 0.00000
v 0.01391 -0.98972 -0.01887 0.49412 0.50588 0.49804 0.00000
v -0.01753 0.00351 3.97208 0.49412 0.50588 0.49804 0.00000
v -4.40438 -0.00226 -2.56886 0.49412 0.50588 0.49804 0.00000
v -0.01750 0.00351 3.97208 0.49412 0.50588 0.49804 0.00000
v 0.17603 21.59039 14.25930 0.49412 0.50588 0.49804 1.00000
v -0.25591 13.89093 13.41498 0.49412 0.50588 0.49804 1.00000
v 1.84934 17.55106 10.17997 0.49412 0.50588 0.49804 1.00000
v 3.70712 14.07353 6.20089 0.49412 0.50588 0.49804 1.00000
v 4.13907 21.77299 7.04522 0.49412 0.50588 0.49804 1.00000
v -0.25591 13.89093 13.41498 0.49412 0.50588 0.49804 1.00000
v 0.17603 21.59039 14.25930 0.49412 0.50588 0.49804 1.00000
v 1.84934 17.55106 10.17997 0.49412 0.50588 0.49804 1.00000
v 3.70712 14.07353 6.20089 0.49412 0.50588 0.49804 1.00000
v 4.13907 21.77299 7.04522 0.49412 0.50588 0.49804 1.00000
v 2.10249 24.20534 22.01196 0.49412 0.50588 0.49804 1.00000
v 0.21328 21.15523 25.20312 0.49412 0.50588 0.49804 1.00000
v 2.59443 20.81951 22.60849 0.49412 0.50588 0.49804 1.00000
v 3.13534 17.63472 22.95178 0.49412 0.50588 0.49804 1.00000
v 5.02456 20.68483 19.76062 0.49412 0.50588 0.49804 1.00000
v 0.21328 21.15523 25.20312 0.49412 0.50588 0.49804 1.00000
v 2.10249 24.20534 22.01196 0.49412 0.50588 0.49804 1.00000
v 2.59443 20.81951 22.60849 0.49412 0.50588 0.49804 1.00000
v 3.13534 17.63472 22.95178 0.49412 0.50588 0.49804 1.00000
v 5.02456 20.68483 19.76062 0.49412 0.50588 0.49804 1.00000
v -3.18473 17.87847 15.03010 0.49412 0.50588 0.49804 1.00000
v -2.95691 11.79574 15.83640 0.49412 0.50588 0.49804 1.00000
v 0.17450 14.59465 15.31714 0.49412 0.50588 0.49804 1.00000
v 3.55375 11.58421 15.80200 0.49412 0.50588 0.49804 1.00000
v 3.32593 17.66694 14.99570 0.49412 0.50588 0.49804 1.00000
v -2.95691 11.79574 15.83640 0.49412 0.50588 0.49804 1.00000
v -3.18473 17.87847 15.03010 0.49412 0.50588 0.49804 1.00000
v 0.17450 14.59465 15.31714 0.49412 0.50588 0.49804 1.00000
v 3.55375 11.58421 15.80200 0.49412 0.50588 0.49804 1.00000
v 3.32593 17.66694 14.99570 0.49412 0.50588 0.49804 1.00000
v -1.46604 18.97206 14.05704 0.49412 0.50588 0.49804 1.00000
v -2.44040 12.73799 13.36776 0.49412 0.50588 0.49804 1.00000
v 1.38600 15.32167 13.73882 0.49412 0.50588 0.49804 1.00000
v 4.27384 12.22793 13.31792 0.49412 0.50588 0.49804 1.00000
v 5.24821 18.46200 14.00720 0.49412 0.50588 0.49804 1.00000
v -2.44040 12.73799 13.36776 0.49412 0.50588 0.49804 1.00000
v -1.46604 18.97206 14.05704 0.49412 0.50588 0.49804 1.00000
v 1.38600 15.32167 13.73882 0.49412 0.50588 0.49804 1.00000
v 4.27384 12.22793 13.31792 0.49412 0.50588 0.49804 1.00000
v 5.24821 18.46200 14.00720 0.49412 0.50588 0.49804 1.00000
v 1.13089 18.65678 27.08605 0.49412 0.50588 0.49804 1.00000
v 1.29854 13.99530 25.95269 0.49412 0.50588 0.49804 1.00000
v 1.76990 17.07745 24.14107 0.49412 0.50588 0.49804 1.00000
v 2.32725 14.91980 21.07323 0.49412 0.50588 0.49804 1.00000
v 2.15960 19.58127 22.20659 0.49412 0.50588 0.49804 1.00000
v 1.29854 13.99530 25.95269 0.49412 0.50588 0.49804 1.00000
v 1.13089 18.65678 27.08605 0.49412 0.50588 0.49804 1.00000
v 1.76990 17.07745 24.14107 0.49412 0.50588 0.49804 1.00000
v 2.32725 14.91980 21.07323 0.49412 0.50588 0.49804 1.00000
v 2.15960 19.58127 22.20659 0.49412 0.50588 0.49804 1.00000
v 8.65869 25.74726 8.67691 0.49412 0.50588 0.49804 1.00000
v 10.09832 18.41638 10.69701 0.49412 0.50588 0.49804 1.00000
v 8.78272 20.81437 5.80801 0.49412 0.50588 0.49804 1.00000
v 8.73423 16.49475 2.83061 0.49412 0.50588 0.49804 1.00000
v 7.29460 23.82563 0.81051 0.49412 0.50588 0.49804 1.00000
v 10.09832 18.41638 10.69701 0.49412 0.50588 0.49804 1.00000
v 8.65869 25.74726 8.67691 0.49412 0.50588 0.49804 1.00000
v 8.78272 20.81437 5.80801 0.49412 0.50588 0.49804 1.00000
v 8.73423 16.49475 2.83061 0.49412 0.50588 0.49804 1.00000
v 7.29460 23.82563 0.81051 0.49412 0.50588 0.49804 1.00000
v 16.48638 28.72884 13.51850 0.49412 0.50588 0.49804 1.00000
v 17.15309 25.11924 16.61403 0.49412 0.50588 0.49804 1.00000
v 17.33296 25.60172 12.94790 0.49412 0.50588 0.49804 1.00000
v 18.27768 22.15724 12.62834 0.49412 0.50588 0.49804 1.00000
v 17.61096 25.76685 9.53280 0.49412 0.50588 0.49804 1.00000
v 17.15309 25.11924 16.61403 0.49412 0.50588 0.49804 1.00000
v 16.48638 28.72884 13.51850 0.49412 0.50588 0.49804 1.00000
v 17.33296 25.60172 12.94790 0.49412 0.50588 0.49804 1.00000
v 18.27768 22.15724 12.62834 0.49412 0.50588 0.49804 1.00000
v 17.61096 25.76685 9.53280 0.49412 0.50588 0.49804 1.00000
v 14.21382 21.66389 12.37718 0.49412 0.50588 0.49804 1.00000
v 15.12228 15.67635 13.43988 0.49412 0.50588 0.49804 1.00000
v 15.12066 18.65807 9.68564 0.49412 0.50588 0.49804 1.00000
v 16.31162 15.21080 7.05812 0.49412 0.50588 0.49804 1.00000
v 15.40316 21.19833 5.99542 0.49412 0.50588 0.49804 1.00000
v 15.12228 15.67635 13.43988 0.49412 0.50588 0.49804 1.00000
v 14.21382 21.66389 12.37718 0.49412 0.50588 0.49804 1.00000
v 15.12066 18.65807 9.68564 0.49412 0.50588 0.49804 1.00000
v 16.31162 15.21080 7.05812 0.49412 0.50588 0.49804 1.00000
v 15.40316 21.19833 5.99542 0.49412 0.50588 0.49804 1.00000
v 14.36476 23.55170 9.96857 0.49412 0.50588 0.49804 1.00000
v 14.58434 17.10518 11.60247 0.49412 0.50588 0.49804 1.00000
v 13.92879 19.35837 7.42055 0.49412 0.50588 0.49804 1.00000
v 13.17361 15.93182 4.81462 0.49412 0.50588 0.49804 1.00000
v 12.95402 22.37833 3.18072 0.49412 0.50588 0.49804 1.00000
v 14.58434 17.10518 11.60247 0.49412 0.50588 0.49804 1.00000
v 14.36476 23.55170 9.96857 0.49412 0.50588 0.49804 1.00000
v 13.92879 19.35837 7.42055 0.49412 0.50588 0.49804 1.00000
v 13.17361 15.93182 4.81462 0.49412 0.50588 0.49804 1.00000
v 12.95402 22.37833 3.18072 0.49412 0.50588 0.49804 1.00000
v 26.85253 24.64296 5.99997 0.49412 0.50588 0.49804 1.00000
v 26.94007 19.84992 5.75180 0.49412 0.50588 0.49804 1.00000
v 24.40289 21.92696 5.46175 0.49412 0.50588 0.49804 1.00000
v 21.94128 19.44713 4.86218 0.49412 0.50588 0.49804 1.00000
v 21.85374 24.24016 5.11035 0.49412 0.50588 0.49804 1.00000
v 26.94007 19.84992 5.75180 0.49412 0.50588 0.49804 1.00000
v 26.85253 24.64296 5.99997 0.49412 0.50588 0.49804 1.00000
v 24.40289 21.92696 5.46175 0.49412 0.50588 0.49804 1.00000
v 21.94128 19.44713 4.86218 0.49412 0.50588 0.49804 1.00000
v 21.85374 24.24016 5.11035 0.49412 0.50588 0.49804 1.00000
v 14.35417 22.10227 -1.20155 0.49412 0.50588 0.49804 1.00000
v 12.15640 14.67165 -1.20126 0.49412 0.50588 0.49804 1.00000
v 9.51427 19.23664 -2.69560 0.49412 0.50588 0.49804 1.00000
v 4.61854 16.11302 -4.18756 0.49412 0.50588 0.49804 1.00000
v 6.81630 23.54363 -4.18785 0.49412 0.50588 0.49804 1.00000
v 12.15640 14.67165 -1.20126 0.49412 0.50588 0.49804 1.00000
v 14.35417 22.10227 -1.20155 0.49412 0.50588 0.49804 1.00000
v 9.51427 19.23664 -2.69560 0.49412 0.50588 0.49804 1.00000
v 4.61854 16.11302 -4.18756 0.49412 0.50588 0.49804 1.00000
v 6.81630 23.54363 -4.18785 0.49412 0.50588 0.49804 1.00000
v 14.27236 24.64973 -4.35834 0.49412 0.50588 0.49804 1.00000
v 14.88037 17.35734 -5.95985 0.49412 0.50588 0.49804 1.00000
v 10.67787 20.23292 -5.24147 0.49412 0.50588 0.49804 1.00000
v 7.00183 16.39586 -6.21993 0.49412 0.50588 0.49804 1.00000
v 6.39383 23.68826 -4.61841 0.49412 0.50588 0.49804 1.00000
v 14.88037 17.35734 -5.95985 0.49412 0.50588 0.49804 1.00000
v 14.27236 24.64973 -4.35834 0.49412 0.50588 0.49804 1.00000
v 10.67787 20.23292 -5.24147 0.49412 0.50588 0.49804 1.00000
v 7.00183 16.39586 -6.21993 0.49412 0.50588 0.49804 1.00000
v 6.39383 23.68826 -4.61841 0.49412 0.50588 0.49804 1.00000
v 13.76551 30.59780 -16.95970 0.49412 0.50588 0.49804 1.00000
v 14.46056 26.36341 -19.11164 0.49412 0.50588 0.49804 1.00000
v 12.57994 27.15528 -16.48236 0.49412 0.50588 0.49804 1.00000
v 11.20275 24.01970 -15.97265 0.49412 0.50588 0.49804 1.00000
v 10.50770 28.25409 -13.82071 0.49412 0.50588 0.49804 1.00000
v 14.46056 26.36341 -19.11164 0.49412 0.50588 0.49804 1.00000
v 13.76551 30.59780 -16.95970 0.49412 0.50588 0.49804 1.00000
v 12.57994 27.15528 -16.48236 0.49412 0.50588 0.49804 1.00000
v 11.20275 24.01970 -15.97265 0.49412 0.50588 0.49804 1.00000
v 10.50770 28.25409 -13.82071 0.49412 0.50588 0.49804 1.00000
v 5.91275 21.43827 -13.22627 0.49412 0.50588 0.49804 1.00000
v 7.30828 13.82680 -12.72709 0.49412 0.50588 0.49804 1.00000
v 3.33516 17.40331 -10.48731 0.49412 0.50588 0.49804 1.00000
v 0.68840 13.70414 -7.82935 0.49412 0.50588 0.49804 1.00000
v -0.70712 21.31561 -8.32853 0.49412 0.50588 0.49804 1.00000
v 7.30828 13.82680 -12.72709 0.49412 0.50588 0.49804 1.00000
v 5.91275 21.43827 -13.22627 0.49412 0.50588 0.49804 1.00000
v 3.33516 17.40331 -10.48731 0.49412 0.50588 0.49804 1.00000
v 0.68840 13.70414 -7.82935 0.49412 0.50588 0.49804 1.00000
v -0.70712 21.31561 -8.32853 0.49412 0.50588 0.49804 1.00000
v 9.50195 26.24345 -22.60951 0.49412 0.50588 0.49804 1.00000
v 11.38982 22.09912 -24.13216 0.49412 0.50588 0.49804 1.00000
v 8.21562 23.23239 -22.57850 0.49412 0.50588 0.49804 1.00000
v 6.98113 19.92490 -22.82125 0.49412 0.50588 0.49804 1.00000
v 5.09326 24.06923 -21.29860 0.49412 0.50588 0.49804 1.00000
v 11.38982 22.09912 -24.13216 0.49412 0.50588 0.49804 1.00000
v 9.50195 26.24345 -22.60951 0.49412 0.50588 0.49804 1.00000
v 8.21562 23.23239 -22.57850 0.49412 0.50588 0.49804 1.00000
v 6.98113 19.92490 -22.82125 0.49412 0.50588 0.49804 1.00000
v 5.09326 24.06923 -21.29860 0.49412 0.50588 0.49804 1.00000
v 2.11149 20.71309 -18.66358 0.49412 0.50588 0.49804 1.00000
v 2.19983 13.51678 -18.02213 0.49412 0.50588 0.49804 1.00000
v 1.18087 16.98315 -14.63953 0.49412 0.50588 0.49804 1.00000
v -0.05867 13.65740 -10.70364 0.49412 0.50588 0.49804 1.00000
v -0.14702 20.85372 -11.34510 0.49412 0.50588 0.49804 1.00000
v 2.19983 13.51678 -18.02213 0.49412 0.50588 0.49804 1.00000
v 2.11149 20.71309 -18.66358 0.49412 0.50588 0.49804 1.00000
v 1.18087 16.98315 -14.63953 0.49412 0.50588 0.49804 1.00000
v -0.05867 13.65740 -10.70364 0.49412 0.50588 0.49804 1.00000
v -0.14702 20.85372 -11.34510 0.49412 0.50588 0.49804 1.00000
v 3.48573 20.16280 -18.20622 0.49412 0.50588 0.49804 1.00000
v 4.04784 13.17787 -18.26542 0.49412 0.50588 0.49804 1.00000
v 1.70441 16.88020 -15.14567 0.49412 0.50588 0.49804 1.00000
v -0.23986 13.24245 -12.18824 0.49412 0.50588 0.49804 1.00000
v -0.80197 20.22739 -12.12904 0.49412 0.50588 0.49804 1.00000
v 4.04784 13.17787 -18.26542 0.49412 0.50588 0.49804 1.00000
v 3.48573 20.16280 -18.20622 0.49412 0.50588 0.49804 1.00000
v 1.70441 16.88020 -15.14567 0.49412 0.50588 0.49804 1.00000
v -0.23986 13.24245 -12.18824 0.49412 0.50588 0.49804 1.00000
v -0.80197 20.22739 -12.12904 0.49412 0.50588 0.49804 1.00000
v -12.18950 24.13432 -16.43315 0.49412 0.50588 0.49804 1.00000
v -14.09021 19.74749 -16.00206 0.49412 0.50588 0.49804 1.00000
v -10.70448 21.24619 -15.94655 0.49412 0.50588 0.49804 1.00000
v -9.32112 18.09193 -15.33345 0.49412 0.50588 0.49804 1.00000
v -7.42042 22.47877 -15.76454 0.49412 0.50588 0.49804 1.00000
v -14.09021 19.74749 -16.00206 0.49412 0.50588 0.49804 1.00000
v -12.18950 24.13432 -16.43315 0.49412 0.50588 0.49804 1.00000
v -10.70448 21.24619 -15.94655 0.49412 0.50588 0.49804 1.00000
v -9.32112 18.09193 -15.33345 0.49412 0.50588 0.49804 1.00000
v -7.42042 22.47877 -15.76454 0.49412 0.50588 0.49804 1.00000
v -0.83455 22.85147 -13.28085 0.49412 0.50588 0.49804 1.00000
v -0.00089 15.23102 -14.88904 0.49412 0.50588 0.49804 1.00000
v -2.95165 18.32205 -10.85848 0.49412 0.50588 0.49804 1.00000
v -5.03908 14.08496 -8.35958 0.49412 0.50588 0.49804 1.00000
v -5.87274 21.70540 -6.75139 0.49412 0.50588 0.49804 1.00000
v -0.00089 15.23102 -14.88904 0.49412 0.50588 0.49804 1.00000
v -0.83455 22.85147 -13.28085 0.49412 0.50588 0.49804 1.00000
v -2.95165 18.32205 -10.85848 0.49412 0.50588 0.49804 1.00000
v -5.03908 14.08496 -8.35958 0.49412 0.50588 0.49804 1.00000
v -5.87274 21.70540 -6.75139 0.49412 0.50588 0.49804 1.00000
v -1.46354 28.62731 -22.50820 0.49412 0.50588 0.49804 1.00000
v 0.20414 24.97820 -25.14647 0.49412 0.50588 0.49804 1.00000
v -2.33143 25.07558 -23.04337 0.49412 0.50588 0.49804 1.00000
v -3.38393 21.75174 -23.51123 0.49412 0.50588 0.49804 1.00000
v -5.05161 25.40085 -20.87295 0.49412 0.50588 0.49804 1.00000
v 0.20414 24.97820 -25.14647 0.49412 0.50588 0.49804 1.00000
v -1.46354 28.62731 -22.50820 0.49412 0.50588 0.49804 1.00000
v -2.33143 25.07558 -23.04337 0.49412 0.50588 0.49804 1.00000
v -3.38393 21.75174 -23.51123 0.49412 0.50588 0.49804 1.00000
v -5.05161 25.40085 -20.87295 0.49412 0.50588 0.49804 1.00000
v -3.06127 22.15004 -16.07068 0.49412 0.50588 0.49804 1.00000
v -4.83750 14.79139 -16.14741 0.49412 0.50588 0.49804 1.00000
v -5.07640 18.51460 -12.24096 0.49412 0.50588 0.49804 1.00000
v -7.07002 14.52413 -8.41939 0.49412 0.50588 0.49804 1.00000
v -5.29379 21.88279 -8.34266 0.49412 0.50588 0.49804 1.00000
v -4.83750 14.79139 -16.14741 0.49412 0.50588 0.49804 1.00000
v -3.06127 22.15004 -16.07068 0.49412 0.50588 0.49804 1.00000
v -5.07640 18.51460 -12.24096 0.49412 0.50588 0.49804 1.00000
v -7.07002 14.52413 -8.41939 0.49412 0.50588 0.49804 1.00000
v -5.29379 21.88279 -8.34266 0.49412 0.50588 0.49804 1.00000
v -13.44391 20.14160 -7.95606 0.49412 0.50588 0.49804 1.00000
v -12.76495 12.15528 -9.31310 0.49412 0.50588 0.49804 1.00000
v -11.07173 15.94777 -4.82990 0.49412 0.50588 0.49804 1.00000
v -8.76078 12.03594 -1.66246 0.49412 0.50588 0.49804 1.00000
v -9.43974 20.02226 -0.30542 0.49412 0.50588 0.49804 1.00000
v -12.76495 12.15528 -9.31310 0.49412 0.50588 0.49804 1.00000
v -13.44391 20.14160 -7.95606 0.49412 0.50588 0.49804 1.00000
v -11.07173 15.94777 -4.82990 0.49412 0.50588 0.49804 1.00000
v -8.76078 12.03594 -1.66246 0.49412 0.50588 0.49804 1.00000
v -9.43974 20.02226 -0.30542 0.49412 0.50588 0.49804 1.00000
v -25.24678 21.13473 -8.66735 0.49412 0.50588 0.49804 1.00000
v -25.85586 16.39424 -9.13622 0.49412 0.50588 0.49804 1.00000
v -24.97153 18.35621 -6.44438 0.49412 0.50588 0.49804 1.00000
v -24.64557 15.36107 -4.28166 0.49412 0.50588 0.49804 1.00000
v -24.03649 20.10155 -3.81279 0.49412 0.50588 0.49804 1.00000
v -25.85586 16.39424 -9.13622 0.49412 0.50588 0.49804 1.00000
v -25.24678 21.13473 -8.66735 0.49412 0.50588 0.49804 1.00000
v -24.97153 18.35621 -6.44438 0.49412 0.50588 0.49804 1.00000
v -24.64557 15.36107 -4.28166 0.49412 0.50588 0.49804 1.00000
v -24.03649 20.10155 -3.81279 0.49412 0.50588 0.49804 1.00000
v -16.36817 20.35682 -7.52636 0.49412 0.50588 0.49804 1.00000
v -17.51069 12.77346 -6.58921 0.49412 0.50588 0.49804 1.00000
v -14.24565 16.25476 -3.96747 0.49412 0.50588 0.49804 1.00000
v -12.13354 12.31092 -0.38820 0.49412 0.50588 0.49804 1.00000
v -10.99102 19.89428 -1.32536 0.49412 0.50588 0.49804 1.00000
v -17.51069 12.77346 -6.58921 0.49412 0.50588 0.49804 1.00000
v -16.36817 20.35682 -7.52636 0.49412 0.50588 0.49804 1.00000
v -14.24565 16.25476 -3.96747 0.49412 0.50588 0.49804 1.00000
v -12.13354 12.31092 -0.38820 0.49412 0.50588 0.49804 1.00000
v -10.99102 19.89428 -1.32536 0.49412 0.50588 0.49804 1.00000
v -22.21568 28.54997 4.64252 0.49412 0.50588 0.49804 1.00000
v -24.15513 25.03349 7.27258 0.49412 0.50588 0.49804 1.00000
v -21.28517 25.36546 5.02882 0.49412 0.50588 0.49804 1.00000
v -20.45681 21.96618 5.55877 0.49412 0.50588 0.49804 1.00000
v -18.51737 25.48265 2.92870 0.49412 0.50588 0.49804 1.00000
v -24.15513 25.03349 7.27258 0.49412 0.50588 0.49804 1.00000
v -22.21568 28.54997 4.64252 0.49412 0.50588 0.49804 1.00000
v -21.28517 25.36546 5.02882 0.49412 0.50588 0.49804 1.00000
v -20.45681 21.96618 5.55877 0.49412 0.50588 0.49804 1.00000
v -18.51737 25.48265 2.92870 0.49412 0.50588 0.49804 1.00000
v -21.92786 17.23248 0.11928 0.49412 0.50588 0.49804 1.00000
v -21.85149 10.62787 -0.16976 0.49412 0.50588 0.49804 1.00000
v -18.46539 14.28583 0.68667 0.49412 0.50588 0.49804 1.00000
v -15.02858 10.93133 1.47107 0.49412 0.50588 0.49804 1.00000
v -15.10495 17.53593 1.76011 0.49412 0.50588 0.49804 1.00000
v -21.85149 10.62787 -0.16976 0.49412 0.50588 0.49804 1.00000
v -21.92786 17.23248 0.11928 0.49412 0.50588 0.49804 1.00000
v -18.46539 14.28583 0.68667 0.49412 0.50588 0.49804 1.00000
v -15.02858 10.93133 1.47107 0.49412 0.50588 0.49804 1.00000
v -15.10495 17.53593 1.76011 0.49412 0.50588 0.49804 1.00000
v -14.56055 24.79926 0.94493 0.49412 0.50588 0.49804 1.00000
v -16.53398 17.34384 3.31406 0.49412 0.50588 0.49804 1.00000
v -11.86128 20.64640 4.28825 0.49412 0.50588 0.49804 1.00000
v -9.28007 16.13062 7.72713 0.49412 0.50588 0.49804 1.00000
v -7.30664 23.58604 5.35800 0.49412 0.50588 0.49804 1.00000
v -16.53398 17.34384 3.31406 0.49412 0.50588 0.49804 1.00000
v -14.56055 24.79926 0.94493 0.49412 0.50588 0.49804 1.00000
v -11.86128 20.64640 4.28825 0.49412 0.50588 0.49804 1.00000
v -9.28007 16.13062 7.72713 0.49412 0.50588 0.49804 1.00000
v -7.30664 23.58604 5.35800 0.49412 0.50588 0.49804 1.00000
v -25.60110 25.78944 5.54346 0.49412 0.50588 0.49804 1.00000
v -26.39464 21.08899 4.96175 0.49412 0.50588 0.49804 1.00000
v -24.05966 23.01338 6.86272 0.49412 0.50588 0.49804 1.00000
v -22.44290 20.44155 8.13172 0.49412 0.50588 0.49804 1.00000
v -21.64936 25.14200 8.71344 0.49412 0.50588 0.49804 1.00000
v -26.39464 21.08899 4.96175 0.49412 0.50588 0.49804 1.00000
v -25.60110 25.78944 5.54346 0.49412 0.50588 0.49804 1.00000
v -24.05966 23.01338 6.86272 0.49412 0.50588 0.49804 1.00000
v -22.44290 20.44155 8.13172 0.49412 0.50588 0.49804 1.00000
v -21.64936 25.14200 8.71344 0.49412 0.50588 0.49804 1.00000
v -12.44593 25.38610 11.20907 0.49412 0.50588 0.49804 1.00000
v -11.70689 18.64667 15.02289 0.49412 0.50588 0.49804 1.00000
v -9.21930 21.22040 10.24325 0.49412 0.50588 0.49804 1.00000
v -5.80899 16.78785 9.54838 0.49412 0.50588 0.49804 1.00000
v -6.54802 23.52728 5.73456 0.49412 0.50588 0.49804 1.00000
v -11.70689 18.64667 15.02289 0.49412 0.50588 0.49804 1.00000
v -12.44593 25.38610 11.20907 0.49412 0.50588 0.49804 1.00000
v -9.21930 21.22040 10.24325 0.49412 0.50588 0.49804 1.00000
v -5.80899 16.78785 9.54838 0.49412 0.50588 0.49804 1.00000
v -6.54802 23.52728 5.73456 0.49412 0.50588 0.49804 1.00000
v -1.10472 32.51287 18.18277 0.49412 0.50588 0.49804 1.00000
v 0.26483 28.16245 19.68026 0.49412 0.50588 0.49804 1.00000
v -1.01961 29.21169 16.72583 0.49412 0.50588 0.49804 1.00000
v -0.88798 25.78682 15.31546 0.49412 0.50588 0.49804 1.00000
v -2.25753 30.13724 13.81797 0.49412 0.50588 0.49804 1.00000
v 0.26483 28.16245 19.68026 0.49412 0.50588 0.49804 1.00000
v -1.10472 32.51287 18.18277 0.49412 0.50588 0.49804 1.00000
v -1.01961 29.21169 16.72583 0.49412 0.50588 0.49804 1.00000
v -0.88798 25.78682 15.31546 0.49412 0.50588 0.49804 1.00000
v -2.25753 30.13724 13.81797 0.49412 0.50588 0.49804 1.00000
v 6.52458 32.16122 9.62782 0.49412 0.50588 0.49804 1.00000
v 9.75244 25.73185 10.64757 0.49412 0.50588 0.49804 1.00000
v 7.72107 27.64964 6.53001 0.49412 0.50588 0.49804 1.00000
v 8.85709 23.79250 3.25273 0.49412 0.50588 0.49804 1.00000
v 5.62923 30.22188 2.23298 0.49412 0.50588 0.49804 1.00000
v 9.75244 25.73185 10.64757 0.49412 0.50588 0.49804 1.00000
v 6.52458 32.16122 9.62782 0.49412 0.50588 0.49804 1.00000
v 7.72107 27.64964 6.53001 0.49412 0.50588 0.49804 1.00000
v 8.85709 23.79250 3.25273 0.49412 0.50588 0.49804 1.00000
v 5.62923 30.22188 2.23298 0.49412 0.50588 0.49804 1.00000
v 12.36018 32.76161 8.47555 0.49412 0.50588 0.49804 1.00000
v 15.25027 26.85254 8.70487 0.49412 0.50588 0.49804 1.00000
v 11.83659 29.22426 5.77009 0.49412 0.50588 0.49804 1.00000
v 11.60420 25.44223 2.92782 0.49412 0.50588 0.49804 1.00000
v 8.71410 31.35131 2.69851 0.49412 0.50588 0.49804 1.00000
v 15.25027 26.85254 8.70487 0.49412 0.50588 0.49804 1.00000
v 12.36018 32.76161 8.47555 0.49412 0.50588 0.49804 1.00000
v 11.83659 29.22426 5.77009 0.49412 0.50588 0.49804 1.00000
v 11.60420 25.44223 2.92782 0.49412 0.50588 0.49804 1.00000
v 8.71410 31.35131 2.69851 0.49412 0.50588 0.49804 1.00000
v 19.95645 40.06270 3.41779 0.49412 0.50588 0.49804 1.00000
v 22.93142 36.39781 2.54572 0.49412 0.50588 0.49804 1.00000
v 19.61460 36.54597 2.43929 0.49412 0.50588 0.49804 1.00000
v 19.16074 33.19438 1.33828 0.49412 0.50588 0.49804 1.00000
v 16.18576 36.85926 2.21034 0.49412 0.50588 0.49804 1.00000
v 22.93142 36.39781 2.54572 0.49412 0.50588 0.49804 1.00000
v 19.95645 40.06270 3.41779 0.49412 0.50588 0.49804 1.00000
v 19.61460 36.54597 2.43929 0.49412 0.50588 0.49804 1.00000
v 19.16074 33.19438 1.33828 0.49412 0.50588 0.49804 1.00000
v 16.18576 36.85926 2.21034 0.49412 0.50588 0.49804 1.00000
v 11.14776 32.62540 10.55193 0.49412 0.50588 0.49804 1.00000
v 13.84577 27.68448 12.80028 0.49412 0.50588 0.49804 1.00000
v 13.22452 29.57567 8.59584 0.49412 0.50588 0.49804 1.00000
v 15.59425 26.13205 6.81707 0.49412 0.50588 0.49804 1.00000
v 12.89624 31.07297 4.56872 0.49412 0.50588 0.49804 1.00000
v 13.84577 27.68448 12.80028 0.49412 0.50588 0.49804 1.00000
v 11.14776 32.62540 10.55193 0.49412 0.50588 0.49804 1.00000
v 13.22452 29.57567 8.59584 0.49412 0.50588 0.49804 1.00000
v 15.59425 26.13205 6.81707 0.49412 0.50588 0.49804 1.00000
v 12.89624 31.07297 4.56872 0.49412 0.50588 0.49804 1.00000
v 24.26621 32.86377 3.17772 0.49412 0.50588 0.49804 1.00000
v 23.63318 28.10563 3.20262 0.49412 0.50588 0.49804 1.00000
v 21.46857 30.82064 3.70857 0.49412 0.50588 0.49804 1.00000
v 18.68527 28.36340 4.36901 0.49412 0.50588 0.49804 1.00000
v 19.31830 33.12152 4.34411 0.49412 0.50588 0.49804 1.00000
v 23.63318 28.10563 3.20262 0.49412 0.50588 0.49804 1.00000
v 24.26621 32.86377 3.17772 0.49412 0.50588 0.49804 1.00000
v 21.46857 30.82064 3.70857 0.49412 0.50588 0.49804 1.00000
v 18.68527 28.36340 4.36901 0.49412 0.50588 0.49804 1.00000
v 19.31830 33.12152 4.34411 0.49412 0.50588 0.49804 1.00000
v 7.66686 27.47292 -11.49029 0.49412 0.50588 0.49804 1.00000
v 6.36871 20.18385 -11.35693 0.49412 0.50588 0.49804 1.00000
v 3.52230 24.34150 -9.68069 0.49412 0.50588 0.49804 1.00000
v -0.66190 20.84425 -7.88702 0.49412 0.50588 0.49804 1.00000
v 0.63625 28.13332 -8.02038 0.49412 0.50588 0.49804 1.00000
v 6.36871 20.18385 -11.35693 0.49412 0.50588 0.49804 1.00000
v 7.66686 27.47292 -11.49029 0.49412 0.50588 0.49804 1.00000
v 3.52230 24.34150 -9.68069 0.49412 0.50588 0.49804 1.00000
v -0.66190 20.84425 -7.88702 0.49412 0.50588 0.49804 1.00000
v 0.63625 28.13332 -8.02038 0.49412 0.50588 0.49804 1.00000
v 5.56659 29.76331 -12.79986 0.49412 0.50588 0.49804 1.00000
v 4.77044 23.11275 -15.37369 0.49412 0.50588 0.49804 1.00000
v 2.34905 25.39285 -11.75435 0.49412 0.50588 0.49804 1.00000
v -0.83685 21.57717 -10.47109 0.49412 0.50588 0.49804 1.00000
v -0.04070 28.22773 -7.89726 0.49412 0.50588 0.49804 1.00000
v 4.77044 23.11275 -15.37369 0.49412 0.50588 0.49804 1.00000
v 5.56659 29.76331 -12.79986 0.49412 0.50588 0.49804 1.00000
v 2.34905 25.39285 -11.75435 0.49412 0.50588 0.49804 1.00000
v -0.83685 21.57717 -10.47109 0.49412 0.50588 0.49804 1.00000
v -0.04070 28.22773 -7.89726 0.49412 0.50588 0.49804 1.00000
v -1.97103 36.14081 -20.26011 0.49412 0.50588 0.49804 1.00000
v -2.74917 32.78604 -23.60436 0.49412 0.50588 0.49804 1.00000
v -2.70951 32.92679 -19.92457 0.49412 0.50588 0.49804 1.00000
v -3.71639 29.50747 -19.82954 0.49412 0.50588 0.49804 1.00000
v -2.93825 32.86224 -16.48529 0.49412 0.50588 0.49804 1.00000
v -2.74917 32.78604 -23.60436 0.49412 0.50588 0.49804 1.00000
v -1.97103 36.14081 -20.26011 0.49412 0.50588 0.49804 1.00000
v -2.70951 32.92679 -19.92457 0.49412 0.50588 0.49804 1.00000
v -3.71639 29.50747 -19.82954 0.49412 0.50588 0.49804 1.00000
v -2.93825 32.86224 -16.48529 0.49412 0.50588 0.49804 1.00000
v -1.77027 31.50879 -12.18615 0.49412 0.50588 0.49804 1.00000
v -2.34996 24.44351 -13.08126 0.49412 0.50588 0.49804 1.00000
v -4.40476 27.43785 -9.69897 0.49412 0.50588 0.49804 1.00000
v -6.99871 23.83174 -7.11845 0.49412 0.50588 0.49804 1.00000
v -6.41902 30.89702 -6.22334 0.49412 0.50588 0.49804 1.00000
v -2.34996 24.44351 -13.08126 0.49412 0.50588 0.49804 1.00000
v -1.77027 31.50879 -12.18615 0.49412 0.50588 0.49804 1.00000
v -4.40476 27.43785 -9.69897 0.49412 0.50588 0.49804 1.00000
v -6.99871 23.83174 -7.11845 0.49412 0.50588 0.49804 1.00000
v -6.41902 30.89702 -6.22334 0.49412 0.50588 0.49804 1.00000
v -3.86547 34.49282 -23.31201 0.49412 0.50588 0.49804 1.00000
v -4.15723 29.70089 -23.28333 0.49412 0.50588 0.49804 1.00000
v -5.58149 32.28175 -21.28636 0.49412 0.50588 0.49804 1.00000
v -7.17213 29.60515 -19.18350 0.49412 0.50588 0.49804 1.00000
v -6.88037 34.39708 -19.21219 0.49412 0.50588 0.49804 1.00000
v -4.15723 29.70089 -23.28333 0.49412 0.50588 0.49804 1.00000
v -3.86547 34.49282 -23.31201 0.49412 0.50588 0.49804 1.00000
v -5.58149 32.28175 -21.28636 0.49412 0.50588 0.49804 1.00000
v -7.17213 29.60515 -19.18350 0.49412 0.50588 0.49804 1.00000
v -6.88037 34.39708 -19.21219 0.49412 0.50588 0.49804 1.00000
v -6.01344 32.76635 -19.14537 0.49412 0.50588 0.49804 1.00000
v -6.79377 27.31673 -21.17987 0.49412 0.50588 0.49804 1.00000
v -8.28411 29.80951 -17.68947 0.49412 0.50588 0.49804 1.00000
v -10.70511 26.44570 -16.41667 0.49412 0.50588 0.49804 1.00000
v -9.92478 31.89532 -14.38218 0.49412 0.50588 0.49804 1.00000
v -6.79377 27.31673 -21.17987 0.49412 0.50588 0.49804 1.00000
v -6.01344 32.76635 -19.14537 0.49412 0.50588 0.49804 1.00000
v -8.28411 29.80951 -17.68947 0.49412 0.50588 0.49804 1.00000
v -10.70511 26.44570 -16.41667 0.49412 0.50588 0.49804 1.00000
v -9.92478 31.89532 -14.38218 0.49412 0.50588 0.49804 1.00000
v -4.90759 34.53888 -14.65833 0.49412 0.50588 0.49804 1.00000
v -5.33568 30.67224 -19.44172 0.49412 0.50588 0.49804 1.00000
v -7.52430 30.98394 -15.50310 0.49412 0.50588 0.49804 1.00000
v -9.94201 27.66319 -15.90069 0.49412 0.50588 0.49804 1.00000
v -9.51392 31.52983 -11.11729 0.49412 0.50588 0.49804 1.00000
v -5.33568 30.67224 -19.44172 0.49412 0.50588 0.49804 1.00000
v -4.90759 34.53888 -14.65833 0.49412 0.50588 0.49804 1.00000
v -7.52430 30.98394 -15.50310 0.49412 0.50588 0.49804 1.00000
v -9.94201 27.66319 -15.90069 0.49412 0.50588 0.49804 1.00000
v -9.51392 31.52983 -11.11729 0.49412 0.50588 0.49804 1.00000
v -17.79588 39.09607 -17.77353 0.49412 0.50588 0.49804 1.00000
v -19.44532 34.58891 -17.85227 0.49412 0.50588 0.49804 1.00000
v -16.53316 35.94262 -16.65766 0.49412 0.50588 0.49804 1.00000
v -15.36763 32.57926 -15.54746 0.49412 0.50588 0.49804 1.00000
v -13.71818 37.08641 -15.46872 0.49412 0.50588 0.49804 1.00000
v -19.44532 34.58891 -17.85227 0.49412 0.50588 0.49804 1.00000
v -17.79588 39.09607 -17.77353 0.49412 0.50588 0.49804 1.00000
v -16.53316 35.94262 -16.65766 0.49412 0.50588 0.49804 1.00000
v -15.36763 32.57926 -15.54746 0.49412 0.50588 0.49804 1.00000
v -13.71818 37.08641 -15.46872 0.49412 0.50588 0.49804 1.00000
v -11.04805 29.99313 -9.24025 0.49412 0.50588 0.49804 1.00000
v -11.11636 22.72112 -9.05852 0.49412 0.50588 0.49804 1.00000
v -9.78251 25.92405 -5.54364 0.49412 0.50588 0.49804 1.00000
v -8.74721 22.44370 -1.73160 0.49412 0.50588 0.49804 1.00000
v -8.67890 29.71571 -1.91332 0.49412 0.50588 0.49804 1.00000
v -11.11636 22.72112 -9.05852 0.49412 0.50588 0.49804 1.00000
v -11.04805 29.99313 -9.24025 0.49412 0.50588 0.49804 1.00000
v -9.78251 25.92405 -5.54364 0.49412 0.50588 0.49804 1.00000
v -8.74721 22.44370 -1.73160 0.49412 0.50588 0.49804 1.00000
v -8.67890 29.71571 -1.91332 0.49412 0.50588 0.49804 1.00000
v -19.29943 35.33764 -12.50311 0.49412 0.50588 0.49804 1.00000
v -20.31000 30.96620 -14.21127 0.49412 0.50588 0.49804 1.00000
v -19.57739 31.90486 -11.14676 0.49412 0.50588 0.49804 1.00000
v -19.93368 28.79062 -9.62257 0.49412 0.50588 0.49804 1.00000
v -18.92311 33.16205 -7.91442 0.49412 0.50588 0.49804 1.00000
v -20.31000 30.96620 -14.21127 0.49412 0.50588 0.49804 1.00000
v -19.29943 35.33764 -12.50311 0.49412 0.50588 0.49804 1.00000
v -19.57739 31.90486 -11.14676 0.49412 0.50588 0.49804 1.00000
v -19.93368 28.79062 -9.62257 0.49412 0.50588 0.49804 1.00000
v -18.92311 33.16205 -7.91442 0.49412 0.50588 0.49804 1.00000
v -12.61012 30.45943 -8.16260 0.49412 0.50588 0.49804 1.00000
v -14.41823 23.63617 -8.22399 0.49412 0.50588 0.49804 1.00000
v -11.55165 26.94231 -5.00236 0.49412 0.50588 0.49804 1.00000
v -10.65307 22.91164 -1.79306 0.49412 0.50588 0.49804 1.00000
v -8.84496 29.73490 -1.73168 0.49412 0.50588 0.49804 1.00000
v -14.41823 23.63617 -8.22399 0.49412 0.50588 0.49804 1.00000
v -12.61012 30.45943 -8.16260 0.49412 0.50588 0.49804 1.00000
v -11.55165 26.94231 -5.00236 0.49412 0.50588 0.49804 1.00000
v -10.65307 22.91164 -1.79306 0.49412 0.50588 0.49804 1.00000
v -8.84496 29.73490 -1.73168 0.49412 0.50588 0.49804 1.00000
v -13.41240 31.49698 4.50671 0.49412 0.50588 0.49804 1.00000
v -14.10932 24.37628 5.96562 0.49412 0.50588 0.49804 1.00000
v -9.98624 27.14555 5.60100 0.49412 0.50588 0.49804 1.00000
v -6.46766 23.39243 6.69944 0.49412 0.50588 0.49804 1.00000
v -5.77074 30.51312 5.24052 0.49412 0.50588 0.49804 1.00000
v -14.10932 24.37628 5.96562 0.49412 0.50588 0.49804 1.00000
v -13.41240 31.49698 4.50671 0.49412 0.50588 0.49804 1.00000
v -9.98624 27.14555 5.60100 0.49412 0.50588 0.49804 1.00000
v -6.46766 23.39243 6.69944 0.49412 0.50588 0.49804 1.00000
v -5.77074 30.51312 5.24052 0.49412 0.50588 0.49804 1.00000
v -20.05224 35.58995 16.02810 0.49412 0.50588 0.49804 1.00000
v -22.23132 31.40072 16.89445 0.49412 0.50588 0.49804 1.00000
v -18.95784 32.18798 16.21863 0.49412 0.50588 0.49804 1.00000
v -17.69222 29.24037 16.16367 0.49412 0.50588 0.49804 1.00000
v -15.51314 33.42960 15.29733 0.49412 0.50588 0.49804 1.00000
v -22.23132 31.40072 16.89445 0.49412 0.50588 0.49804 1.00000
v -20.05224 35.58995 16.02810 0.49412 0.50588 0.49804 1.00000
v -18.95784 32.18798 16.21863 0.49412 0.50588 0.49804 1.00000
v -17.69222 29.24037 16.16367 0.49412 0.50588 0.49804 1.00000
v -15.51314 33.42960 15.29733 0.49412 0.50588 0.49804 1.00000
v -13.47651 32.54799 9.06223 0.49412 0.50588 0.49804 1.00000
v -12.72954 26.77560 12.94916 0.49412 0.50588 0.49804 1.00000
v -9.72760 29.31101 9.46669 0.49412 0.50588 0.49804 1.00000
v -6.06322 25.22896 10.15560 0.49412 0.50588 0.49804 1.00000
v -6.81019 31.00135 6.26867 0.49412 0.50588 0.49804 1.00000
v -12.72954 26.77560 12.94916 0.49412 0.50588 0.49804 1.00000
v -13.47651 32.54799 9.06223 0.49412 0.50588 0.49804 1.00000
v -9.72760 29.31101 9.46669 0.49412 0.50588 0.49804 1.00000
v -6.06322 25.22896 10.15560 0.49412 0.50588 0.49804 1.00000
v -6.81019 31.00135 6.26867 0.49412 0.50588 0.49804 1.00000
v -11.64639 33.51570 15.12498 0.49412 0.50588 0.49804 1.00000
v -9.92499 28.17502 17.95669 0.49412 0.50588 0.49804 1.00000
v -8.45993 30.21935 14.22634 0.49412 0.50588 0.49804 1.00000
v -5.17257 26.63785 13.53674 0.49412 0.50588 0.49804 1.00000
v -6.89398 31.97853 10.70504 0.49412 0.50588 0.49804 1.00000
v -9.92499 28.17502 17.95669 0.49412 0.50588 0.49804 1.00000
v -11.64639 33.51570 15.12498 0.49412 0.50588 0.49804 1.00000
v -8.45993 30.21935 14.22634 0.49412 0.50588 0.49804 1.00000
v -5.17257 26.63785 13.53674 0.49412 0.50588 0.49804 1.00000
v -6.89398 31.97853 10.70504 0.49412 0.50588 0.49804 1.00000
v 3.04499 37.17147 15.57908 0.49412 0.50588 0.49804 1.00000
v 4.43587 32.57781 15.65364 0.49412 0.50588 0.49804 1.00000
v 1.40951 34.47950 14.66998 0.49412 0.50588 0.49804 1.00000
v -0.08478 31.40144 13.64464 0.49412 0.50588 0.49804 1.00000
v -1.47565 35.99511 13.57007 0.49412 0.50588 0.49804 1.00000
v 4.43587 32.57781 15.65364 0.49412 0.50588 0.49804 1.00000
v 3.04499 37.17147 15.57908 0.49412 0.50588 0.49804 1.00000
v 1.40951 34.47950 14.66998 0.49412 0.50588 0.49804 1.00000
v -0.08478 31.40144 13.64464 0.49412 0.50588 0.49804 1.00000
v -1.47565 35.99511 13.57007 0.49412 0.50588 0.49804 1.00000
v -3.85654 33.33605 11.63104 0.49412 0.50588 0.49804 1.00000
v -3.73524 26.91914 14.47245 0.49412 0.50588 0.49804 1.00000
v -1.08085 29.53723 10.58132 0.49412 0.50588 0.49804 1.00000
v 1.87772 25.53573 9.78496 0.49412 0.50588 0.49804 1.00000
v 1.75642 31.95264 6.94355 0.49412 0.50588 0.49804 1.00000
v -3.73524 26.91914 14.47245 0.49412 0.50588 0.49804 1.00000
v -3.85654 33.33605 11.63104 0.49412 0.50588 0.49804 1.00000
v -1.08085 29.53723 10.58132 0.49412 0.50588 0.49804 1.00000
v 1.87772 25.53573 9.78496 0.49412 0.50588 0.49804 1.00000
v 1.75642 31.95264 6.94355 0.49412 0.50588 0.49804 1.00000
v -1.89300 36.90867 21.58835 0.49412 0.50588 0.49804 1.00000
v -3.16163 32.72226 23.56637 0.49412 0.50588 0.49804 1.00000
v -0.90627 33.46212 21.13932 0.49412 0.50588 0.49804 1.00000
v 0.08238 30.54094 20.34292 0.49412 0.50588 0.49804 1.00000
v 1.35102 34.72734 18.36490 0.49412 0.50588 0.49804 1.00000
v -3.16163 32.72226 23.56637 0.49412 0.50588 0.49804 1.00000
v -1.89300 36.90867 21.58835 0.49412 0.50588 0.49804 1.00000
v -0.90627 33.46212 21.13932 0.49412 0.50588 0.49804 1.00000
v 0.08238 30.54094 20.34292 0.49412 0.50588 0.49804 1.00000
v 1.35102 34.72734 18.36490 0.49412 0.50588 0.49804 1.00000
v 8.15903 33.60321 11.60678 0.49412 0.50588 0.49804 1.00000
v 10.65248 27.70309 9.22807 0.49412 0.50588 0.49804 1.00000
v 6.31733 30.44479 8.51755 0.49412 0.50588 0.49804 1.00000
v 4.76972 26.44490 5.26599 0.49412 0.50588 0.49804 1.00000
v 2.27627 32.34502 7.64470 0.49412 0.50588 0.49804 1.00000
v 10.65248 27.70309 9.22807 0.49412 0.50588 0.49804 1.00000
v 8.15903 33.60321 11.60678 0.49412 0.50588 0.49804 1.00000
v 6.31733 30.44479 8.51755 0.49412 0.50588 0.49804 1.00000
v 4.76972 26.44490 5.26599 0.49412 0.50588 0.49804 1.00000
v 2.27627 32.34502 7.64470 0.49412 0.50588 0.49804 1.00000
v 7.53862 37.01285 -7.49430 0.49412 0.50588 0.49804 1.00000
v 6.99504 30.45720 -9.51125 0.49412 0.50588 0.49804 1.00000
v 3.68039 33.93282 -7.76664 0.49412 0.50588 0.49804 1.00000
v -0.14383 30.12552 -8.09055 0.49412 0.50588 0.49804 1.00000
v 0.39975 36.68117 -6.07360 0.49412 0.50588 0.49804 1.00000
v 6.99504 30.45720 -9.51125 0.49412 0.50588 0.49804 1.00000
v 7.53862 37.01285 -7.49430 0.49412 0.50588 0.49804 1.00000
v 3.68039 33.93282 -7.76664 0.49412 0.50588 0.49804 1.00000
v -0.14383 30.12552 -8.09055 0.49412 0.50588 0.49804 1.00000
v 0.39975 36.68117 -6.07360 0.49412 0.50588 0.49804 1.00000
v 10.21627 39.49308 -18.52594 0.49412 0.50588 0.49804 1.00000
v 10.58316 34.71269 -18.76995 0.49412 0.50588 0.49804 1.00000
v 8.26111 37.14439 -17.26265 0.49412 0.50588 0.49804 1.00000
v 6.27501 34.55957 -16.04955 0.49412 0.50588 0.49804 1.00000
v 5.90811 39.33996 -15.80554 0.49412 0.50588 0.49804 1.00000
v 10.58316 34.71269 -18.76995 0.49412 0.50588 0.49804 1.00000
v 10.21627 39.49308 -18.52594 0.49412 0.50588 0.49804 1.00000
v 8.26111 37.14439 -17.26265 0.49412 0.50588 0.49804 1.00000
v 6.27501 34.55957 -16.04955 0.49412 0.50588 0.49804 1.00000
v 5.90811 39.33996 -15.80554 0.49412 0.50588 0.49804 1.00000
v 1.20744 38.81195 -12.61015 0.49412 0.50588 0.49804 1.00000
v -1.86187 33.31269 -14.90982 0.49412 0.50588 0.49804 1.00000
v -1.17579 34.71630 -10.57541 0.49412 0.50588 0.49804 1.00000
v -3.45581 31.17352 -8.32238 0.49412 0.50588 0.49804 1.00000
v -0.38650 36.67278 -6.02271 0.49412 0.50588 0.49804 1.00000
v -1.86187 33.31269 -14.90982 0.49412 0.50588 0.49804 1.00000
v 1.20744 38.81195 -12.61015 0.49412 0.50588 0.49804 1.00000
v -1.17579 34.71630 -10.57541 0.49412 0.50588 0.49804 1.00000
v -3.45581 31.17352 -8.32238 0.49412 0.50588 0.49804 1.00000
v -0.38650 36.67278 -6.02271 0.49412 0.50588 0.49804 1.00000
v -7.72396 45.33796 -13.42567 0.49412 0.50588 0.49804 1.00000
v -10.57979 42.30689 -15.81300 0.49412 0.50588 0.49804 1.00000
v -8.51679 41.80993 -13.18224 0.49412 0.50588 0.49804 1.00000
v -8.88920 38.64560 -12.74061 0.49412 0.50588 0.49804 1.00000
v -6.03338 41.67667 -10.35328 0.49412 0.50588 0.49804 1.00000
v -10.57979 42.30689 -15.81300 0.49412 0.50588 0.49804 1.00000
v -7.72396 45.33796 -13.42567 0.49412 0.50588 0.49804 1.00000
v -8.51679 41.80993 -13.18224 0.49412 0.50588 0.49804 1.00000
v -8.88920 38.64560 -12.74061 0.49412 0.50588 0.49804 1.00000
v -6.03338 41.67667 -10.35328 0.49412 0.50588 0.49804 1.00000
v -7.45486 41.18332 -7.51046 0.49412 0.50588 0.49804 1.00000
v -9.85772 35.43157 -10.14878 0.49412 0.50588 0.49804 1.00000
v -8.93532 36.77123 -5.57976 0.49412 0.50588 0.49804 1.00000
v -9.96206 32.87598 -3.45158 0.49412 0.50588 0.49804 1.00000
v -7.55919 38.62774 -0.81325 0.49412 0.50588 0.49804 1.00000
v -9.85772 35.43157 -10.14878 0.49412 0.50588 0.49804 1.00000
v -7.45486 41.18332 -7.51046 0.49412 0.50588 0.49804 1.00000
v -8.93532 36.77123 -5.57976 0.49412 0.50588 0.49804 1.00000
v -9.96206 32.87598 -3.45158 0.49412 0.50588 0.49804 1.00000
v -7.55919 38.62774 -0.81325 0.49412 0.50588 0.49804 1.00000
v -17.75821 41.96494 -9.17899 0.49412 0.50588 0.49804 1.00000
v -20.15609 36.63863 -9.11590 0.49412 0.50588 0.49804 1.00000
v -17.29752 38.99222 -6.54804 0.49412 0.50588 0.49804 1.00000
v -17.02500 35.62559 -3.86632 0.49412 0.50588 0.49804 1.00000
v -14.62712 40.95189 -3.92941 0.49412 0.50588 0.49804 1.00000
v -20.15609 36.63863 -9.11590 0.49412 0.50588 0.49804 1.00000
v -17.75821 41.96494 -9.17899 0.49412 0.50588 0.49804 1.00000
v -17.29752 38.99222 -6.54804 0.49412 0.50588 0.49804 1.00000
v -17.02500 35.62559 -3.86632 0.49412 0.50588 0.49804 1.00000
v -14.62712 40.95189 -3.92941 0.49412 0.50588 0.49804 1.00000
v -25.04022 46.10104 -3.23385 0.49412 0.50588 0.49804 1.00000
v -26.98519 41.78332 -2.44939 0.49412 0.50588 0.49804 1.00000
v -23.81592 42.66125 -2.67620 0.49412 0.50588 0.49804 1.00000
v -22.43436 39.54829 -1.99948 0.49412 0.50588 0.49804 1.00000
v -20.48939 43.86601 -2.78395 0.49412 0.50588 0.49804 1.00000
v -26.98519 41.78332 -2.44939 0.49412 0.50588 0.49804 1.00000
v -25.04022 46.10104 -3.23385 0.49412 0.50588 0.49804 1.00000
v -23.81592 42.66125 -2.67620 0.49412 0.50588 0.49804 1.00000
v -22.43436 39.54829 -1.99948 0.49412 0.50588 0.49804 1.00000
v -20.48939 43.86601 -2.78395 0.49412 0.50588 0.49804 1.00000
v -12.81764 42.22548 -8.42656 0.49412 0.50588 0.49804 1.00000
v -17.09015 37.76006 -8.66069 0.49412 0.50588 0.49804 1.00000
v -13.57361 38.99527 -5.73588 0.49412 0.50588 0.49804 1.00000
v -14.63618 35.65554 -2.94738 0.49412 0.50588 0.49804 1.00000
v -10.36366 40.12095 -2.71325 0.49412 0.50588 0.49804 1.00000
v -17.09015 37.76006 -8.66069 0.49412 0.50588 0.49804 1.00000
v -12.81764 42.22548 -8.42656 0.49412 0.50588 0.49804 1.00000
v -13.57361 38.99527 -5.73588 0.49412 0.50588 0.49804 1.00000
v -14.63618 35.65554 -2.94738 0.49412 0.50588 0.49804 1.00000
v -10.36366 40.12095 -2.71325 0.49412 0.50588 0.49804 1.00000
v -19.74521 44.54557 2.12526 0.49412 0.50588 0.49804 1.00000
v -21.19340 40.13118 3.33243 0.49412 0.50588 0.49804 1.00000
v -18.39455 41.34022 1.61574 0.49412 0.50588 0.49804 1.00000
v -17.00795 38.48509 0.93875 0.49412 0.50588 0.49804 1.00000
v -15.55976 42.89946 -0.26842 0.49412 0.50588 0.49804 1.00000
v -21.19340 40.13118 3.33243 0.49412 0.50588 0.49804 1.00000
v -19.74521 44.54557 2.12526 0.49412 0.50588 0.49804 1.00000
v -18.39455 41.34022 1.61574 0.49412 0.50588 0.49804 1.00000
v -17.00795 38.48509 0.93875 0.49412 0.50588 0.49804 1.00000
v -15.55976 42.89946 -0.26842 0.49412 0.50588 0.49804 1.00000
v -12.40452 38.61666 3.60903 0.49412 0.50588 0.49804 1.00000
v -14.05081 32.37449 5.82928 0.49412 0.50588 0.49804 1.00000
v -9.88397 34.52330 5.72552 0.49412 0.50588 0.49804 1.00000
v -7.25690 30.90043 7.86694 0.49412 0.50588 0.49804 1.00000
v -5.61061 37.14259 5.64669 0.49412 0.50588 0.49804 1.00000
v -14.05081 32.37449 5.82928 0.49412 0.50588 0.49804 1.00000
v -12.40452 38.61666 3.60903 0.49412 0.50588 0.49804 1.00000
v -9.88397 34.52330 5.72552 0.49412 0.50588 0.49804 1.00000
v -7.25690 30.90043 7.86694 0.49412 0.50588 0.49804 1.00000
v -5.61061 37.14259 5.64669 0.49412 0.50588 0.49804 1.00000
v -9.27511 39.24379 11.38498 0.49412 0.50588 0.49804 1.00000
v -7.12443 33.88063 14.68304 0.49412 0.50588 0.49804 1.00000
v -6.26387 35.29141 10.36281 0.49412 0.50588 0.49804 1.00000
v -3.34211 31.83369 9.08799 0.49412 0.50588 0.49804 1.00000
v -5.49278 37.19686 5.78993 0.49412 0.50588 0.49804 1.00000
v -7.12443 33.88063 14.68304 0.49412 0.50588 0.49804 1.00000
v -9.27511 39.24379 11.38498 0.49412 0.50588 0.49804 1.00000
v -6.26387 35.29141 10.36281 0.49412 0.50588 0.49804 1.00000
v -3.34211 31.83369 9.08799 0.49412 0.50588 0.49804 1.00000
v -5.49278 37.19686 5.78993 0.49412 0.50588 0.49804 1.00000
v 0.39007 44.21040 16.66390 0.49412 0.50588 0.49804 1.00000
v 1.66180 39.76262 17.94547 0.49412 0.50588 0.49804 1.00000
v 0.31737 41.00365 15.06043 0.49412 0.50588 0.49804 1.00000
v 0.31305 37.60281 13.52817 0.49412 0.50588 0.49804 1.00000
v -0.95868 42.05059 12.24660 0.49412 0.50588 0.49804 1.00000
v 1.66180 39.76262 17.94547 0.49412 0.50588 0.49804 1.00000
v 0.39007 44.21040 16.66390 0.49412 0.50588 0.49804 1.00000
v 0.31737 41.00365 15.06043 0.49412 0.50588 0.49804 1.00000
v 0.31305 37.60281 13.52817 0.49412 0.50588 0.49804 1.00000
v -0.95868 42.05059 12.24660 0.49412 0.50588 0.49804 1.00000
v -8.02877 40.57273 9.80411 0.49412 0.50588 0.49804 1.00000
v -8.17226 34.63025 13.15850 0.49412 0.50588 0.49804 1.00000
v -4.84392 37.11930 9.96969 0.49412 0.50588 0.49804 1.00000
v -1.58671 33.17524 10.55079 0.49412 0.50588 0.49804 1.00000
v -1.44322 39.11772 7.19640 0.49412 0.50588 0.49804 1.00000
v -8.17226 34.63025 13.15850 0.49412 0.50588 0.49804 1.00000
v -8.02877 40.57273 9.80411 0.49412 0.50588 0.49804 1.00000
v -4.84392 37.11930 9.96969 0.49412 0.50588 0.49804 1.00000
v -1.58671 33.17524 10.55079 0.49412 0.50588 0.49804 1.00000
v -1.44322 39.11772 7.19640 0.49412 0.50588 0.49804 1.00000
v -5.96843 46.48269 20.26081 0.49412 0.50588 0.49804 1.00000
v -7.26146 42.61418 22.79213 0.49412 0.50588 0.49804 1.00000
v -5.17671 43.00068 20.08654 0.49412 0.50588 0.49804 1.00000
v -4.39725 39.94716 19.55877 0.49412 0.50588 0.49804 1.00000
v -3.10422 43.81567 17.02744 0.49412 0.50588 0.49804 1.00000
v -7.26146 42.61418 22.79213 0.49412 0.50588 0.49804 1.00000
v -5.96843 46.48269 20.26081 0.49412 0.50588 0.49804 1.00000
v -5.17671 43.00068 20.08654 0.49412 0.50588 0.49804 1.00000
v -4.39725 39.94716 19.55877 0.49412 0.50588 0.49804 1.00000
v -3.10422 43.81567 17.02744 0.49412 0.50588 0.49804 1.00000
v 0.76776 43.54421 14.44192 0.49412 0.50588 0.49804 1.00000
v 5.74633 39.93289 14.92366 0.49412 0.50588 0.49804 1.00000
v 2.12134 40.09747 12.08393 0.49412 0.50588 0.49804 1.00000
v 3.11977 36.82350 9.79926 0.49412 0.50588 0.49804 1.00000
v -1.85880 40.43482 9.31751 0.49412 0.50588 0.49804 1.00000
v 5.74633 39.93289 14.92366 0.49412 0.50588 0.49804 1.00000
v 0.76776 43.54421 14.44192 0.49412 0.50588 0.49804 1.00000
v 2.12134 40.09747 12.08393 0.49412 0.50588 0.49804 1.00000
v 3.11977 36.82350 9.79926 0.49412 0.50588 0.49804 1.00000
v -1.85880 40.43482 9.31751 0.49412 0.50588 0.49804 1.00000
v -4.24277 46.57294 14.48793 0.49412 0.50588 0.49804 1.00000
v -5.99970 44.33308 19.29634 0.49412 0.50588 0.49804 1.00000
v -2.63256 43.83057 16.85197 0.49412 0.50588 0.49804 1.00000
v -0.99715 41.16880 18.91916 0.49412 0.50588 0.49804 1.00000
v 0.75978 43.40865 14.11075 0.49412 0.50588 0.49804 1.00000
v -5.99970 44.33308 19.29634 0.49412 0.50588 0.49804 1.00000
v -4.24277 46.57294 14.48793 0.49412 0.50588 0.49804 1.00000
v -2.63256 43.83057 16.85197 0.49412 0.50588 0.49804 1.00000
v -0.99715 41.16880 18.91916 0.49412 0.50588 0.49804 1.00000
v 0.75978 43.40865 14.11075 0.49412 0.50588 0.49804 1.00000
v 4.94826 49.01368 22.99842 0.49412 0.50588 0.49804 1.00000
v 5.91437 44.34378 23.54560 0.49412 0.50588 0.49804 1.00000
v 4.19854 46.24594 21.07375 0.49412 0.50588 0.49804 1.00000
v 3.47058 43.02487 19.28633 0.49412 0.50588 0.49804 1.00000
v 2.50447 47.69477 18.73915 0.49412 0.50588 0.49804 1.00000
v 5.91437 44.34378 23.54560 0.49412 0.50588 0.49804 1.00000
v 4.94826 49.01368 22.99842 0.49412 0.50588 0.49804 1.00000
v 4.19854 46.24594 21.07375 0.49412 0.50588 0.49804 1.00000
v 3.47058 43.02487 19.28633 0.49412 0.50588 0.49804 1.00000
v 2.50447 47.69477 18.73915 0.49412 0.50588 0.49804 1.00000
v 8.55967 37.48264 5.95564 0.49412 0.50588 0.49804 1.00000
v 11.32118 31.19024 5.77877 0.49412 0.50588 0.49804 1.00000
v 7.99739 33.92794 2.79763 0.49412 0.50588 0.49804 1.00000
v 7.64071 29.95804 -0.40787 0.49412 0.50588 0.49804 1.00000
v 4.87920 36.25044 -0.23100 0.49412 0.50588 0.49804 1.00000
v 11.32118 31.19024 5.77877 0.49412 0.50588 0.49804 1.00000
v 8.55967 37.48264 5.95564 0.49412 0.50588 0.49804 1.00000
v 7.99739 33.92794 2.79763 0.49412 0.50588 0.49804 1.00000
v 7.64071 29.95804 -0.40787 0.49412 0.50588 0.49804 1.00000
v 4.87920 36.25044 -0.23100 0.49412 0.50588 0.49804 1.00000
v 20.09515 40.21323 9.16841 0.49412 0.50588 0.49804 1.00000
v 20.76018 35.46214 9.34310 0.49412 0.50588 0.49804 1.00000
v 18.68487 37.23656 7.49577 0.49412 0.50588 0.49804 1.00000
v 17.27079 34.58809 5.73602 0.49412 0.50588 0.49804 1.00000
v 16.60576 39.33918 5.56133 0.49412 0.50588 0.49804 1.00000
v 20.76018 35.46214 9.34310 0.49412 0.50588 0.49804 1.00000
v 20.09515 40.21323 9.16841 0.49412 0.50588 0.49804 1.00000
v 18.68487 37.23656 7.49577 0.49412 0.50588 0.49804 1.00000
v 17.27079 34.58809 5.73602 0.49412 0.50588 0.49804 1.00000
v 16.60576 39.33918 5.56133 0.49412 0.50588 0.49804 1.00000
v 10.35493 38.67190 -4.28836 0.49412 0.50588 0.49804 1.00000
v 9.19768 33.56985 -8.47187 0.49412 0.50588 0.49804 1.00000
v 7.10877 34.71385 -4.49444 0.49412 0.50588 0.49804 1.00000
v 3.82601 31.24348 -4.44583 0.49412 0.50588 0.49804 1.00000
v 4.98326 36.34553 -0.26232 0.49412 0.50588 0.49804 1.00000
v 9.19768 33.56985 -8.47187 0.49412 0.50588 0.49804 1.00000
v 10.35493 38.67190 -4.28836 0.49412 0.50588 0.49804 1.00000
v 7.10877 34.71385 -4.49444 0.49412 0.50588 0.49804 1.00000
v 3.82601 31.24348 -4.44583 0.49412 0.50588 0.49804 1.00000
v 4.98326 36.34553 -0.26232 0.49412 0.50588 0.49804 1.00000
v -4.83196 45.79317 -10.11890 0.49412 0.50588 0.49804 1.00000
v -8.37326 40.34532 -11.32839 0.49412 0.50588 0.49804 1.00000
v -6.85446 42.37549 -7.28364 0.49412 0.50588 0.49804 1.00000
v -9.02498 38.60482 -4.55697 0.49412 0.50588 0.49804 1.00000
v -5.48368 44.05267 -3.34748 0.49412 0.50588 0.49804 1.00000
v -8.37326 40.34532 -11.32839 0.49412 0.50588 0.49804 1.00000
v -4.83196 45.79317 -10.11890 0.49412 0.50588 0.49804 1.00000
v -6.85446 42.37549 -7.28364 0.49412 0.50588 0.49804 1.00000
v -9.02498 38.60482 -4.55697 0.49412 0.50588 0.49804 1.00000
v -5.48368 44.05267 -3.34748 0.49412 0.50588 0.49804 1.00000
v -11.99332 50.52865 -16.56598 0.49412 0.50588 0.49804 1.00000
v -12.83649 45.91813 -17.60328 0.49412 0.50588 0.49804 1.00000
v -12.08919 47.38952 -14.69855 0.49412 0.50588 0.49804 1.00000
v -12.25410 44.39695 -12.77026 0.49412 0.50588 0.49804 1.00000
v -11.41093 49.00748 -11.73296 0.49412 0.50588 0.49804 1.00000
v -12.83649 45.91813 -17.60328 0.49412 0.50588 0.49804 1.00000
v -11.99332 50.52865 -16.56598 0.49412 0.50588 0.49804 1.00000
v -12.08919 47.38952 -14.69855 0.49412 0.50588 0.49804 1.00000
v -12.25410 44.39695 -12.77026 0.49412 0.50588 0.49804 1.00000
v -11.41093 49.00748 -11.73296 0.49412 0.50588 0.49804 1.00000
v -10.92436 47.20085 -3.03519 0.49412 0.50588 0.49804 1.00000
v -13.63244 43.99459 1.87734 0.49412 0.50588 0.49804 1.00000
v -9.40397 43.74706 -0.17376 0.49412 0.50588 0.49804 1.00000
v -7.76713 40.45212 2.23195 0.49412 0.50588 0.49804 1.00000
v -5.05905 43.65838 -2.68059 0.49412 0.50588 0.49804 1.00000
v -13.63244 43.99459 1.87734 0.49412 0.50588 0.49804 1.00000
v -10.92436 47.20085 -3.03519 0.49412 0.50588 0.49804 1.00000
v -9.40397 43.74706 -0.17376 0.49412 0.50588 0.49804 1.00000
v -7.76713 40.45212 2.23195 0.49412 0.50588 0.49804 1.00000
v -5.05905 43.65838 -2.68059 0.49412 0.50588 0.49804 1.00000
v -10.49941 54.68558 1.67779 0.49412 0.50588 0.49804 1.00000
v -13.82635 52.95297 4.67305 0.49412 0.50588 0.49804 1.00000
v -11.03255 51.52392 3.20024 0.49412 0.50588 0.49804 1.00000
v -11.33373 48.52737 4.34465 0.49412 0.50588 0.49804 1.00000
v -8.00679 50.25998 1.34939 0.49412 0.50588 0.49804 1.00000
v -13.82635 52.95297 4.67305 0.49412 0.50588 0.49804 1.00000
v -10.49941 54.68558 1.67779 0.49412 0.50588 0.49804 1.00000
v -11.03255 51.52392 3.20024 0.49412 0.50588 0.49804 1.00000
v -11.33373 48.52737 4.34465 0.49412 0.50588 0.49804 1.00000
v -8.00679 50.25998 1.34939 0.49412 0.50588 0.49804 1.00000
v -9.96330 45.06515 7.75041 0.49412 0.50588 0.49804 1.00000
v -11.95835 39.98913 11.37604 0.49412 0.50588 0.49804 1.00000
v -7.87436 40.98745 9.03861 0.49412 0.50588 0.49804 1.00000
v -5.70704 37.19551 10.11166 0.49412 0.50588 0.49804 1.00000
v -3.71199 42.27153 6.48603 0.49412 0.50588 0.49804 1.00000
v -11.95835 39.98913 11.37604 0.49412 0.50588 0.49804 1.00000
v -9.96330 45.06515 7.75041 0.49412 0.50588 0.49804 1.00000
v -7.87436 40.98745 9.03861 0.49412 0.50588 0.49804 1.00000
v -5.70704 37.19551 10.11166 0.49412 0.50588 0.49804 1.00000
v -3.71199 42.27153 6.48603 0.49412 0.50588 0.49804 1.00000
v -4.90354 49.48254 17.69466 0.49412 0.50588 0.49804 1.00000
v -0.63047 46.01347 19.07448 0.49412 0.50588 0.49804 1.00000
v -3.21158 46.35377 15.74460 0.49412 0.50588 0.49804 1.00000
v -1.69667 43.32018 13.77774 0.49412 0.50588 0.49804 1.00000
v -5.96974 46.78925 12.39793 0.49412 0.50588 0.49804 1.00000
v -0.63047 46.01347 19.07448 0.49412 0.50588 0.49804 1.00000
v -4.90354 49.48254 17.69466 0.49412 0.50588 0.49804 1.00000
v -3.21158 46.35377 15.74460 0.49412 0.50588 0.49804 1.00000
v -1.69667 43.32018 13.77774 0.49412 0.50588 0.49804 1.00000
v -5.96974 46.78925 12.39793 0.49412 0.50588 0.49804 1.00000
v 1.55162 54.52538 16.69083 0.49412 0.50588 0.49804 1.00000
v 4.76450 51.11742 17.74158 0.49412 0.50588 0.49804 1.00000
v 1.67084 51.38811 15.72686 0.49412 0.50588 0.49804 1.00000
v 2.04303 47.96815 14.81153 0.49412 0.50588 0.49804 1.00000
v -1.16984 51.37611 13.76079 0.49412 0.50588 0.49804 1.00000
v 4.76450 51.11742 17.74158 0.49412 0.50588 0.49804 1.00000
v 1.55162 54.52538 16.69083 0.49412 0.50588 0.49804 1.00000
v 1.67084 51.38811 15.72686 0.49412 0.50588 0.49804 1.00000
v 2.04303 47.96815 14.81153 0.49412 0.50588 0.49804 1.00000
v -1.16984 51.37611 13.76079 0.49412 0.50588 0.49804 1.00000
v -11.58355 47.26518 10.37766 0.49412 0.50588 0.49804 1.00000
v -12.14139 43.75656 15.18779 0.49412 0.50588 0.49804 1.00000
v -8.83194 44.63788 12.33525 0.49412 0.50588 0.49804 1.00000
v -6.27446 41.44308 14.67364 0.49412 0.50588 0.49804 1.00000
v -5.71662 44.95171 9.86351 0.49412 0.50588 0.49804 1.00000
v -12.14139 43.75656 15.18779 0.49412 0.50588 0.49804 1.00000
v -11.58355 47.26518 10.37766 0.49412 0.50588 0.49804 1.00000
v -8.83194 44.63788 12.33525 0.49412 0.50588 0.49804 1.00000
v -6.27446 41.44308 14.67364 0.49412 0.50588 0.49804 1.00000
v -5.71662 44.95171 9.86351 0.49412 0.50588 0.49804 1.00000
v 0.65721 46.97085 9.81640 0.49412 0.50588 0.49804 1.00000
v 4.25374 42.10680 12.23623 0.49412 0.50588 0.49804 1.00000
v 3.53479 43.28866 7.99357 0.49412 0.50588 0.49804 1.00000
v 6.43955 40.01265 6.03061 0.49412 0.50588 0.49804 1.00000
v 2.84303 44.87671 3.61078 0.49412 0.50588 0.49804 1.00000
v 4.25374 42.10680 12.23623 0.49412 0.50588 0.49804 1.00000
v 0.65721 46.97085 9.81640 0.49412 0.50588 0.49804 1.00000
v 3.53479 43.28866 7.99357 0.49412 0.50588 0.49804 1.00000
v 6.43955 40.01265 6.03061 0.49412 0.50588 0.49804 1.00000
v 2.84303 44.87671 3.61078 0.49412 0.50588 0.49804 1.00000
v 10.48548 55.87540 10.48654 0.49412 0.50588 0.49804 1.00000
v 13.42548 53.21994 13.19747 0.49412 0.50588 0.49804 1.00000
v 11.36567 52.55580 10.35729 0.49412 0.50588 0.49804 1.00000
v 11.98217 49.41906 10.12906 0.49412 0.50588 0.49804 1.00000
v 9.04217 52.07453 7.41813 0.49412 0.50588 0.49804 1.00000
v 13.42548 53.21994 13.19747 0.49412 0.50588 0.49804 1.00000
v 10.48548 55.87540 10.48654 0.49412 0.50588 0.49804 1.00000
v 11.36567 52.55580 10.35729 0.49412 0.50588 0.49804 1.00000
v 11.98217 49.41906 10.12906 0.49412 0.50588 0.49804 1.00000
v 9.04217 52.07453 7.41813 0.49412 0.50588 0.49804 1.00000
v 9.89928 47.52479 1.82352 0.49412 0.50588 0.49804 1.00000
v 10.03747 43.07797 -2.73638 0.49412 0.50588 0.49804 1.00000
v 6.81203 44.40481 0.41039 0.49412 0.50588 0.49804 1.00000
v 3.83013 40.80682 -1.36454 0.49412 0.50588 0.49804 1.00000
v 3.69195 45.25364 3.19536 0.49412 0.50588 0.49804 1.00000
v 10.03747 43.07797 -2.73638 0.49412 0.50588 0.49804 1.00000
v 9.89928 47.52479 1.82352 0.49412 0.50588 0.49804 1.00000
v 6.81203 44.40481 0.41039 0.49412 0.50588 0.49804 1.00000
v 3.83013 40.80682 -1.36454 0.49412 0.50588 0.49804 1.00000
v 3.69195 45.25364 3.19536 0.49412 0.50588 0.49804 1.00000
v 9.37854 54.85318 -2.42358 0.49412 0.50588 0.49804 1.00000
v 11.50887 51.60721 -5.24624 0.49412 0.50588 0.49804 1.00000
v 8.87635 51.28397 -3.36057 0.49412 0.50588 0.49804 1.00000
v 8.13505 47.94182 -4.21290 0.49412 0.50588 0.49804 1.00000
v 6.00472 51.18778 -1.39024 0.49412 0.50588 0.49804 1.00000
v 11.50887 51.60721 -5.24624 0.49412 0.50588 0.49804 1.00000
v 9.37854 54.85318 -2.42358 0.49412 0.50588 0.49804 1.00000
v 8.87635 51.28397 -3.36057 0.49412 0.50588 0.49804 1.00000
v 8.13505 47.94182 -4.21290 0.49412 0.50588 0.49804 1.00000
v 6.00472 51.18778 -1.39024 0.49412 0.50588 0.49804 1.00000
v 7.85761 47.93042 0.14998 0.49412 0.50588 0.49804 1.00000
v 10.97162 43.23315 -3.24553 0.49412 0.50588 0.49804 1.00000
v 6.55140 44.02557 -2.80510 0.49412 0.50588 0.49804 1.00000
v 4.91271 40.66148 -5.52792 0.49412 0.50588 0.49804 1.00000
v 1.79870 45.35875 -2.13241 0.49412 0.50588 0.49804 1.00000
v 10.97162 43.23315 -3.24553 0.49412 0.50588 0.49804 1.00000
v 7.85761 47.93042 0.14998 0.49412 0.50588 0.49804 1.00000
v 6.55140 44.02557 -2.80510 0.49412 0.50588 0.49804 1.00000
v 4.91271 40.66148 -5.52792 0.49412 0.50588 0.49804 1.00000
v 1.79870 45.35875 -2.13241 0.49412 0.50588 0.49804 1.00000
v 3.27305 47.22403 -8.59959 0.49412 0.50588 0.49804 1.00000
v 0.44931 41.88465 -10.81603 0.49412 0.50588 0.49804 1.00000
v 1.31311 43.85373 -6.40588 0.49412 0.50588 0.49804 1.00000
v -0.96547 40.18416 -4.35508 0.49412 0.50588 0.49804 1.00000
v 1.85827 45.52354 -2.13864 0.49412 0.50588 0.49804 1.00000
v 0.44931 41.88465 -10.81603 0.49412 0.50588 0.49804 1.00000
v 3.27305 47.22403 -8.59959 0.49412 0.50588 0.49804 1.00000
v 1.31311 43.85373 -6.40588 0.49412 0.50588 0.49804 1.00000
v -0.96547 40.18416 -4.35508 0.49412 0.50588 0.49804 1.00000
v 1.85827 45.52354 -2.13864 0.49412 0.50588 0.49804 1.00000
v -5.78979 51.01321 -10.82373 0.49412 0.50588 0.49804 1.00000
v -6.94598 46.40861 -11.53293 0.49412 0.50588 0.49804 1.00000
v -5.27994 47.80127 -9.06176 0.49412 0.50588 0.49804 1.00000
v -4.80566 44.85675 -7.18039 0.49412 0.50588 0.49804 1.00000
v -3.64947 49.46135 -6.47119 0.49412 0.50588 0.49804 1.00000
v -6.94598 46.40861 -11.53293 0.49412 0.50588 0.49804 1.00000
v -5.78979 51.01321 -10.82373 0.49412 0.50588 0.49804 1.00000
v -5.27994 47.80127 -9.06176 0.49412 0.50588 0.49804 1.00000
v -4.80566 44.85675 -7.18039 0.49412 0.50588 0.49804 1.00000
v -3.64947 49.46135 -6.47119 0.49412 0.50588 0.49804 1.00000
v -11.58875 50.64846 5.57074 0.49412 0.50588 0.49804 1.00000
v -13.25893 45.51905 8.95980 0.49412 0.50588 0.49804 1.00000
v -9.28738 46.81799 7.46930 0.49412 0.50588 0.49804 1.00000
v -6.82863 43.45476 9.35054 0.49412 0.50588 0.49804 1.00000
v -5.15846 48.58417 5.96148 0.49412 0.50588 0.49804 1.00000
v -13.25893 45.51905 8.95980 0.49412 0.50588 0.49804 1.00000
v -11.58875 50.64846 5.57074 0.49412 0.50588 0.49804 1.00000
v -9.28738 46.81799 7.46930 0.49412 0.50588 0.49804 1.00000
v -6.82863 43.45476 9.35054 0.49412 0.50588 0.49804 1.00000
v -5.15846 48.58417 5.96148 0.49412 0.50588 0.49804 1.00000
v -12.85017 58.33411 12.95740 0.49412 0.50588 0.49804 1.00000
v -15.53079 55.26284 15.49213 0.49412 0.50588 0.49804 1.00000
v -12.35086 55.08990 13.75746 0.49412 0.50588 0.49804 1.00000
v -11.87230 51.80096 14.66109 0.49412 0.50588 0.49804 1.00000
v -9.19168 54.87223 12.12636 0.49412 0.50588 0.49804 1.00000
v -15.53079 55.26284 15.49213 0.49412 0.50588 0.49804 1.00000
v -12.85017 58.33411 12.95740 0.49412 0.50588 0.49804 1.00000
v -12.35086 55.08990 13.75746 0.49412 0.50588 0.49804 1.00000
v -11.87230 51.80096 14.66109 0.49412 0.50588 0.49804 1.00000
v -9.19168 54.87223 12.12636 0.49412 0.50588 0.49804 1.00000
v -5.41329 50.61624 12.47875 0.49412 0.50588 0.49804 1.00000
v -1.98914 45.60679 13.96619 0.49412 0.50588 0.49804 1.00000
v -3.48013 47.01265 10.09602 0.49412 0.50588 0.49804 1.00000
v -1.68716 43.69403 7.61251 0.49412 0.50588 0.49804 1.00000
v -5.11131 48.70348 6.12507 0.49412 0.50588 0.49804 1.00000
v -1.98914 45.60679 13.96619 0.49412 0.50588 0.49804 1.00000
v -5.41329 50.61624 12.47875 0.49412 0.50588 0.49804 1.00000
v -3.48013 47.01265 10.09602 0.49412 0.50588 0.49804 1.00000
v -1.68716 43.69403 7.61251 0.49412 0.50588 0.49804 1.00000
v -5.11131 48.70348 6.12507 0.49412 0.50588 0.49804 1.00000
v 2.84609 52.74844 8.48532 0.49412 0.50588 0.49804 1.00000
v 7.47973 48.94865 10.64598 0.49412 0.50588 0.49804 1.00000
v 4.93466 49.23810 6.59824 0.49412 0.50588 0.49804 1.00000
v 7.05312 45.84927 4.63638 0.49412 0.50588 0.49804 1.00000
v 2.41948 49.64906 2.47572 0.49412 0.50588 0.49804 1.00000
v 7.47973 48.94865 10.64598 0.49412 0.50588 0.49804 1.00000
v 2.84609 52.74844 8.48532 0.49412 0.50588 0.49804 1.00000
v 4.93466 49.23810 6.59824 0.49412 0.50588 0.49804 1.00000
v 7.05312 45.84927 4.63638 0.49412 0.50588 0.49804 1.00000
v 2.41948 49.64906 2.47572 0.49412 0.50588 0.49804 1.00000
v 9.74623 61.08406 7.56382 0.49412 0.50588 0.49804 1.00000
v 13.41092 58.85606 9.72005 0.49412 0.50588 0.49804 1.00000
v 11.07171 57.83098 7.33214 0.49412 0.50588 0.49804 1.00000
v 11.94780 54.75980 7.07406 0.49412 0.50588 0.49804 1.00000
v 8.28311 56.98780 4.91783 0.49412 0.50588 0.49804 1.00000
v 13.41092 58.85606 9.72005 0.49412 0.50588 0.49804 1.00000
v 9.74623 61.08406 7.56382 0.49412 0.50588 0.49804 1.00000
v 11.07171 57.83098 7.33214 0.49412 0.50588 0.49804 1.00000
v 11.94780 54.75980 7.07406 0.49412 0.50588 0.49804 1.00000
v 8.28311 56.98780 4.91783 0.49412 0.50588 0.49804 1.00000
v 12.25666 57.22685 3.44400 0.49412 0.50588 0.49804 1.00000
v 12.86316 53.49880 -0.26977 0.49412 0.50588 0.49804 1.00000
v 9.92091 54.63704 2.23599 0.49412 0.50588 0.49804 1.00000
v 7.60687 51.77606 0.71256 0.49412 0.50588 0.49804 1.00000
v 7.00038 55.50411 4.42633 0.49412 0.50588 0.49804 1.00000
v 12.86316 53.49880 -0.26977 0.49412 0.50588 0.49804 1.00000
v 12.25666 57.22685 3.44400 0.49412 0.50588 0.49804 1.00000
v 9.92091 54.63704 2.23599 0.49412 0.50588 0.49804 1.00000
v 7.60687 51.77606 0.71256 0.49412 0.50588 0.49804 1.00000
v 7.00038 55.50411 4.42633 0.49412 0.50588 0.49804 1.00000
v 9.95515 62.39425 -1.97146 0.49412 0.50588 0.49804 1.00000
v 11.19038 59.38412 -5.50045 0.49412 0.50588 0.49804 1.00000
v 9.41348 58.92728 -2.57390 0.49412 0.50588 0.49804 1.00000
v 8.88240 55.77442 -2.76373 0.49412 0.50588 0.49804 1.00000
v 7.64717 58.78455 0.76526 0.49412 0.50588 0.49804 1.00000
v 11.19038 59.38412 -5.50045 0.49412 0.50588 0.49804 1.00000
v 9.95515 62.39425 -1.97146 0.49412 0.50588 0.49804 1.00000
v 9.41348 58.92728 -2.57390 0.49412 0.50588 0.49804 1.00000
v 8.88240 55.77442 -2.76373 0.49412 0.50588 0.49804 1.00000
v 7.64717 58.78455 0.76526 0.49412 0.50588 0.49804 1.00000
v -1.85150 54.37590 4.01498 0.49412 0.50588 0.49804 1.00000
v -2.09337 51.92185 9.49526 0.49412 0.50588 0.49804 1.00000
v 0.85254 51.66991 6.62551 0.49412 0.50588 0.49804 1.00000
v 3.59936 49.13360 8.80132 0.49412 0.50588 0.49804 1.00000
v 3.84124 51.58765 3.32103 0.49412 0.50588 0.49804 1.00000
v -2.09337 51.92185 9.49526 0.49412 0.50588 0.49804 1.00000
v -1.85150 54.37590 4.01498 0.49412 0.50588 0.49804 1.00000
v 0.85254 51.66991 6.62551 0.49412 0.50588 0.49804 1.00000
v 3.59936 49.13360 8.80132 0.49412 0.50588 0.49804 1.00000
v 3.84124 51.58765 3.32103 0.49412 0.50588 0.49804 1.00000
v -6.59004 51.23123 -5.41046 0.49412 0.50588 0.49804 1.00000
v -10.80211 47.53153 -8.43945 0.49412 0.50588 0.49804 1.00000
v -9.40866 47.64058 -4.10002 0.49412 0.50588 0.49804 1.00000
v -11.62323 44.28519 -2.57911 0.49412 0.50588 0.49804 1.00000
v -7.41116 47.98490 0.44988 0.49412 0.50588 0.49804 1.00000
v -10.80211 47.53153 -8.43945 0.49412 0.50588 0.49804 1.00000
v -6.59004 51.23123 -5.41046 0.49412 0.50588 0.49804 1.00000
v -9.40866 47.64058 -4.10002 0.49412 0.50588 0.49804 1.00000
v -11.62323 44.28519 -2.57911 0.49412 0.50588 0.49804 1.00000
v -7.41116 47.98490 0.44988 0.49412 0.50588 0.49804 1.00000
v -17.65645 59.05346 -4.48066 0.49412 0.50588 0.49804 1.00000
v -20.38914 55.10830 -4.58733 0.49412 0.50588 0.49804 1.00000
v -17.22911 55.68612 -3.36588 0.49412 0.50588 0.49804 1.00000
v -16.93927 52.05743 -2.40490 0.49412 0.50588 0.49804 1.00000
v -14.20658 56.00259 -2.29822 0.49412 0.50588 0.49804 1.00000
v -20.38914 55.10830 -4.58733 0.49412 0.50588 0.49804 1.00000
v -17.65645 59.05346 -4.48066 0.49412 0.50588 0.49804 1.00000
v -17.22911 55.68612 -3.36588 0.49412 0.50588 0.49804 1.00000
v -16.93927 52.05743 -2.40490 0.49412 0.50588 0.49804 1.00000
v -14.20658 56.00259 -2.29822 0.49412 0.50588 0.49804 1.00000
v -10.50926 50.88067 6.07066 0.49412 0.50588 0.49804 1.00000
v -7.35511 46.31828 8.94886 0.49412 0.50588 0.49804 1.00000
v -7.62717 47.70774 4.57893 0.49412 0.50588 0.49804 1.00000
v -4.54583 44.14957 3.34989 0.49412 0.50588 0.49804 1.00000
v -7.69998 48.71195 0.47169 0.49412 0.50588 0.49804 1.00000
v -7.35511 46.31828 8.94886 0.49412 0.50588 0.49804 1.00000
v -10.50926 50.88067 6.07066 0.49412 0.50588 0.49804 1.00000
v -7.62717 47.70774 4.57893 0.49412 0.50588 0.49804 1.00000
v -4.54583 44.14957 3.34989 0.49412 0.50588 0.49804 1.00000
v -7.69998 48.71195 0.47169 0.49412 0.50588 0.49804 1.00000
v -7.25572 57.07371 7.74475 0.49412 0.50588 0.49804 1.00000
v -7.45736 54.08344 11.49428 0.49412 0.50588 0.49804 1.00000
v -6.52601 53.72816 8.06999 0.49412 0.50588 0.49804 1.00000
v -5.91350 50.53621 8.17263 0.49412 0.50588 0.49804 1.00000
v -5.71186 53.52648 4.42310 0.49412 0.50588 0.49804 1.00000
v -7.45736 54.08344 11.49428 0.49412 0.50588 0.49804 1.00000
v -7.25572 57.07371 7.74475 0.49412 0.50588 0.49804 1.00000
v -6.52601 53.72816 8.06999 0.49412 0.50588 0.49804 1.00000
v -5.91350 50.53621 8.17263 0.49412 0.50588 0.49804 1.00000
v -5.71186 53.52648 4.42310 0.49412 0.50588 0.49804 1.00000
v 4.96747 56.26200 3.40124 0.49412 0.50588 0.49804 1.00000
v 10.41154 53.55099 1.66952 0.49412 0.50588 0.49804 1.00000
v 6.01978 53.04029 0.28186 0.49412 0.50588 0.49804 1.00000
v 6.72281 49.95965 -2.64525 0.49412 0.50588 0.49804 1.00000
v 1.27874 52.67067 -0.91353 0.49412 0.50588 0.49804 1.00000
v 10.41154 53.55099 1.66952 0.49412 0.50588 0.49804 1.00000
v 4.96747 56.26200 3.40124 0.49412 0.50588 0.49804 1.00000
v 6.01978 53.04029 0.28186 0.49412 0.50588 0.49804 1.00000
v 6.72281 49.95965 -2.64525 0.49412 0.50588 0.49804 1.00000
v 1.27874 52.67067 -0.91353 0.49412 0.50588 0.49804 1.00000
v -3.14537 55.85839 -5.10898 0.49412 0.50588 0.49804 1.00000
v -7.05495 51.79560 -2.52085 0.49412 0.50588 0.49804 1.00000
v -2.82793 52.64026 -1.74537 0.49412 0.50588 0.49804 1.00000
v -2.63594 49.31729 1.69799 0.49412 0.50588 0.49804 1.00000
v 1.27365 53.38009 -0.89015 0.49412 0.50588 0.49804 1.00000
v -7.05495 51.79560 -2.52085 0.49412 0.50588 0.49804 1.00000
v -3.14537 55.85839 -5.10898 0.49412 0.50588 0.49804 1.00000
v -2.82793 52.64026 -1.74537 0.49412 0.50588 0.49804 1.00000
v -2.63594 49.31729 1.69799 0.49412 0.50588 0.49804 1.00000
v 1.27365 53.38009 -0.89015 0.49412 0.50588 0.49804 1.00000
v -4.90858 63.39183 -1.40534 0.49412 0.50588 0.49804 1.00000
v -8.83401 60.65625 -1.01934 0.49412 0.50588 0.49804 1.00000
v -5.64550 59.93441 -0.41875 0.49412 0.50588 0.49804 1.00000
v -6.21965 56.65749 0.75156 0.49412 0.50588 0.49804 1.00000
v -2.29423 59.39306 0.36556 0.49412 0.50588 0.49804 1.00000
v -8.83401 60.65625 -1.01934 0.49412 0.50588 0.49804 1.00000
v -4.90858 63.39183 -1.40534 0.49412 0.50588 0.49804 1.00000
v -5.64550 59.93441 -0.41875 0.49412 0.50588 0.49804 1.00000
v -6.21965 56.65749 0.75156 0.49412 0.50588 0.49804 1.00000
v -2.29423 59.39306 0.36556 0.49412 0.50588 0.49804 1.00000
v -10.83337 54.08097 -1.25600 0.49412 0.50588 0.49804 1.00000
v -15.24388 50.01854 0.75957 0.49412 0.50588 0.49804 1.00000
v -11.19392 50.82043 2.27575 0.49412 0.50588 0.49804 1.00000
v -11.45735 47.76117 5.83204 0.49412 0.50588 0.49804 1.00000
v -7.04684 51.82362 3.81647 0.49412 0.50588 0.49804 1.00000
v -15.24388 50.01854 0.75957 0.49412 0.50588 0.49804 1.00000
v -10.83337 54.08097 -1.25600 0.49412 0.50588 0.49804 1.00000
v -11.19392 50.82043 2.27575 0.49412 0.50588 0.49804 1.00000
v -11.45735 47.76117 5.83204 0.49412 0.50588 0.49804 1.00000
v -7.04684 51.82362 3.81647 0.49412 0.50588 0.49804 1.00000
v -13.96697 63.43818 6.64955 0.49412 0.50588 0.49804 1.00000
v -17.60454 61.66322 9.23040 0.49412 0.50588 0.49804 1.00000
v -14.57136 60.30436 7.94293 0.49412 0.50588 0.49804 1.00000
v -15.02514 57.26345 9.08056 0.49412 0.50588 0.49804 1.00000
v -11.38757 59.03841 6.49971 0.49412 0.50588 0.49804 1.00000
v -17.60454 61.66322 9.23040 0.49412 0.50588 0.49804 1.00000
v -13.96697 63.43818 6.64955 0.49412 0.50588 0.49804 1.00000
v -14.57136 60.30436 7.94293 0.49412 0.50588 0.49804 1.00000
v -15.02514 57.26345 9.08056 0.49412 0.50588 0.49804 1.00000
v -11.38757 59.03841 6.49971 0.49412 0.50588 0.49804 1.00000
v -0.32232 53.69237 1.67228 0.49412 0.50588 0.49804 1.00000
v -0.74365 48.60110 -1.85196 0.49412 0.50588 0.49804 1.00000
v -3.55328 50.46212 1.04982 0.49412 0.50588 0.49804 1.00000
v -6.75359 46.92828 0.28293 0.49412 0.50588 0.49804 1.00000
v -6.33225 52.01954 3.80717 0.49412 0.50588 0.49804 1.00000
v -0.74365 48.60110 -1.85196 0.49412 0.50588 0.49804 1.00000
v -0.32232 53.69237 1.67228 0.49412 0.50588 0.49804 1.00000
v -3.55328 50.46212 1.04982 0.49412 0.50588 0.49804 1.00000
v -6.75359 46.92828 0.28293 0.49412 0.50588 0.49804 1.00000
v -6.33225 52.01954 3.80717 0.49412 0.50588 0.49804 1.00000
v 6.42481 57.62766 -0.13893 0.49412 0.50588 0.49804 1.00000
v 8.90940 53.99603 -4.66969 0.49412 0.50588 0.49804 1.00000
v 4.54678 54.59766 -2.66704 0.49412 0.50588 0.49804 1.00000
v 2.77988 51.46045 -5.64875 0.49412 0.50588 0.49804 1.00000
v 0.29530 55.09209 -1.11798 0.49412 0.50588 0.49804 1.00000
v 8.90940 53.99603 -4.66969 0.49412 0.50588 0.49804 1.00000
v 6.42481 57.62766 -0.13893 0.49412 0.50588 0.49804 1.00000
v 4.54678 54.59766 -2.66704 0.49412 0.50588 0.49804 1.00000
v 2.77988 51.46045 -5.64875 0.49412 0.50588 0.49804 1.00000
v 0.29530 55.09209 -1.11798 0.49412 0.50588 0.49804 1.00000
v 6.72633 66.38354 -5.86014 0.49412 0.50588 0.49804 1.00000
v 9.55735 63.70171 -8.65946 0.49412 0.50588 0.49804 1.00000
v 6.38723 63.22285 -6.91445 0.49412 0.50588 0.49804 1.00000
v 6.20672 59.89055 -8.14904 0.49412 0.50588 0.49804 1.00000
v 3.37570 62.57239 -5.34972 0.49412 0.50588 0.49804 1.00000
v 9.55735 63.70171 -8.65946 0.49412 0.50588 0.49804 1.00000
v 6.72633 66.38354 -5.86014 0.49412 0.50588 0.49804 1.00000
v 6.38723 63.22285 -6.91445 0.49412 0.50588 0.49804 1.00000
v 6.20672 59.89055 -8.14904 0.49412 0.50588 0.49804 1.00000
v 3.37570 62.57239 -5.34972 0.49412 0.50588 0.49804 1.00000
v 3.64576 57.16188 3.44663 0.49412 0.50588 0.49804 1.00000
v 5.61383 51.44017 4.34689 0.49412 0.50588 0.49804 1.00000
v 3.08431 53.38313 1.17854 0.49412 0.50588 0.49804 1.00000
v 2.32486 49.91579 -1.05388 0.49412 0.50588 0.49804 1.00000
v 0.35679 55.63750 -1.95413 0.49412 0.50588 0.49804 1.00000
v 5.61383 51.44017 4.34689 0.49412 0.50588 0.49804 1.00000
v 3.64576 57.16188 3.44663 0.49412 0.50588 0.49804 1.00000
v 3.08431 53.38313 1.17854 0.49412 0.50588 0.49804 1.00000
v 2.32486 49.91579 -1.05388 0.49412 0.50588 0.49804 1.00000
v 0.35679 55.63750 -1.95413 0.49412 0.50588 0.49804 1.00000
v 8.74264 62.16391 1.89169 0.49412 0.50588 0.49804 1.00000
v 12.05372 58.86738 2.99209 0.49412 0.50588 0.49804 1.00000
v 9.30547 58.65718 1.07646 0.49412 0.50588 0.49804 1.00000
v 9.63268 55.37548 0.17262 0.49412 0.50588 0.49804 1.00000
v 6.32161 58.67201 -0.92778 0.49412 0.50588 0.49804 1.00000
v 12.05372 58.86738 2.99209 0.49412 0.50588 0.49804 1.00000
v 8.74264 62.16391 1.89169 0.49412 0.50588 0.49804 1.00000
v 9.30547 58.65718 1.07646 0.49412 0.50588 0.49804 1.00000
v 9.63268 55.37548 0.17262 0.49412 0.50588 0.49804 1.00000
v 6.32161 58.67201 -0.92778 0.49412 0.50588 0.49804 1.00000
v 6.61483 58.09518 -7.79779 0.49412 0.50588 0.49804 1.00000
v 5.84107 52.59460 -6.88830 0.49412 0.50588 0.49804 1.00000
v 3.91278 56.03110 -5.56368 0.49412 0.50588 0.49804 1.00000
v 1.30203 53.51178 -3.11468 0.49412 0.50588 0.49804 1.00000
v 2.07580 59.01236 -4.02418 0.49412 0.50588 0.49804 1.00000
v 5.84107 52.59460 -6.88830 0.49412 0.50588 0.49804 1.00000
v 6.61483 58.09518 -7.79779 0.49412 0.50588 0.49804 1.00000
v 3.91278 56.03110 -5.56368 0.49412 0.50588 0.49804 1.00000
v 1.30203 53.51178 -3.11468 0.49412 0.50588 0.49804 1.00000
v 2.07580 59.01236 -4.02418 0.49412 0.50588 0.49804 1.00000
# Normals
vn 0.74710 0.08703 -0.65899
vn 0.74777 0.08619 -0.65788
vn 0.92263 0.10026 -0.37027
vn 0.92351 0.09798 -0.37085
vn -0.10332 -0.03158 0.99415
vn -0.10398 -0.02834 0.99237
vn -0.77222 -0.08904 0.62892
vn -0.77286 -0.08888 0.62833
vn 0.49325 0.02923 0.86940
vn 0.49287 0.02621 0.86811
vn 0.74777 0.08619 -0.65788
vn 0.74710 0.08703 -0.65899
vn 0.75738 0.07084 -0.64114
vn 0.90841 0.13457 -0.36396
vn -0.11339 0.02224 0.96276
vn -0.76325 -0.09199 0.63737
vn 0.48386 -0.02218 0.84649
vn 0.75738 0.07084 -0.64114
vn 0.79760 -0.00825 -0.56546
vn 0.84743 0.27958 -0.34408
vn -0.14868 0.25227 0.81752
vn -0.72392 -0.10426 0.67439
vn 0.42735 -0.24214 0.74688
vn 0.79760 -0.00825 -0.56546
vn 0.88667 -0.28820 -0.36160
vn 0.67820 0.65023 -0.34242
vn -0.22560 0.91543 0.33332
vn -0.63297 -0.13459 0.76239
vn 0.18052 -0.87917 0.44099
vn 0.88667 -0.28820 -0.36160
vn 0.77559 -0.45637 -0.43610
vn 0.66720 0.61051 -0.42676
vn -0.12938 0.95988 0.24878
vn -0.68496 -0.12951 0.71697
vn -0.16025 -0.94387 0.28885
vn 0.77559 -0.45637 -0.43610
vn 0.46294 -0.77313 -0.43353
vn 0.70937 0.55221 -0.43802
vn 0.04779 0.98339 0.17510
vn -0.74759 0.04503 0.66263
vn -0.49716 -0.82801 0.25930
vn 0.46294 -0.77313 -0.43353
vn 0.30153 -0.89074 -0.34009
vn 0.83033 0.20317 -0.51892
vn 0.27380 0.96147 -0.02485
vn -0.74003 0.30474 0.59958
vn -0.66548 -0.66818 0.33267
vn 0.30153 -0.89074 -0.34009
vn 0.20560 -0.94672 -0.24789
vn 0.85669 -0.14394 -0.49533
vn 0.53618 0.84064 -0.07639
vn -0.66441 0.57207 0.48094
vn -0.85020 -0.40452 0.33694
vn 0.20560 -0.94672 -0.24789
vn -0.15866 -0.95905 -0.23463
vn 0.86182 -0.34824 -0.36877
vn 0.81421 0.57948 0.03559
vn -0.54788 0.72521 0.41702
vn -0.96707 -0.07197 0.24414
vn -0.15866 -0.95905 -0.23463
vn -0.61496 -0.72536 -0.30933
vn 0.59576 -0.70046 -0.39298
vn 0.98391 0.15223 0.09356
vn -0.04668 0.85822 0.51115
vn -0.84424 0.47930 0.23987
vn -0.61496 -0.72536 -0.30933
vn -0.78039 -0.62528 -0.00325
vn 0.46174 -0.87333 -0.15521
vn 0.99806 0.06205 0.00573
vn 0.04970 0.98424 0.16971
vn -0.81673 0.56028 0.13799
vn -0.78039 -0.62528 -0.00325
vn -0.83919 -0.53497 -0.09781
vn 0.19683 -0.97713 -0.08049
vn 0.94617 -0.31627 0.06874
vn 0.39772 0.90541 0.14850
vn -0.65400 0.75649 0.00198
vn -0.83919 -0.53497 -0.09781
vn -0.93839 -0.30275 -0.16662
vn -0.07224 -0.99703 0.02679
vn 0.80189 -0.51524 0.30248
vn 0.66321 0.74344 0.08635
vn -0.34404 0.90132 -0.26319
vn -0.93839 -0.30275 -0.16662
vn -0.94238 0.05187 -0.33049
vn -0.34434 -0.88834 0.30379
vn 0.62040 -0.52281 0.58461
vn 0.82285 0.56286 0.07818
vn -0.10527 0.86510 -0.49043
vn -0.94238 0.05187 -0.33049
vn -0.48568 -0.70289 0.51968
vn 0.87264 0.47556 0.11110
vn -0.48123 0.56713 -0.66841
vn -0.43659 -0.02306 -0.89936
vn -0.43380 -0.02363 -0.89954
vn -0.11732 0.01243 -0.99194
vn -0.11845 0.00995 -0.99291
vn 0.48521 0.02835 0.87394
vn 0.48387 0.03161 0.87242
vn -0.22736 -0.04334 0.97235
vn -0.22931 -0.04338 0.97239
vn 0.98171 0.09202 0.16664
vn 0.98084 0.08912 0.16612
vn -0.43380 -0.02363 -0.89954
vn -0.43659 -0.02306 -0.89936
vn -0.39197 -0.03444 -0.90182
vn -0.10333 0.05000 -0.97768
vn 0.46150 0.08179 0.84784
vn -0.19859 -0.04333 0.97187
vn 0.96470 0.04237 0.15981
vn -0.39197 -0.03444 -0.90182
vn -0.20818 -0.09026 -0.90876
vn -0.04848 0.21022 -0.91891
vn 0.35311 0.30649 0.72866
vn -0.07316 -0.04363 0.96956
vn 0.88227 -0.17092 0.14296
vn -0.20818 -0.09026 -0.90876
vn 0.28378 -0.28973 -0.91407
vn 0.05110 0.62610 -0.77807
vn -0.01090 0.93753 0.34773
vn 0.24540 -0.04825 0.96822
vn 0.58845 -0.79455 0.14969
vn 0.28378 -0.28973 -0.91407
vn 0.27100 -0.42083 -0.86572
vn -0.04968 0.58755 -0.80766
vn -0.20984 0.94687 0.24372
vn 0.15388 -0.07063 0.98556
vn 0.40527 -0.85857 0.31401
vn 0.27100 -0.42083 -0.86572
vn 0.38507 -0.68610 -0.61724
vn -0.04732 0.56847 -0.82135
vn -0.30168 0.95044 0.07521
vn -0.09265 0.03404 0.99512
vn 0.18887 -0.82141 0.53815
vn 0.38507 -0.68610 -0.61724
vn 0.37594 -0.80777 -0.45407
vn 0.21550 0.31877 -0.92301
vn -0.15614 0.97743 -0.14230
vn -0.33109 0.19055 0.92416
vn -0.11110 -0.69130 0.71397
vn 0.37594 -0.80777 -0.45407
vn 0.13745 -0.97048 -0.19820
vn 0.36157 0.06190 -0.93029
vn 0.12608 0.96583 -0.22643
vn -0.32528 0.48289 0.81302
vn -0.30731 -0.39607 0.86527
vn 0.13745 -0.97048 -0.19820
vn -0.21309 -0.97603 0.04424
vn 0.27261 -0.34932 -0.89647
vn 0.37475 0.78393 -0.49500
vn -0.07535 0.70605 0.70414
vn -0.35470 -0.16737 0.91988
vn -0.21309 -0.97603 0.04424
vn -0.17171 -0.97411 0.14709
vn 0.29649 -0.42329 -0.85610
vn 0.37350 0.67911 -0.63191
vn -0.10232 0.82365 0.55778
vn -0.40768 0.03292 0.91253
vn -0.17171 -0.97411 0.14709
vn -0.23409 -0.88593 0.40040
vn 0.38182 -0.62834 -0.67780
vn 0.53654 0.39673 -0.74481
vn -0.11978 0.93407 0.33641
vn -0.50454 0.25648 0.82442
vn -0.23409 -0.88593 0.40040
vn -0.38292 -0.74149 0.55097
vn 0.42508 -0.81662 -0.39044
vn 0.71761 0.01326 -0.69632
vn -0.00639 0.99974 -0.02169
vn -0.64525 0.54639 0.53395
vn -0.38292 -0.74149 0.55097
vn -0.62474 -0.47528 0.61952
vn 0.45695 -0.88863 0.03909
vn 0.90129 0.03615 -0.43170
vn 0.10635 0.90445 -0.41310
vn -0.73936 0.67331 -0.00088
vn -0.62474 -0.47528 0.61952
vn -0.78376 -0.32893 0.52680
vn 0.34043 -0.78345 0.51991
vn 0.97921 -0.00613 -0.20275
vn 0.23498 0.76667 -0.59750
vn -0.69415 0.66325 -0.27974
vn -0.78376 -0.32893 0.52680
vn 0.27274 -0.69024 0.67021
vn 0.29143 0.70895 -0.64222
vn -0.97676 0.14542 0.15749
vn -0.78494 -0.06312 -0.61635
vn -0.78328 -0.06370 -0.61749
vn -0.43575 -0.02052 -0.89887
vn -0.43599 -0.02300 -0.89966
vn 0.99112 0.09847 -0.08940
vn 0.98851 0.10158 -0.08786
vn 0.69436 0.05193 0.71768
vn 0.69395 0.05205 0.71814
vn 0.77555 0.08906 -0.62497
vn 0.77497 0.08619 -0.62423
vn -0.78328 -0.06370 -0.61749
vn -0.78494 -0.06312 -0.61635
vn -0.75830 -0.07437 -0.63416
vn -0.43469 0.01697 -0.88524
vn 0.94715 0.14905 -0.06472
vn 0.70041 0.04927 0.71097
vn 0.76495 0.04012 -0.61020
vn -0.75830 -0.07437 -0.63416
vn -0.64697 -0.12747 -0.70562
vn -0.43575 0.17803 -0.82383
vn 0.75385 0.35930 0.03392
vn 0.72751 0.03582 0.68075
vn 0.71901 -0.16918 -0.53455
vn -0.64697 -0.12747 -0.70562
vn -0.34252 -0.30699 -0.88794
vn -0.48253 0.60215 -0.63606
vn 0.15214 0.94038 0.30420
vn 0.79031 -0.01235 0.61258
vn 0.57556 -0.77751 -0.25339
vn -0.34252 -0.30699 -0.88794
vn -0.31323 -0.42139 -0.85107
vn -0.53842 0.58210 -0.60931
vn 0.00932 0.95111 0.30872
vn 0.71686 -0.05880 0.69474
vn 0.47191 -0.88122 0.02747
vn -0.31323 -0.42139 -0.85107
vn -0.20088 -0.72785 -0.65565
vn -0.46543 0.58068 -0.66797
vn 0.00376 0.98907 0.14737
vn 0.54535 0.02998 0.83767
vn 0.33297 -0.85862 0.38976
vn -0.20088 -0.72785 -0.65565
vn -0.30852 -0.84606 -0.43474
vn -0.46417 0.29891 -0.83378
vn -0.00930 0.98913 -0.14677
vn 0.51347 0.22369 0.82844
vn 0.30760 -0.75511 0.57896
vn -0.30852 -0.84606 -0.43474
vn -0.39114 -0.87917 -0.27217
vn -0.62014 0.01256 -0.78439
vn -0.13007 0.93249 -0.33696
vn 0.61281 0.44026 0.65623
vn 0.50616 -0.58814 0.63079
vn -0.39114 -0.87917 -0.27217
vn -0.16598 -0.98609 0.00921
vn -0.71816 -0.23272 -0.65581
vn -0.39251 0.73476 -0.55323
vn 0.62635 0.67374 0.39212
vn 0.69095 -0.26692 0.67182
vn -0.16598 -0.98609 0.00921
vn 0.25726 -0.96275 0.08330
vn -0.58573 -0.38288 -0.71437
vn -0.52091 0.65526 -0.54707
vn 0.33584 0.84293 0.42033
vn 0.59335 0.05941 0.80275
vn 0.25726 -0.96275 0.08330
vn 0.58065 -0.78298 0.22314
vn -0.13676 -0.55107 -0.82317
vn -0.49795 0.48085 -0.72168
vn -0.12341 0.86706 0.48267
vn 0.32186 0.11427 0.93986
vn 0.58065 -0.78298 0.22314
vn 0.65162 -0.70951 0.26831
vn 0.26996 -0.57195 -0.77460
vn -0.38094 0.20892 -0.90069
vn -0.52351 0.80329 0.28402
vn 0.06023 0.20580 0.97674
vn 0.65162 -0.70951 0.26831
vn 0.61192 -0.63535 0.47104
vn 0.41625 -0.65577 -0.62984
vn -0.23921 0.07813 -0.96782
vn -0.65146 0.75814 0.02881
vn -0.14285 0.37086 0.91764
vn 0.61192 -0.63535 0.47104
vn 0.42275 -0.50798 0.75050
vn 0.50173 -0.70015 -0.50800
vn -0.02992 0.10737 -0.99377
vn -0.56333 0.80740 -0.17540
vn -0.25984 0.44033 0.85941
vn 0.42275 -0.50798 0.75050
vn 0.57809 -0.66839 -0.46805
vn -0.41180 0.87581 -0.25176
vn -0.05864 -0.02151 0.99805
vn -0.92285 -0.03285 0.38377
vn -0.92296 -0.03358 0.38142
vn -0.99548 -0.04981 0.06694
vn -0.99632 -0.05234 0.06792
vn 0.67751 0.00201 -0.73551
vn 0.67658 0.00541 -0.73349
vn 0.99814 0.05478 -0.01627
vn 0.99837 0.05503 -0.01498
vn -0.25430 -0.06122 -0.96519
vn -0.25336 -0.06363 -0.96429
vn -0.92296 -0.03358 0.38142
vn -0.92285 -0.03285 0.38377
vn -0.92427 -0.04637 0.34670
vn -0.98274 -0.01071 0.05572
vn 0.66167 0.05732 -0.70096
vn 0.99475 0.05003 -0.03524
vn -0.23791 -0.10285 -0.94776
vn -0.92427 -0.04637 0.34670
vn -0.92831 -0.10708 0.19549
vn -0.92802 0.15939 0.01417
vn 0.58942 0.28783 -0.54874
vn 0.97939 0.02636 -0.11902
vn -0.16224 -0.28296 -0.86435
vn -0.92831 -0.10708 0.19549
vn -0.93303 -0.29774 -0.20202
vn -0.78295 0.62085 -0.03908
vn 0.36196 0.93006 -0.06297
vn 0.94320 -0.05358 -0.32789
vn 0.08388 -0.81448 -0.57410
vn -0.93303 -0.29774 -0.20202
vn -0.89829 -0.39250 -0.19754
vn -0.78612 0.61557 0.05548
vn 0.31312 0.94198 0.12097
vn 0.97152 -0.10424 -0.21279
vn 0.23534 -0.90532 -0.35357
vn -0.89829 -0.39250 -0.19754
vn -0.70774 -0.67116 -0.22057
vn -0.77199 0.63552 -0.01230
vn 0.21153 0.97460 0.07351
vn 0.99869 -0.03514 0.03725
vn 0.42570 -0.90429 -0.03236
vn -0.70774 -0.67116 -0.22057
vn -0.62614 -0.77928 -0.02597
vn -0.90138 0.39746 -0.17185
vn 0.03471 0.99252 -0.11708
vn 0.98426 0.11834 0.13129
vn 0.61320 -0.76935 0.17913
vn -0.62614 -0.77928 -0.02597
vn -0.39336 -0.90939 0.13519
vn -0.97636 0.18831 -0.10612
vn -0.07844 0.97310 -0.21664
vn 0.93641 0.35016 -0.02292
vn 0.83112 -0.54984 0.08322
vn -0.39336 -0.90939 0.13519
vn -0.09292 -0.97414 0.20597
vn -0.98001 -0.11727 0.16070
vn -0.40713 0.90629 -0.11349
vn 0.80327 0.52578 -0.27986
vn 0.90861 -0.40638 -0.09630
vn -0.09292 -0.97414 0.20597
vn -0.06605 -0.99728 -0.03261
vn -0.98226 -0.18468 0.03237
vn -0.50828 0.86118 -0.00346
vn 0.74564 0.66533 -0.03686
vn 0.96893 -0.24725 -0.00689
vn -0.06605 -0.99728 -0.03261
vn 0.18047 -0.97767 -0.10764
vn -0.90883 -0.36156 -0.20811
vn -0.70515 0.68782 -0.17225
vn 0.60347 0.78540 0.13774
vn 0.96169 -0.08908 0.25924
vn 0.18047 -0.97767 -0.10764
vn 0.37538 -0.92641 -0.02915
vn -0.70034 -0.52402 -0.48469
vn -0.80830 0.42436 -0.40814
vn 0.26957 0.91623 0.29641
vn 0.81287 0.14027 0.56530
vn 0.37538 -0.92641 -0.02915
vn 0.59576 -0.79141 0.13690
vn -0.40405 -0.63811 -0.65541
vn -0.71510 0.44926 -0.53553
vn -0.10068 0.94037 0.32491
vn 0.53755 0.32968 0.77611
vn 0.59576 -0.79141 0.13690
vn 0.67967 -0.69219 0.24275
vn -0.05636 -0.70949 -0.70245
vn -0.67423 0.21395 -0.70685
vn -0.33215 0.88968 0.31329
vn 0.35635 0.41805 0.83561
vn 0.67967 -0.69219 0.24275
vn 0.74112 -0.59141 0.31776
vn 0.04979 -0.73875 -0.67214
vn -0.58830 -0.02310 -0.80831
vn -0.48608 0.85984 0.15618
vn 0.36701 0.47229 0.80140
vn 0.74112 -0.59141 0.31776
vn 0.05144 -0.74833 -0.66133
vn -0.48815 0.87267 0.01239
vn 0.65495 0.10897 0.74777
vn -0.62109 -0.07737 0.77991
vn -0.62207 -0.07804 0.77853
vn -0.88906 -0.09370 0.44601
vn -0.88964 -0.09632 0.44639
vn 0.02915 0.02446 -0.99928
vn 0.02957 0.02775 -0.99725
vn 0.72258 0.08488 -0.68583
vn 0.72337 0.08529 -0.68517
vn -0.70935 -0.05389 -0.70279
vn -0.70815 -0.05651 -0.70223
vn -0.62207 -0.07804 0.77853
vn -0.62109 -0.07737 0.77991
vn -0.63588 -0.09023 0.75800
vn -0.87833 -0.05345 0.44272
vn 0.03645 0.07835 -0.96424
vn 0.71121 0.07834 -0.69537
vn -0.68682 -0.09866 -0.69223
vn -0.63588 -0.09023 0.75800
vn -0.69407 -0.15103 0.66676
vn -0.82909 0.12039 0.43407
vn 0.06626 0.30453 -0.80612
vn 0.66087 0.04853 -0.73733
vn -0.57926 -0.29034 -0.64458
vn -0.69407 -0.15103 0.66676
vn -0.83315 -0.35449 0.42450
vn -0.66945 0.58585 0.45675
vn 0.16082 0.94179 -0.29523
vn 0.53986 -0.03914 -0.84084
vn -0.21123 -0.84711 -0.48764
vn -0.83315 -0.35449 0.42450
vn -0.77675 -0.46603 0.42365
vn -0.63143 0.57249 0.52303
vn 0.19854 0.96821 -0.15214
vn 0.63085 -0.06572 -0.77312
vn 0.07547 -0.92139 -0.38125
vn -0.77675 -0.46603 0.42365
vn -0.61326 -0.73917 0.27845
vn -0.68148 0.57809 0.44877
vn 0.10948 0.99087 -0.07868
vn 0.80212 0.03630 -0.59606
vn 0.40666 -0.87067 -0.27671
vn -0.61326 -0.73917 0.27845
vn -0.51361 -0.83614 0.19257
vn -0.88302 0.30887 0.35337
vn -0.09266 0.99543 0.02321
vn 0.89034 0.21041 -0.40376
vn 0.59485 -0.77417 -0.21638
vn -0.51361 -0.83614 0.19257
vn -0.46741 -0.87222 0.14410
vn -0.94750 0.03595 0.31774
vn -0.27924 0.95414 0.10791
vn 0.85550 0.42191 -0.30017
vn 0.72745 -0.61885 -0.29639
vn -0.46741 -0.87222 0.14410
vn -0.18761 -0.98190 0.02612
vn -0.91177 -0.18406 0.36715
vn -0.54762 0.79947 0.24689
vn 0.68744 0.65301 -0.31782
vn 0.83988 -0.33800 -0.42469
vn -0.18761 -0.98190 0.02612
vn 0.03297 -0.99011 -0.13635
vn -0.91421 -0.26702 0.30482
vn -0.58003 0.78766 0.20772
vn 0.61448 0.76680 -0.18557
vn 0.95271 -0.11816 -0.27997
vn 0.03297 -0.99011 -0.13635
vn 0.27463 -0.95104 -0.14179
vn -0.88425 -0.46700 0.00372
vn -0.74632 0.66493 -0.02959
vn 0.52549 0.85075 0.00918
vn 0.99882 -0.04317 0.02237
vn 0.27463 -0.95104 -0.14179
vn 0.29569 -0.95348 -0.05870
vn -0.74596 -0.61873 -0.24640
vn -0.88796 0.41862 -0.19049
vn 0.25982 0.95700 0.12899
vn 0.95802 0.10120 0.26823
vn 0.29569 -0.95348 -0.05870
vn 0.47407 -0.87747 -0.07281
vn -0.59402 -0.73322 -0.33095
vn -0.94272 0.26535 -0.20214
vn -0.00361 0.97488 0.22271
vn 0.88337 0.30355 0.35709
vn 0.47407 -0.87747 -0.07281
vn 0.76375 -0.63004 -0.14049
vn -0.46252 -0.73746 -0.49217
vn -0.96099 0.10922 -0.25409
vn -0.21081 0.90665 0.36543
vn 0.78739 0.38650 0.48025
vn 0.76375 -0.63004 -0.14049
vn 0.83737 -0.51856 -0.17294
vn -0.17541 -0.67095 -0.72046
vn -0.88904 0.02350 -0.45722
vn -0.41860 0.77667 0.47070
vn 0.69141 0.35852 0.62723
vn 0.83737 -0.51856 -0.17294
vn -0.05035 -0.57515 -0.81649
vn -0.46059 0.76830 0.44448
vn 0.92068 -0.15562 0.35794
vn 0.42337 0.17486 0.88892
vn 0.42089 0.17425 0.88927
vn 0.17850 0.18783 0.96524
vn 0.18011 0.18654 0.96580
vn -0.93915 0.05322 0.33937
vn -0.93677 0.05662 0.33728
vn -0.09880 -0.18632 -0.97717
vn -0.09804 -0.18773 -0.97732
vn -0.32236 -0.18128 -0.92910
vn -0.32330 -0.18234 -0.92817
vn -0.76976 0.10823 0.62787
vn -0.76974 0.11053 0.62872
vn 0.42337 0.17486 0.88892
vn 0.42089 0.17425 0.88927
vn 0.38406 0.16468 0.89453
vn 0.15875 0.21114 0.95533
vn -0.89530 0.10916 0.30500
vn -0.10920 -0.16415 -0.97511
vn -0.33678 -0.19932 -0.91403
vn -0.76673 0.06846 0.61464
vn 0.38406 0.16468 0.89453
vn 0.22911 0.12251 0.91826
vn 0.08093 0.31994 0.90782
vn -0.69577 0.34077 0.16438
vn -0.15294 -0.06511 -0.96597
vn -0.38880 -0.27834 -0.85398
vn -0.74558 -0.11557 0.55408
vn 0.22911 0.12251 0.91826
vn -0.15845 0.01520 0.98725
vn -0.06097 0.64371 0.76284
vn -0.04344 0.97632 -0.21194
vn -0.23112 0.20926 -0.95016
vn -0.48335 -0.51539 -0.70764
vn -0.63785 -0.67329 0.37394
vn -0.15845 0.01520 0.98725
vn -0.16256 -0.10674 0.98091
vn 0.07508 0.65981 0.74767
vn 0.20669 0.95561 -0.20997
vn -0.08468 0.18069 -0.97989
vn -0.30680 -0.60112 -0.73792
vn -0.55334 -0.75755 0.34631
vn -0.16256 -0.10674 0.98091
vn -0.25922 -0.33649 0.90531
vn 0.08682 0.72951 0.67844
vn 0.21382 0.96407 -0.15766
vn 0.13227 0.22759 -0.96473
vn -0.02196 -0.62657 -0.77906
vn -0.31928 -0.94194 0.10398
vn -0.25922 -0.33649 0.90531
vn -0.20034 -0.43612 0.87731
vn -0.11203 0.56736 0.81582
vn 0.03699 0.99782 -0.05470
vn 0.19694 0.31269 -0.92922
vn 0.15064 -0.44010 -0.88522
vn -0.13097 -0.98912 0.06704
vn -0.20034 -0.43612 0.87731
vn -0.02009 -0.69421 0.71949
vn -0.17980 0.42183 0.88867
vn -0.17170 0.98316 -0.06264
vn 0.06471 0.49319 -0.86751
vn 0.13281 -0.24783 -0.95966
vn 0.08113 -0.99378 -0.07623
vn -0.02009 -0.69421 0.71949
vn 0.14054 -0.70445 0.69570
vn -0.16016 0.26632 0.95048
vn -0.25636 0.95983 0.11402
vn -0.10051 0.52994 -0.84206
vn 0.00487 -0.14133 -0.98995
vn 0.16585 -0.96099 -0.22136
vn 0.14054 -0.70445 0.69570
vn 0.24687 -0.80539 0.53889
vn 0.17270 0.11519 0.97822
vn -0.13148 0.90436 0.40602
vn -0.34356 0.68600 -0.64138
vn -0.24371 -0.01212 -0.96977
vn 0.09616 -0.89827 -0.42879
vn 0.24687 -0.80539 0.53889
vn 0.06066 -0.94993 0.30652
vn 0.05302 -0.02613 0.99825
vn -0.01282 0.84440 0.53556
vn -0.12499 0.79182 -0.59783
vn -0.13337 0.04155 -0.99019
vn -0.02868 -0.87097 -0.49049
vn 0.06066 -0.94993 0.30652
vn 0.11719 -0.94199 0.31451
vn 0.16511 -0.10922 0.98021
vn 0.12051 0.67105 0.73155
vn -0.10913 0.91080 -0.39816
vn -0.18818 0.18921 -0.96374
vn -0.06851 -0.75582 -0.65119
vn 0.11719 -0.94199 0.31451
vn 0.02886 -0.99034 0.13560
vn 0.20170 -0.23144 0.95171
vn 0.07328 0.73115 0.67827
vn -0.08181 0.97353 -0.21341
vn -0.14986 0.48710 -0.86039
vn -0.11228 -0.67859 -0.72588
vn 0.02886 -0.99034 0.13560
vn -0.00189 -0.99723 -0.07441
vn -0.01927 -0.43838 0.89858
vn -0.10929 0.55034 0.82776
vn -0.01838 0.99251 -0.12080
vn 0.08621 0.57364 -0.81456
vn -0.00288 -0.58015 -0.81450
vn -0.00189 -0.99723 -0.07441
vn 0.05629 -0.97601 -0.21032
vn -0.26036 -0.67022 0.69499
vn -0.40478 0.24945 0.87973
vn 0.01662 0.99985 -0.00496
vn 0.32385 0.67576 -0.66216
vn 0.27874 -0.39157 -0.87691
vn 0.05629 -0.97601 -0.21032
vn 0.16721 -0.91519 -0.36669
vn -0.48384 -0.73078 0.48152
vn -0.66103 0.24451 0.70941
vn -0.07313 0.96623 0.24708
vn 0.48881 0.82373 -0.28728
vn 0.60160 -0.21224 -0.77008
vn 0.16721 -0.91519 -0.36669
vn 0.14909 -0.86619 -0.47696
vn -0.62130 -0.76561 0.16682
vn -0.79305 0.22649 0.56549
vn -0.06674 0.94737 0.31309
vn 0.46363 0.88154 -0.08912
vn 0.78953 -0.00212 -0.61371
vn 0.14909 -0.86619 -0.47696
vn -0.65707 -0.75377 -0.00937
vn -0.03490 0.94695 0.31948
vn 0.79997 0.11266 -0.58937
vn 0.94865 0.06803 0.30891
vn 0.94746 0.06750 0.31069
vn 0.91583 0.07193 0.39342
vn 0.91709 0.07034 0.39242
vn -0.71903 -0.00630 0.69495
vn -0.71721 -0.00256 0.69291
vn -0.83746 -0.07186 -0.54115
vn -0.83718 -0.07316 -0.54202
vn -0.93220 -0.06937 -0.35524
vn -0.93219 -0.07051 -0.35406
vn -0.27575 0.02921 0.96011
vn -0.27586 0.03139 0.96068
vn 0.94865 0.06803 0.30891
vn 0.94746 0.06750 0.31069
vn 0.92945 0.05850 0.33726
vn 0.89797 0.09804 0.40554
vn -0.68675 0.05492 0.65826
vn -0.84081 -0.05062 -0.52940
vn -0.93166 -0.08871 -0.33676
vn -0.27229 -0.00901 0.94798
vn 0.92945 0.05850 0.33726
vn 0.85353 0.01446 0.45001
vn 0.82199 0.21527 0.45293
vn -0.54052 0.30758 0.49604
vn -0.85292 0.04691 -0.47989
vn -0.92670 -0.17276 -0.26769
vn -0.25502 -0.18650 0.88573
vn 0.85353 0.01446 0.45001
vn 0.66826 -0.11883 0.73438
vn 0.64488 0.54428 0.53655
vn -0.06699 0.99767 -0.01282
vn -0.86315 0.32917 -0.38292
vn -0.89962 -0.41801 -0.12633
vn -0.19107 -0.72770 0.65875
vn 0.66826 -0.11883 0.73438
vn 0.65776 -0.26485 0.70513
vn 0.72664 0.53463 0.43147
vn 0.10628 0.96973 -0.21982
vn -0.79934 0.32640 -0.50450
vn -0.85125 -0.46519 -0.24285
vn -0.16803 -0.80408 0.57028
vn 0.65776 -0.26485 0.70513
vn 0.45494 -0.43003 0.77981
vn 0.74625 0.57919 0.32810
vn 0.27538 0.90392 -0.32724
vn -0.63236 0.37309 -0.67892
vn -0.78791 -0.45696 -0.41278
vn -0.32126 -0.89123 0.32016
vn 0.45494 -0.43003 0.77981
vn 0.34349 -0.34098 0.87507
vn 0.72866 0.41908 0.54169
vn 0.45108 0.85346 -0.26101
vn -0.42723 0.36274 -0.82819
vn -0.69482 -0.31781 -0.64515
vn -0.39682 -0.86732 0.30050
vn 0.34349 -0.34098 0.87507
vn 0.20492 -0.42878 0.87986
vn 0.61354 0.27739 0.73934
vn 0.45901 0.88453 -0.08320
vn -0.23417 0.44324 -0.86527
vn -0.59690 -0.24940 -0.76257
vn -0.40000 -0.85252 0.33646
vn 0.20492 -0.42878 0.87986
vn 0.09969 -0.59331 0.79878
vn 0.52282 0.28967 0.80172
vn 0.40407 0.90382 0.14081
vn -0.18496 0.51057 -0.83971
vn -0.52928 -0.26832 -0.80490
vn -0.46498 -0.88405 0.04740
vn 0.09969 -0.59331 0.79878
vn 0.00952 -0.80095 0.59866
vn 0.39657 0.04044 0.91711
vn 0.26084 0.90566 0.33429
vn -0.14284 0.78329 -0.60502
vn -0.33943 -0.10343 -0.93493
vn -0.33781 -0.92596 -0.16878
vn 0.00952 -0.80095 0.59866
vn -0.14576 -0.83655 0.52815
vn 0.01324 0.06073 0.99807
vn 0.13418 0.89532 0.42472
vn 0.10934 0.73017 -0.67446
vn -0.04930 0.02707 -0.99842
vn -0.24374 -0.91591 -0.31890
vn -0.14576 -0.83655 0.52815
vn 0.01464 -0.89044 0.45486
vn 0.05912 -0.06535 0.99611
vn 0.12277 0.75116 0.64860
vn 0.02654 0.88784 -0.45939
vn -0.12326 0.09913 -0.98741
vn -0.12099 -0.88859 -0.44246
vn 0.01464 -0.89044 0.45486
vn 0.08947 -0.93784 0.33533
vn 0.24768 -0.19565 0.94888
vn 0.23891 0.68478 0.68848
vn -0.03658 0.96052 -0.27581
vn -0.28820 0.30283 -0.90842
vn -0.13911 -0.84710 -0.51290
vn 0.08947 -0.93784 0.33533
vn -0.00337 -0.99670 0.08108
vn 0.36938 -0.23867 0.89811
vn 0.34657 0.58548 0.73287
vn -0.05070 0.98496 -0.16520
vn -0.41062 0.30893 -0.85788
vn -0.32439 -0.66273 -0.67495
vn -0.00337 -0.99670 0.08108
vn -0.02618 -0.99966 -0.00081
vn 0.35128 -0.41829 0.83764
vn 0.35222 0.38019 0.85521
vn -0.01181 0.99880 -0.04748
vn -0.34277 0.42106 -0.83977
vn -0.35819 -0.56782 -0.74113
vn -0.02618 -0.99966 -0.00081
vn -0.00657 -0.99010 -0.14018
vn 0.17399 -0.62604 0.76013
vn 0.10527 0.31926 0.94180
vn -0.01990 0.99962 -0.01917
vn -0.10804 0.61774 -0.77893
vn -0.20605 -0.44921 -0.86934
vn -0.00657 -0.99010 -0.14018
vn 0.00639 -0.95298 -0.30297
vn -0.10954 -0.68566 0.71963
vn -0.21426 0.31727 0.92381
vn -0.05911 0.98270 0.17554
vn 0.09309 0.73216 -0.67474
vn 0.10091 -0.26721 -0.95834
vn 0.00639 -0.95298 -0.30297
vn -0.34717 -0.65503 0.67113
vn -0.14369 0.95552 0.25755
vn 0.27376 -0.21222 -0.93809
vn -0.32051 -0.14527 -0.93604
vn -0.31047 -0.14723 -0.93455
vn 0.29472 -0.06586 -0.94629
vn 0.29823 -0.07720 -0.95137
vn -0.24485 0.08491 0.96584
vn -0.24484 0.09015 0.96410
vn 0.36136 0.13734 0.91577
vn 0.35924 0.14794 0.92144
vn -0.32051 -0.14527 -0.93604
vn -0.31047 -0.14723 -0.93455
vn -0.15929 -0.18205 -0.90971
vn 0.23831 0.10261 -0.87270
vn -0.24564 0.17256 0.93536
vn 0.38404 -0.02513 0.83512
vn -0.15929 -0.18205 -0.90971
vn 0.49153 -0.36690 -0.78980
vn -0.02996 0.81872 -0.57341
vn -0.27676 0.55234 0.78634
vn 0.43213 -0.73962 0.51597
vn 0.49153 -0.36690 -0.78980
vn 0.51689 -0.47178 -0.71432
vn -0.09306 0.78520 -0.61221
vn -0.45205 0.56809 0.68769
vn 0.32096 -0.77185 0.54885
vn 0.51689 -0.47178 -0.71432
vn 0.55658 -0.65392 -0.51245
vn -0.11006 0.73678 -0.66712
vn -0.52465 0.65474 0.54411
vn 0.10719 -0.66957 0.73497
vn 0.55658 -0.65392 -0.51245
vn 0.43668 -0.82079 -0.36825
vn 0.01919 0.51583 -0.85648
vn -0.41625 0.83738 0.35430
vn 0.02840 -0.54825 0.83583
vn 0.43668 -0.82079 -0.36825
vn 0.27676 -0.94604 -0.16857
vn 0.24957 0.16179 -0.95475
vn -0.20015 0.97968 0.01278
vn -0.18206 -0.31632 0.93102
vn 0.27676 -0.94604 -0.16857
vn 0.40004 -0.90980 0.11063
vn 0.51682 0.21822 -0.82782
vn -0.32587 0.93171 -0.16040
vn -0.47306 -0.28926 0.83219
vn 0.40004 -0.90980 0.11063
vn 0.36688 -0.81275 0.45258
vn 0.68620 0.04303 -0.72614
vn -0.36490 0.82410 -0.43325
vn -0.61046 -0.11266 0.78399
vn 0.36688 -0.81275 0.45258
vn 0.33727 -0.68839 0.64216
vn 0.82993 -0.04750 -0.55584
vn -0.34994 0.71801 -0.60167
vn -0.78908 0.01706 0.61405
vn 0.33727 -0.68839 0.64216
vn 0.90677 0.06725 -0.41624
vn -0.87195 -0.02888 0.48874
vn -0.99098 -0.10173 0.08720
vn -0.98819 -0.10536 0.07984
vn -0.76670 -0.14693 -0.61238
vn -0.76916 -0.15898 -0.61897
vn 0.86862 0.15299 0.47126
vn 0.86752 0.15837 0.46809
vn 0.97557 0.08081 -0.17604
vn 0.98079 0.09061 -0.17272
vn -0.99098 -0.10173 0.08720
vn -0.98819 -0.10536 0.07984
vn -0.94293 -0.16598 -0.03047
vn -0.73388 0.03111 -0.51192
vn 0.84686 0.24393 0.42169
vn 0.90075 -0.06903 -0.21608
vn -0.94293 -0.16598 -0.03047
vn -0.72896 -0.47033 -0.49740
vn -0.62389 0.77925 -0.05936
vn 0.72010 0.64792 0.24831
vn 0.60321 -0.72174 -0.33947
vn -0.72896 -0.47033 -0.49740
vn -0.68186 -0.62229 -0.38448
vn -0.68713 0.72630 0.01843
vn 0.64209 0.70819 0.29357
vn 0.63709 -0.73217 -0.24093
vn -0.68186 -0.62229 -0.38448
vn -0.52482 -0.82150 -0.22295
vn -0.73745 0.67468 0.03135
vn 0.54796 0.81420 0.19188
vn 0.79571 -0.60279 -0.05903
vn -0.52482 -0.82150 -0.22295
vn -0.31163 -0.94988 0.02484
vn -0.94497 0.31422 -0.09104
vn 0.22729 0.97107 -0.07320
vn 0.91364 -0.40067 0.06876
vn -0.31163 -0.94988 0.02484
vn 0.13162 -0.97174 -0.19597
vn -0.95428 0.20998 -0.21274
vn 0.09994 0.97156 0.21469
vn 0.95322 -0.23104 0.19493
vn 0.13162 -0.97174 -0.19597
vn 0.37109 -0.82810 -0.42017
vn -0.93926 -0.01993 -0.34262
vn -0.20907 0.86290 0.46011
vn 0.96048 -0.02226 0.27744
vn 0.37109 -0.82810 -0.42017
vn 0.54470 -0.72141 -0.42764
vn -0.83483 -0.08057 -0.54458
vn -0.46924 0.73593 0.48808
vn 0.85553 0.06353 0.51385
vn 0.54470 -0.72141 -0.42764
vn 0.60599 -0.74166 -0.28761
vn -0.59085 -0.01117 -0.80671
vn -0.48869 0.77982 0.39122
vn 0.63063 0.00168 0.77608
vn 0.60599 -0.74166 -0.28761
vn -0.38721 0.07252 -0.91913
vn 0.48463 -0.07812 0.87122
vn -0.75584 -0.04833 0.65297
vn -0.75698 -0.05275 0.64912
vn -0.52736 -0.04053 -0.83087
vn -0.53560 -0.05333 -0.84279
vn 0.64024 0.03781 -0.76724
vn 0.63699 0.03143 -0.76756
vn -0.75698 -0.05275 0.64912
vn -0.75584 -0.04833 0.65297
vn -0.77212 -0.12260 0.59162
vn -0.40659 0.15142 -0.64877
vn 0.59631 -0.05708 -0.77241
vn -0.77212 -0.12260 0.59162
vn -0.82489 -0.44979 0.34242
vn 0.10103 0.97744 0.18546
vn 0.48052 -0.38171 -0.78955
vn -0.82489 -0.44979 0.34242
vn -0.76842 -0.53762 0.34711
vn 0.08405 0.95520 0.28376
vn 0.62365 -0.26227 -0.73639
vn -0.76842 -0.53762 0.34711
vn -0.68068 -0.72022 0.13401
vn -0.03216 0.94754 0.31802
vn 0.81831 -0.12747 -0.56047
vn -0.68068 -0.72022 0.13401
vn -0.54984 -0.83116 -0.08278
vn -0.56536 0.72589 0.39173
vn 0.91527 0.32211 -0.24191
vn -0.54984 -0.83116 -0.08278
vn -0.43089 -0.85029 -0.30222
vn -0.59003 0.70807 0.38795
vn 0.96338 0.25994 -0.06574
vn -0.43089 -0.85029 -0.30222
vn -0.17455 -0.93241 -0.31645
vn -0.74229 0.62100 0.25173
vn 0.90592 0.41610 0.07854
vn -0.17455 -0.93241 -0.31645
vn 0.06852 -0.97817 -0.19617
vn -0.85418 0.51532 -0.06947
vn 0.85665 0.46221 0.22917
vn 0.06852 -0.97817 -0.19617
vn -0.86099 0.44432 -0.24754
vn 0.81352 -0.56172 0.15051
vn 0.36305 0.04140 0.93085
vn 0.35349 0.03722 0.93000
vn -0.92263 -0.06395 -0.33495
vn -0.93763 -0.07676 -0.33905
vn 0.04895 -0.01085 -0.99874
vn 0.04456 -0.01718 -0.99623
vn 0.35349 0.03722 0.93000
vn 0.36305 0.04140 0.93085
vn 0.21419 -0.02375 0.91967
vn -0.69786 0.12818 -0.27724
vn -0.01893 -0.11152 -0.95976
vn 0.21419 -0.02375 0.91967
vn -0.36602 -0.26792 0.89121
vn 0.29711 0.95390 -0.04230
vn -0.26793 -0.51541 -0.81398
vn -0.36602 -0.26792 0.89121
vn -0.38630 -0.27679 0.87986
vn 0.31644 0.94654 -0.06265
vn -0.03155 -0.54148 -0.84012
vn -0.38630 -0.27679 0.87986
vn -0.32727 -0.49220 0.80662
vn 0.17632 0.98284 -0.05416
vn 0.12354 -0.46489 -0.87671
vn -0.32727 -0.49220 0.80662
vn -0.09687 -0.66068 0.74439
vn 0.08617 0.92877 0.36049
vn -0.00716 -0.01996 -0.99977
vn -0.09687 -0.66068 0.74439
vn -0.39036 -0.77470 0.49745
vn 0.10108 0.92509 0.36605
vn 0.29878 -0.06726 -0.95195
vn -0.39036 -0.77470 0.49745
vn -0.61106 -0.77845 0.14364
vn -0.06392 0.86271 0.50164
vn 0.71361 -0.02094 -0.70023
vn -0.61106 -0.77845 0.14364
vn -0.59803 -0.79976 -0.05239
vn -0.28883 0.79195 0.53795
vn 0.86026 0.10825 -0.49823
vn -0.59803 -0.79976 -0.05239
vn -0.33060 0.76374 0.55444
vn 0.30566 -0.73501 -0.60526
vn 0.96891 0.08220 -0.23334
vn 0.96577 0.08046 -0.22185
vn -0.76625 -0.00302 0.61676
vn -0.77646 -0.01424 0.63000
vn -0.96250 -0.13602 -0.23472
vn -0.96025 -0.14178 -0.22973
vn 0.96577 0.08046 -0.22185
vn 0.96891 0.08220 -0.23334
vn 0.92162 0.05648 -0.05247
vn -0.62035 0.16443 0.41565
vn -0.92709 -0.22836 -0.15885
vn 0.92162 0.05648 -0.05247
vn 0.74831 -0.02378 0.66292
vn -0.01522 0.87310 -0.48730
vn -0.78646 -0.60679 0.11525
vn 0.74831 -0.02378 0.66292
vn 0.73593 -0.02576 0.67656
vn -0.04482 0.84374 -0.53488
vn -0.73827 -0.67045 -0.07389
vn 0.73593 -0.02576 0.67656
vn 0.69640 -0.23061 0.67959
vn -0.08757 0.88445 -0.45834
vn -0.72765 -0.64552 -0.23201
vn 0.69640 -0.23061 0.67959
vn 0.74042 -0.42107 0.52390
vn 0.23752 0.93526 -0.26243
vn -0.91940 -0.27844 -0.27782
vn 0.74042 -0.42107 0.52390
vn 0.52681 -0.57486 0.62610
vn 0.16410 0.97717 -0.13496
vn -0.77630 -0.34838 -0.52534
vn 0.52681 -0.57486 0.62610
vn 0.33676 -0.69586 0.63432
vn 0.26403 0.96301 0.05380
vn -0.65831 -0.22825 -0.71731
vn 0.33676 -0.69586 0.63432
vn 0.19932 -0.75789 0.62119
vn 0.33527 0.91377 0.22939
vn -0.55682 -0.07027 -0.82765
vn 0.19932 -0.75789 0.62119
vn 0.38392 0.88844 0.25157
vn -0.42954 -0.87583 -0.22004
vn 0.76128 0.04885 -0.64658
vn 0.76349 0.04468 -0.64084
vn 0.08148 0.03288 0.98300
vn 0.08498 0.02107 0.99616
vn -0.86228 -0.05867 0.50302
vn -0.85743 -0.06541 0.50476
vn 0.76349 0.04468 -0.64084
vn 0.76128 0.04885 -0.64658
vn 0.79571 -0.01975 -0.55614
vn 0.03045 0.21013 0.78335
vn -0.79231 -0.16146 0.52961
vn 0.79571 -0.01975 -0.55614
vn 0.92993 -0.30905 -0.19931
vn -0.17990 0.97699 -0.11459
vn -0.56724 -0.53740 0.62405
vn 0.92993 -0.30905 -0.19931
vn 0.90249 -0.36847 -0.22302
vn -0.16268 0.96804 -0.19085
vn -0.70042 -0.47185 0.53550
vn 0.90249 -0.36847 -0.22302
vn 0.84511 -0.52862 -0.07961
vn -0.11650 0.95901 -0.25830
vn -0.81598 -0.39245 0.42446
vn 0.84511 -0.52862 -0.07961
vn 0.80790 -0.58289 0.08679
vn 0.08204 0.94824 -0.30678
vn -0.92714 -0.29140 0.23556
vn 0.80790 -0.58289 0.08679
vn 0.69184 -0.72055 0.04645
vn 0.43714 0.84551 -0.30662
vn -0.97123 0.07230 0.22692
vn 0.69184 -0.72055 0.04645
vn 0.53677 -0.81051 0.23441
vn 0.43154 0.89169 -0.13663
vn -0.99672 0.00198 -0.08089
vn 0.53677 -0.81051 0.23441
vn 0.34072 -0.86759 0.36223
vn 0.56601 0.82245 -0.05659
vn -0.97177 0.01033 -0.23572
vn 0.34072 -0.86759 0.36223
vn 0.58164 0.80808 0.09327
vn -0.50834 -0.86041 0.03594
vn -0.88477 -0.08234 0.45870
vn -0.88690 -0.09140 0.40988
vn 0.25189 0.23498 -0.85659
vn 0.26438 0.19201 -0.94511
vn 0.99919 -0.00611 -0.03970
vn 0.98445 -0.03672 -0.06310
vn -0.88690 -0.09140 0.40988
vn -0.88477 -0.08234 0.45870
vn -0.92140 -0.23074 -0.31270
vn 0.06779 0.87695 0.47578
vn 0.79608 -0.47321 -0.37727
vn -0.92140 -0.23074 -0.31270
vn -0.87118 -0.21679 -0.44052
vn 0.05758 0.87736 0.47637
vn 0.84238 -0.53474 -0.06668
vn -0.87118 -0.21679 -0.44052
vn -0.69189 -0.40571 -0.59723
vn -0.24811 0.90969 0.33301
vn 0.90527 -0.32160 0.27760
vn -0.69189 -0.40571 -0.59723
vn -0.59415 -0.47653 -0.64800
vn -0.18677 0.94680 0.26208
vn 0.81751 -0.40439 0.41006
vn -0.59415 -0.47653 -0.64800
vn -0.60977 -0.59033 -0.52886
vn -0.22407 0.97454 -0.00838
vn 0.81265 -0.34117 0.47245
vn -0.60977 -0.59033 -0.52886
vn -0.19329 0.96949 -0.15076
vn 0.06595 -0.99769 0.01610
vn -0.12605 -0.08221 0.98861
vn -0.15089 -0.10376 0.97290
vn -0.74688 0.13650 -0.53473
vn -0.81378 0.08137 -0.57545
vn 0.38634 0.06634 -0.91997
vn 0.36250 0.03262 -0.91753
vn -0.15089 -0.10376 0.97290
vn -0.12605 -0.08221 0.98861
vn -0.51655 -0.44307 0.73271
vn 0.25369 0.96155 0.10515
vn 0.04831 -0.42168 -0.90546
vn -0.51655 -0.44307 0.73271
vn -0.55551 -0.48311 0.67677
vn 0.27154 0.94232 0.19571
vn 0.23423 -0.33463 -0.91277
vn -0.55551 -0.48311 0.67677
vn -0.64710 -0.62905 0.43076
vn 0.12070 0.86861 0.48058
vn 0.51957 -0.08085 -0.85059
vn -0.64710 -0.62905 0.43076
vn -0.70821 -0.66576 0.23497
vn -0.06629 0.93979 0.33527
vn 0.77232 -0.21279 -0.59854
vn -0.70821 -0.66576 0.23497
vn -0.13912 0.91073 0.38886
vn 0.00078 -0.93543 -0.35351
vn 0.85590 -0.07732 0.51133
vn 0.84001 -0.09954 0.52133
vn -0.65346 0.02790 0.65674
vn -0.70307 -0.03592 0.71021
vn -0.88636 0.07370 -0.45709
vn -0.88211 0.03751 -0.44562
vn 0.84001 -0.09954 0.52133
vn 0.85590 -0.07732 0.51133
vn 0.60112 -0.44621 0.66299
vn 0.11263 0.98399 -0.13814
vn -0.83114 -0.45731 -0.31634
vn 0.60112 -0.44621 0.66299
vn 0.48412 -0.47347 0.73584
vn 0.39733 0.91669 -0.04263
vn -0.78267 -0.16859 -0.59917
vn 0.48412 -0.47347 0.73584
vn 0.25791 -0.50933 0.82102
vn 0.37280 0.92237 -0.10127
vn -0.60207 -0.37112 -0.70695
vn 0.25791 -0.50933 0.82102
vn 0.17050 -0.60588 0.77707
vn 0.32819 0.94450 0.01448
vn -0.53526 -0.34527 -0.77090
vn 0.17050 -0.60588 0.77707
vn 0.30738 0.95111 0.02995
vn -0.35230 -0.93516 -0.03697
vn 0.88409 0.00771 -0.46725
vn 0.88900 -0.00825 -0.43123
vn 0.05815 -0.02922 0.90322
vn 0.07074 -0.09007 0.99342
vn -0.96200 0.01234 0.27278
vn -0.94727 -0.01989 0.28498
vn 0.88900 -0.00825 -0.43123
vn 0.88409 0.00771 -0.46725
vn 0.96659 -0.23889 0.09295
vn -0.15062 0.88393 -0.44270
vn -0.72713 -0.50924 0.46039
vn 0.96659 -0.23889 0.09295
vn 0.96224 -0.22168 0.15793
vn -0.17723 0.86768 -0.46445
vn -0.74892 -0.55565 0.36107
vn 0.96224 -0.22168 0.15793
vn 0.92405 -0.32487 0.20148
vn 0.09572 0.81726 -0.56826
vn -0.90324 -0.32009 0.28584
vn 0.92405 -0.32487 0.20148
vn 0.86053 -0.34446 0.37527
vn -0.04889 0.91469 -0.40119
vn -0.81129 -0.58023 0.07175
vn 0.86053 -0.34446 0.37527
vn -0.05060 0.91932 -0.39025
vn 0.01475 -0.90693 0.42102
vn -0.53100 0.17919 -0.82821
vn -0.49346 0.16276 -0.83857
vn 0.82542 -0.03865 0.41845
vn 0.90026 -0.10066 0.42356
vn 0.23301 -0.20048 0.95158
vn 0.24903 -0.22976 0.92708
vn -0.49346 0.16276 -0.83857
vn -0.53100 0.17919 -0.82821
vn 0.05424 -0.07872 -0.99542
vn -0.29972 0.88992 0.34381
vn 0.46983 -0.66158 0.58444
vn 0.05424 -0.07872 -0.99542
vn 0.01541 -0.09684 -0.99518
vn -0.33234 0.87763 0.34542
vn 0.39996 -0.66935 0.62611
vn 0.01541 -0.09684 -0.99518
vn 0.27820 -0.07625 -0.95749
vn -0.55749 0.80916 0.18567
vn 0.25001 -0.55929 0.79037
vn 0.27820 -0.07625 -0.95749
vn 0.58361 -0.06266 -0.80961
vn -0.39952 0.88331 0.24522
vn -0.18747 -0.78333 0.59266
vn 0.58361 -0.06266 -0.80961
vn 0.50734 -0.10386 -0.85547
vn -0.28379 0.93427 0.21587
vn -0.15859 -0.77903 0.60659
vn 0.50734 -0.10386 -0.85547
vn -0.25173 0.94346 0.21565
vn 0.33325 -0.87235 -0.35769
vn -0.44783 -0.08265 0.89029
vn -0.47082 -0.09677 0.86524
vn -0.67190 0.09823 -0.60590
vn -0.74208 0.04733 -0.66864
vn 0.50763 0.08067 -0.85779
vn 0.49206 0.04722 -0.85745
vn -0.47082 -0.09677 0.86524
vn -0.44783 -0.08265 0.89029
vn -0.80600 -0.28111 0.52090
vn 0.40081 0.86170 0.31117
vn 0.25084 -0.47140 -0.84550
vn -0.80600 -0.28111 0.52090
vn -0.83024 -0.23046 0.50754
vn 0.36685 0.82061 0.43819
vn 0.42119 -0.39054 -0.81859
vn -0.83024 -0.23046 0.50754
vn -0.88160 -0.22971 0.41233
vn 0.47707 0.85618 0.19839
vn 0.40143 -0.63300 -0.66194
vn -0.88160 -0.22971 0.41233
vn 0.44900 0.88798 0.09944
vn -0.33796 -0.91640 -0.21447
vn 0.98345 -0.02921 0.17881
vn 0.96652 -0.04551 0.20755
vn -0.62576 0.07413 0.66686
vn -0.67549 0.01814 0.73715
vn -0.92991 0.02806 -0.36671
vn -0.92486 -0.00665 -0.34580
vn 0.96652 -0.04551 0.20755
vn 0.98345 -0.02921 0.17881
vn 0.74116 -0.25493 0.62104
vn 0.09432 0.91157 -0.40017
vn -0.83644 -0.54734 -0.02801
vn 0.74116 -0.25493 0.62104
vn 0.83360 -0.26146 0.48657
vn 0.04660 0.88293 -0.46718
vn -0.84216 -0.53430 0.07276
vn 0.83360 -0.26146 0.48657
vn 0.72508 -0.20116 0.65863
vn 0.15811 0.84623 -0.50881
vn -0.84275 -0.50504 -0.18631
vn 0.72508 -0.20116 0.65863
vn 0.58193 -0.21244 0.78500
vn 0.03927 0.91236 -0.40750
vn -0.64603 -0.66122 -0.38135
vn 0.58193 -0.21244 0.78500
vn 0.14965 0.89625 -0.41753
vn -0.08808 -0.84818 0.52234
vn -0.29774 0.07771 -0.95148
vn -0.24957 0.07298 -0.94708
vn 0.63068 -0.00140 0.65000
vn 0.71869 -0.04978 0.69355
vn -0.15720 -0.08671 0.98375
vn -0.13021 -0.11377 0.97283
vn -0.24957 0.07298 -0.94708
vn -0.29774 0.07771 -0.95148
vn 0.45441 0.01345 -0.89069
vn -0.69290 0.71984 0.04155
vn 0.29997 -0.54762 0.78111
vn 0.45441 0.01345 -0.89069
vn 0.46609 0.08606 -0.88054
vn -0.73749 0.66804 0.09913
vn 0.31082 -0.64065 0.70211
vn 0.46609 0.08606 -0.88054
vn 0.47539 0.09141 -0.87501
vn -0.80881 0.55443 0.19606
vn 0.38002 -0.63517 0.67241
vn 0.47539 0.09141 -0.87501
vn 0.41943 0.16111 -0.89338
vn -0.80069 0.54838 0.24118
vn 0.39667 -0.65875 0.63929
vn 0.41943 0.16111 -0.89338
vn -0.79556 0.55862 0.23457
vn 0.82014 -0.46150 -0.33821
vn -0.98866 -0.00062 -0.15017
vn -0.96401 -0.00308 -0.19099
vn 0.62491 0.11435 -0.64126
vn 0.68909 0.07140 -0.72115
vn 0.93965 -0.01652 0.34175
vn 0.93289 -0.05008 0.32336
vn -0.96401 -0.00308 -0.19099
vn -0.98866 -0.00062 -0.15017
vn -0.65647 0.03772 -0.75340
vn -0.24998 0.74021 0.62418
vn 0.79503 -0.60520 -0.04076
vn -0.65647 0.03772 -0.75340
vn -0.76644 0.10986 -0.63285
vn -0.07505 0.67187 0.73685
vn 0.72379 -0.65978 -0.20202
vn -0.76644 0.10986 -0.63285
vn -0.80731 0.11304 -0.57920
vn 0.11909 0.55712 0.82185
vn 0.69122 -0.65617 -0.30275
vn -0.80731 0.11304 -0.57920
vn 0.17100 0.47101 0.86539
vn -0.01664 -0.52194 -0.85282
vn 0.98544 0.03055 0.16728
vn 0.96824 0.02076 0.20010
vn -0.74198 -0.09140 0.50304
vn -0.80644 -0.15236 0.57135
vn -0.95801 -0.00740 -0.28664
vn -0.95103 -0.04001 -0.27240
vn 0.96824 0.02076 0.20010
vn 0.98544 0.03055 0.16728
vn 0.75299 -0.06172 0.65513
vn 0.14509 0.81369 -0.56290
vn -0.79608 -0.60446 0.02985
vn 0.75299 -0.06172 0.65513
vn 0.85015 0.02352 0.52602
vn -0.02312 0.76802 -0.64001
vn -0.68076 -0.69799 0.22222
vn 0.85015 0.02352 0.52602
vn 0.88282 0.10620 0.45756
vn -0.25009 0.62156 -0.74238
vn -0.60271 -0.71449 0.35530
vn 0.88282 0.10620 0.45756
vn -0.28360 0.45294 -0.84523
vn 0.14692 -0.51007 0.84749
vn -0.42530 0.13476 -0.89496
vn -0.38279 0.13290 -0.89910
vn 0.79432 0.01608 0.42207
vn 0.89870 -0.02346 0.43794
vn 0.09400 -0.17059 0.98085
vn 0.11891 -0.19202 0.96347
vn -0.38279 0.13290 -0.89910
vn -0.42530 0.13476 -0.89496
vn 0.19356 0.14648 -0.97009
vn -0.76267 0.58944 0.26626
vn 0.56765 -0.56005 0.60342
vn 0.19356 0.14648 -0.97009
vn 0.05634 0.22964 -0.97164
vn -0.73720 0.52543 0.42480
vn 0.68098 -0.63132 0.37107
vn 0.05634 0.22964 -0.97164
vn -0.05161 0.32267 -0.94510
vn -0.65585 0.35440 0.66653
vn 0.74707 -0.63347 0.20150
vn -0.05161 0.32267 -0.94510
vn -0.62591 0.22167 0.74773
vn 0.71000 -0.28631 -0.64338
vn -0.36587 -0.18647 0.91180
vn -0.37826 -0.20069 0.89946
vn -0.72993 0.10458 -0.53433
vn -0.81135 0.05475 -0.58200
vn 0.49396 0.18322 -0.84996
vn 0.46002 0.15035 -0.85547
vn -0.37826 -0.20069 0.89946
vn -0.36587 -0.18647 0.91180
vn -0.54236 -0.38551 0.74647
vn 0.49381 0.85323 0.16775
vn -0.07231 -0.38302 -0.92090
vn -0.54236 -0.38551 0.74647
vn -0.47932 -0.28138 0.83131
vn 0.58006 0.80170 0.14423
vn -0.21749 -0.49888 -0.83894
vn -0.47932 -0.28138 0.83131
vn -0.41128 -0.12554 0.90282
vn 0.73943 0.66677 -0.09303
vn -0.41625 -0.54400 -0.72856
vn -0.41128 -0.12554 0.90282
vn 0.72222 0.64016 -0.26191
vn -0.75114 -0.65243 0.10064
vn -0.28279 -0.17719 -0.94267
vn -0.26120 -0.18998 -0.94139
vn 0.88032 0.13989 -0.12216
vn 0.98398 0.10253 -0.14588
vn -0.05318 0.14160 0.98849
vn -0.00654 0.12107 0.97022
vn -0.26120 -0.18998 -0.94139
vn -0.28279 -0.17719 -0.94267
vn -0.02235 -0.33896 -0.94054
vn -0.65043 0.70732 0.27685
vn 0.74527 -0.27853 0.60580
vn -0.02235 -0.33896 -0.94054
vn -0.25202 -0.24015 -0.93745
vn -0.63017 0.65795 0.41229
vn 0.85240 -0.40965 0.32497
vn -0.25202 -0.24015 -0.93745
vn -0.41952 -0.07682 -0.90449
vn -0.47901 0.52961 0.70005
vn 0.89206 -0.44286 0.08998
vn -0.41952 -0.07682 -0.90449
vn -0.33832 0.50573 0.79358
vn 0.48021 -0.51323 -0.71133
vn 0.41311 -0.04034 0.90979
vn 0.39707 -0.05460 0.91233
vn -0.90419 -0.04407 -0.06442
vn -0.99390 -0.10130 -0.04359
vn -0.25098 0.06272 -0.96596
vn -0.27893 0.03216 -0.94154
vn 0.39707 -0.05460 0.91233
vn 0.41311 -0.04034 0.90979
vn 0.20074 -0.23191 0.95180
vn 0.42743 0.81398 -0.39338
vn -0.70768 -0.48898 -0.50999
vn 0.20074 -0.23191 0.95180
vn 0.37361 -0.12720 0.91882
vn 0.46097 0.73793 -0.49292
vn -0.78592 -0.57607 -0.22466
vn 0.37361 -0.12720 0.91882
vn 0.53874 0.05372 0.84076
vn 0.34137 0.51223 -0.78809
vn -0.83545 -0.54122 0.09539
vn 0.53874 0.05372 0.84076
vn 0.15796 0.45439 -0.87668
vn -0.31018 -0.47495 0.82354
vn 0.96387 0.08393 -0.25279
vn 0.84436 0.09851 -0.23630
vn -0.67026 -0.03692 0.58372
vn -0.75839 0.00192 0.65180
vn -0.97314 -0.14933 -0.17524
vn -0.89433 -0.12673 -0.10592
vn 0.84436 0.09851 -0.23630
vn 0.96387 0.08393 -0.25279
vn 0.79074 -0.58416 0.18298
vn 0.56304 -0.68889 -0.45653
vn 0.03609 0.35571 0.93390
vn 0.79074 -0.58416 0.18298
vn 0.89907 -0.42760 0.09396
vn -0.45880 -0.24374 -0.85446
vn -0.28867 0.55711 0.77865
vn 0.89907 -0.42760 0.09396
vn 0.88174 -0.42905 -0.19608
vn -0.73446 -0.09183 -0.67241
vn -0.01643 0.50346 0.86386
vn 0.88174 -0.42905 -0.19608
vn -0.79058 0.11426 -0.60161
vn 0.71437 0.00683 0.69974
vn -0.74764 -0.11645 -0.65382
vn 0.41662 -0.78789 -0.45350
vn 0.85641 -0.25341 0.44983
vn 0.05624 0.68694 0.72454
vn -0.74511 0.66110 0.08812
vn -0.74764 -0.11645 -0.65382
vn -0.74465 0.03147 -0.66671
vn 0.02877 -0.78676 -0.61659
vn 0.69833 -0.70306 0.13434
vn 0.42348 0.43181 0.79637
vn -0.41380 0.86395 0.28697
vn -0.74465 0.03147 -0.66671
vn -0.72071 0.30071 -0.62462
vn -0.24161 -0.71649 -0.65442
vn 0.38783 -0.90987 0.14739
vn 0.61851 0.19562 0.76104
vn 0.02289 0.95653 0.29075
vn -0.72071 0.30071 -0.62462
vn -0.51906 0.64806 -0.55732
vn -0.59511 -0.62901 -0.50020
vn 0.03638 -0.95245 0.30251
vn 0.68710 -0.01595 0.72638
vn 0.36582 0.91430 0.17386
vn -0.51906 0.64806 -0.55732
vn -0.80575 -0.51149 -0.29855
vn 0.66763 -0.11327 0.73583
vn 0.16484 0.93688 -0.30835
vn -0.53380 -0.83208 0.15070
vn 0.23731 -0.36896 -0.89864
vn 0.61300 0.61996 -0.48977
vn 0.11876 0.78041 0.61389
vn -0.43732 0.04005 0.89842
vn -0.53380 -0.83208 0.15070
vn -0.64746 -0.67760 0.34880
vn 0.07044 -0.71465 -0.69593
vn 0.70077 0.11002 -0.70486
vn 0.32061 0.86915 0.37655
vn -0.36530 0.44580 0.81720
vn -0.64746 -0.67760 0.34880
vn -0.74265 -0.46773 0.47927
vn 0.00384 -0.91221 -0.40970
vn 0.69913 -0.33022 -0.63418
vn 0.48368 0.87450 0.03601
vn -0.34550 0.78567 0.51318
vn -0.74265 -0.46773 0.47927
vn -0.86421 -0.11262 0.49037
vn -0.04845 -0.99862 0.02015
vn 0.86241 -0.40728 -0.30062
vn 0.59236 0.73857 -0.32189
vn -0.30436 0.95175 -0.03910
vn -0.86421 -0.11262 0.49037
vn -0.93734 0.08022 0.33906
vn -0.18410 -0.86183 0.47261
vn 0.88153 -0.47142 -0.02590
vn 0.68572 0.56884 -0.45410
vn -0.22628 0.92056 -0.31839
vn -0.93734 0.08022 0.33906
vn -0.23212 -0.75436 0.61406
vn 0.72403 0.50283 -0.47217
vn -0.81194 0.58311 -0.02721
vn 0.00595 -0.91749 0.39771
vn -0.63540 -0.42139 -0.64707
vn -0.25516 0.65378 -0.71236
vn 0.49693 0.82363 0.27329
vn 0.57250 0.05664 0.81795
vn 0.00595 -0.91749 0.39771
vn 0.26896 -0.73327 0.62448
vn -0.27229 -0.79556 -0.54124
vn -0.24933 0.23066 -0.94055
vn 0.14134 0.98763 0.06794
vn 0.27505 0.42591 0.86194
vn 0.26896 -0.73327 0.62448
vn 0.30501 -0.66870 0.67809
vn 0.10901 -0.91076 -0.39828
vn -0.17319 -0.11561 -0.97808
vn -0.20769 0.95958 -0.18993
vn 0.02650 0.59417 0.80390
vn 0.30501 -0.66870 0.67809
vn 0.26673 -0.50630 0.82007
vn 0.21947 -0.95425 -0.20309
vn -0.05462 -0.28839 -0.95595
vn -0.31861 0.84327 -0.43288
vn -0.12543 0.75692 0.64136
vn 0.26673 -0.50630 0.82007
vn 0.07470 -0.23223 0.96979
vn 0.28033 -0.95805 -0.05968
vn 0.17255 -0.32250 -0.93071
vn -0.19114 0.77420 -0.60339
vn -0.21372 0.81804 0.53398
vn 0.07470 -0.23223 0.96979
vn 0.33970 -0.94042 -0.01438
vn 0.00886 0.76385 -0.64534
vn -0.23698 0.41500 0.87841
vn 0.12398 -0.89258 0.43350
vn -0.96155 -0.05657 0.26875
vn -0.49431 0.80308 -0.33275
vn 0.67286 0.56277 -0.48016
vn 0.95420 -0.29142 -0.06774
vn 0.12398 -0.89258 0.43350
vn 0.32628 -0.89285 0.31042
vn -0.85395 -0.47908 0.20310
vn -0.83026 0.46316 -0.31008
vn 0.47181 0.79258 -0.38628
vn 0.99207 0.11771 0.04397
vn 0.32628 -0.89285 0.31042
vn 0.51304 -0.78254 0.35274
vn -0.66705 -0.74487 -0.01480
vn -0.91212 0.09868 -0.39788
vn 0.15627 0.95568 -0.24950
vn 0.84793 0.46649 0.25182
vn 0.51304 -0.78254 0.35274
vn 0.71759 -0.56126 0.41238
vn -0.37199 -0.91242 -0.17064
vn -0.81510 0.05804 -0.57641
vn -0.20399 0.96290 -0.17666
vn 0.55067 0.72054 0.42142
vn 0.71759 -0.56126 0.41238
vn 0.78648 -0.41444 0.45791
vn -0.00268 -0.96690 -0.25515
vn -0.74035 -0.22644 -0.63294
vn -0.43129 0.89408 -0.12088
vn 0.34625 0.80733 0.47784
vn 0.78648 -0.41444 0.45791
vn 0.83672 -0.28582 0.46713
vn 0.12137 -0.96136 -0.24710
vn -0.61575 -0.46638 -0.63510
vn -0.59360 0.77529 -0.21579
vn 0.33687 0.83400 0.43698
vn 0.83672 -0.28582 0.46713
vn 0.13647 -0.95813 -0.25173
vn -0.60244 0.71829 -0.34803
vn 0.66347 0.51690 0.54094
vn 0.20004 -0.97582 0.08813
vn -0.88234 -0.28900 0.37142
vn -0.61353 0.78889 0.03503
vn 0.56614 0.74845 -0.34541
vn 0.94831 -0.12593 -0.29129
vn 0.20004 -0.97582 0.08813
vn 0.50051 -0.85629 0.12752
vn -0.74428 -0.64320 0.17980
vn -0.88618 0.42076 -0.19401
vn 0.30728 0.91629 -0.25690
vn 0.97709 0.21215 -0.01702
vn 0.50051 -0.85629 0.12752
vn 0.51902 -0.81369 0.26177
vn -0.56086 -0.82790 0.00355
vn -0.94766 0.09699 -0.30419
vn 0.01419 0.97640 -0.21550
vn 0.88679 0.41919 0.19466
vn 0.51902 -0.81369 0.26177
vn 0.67426 -0.70261 0.22741
vn -0.37577 -0.92531 -0.05092
vn -0.96011 -0.06209 -0.27263
vn -0.25300 0.95897 -0.12797
vn 0.75396 0.61606 0.22804
vn 0.67426 -0.70261 0.22741
vn 0.89727 -0.43133 0.09409
vn -0.22744 -0.94830 -0.22133
vn -0.92763 -0.21669 -0.30422
vn -0.45087 0.89182 0.03710
vn 0.62489 0.70141 0.34285
vn 0.89727 -0.43133 0.09409
vn 0.93933 -0.33574 0.07028
vn 0.06223 -0.88900 -0.45366
vn -0.80046 -0.33138 -0.49945
vn -0.62421 0.76802 0.14321
vn 0.51147 0.69235 0.50897
vn 0.93933 -0.33574 0.07028
vn 0.18026 -0.80190 -0.56961
vn -0.65388 0.74998 0.09988
vn 0.86441 0.17958 0.46963
vn 0.57244 -0.80268 0.16740
vn 0.51164 0.11084 0.85202
vn -0.15849 0.87581 0.45590
vn -0.65364 0.62533 -0.42628
vn -0.55454 -0.19959 -0.80787
vn 0.10147 -0.87774 -0.46827
vn 0.57244 -0.80268 0.16740
vn 0.67160 -0.74080 0.01304
vn 0.72288 0.08804 0.68535
vn 0.22329 0.73903 0.63559
vn -0.68599 0.71970 -0.10698
vn -0.77767 -0.03734 -0.62756
vn -0.10315 -0.77785 -0.61992
vn 0.67160 -0.74080 0.01304
vn 0.54513 -0.83102 -0.11066
vn 0.81906 0.02186 0.57329
vn 0.14004 0.76624 0.62711
vn -0.61626 0.78407 0.07387
vn -0.84862 0.23236 -0.47525
vn -0.21811 -0.74564 -0.62964
vn 0.54513 -0.83102 -0.11066
vn 0.41792 -0.86598 -0.27463
vn 0.76304 -0.24969 0.59617
vn 0.21592 0.55345 0.80441
vn -0.54627 0.82644 0.13632
vn -0.75136 0.39378 -0.52952
vn -0.25676 -0.62740 -0.73515
vn 0.41792 -0.86598 -0.27463
vn 0.37976 -0.82498 -0.41855
vn 0.62447 -0.57970 0.52344
vn 0.19777 0.14595 0.96932
vn -0.47873 0.85022 0.21898
vn -0.56547 0.62431 -0.53896
vn -0.21593 -0.34365 -0.91394
vn 0.37976 -0.82498 -0.41855
vn 0.35629 -0.72097 -0.59435
vn 0.37978 -0.78573 0.48826
vn -0.09255 -0.04181 0.99483
vn -0.38513 0.80049 0.45922
vn -0.31258 0.89491 -0.31847
vn -0.00529 0.02218 -0.99974
vn 0.35629 -0.72097 -0.59435
vn 0.25752 -0.70735 -0.65829
vn 0.11930 -0.94256 0.31202
vn -0.27851 -0.15961 0.94708
vn -0.35593 0.78928 0.50035
vn -0.23130 0.96354 -0.13452
vn 0.11793 0.33117 -0.93617
vn 0.25752 -0.70735 -0.65829
vn -0.04337 -0.98163 0.18579
vn -0.32635 0.80982 0.48753
vn 0.09683 0.43971 -0.89290
vn 0.29993 -0.92096 0.24875
vn 0.51751 0.06654 0.85309
vn 0.13639 0.86778 0.47787
vn -0.45345 0.76427 -0.45857
vn -0.58003 0.03295 -0.81393
vn -0.15020 -0.91381 -0.37735
vn 0.29993 -0.92096 0.24875
vn 0.40388 -0.90973 0.09629
vn 0.60830 -0.21192 0.76489
vn 0.35326 0.63927 0.68304
vn -0.37205 0.92022 -0.12154
vn -0.67305 0.21862 -0.70655
vn -0.20629 -0.79773 -0.56663
vn 0.40388 -0.90973 0.09629
vn 0.40209 -0.91410 -0.05241
vn 0.78970 -0.25753 0.55682
vn 0.51408 0.61903 0.59374
vn -0.32655 0.94219 0.07510
vn -0.82060 0.33842 -0.46053
vn -0.29485 -0.76510 -0.57244
vn 0.40209 -0.91410 -0.05241
vn 0.18184 -0.96010 -0.21245
vn 0.88108 -0.24439 0.40495
vn 0.65188 0.55660 0.51502
vn -0.27378 0.94527 0.17749
vn -0.90110 0.29214 -0.32041
vn -0.58739 -0.62984 -0.50821
vn 0.18184 -0.96010 -0.21245
vn 0.11706 -0.95574 -0.26991
vn 0.86239 -0.40656 0.30165
vn 0.76759 0.35019 0.53682
vn -0.17572 0.95077 0.25526
vn -0.86146 0.40943 -0.30042
vn -0.67274 -0.54422 -0.50124
vn 0.11706 -0.95574 -0.26991
vn 0.05344 -0.91373 -0.40280
vn 0.71068 -0.64348 0.28437
vn 0.62967 0.19634 0.75164
vn -0.17277 0.93973 0.29506
vn -0.66809 0.66140 -0.34089
vn -0.65004 -0.36659 -0.66563
vn 0.05344 -0.91373 -0.40280
vn -0.02865 -0.84159 -0.53935
vn 0.46432 -0.78855 0.40322
vn 0.33801 0.08026 0.93772
vn -0.09987 0.87134 0.48042
vn -0.46205 0.81919 -0.33977
vn -0.46860 -0.07081 -0.88057
vn -0.02865 -0.84159 -0.53935
vn 0.23039 -0.83058 0.50702
vn -0.13507 0.79289 0.59420
vn -0.31143 0.03967 -0.94944
vn -0.10340 -0.99452 -0.01559
vn 0.38898 0.19489 -0.90040
vn 0.09063 0.99046 0.10384
vn -0.39593 -0.25256 0.88287
vn -0.10340 -0.99452 -0.01559
vn -0.04604 -0.92342 0.38103
vn 0.52971 -0.23374 -0.81534
vn 0.05682 0.92932 -0.36487
vn -0.49448 0.12949 0.85949
vn -0.04604 -0.92342 0.38103
vn -0.02909 -0.82209 0.56861
vn 0.70064 -0.38416 -0.60127
vn 0.03135 0.85015 -0.52560
vn -0.67954 0.33123 0.65461
vn -0.02909 -0.82209 0.56861
vn 0.84665 -0.32016 -0.42507
vn -0.80223 0.32855 0.49848
vn 0.00660 -0.96197 0.27306
vn -0.92994 0.36741 -0.01491
vn 0.36255 0.87425 -0.32288
vn 0.93584 -0.35242 -0.00196
vn 0.00660 -0.96197 0.27306
vn 0.17128 -0.97829 0.11668
vn -0.97977 0.03143 0.19766
vn -0.01463 0.98292 -0.18346
vn 0.96949 -0.10909 -0.21954
vn 0.17128 -0.97829 0.11668
vn 0.30733 -0.95159 -0.00505
vn -0.98726 -0.14589 0.06358
vn -0.21452 0.97670 0.00605
vn 0.99078 0.10921 -0.08020
vn 0.30733 -0.95159 -0.00505
vn 0.42790 -0.90060 0.07626
vn -0.89215 -0.31947 -0.31938
vn -0.27599 0.95830 -0.07412
vn 0.91396 0.28277 0.29106
vn 0.42790 -0.90060 0.07626
vn -0.74757 -0.37706 -0.54677
vn 0.81587 0.31767 0.48316
vn -0.28799 -0.95755 -0.01305
vn -0.40184 0.85069 0.33890
vn 0.89556 0.05348 -0.44172
vn -0.28799 -0.95755 -0.01305
vn -0.02234 -0.99457 -0.10165
vn -0.79834 0.52012 0.30354
vn 0.78454 0.58603 -0.20264
vn -0.02234 -0.99457 -0.10165
vn 0.26388 -0.96447 0.01274
vn -0.94905 0.31369 -0.03015
vn 0.74928 0.66160 -0.02928
vn 0.26388 -0.96447 0.01274
vn -0.95945 0.19175 -0.20660
vn 0.93149 -0.33385 0.14444
vn 0.14307 -0.89375 0.42514
vn 0.05985 0.99043 0.12439
vn -0.29763 -0.21437 -0.93030
vn 0.14307 -0.89375 0.42514
vn -0.01811 -0.96805 0.25011
vn 0.13137 0.74313 0.65612
vn -0.15044 0.30015 -0.94196
vn -0.01811 -0.96805 0.25011
vn -0.13949 -0.98255 0.12306
vn 0.08600 0.58445 0.80686
vn 0.00734 0.47222 -0.88145
vn -0.13949 -0.98255 0.12306
vn 0.08236 0.54317 0.83558
vn -0.13955 -0.53171 -0.83535
vn 0.62642 -0.76933 0.12543
vn -0.06202 0.97296 -0.22250
vn -0.90107 -0.39479 0.17949
vn 0.62642 -0.76933 0.12543
vn 0.46850 -0.82906 0.30525
vn 0.46427 0.87304 -0.14918
vn -0.98929 0.01526 -0.14517
vn 0.46850 -0.82906 0.30525
vn 0.32705 -0.86523 0.38002
vn 0.61091 0.79167 -0.00684
vn -0.92823 0.16024 -0.33574
vn 0.32705 -0.86523 0.38002
vn 0.65311 0.75727 0.00106
vn -0.66940 -0.74045 0.06039
vn 0.29838 -0.89732 -0.32525
vn 0.18078 0.97738 -0.10977
vn -0.72322 -0.21739 0.65551
vn 0.29838 -0.89732 -0.32525
vn 0.25744 -0.95699 -0.13377
vn 0.52262 0.75768 -0.39088
vn -0.77935 0.14997 0.60838
vn 0.25744 -0.95699 -0.13377
vn 0.62636 0.70325 -0.33633
vn -0.49662 -0.79843 0.34040
vn -0.65866 -0.63808 -0.39878
vn -0.01918 0.92151 0.38788
vn 0.88833 -0.45918 0.00445
vn -0.65866 -0.63808 -0.39878
vn -0.57241 -0.77693 -0.26216
vn -0.46749 0.88178 0.06252
vn 0.98607 -0.07770 0.14708
vn -0.57241 -0.77693 -0.26216
vn -0.48955 0.86883 -0.07399
vn 0.33481 -0.94229 -0.00158
vn -0.32664 -0.80091 0.50185
vn 0.12375 0.97214 0.19908
vn 0.17346 -0.40851 -0.89612
vn -0.32664 -0.80091 0.50185
vn -0.00107 0.83313 0.55308
vn -0.08211 -0.88703 -0.45435
vn 0.37804 -0.60372 0.70186
vn 0.23025 0.92074 -0.31498
vn -0.76244 -0.50363 -0.40626
vn 0.37804 -0.60372 0.70186
vn 0.26276 -0.71621 0.64653
vn 0.48203 0.87611 -0.00917
vn -0.78066 -0.15970 -0.60421
vn 0.26276 -0.71621 0.64653
vn 0.47663 0.87907 0.00787
vn -0.52076 -0.85369 0.00520
vn 0.81098 -0.57701 0.09683
vn -0.36286 0.84329 -0.39647
vn -0.57956 -0.55965 0.59236
vn 0.81098 -0.57701 0.09683
vn 0.01039 0.83401 -0.55165
vn -0.03325 -0.80715 0.58941
vn 0.03995 -0.21907 -0.97489
vn -0.50883 0.64242 0.57305
vn 0.68280 -0.55402 0.47629
vn 0.03995 -0.21907 -0.97489
vn 0.04852 -0.27781 -0.95941
vn -0.62162 0.75914 0.19310
vn 0.58194 -0.42579 0.69286
vn 0.04852 -0.27781 -0.95941
vn -0.60222 0.78017 0.16929
vn 0.56285 -0.75167 -0.34379
vn -0.76793 -0.39826 0.50167
vn 0.69941 0.71459 0.01350
vn -0.03226 -0.57297 -0.81894
vn -0.76793 -0.39826 0.50167
vn 0.53300 0.79136 0.29942
vn 0.47996 -0.30177 -0.82375
vn 0.85599 -0.20011 0.47669
vn -0.28176 0.68858 -0.66818
vn -0.64491 -0.66326 0.37971
vn 0.85599 -0.20011 0.47669
vn 0.06752 0.71954 -0.69116
vn 0.05168 -0.67871 0.73259
vn -0.50355 0.79722 -0.33298
vn -0.55499 0.74861 -0.36272
vn -0.32568 -0.94537 0.01424
vn -0.37262 -0.92792 -0.01077
vn 0.87549 0.13268 0.46467
vn 0.86978 0.22088 0.44124
vn -0.55499 0.74861 -0.36272
vn -0.50355 0.79722 -0.33298
vn -0.65509 0.63372 -0.41140
vn -0.22927 -0.97064 0.07276
vn 0.82887 0.41638 0.37363
vn -0.65509 0.63372 -0.41140
vn -0.74812 0.38868 -0.53781
vn 0.05681 -0.97445 0.21728
vn 0.69772 0.62760 0.34541
vn -0.74812 0.38868 -0.53781
vn -0.04018 -0.88757 0.45892
vn 0.06863 0.90153 -0.42725
vn -0.80959 0.42912 -0.40053
vn -0.75738 0.53966 -0.36762
vn -0.49717 -0.77412 -0.39186
vn -0.46794 -0.79748 -0.38087
vn 0.73021 -0.53348 0.42684
vn 0.69847 -0.58794 0.40800
vn 0.19946 0.91678 0.34603
vn 0.12549 0.93662 0.32710
vn -0.80959 0.42912 -0.40053
vn -0.75738 0.53966 -0.36762
vn -0.62978 0.72332 -0.28317
vn -0.55953 -0.71240 -0.42357
vn 0.60185 -0.73536 0.31148
vn 0.35228 0.84437 0.40365
vn -0.62978 0.72332 -0.28317
vn -0.00866 0.95340 -0.30160
vn -0.79067 -0.41325 -0.45174
vn -0.02407 -0.94907 0.31416
vn 0.74218 0.47755 0.47024
vn -0.00866 0.95340 -0.30160
vn 0.72002 0.69357 -0.02326
vn -0.87256 0.41700 -0.25444
vn -0.72253 -0.69027 0.03842
vn 0.88365 -0.37953 0.27406
vn 0.72002 0.69357 -0.02326
vn -0.64210 0.76351 0.06900
vn 0.67365 -0.73815 -0.03652
vn -0.38663 0.87931 0.27809
vn -0.44220 0.83762 0.32072
vn -0.19709 -0.82115 0.53560
vn -0.26482 -0.76227 0.59061
vn 0.66436 -0.28824 -0.68960
vn 0.65672 -0.12334 -0.74398
vn -0.44220 0.83762 0.32072
vn -0.38663 0.87931 0.27809
vn -0.51705 0.74921 0.41394
vn -0.08079 -0.89882 0.43081
vn 0.59671 0.16439 -0.78544
vn -0.51705 0.74921 0.41394
vn -0.66065 0.55782 0.50237
vn 0.18564 -0.95201 0.24333
vn 0.47066 0.43861 -0.76557
vn -0.66065 0.55782 0.50237
vn 0.44218 -0.79941 0.40671
vn -0.37859 0.79957 -0.46621
vn -0.26115 0.49635 0.82791
vn -0.25693 0.57557 0.77634
vn -0.20351 -0.77026 0.60438
vn -0.19801 -0.78643 0.58508
vn 0.32712 -0.53818 -0.77675
vn 0.32448 -0.58456 -0.74365
vn 0.22866 0.90893 -0.34866
vn 0.22763 0.93104 -0.28522
vn -0.26115 0.49635 0.82791
vn -0.25693 0.57557 0.77634
vn -0.23110 0.71223 0.66282
vn -0.22149 -0.72610 0.65094
vn 0.27473 -0.70900 -0.64950
vn 0.25135 0.84119 -0.47877
vn -0.23110 0.71223 0.66282
vn -0.32509 0.93416 0.14716
vn -0.25957 -0.45726 0.85061
vn 0.33617 -0.93739 -0.09106
vn 0.29027 0.51012 -0.80964
vn -0.32509 0.93416 0.14716
vn -0.18872 0.80196 -0.56678
vn -0.12268 0.26639 0.95603
vn 0.20581 -0.79868 0.56546
vn 0.14011 -0.23127 -0.96275
vn -0.18872 0.80196 -0.56678
vn 0.14154 0.62945 0.76404
vn -0.11246 -0.59822 -0.79340
vn 0.24298 0.91128 0.33246
vn 0.28574 0.88836 0.35941
vn 0.90599 0.09889 0.41159
vn 0.90112 0.15261 0.40583
vn 0.66060 -0.74636 0.08092
vn 0.63022 -0.77532 0.04124
vn -0.00792 -0.91909 -0.39396
vn 0.06547 -0.92985 -0.36205
vn -0.77393 -0.15707 -0.61349
vn -0.80911 -0.06525 -0.58402
vn -0.51381 0.84183 -0.16532
vn -0.50586 0.83552 -0.21449
vn 0.24298 0.91128 0.33246
vn 0.28574 0.88836 0.35941
vn 0.37054 0.83713 0.40239
vn 0.91822 0.03464 0.39456
vn 0.55130 -0.83415 -0.01620
vn -0.13920 -0.88219 -0.44984
vn -0.85430 0.05558 -0.51680
vn -0.50748 0.85674 -0.09200
vn 0.37054 0.83713 0.40239
vn 0.56610 0.69606 0.44162
vn 0.91039 -0.10991 0.39889
vn 0.36677 -0.92731 -0.07464
vn -0.36551 -0.81688 -0.44622
vn -0.88766 0.22572 -0.40138
vn -0.44336 0.89628 -0.01099
vn 0.56610 0.69606 0.44162
vn 0.78009 0.30894 0.54407
vn 0.90243 -0.37663 0.20920
vn 0.01070 -0.84059 -0.54157
vn -0.64233 -0.54424 -0.53964
vn -0.83469 0.54916 -0.04133
vn -0.25120 0.92137 0.29660
vn 0.78009 0.30894 0.54407
vn 0.89370 0.09984 0.43742
vn 0.79807 -0.59233 -0.11060
vn -0.20431 -0.73259 -0.64928
vn -0.83995 -0.14457 -0.52305
vn -0.72723 0.66895 0.15376
vn 0.04014 0.79082 0.61073
vn 0.89370 0.09984 0.43742
vn 0.72935 -0.66118 -0.17576
vn -0.90780 -0.07073 -0.41339
vn 0.20049 0.81646 0.54147
vn 0.34601 0.83280 -0.43212
vn 0.37485 0.79908 -0.47006
vn 0.64493 -0.21547 -0.73324
vn 0.65175 -0.12547 -0.74798
vn 0.08256 -0.99164 -0.09916
vn 0.02511 -0.99750 -0.06598
vn -0.68257 -0.50135 0.53175
vn -0.64362 -0.56986 0.51089
vn -0.51612 0.79744 0.31260
vn -0.47137 0.83109 0.29513
vn 0.37485 0.79908 -0.47006
vn 0.34601 0.83280 -0.43212
vn 0.42582 0.75157 -0.50381
vn 0.62399 -0.31949 -0.71314
vn -0.06010 -0.99787 0.02525
vn -0.71518 -0.38055 0.58625
vn -0.38387 0.88056 0.27794
vn 0.42582 0.75157 -0.50381
vn 0.55001 0.62917 -0.54921
vn 0.59166 -0.45887 -0.66285
vn -0.28448 -0.94513 0.16061
vn -0.72735 -0.20702 0.65429
vn -0.15322 0.96210 0.22558
vn 0.55001 0.62917 -0.54921
vn 0.79574 0.25991 -0.54703
vn 0.46594 -0.72303 -0.51003
vn -0.62127 -0.75227 0.21934
vn -0.77049 0.21675 0.59946
vn 0.17103 0.97196 0.16140
vn 0.79574 0.25991 -0.54703
vn 0.71283 0.12149 -0.69073
vn 0.01356 -0.76913 -0.63894
vn -0.77508 -0.52408 0.35298
vn -0.47367 0.41177 0.77851
vn 0.49329 0.85200 0.17540
vn 0.71283 0.12149 -0.69073
vn -0.17239 -0.72128 -0.67085
vn -0.30947 0.40346 0.86107
vn 0.70445 0.60067 -0.37809
vn 0.73333 0.54077 -0.41206
vn 0.70548 0.58051 -0.40657
vn 0.69781 -0.61343 -0.36982
vn 0.67324 -0.63655 -0.37624
vn -0.24801 -0.95183 0.18033
vn -0.19614 -0.96990 0.14431
vn -0.89810 -0.17027 0.40550
vn -0.89510 -0.18147 0.40726
vn -0.07813 0.99294 -0.08929
vn -0.16699 0.98537 -0.03422
vn 0.70548 0.58051 -0.40657
vn 0.73333 0.54077 -0.41206
vn 0.63012 0.68666 -0.36256
vn 0.75209 -0.52448 -0.39910
vn -0.04563 -0.99679 0.06582
vn -0.88918 -0.20585 0.40864
vn -0.38506 0.91608 0.11194
vn 0.63012 0.68666 -0.36256
vn 0.35385 0.93526 0.00944
vn 0.80849 -0.02513 -0.58797
vn 0.23520 -0.78432 -0.57404
vn -0.75153 -0.55820 0.35158
vn -0.66172 0.31601 0.67990
vn 0.35385 0.93526 0.00944
vn 0.12288 0.69122 0.71212
vn 0.52730 0.72703 -0.43975
vn 0.16462 0.04884 -0.98515
vn -0.48287 -0.87107 -0.08982
vn -0.37015 -0.60478 0.70514
vn 0.12288 0.69122 0.71212
vn 0.29743 0.94543 -0.13304
vn -0.45949 -0.77759 -0.42922
vn 0.19245 -0.20407 0.95985
vn 0.35910 0.93280 -0.03063
vn 0.40945 0.90994 -0.06606
vn 0.72006 0.07174 -0.69019
vn 0.70691 0.12440 -0.69628
vn 0.34807 -0.72623 -0.59282
vn 0.30406 -0.75289 -0.58370
vn -0.31700 -0.92545 -0.20748
vn -0.25718 -0.92513 -0.27927
vn -0.83159 -0.19209 0.52111
vn -0.81530 -0.10257 0.56989
vn -0.36549 0.78354 0.50248
vn -0.41166 0.77719 0.47593
vn 0.35910 0.93280 -0.03063
vn 0.40945 0.90994 -0.06606
vn 0.49170 0.85982 -0.13763
vn 0.70474 0.03187 -0.70875
vn 0.21662 -0.80693 -0.54949
vn -0.43531 -0.89556 -0.09207
vn -0.77459 0.01209 0.63235
vn -0.28812 0.80445 0.51947
vn 0.49170 0.85982 -0.13763
vn 0.72244 0.65673 -0.21631
vn 0.76666 -0.14563 -0.62531
vn 0.07295 -0.89501 -0.44003
vn -0.62323 -0.77934 0.06488
vn -0.76922 0.24144 0.59161
vn -0.17480 0.86725 0.46619
vn 0.72244 0.65673 -0.21631
vn 0.88490 0.33936 -0.31904
vn 0.62145 -0.31768 -0.71616
vn -0.50709 -0.72609 -0.46438
vn -0.83808 -0.51029 0.19295
vn -0.43760 0.40488 0.80286
vn 0.17550 0.83988 0.51362
vn 0.88490 0.33936 -0.31904
vn 0.81307 0.20309 -0.54559
vn 0.27105 -0.40872 -0.87148
vn -0.69096 -0.66238 -0.28953
vn -0.87494 -0.20860 0.43700
vn -0.19509 0.49555 0.84639
vn 0.58599 0.68023 0.44034
vn 0.81307 0.20309 -0.54559
vn 0.18588 -0.50448 -0.84318
vn -0.77727 -0.20596 0.59450
vn 0.55604 0.80239 0.21677
vn -0.09596 0.71545 -0.69204
vn -0.09031 0.72292 -0.68501
vn -0.36608 -0.28351 -0.88634
vn -0.36626 -0.28687 -0.88519
vn -0.34604 -0.82887 -0.43959
vn -0.34845 -0.86741 -0.35522
vn -0.17081 -0.85728 0.48569
vn -0.21147 -0.88846 0.40733
vn 0.19059 0.08204 0.97823
vn 0.22300 0.15182 0.96292
vn 0.19759 0.91075 0.36263
vn 0.16204 0.90669 0.38943
vn -0.09596 0.71545 -0.69204
vn -0.09031 0.72292 -0.68501
vn -0.08597 0.70155 -0.70742
vn -0.37817 -0.27777 -0.88308
vn -0.33234 -0.91413 -0.23221
vn -0.11095 -0.78178 0.61360
vn 0.27279 0.24195 0.93115
vn 0.23825 0.91923 0.31347
vn -0.08597 0.70155 -0.70742
vn -0.02913 0.49402 -0.86896
vn -0.39105 -0.31323 -0.86543
vn -0.44357 -0.89446 0.05640
vn -0.06745 -0.64152 0.76413
vn 0.40213 0.39208 0.82739
vn 0.35161 0.91838 0.18150
vn -0.02913 0.49402 -0.86896
vn -0.27574 0.25828 -0.92588
vn -0.50771 -0.47710 -0.71736
vn -0.35171 -0.85936 0.37121
vn 0.08664 -0.37878 0.92142
vn 0.58234 0.55934 0.58994
vn 0.38625 0.88851 -0.24770
vn -0.27574 0.25828 -0.92588
vn -0.54705 0.28002 -0.78888
vn -0.84010 -0.41776 -0.34600
vn -0.30538 -0.74435 0.59388
vn 0.43511 -0.32577 0.83938
vn 0.82235 0.52674 0.21514
vn 0.32543 0.78911 -0.52096
vn -0.54705 0.28002 -0.78888
vn -0.90349 -0.40358 -0.14433
vn 0.56216 -0.29129 0.77403
vn 0.24407 0.76554 -0.59529
vn -0.77345 -0.00447 -0.63385
vn -0.74785 0.24113 -0.61853
vn -0.20110 -0.95920 -0.19872
vn -0.09972 -0.98695 -0.12641
vn 0.63834 -0.40622 0.65383
vn 0.61218 -0.47271 0.63385
vn 0.05255 0.97978 0.19307
vn -0.02400 0.98716 0.15790
vn -0.77345 -0.00447 -0.63385
vn -0.74785 0.24113 -0.61853
vn -0.61151 0.59455 -0.52208
vn -0.35650 -0.87377 -0.33081
vn 0.52636 -0.67526 0.51669
vn 0.21815 0.92707 0.30488
vn -0.61151 0.59455 -0.52208
vn 0.02569 0.94983 -0.31170
vn -0.73035 -0.49190 -0.47394
vn -0.07091 -0.94523 0.31859
vn 0.69335 0.53465 0.48314
vn 0.02569 0.94983 -0.31170
vn 0.75606 0.57169 -0.31867
vn -0.82725 0.52691 -0.19501
vn -0.72858 -0.59651 0.33666
vn 0.84441 -0.49488 0.20509
vn 0.75606 0.57169 -0.31867
vn -0.52493 0.84904 0.05981
vn 0.55874 -0.82812 -0.04507
vn 0.35408 0.78869 -0.50258
vn 0.33697 0.78956 -0.51288
vn -0.26692 0.91492 -0.30277
vn -0.19592 0.92044 -0.33824
vn -0.89169 0.32201 0.31813
vn -0.89864 0.23089 0.37302
vn -0.45356 -0.62650 0.63386
vn -0.48642 -0.61016 0.62538
vn 0.38873 -0.77908 0.49186
vn 0.48053 -0.75250 0.45036
vn 0.98554 0.09806 -0.13819
vn 0.99045 0.10911 -0.08425
vn 0.35408 0.78869 -0.50258
vn 0.33697 0.78956 -0.51288
vn 0.26335 0.81125 -0.52204
vn -0.42253 0.87359 -0.24146
vn -0.90488 0.03687 0.42407
vn -0.38444 -0.66969 0.63539
vn 0.62492 -0.70856 0.32775
vn 0.97048 0.10785 -0.21573
vn 0.26335 0.81125 -0.52204
vn -0.03493 0.80898 -0.58679
vn -0.71196 0.67912 -0.17861
vn -0.84503 -0.18175 0.50288
vn -0.16015 -0.74546 0.64702
vn 0.80491 -0.57169 0.15904
vn 0.91589 0.13791 -0.37699
vn -0.03493 0.80898 -0.58679
vn -0.40816 0.77600 -0.48086
vn -0.84523 0.53062 0.06342
vn -0.47209 -0.39618 0.78751
vn 0.17580 -0.77414 0.60811
vn 0.88689 -0.37797 -0.26563
vn 0.68332 0.29123 -0.66952
vn -0.40816 0.77600 -0.48086
vn -0.53244 0.78001 -0.32878
vn -0.86140 0.35023 0.36787
vn -0.29666 -0.51942 0.80137
vn 0.48980 -0.75182 0.44143
vn 0.86995 -0.20269 -0.44956
vn 0.36405 0.48877 -0.79283
vn -0.53244 0.78001 -0.32878
vn -0.86141 0.25656 0.43835
vn 0.53984 -0.77204 0.33546
vn 0.33882 0.62116 -0.70666
vn -0.33313 0.91708 0.21908
vn -0.27400 0.83502 0.47715
vn 0.19868 -0.02282 0.97980
vn 0.01069 0.40743 0.91318
vn 0.43205 -0.89797 -0.08359
vn 0.41151 -0.88222 -0.22880
vn -0.22044 0.29566 -0.92951
vn -0.18073 0.27574 -0.94409
vn -0.33313 0.91708 0.21908
vn -0.27400 0.83502 0.47715
vn -0.23777 0.77349 0.58752
vn 0.29131 -0.25943 0.92078
vn 0.33571 -0.82317 -0.45792
vn -0.27711 0.37154 -0.88610
vn -0.23777 0.77349 0.58752
vn -0.26158 0.50493 0.82257
vn 0.37523 -0.51010 0.77395
vn 0.34303 -0.58746 -0.73295
vn -0.36050 0.53227 -0.76598
vn -0.26158 0.50493 0.82257
vn -0.12824 0.30663 0.94315
vn 0.59829 -0.65145 0.46655
vn 0.15496 -0.29660 -0.94234
vn -0.58737 0.67571 -0.44544
vn -0.12824 0.30663 0.94315
vn 0.72976 -0.59999 0.32782
vn -0.70509 0.64312 -0.29872
vn -0.60998 0.43756 0.66066
vn -0.58032 0.37551 0.72265
vn 0.45783 -0.87680 0.14705
vn 0.48129 -0.86869 0.11720
vn 0.35121 0.41330 -0.84014
vn 0.35137 0.35529 -0.86620
vn -0.58032 0.37551 0.72265
vn -0.60998 0.43756 0.66066
vn -0.61133 0.66071 0.43558
vn 0.31138 -0.86335 0.39708
vn 0.56744 -0.11314 -0.81560
vn -0.61133 0.66071 0.43558
vn -0.35433 0.89536 -0.26977
vn 0.06417 -0.55330 0.83051
vn 0.35242 -0.69655 -0.62500
vn -0.35433 0.89536 -0.26977
vn 0.26489 0.09389 0.95970
vn -0.28932 0.11344 -0.95049
vn 0.40288 0.89040 0.21183
vn 0.46194 0.86869 0.17885
vn 0.93703 0.04264 -0.34663
vn 0.93905 0.14491 -0.31176
vn 0.25106 -0.83842 -0.48377
vn 0.16006 -0.86067 -0.48336
vn -0.75767 -0.63559 -0.14817
vn -0.69050 -0.69878 -0.18685
vn -0.69551 0.61444 0.37247
vn -0.64680 0.65302 0.39397
vn 0.46194 0.86869 0.17885
vn 0.40288 0.89040 0.21183
vn 0.54571 0.82461 0.14903
vn 0.91606 -0.07000 -0.39488
vn 0.00959 -0.89326 -0.44944
vn -0.85255 -0.52009 -0.05157
vn -0.54689 0.71112 0.44185
vn 0.54571 0.82461 0.14903
vn 0.65931 0.75066 0.04270
vn 0.87485 -0.22426 -0.42935
vn -0.19516 -0.93874 -0.28403
vn -0.91300 -0.39289 0.10989
vn -0.35746 0.83611 0.41609
vn 0.65931 0.75066 0.04270
vn 0.89582 0.44359 -0.02712
vn 0.77599 -0.54342 -0.32021
vn -0.49156 -0.84602 -0.20645
vn -0.98663 -0.00753 0.16283
vn -0.10838 0.93381 0.34095
vn 0.89582 0.44359 -0.02712
vn 0.95815 0.24325 -0.15095
vn 0.44250 -0.64860 -0.61928
vn -0.79277 -0.56496 -0.22877
vn -0.85831 0.26025 0.44224
vn 0.22613 0.81033 0.54059
vn 0.95815 0.24325 -0.15095
vn 0.30209 -0.60173 -0.73937
vn -0.80423 0.32971 0.49448
vn 0.77442 0.54249 0.32554
vn 0.64023 0.76817 0.00522
vn 0.67246 0.74002 -0.01268
vn 0.21139 -0.85197 -0.47903
vn 0.26590 -0.83168 -0.48746
vn -0.92968 -0.06303 0.36293
vn -0.91323 0.04083 0.40540
vn 0.67246 0.74002 -0.01268
vn 0.64023 0.76817 0.00522
vn 0.73967 0.67044 -0.05833
vn 0.10760 -0.88404 -0.45486
vn -0.84856 0.23733 0.47289
vn 0.73967 0.67044 -0.05833
vn 0.86073 0.49705 -0.10992
vn -0.14275 -0.91832 -0.36921
vn -0.76175 0.48552 0.42896
vn 0.86073 0.49705 -0.10992
vn -0.16370 -0.84544 -0.50837
vn 0.14084 0.85043 0.50688
vn 0.95271 0.08055 -0.29300
vn 0.95993 0.20243 -0.19379
vn -0.47939 -0.67975 -0.55509
vn -0.57965 -0.64979 -0.49171
vn -0.50165 0.55788 0.66114
vn -0.64407 0.45520 0.61479
vn 0.95993 0.20243 -0.19379
vn 0.95271 0.08055 -0.29300
vn 0.89381 0.43874 0.09281
vn -0.22980 -0.70578 -0.67013
vn -0.90392 0.12645 0.40858
vn 0.89381 0.43874 0.09281
vn 0.38692 0.68792 0.61405
vn 0.33381 -0.38470 -0.86057
vn -0.83615 -0.49084 0.24480
vn 0.38692 0.68792 0.61405
vn 0.47105 0.05050 -0.88066
vn -0.38279 0.10408 0.91795
vn 0.15632 0.88148 -0.44561
vn 0.13347 0.84053 -0.52507
vn -0.16174 -0.13331 -0.97779
vn -0.12868 0.01588 -0.99156
vn -0.27901 -0.89146 -0.35702
vn -0.29527 -0.92651 -0.23324
vn -0.19359 -0.64765 0.73694
vn -0.22211 -0.72917 0.64729
vn 0.18247 0.69842 0.69203
vn 0.20706 0.73612 0.64440
vn 0.13347 0.84053 -0.52507
vn 0.15632 0.88148 -0.44561
vn 0.12976 0.79724 -0.58956
vn -0.19952 -0.24452 -0.94889
vn -0.29456 -0.95467 -0.04297
vn -0.12062 -0.48636 0.86539
vn 0.25244 0.79289 0.55461
vn 0.12976 0.79724 -0.58956
vn 0.05540 0.67996 -0.73116
vn -0.19277 -0.36659 -0.91019
vn -0.19859 -0.96934 0.14471
vn 0.00044 -0.29887 0.95429
vn 0.23322 0.87762 0.41880
vn 0.05540 0.67996 -0.73116
vn -0.08840 0.43833 -0.89446
vn -0.33782 -0.58109 -0.74041
vn -0.13628 -0.78061 0.60998
vn 0.21240 0.03655 0.97650
vn 0.31639 0.94845 -0.01842
vn -0.08840 0.43833 -0.89446
vn -0.22418 0.21794 -0.94987
vn -0.47273 -0.76000 -0.44601
vn -0.05492 -0.63474 0.77077
vn 0.38492 0.33941 0.85828
vn 0.32419 0.92220 -0.21081
vn -0.22418 0.21794 -0.94987
vn -0.55059 -0.76997 -0.32249
vn 0.48653 0.38264 0.78541
vn 0.00891 0.68773 -0.72591
vn -0.43947 0.66401 -0.60494
vn -0.45606 0.66238 -0.59436
vn -0.99677 -0.07678 -0.02362
vn -0.99725 -0.04203 -0.06110
vn -0.32995 -0.69767 0.63592
vn -0.26315 -0.70060 0.66325
vn 0.70994 -0.41752 0.56715
vn 0.65602 -0.46931 0.59109
vn 0.80842 0.53921 -0.23602
vn 0.77374 0.56765 -0.28126
vn -0.45606 0.66238 -0.59436
vn -0.43947 0.66401 -0.60494
vn -0.50594 0.63186 -0.58718
vn -0.98944 -0.13888 0.04160
vn -0.12093 -0.71605 0.68750
vn 0.80209 -0.33495 0.49443
vn 0.68496 0.61530 -0.39018
vn -0.50594 0.63186 -0.58718
vn -0.70793 0.48170 -0.51653
vn -0.92708 -0.36048 0.10286
vn 0.15989 -0.76988 0.61783
vn 0.92866 -0.14231 0.34256
vn 0.44424 0.77016 -0.45771
vn -0.70793 0.48170 -0.51653
vn -0.91595 0.18567 -0.35576
vn -0.71420 -0.60416 0.35342
vn 0.60953 -0.51183 0.60540
vn 0.97254 0.22837 0.04492
vn -0.03962 0.76800 -0.63922
vn -0.91595 0.18567 -0.35576
vn -0.57736 -0.66233 0.47747
vn 0.91104 0.40931 -0.04969
vn -0.65398 0.44203 -0.61394
vn -0.93683 0.34406 -0.06305
vn -0.87370 0.45216 -0.17946
vn -0.52271 -0.59456 0.61096
vn -0.45831 -0.63360 0.62330
vn 0.87308 -0.42365 0.24134
vn 0.83630 -0.46521 0.29014
vn 0.29012 0.75950 -0.58223
vn 0.21660 0.79324 -0.56908
vn -0.93683 0.34406 -0.06305
vn -0.87370 0.45216 -0.17946
vn -0.70753 0.60719 -0.36154
vn -0.63649 -0.51914 0.57042
vn 0.69144 -0.59790 0.40549
vn 0.46414 0.67460 -0.57401
vn -0.70753 0.60719 -0.36154
vn -0.14206 0.63285 -0.76113
vn -0.87483 -0.12922 0.46688
vn 0.11983 -0.60888 0.78416
vn 0.84489 0.21340 -0.49053
vn -0.14206 0.63285 -0.76113
vn 0.28368 0.07701 -0.95582
vn -0.61917 0.77558 0.12290
vn -0.25442 -0.09571 0.96235
vn 0.64284 -0.75124 -0.14963
vn 0.28368 0.07701 -0.95582
vn -0.25257 0.96379 -0.08550
vn 0.28987 -0.95560 0.05301
vn -0.61378 0.70087 -0.36340
vn -0.61181 0.70788 -0.35298
vn -0.28211 0.78109 0.55706
vn -0.30721 0.79589 0.52171
vn 0.54433 -0.07693 0.83534
vn 0.57177 -0.12032 0.81155
vn 0.68642 -0.72645 -0.03303
vn 0.68427 -0.72917 0.00940
vn -0.00117 -0.18527 -0.98269
vn -0.02809 -0.16122 -0.98652
vn -0.61181 0.70788 -0.35298
vn -0.61378 0.70087 -0.36340
vn -0.62624 0.71812 -0.30353
vn -0.23611 0.73742 0.63282
vn 0.60226 -0.23197 0.76385
vn 0.66341 -0.73880 -0.11859
vn -0.14632 -0.11663 -0.98234
vn -0.62624 0.71812 -0.30353
vn -0.76814 0.63920 -0.03718
vn -0.22231 0.49689 0.83886
vn 0.72725 -0.35295 0.58867
vn 0.67108 -0.63869 -0.37646
vn -0.34429 0.00885 -0.93882
vn -0.76814 0.63920 -0.03718
vn -0.64304 0.74815 0.16360
vn 0.12240 0.38945 0.91288
vn 0.76295 -0.57279 0.29971
vn 0.37040 -0.66915 -0.64423
vn -0.59624 0.15866 -0.78697
vn -0.64304 0.74815 0.16360
vn 0.28509 0.35303 0.89112
vn 0.16893 -0.70893 -0.68474
vn -0.68027 0.60554 -0.41298
vn 0.08237 0.75762 0.64747
vn 0.12301 0.76720 0.62950
vn 0.67641 0.54103 -0.49976
vn 0.66418 0.58853 -0.46097
vn -0.11145 -0.64148 -0.75900
vn -0.15798 -0.66351 -0.73130
vn -0.80752 -0.26733 0.52578
vn -0.82710 -0.25005 0.50337
vn 0.08237 0.75762 0.64747
vn 0.12301 0.76720 0.62950
vn 0.21191 0.79141 0.57338
vn 0.68151 0.45966 -0.56944
vn -0.23897 -0.72082 -0.65063
vn -0.78110 -0.26054 0.56745
vn 0.21191 0.79141 0.57338
vn 0.44193 0.82413 0.35428
vn 0.72370 0.22967 -0.65077
vn -0.39438 -0.80770 -0.43828
vn -0.74942 -0.17194 0.63938
vn 0.44193 0.82413 0.35428
vn 0.65509 0.75447 0.04039
vn 0.50800 -0.16013 -0.84634
vn -0.68649 -0.72697 -0.01588
vn -0.51952 0.18098 0.83507
vn 0.65509 0.75447 0.04039
vn 0.34442 -0.28065 -0.89588
vn -0.37587 0.30264 0.87586
vn 0.25624 0.76391 -0.59227
vn 0.24108 0.74966 -0.61636
vn -0.39923 -0.71430 -0.57480
vn -0.38998 -0.68107 -0.61973
vn 0.02086 -0.04891 0.99859
vn 0.03657 -0.02163 0.99910
vn 0.24108 0.74966 -0.61636
vn 0.25624 0.76391 -0.59227
vn 0.23173 0.71633 -0.65816
vn -0.41951 -0.76531 -0.48818
vn 0.10811 0.09131 0.98994
vn 0.23173 0.71633 -0.65816
vn 0.25386 0.62843 -0.73527
vn -0.46611 -0.84359 -0.26663
vn 0.14847 0.27125 0.95099
vn 0.25386 0.62843 -0.73527
vn -0.51908 -0.80285 -0.29323
vn 0.49978 0.83557 0.22814
vn 0.40274 0.60952 -0.68285
vn 0.35391 0.60944 -0.70946
vn -0.53198 -0.67099 -0.51650
vn -0.48162 -0.57169 -0.66424
vn -0.64399 -0.74037 -0.19269
vn 0.10922 0.08452 0.99042
vn 0.35391 0.60944 -0.70946
vn 0.40274 0.60952 -0.68285
vn 0.47940 0.74293 -0.46714
vn -0.46161 -0.54989 -0.69609
vn -0.15647 -0.30918 0.93804
vn 0.47940 0.74293 -0.46714
vn 0.56931 0.80822 0.15058
vn -0.38697 -0.22716 -0.89367
vn -0.12055 -0.72436 0.67880
vn 0.56931 0.80822 0.15058
vn -0.54200 0.24642 -0.80344
vn 0.59193 -0.05482 0.80413
vn 0.15471 0.74902 -0.64423
vn 0.10967 0.75834 -0.64256
vn -0.81086 0.53898 0.22806
vn -0.79052 0.58048 0.19523
vn -0.14947 -0.63472 0.75815
vn -0.09591 -0.65604 0.74860
vn 0.93691 -0.27765 -0.21240
vn 0.94498 -0.26693 -0.18909
vn 0.15471 0.74902 -0.64423
vn 0.10967 0.75834 -0.64256
vn -0.00279 0.78246 -0.62270
vn -0.83776 0.46081 0.29292
vn 0.01160 -0.71327 0.70080
vn 0.92669 -0.26829 -0.26321
vn -0.00279 0.78246 -0.62270
vn -0.28598 0.80679 -0.51702
vn -0.91641 0.21036 0.34051
vn 0.18179 -0.78292 0.59497
vn 0.93368 -0.15521 -0.32271
vn -0.28598 0.80679 -0.51702
vn -0.48369 0.83708 -0.25562
vn -0.76988 -0.04015 0.63693
vn 0.49039 -0.82542 0.27964
vn 0.77246 0.07768 -0.63029
vn -0.48369 0.83708 -0.25562
vn -0.70795 -0.17530 0.68416
vn 0.71406 0.22702 -0.66225
vn -0.47314 0.41693 -0.77608
vn -0.51530 0.45513 -0.72617
vn -0.11340 0.32500 0.93889
vn -0.13612 0.36859 0.91957
vn 0.68941 -0.64366 -0.33228
vn 0.67177 -0.63648 -0.37897
vn -0.51530 0.45513 -0.72617
vn -0.47314 0.41693 -0.77608
vn -0.59465 0.53515 -0.60000
vn -0.03998 0.24982 0.96747
vn 0.60372 -0.61342 -0.50916
vn -0.59465 0.53515 -0.60000
vn -0.76348 0.53671 -0.35921
vn 0.14524 -0.03167 0.98889
vn 0.60996 -0.42911 -0.66619
vn -0.76348 0.53671 -0.35921
vn 0.18896 -0.06005 0.98015
vn -0.17520 0.07228 -0.98188
vn 0.98451 -0.14779 0.09431
vn -0.99724 0.07393 -0.00688
vn 0.23024 -0.65933 0.71573
vn 0.37629 -0.60018 0.70583
vn 0.99653 0.08122 0.01830
vn 0.97885 0.13483 -0.15386
vn -0.99724 0.07393 -0.00688
vn 0.98451 -0.14779 0.09431
vn -0.85426 0.36552 -0.36963
vn -0.04974 -0.66891 0.74167
vn 0.97844 -0.14469 0.14741
vn -0.85426 0.36552 -0.36963
vn -0.11711 0.72611 -0.67753
vn -0.55688 -0.47700 0.67997
vn 0.87020 -0.46541 0.16170
vn -0.11711 0.72611 -0.67753
vn -0.83466 0.12226 0.53702
vn 0.66069 0.26099 -0.70383
vn -0.52739 0.61777 0.58329
vn -0.50953 0.62186 0.59470
vn 0.74047 0.63848 0.20989
vn 0.71391 0.66589 0.21663
vn 0.58127 -0.45675 -0.67342
vn 0.54830 -0.47977 -0.68498
vn -0.86154 -0.39565 -0.31813
vn -0.86413 -0.36611 -0.34531
vn -0.52739 0.61777 0.58329
vn -0.50953 0.62186 0.59470
vn -0.44379 0.64363 0.62353
vn 0.78665 0.59058 0.17999
vn 0.46846 -0.54603 -0.69455
vn -0.86934 -0.40983 -0.27622
vn -0.44379 0.64363 0.62353
vn -0.16574 0.73012 0.66292
vn 0.90286 0.36043 0.23438
vn 0.26070 -0.69084 -0.67437
vn -0.91545 -0.30232 -0.26561
vn -0.16574 0.73012 0.66292
vn 0.22378 0.75424 0.61729
vn 0.99743 -0.00231 -0.07167
vn -0.26591 -0.73190 -0.62738
vn -0.99826 0.02360 0.05405
vn 0.22378 0.75424 0.61729
vn 0.96726 -0.19562 -0.16167
vn -0.96935 0.21372 0.12116
vn 0.91164 0.38899 -0.13265
vn 0.90713 0.39332 -0.14970
vn -0.23169 0.59933 -0.76624
vn -0.19765 0.61350 -0.76456
vn -0.97407 -0.20641 0.09261
vn -0.96277 -0.23454 0.13442
vn 0.28563 -0.40872 0.86681
vn 0.27516 -0.38199 0.88225
vn 0.91164 0.38899 -0.13265
vn 0.90713 0.39332 -0.14970
vn 0.88424 0.41438 -0.21544
vn -0.29827 0.57289 -0.76344
vn -0.92681 -0.30671 0.21670
vn 0.32052 -0.42703 0.84553
vn 0.88424 0.41438 -0.21544
vn 0.73715 0.53509 -0.41266
vn -0.40133 0.40942 -0.81934
vn -0.81642 -0.47839 0.32342
vn 0.39773 -0.36230 0.84294
vn 0.73715 0.53509 -0.41266
vn 0.47652 0.59124 -0.65067
vn -0.70243 0.12430 -0.70082
vn -0.49472 -0.57092 0.65521
vn 0.71095 -0.08813 0.69770
vn 0.47652 0.59124 -0.65067
vn -0.77360 -0.03292 -0.63281
vn 0.77245 0.08658 0.62915
vn -0.22177 0.40055 -0.88903
vn -0.16753 0.37693 -0.91097
vn -0.43094 0.46427 0.77378
vn -0.51719 0.46106 0.72107
vn 0.70623 -0.70196 0.09213
vn 0.68317 -0.72975 -0.02728
vn -0.16753 0.37693 -0.91097
vn -0.22177 0.40055 -0.88903
vn -0.28924 0.48924 -0.82279
vn -0.37155 0.38030 0.84695
vn 0.67057 -0.71340 -0.20346
vn -0.28924 0.48924 -0.82279
vn -0.46176 0.60845 -0.64542
vn -0.23525 0.12119 0.96435
vn 0.66769 -0.63367 -0.39070
vn -0.46176 0.60845 -0.64542
vn -0.21397 -0.02302 0.97657
vn 0.20793 0.04802 -0.97696
vn -0.94820 0.00764 -0.31758
vn -0.87634 0.11994 -0.46652
vn -0.04082 -0.45669 0.88869
vn 0.11136 -0.43595 0.89306
vn 0.91507 0.33100 -0.23038
vn 0.95955 0.26500 -0.09504
vn -0.87634 0.11994 -0.46652
vn -0.94820 0.00764 -0.31758
vn -0.63605 0.27416 -0.72130
vn -0.31939 -0.46723 0.82443
vn 0.97353 0.09208 0.20918
vn -0.63605 0.27416 -0.72130
vn -0.04555 0.50248 -0.86339
vn -0.77125 -0.28025 0.57151
vn 0.89228 -0.26312 0.36689
vn -0.04555 0.50248 -0.86339
vn -0.95226 -0.07003 0.29715
vn 0.77978 0.32200 -0.53689
vn -0.94642 0.32134 0.03215
vn -0.94177 0.33139 0.05698
vn 0.15147 0.62008 0.76978
vn 0.11817 0.63095 0.76677
vn 0.98485 -0.16928 -0.03767
vn 0.97729 -0.19702 -0.07802
vn -0.18837 -0.46299 -0.86611
vn -0.17513 -0.44835 -0.87654
vn -0.94642 0.32134 0.03215
vn -0.94177 0.33139 0.05698
vn -0.92198 0.36194 0.13768
vn 0.21840 0.59801 0.77116
vn 0.94991 -0.26908 -0.15897
vn -0.23207 -0.47374 -0.84954
vn -0.92198 0.36194 0.13768
vn -0.77962 0.54490 0.30867
vn 0.34471 0.46635 0.81467
vn 0.84576 -0.48197 -0.22891
vn -0.34171 -0.42482 -0.83831
vn -0.77962 0.54490 0.30867
vn -0.53910 0.68048 0.49630
vn 0.64067 0.24899 0.72633
vn 0.55647 -0.66237 -0.50161
vn -0.64898 -0.21502 -0.72978
vn -0.53910 0.68048 0.49630
vn 0.71099 0.09783 0.69637
vn -0.71028 -0.04855 -0.70224
vn -0.21577 0.53176 0.81895
vn -0.17612 0.55627 0.81213
vn 0.60015 0.79008 -0.12487
vn 0.56837 0.81954 -0.07292
vn 0.24079 -0.36338 -0.89999
vn 0.18899 -0.41324 -0.89079
vn -0.79610 -0.56185 0.22485
vn -0.81856 -0.53822 0.20070
vn -0.21577 0.53176 0.81895
vn -0.17612 0.55627 0.81213
vn -0.07169 0.62751 0.77530
vn 0.64491 0.72899 -0.22949
vn 0.08001 -0.53535 -0.84083
vn -0.78051 -0.56005 0.27774
vn -0.07169 0.62751 0.77530
vn 0.28194 0.70863 0.64680
vn 0.78439 0.46573 -0.40966
vn -0.18955 -0.64897 -0.73682
vn -0.81262 -0.41521 0.40896
vn 0.28194 0.70863 0.64680
vn 0.37386 0.89670 0.23697
vn 0.66141 0.15366 -0.73412
vn -0.38710 -0.88529 -0.25770
vn -0.67100 -0.11422 0.73261
vn 0.37386 0.89670 0.23697
vn 0.60288 -0.01750 -0.79764
vn -0.62598 0.06895 0.77679
vn -0.00605 0.54329 -0.83952
vn -0.06271 0.58715 -0.80705
vn -0.58021 0.37582 0.72258
vn -0.58876 0.43776 0.67950
vn 0.70589 -0.70649 -0.05085
vn 0.71475 -0.69350 -0.09051
vn -0.06271 0.58715 -0.80705
vn -0.00605 0.54329 -0.83952
vn -0.18841 0.67101 -0.71712
vn -0.53063 0.26423 0.80537
vn 0.71956 -0.64967 -0.24526
vn -0.18841 0.67101 -0.71712
vn -0.41343 0.71712 -0.56109
vn -0.34176 -0.05428 0.93822
vn 0.74148 -0.53487 -0.40513
vn -0.41343 0.71712 -0.56109
vn -0.29290 -0.07327 0.95333
vn 0.26163 0.15479 -0.95268
vn -0.74938 -0.15466 0.64382
vn -0.95313 0.28458 0.10271
vn 0.67768 0.47232 0.56361
vn 0.64021 0.50437 0.57944
vn 0.24371 -0.91932 -0.30897
vn 0.13769 -0.67777 -0.72227
vn -0.95313 0.28458 0.10271
vn -0.74938 -0.15466 0.64382
vn -0.90225 0.37412 0.21445
vn 0.75010 0.41362 0.51602
vn 0.00594 -0.68031 -0.73290
vn -0.90225 0.37412 0.21445
vn -0.79093 0.41183 0.45256
vn 0.90471 0.20186 0.37516
vn -0.16724 -0.51576 -0.84025
vn -0.79093 0.41183 0.45256
vn 0.90162 0.19922 0.38392
vn -0.92714 -0.13763 -0.34852
vn -0.34087 -0.35375 0.87102
vn -0.48223 -0.30884 0.81980
vn 0.96528 0.16992 -0.19838
vn 0.91746 0.23105 -0.32386
vn -0.63411 0.34397 -0.69252
vn -0.44541 0.38890 -0.80646
vn -0.48223 -0.30884 0.81980
vn -0.34087 -0.35375 0.87102
vn -0.77486 -0.24112 0.58434
vn 0.99422 0.03151 0.10261
vn 0.03578 0.42146 -0.90614
vn -0.77486 -0.24112 0.58434
vn -0.99923 0.03698 -0.01338
vn 0.62359 -0.02438 0.78137
vn 0.57657 0.00355 -0.81704
vn -0.99923 0.03698 -0.01338
vn 0.32481 -0.06963 0.94321
vn -0.50351 0.10410 -0.85770
vn 0.91608 -0.02451 -0.40025
vn 0.88254 0.01959 -0.46983
vn -0.75978 0.59604 -0.25973
vn -0.72701 0.62466 -0.28507
vn 0.00341 -0.52871 0.84879
vn 0.06970 -0.55026 0.83208
vn 0.88254 0.01959 -0.46983
vn 0.91608 -0.02451 -0.40025
vn 0.79003 0.12930 -0.59928
vn -0.81403 0.55275 -0.17835
vn 0.22971 -0.59760 0.76818
vn 0.79003 0.12930 -0.59928
vn 0.58457 0.28006 -0.76148
vn -0.95127 0.30768 0.02029
vn 0.45281 -0.51743 0.72611
vn 0.58457 0.28006 -0.76148
vn -0.97415 0.22470 -0.02310
vn 0.98545 -0.16989 -0.00518
vn 0.06188 -0.14820 0.98702
vn 0.12458 -0.11323 0.98573
vn 0.63812 0.61435 -0.46409
vn 0.65519 0.63221 -0.41356
vn -0.84222 -0.39142 -0.37075
vn -0.85039 -0.41194 -0.32731
vn 0.12458 -0.11323 0.98573
vn 0.06188 -0.14820 0.98702
vn 0.26090 -0.03172 0.96485
vn 0.57853 0.59472 -0.55822
vn -0.85781 -0.47719 -0.19092
vn 0.26090 -0.03172 0.96485
vn 0.48289 0.07356 0.87259
vn 0.41347 0.43957 -0.79738
vn -0.88695 -0.46186 -0.00191
vn 0.48289 0.07356 0.87259
vn 0.41488 0.35782 -0.83657
vn -0.40044 -0.32832 0.85549
vn -0.45351 -0.54274 -0.70694
vn -0.38367 -0.51844 -0.76421
vn -0.54743 0.74692 0.37740
vn -0.64995 0.66773 0.36292
vn 0.98372 -0.07944 0.16120
vn 0.96937 -0.20938 0.12839
vn -0.38367 -0.51844 -0.76421
vn -0.45351 -0.54274 -0.70694
vn -0.51732 -0.44329 -0.73204
vn -0.47187 0.76412 0.43984
vn 0.94430 -0.32689 0.03787
vn -0.51732 -0.44329 -0.73204
vn -0.66311 -0.24004 -0.70898
vn -0.28219 0.72930 0.62329
vn 0.87580 -0.48090 -0.04128
vn -0.66311 -0.24004 -0.70898
vn -0.24977 0.63916 0.72738
vn 0.19925 -0.60828 -0.76831
vn 0.25566 -0.85508 -0.45108
vn 0.24383 -0.82873 -0.50373
vn -0.16261 0.88833 -0.42945
vn -0.14636 0.87749 -0.45671
vn 0.07738 -0.07904 0.99386
vn 0.08228 -0.12302 0.98899
vn 0.24383 -0.82873 -0.50373
vn 0.25566 -0.85508 -0.45108
vn 0.21281 -0.75580 -0.61926
vn -0.17202 0.91649 -0.36119
vn 0.09701 -0.25203 0.96285
vn 0.21281 -0.75580 -0.61926
vn 0.19713 -0.60147 -0.77419
vn -0.36561 0.91728 -0.15790
vn 0.22313 -0.31990 0.92080
vn 0.19713 -0.60147 -0.77419
vn -0.53156 0.81949 -0.21421
vn 0.54969 -0.81066 0.20165
vn -0.98886 -0.14864 0.00815
vn -0.99515 0.07303 -0.06592
vn 0.38507 0.91143 0.14495
vn -0.49780 0.84178 0.20882
vn 0.62198 -0.74057 -0.25436
vn 0.37010 -0.91097 -0.18212
vn -0.99515 0.07303 -0.06592
vn -0.98886 -0.14864 0.00815
vn -0.98542 -0.14051 -0.09592
vn 0.28784 0.94591 0.14968
vn 0.68303 -0.72192 -0.11095
vn -0.98542 -0.14051 -0.09592
vn -0.76214 -0.59162 -0.26292
vn -0.03577 0.99668 0.07311
vn 0.86950 -0.42486 0.25192
vn -0.76214 -0.59162 -0.26292
vn -0.23274 0.95583 -0.17950
vn 0.16854 -0.97827 0.12075
vn -0.40922 -0.77547 -0.48082
vn 0.77528 -0.21653 0.59335
vn -0.10798 0.98770 0.11309
vn 0.81073 0.58129 -0.06945
vn -0.51089 0.56929 -0.64412
vn -0.72168 -0.67005 0.17380
vn 0.54162 -0.54274 0.64194
vn 0.81073 0.58129 -0.06945
vn -0.27424 0.76175 -0.58696
vn 0.29616 -0.73004 0.61590
vn -0.50160 -0.66378 0.55480
vn 0.76092 -0.34371 -0.55034
vn -0.03064 0.98507 -0.16939
vn -0.28268 0.69354 -0.66264
vn -0.41151 0.45785 0.78806
vn 0.36344 -0.76923 0.52553
vn 0.40479 -0.42499 -0.80965
vn -0.28268 0.69354 -0.66264
vn -0.34912 0.74648 0.56646
vn 0.37819 -0.71272 -0.59076
vn 0.67630 0.33665 0.65520
vn 0.70485 -0.63195 0.32220
vn -0.02299 -0.93493 -0.35409
vn -0.69570 -0.35714 -0.62326
vn -0.66043 0.67560 -0.32771
vn -0.02163 0.97002 0.24207
vn 0.67630 0.33665 0.65520
vn 0.70320 0.00425 0.71098
vn 0.56862 -0.76869 0.29288
vn -0.21062 -0.81197 -0.54438
vn -0.64666 -0.08287 -0.75826
vn -0.49300 0.83477 -0.24520
vn 0.10363 0.89694 0.42984
vn 0.70320 0.00425 0.71098
vn 0.51680 -0.82936 0.21230
vn -0.69647 0.03917 -0.71652
vn 0.24931 0.85806 0.44898
vn 0.87779 -0.04179 -0.47722
vn 0.08018 -0.97778 -0.19370
vn -0.84536 -0.39872 0.35551
vn -0.58651 0.71384 0.38266
vn 0.43849 0.89092 -0.11825
vn 0.87779 -0.04179 -0.47722
vn 0.05080 -0.94138 -0.33351
vn -0.54836 0.65079 0.52515
vn 0.75066 0.50720 -0.42339
vn -0.00818 0.43185 0.90191
vn 0.66650 0.74509 -0.02510
vn 0.34997 -0.00721 -0.93673
vn -0.45210 -0.74801 -0.48588
vn -0.65167 -0.46352 0.60040
vn -0.00818 0.43185 0.90191
vn 0.51171 0.82202 0.24988
vn -0.39290 -0.50828 -0.76634
vn -0.25671 -0.42292 0.86905
vn 0.96637 0.23471 -0.10509
vn 0.61880 -0.63074 -0.46825
vn -0.38663 -0.85059 -0.35639
vn -0.95458 -0.25119 0.16023
vn -0.58767 0.67018 0.45333
vn 0.27077 0.91373 0.30296
vn 0.96637 0.23471 -0.10509
vn 0.98411 -0.08277 -0.15710
vn 0.49302 -0.76763 -0.40949
vn -0.64906 -0.71160 -0.26896
vn -0.99853 0.02625 0.04733
vn -0.39769 0.83284 0.38500
vn 0.49951 0.80053 0.33113
vn 0.98411 -0.08277 -0.15710
vn 0.38546 -0.83832 -0.38554
vn -0.97360 0.10804 0.20108
vn 0.58965 0.80124 0.10160
vn -0.33933 -0.07863 -0.93738
vn -0.42257 -0.87272 -0.24452
vn -0.07699 -0.71058 0.69939
vn 0.31844 0.15191 0.93569
vn 0.38205 0.89879 0.21497
vn 0.02649 0.70253 -0.71116
vn -0.33933 -0.07863 -0.93738
vn -0.56182 -0.80531 -0.18933
vn 0.42671 0.12194 0.89613
vn 0.01967 0.70206 -0.71185
vn 0.86565 0.38786 -0.31656
vn -0.53193 0.57829 -0.61857
vn -0.77269 -0.47903 0.41651
vn 0.56525 -0.55743 0.60808
vn 0.86565 0.38786 -0.31656
vn -0.25042 0.80074 -0.54415
vn 0.28050 -0.77404 0.56760
vn -0.47664 0.55730 -0.67987
vn -0.99224 0.11860 -0.03731
vn -0.50007 -0.54254 0.67497
vn 0.43296 -0.62063 0.65373
vn 0.99952 0.01193 0.02864
vn 0.54514 0.56287 -0.62129
vn -0.47664 0.55730 -0.67987
vn -0.67819 0.36907 -0.63548
vn -0.97589 -0.21417 -0.04204
vn -0.27179 -0.63263 0.72519
vn 0.58406 -0.36653 0.72425
vn 0.94223 0.32766 -0.06963
vn 0.33523 0.64250 -0.68907
vn -0.67819 0.36907 -0.63548
vn -0.96542 -0.24997 0.07409
vn 0.68385 -0.40285 0.60833
vn 0.21360 0.73814 -0.63994
vn -0.15647 0.18772 0.96968
vn 0.56138 -0.81274 0.15591
vn 0.10860 -0.07073 -0.99157
vn -0.54385 0.83160 -0.11258
vn -0.15647 0.18772 0.96968
vn 0.58652 -0.78623 0.19449
vn -0.55816 0.81538 -0.15365
vn -0.62334 0.31598 -0.71526
vn -0.18487 0.32797 0.92642
vn 0.76499 -0.60567 -0.21897
vn -0.62334 0.31598 -0.71526
vn -0.23974 0.45156 0.85943
vn 0.25331 -0.44096 -0.86104
vn 0.94131 0.17116 0.29094
vn 0.42397 -0.89068 -0.16413
vn -0.74049 -0.55601 -0.37751
vn -0.84025 0.53510 -0.08740
vn 0.18175 0.93708 0.29806
vn 0.94131 0.17116 0.29094
vn 0.49616 -0.84201 -0.21176
vn -0.84169 0.50652 -0.18706
vn 0.58624 0.61818 0.52362
vn 0.64413 -0.75078 -0.14633
vn -0.98777 -0.15498 0.01722
vn -0.06155 0.98699 0.14853
vn 0.77285 0.63445 -0.01348
vn -0.49395 -0.59559 -0.63347
vn -0.34806 0.02032 0.93725
vn 0.22851 0.32598 -0.91735
vn -0.03020 -0.81826 -0.57405
vn -0.27407 -0.75660 0.59367
vn -0.10242 0.36210 0.92650
vn 0.14991 0.98711 -0.05596
vn 0.22851 0.32598 -0.91735
vn 0.39065 0.06550 -0.91821
vn 0.05997 -0.89840 -0.43506
vn -0.41599 -0.56094 0.71575
vn -0.31154 0.50472 0.80511
vn 0.21125 0.95744 -0.19666
vn 0.39065 0.06550 -0.91821
vn -0.07395 -0.91820 -0.38915
vn -0.20618 0.56727 0.79730
vn 0.35182 0.60046 -0.71810
vn -0.90984 0.01241 -0.41476
vn -0.47576 -0.80213 0.36089
vn 0.61245 -0.47333 0.63314
vn 0.83841 0.54469 0.01954
vn -0.08394 0.80339 -0.58951
vn -0.90984 0.01241 -0.41476
vn -0.45985 -0.82376 0.33160
vn 0.77507 0.61634 0.13924
vn -0.62766 0.33085 -0.70469
vn 0.46632 -0.21895 -0.85709
vn -0.65296 0.58034 -0.48667
vn -0.37577 0.14655 0.91505
vn 0.67008 -0.58812 0.45289
vn 0.46632 -0.21895 -0.85709
vn -0.37575 0.62252 -0.68650
vn 0.42171 -0.61628 0.66510
vn -0.78806 0.45052 0.41951
vn 0.22860 -0.10168 0.96820
vn 0.88435 -0.46365 0.05437
vn 0.34250 -0.17283 -0.92349
vn -0.66780 0.38008 -0.63999
vn -0.78806 0.45052 0.41951
vn 0.18877 -0.20610 0.96015
vn 0.36750 -0.05356 -0.92848
vn -0.86023 0.50465 -0.07301
vn 0.72137 0.67770 0.14263
vn 0.36135 -0.46750 -0.80677
vn -0.80257 -0.59528 -0.03890
vn -0.37117 0.49258 0.78715
vn 0.72137 0.67770 0.14263
vn 0.41133 -0.47607 -0.77728
vn -0.42860 0.50609 0.74845
vn -0.06525 -0.50530 -0.86047
vn -0.40411 -0.38180 0.83122
vn 0.40209 0.88381 0.23916
vn 0.86938 0.27828 0.40834
vn -0.51513 0.12073 -0.84856
vn -0.58189 -0.77497 0.24661
vn 0.86938 0.27828 0.40834
vn -0.25576 0.64273 -0.72214
vn 0.16982 -0.67551 0.71753
vn -0.64319 0.46727 -0.60660
vn -0.67088 -0.44003 0.59691
vn 0.73626 -0.39366 0.55042
vn 0.64195 0.47946 -0.59834
vn -0.64319 0.46727 -0.60660
vn -0.70760 -0.49063 0.50851
vn 0.67247 0.53571 -0.51068
vn -0.72020 0.18617 0.66832
vn 0.87915 -0.39906 0.26047
vn -0.07469 0.20475 -0.97596
vn 0.25562 0.18199 -0.94949
vn -0.84640 0.36111 0.39143
vn 0.64936 -0.48956 0.58195
vn 0.25562 0.18199 -0.94949
vn -0.84189 0.49944 0.20439
vn 0.84916 -0.48821 -0.20145
vn 0.13394 0.43882 0.88854
vn 0.93202 -0.31090 -0.18622
vn -0.27662 -0.37187 -0.88611
vn -0.92274 0.34312 0.17558
vn 0.13394 0.43882 0.88854
vn 0.92237 -0.36777 -0.11819
vn -0.90708 0.40866 0.10100
vn 0.57447 0.39019 -0.71954
vn -0.84135 -0.08800 -0.53328
vn -0.48852 -0.35972 0.79495
vn 0.85050 0.13117 0.50935
vn 0.57447 0.39019 -0.71954
vn -0.78795 -0.12797 -0.60229
vn 0.79809 0.17642 0.57613
vn -0.66210 0.61299 -0.43113
vn 0.19036 -0.29819 0.93533
vn 0.61174 -0.29078 -0.73568
vn -0.66210 0.61299 -0.43113
vn 0.10665 -0.30926 0.94498
vn -0.07982 0.31544 -0.94558
vn -0.73317 0.39690 -0.55220
vn 0.07481 -0.35810 0.93068
vn 0.80149 0.02149 -0.59762
vn -0.58944 0.38665 0.70927
vn 0.84615 -0.02361 0.53242
vn 0.50162 -0.36513 -0.78426
vn -0.85507 0.06193 -0.51481
vn -0.58944 0.38665 0.70927
vn 0.80515 -0.05729 0.59030
vn -0.81546 0.10352 -0.56948
vn 0.69895 0.51147 0.49986
vn 0.51911 -0.10415 -0.84834
vn -0.77467 -0.47707 -0.41507
vn -0.49721 0.14989 0.85459
vn 0.69895 0.51147 0.49986
vn 0.56211 -0.12573 -0.81745
vn -0.54255 0.18072 0.82036
vn -0.83469 0.38352 0.39524
vn 0.57104 -0.58709 0.57378
vn 0.28639 0.19940 -0.93713
vn 0.23396 0.16755 0.95770
vn 0.69186 -0.15314 -0.70560
vn -0.90772 -0.03727 -0.41793
vn -0.72298 0.26101 0.63967
vn 0.99389 0.10049 0.04563
vn -0.49661 -0.39709 -0.77181
vn -0.52537 0.26120 -0.80979
vn -0.39464 -0.13650 0.90864
vn 0.98995 -0.14076 0.01352
vn 0.92805 0.36744 -0.06089
vn -0.58764 -0.02267 -0.80880
vn -0.39516 -0.33990 0.85341
vn -0.87652 -0.29092 -0.38351
vn 0.33848 0.68171 0.64861
vn 0.67647 -0.52063 -0.52090
vn -0.87652 -0.29092 -0.38351
vn 0.21018 0.66140 0.71999
vn -0.18237 -0.64435 -0.74267
vn -0.44462 0.32488 -0.83473
vn 0.00195 0.52996 0.84802
vn 0.51896 -0.83240 0.19439
vn -0.23102 -0.85603 0.46243
vn -0.38911 0.76425 -0.51431
vn 0.96745 0.23368 -0.09716
vn -0.23102 -0.85603 0.46243
vn -0.76707 0.39898 -0.50241
vn 0.88023 -0.23803 0.41053
vn 0.08672 0.53725 0.83895
vn 0.05794 0.48021 0.87524
vn 0.93624 0.27063 -0.22408
vn 0.58228 0.28847 -0.76009
vn -0.58981 0.44912 -0.67113
vn -0.76842 0.63796 0.05041
vn 0.05794 0.48021 0.87524
vn 0.08672 0.53725 0.83895
vn 0.02654 0.20073 0.97929
vn 0.83523 0.31729 -0.44912
vn -0.83411 0.32695 -0.44425
vn 0.02654 0.20073 0.97929
vn 0.02442 -0.00367 0.99970
vn 0.83904 0.31411 -0.44425
vn -0.86631 0.17423 -0.46814
vn 0.02442 -0.00367 0.99970
vn 0.01417 0.02257 0.99964
vn 0.84863 0.24196 -0.47040
vn -0.86504 0.10386 -0.49084
vn 0.01417 0.02257 0.99964
vn 0.00354 0.12183 0.99254
vn 0.85065 0.20873 -0.48253
vn -0.86391 0.07318 -0.49830
vn 0.00354 0.12183 0.99254
vn 0.01173 0.06762 0.99764
vn 0.85913 0.14296 -0.49138
vn -0.86548 0.06237 -0.49705
vn 0.01173 0.06762 0.99764
vn 0.01444 -0.02348 0.99962
vn 0.86211 0.11849 -0.49267
vn -0.86371 0.12180 -0.48905
vn 0.01444 -0.02348 0.99962
vn 0.01167 0.02870 0.99952
vn 0.86239 0.11240 -0.49361
vn -0.86220 0.11789 -0.49266
vn 0.01167 0.02870 0.99952
vn 0.01283 0.14017 0.99004
vn 0.86379 0.02002 -0.50346
vn -0.86766 0.01628 -0.49689
vn 0.01283 0.14017 0.99004
vn 0.01103 0.21975 0.97549
vn 0.86250 -0.04492 -0.50406
vn -0.86906 -0.04099 -0.49301
vn 0.01103 0.21975 0.97549
vn 0.01096 0.18290 0.98307
vn 0.86145 0.00363 -0.50782
vn -0.87014 -0.02850 -0.49198
vn 0.01096 0.18290 0.98307
vn 0.01409 0.07704 0.99693
vn 0.85401 0.08488 -0.51329
vn -0.87223 -0.04462 -0.48706
vn 0.01409 0.07704 0.99693
vn 0.01564 0.06398 0.99783
vn 0.85007 0.10701 -0.51568
vn -0.87184 -0.08050 -0.48312
vn 0.01564 0.06398 0.99783
vn 0.00848 0.11711 0.99308
vn 0.84904 0.10319 -0.51815
vn -0.87030 -0.10823 -0.48048
vn 0.00848 0.11711 0.99308
vn 0.01820 0.07280 0.99718
vn 0.85225 0.07461 -0.51779
vn -0.87391 -0.07221 -0.48069
vn 0.01820 0.07280 0.99718
vn 0.02954 -0.07268 0.99692
vn 0.85099 0.09673 -0.51620
vn -0.88132 0.03723 -0.47106
vn 0.02954 -0.07268 0.99692
vn 0.03135 -0.17292 0.98444
vn 0.85062 0.12491 -0.51073
vn -0.87995 0.11039 -0.46205
vn 0.03135 -0.17292 0.98444
vn 0.02977 -0.14017 0.98968
vn 0.85239 0.08440 -0.51604
vn -0.87960 0.09773 -0.46557
vn 0.02977 -0.14017 0.98968
vn 0.03177 -0.03553 0.99886
vn 0.85047 0.01912 -0.52567
vn -0.88156 0.05424 -0.46895
vn 0.03177 -0.03553 0.99886
vn 0.03444 -0.02141 0.99918
vn 0.85137 0.01659 -0.52431
vn -0.88044 0.03927 -0.47253
vn 0.03444 -0.02141 0.99918
vn 0.03167 -0.09451 0.99502
vn 0.84952 0.08871 -0.52004
vn -0.88033 0.02758 -0.47357
vn 0.03167 -0.09451 0.99502
vn 0.03201 -0.09851 0.99462
vn 0.84584 0.13579 -0.51587
vn -0.87961 -0.02413 -0.47509
vn 0.03201 -0.09851 0.99462
vn 0.01815 0.04985 0.99859
vn 0.84907 0.10462 -0.51781
vn -0.86977 -0.13498 -0.47464
vn 0.01815 0.04985 0.99859
vn -0.06586 0.67652 0.73348
vn 0.77116 0.57918 -0.26430
vn -0.64744 0.66891 -0.36522
vn -0.06586 0.67652 0.73348
vn -0.11925 0.97846 0.16852
vn -0.12030 0.84524 -0.52067
vn -0.11925 0.97846 0.16852
vn 0.29962 -0.94329 -0.14292
vn 0.08107 -0.99661 -0.01396
vn 0.46855 -0.85641 0.21683
vn -0.13883 -0.98049 -0.13914
vn -0.33445 -0.91513 0.22512
vn -47.64492 15.25367 -9.91396
vn -50.14009 5.14431 -7.77859
vn -46.78857 9.00351 -18.18698
vn -47.89085 7.24782 -15.96671
vn -43.08408 20.80424 -17.66196
vn 37.53336 -3.85040 34.31357
vn 38.74974 2.54594 33.06017
vn 41.91259 -1.83796 28.99924
vn 41.72740 -3.18869 29.14886
vn 42.18839 5.53858 28.11518
vn -45.89525 -7.83951 -20.81267
vn -45.84161 -10.03740 -19.96991
vn -41.65024 -10.59975 -27.45727
vn -45.04974 -12.71093 -20.24727
vn -45.07609 -10.63743 -21.35395
vn 30.16386 10.40901 39.78434
vn 31.18309 12.81260 38.26816
vn 34.42164 10.44345 36.15363
vn 31.92237 7.84823 38.99188
vn 33.13638 10.23597 37.39258
vn -6.51208 1.47685 -50.56097
vn -6.58050 -11.00883 -49.36094
vn -0.28548 -5.99738 -50.64533
vn 6.75007 -11.15645 -49.30487
vn 6.20470 1.22450 -50.60635
vn -1.22577 6.02449 50.62808
vn -1.38393 9.64518 50.06051
vn 0.63686 7.30042 50.47076
vn 2.92582 5.81037 50.58338
vn 2.62389 9.41703 50.05431
vn -1.05918 17.09137 -48.03918
vn -3.31930 10.16622 -49.86612
vn 1.31292 9.03910 -50.17540
vn 7.70465 9.16352 -49.57487
vn 7.20157 15.77077 -47.96270
vn -2.77278 -4.16146 50.75425
vn -1.55512 2.24775 50.92670
vn 0.87657 -3.15816 50.89457
vn 4.86871 -4.86355 50.53357
vn 5.22292 1.40175 50.71247
vn -50.53926 3.37043 5.95176
vn -50.57457 1.34323 6.43492
vn -50.92432 1.85036 -2.07107
vn -50.42546 1.94060 7.38283
vn -50.36507 4.55466 6.60410
vn 44.77283 -1.13956 24.39457
vn 44.71959 2.40388 24.40040
vn 47.81530 0.42969 17.73450
vn 45.41256 -0.24804 23.20856
vn 45.34221 3.74143 23.04529
vn -45.61833 3.68138 22.50367
vn -43.73961 -5.15841 25.71453
vn -48.12841 -4.00874 16.38859
vn -45.42627 -9.01632 21.35789
vn -48.27526 6.67729 15.03037
vn 50.42234 7.40810 1.92548
vn 48.88788 14.51958 -0.39544
vn 49.91353 9.06132 -5.24710
vn 50.59012 5.09676 -3.95755
vn 48.15128 15.14798 -7.27965
vn -49.42109 -9.71864 8.00650
vn -48.14161 -13.58316 9.94399
vn -49.27629 -13.12357 0.78645
vn -47.44570 -17.26274 7.20436
vn -48.98449 -13.37077 4.76886
vn 47.99981 11.91498 12.45196
vn 47.76485 13.81517 11.34284
vn 48.76605 12.47082 8.20676
vn 48.74426 10.30622 10.89853
vn 48.56770 12.25490 9.59144
vn -50.75949 -3.24549 3.73357
vn -49.21834 -12.41888 4.93216
vn -50.03887 -8.63762 -4.74370
vn -48.78575 -14.42242 -3.59778
vn -50.60748 -3.42715 -5.30449
vn 48.18331 7.82359 14.77023
vn 47.81987 10.48347 14.29535
vn 48.87546 9.15499 11.33027
vn 48.96332 7.50432 12.13581
vn 48.53252 10.63209 11.51314
vn -45.29271 7.77211 22.11707
vn -44.95315 3.69947 23.80185
vn -48.30561 3.24839 16.03169
vn -45.47098 3.39977 22.84362
vn -45.86955 10.03443 19.90714
vn 50.97631 -0.70398 1.38547
vn 50.65573 5.90720 -0.31941
vn 50.69118 0.70768 -5.55903
vn 50.80225 -1.95174 -4.04007
vn 50.29872 5.77878 -6.13546
vn 7.41007 0.73907 50.45338
vn 7.77678 -2.71374 50.33047
vn -0.44024 -1.88860 50.96312
vn 7.10559 -2.95942 50.41579
vn 6.65252 1.11553 50.55194
vn 23.98890 3.27008 -44.88696
vn 23.73572 5.36326 -44.82020
vn 16.84452 3.59832 -48.00327
vn 24.59931 3.03006 -44.57233
vn 24.25821 5.75096 -44.49118
vn -2.79717 13.63113 49.06494
vn -0.88270 5.68737 50.67419
vn -10.93518 9.42454 48.91420
vn -5.96871 12.13556 49.17421
vn -8.53474 19.70909 46.25699
vn 29.71170 -4.48365 -41.20815
vn 28.78725 2.16710 -42.04281
vn 23.39534 -1.56340 -45.29032
vn 24.30262 -0.95720 -44.82706
vn 23.66686 6.37478 -44.72406
vn 15.43402 -2.08016 48.56402
vn 17.46454 -11.27834 46.57025
vn 7.60448 -8.90936 49.63663
vn 14.92182 -14.06045 46.69735
vn 10.77161 1.61278 49.82340
vn 13.45216 11.01890 -47.94396
vn 12.29022 16.13225 -46.79423
vn 7.14574 12.61592 -48.89557
vn 11.60933 9.56538 -48.73117
vn 9.59624 18.30766 -46.62340
vn 47.19796 -3.00818 19.08672
vn 47.39706 -7.76606 17.15245
vn 43.32887 -8.35321 25.57014
vn 46.60209 -10.08373 18.09870
vn 46.64886 -4.43713 20.12948
vn -26.84109 12.26684 -41.59423
vn -26.49395 13.70172 -41.36826
vn -32.28452 11.59976 -37.73798
vn -25.69436 11.46242 -42.53719
vn -25.16832 13.64550 -42.20610
vn 38.65790 17.15952 28.49767
vn 41.81066 8.54034 27.92725
vn 35.05468 11.60805 35.17701
vn 40.70307 9.60960 29.18758
vn 33.02365 22.52947 31.66798
vn -17.62569 -6.81655 -47.36950
vn -19.94375 -0.08804 -46.93867
vn -24.64431 -4.89650 -44.38110
vn -20.83372 -6.39833 -46.10876
vn -24.86308 3.34526 -44.40310
vn 31.90821 -3.91959 39.59169
vn 32.94938 -9.42465 37.76921
vn 24.28477 -8.57413 44.01970
vn 30.07251 -12.84122 39.13754
vn 28.97010 -6.74867 41.42690
vn -9.20279 8.57371 -49.42469
vn -9.22209 9.44671 -49.26167
vn -13.29591 8.85978 -48.43267
vn -9.49555 7.95287 -49.47309
vn -9.65592 9.04543 -49.25386
vn 50.18628 8.94402 -1.52999
vn 50.92776 0.68944 -2.62441
vn 50.37586 3.97310 6.89109
vn 50.97796 1.13908 -0.97443
vn 49.31858 12.82263 2.06345
vn -42.37383 -0.65011 -28.37315
vn -42.90665 3.20591 -27.38140
vn -45.83788 0.19072 -22.35736
vn -41.74405 -0.55675 -29.29375
vn -42.85086 6.12922 -26.96731
vn 47.90001 10.61366 13.92621
vn 49.23397 2.52402 13.06312
vn 45.48512 5.54372 22.39132
vn 48.67936 2.78469 14.95209
vn 45.80769 14.37830 17.20233
vn -32.51182 -2.08587 -39.23812
vn -33.33554 1.97898 -38.54640
vn -37.28474 -0.95036 -34.78425
vn -33.15284 -1.83262 -38.71086
vn -34.52785 4.38544 -37.27726
vn -4.13933 -0.89966 -50.82378
vn -5.71703 -4.65642 -50.46418
vn 0.06017 -4.82370 -50.77133
vn -2.85855 -5.92434 -50.57401
vn -1.03660 -1.68932 -50.96147
vn -18.69230 10.61656 46.24809
vn -17.14333 13.99307 45.94888
vn -10.44274 9.50536 49.00610
vn -17.77344 10.00086 46.74492
vn -15.59479 14.54867 46.32644
vn 46.50734 8.31382 19.20800
vn 48.34435 -0.65485 16.22943
vn 44.02103 1.30202 25.71873
vn 46.44749 -2.54540 20.90816
vn 42.04698 12.39750 26.06441
vn -31.86126 2.73144 -39.72906
vn -33.00216 10.04146 -37.56363
vn -37.13449 4.77134 -34.63039
vn -36.45841 1.42365 -35.63366
vn -37.77481 11.53157 -32.26587
vn 40.18301 -10.48983 29.60217
vn 40.75430 -14.93964 26.77487
vn 34.45538 -14.64480 34.63172
vn 37.84189 -19.36441 28.17819
vn 37.22320 -14.99907 31.47159
vn -23.46598 13.13469 -43.33390
vn -23.62621 14.47714 -42.81606
vn -26.78150 13.56052 -41.22939
vn -24.43703 11.78883 -43.18396
vn -24.75000 13.15658 -42.60682
vn 50.73699 -4.90225 -1.65094
vn 49.38654 -12.30610 -3.24494
vn 49.66002 -9.83574 6.17571
vn 48.86891 -14.55139 -1.04215
vn 50.95845 -1.05135 1.76946
vn -43.03682 9.78442 -25.55574
vn -41.56272 16.56869 -24.47485
vn -45.42255 13.03488 -19.18029
vn -45.44703 8.96864 -21.33379
vn -43.04421 18.74212 -19.92306
vn 34.33905 17.14131 -33.58578
vn 34.11886 8.39097 -36.96613
vn 40.37736 11.43826 -28.97991
vn 35.91250 9.70410 -34.88728
vn 36.98456 22.47728 -26.97987
vn -49.46863 -6.46761 10.58417
vn -49.32320 0.43175 12.96286
vn -47.53566 -4.44271 17.93386
vn -48.38339 -6.04781 14.94897
vn -47.30050 3.58872 18.72922
vn 44.45036 -2.26704 -24.90032
vn 44.12472 -5.21320 -25.03659
vn 47.45745 -4.59875 -18.10088
vn 44.85529 -6.26025 -23.44806
vn 45.27560 -2.69074 -23.32122
vn -50.56768 4.11194 5.19629
vn -50.18133 7.22430 5.53562
vn -49.81610 5.27113 9.56927
vn -50.26094 3.44752 7.93426
vn -49.86462 6.77341 8.28491
vn 25.85589 -2.37509 -43.89569
vn 23.80939 -10.38249 -43.88981
vn 32.19677 -7.94549 -38.74580
vn 25.58740 -12.34335 -42.35476
vn 29.08795 1.21320 -41.87385
vn -44.87877 8.78964 22.57515
vn -43.47155 14.48948 22.38925
vn -41.19801 11.09109 27.94120
vn -43.40825 7.89839 25.58006
vn -41.21043 16.41210 25.16631
vn -39.31211 -5.63274 -31.99734
vn -39.94563 -8.11760 -30.65046
vn -35.18344 -10.20994 -35.48071
vn -39.78121 -9.43642 -30.48621
vn -39.13985 -6.38668 -32.06683
vn 13.98984 17.98767 45.62595
vn 14.66501 21.00416 44.09946
vn 22.23238 16.42599 42.85916
vn 13.83405 16.58425 46.20153
vn 14.47057 20.44577 44.42492
vn -5.26836 8.56486 -49.99887
vn -6.04239 1.46466 -50.61960
vn 3.59916 4.28001 -50.69248
vn -4.50422 1.94871 -50.76331
vn -2.57344 11.45567 -49.63008
vn -25.13437 -1.29976 44.35734
vn -24.42120 1.79397 44.73685
vn -19.10340 -0.52840 47.28404
vn -25.61263 -0.92393 44.09239
vn -24.21572 3.89046 44.71535
vn 9.32150 -11.53130 -48.79691
vn 6.43573 -20.93418 -46.05802
vn 16.66785 -18.08127 -44.67941
vn 12.58397 -26.09288 -41.97386
vn 16.96507 -9.70668 -47.10590
vn -31.81087 16.69982 36.19646
vn -29.83867 23.30667 34.16801
vn -26.25793 19.75787 39.00188
vn -27.07011 14.72669 40.63660
vn -24.57144 24.04185 37.67272
vn 20.31188 3.91627 -46.61641
vn 19.74091 1.05236 -47.01265
vn 27.15379 0.84375 -43.16201
vn 20.85785 0.84794 -46.53204
vn 21.60098 4.42588 -45.98705
vn -38.63898 0.76361 33.27831
vn -38.13678 3.94270 33.63095
vn -35.19608 1.40891 36.88157
vn -36.89317 0.33060 35.21058
vn -36.32036 3.77793 35.60279
vn -45.40518 -11.77578 -20.01749
vn -44.43653 -19.24892 -15.99606
vn -40.63436 -18.39008 -24.73162
vn -43.13942 -22.12302 -15.82916
vn -44.48618 -9.16162 -23.19577
vn 23.23459 21.38783 40.04640
vn 22.62346 26.50770 37.23601
vn 28.70411 23.09796 35.26411
vn 23.73929 19.40854 40.75235
vn 22.82158 28.95615 35.23800
vn -42.57777 1.14678 28.05027
vn -41.45676 -1.77070 29.65134
vn -45.03474 -4.32663 23.54043
vn -41.64058 -2.08688 29.37187
vn -43.08044 1.59842 27.24923
vn 48.43595 15.85794 -1.86649
vn 47.21402 18.93676 -3.63804
vn 48.11600 13.49812 -10.18093
vn 48.46346 15.79871 -1.64133
vn 46.81688 19.80712 -4.10579
vn -42.43375 -11.34254 25.91762
vn -37.22557 -21.69651 27.28586
vn -43.39941 -19.97182 17.84985
vn -37.09323 -28.28666 20.61447
vn -46.21355 -10.63573 18.76669
vn 46.91950 19.98594 0.34952
vn 44.42249 25.05170 -0.23298
vn 45.91756 21.55436 -5.29021
vn 47.84621 17.27720 -3.63831
vn 43.93077 25.49692 -4.58187
vn -28.13197 -10.04698 41.33582
vn -24.85538 -18.21700 40.63682
vn -33.55257 -16.51435 34.67708
vn -26.04321 -22.07723 37.88596
vn -31.17243 -9.58730 39.20922
vn 44.79166 16.67866 -17.79126
vn 43.28724 20.49521 -17.52601
vn 41.79107 18.24175 -22.84172
vn 44.68357 15.10977 -19.39260
vn 42.30317 21.11407 -19.12163
vn 10.49580 -4.13275 49.73689
vn 13.01980 -8.01090 48.65501
vn 4.25771 -10.79128 49.66306
vn 12.48581 -10.23643 48.37686
vn 9.81795 -5.56741 49.73542
vn 16.77581 19.42068 -44.07277
vn 16.33061 20.87960 -43.57009
vn 10.75515 17.54137 -46.66504
vn 18.15050 18.86100 -43.77011
vn 17.55754 20.97441 -43.04425
vn -43.30130 -26.08512 6.75011
vn -39.12070 -31.83406 7.56064
vn -42.28310 -28.47209 -1.57486
vn -36.66370 -35.43734 0.98369
vn -41.38091 -29.77747 -1.38636
vn 44.02863 21.98517 13.38402
vn 42.47431 25.22589 12.67231
vn 43.82690 24.48065 8.99445
vn 45.58668 20.63056 9.86074
vn 44.12800 24.07564 8.60715
vn 23.78944 1.52282 45.08595
vn 24.07310 0.04673 44.96091
vn 18.54241 -0.00017 47.50978
vn 24.32854 0.19985 44.82278
vn 23.95385 2.20590 44.97051
vn 6.22328 1.14712 -50.60588
vn 5.83900 6.08950 -50.29735
vn -3.53422 2.84907 -50.79755
vn 4.66349 1.80621 -50.75420
vn 4.00935 7.63882 -50.26503
vn 34.52761 5.48443 37.13172
vn 36.18189 -3.52255 35.76957
vn 28.35535 0.35391 42.38925
vn 31.93927 -1.93176 39.71336
vn 28.79914 11.40750 40.51516
vn -10.17159 2.66424 -49.90431
vn -10.75664 9.70763 -48.89843
vn -16.82604 5.98938 -47.77040
vn -16.36050 3.77381 -48.15695
vn -16.12582 13.27388 -46.52700
vn 44.70502 -8.71970 22.94400
vn 44.03822 -16.69277 19.57004
vn 39.59921 -15.44192 28.18597
vn 41.88509 -20.83878 20.30725
vn 43.18430 -5.90837 26.48032
vn -23.67546 16.17062 -42.17800
vn -23.09086 22.41209 -39.56652
vn -28.95990 18.27355 -37.79419
vn -27.21676 13.83441 -40.85164
vn -26.17908 23.73171 -36.77583
vn 49.01035 -3.55111 -13.65192
vn 47.63975 -8.26509 -16.22166
vn 49.51756 -10.24709 -6.63383
vn 47.16371 -11.88263 -15.34234
vn 48.91137 -6.37911 -12.96089
vn -46.11026 15.95347 -14.84355
vn -45.61401 17.15712 -15.03313
vn -47.91384 14.91114 -9.10610
vn -45.90423 15.20941 -16.20108
vn -45.21011 16.96147 -16.41200
vn 47.13224 3.04577 19.24253
vn 47.84209 -7.27788 16.09865
vn 43.68409 -4.28421 25.96815
vn 43.38713 -10.28331 24.75500
vn 42.21467 7.26896 27.67821
vn -32.32809 6.52625 -38.90118
vn -32.27044 14.25019 -36.83138
vn -36.97773 9.34101 -33.85841
vn -38.25210 5.35697 -33.30285
vn -37.21811 16.02448 -30.96818
vn 47.97334 1.00349 17.27862
vn 48.09552 -1.20070 16.92275
vn 44.72174 -1.18583 24.48591
vn 48.15599 -1.34758 16.73870
vn 47.98615 1.83398 17.17455
vn -33.50793 1.57331 -38.41539
vn -33.37950 5.94368 -38.09831
vn -37.64633 3.34446 -34.24277
vn -35.95063 1.59835 -36.13857
vn -35.76283 6.41812 -35.78865
vn 46.39774 -13.10672 16.62717
vn 44.54987 -19.88980 14.85610
vn 41.59622 -16.89869 24.19067
vn 41.44944 -22.76533 19.09668
vn 43.80995 -14.35520 21.80861
vn -33.63185 13.74534 -35.79056
vn -33.03717 16.92951 -34.97050
vn -36.32436 15.70367 -32.17041
vn -35.85358 12.88585 -33.90392
vn -35.29944 16.66284 -32.82222
vn 41.25904 -29.03572 7.45775
vn 39.13374 -32.08239 6.34585
vn 37.19558 -31.57113 14.85773
vn 35.47342 -35.87156 7.47444
vn 36.82109 -33.97649 9.52915
vn -30.52354 26.33404 -31.23829
vn -29.63701 30.45292 -28.20048
vn -34.00090 28.11081 -25.58751
vn -35.00117 23.07464 -29.04270
vn -34.85330 27.09651 -25.53480
vn 10.14124 -0.20166 -49.98114
vn 8.95633 -2.99135 -50.11822
vn 15.66191 -4.31113 -48.34375
vn 9.41423 -3.65408 -49.99020
vn 10.83875 -0.22741 -49.83442
vn -35.11738 11.62258 35.10960
vn -33.75441 14.75032 35.27134
vn -28.56148 10.36799 40.96030
vn -35.36446 11.08154 35.03646
vn -33.63626 15.11781 35.22859
vn 40.95461 9.65911 -28.81703
vn 39.94405 -1.60922 -31.66834
vn 45.82995 2.51687 -22.23241
vn 44.00937 -2.51526 -25.64856
vn 44.26039 15.30373 -20.19439
vn -50.84196 1.93493 3.51438
vn -50.12580 7.90605 5.08904
vn -49.87087 3.79676 9.97399
vn -50.26180 1.41496 8.52926
vn -48.78605 10.97150 10.02734
vn 45.77655 -2.18822 -22.37674
vn 44.23143 -8.28241 -23.99962
vn 48.33370 -7.77040 -14.29943
vn 45.14572 -11.70683 -20.63527
vn 47.17239 -4.56213 -18.84018
vn -50.23273 8.73652 -1.16023
vn -49.93365 10.33341 -0.92233
vn -50.14160 8.78888 3.09442
vn -50.41103 7.71951 -0.36997
vn -50.07247 9.68236 0.00050
vn 33.68639 -2.05598 -38.23610
vn 30.85523 -11.16146 -39.04326
vn 38.54088 -8.36570 -32.33597
vn 32.54600 -14.14224 -36.62997
vn 37.93206 2.39509 -34.00621
vn -47.92331 10.24431 14.12126
vn -45.86157 16.85559 14.61524
vn -44.91878 13.00207 20.35310
vn -46.84168 8.85003 18.12549
vn -43.25274 19.19771 19.01702
vn -11.14887 -0.46701 -49.76429
vn -14.04033 -10.71158 -47.84486
vn -3.62621 -8.01378 -50.23574
vn -8.37434 -14.75193 -48.09626
vn -3.27912 3.95002 -50.74096
vn -15.63249 10.31389 47.43678
vn -13.94394 16.86061 46.06827
vn -9.14834 12.49589 48.59177
vn -10.66328 8.53620 49.13683
vn -8.40479 18.99818 46.57712
vn -25.21434 -0.89694 -44.32191
vn -25.18412 -2.53638 -44.27557
vn -17.81784 -3.58071 -47.65189
vn -26.23265 -3.19912 -43.61895
vn -26.27124 -0.87164 -43.70425
vn -3.28387 5.50811 50.59522
vn -2.00221 9.30469 50.10403
vn 3.76782 5.76746 50.53256
vn -1.18049 3.72768 50.84988
vn 0.18364 7.91751 50.38133
vn -35.19691 -22.14878 -29.52301
vn -34.14231 -26.97714 -26.59956
vn -28.84700 -26.44009 -32.70737
vn -33.19637 -30.30231 -24.09920
vn -36.05296 -20.35795 -29.77814
vn 8.56272 24.80472 43.73105
vn 7.54011 31.73693 39.20349
vn 15.33286 28.31274 39.55112
vn 13.59823 22.22014 43.84464
vn 11.68855 32.35817 37.64740
vn -44.47105 -19.86704 -15.12037
vn -42.50870 -25.23303 -12.54209
vn -39.26017 -24.72915 -21.16854
vn -40.88183 -27.96843 -12.14257
vn -44.38246 -19.76353 -15.51127
vn 24.07783 24.03304 37.99566
vn 22.56147 28.16089 36.04086
vn 28.78125 26.03523 33.08785
vn 25.86442 22.14436 37.96918
vn 23.43645 28.18249 35.46096
vn -11.46490 3.46581 49.57362
vn -9.66967 -0.83471 50.06796
vn -15.60555 -1.43986 48.53239
vn -13.34807 -1.32377 49.20443
vn -15.32262 3.47335 48.51961
vn 30.84757 12.12150 -38.76204
vn 28.60081 15.18943 -39.39891
vn 24.02905 9.55565 -43.95786
vn 29.49483 13.09695 -39.49081
vn 26.37326 16.98853 -40.20996
vn -43.88920 -5.96749 -25.28096
vn -43.30180 -17.35520 -20.60948
vn -37.87165 -14.45508 -30.94815
vn -37.10408 -23.31514 -26.09006
vn -37.49670 -4.52566 -34.27120
vn 24.92545 15.17598 41.82596
vn 24.78447 20.66217 39.49435
vn 29.35958 17.26788 37.95832
vn 29.31037 13.18303 39.59937
vn 29.23706 21.42118 35.87934
vn -45.82379 -0.88317 -22.36962
vn -45.84506 -2.87479 -22.15773
vn -41.75419 -3.77499 -29.04026
vn -46.07018 -3.90362 -21.52438
vn -46.02784 -1.08989 -21.93742
vn 28.23208 5.06592 42.16973
vn 29.18941 9.22652 40.79030
vn 33.37476 5.50587 38.16819
vn 30.68552 3.00118 40.62501
vn 31.79295 7.54285 39.15755
vn -10.65994 -16.53168 47.05389
vn -7.34264 -21.47003 45.67409
vn -15.13558 -21.25615 43.81883
vn -6.30006 -22.30568 45.42869
vn -13.40745 -13.36518 47.35622
vn 34.34835 24.81962 -28.37564
vn 29.97248 31.83893 -26.24753
vn 26.59987 27.78129 -33.49098
vn 34.17797 23.71620 -29.50266
vn 25.52015 35.04835 -26.85767
vn 24.18588 -7.97272 44.18686
vn 25.11340 -16.33402 41.27367
vn 16.92689 -13.27847 46.24027
vn 20.20497 -20.25476 42.21970
vn 18.99040 -3.33124 47.21511
vn 2.48952 12.77404 -49.31151
vn 2.17991 21.13733 -46.36228
vn -4.57401 17.12377 -47.82107
vn -5.20195 11.48919 -49.41597
vn -5.04827 23.61299 -44.92150
vn 39.71869 4.62137 31.65547
vn 40.22504 -0.12598 31.35172
vn 33.71031 1.22087 38.25080
vn 39.70513 -0.28707 32.00656
vn 38.88852 5.79480 32.48235
vn -15.09051 0.55211 -48.71315
vn -15.42721 3.27860 -48.50002
vn -21.01414 1.24049 -46.45284
vn -15.66021 0.51206 -48.53344
vn -16.14142 4.00735 -48.21199
vn 47.31105 -15.19360 -11.48122
vn 42.99570 -22.92514 -15.06012
vn 45.23101 -22.87259 -5.65677
vn 40.71466 -27.20175 -14.26116
vn 48.82130 -12.65546 -7.57097
vn -40.34980 26.30971 -16.75388
vn -37.45222 31.49776 -14.36041
vn -41.77135 27.56345 -9.81886
vn -42.12275 23.25133 -16.91299
vn -36.24051 33.77004 -12.13298
vn 29.74981 0.07852 -41.42393
vn 28.44428 -2.48164 -42.25830
vn 33.36142 -5.64334 -38.15976
vn 27.24341 -3.56831 -42.96584
vn 28.95764 0.26910 -41.98073
vn -44.69775 16.49226 18.19660
vn -42.02372 20.74969 20.11111
vn -41.51820 13.94913 26.12777
vn -45.46682 13.83812 18.50063
vn -42.37601 19.57604 20.54389
vn 47.18426 -6.84396 -18.10539
vn 44.01621 -14.50631 -21.28708
vn 47.20071 -14.57206 -12.67865
vn 42.63596 -20.55998 -18.98583
vn 49.55181 -4.03019 -11.37433
vn -47.33568 17.15203 -8.13264
vn -43.93286 25.47781 -4.66748
vn -47.33285 18.98908 0.12416
vn -49.37043 12.65629 -1.83828
vn -44.18488 25.18717 3.78187
vn 29.03615 -13.05192 -39.84406
vn 26.91501 -18.92085 -38.96900
vn 34.57732 -17.47374 -33.16740
vn 27.23526 -21.46342 -37.39735
vn 30.31661 -12.88379 -38.93469
vn -45.71805 16.13545 15.82740
vn -44.24182 20.18772 15.36608
vn -42.66591 18.16270 21.23054
vn -45.38623 14.83032 17.92069
vn -43.45169 20.31154 17.33179
vn -14.44455 -1.61538 -48.88502
vn -16.18228 -6.17318 -47.96900
vn -7.59413 -7.00772 -49.94218
vn -14.92910 -7.98722 -48.10744
vn -13.09323 -2.55780 -49.22423
vn -15.33393 12.61997 46.97453
vn -15.10287 14.18647 46.60094
vn -8.50253 11.48384 48.95741
vn -16.98881 12.05099 46.55270
vn -16.65644 14.49180 45.97336
vn 23.95325 -22.69148 -38.88879
vn 18.97456 -29.55191 -36.98175
vn 27.52437 -29.38671 -31.30223
vn 18.13199 -34.66656 -32.71788
vn 24.93402 -24.92547 -36.85125
vn -39.99936 28.26099 14.22561
vn -37.53120 31.92517 13.16025
vn -36.58717 29.86083 19.25383
vn -40.79335 25.69534 16.63288
vn -37.35613 31.24570 15.14019
vn -35.88109 2.58656 -36.15047
vn -36.67939 -0.31624 -35.43334
vn -31.98717 -0.97988 -39.70970
vn -36.53401 -1.00500 -35.57043
vn -35.36838 3.10929 -36.61161
vn 9.69092 5.84856 49.72806
vn 11.18458 11.57117 48.39435
vn 19.05888 5.79179 46.94905
vn 10.66827 4.36008 49.68075
vn 12.74341 12.14428 47.86566
vn -4.13478 -8.41161 -50.13131
vn -8.09132 -19.50240 -46.42399
vn 3.09799 -17.12344 -47.93944
vn -0.57474 -26.46233 -43.59375
vn 5.99185 -5.43995 -50.35379
vn -21.04125 18.22020 42.73511
vn -18.86934 24.56627 40.51476
vn -14.94238 20.38204 44.29782
vn -16.05645 15.33442 45.91346
vn -12.89464 25.89418 42.00261
vn -47.93772 -16.46409 -5.64875
vn -44.99722 -23.99124 -0.81818
vn -43.86564 -23.93848 -10.18599
vn -42.34575 -28.42015 -0.36369
vn -48.16135 -13.44001 -10.04243
vn 31.53409 26.89754 29.71739
vn 29.28509 32.64883 26.02762
vn 35.23430 28.50856 23.38387
vn 33.88707 23.60463 29.92470
vn 29.43349 34.97833 22.60941
vn -40.75915 0.34650 30.65243
vn -39.47088 -3.91556 32.05803
vn -43.94516 -4.90796 25.41131
vn -39.24768 -5.29180 32.13434
vn -41.03431 0.81807 30.27400
vn 49.59423 11.63922 -2.43729
vn 48.31596 15.87125 -3.83027
vn 48.61756 11.18467 -10.59416
vn 49.90420 10.29678 -2.13243
vn 48.10313 16.46382 -4.00384
vn -34.80404 -12.95632 -34.95444
vn -34.59309 -23.31723 -29.33640
vn -27.24813 -20.79417 -37.76429
vn -27.56072 -29.93911 -30.74176
vn -27.77332 -11.13711 -41.29899
vn 10.22639 20.70988 45.47000
vn 10.16726 26.80918 42.17694
vn 15.82164 23.38131 42.47339
vn 15.67371 17.99323 45.07303
vn 15.78520 27.72309 39.79017
vn -47.81573 0.85375 -17.71797
vn -48.00630 -1.21405 -17.17328
vn -44.75781 -3.53429 -24.19187
vn -48.50457 -1.67876 -15.66805
vn -48.24878 1.47226 -16.45868
vn 29.94995 9.42547 40.18906
vn 30.91688 13.59325 38.21478
vn 35.70907 8.66307 35.36683
vn 31.62501 7.31666 39.33605
vn 32.72843 12.15502 37.17666
vn -20.75238 -20.56428 41.80249
vn -16.22318 -24.24806 41.83108
vn -21.79735 -26.63820 37.63351
vn -14.77353 -25.91281 41.36748
vn -23.14899 -19.26440 41.15831
vn 33.65596 34.41159 -16.85581
vn 27.33107 39.62950 -16.83790
vn 28.58360 34.31819 -24.62192
vn 35.40326 31.94227 -18.09145
vn 24.31704 40.95878 -18.22251
vn -35.48285 -32.58827 -16.73234
vn -34.52829 -34.89832 -13.81681
vn -28.91557 -36.41751 -20.94406
vn -30.90499 -38.58253 -12.54074
vn -31.02066 -37.30761 -15.71179
vn 16.38393 35.10222 33.17228
vn 16.96240 37.53311 30.07561
vn 21.39160 35.60367 29.59353
vn 20.17766 32.40057 33.82402
vn 21.40703 34.69952 30.63791
vn -35.49150 2.06736 36.56609
vn -34.75188 0.39767 37.32490
vn -39.31712 -1.84880 32.43063
vn -34.44733 0.90327 37.59740
vn -35.46151 3.07864 36.52400
vn 48.53388 11.24490 -10.90935
vn 47.14539 15.15065 -12.19711
vn 45.99767 9.95425 -19.65011
vn 48.20078 11.64016 -11.92438
vn 46.40022 16.16545 -13.66371
vn -31.55520 -8.67034 39.11642
vn -27.12818 -18.52435 39.01167
vn -35.73160 -15.94222 32.71235
vn -29.77328 -24.12276 33.65477
vn -38.06228 -5.56553 33.48563
vn 45.39569 16.52607 -16.34380
vn 42.29520 23.41597 -16.24216
vn 41.69366 19.42743 -22.02754
vn 43.74886 14.12057 -22.08273
vn 38.85537 24.71581 -21.91776
vn -22.38661 1.28715 45.80592
vn -21.62881 -3.46498 46.05636
vn -29.94110 -2.65084 41.20077
vn -22.48792 -4.39812 45.56260
vn -23.40258 1.59518 45.28547
vn 44.11684 4.35397 -25.21402
vn 43.77376 6.68389 -25.30185
vn 40.70656 4.65993 -30.36874
vn 44.01633 3.82758 -25.47375
vn 43.58678 6.87083 -25.57311
vn 43.48769 -18.00280 19.63973
vn 42.44880 -24.94223 13.30354
vn 38.42547 -25.54543 21.72359
vn 40.43569 -28.51674 12.35919
vn 41.71568 -15.70367 24.78299
vn -19.75959 30.88017 -35.45382
vn -19.08990 35.98650 -30.68464
vn -25.59805 31.89923 -30.46603
vn -20.24364 28.01601 -37.50064
vn -19.31433 38.81515 -26.85778
vn 44.21513 -18.57854 -17.34533
vn 39.11830 -26.40941 -19.32100
vn 43.00461 -25.31011 -10.53574
vn 35.70420 -32.68924 -16.05064
vn 46.77883 -15.70408 -12.88885
vn -42.75750 25.49410 -11.08365
vn -38.14906 32.54483 -9.29965
vn -42.14080 28.49438 -3.63631
vn -45.74022 21.80880 -5.76263
vn -38.04548 33.80188 -3.31270
vn 45.21138 0.55925 -23.59276
vn 44.20792 -4.64438 -25.00178
vn 48.14493 -4.92828 -16.08656
vn 44.53626 -5.93495 -24.13083
vn 45.83254 0.88809 -22.35149
vn -49.86432 9.43498 -5.05282
vn -49.37153 11.99774 -4.41646
vn -50.15668 9.15539 1.21895
vn -50.00295 8.74870 -4.91575
vn -49.33224 12.27679 -4.07562
vn -29.36915 -22.67326 -34.99109
vn -32.38420 -27.60909 -28.10695
vn -25.98206 -29.92423 -32.10098
vn -31.85566 -32.73132 -22.69091
vn -24.17156 -20.23258 -40.09212
vn 2.35857 37.30682 34.69348
vn 6.07840 43.22106 26.38167
vn 11.14278 37.65519 32.54112
vn 4.76465 31.25870 40.01488
vn 12.92254 44.22683 21.86310
vn -36.16257 0.65756 -35.95602
vn -38.19484 -1.82303 -33.74656
vn -33.96901 -6.93566 -37.40325
vn -39.60596 -2.66152 -32.02005
vn -36.72966 1.67400 -35.34303
vn 15.93022 23.31983 42.46661
vn 19.44749 26.64330 38.89639
vn 23.20070 19.10286 41.20446
vn 15.70160 20.45394 44.00109
vn 20.03470 25.42277 39.41184
vn -31.56859 -12.14477 -38.16973
vn -33.09005 -20.29947 -33.07536
vn -25.46749 -20.53740 -39.12316
vn -29.76693 -27.09244 -31.31979
vn -26.82010 -11.25831 -41.89191
vn 5.40480 22.49571 45.45031
vn 6.95772 29.05568 41.33227
vn 12.45593 23.86633 43.31567
vn 10.08761 18.13504 46.58712
vn 13.02453 28.61578 40.15593
vn -31.83462 -21.01621 33.85078
vn -28.25468 -23.79840 35.16118
vn -31.90175 -26.94750 29.27645
vn -27.98676 -24.15386 35.13305
vn -33.41698 -20.12517 32.85244
vn 34.96259 36.55724 -6.49501
vn 30.47951 40.08512 -8.07352
vn 33.21996 35.59625 -15.17698
vn 35.39254 36.12125 -6.60477
vn 28.64317 41.13840 -9.39148
vn -21.32772 -1.43216 46.30418
vn -18.64670 -3.98648 47.30125
vn -24.15493 -7.88107 44.22022
vn -19.20422 -4.53390 47.02808
vn -22.67068 -1.39669 45.66278
vn 35.09850 23.45315 -28.61895
vn 32.31997 25.98697 -29.68327
vn 31.00115 19.65041 -35.40889
vn 35.17791 23.63698 -28.36913
vn 31.29181 26.92903 -29.94411
vn -31.33835 -33.87897 -21.70535
vn -29.04577 -37.34891 -19.03684
vn -23.64175 -37.81594 -24.73908
vn -26.36825 -40.61378 -16.00738
vn -30.18442 -36.58271 -18.75115
vn 5.33768 34.74581 36.94912
vn 4.67327 39.65845 31.72330
vn 12.05369 37.11037 32.84095
vn 11.31786 31.58469 38.40981
vn 10.54751 37.30256 33.14013
vn -44.94163 -21.46399 10.97937
vn -37.32323 -31.41492 14.86872
vn -40.54024 -30.70357 3.84438
vn -31.24757 -39.57930 7.62024
vn -45.71737 -22.55542 1.47468
vn 38.49834 29.77208 15.24798
vn 34.61964 34.92891 13.50743
vn 38.98932 31.49537 9.42730
vn 42.38876 25.99412 11.33574
vn 36.29015 34.86498 8.27393
vn -30.91909 1.05176 40.54507
vn -29.52634 -1.28962 41.56359
vn -34.72976 -5.60584 36.92449
vn -28.32530 -1.80559 42.37236
vn -30.19563 1.63182 41.06775
vn 43.83305 17.88776 -18.96553
vn 41.50336 21.02175 -20.89393
vn 41.39597 15.05007 -25.70736
vn 44.31712 15.81842 -19.66645
vn 41.63106 19.70872 -21.89569
vn 31.99195 -23.25636 32.19715
vn 33.20335 -28.76312 25.90790
vn 26.92011 -29.36322 31.84507
vn 32.36604 -32.79227 21.86565
vn 29.03227 -20.02279 36.84039
vn -3.71865 34.22678 -37.62577
vn -5.00044 40.71541 -30.30265
vn -11.93315 36.52153 -33.53770
vn -6.64952 29.99879 -40.70449
vn -9.67366 43.02594 -25.61618
vn 37.31456 -0.69000 34.75841
vn 40.23078 -4.82774 30.97058
vn 34.25450 -9.44232 36.58512
vn 40.17635 -6.89627 30.64804
vn 36.33098 -1.09863 35.77502
vn -16.67684 23.66911 -41.98399
vn -18.07731 25.83876 -40.08203
vn -22.68965 20.59270 -40.76911
vn -15.59210 23.09936 -42.71189
vn -17.72873 26.58589 -39.74774
vn 11.01299 -20.04396 45.58457
vn 15.53135 -28.95813 39.00261
vn 5.41826 -29.30711 41.38520
vn 11.14064 -37.20516 33.05544
vn 2.86695 -19.82382 46.90199
vn 15.21043 30.11002 -38.24956
vn 12.21765 36.03060 -33.96358
vn 8.52297 31.56918 -39.13752
vn 11.46044 25.49853 -42.65540
vn 6.15208 36.05698 -35.53935
vn 48.44501 -13.04843 -9.15532
vn 43.86247 -21.93741 -13.99405
vn 46.48854 -20.59891 -3.93706
vn 41.12561 -27.02272 -13.39611
vn 50.21983 -8.87403 -0.46831
vn -40.38681 25.62015 -17.70629
vn -36.98011 32.24426 -13.92042
vn -41.39159 28.11501 -9.86317
vn -42.78717 21.95870 -16.97270
vn -35.54628 35.83175 -7.31760
vn 35.96730 2.77218 -36.05091
vn 33.86458 -3.63756 -37.95995
vn 40.27122 -3.83390 -31.05687
vn 34.34593 -4.73060 -37.40292
vn 37.60811 4.50636 -34.15146
vn -48.68307 11.06070 10.42208
vn -47.39560 14.79112 11.65673
vn -46.78621 10.58689 17.31958
vn -48.95856 10.46420 9.72415
vn -46.73713 16.54340 11.95640
vn -20.45304 -15.40026 -44.10788
vn -23.45246 -25.71798 -37.27690
vn -13.43362 -24.84607 -42.46423
vn -16.99318 -33.92010 -34.08311
vn -11.81079 -13.94028 -47.61485
vn -6.57638 26.05167 43.34814
vn -5.07443 31.56867 39.73246
vn -0.42979 27.63773 42.85990
vn -2.57771 22.17450 45.85462
vn 0.19263 32.52691 39.28057
vn -35.11997 -2.87000 -36.86937
vn -37.09668 -7.08931 -34.27211
vn -30.06424 -10.60209 -39.80875
vn -37.04235 -9.81912 -33.65187
vn -34.85294 -4.13376 -37.00249
vn 11.45958 19.58266 45.67490
vn 12.64867 22.06089 44.20778
vn 17.49246 17.91491 44.43050
vn 11.73958 18.02241 46.24256
vn 13.24249 21.29524 44.40888
vn -44.45538 -16.24527 18.99499
vn -39.08305 -23.83367 22.48268
vn -43.00752 -23.63421 13.88439
vn -36.05615 -28.58432 21.99752
vn -47.74660 -12.41453 12.92833
vn 41.56018 28.07148 9.25978
vn 36.89357 34.65412 6.24146
vn 41.15921 30.08878 1.25891
vn 44.20421 24.16758 7.93192
vn 34.30247 37.73317 0.73983
vn -33.46882 -20.55840 32.52983
vn -25.51976 -28.53761 33.69489
vn -32.00664 -29.86046 26.17113
vn -21.34978 -36.54434 28.45518
vn -37.21109 -21.86700 27.16925
vn 39.23214 32.06695 -5.79218
vn 33.89661 37.50317 -6.74766
vn 36.84939 33.02575 -12.34589
vn 42.00744 27.10688 -10.07927
vn 33.11512 36.67348 -12.62712
vn -22.57754 -1.63198 45.70110
vn -21.42368 -3.53592 46.14676
vn -26.41079 -8.22573 42.84632
vn -19.45505 -3.44459 47.01740
vn -21.25005 -0.26496 46.36124
vn 37.94356 21.39360 -26.52545
vn 34.11697 24.93891 -28.54965
vn 34.22613 18.18514 -33.14925
vn 38.58945 18.27707 -27.88911
vn 34.27354 22.68826 -30.19216
vn 29.39138 -20.58671 36.23994
vn 31.62084 -24.18278 31.87970
vn 23.98362 -27.23395 35.83431
vn 31.16218 -23.29424 32.97418
vn 26.75627 -18.95189 39.06313
vn -2.36242 37.11780 -34.89537
vn -4.29407 40.06899 -31.25758
vn -10.30740 36.56381 -34.02712
vn -2.84047 37.89462 -34.01366
vn -6.46621 41.54854 -28.86012
vn 47.52765 2.92679 18.26353
vn 48.38446 1.62416 16.04076
vn 46.58522 -3.23461 20.50253
vn 48.43553 2.31063 15.80065
vn 47.08286 4.11179 19.16501
vn -33.36897 21.67645 -31.90052
vn -35.03318 25.08323 -27.28565
vn -39.89030 16.79796 -26.97392
vn -34.27972 21.05314 -31.34750
vn -36.61549 25.06475 -25.14087
vn -34.78442 -32.22599 -18.77577
vn -32.62263 -38.58059 -6.94989
vn -25.92209 -41.05789 -15.59789
vn -20.38904 -46.40156 -5.67284
vn -19.43606 -41.31781 -22.71734
vn 14.35770 40.77986 27.05289
vn 13.76613 45.27329 19.02164
vn 19.99093 41.26673 22.32531
vn 23.08762 36.29411 27.39887
vn 24.22950 41.21452 17.75651
vn 37.32948 -23.14247 -25.92172
vn 31.44021 -29.61864 -27.11547
vn 35.26129 -31.13363 -19.70629
vn 26.75870 -36.52306 -23.47418
vn 38.52067 -26.52116 -20.34171
vn -40.10864 31.44913 -1.80250
vn -33.54105 38.40183 1.13865
vn -38.70893 32.55645 6.53423
vn -43.93659 25.44640 4.80170
vn -35.68266 35.00363 10.12392
vn 7.12366 -1.21448 -50.48542
vn 5.54964 -3.48481 -50.57724
vn 12.34562 -6.91173 -48.99810
vn 3.71568 -3.65272 -50.73313
vn 6.13795 -0.02634 -50.62928
vn -30.55638 17.64434 36.82369
vn -27.34126 21.88775 37.07265
vn -24.14658 16.00032 41.97537
vn -30.00599 15.99566 38.01025
vn -26.08462 21.37032 38.26097
vn -46.77250 -20.27721 1.47241
vn -42.73551 -26.70383 7.84738
vn -43.32323 -26.85012 -1.78005
vn -38.62632 -31.84394 9.74526
vn -47.44143 -17.25331 -7.25483
vn 31.91669 33.29578 21.76499
vn 27.63025 40.05180 15.27818
vn 34.17025 35.70649 12.58729
vn 36.34179 28.37015 21.80385
vn 27.54054 42.46784 6.24504
vn -50.91696 2.25978 -1.83207
vn -50.97092 -0.93665 1.44470
vn -50.49627 -4.79060 -5.30814
vn -50.87202 -1.38916 3.33274
vn -50.76261 4.26882 -2.43596
vn 41.24429 18.72666 23.43546
vn 41.34641 23.40166 18.54283
vn 45.51713 16.03015 16.49924
vn 42.17263 16.37907 23.54134
vn 42.34569 23.17909 16.44905
vn 3.64303 -25.48961 44.02280
vn 9.46014 -31.97468 38.58918
vn 0.94579 -34.54634 37.50541
vn 9.11231 -39.59403 30.82659
vn -1.09025 -33.00371 38.86601
vn 20.03708 36.17120 -29.85231
vn 13.87799 41.81998 -25.68053
vn 12.88076 36.45086 -33.26290
vn 18.21593 29.96764 -37.02864
vn 8.78972 37.19031 -33.77309
vn 7.40986 -22.93480 -44.94540
vn -1.30430 -29.78747 -41.37638
vn 8.77502 -30.35643 -40.03106
vn -3.26940 -38.62457 -33.14291
vn 18.27512 -20.64175 -42.90614
vn -25.44870 36.37111 25.10988
vn -17.68809 42.57985 21.79651
vn -17.40382 38.36886 28.73913
vn -25.20807 29.60453 33.00188
vn -8.28798 43.96249 24.48690
vn 1.05099 0.33380 -50.98807
vn -5.87284 -3.85810 -50.51361
vn 2.47426 -9.70868 -50.00620
vn -6.08590 -6.57220 -50.20724
vn 4.02277 -0.51242 -50.83851
vn -14.89076 26.20792 41.13890
vn -12.07324 27.90418 40.94622
vn -10.73271 22.67045 44.40562
vn -16.29537 25.90835 40.79483
vn -11.26297 28.95892 40.44164
vn 9.54171 -27.13429 -42.11515
vn 2.54275 -35.32084 -36.70112
vn 12.74175 -35.58477 -34.23992
vn 4.18161 -42.83129 -27.36776
vn 16.09609 -29.99321 -37.97792
vn -29.94193 34.03334 23.37120
vn -25.43295 39.44161 19.96306
vn -24.37284 35.88012 26.82501
vn -28.49928 29.85325 29.95954
vn -21.66261 38.50088 25.48360
vn -33.14904 0.77915 -38.74963
vn -35.19899 -1.85214 -36.85919
vn -30.00877 -6.90916 -40.65387
vn -36.33541 -3.31471 -35.63356
vn -33.96574 0.59621 -38.03909
vn 11.32290 21.80408 44.69198
vn 13.80055 24.49686 42.54936
vn 18.15558 18.01951 44.12110
vn 10.81151 19.70662 45.77946
vn 13.63591 23.43236 43.19706
vn 31.85009 -14.74531 37.00199
vn 34.45773 -25.48782 27.64118
vn 26.01652 -22.83103 37.45509
vn 14.49766 -36.73077 32.27488
vn 18.39078 -13.57370 45.59093
vn -8.69170 26.87473 -42.46414
vn -10.02313 36.23347 -34.46262
vn -16.66385 31.09724 -36.82767
vn -24.50335 21.17334 -39.39892
vn -21.84546 36.23226 -28.47803
vn 24.21805 -25.94620 36.62349
vn 26.32196 -33.84728 27.61368
vn 17.37054 -34.69975 33.09368
vn 20.33922 -41.49205 21.58068
vn 17.85380 -27.49889 39.06472
vn 3.79198 35.56430 -36.35657
vn 2.64481 40.39328 -31.02238
vn -2.59738 37.06089 -34.93914
vn -0.02923 31.19838 -40.34426
vn -2.73979 40.12373 -31.36207
vn 34.66074 -2.65123 37.31760
vn 37.09780 -6.03606 34.47200
vn 30.83061 -10.90025 39.13640
vn 37.63009 -7.76038 33.53733
vn 34.45844 -2.82955 37.49145
vn -13.14933 23.76141 -43.16816
vn -15.12704 26.34452 -40.96509
vn -19.45159 21.14385 -42.13754
vn -13.49796 22.15854 -43.90676
vn -16.04355 25.65689 -41.05275
vn -35.62638 3.23012 36.35005
vn -30.56787 -6.80605 40.25273
vn -38.81969 -4.78381 32.72837
vn -36.93745 -13.35263 32.53201
vn -43.34248 6.29848 26.12963
vn 47.30364 10.81247 -15.69891
vn 42.87613 20.50197 -18.50152
vn 42.97591 13.77799 -23.75369
vn 43.34523 6.95891 -25.95697
vn 36.73615 21.30427 -28.24151
vn -17.31666 -2.12297 47.92313
vn -13.67279 -7.18763 48.60445
vn -21.84630 -10.31589 44.91460
vn -12.94848 -11.10254 48.06319
vn -17.92391 -3.53943 47.61518
vn 35.72288 17.98993 -31.64235
vn 32.93353 21.66343 -32.35858
vn 31.51454 16.66086 -36.47258
vn 35.68528 15.06475 -33.17549
vn 32.21161 19.96160 -34.13131
vn 41.63744 8.63371 28.15639
vn 43.31574 3.04839 26.74796
vn 38.09878 5.47464 33.45909
vn 43.72998 7.03425 25.28256
vn 39.03672 13.89675 29.73237
vn -18.73689 -2.43004 -47.37113
vn -19.89054 6.22562 -46.54684
vn -26.87465 1.84076 -43.30548
vn -21.64590 1.65218 -46.14894
vn -24.89337 11.63522 -42.96442
# Uv
vt 0.00000 4.11723
vt 0.00000 4.32302
vt 0.20000 4.28341
vt 0.20000 4.11723
vt 0.40000 4.11723
vt 0.40000 4.30969
vt 0.60000 4.31300
vt 0.60000 4.11723
vt 0.80000 4.11723
vt 0.80000 4.30752
vt 1.00000 4.32302
vt 1.00000 4.11723
vt 0.00000 4.50218
vt 0.20000 4.44919
vt 0.40000 4.48945
vt 0.60000 4.49021
vt 0.80000 4.48623
vt 1.00000 4.50218
vt 0.00000 4.64518
vt 0.20000 4.59164
vt 0.40000 4.63347
vt 0.60000 4.63278
vt 0.80000 4.62830
vt 1.00000 4.64518
vt 0.00000 4.77228
vt 0.20000 4.73984
vt 0.40000 4.76690
vt 0.60000 4.76555
vt 0.80000 4.76335
vt 1.00000 4.77228
vt 0.00000 4.87819
vt 0.20000 4.87819
vt 0.40000 4.87819
vt 0.60000 4.87819
vt 0.80000 4.87819
vt 1.00000 4.87819
vt 0.00000 5.68728
vt 0.20000 5.68728
vt 0.40000 5.68728
vt 0.60000 5.68728
vt 0.80000 5.68728
vt 1.00000 5.68728
vt 0.00000 6.51886
vt 0.20000 6.51886
vt 0.40000 6.51886
vt 0.60000 6.51886
vt 0.80000 6.51886
vt 1.00000 6.51886
vt 0.00000 7.35878
vt 0.20000 7.35878
vt 0.40000 7.35878
vt 0.60000 7.35878
vt 0.80000 7.35878
vt 1.00000 7.35878
vt 0.00000 8.38331
vt 0.20000 8.38331
vt 0.40000 8.38331
vt 0.60000 8.38331
vt 0.80000 8.38331
vt 1.00000 8.38331
vt 0.00000 9.45520
vt 0.20000 9.45520
vt 0.40000 9.45520
vt 0.60000 9.45520
vt 0.80000 9.45520
vt 1.00000 9.45520
vt 0.00000 10.22810
vt 0.20000 10.22810
vt 0.40000 10.22810
vt 0.60000 10.22810
vt 0.80000 10.22810
vt 1.00000 10.22810
vt 0.00000 11.00011
vt 0.20000 11.00011
vt 0.40000 11.00011
vt 0.60000 11.00011
vt 0.80000 11.00011
vt 1.00000 11.00011
vt 0.00000 11.74699
vt 0.20000 11.74699
vt 0.40000 11.74699
vt 0.60000 11.74699
vt 0.80000 11.74699
vt 1.00000 11.74699
vt 0.00000 12.60977
vt 0.20000 12.60977
vt 0.40000 12.60977
vt 0.60000 12.60977
vt 0.80000 12.60977
vt 1.00000 12.60977
vt 0.20000 13.47377
vt 0.60000 13.47377
vt 1.00000 13.47377
vt 0.00000 3.90945
vt 0.00000 4.11026
vt 0.20000 4.07126
vt 0.20000 3.90945
vt 0.40000 3.90945
vt 0.40000 4.09655
vt 0.60000 4.09687
vt 0.60000 3.90945
vt 0.80000 3.90945
vt 0.80000 4.09086
vt 1.00000 4.11026
vt 1.00000 3.90945
vt 0.00000 4.27971
vt 0.20000 4.22787
vt 0.40000 4.27089
vt 0.60000 4.26957
vt 0.80000 4.26106
vt 1.00000 4.27971
vt 0.00000 4.41629
vt 0.20000 4.36514
vt 0.40000 4.40997
vt 0.60000 4.40729
vt 0.80000 4.39718
vt 1.00000 4.41629
vt 0.00000 4.53627
vt 0.20000 4.50580
vt 0.40000 4.53652
vt 0.60000 4.53478
vt 0.80000 4.52750
vt 1.00000 4.53627
vt 0.00000 4.63939
vt 0.20000 4.63939
vt 0.40000 4.63939
vt 0.60000 4.63939
vt 0.80000 4.63939
vt 1.00000 4.63939
vt 0.00000 5.41721
vt 0.20000 5.41721
vt 0.40000 5.41721
vt 0.60000 5.41721
vt 0.80000 5.41721
vt 1.00000 5.41721
vt 0.00000 6.39577
vt 0.20000 6.39577
vt 0.40000 6.39577
vt 0.60000 6.39577
vt 0.80000 6.39577
vt 1.00000 6.39577
vt 0.00000 7.21519
vt 0.20000 7.21519
vt 0.40000 7.21519
vt 0.60000 7.21519
vt 0.80000 7.21519
vt 1.00000 7.21519
vt 0.00000 8.25019
vt 0.20000 8.25019
vt 0.40000 8.25019
vt 0.60000 8.25019
vt 0.80000 8.25019
vt 1.00000 8.25019
vt 0.00000 9.03679
vt 0.20000 9.03679
vt 0.40000 9.03679
vt 0.60000 9.03679
vt 0.80000 9.03679
vt 1.00000 9.03679
vt 0.00000 10.00631
vt 0.20000 10.00631
vt 0.40000 10.00631
vt 0.60000 10.00631
vt 0.80000 10.00631
vt 1.00000 10.00631
vt 0.00000 10.77922
vt 0.20000 10.77922
vt 0.40000 10.77922
vt 0.60000 10.77922
vt 0.80000 10.77922
vt 1.00000 10.77922
vt 0.00000 11.70475
vt 0.20000 11.70475
vt 0.40000 11.70475
vt 0.60000 11.70475
vt 0.80000 11.70475
vt 1.00000 11.70475
vt 0.00000 12.57767
vt 0.20000 12.57767
vt 0.40000 12.57767
vt 0.60000 12.57767
vt 0.80000 12.57767
vt 1.00000 12.57767
vt 0.20000 13.44447
vt 0.60000 13.44447
vt 1.00000 13.44447
vt 0.00000 4.14312
vt 0.00000 4.35447
vt 0.20000 4.31192
vt 0.20000 4.14312
vt 0.40000 4.14312
vt 0.40000 4.33694
vt 0.60000 4.33848
vt 0.60000 4.14312
vt 0.80000 4.14312
vt 0.80000 4.32871
vt 1.00000 4.35447
vt 1.00000 4.14312
vt 0.00000 4.52970
vt 0.20000 4.47295
vt 0.40000 4.51908
vt 0.60000 4.52000
vt 0.80000 4.50569
vt 1.00000 4.52970
vt 0.00000 4.67103
vt 0.20000 4.61536
vt 0.40000 4.66399
vt 0.60000 4.66347
vt 0.80000 4.64699
vt 1.00000 4.67103
vt 0.00000 4.79522
vt 0.20000 4.76218
vt 0.40000 4.79664
vt 0.60000 4.79652
vt 0.80000 4.78505
vt 1.00000 4.79522
vt 0.00000 4.90436
vt 0.20000 4.90436
vt 0.40000 4.90436
vt 0.60000 4.90436
vt 0.80000 4.90436
vt 1.00000 4.90436
vt 0.00000 5.71359
vt 0.20000 5.71359
vt 0.40000 5.71359
vt 0.60000 5.71359
vt 0.80000 5.71359
vt 1.00000 5.71359
vt 0.00000 6.54341
vt 0.20000 6.54341
vt 0.40000 6.54341
vt 0.60000 6.54341
vt 0.80000 6.54341
vt 1.00000 6.54341
vt 0.00000 7.38291
vt 0.20000 7.38291
vt 0.40000 7.38291
vt 0.60000 7.38291
vt 0.80000 7.38291
vt 1.00000 7.38291
vt 0.00000 8.24239
vt 0.20000 8.24239
vt 0.40000 8.24239
vt 0.60000 8.24239
vt 0.80000 8.24239
vt 1.00000 8.24239
vt 0.00000 9.25165
vt 0.20000 9.25165
vt 0.40000 9.25165
vt 0.60000 9.25165
vt 0.80000 9.25165
vt 1.00000 9.25165
vt 0.00000 10.24602
vt 0.20000 10.24602
vt 0.40000 10.24602
vt 0.60000 10.24602
vt 0.80000 10.24602
vt 1.00000 10.24602
vt 0.00000 11.03278
vt 0.20000 11.03278
vt 0.40000 11.03278
vt 0.60000 11.03278
vt 0.80000 11.03278
vt 1.00000 11.03278
vt 0.00000 11.79630
vt 0.20000 11.79630
vt 0.40000 11.79630
vt 0.60000 11.79630
vt 0.80000 11.79630
vt 1.00000 11.79630
vt 0.00000 12.68845
vt 0.20000 12.68845
vt 0.40000 12.68845
vt 0.60000 12.68845
vt 0.80000 12.68845
vt 1.00000 12.68845
vt 0.20000 13.57308
vt 0.60000 13.57308
vt 1.00000 13.57308
vt 0.00000 3.71232
vt 0.00000 3.90269
vt 0.20000 3.86508
vt 0.20000 3.71232
vt 0.40000 3.71232
vt 0.40000 3.88560
vt 0.60000 3.88715
vt 0.60000 3.71232
vt 0.80000 3.71232
vt 0.80000 3.87923
vt 1.00000 3.90269
vt 1.00000 3.71232
vt 0.00000 4.05849
vt 0.20000 4.00831
vt 0.40000 4.04659
vt 0.60000 4.04802
vt 0.80000 4.03487
vt 1.00000 4.05849
vt 0.00000 4.18454
vt 0.20000 4.13596
vt 0.40000 4.17530
vt 0.60000 4.17533
vt 0.80000 4.16061
vt 1.00000 4.18454
vt 0.00000 4.29155
vt 0.20000 4.26292
vt 0.40000 4.29097
vt 0.60000 4.29121
vt 0.80000 4.28052
vt 1.00000 4.29155
vt 0.00000 4.38392
vt 0.20000 4.38392
vt 0.40000 4.38392
vt 0.60000 4.38392
vt 0.80000 4.38392
vt 1.00000 4.38392
vt 0.00000 5.09774
vt 0.20000 5.09774
vt 0.40000 5.09774
vt 0.60000 5.09774
vt 0.80000 5.09774
vt 1.00000 5.09774
vt 0.00000 6.00177
vt 0.20000 6.00177
vt 0.40000 6.00177
vt 0.60000 6.00177
vt 0.80000 6.00177
vt 1.00000 6.00177
vt 0.00000 6.75815
vt 0.20000 6.75815
vt 0.40000 6.75815
vt 0.60000 6.75815
vt 0.80000 6.75815
vt 1.00000 6.75815
vt 0.00000 7.71997
vt 0.20000 7.71997
vt 0.40000 7.71997
vt 0.60000 7.71997
vt 0.80000 7.71997
vt 1.00000 7.71997
vt 0.00000 8.50825
vt 0.20000 8.50825
vt 0.40000 8.50825
vt 0.60000 8.50825
vt 0.80000 8.50825
vt 1.00000 8.50825
vt 0.00000 9.47283
vt 0.20000 9.47283
vt 0.40000 9.47283
vt 0.60000 9.47283
vt 0.80000 9.47283
vt 1.00000 9.47283
vt 0.00000 10.25762
vt 0.20000 10.25762
vt 0.40000 10.25762
vt 0.60000 10.25762
vt 0.80000 10.25762
vt 1.00000 10.25762
vt 0.00000 11.20199
vt 0.20000 11.20199
vt 0.40000 11.20199
vt 0.60000 11.20199
vt 0.80000 11.20199
vt 1.00000 11.20199
vt 0.00000 11.94003
vt 0.20000 11.94003
vt 0.40000 11.94003
vt 0.60000 11.94003
vt 0.80000 11.94003
vt 1.00000 11.94003
vt 0.00000 12.81442
vt 0.20000 12.81442
vt 0.40000 12.81442
vt 0.60000 12.81442
vt 0.80000 12.81442
vt 1.00000 12.81442
vt 0.20000 13.67850
vt 0.60000 13.67850
vt 1.00000 13.67850
vt 0.00000 3.86006
vt 0.00000 4.05681
vt 0.20000 4.01775
vt 0.20000 3.86006
vt 0.40000 3.86006
vt 0.40000 4.03818
vt 0.60000 4.04323
vt 0.60000 3.86006
vt 0.80000 3.86006
vt 0.80000 4.03100
vt 1.00000 4.05681
vt 1.00000 3.86006
vt 0.00000 4.22014
vt 0.20000 4.16748
vt 0.40000 4.20520
vt 0.60000 4.20997
vt 0.80000 4.19267
vt 1.00000 4.22014
vt 0.00000 4.35168
vt 0.20000 4.29972
vt 0.40000 4.33862
vt 0.60000 4.34219
vt 0.80000 4.32343
vt 1.00000 4.35168
vt 0.00000 4.46400
vt 0.20000 4.43291
vt 0.40000 4.46030
vt 0.60000 4.46230
vt 0.80000 4.44980
vt 1.00000 4.46400
vt 0.00000 4.55935
vt 0.20000 4.55935
vt 0.40000 4.55935
vt 0.60000 4.55935
vt 0.80000 4.55935
vt 1.00000 4.55935
vt 0.00000 5.30312
vt 0.20000 5.30312
vt 0.40000 5.30312
vt 0.60000 5.30312
vt 0.80000 5.30312
vt 1.00000 5.30312
vt 0.00000 6.06703
vt 0.20000 6.06703
vt 0.40000 6.06703
vt 0.60000 6.06703
vt 0.80000 6.06703
vt 1.00000 6.06703
vt 0.00000 6.84259
vt 0.20000 6.84259
vt 0.40000 6.84259
vt 0.60000 6.84259
vt 0.80000 6.84259
vt 1.00000 6.84259
vt 0.00000 7.63844
vt 0.20000 7.63844
vt 0.40000 7.63844
vt 0.60000 7.63844
vt 0.80000 7.63844
vt 1.00000 7.63844
vt 0.00000 8.62129
vt 0.20000 8.62129
vt 0.40000 8.62129
vt 0.60000 8.62129
vt 0.80000 8.62129
vt 1.00000 8.62129
vt 0.00000 9.60752
vt 0.20000 9.60752
vt 0.40000 9.60752
vt 0.60000 9.60752
vt 0.80000 9.60752
vt 1.00000 9.60752
vt 0.00000 10.39168
vt 0.20000 10.39168
vt 0.40000 10.39168
vt 0.60000 10.39168
vt 0.80000 10.39168
vt 1.00000 10.39168
vt 0.00000 11.15798
vt 0.20000 11.15798
vt 0.40000 11.15798
vt 0.60000 11.15798
vt 0.80000 11.15798
vt 1.00000 11.15798
vt 0.00000 11.90280
vt 0.20000 11.90280
vt 0.40000 11.90280
vt 0.60000 11.90280
vt 0.80000 11.90280
vt 1.00000 11.90280
vt 0.00000 12.77420
vt 0.20000 12.77420
vt 0.40000 12.77420
vt 0.60000 12.77420
vt 0.80000 12.77420
vt 1.00000 12.77420
vt 0.20000 13.64027
vt 0.60000 13.64027
vt 1.00000 13.64027
vt 0.00000 3.27615
vt 0.00000 3.43462
vt 0.16667 3.41061
vt 0.16667 3.27615
vt 0.33333 3.27615
vt 0.33333 3.41621
vt 0.50000 3.42389
vt 0.50000 3.27615
vt 0.66667 3.27615
vt 0.66667 3.40577
vt 0.83333 3.41296
vt 0.83333 3.27615
vt 1.00000 3.27615
vt 1.00000 3.43462
vt 0.00000 3.56325
vt 0.16667 3.52631
vt 0.33333 3.54640
vt 0.50000 3.55802
vt 0.66667 3.53389
vt 0.83333 3.53944
vt 1.00000 3.56325
vt 0.00000 3.66703
vt 0.16667 3.63047
vt 0.33333 3.65298
vt 0.50000 3.66399
vt 0.66667 3.63874
vt 0.83333 3.64416
vt 1.00000 3.66703
vt 0.00000 3.75416
vt 0.16667 3.73079
vt 0.33333 3.74910
vt 0.50000 3.75705
vt 0.66667 3.74161
vt 0.83333 3.74290
vt 1.00000 3.75416
vt 0.00000 3.82919
vt 0.16667 3.82919
vt 0.33333 3.82919
vt 0.50000 3.82919
vt 0.66667 3.82919
vt 0.83333 3.82919
vt 1.00000 3.82919
vt 0.00000 4.41535
vt 0.16667 4.41535
vt 0.33333 4.41535
vt 0.50000 4.41535
vt 0.66667 4.41535
vt 0.83333 4.41535
vt 1.00000 4.41535
vt 0.00000 5.16119
vt 0.16667 5.16119
vt 0.33333 5.16119
vt 0.50000 5.16119
vt 0.66667 5.16119
vt 0.83333 5.16119
vt 1.00000 5.16119
vt 0.00000 5.78836
vt 0.16667 5.78836
vt 0.33333 5.78836
vt 0.50000 5.78836
vt 0.66667 5.78836
vt 0.83333 5.78836
vt 1.00000 5.78836
vt 0.00000 6.57977
vt 0.16667 6.57977
vt 0.33333 6.57977
vt 0.50000 6.57977
vt 0.66667 6.57977
vt 0.83333 6.57977
vt 1.00000 6.57977
vt 0.00000 7.22302
vt 0.16667 7.22302
vt 0.33333 7.22302
vt 0.50000 7.22302
vt 0.66667 7.22302
vt 0.83333 7.22302
vt 1.00000 7.22302
vt 0.00000 8.04330
vt 0.16667 8.04330
vt 0.33333 8.04330
vt 0.50000 8.04330
vt 0.66667 8.04330
vt 0.83333 8.04330
vt 1.00000 8.04330
vt 0.00000 8.87309
vt 0.16667 8.87309
vt 0.33333 8.87309
vt 0.50000 8.87309
vt 0.66667 8.87309
vt 0.83333 8.87309
vt 1.00000 8.87309
vt 0.00000 9.53519
vt 0.16667 9.53519
vt 0.33333 9.53519
vt 0.50000 9.53519
vt 0.66667 9.53519
vt 0.83333 9.53519
vt 1.00000 9.53519
vt 0.00000 10.32691
vt 0.16667 10.32691
vt 0.33333 10.32691
vt 0.50000 10.32691
vt 0.66667 10.32691
vt 0.83333 10.32691
vt 1.00000 10.32691
vt 0.00000 10.96420
vt 0.16667 10.96420
vt 0.33333 10.96420
vt 0.50000 10.96420
vt 0.66667 10.96420
vt 0.83333 10.96420
vt 1.00000 10.96420
vt 0.00000 11.72615
vt 0.16667 11.72615
vt 0.33333 11.72615
vt 0.50000 11.72615
vt 0.66667 11.72615
vt 0.83333 11.72615
vt 1.00000 11.72615
vt 0.00000 12.45835
vt 0.16667 12.45835
vt 0.33333 12.45835
vt 0.50000 12.45835
vt 0.66667 12.45835
vt 0.83333 12.45835
vt 1.00000 12.45835
vt 0.16667 13.18501
vt 0.50000 13.18501
vt 0.83333 13.18501
vt 0.00000 3.43815
vt 0.00000 3.60408
vt 0.16667 3.58369
vt 0.16667 3.43815
vt 0.33333 3.43815
vt 0.33333 3.58416
vt 0.50000 3.59702
vt 0.50000 3.43815
vt 0.66667 3.43815
vt 0.66667 3.57780
vt 0.83333 3.58503
vt 0.83333 3.43815
vt 1.00000 3.43815
vt 1.00000 3.60408
vt 0.00000 3.74263
vt 0.16667 3.70972
vt 0.33333 3.72349
vt 0.50000 3.74111
vt 0.66667 3.71473
vt 0.83333 3.72154
vt 1.00000 3.74263
vt 0.00000 3.85442
vt 0.16667 3.82122
vt 0.33333 3.83768
vt 0.50000 3.85482
vt 0.66667 3.82727
vt 0.83333 3.83404
vt 1.00000 3.85442
vt 0.00000 3.95105
vt 0.16667 3.92932
vt 0.33333 3.94391
vt 0.50000 3.95528
vt 0.66667 3.93824
vt 0.83333 3.94064
vt 1.00000 3.95105
vt 0.00000 4.03395
vt 0.16667 4.03395
vt 0.33333 4.03395
vt 0.50000 4.03395
vt 0.66667 4.03395
vt 0.83333 4.03395
vt 1.00000 4.03395
vt 0.00000 4.66687
vt 0.16667 4.66687
vt 0.33333 4.66687
vt 0.50000 4.66687
vt 0.66667 4.66687
vt 0.83333 4.66687
vt 1.00000 4.66687
vt 0.00000 5.31923
vt 0.16667 5.31923
vt 0.33333 5.31923
vt 0.50000 5.31923
vt 0.66667 5.31923
vt 0.83333 5.31923
vt 1.00000 5.31923
vt 0.00000 5.98447
vt 0.16667 5.98447
vt 0.33333 5.98447
vt 0.50000 5.98447
vt 0.66667 5.98447
vt 0.83333 5.98447
vt 1.00000 5.98447
vt 0.00000 6.65716
vt 0.16667 6.65716
vt 0.33333 6.65716
vt 0.50000 6.65716
vt 0.66667 6.65716
vt 0.83333 6.65716
vt 1.00000 6.65716
vt 0.00000 7.34457
vt 0.16667 7.34457
vt 0.33333 7.34457
vt 0.50000 7.34457
vt 0.66667 7.34457
vt 0.83333 7.34457
vt 1.00000 7.34457
vt 0.00000 8.25701
vt 0.16667 8.25701
vt 0.33333 8.25701
vt 0.50000 8.25701
vt 0.66667 8.25701
vt 0.83333 8.25701
vt 1.00000 8.25701
vt 0.00000 9.17760
vt 0.16667 9.17760
vt 0.33333 9.17760
vt 0.50000 9.17760
vt 0.66667 9.17760
vt 0.83333 9.17760
vt 1.00000 9.17760
vt 0.00000 9.90030
vt 0.16667 9.90030
vt 0.33333 9.90030
vt 0.50000 9.90030
vt 0.66667 9.90030
vt 0.83333 9.90030
vt 1.00000 9.90030
vt 0.00000 10.61105
vt 0.16667 10.61105
vt 0.33333 10.61105
vt 0.50000 10.61105
vt 0.66667 10.61105
vt 0.83333 10.61105
vt 1.00000 10.61105
vt 0.00000 11.30572
vt 0.16667 11.30572
vt 0.33333 11.30572
vt 0.50000 11.30572
vt 0.66667 11.30572
vt 0.83333 11.30572
vt 1.00000 11.30572
vt 0.00000 11.98152
vt 0.16667 11.98152
vt 0.33333 11.98152
vt 0.50000 11.98152
vt 0.66667 11.98152
vt 0.83333 11.98152
vt 1.00000 11.98152
vt 0.00000 12.77164
vt 0.16667 12.77164
vt 0.33333 12.77164
vt 0.50000 12.77164
vt 0.66667 12.77164
vt 0.83333 12.77164
vt 1.00000 12.77164
vt 0.16667 13.56261
vt 0.50000 13.56261
vt 0.83333 13.56261
vt 0.00000 5.16063
vt 0.00000 5.48337
vt 0.25000 5.45134
vt 0.25000 5.16063
vt 0.50000 5.16063
vt 0.50000 5.49182
vt 0.75000 5.45710
vt 0.75000 5.16063
vt 1.00000 5.16063
vt 1.00000 5.48337
vt 0.00000 5.76000
vt 0.25000 5.73980
vt 0.50000 5.79279
vt 0.75000 5.75260
vt 1.00000 5.76000
vt 0.00000 6.00487
vt 0.25000 6.00253
vt 0.50000 6.04460
vt 0.75000 6.01483
vt 1.00000 6.00487
vt 0.00000 6.26936
vt 0.25000 6.26936
vt 0.50000 6.26936
vt 0.75000 6.26936
vt 1.00000 6.26936
vt 0.00000 7.44337
vt 0.25000 7.44337
vt 0.50000 7.44337
vt 0.75000 7.44337
vt 1.00000 7.44337
vt 0.00000 8.62738
vt 0.25000 8.62738
vt 0.50000 8.62738
vt 0.75000 8.62738
vt 1.00000 8.62738
vt 0.00000 9.83845
vt 0.25000 9.83845
vt 0.50000 9.83845
vt 0.75000 9.83845
vt 1.00000 9.83845
vt 0.00000 10.94116
vt 0.25000 10.94116
vt 0.50000 10.94116
vt 0.75000 10.94116
vt 1.00000 10.94116
vt 0.00000 12.03881
vt 0.25000 12.03881
vt 0.50000 12.03881
vt 0.75000 12.03881
vt 1.00000 12.03881
vt 0.00000 13.29709
vt 0.25000 13.29709
vt 0.50000 13.29709
vt 0.75000 13.29709
vt 1.00000 13.29709
vt 0.25000 14.54092
vt 0.75000 14.54092
vt 0.00000 5.01201
vt 0.00000 5.33031
vt 0.25000 5.29924
vt 0.25000 5.01201
vt 0.50000 5.01201
vt 0.50000 5.32386
vt 0.75000 5.28631
vt 0.75000 5.01201
vt 1.00000 5.01201
vt 1.00000 5.33031
vt 0.00000 5.58925
vt 0.25000 5.57896
vt 0.50000 5.60801
vt 0.75000 5.55848
vt 1.00000 5.58925
vt 0.00000 5.81327
vt 0.25000 5.82377
vt 0.50000 5.84530
vt 0.75000 5.80573
vt 1.00000 5.81327
vt 0.00000 6.05526
vt 0.25000 6.05526
vt 0.50000 6.05526
vt 0.75000 6.05526
vt 1.00000 6.05526
vt 0.00000 7.16048
vt 0.25000 7.16048
vt 0.50000 7.16048
vt 0.75000 7.16048
vt 1.00000 7.16048
vt 0.00000 8.30726
vt 0.25000 8.30726
vt 0.50000 8.30726
vt 0.75000 8.30726
vt 1.00000 8.30726
vt 0.00000 9.66598
vt 0.25000 9.66598
vt 0.50000 9.66598
vt 0.75000 9.66598
vt 1.00000 9.66598
vt 0.00000 11.01226
vt 0.25000 11.01226
vt 0.50000 11.01226
vt 0.75000 11.01226
vt 1.00000 11.01226
vt 0.00000 12.07305
vt 0.25000 12.07305
vt 0.50000 12.07305
vt 0.75000 12.07305
vt 1.00000 12.07305
vt 0.00000 13.29333
vt 0.25000 13.29333
vt 0.50000 13.29333
vt 0.75000 13.29333
vt 1.00000 13.29333
vt 0.25000 14.50578
vt 0.75000 14.50578
vt 0.00000 5.61837
vt 0.00000 5.99095
vt 0.33333 5.99419
vt 0.33333 5.61837
vt 0.66667 5.61837
vt 0.66667 5.93482
vt 1.00000 5.99095
vt 1.00000 5.61837
vt 0.00000 6.30518
vt 0.33333 6.34036
vt 0.66667 6.26215
vt 1.00000 6.30518
vt 0.00000 6.58141
vt 0.33333 6.62644
vt 0.66667 6.56708
vt 1.00000 6.58141
vt 0.00000 6.87767
vt 0.33333 6.87767
vt 0.66667 6.87767
vt 1.00000 6.87767
vt 0.00000 8.20981
vt 0.33333 8.20981
vt 0.66667 8.20981
vt 1.00000 8.20981
vt 0.00000 9.58118
vt 0.33333 9.58118
vt 0.66667 9.58118
vt 1.00000 9.58118
vt 0.00000 10.88878
vt 0.33333 10.88878
vt 0.66667 10.88878
vt 1.00000 10.88878
vt 0.00000 12.19187
vt 0.33333 12.19187
vt 0.66667 12.19187
vt 1.00000 12.19187
vt 0.00000 13.67908
vt 0.33333 13.67908
vt 0.66667 13.67908
vt 1.00000 13.67908
vt 0.33333 15.14460
vt 1.00000 15.14460
vt 0.00000 5.38191
vt 0.00000 5.75212
vt 0.33333 5.73618
vt 0.33333 5.38191
vt 0.66667 5.38191
vt 0.66667 5.68868
vt 1.00000 5.75212
vt 1.00000 5.38191
vt 0.00000 6.03652
vt 0.33333 6.06094
vt 0.66667 6.00149
vt 1.00000 6.03652
vt 0.00000 6.28121
vt 0.33333 6.32848
vt 0.66667 6.28486
vt 1.00000 6.28121
vt 0.00000 6.55989
vt 0.33333 6.55989
vt 0.66667 6.55989
vt 1.00000 6.55989
vt 0.00000 7.81030
vt 0.33333 7.81030
vt 0.66667 7.81030
vt 1.00000 7.81030
vt 0.00000 9.10339
vt 0.33333 9.10339
vt 0.66667 9.10339
vt 1.00000 9.10339
vt 0.00000 10.56102
vt 0.33333 10.56102
vt 0.66667 10.56102
vt 1.00000 10.56102
vt 0.00000 11.99321
vt 0.33333 11.99321
vt 0.66667 11.99321
vt 1.00000 11.99321
vt 0.00000 13.31323
vt 0.33333 13.31323
vt 0.66667 13.31323
vt 1.00000 13.31323
vt 0.33333 14.61322
vt 1.00000 14.61322
vt 0.00000 5.28993
vt 0.00000 5.65752
vt 0.33333 5.64818
vt 0.33333 5.28993
vt 0.66667 5.28993
vt 0.66667 5.60024
vt 1.00000 5.65752
vt 1.00000 5.28993
vt 0.00000 5.93425
vt 0.33333 5.97370
vt 0.66667 5.91491
vt 1.00000 5.93425
vt 0.00000 6.17768
vt 0.33333 6.24027
vt 0.66667 6.19755
vt 1.00000 6.17768
vt 0.00000 6.46883
vt 0.33333 6.46883
vt 0.66667 6.46883
vt 1.00000 6.46883
vt 0.00000 7.72048
vt 0.33333 7.72048
vt 0.66667 7.72048
vt 1.00000 7.72048
vt 0.00000 9.01607
vt 0.33333 9.01607
vt 0.66667 9.01607
vt 1.00000 9.01607
vt 0.00000 10.66498
vt 0.33333 10.66498
vt 0.66667 10.66498
vt 1.00000 10.66498
vt 0.00000 12.32277
vt 0.33333 12.32277
vt 0.66667 12.32277
vt 1.00000 12.32277
vt 0.00000 13.81056
vt 0.33333 13.81056
vt 0.66667 13.81056
vt 1.00000 13.81056
vt 0.33333 15.27499
vt 1.00000 15.27499
vt 0.00000 5.87097
vt 0.00000 6.26219
vt 0.33333 6.26696
vt 0.33333 5.87097
vt 0.66667 5.87097
vt 0.66667 6.20978
vt 1.00000 6.26219
vt 1.00000 5.87097
vt 0.00000 6.59920
vt 0.33333 6.63406
vt 0.66667 6.56183
vt 1.00000 6.59920
vt 0.00000 6.89790
vt 0.33333 6.94131
vt 0.66667 6.88804
vt 1.00000 6.89790
vt 0.00000 7.21892
vt 0.33333 7.21892
vt 0.66667 7.21892
vt 1.00000 7.21892
vt 0.00000 8.64218
vt 0.33333 8.64218
vt 0.66667 8.64218
vt 1.00000 8.64218
vt 0.00000 10.05901
vt 0.33333 10.05901
vt 0.66667 10.05901
vt 1.00000 10.05901
vt 0.00000 11.49308
vt 0.33333 11.49308
vt 0.66667 11.49308
vt 1.00000 11.49308
vt 0.00000 12.70220
vt 0.33333 12.70220
vt 0.66667 12.70220
vt 1.00000 12.70220
vt 0.00000 13.88243
vt 0.33333 13.88243
vt 0.66667 13.88243
vt 1.00000 13.88243
vt 0.33333 15.01451
vt 1.00000 15.01451
vt 0.00000 6.81033
vt 0.00000 7.27708
vt 0.33333 7.40760
vt 0.33333 6.81033
vt 0.66667 6.81033
vt 0.66667 7.36266
vt 1.00000 7.27708
vt 1.00000 6.81033
vt 0.00000 7.79107
vt 0.33333 7.95433
vt 0.66667 7.90874
vt 1.00000 7.79107
vt 0.00000 8.52491
vt 0.33333 8.52491
vt 0.66667 8.52491
vt 1.00000 8.52491
vt 0.00000 10.39526
vt 0.33333 10.39526
vt 0.66667 10.39526
vt 1.00000 10.39526
vt 0.00000 12.03088
vt 0.33333 12.03088
vt 0.66667 12.03088
vt 1.00000 12.03088
vt 0.00000 13.96704
vt 0.33333 13.96704
vt 0.66667 13.96704
vt 1.00000 13.96704
vt 0.33333 15.86062
vt 1.00000 15.86062
vt 0.00000 7.73410
vt 0.00000 8.30668
vt 0.33333 8.42552
vt 0.33333 7.73410
vt 0.66667 7.73410
vt 0.66667 8.36272
vt 1.00000 8.30668
vt 1.00000 7.73410
vt 0.00000 8.93720
vt 0.33333 9.07928
vt 0.66667 9.01333
vt 1.00000 8.93720
vt 0.00000 9.79210
vt 0.33333 9.79210
vt 0.66667 9.79210
vt 1.00000 9.79210
vt 0.00000 12.04674
vt 0.33333 12.04674
vt 0.66667 12.04674
vt 1.00000 12.04674
vt 0.00000 14.25586
vt 0.33333 14.25586
vt 0.66667 14.25586
vt 1.00000 14.25586
vt 0.33333 16.54034
vt 1.00000 16.54034
vt 0.00000 7.37915
vt 0.00000 7.92232
vt 0.33333 8.04270
vt 0.33333 7.37915
vt 0.66667 7.37915
vt 0.66667 7.98007
vt 1.00000 7.92232
vt 1.00000 7.37915
vt 0.00000 8.52017
vt 0.33333 8.66430
vt 0.66667 8.59768
vt 1.00000 8.52017
vt 0.00000 9.33294
vt 0.33333 9.33294
vt 0.66667 9.33294
vt 1.00000 9.33294
vt 0.00000 11.74235
vt 0.33333 11.74235
vt 0.66667 11.74235
vt 1.00000 11.74235
vt 0.00000 14.50140
vt 0.33333 14.50140
vt 0.66667 14.50140
vt 1.00000 14.50140
vt 0.33333 16.76777
vt 1.00000 16.76777
vt 0.00000 7.39146
vt 0.00000 7.90051
vt 0.33333 8.16291
vt 0.33333 7.39146
vt 0.66667 7.39146
vt 0.66667 8.08521
vt 1.00000 7.90051
vt 1.00000 7.39146
vt 0.00000 8.58514
vt 0.33333 8.88762
vt 0.66667 8.80412
vt 1.00000 8.58514
vt 0.00000 9.65849
vt 0.33333 9.65849
vt 0.66667 9.65849
vt 1.00000 9.65849
vt 0.00000 12.22628
vt 0.33333 12.22628
vt 0.66667 12.22628
vt 1.00000 12.22628
vt 0.00000 14.25171
vt 0.33333 14.25171
vt 0.66667 14.25171
vt 1.00000 14.25171
vt 0.33333 16.34018
vt 1.00000 16.34018
vt 0.00000 6.83676
vt 0.00000 7.30994
vt 0.33333 7.43624
vt 0.33333 6.83676
vt 0.66667 6.83676
vt 0.66667 7.37728
vt 1.00000 7.30994
vt 1.00000 6.83676
vt 0.00000 7.82425
vt 0.33333 7.98365
vt 0.66667 7.92031
vt 1.00000 7.82425
vt 0.00000 8.54907
vt 0.33333 8.54907
vt 0.66667 8.54907
vt 1.00000 8.54907
vt 0.00000 10.42166
vt 0.33333 10.42166
vt 0.66667 10.42166
vt 1.00000 10.42166
vt 0.00000 12.23590
vt 0.33333 12.23590
vt 0.66667 12.23590
vt 1.00000 12.23590
vt 0.00000 14.37381
vt 0.33333 14.37381
vt 0.66667 14.37381
vt 1.00000 14.37381
vt 0.33333 16.47208
vt 1.00000 16.47208
vt 0.00000 8.80048
vt 0.00000 9.44756
vt 0.33333 9.69136
vt 0.33333 8.80048
vt 0.66667 8.80048
vt 0.66667 9.62743
vt 1.00000 9.44756
vt 1.00000 8.80048
vt 0.00000 10.28624
vt 0.33333 10.56119
vt 0.66667 10.49359
vt 1.00000 10.28624
vt 0.00000 11.53561
vt 0.33333 11.53561
vt 0.66667 11.53561
vt 1.00000 11.53561
vt 0.00000 14.44253
vt 0.33333 14.44253
vt 0.66667 14.44253
vt 1.00000 14.44253
vt 0.33333 17.50522
vt 1.00000 17.50522
vt 0.00000 8.44278
vt 0.00000 9.00856
vt 0.33333 9.20318
vt 0.33333 8.44278
vt 0.66667 8.44278
vt 0.66667 9.13214
vt 1.00000 9.00856
vt 1.00000 8.44278
vt 0.00000 9.70057
vt 0.33333 9.92635
vt 0.66667 9.85066
vt 1.00000 9.70057
vt 0.00000 10.71429
vt 0.33333 10.71429
vt 0.66667 10.71429
vt 1.00000 10.71429
vt 0.00000 13.19750
vt 0.33333 13.19750
vt 0.66667 13.19750
vt 1.00000 13.19750
vt 0.00000 15.09025
vt 0.33333 15.09025
vt 0.66667 15.09025
vt 1.00000 15.09025
vt 0.33333 17.01495
vt 1.00000 17.01495
vt 0.00000 8.66057
vt 0.00000 9.14364
vt 0.33333 9.46880
vt 0.33333 8.66057
vt 0.66667 8.66057
vt 0.66667 9.38367
vt 1.00000 9.14364
vt 1.00000 8.66057
vt 0.00000 9.86622
vt 0.33333 10.23024
vt 0.66667 10.13727
vt 1.00000 9.86622
vt 0.00000 11.04119
vt 0.33333 11.04119
vt 0.66667 11.04119
vt 1.00000 11.04119
vt 0.00000 13.20032
vt 0.33333 13.20032
vt 0.66667 13.20032
vt 1.00000 13.20032
vt 0.00000 15.30308
vt 0.33333 15.30308
vt 0.66667 15.30308
vt 1.00000 15.30308
vt 0.33333 17.28011
vt 1.00000 17.28011
vt 0.00000 9.03938
vt 0.00000 9.61587
vt 0.33333 9.93578
vt 0.33333 9.03938
vt 0.66667 9.03938
vt 0.66667 9.86951
vt 1.00000 9.61587
vt 1.00000 9.03938
vt 0.00000 10.44820
vt 0.33333 10.80274
vt 0.66667 10.73406
vt 1.00000 10.44820
vt 0.00000 11.76332
vt 0.33333 11.76332
vt 0.66667 11.76332
vt 1.00000 11.76332
vt 0.00000 14.57577
vt 0.33333 14.57577
vt 0.66667 14.57577
vt 1.00000 14.57577
vt 0.33333 17.53268
vt 1.00000 17.53268
vt 0.00000 9.98018
vt 0.00000 10.64756
vt 0.33333 10.99120
vt 0.33333 9.98018
vt 0.66667 9.98018
vt 0.66667 10.90156
vt 1.00000 10.64756
vt 1.00000 9.98018
vt 0.00000 11.60054
vt 0.33333 11.97845
vt 0.66667 11.88192
vt 1.00000 11.60054
vt 0.00000 13.07835
vt 0.33333 13.07835
vt 0.66667 13.07835
vt 1.00000 13.07835
vt 0.00000 15.61559
vt 0.33333 15.61559
vt 0.66667 15.61559
vt 1.00000 15.61559
vt 0.33333 18.21769
vt 1.00000 18.21769
vt 0.00000 9.99621
vt 0.00000 10.65700
vt 0.33333 11.00750
vt 0.33333 9.99621
vt 0.66667 9.99621
vt 0.66667 10.91068
vt 1.00000 10.65700
vt 1.00000 9.99621
vt 0.00000 11.60685
vt 0.33333 11.99238
vt 0.66667 11.88675
vt 1.00000 11.60685
vt 0.00000 13.08369
vt 0.33333 13.08369
vt 0.66667 13.08369
vt 1.00000 13.08369
vt 0.00000 15.60762
vt 0.33333 15.60762
vt 0.66667 15.60762
vt 1.00000 15.60762
vt 0.33333 18.20487
vt 1.00000 18.20487
vt 0.00000 9.94692
vt 0.00000 10.72279
vt 0.33333 10.95730
vt 0.33333 9.94692
vt 0.66667 9.94692
vt 0.66667 10.83428
vt 1.00000 10.72279
vt 1.00000 9.94692
vt 0.00000 11.68512
vt 0.33333 11.94793
vt 0.66667 11.81121
vt 1.00000 11.68512
vt 0.00000 13.05609
vt 0.33333 13.05609
vt 0.66667 13.05609
vt 1.00000 13.05609
vt 0.00000 15.59361
vt 0.33333 15.59361
vt 0.66667 15.59361
vt 1.00000 15.59361
vt 0.33333 18.20235
vt 1.00000 18.20235
vt 0.00000 11.05761
vt 0.00000 11.75929
vt 0.33333 12.01655
vt 0.33333 11.05761
vt 0.66667 11.05761
vt 0.66667 11.88732
vt 1.00000 11.75929
vt 1.00000 11.05761
vt 0.00000 12.65529
vt 0.33333 12.94726
vt 0.66667 12.80290
vt 1.00000 12.65529
vt 0.00000 13.97143
vt 0.33333 13.97143
vt 0.66667 13.97143
vt 1.00000 13.97143
vt 0.00000 16.35901
vt 0.33333 16.35901
vt 0.66667 16.35901
vt 1.00000 16.35901
vt 0.33333 18.81496
vt 1.00000 18.81496
vt 0.00000 10.91049
vt 0.00000 11.62559
vt 0.33333 11.88524
vt 0.33333 10.91049
vt 0.66667 10.91049
vt 0.66667 11.75597
vt 1.00000 11.62559
vt 1.00000 10.91049
vt 0.00000 12.54051
vt 0.33333 12.83313
vt 0.66667 12.68830
vt 1.00000 12.54051
vt 0.00000 13.87812
vt 0.33333 13.87812
vt 0.66667 13.87812
vt 1.00000 13.87812
vt 0.00000 16.29040
vt 0.33333 16.29040
vt 0.66667 16.29040
vt 1.00000 16.29040
vt 0.33333 18.76445
vt 1.00000 18.76445
vt 0.00000 11.53366
vt 0.00000 12.33923
vt 0.33333 12.49498
vt 0.33333 11.53366
vt 0.66667 11.53366
vt 0.66667 12.28140
vt 1.00000 12.33923
vt 1.00000 11.53366
vt 0.00000 13.23320
vt 0.33333 13.42011
vt 0.66667 13.17988
vt 1.00000 13.23320
vt 0.00000 14.42257
vt 0.33333 14.42257
vt 0.66667 14.42257
vt 1.00000 14.42257
vt 0.00000 16.76042
vt 0.33333 16.76042
vt 0.66667 16.76042
vt 1.00000 16.76042
vt 0.33333 19.16106
vt 1.00000 19.16106
vt 0.00000 10.29545
vt 0.20000 10.29545
vt 0.40000 10.29545
vt 0.60000 10.29545
vt 0.80000 10.29545
vt 1.00000 10.29545
vt 0.00000 11.11559
vt 0.20000 11.11559
vt 0.40000 11.11559
vt 0.60000 11.11559
vt 0.80000 11.11559
vt 1.00000 11.11559
vt 0.00000 11.89584
vt 0.20000 11.89584
vt 0.40000 11.89584
vt 0.60000 11.89584
vt 0.80000 11.89584
vt 1.00000 11.89584
vt 0.00000 12.78241
vt 0.20000 12.78241
vt 0.40000 12.78241
vt 0.60000 12.78241
vt 0.80000 12.78241
vt 1.00000 12.78241
vt 0.20000 13.66831
vt 0.60000 13.66831
vt 1.00000 13.66831
vt 0.00000 9.01898
vt 0.20000 9.01898
vt 0.40000 9.01898
vt 0.60000 9.01898
vt 0.80000 9.01898
vt 1.00000 9.01898
vt 0.00000 9.94033
vt 0.20000 9.94033
vt 0.40000 9.94033
vt 0.60000 9.94033
vt 0.80000 9.94033
vt 1.00000 9.94033
vt 0.00000 10.65608
vt 0.20000 10.65608
vt 0.40000 10.65608
vt 0.60000 10.65608
vt 0.80000 10.65608
vt 1.00000 10.65608
vt 0.00000 11.49380
vt 0.20000 11.49380
vt 0.40000 11.49380
vt 0.60000 11.49380
vt 0.80000 11.49380
vt 1.00000 11.49380
vt 0.00000 12.27864
vt 0.20000 12.27864
vt 0.40000 12.27864
vt 0.60000 12.27864
vt 0.80000 12.27864
vt 1.00000 12.27864
vt 0.20000 13.05232
vt 0.60000 13.05232
vt 1.00000 13.05232
vt 0.00000 9.23251
vt 0.20000 9.23251
vt 0.40000 9.23251
vt 0.60000 9.23251
vt 0.80000 9.23251
vt 1.00000 9.23251
vt 0.00000 10.19270
vt 0.20000 10.19270
vt 0.40000 10.19270
vt 0.60000 10.19270
vt 0.80000 10.19270
vt 1.00000 10.19270
vt 0.00000 10.93815
vt 0.20000 10.93815
vt 0.40000 10.93815
vt 0.60000 10.93815
vt 0.80000 10.93815
vt 1.00000 10.93815
vt 0.00000 11.64991
vt 0.20000 11.64991
vt 0.40000 11.64991
vt 0.60000 11.64991
vt 0.80000 11.64991
vt 1.00000 11.64991
vt 0.00000 12.46745
vt 0.20000 12.46745
vt 0.40000 12.46745
vt 0.60000 12.46745
vt 0.80000 12.46745
vt 1.00000 12.46745
vt 0.20000 13.27393
vt 0.60000 13.27393
vt 1.00000 13.27393
vt 0.00000 8.40778
vt 0.20000 8.40778
vt 0.40000 8.40778
vt 0.60000 8.40778
vt 0.80000 8.40778
vt 1.00000 8.40778
vt 0.00000 9.22531
vt 0.20000 9.22531
vt 0.40000 9.22531
vt 0.60000 9.22531
vt 0.80000 9.22531
vt 1.00000 9.22531
vt 0.00000 9.86667
vt 0.20000 9.86667
vt 0.40000 9.86667
vt 0.60000 9.86667
vt 0.80000 9.86667
vt 1.00000 9.86667
vt 0.00000 10.62405
vt 0.20000 10.62405
vt 0.40000 10.62405
vt 0.60000 10.62405
vt 0.80000 10.62405
vt 1.00000 10.62405
vt 0.00000 11.20704
vt 0.20000 11.20704
vt 0.40000 11.20704
vt 0.60000 11.20704
vt 0.80000 11.20704
vt 1.00000 11.20704
vt 0.00000 11.89149
vt 0.20000 11.89149
vt 0.40000 11.89149
vt 0.60000 11.89149
vt 0.80000 11.89149
vt 1.00000 11.89149
vt 0.20000 12.56357
vt 0.60000 12.56357
vt 1.00000 12.56357
vt 0.00000 8.53530
vt 0.20000 8.53530
vt 0.40000 8.53530
vt 0.60000 8.53530
vt 0.80000 8.53530
vt 1.00000 8.53530
vt 0.00000 9.40627
vt 0.20000 9.40627
vt 0.40000 9.40627
vt 0.60000 9.40627
vt 0.80000 9.40627
vt 1.00000 9.40627
vt 0.00000 10.07224
vt 0.20000 10.07224
vt 0.40000 10.07224
vt 0.60000 10.07224
vt 0.80000 10.07224
vt 1.00000 10.07224
vt 0.00000 10.70976
vt 0.20000 10.70976
vt 0.40000 10.70976
vt 0.60000 10.70976
vt 0.80000 10.70976
vt 1.00000 10.70976
vt 0.00000 11.32015
vt 0.20000 11.32015
vt 0.40000 11.32015
vt 0.60000 11.32015
vt 0.80000 11.32015
vt 1.00000 11.32015
vt 0.00000 12.02514
vt 0.20000 12.02514
vt 0.40000 12.02514
vt 0.60000 12.02514
vt 0.80000 12.02514
vt 1.00000 12.02514
vt 0.20000 12.72268
vt 0.60000 12.72268
vt 1.00000 12.72268
vt 0.00000 7.94222
vt 0.16667 7.94222
vt 0.33333 7.94222
vt 0.50000 7.94222
vt 0.66667 7.94222
vt 0.83333 7.94222
vt 1.00000 7.94222
vt 0.00000 8.64514
vt 0.16667 8.64514
vt 0.33333 8.64514
vt 0.50000 8.64514
vt 0.66667 8.64514
vt 0.83333 8.64514
vt 1.00000 8.64514
vt 0.00000 9.19501
vt 0.16667 9.19501
vt 0.33333 9.19501
vt 0.50000 9.19501
vt 0.66667 9.19501
vt 0.83333 9.19501
vt 1.00000 9.19501
vt 0.00000 9.84222
vt 0.16667 9.84222
vt 0.33333 9.84222
vt 0.50000 9.84222
vt 0.66667 9.84222
vt 0.83333 9.84222
vt 1.00000 9.84222
vt 0.00000 10.34956
vt 0.16667 10.34956
vt 0.33333 10.34956
vt 0.50000 10.34956
vt 0.66667 10.34956
vt 0.83333 10.34956
vt 1.00000 10.34956
vt 0.00000 10.94627
vt 0.16667 10.94627
vt 0.33333 10.94627
vt 0.50000 10.94627
vt 0.66667 10.94627
vt 0.83333 10.94627
vt 1.00000 10.94627
vt 0.00000 11.51709
vt 0.16667 11.51709
vt 0.33333 11.51709
vt 0.50000 11.51709
vt 0.66667 11.51709
vt 0.83333 11.51709
vt 1.00000 11.51709
vt 0.16667 12.08159
vt 0.50000 12.08159
vt 0.83333 12.08159
vt 0.00000 8.10656
vt 0.16667 8.10656
vt 0.33333 8.10656
vt 0.50000 8.10656
vt 0.66667 8.10656
vt 0.83333 8.10656
vt 1.00000 8.10656
vt 0.00000 8.85590
vt 0.16667 8.85590
vt 0.33333 8.85590
vt 0.50000 8.85590
vt 0.66667 8.85590
vt 0.83333 8.85590
vt 1.00000 8.85590
vt 0.00000 9.42944
vt 0.16667 9.42944
vt 0.33333 9.42944
vt 0.50000 9.42944
vt 0.66667 9.42944
vt 0.83333 9.42944
vt 1.00000 9.42944
vt 0.00000 9.98236
vt 0.16667 9.98236
vt 0.33333 9.98236
vt 0.50000 9.98236
vt 0.66667 9.98236
vt 0.83333 9.98236
vt 1.00000 9.98236
vt 0.00000 10.51396
vt 0.16667 10.51396
vt 0.33333 10.51396
vt 0.50000 10.51396
vt 0.66667 10.51396
vt 0.83333 10.51396
vt 1.00000 10.51396
vt 0.00000 11.02430
vt 0.16667 11.02430
vt 0.33333 11.02430
vt 0.50000 11.02430
vt 0.66667 11.02430
vt 0.83333 11.02430
vt 1.00000 11.02430
vt 0.00000 11.61441
vt 0.16667 11.61441
vt 0.33333 11.61441
vt 0.50000 11.61441
vt 0.66667 11.61441
vt 0.83333 11.61441
vt 1.00000 11.61441
vt 0.16667 12.20311
vt 0.50000 12.20311
vt 0.83333 12.20311
vt 0.00000 10.92569
vt 0.25000 10.92569
vt 0.50000 10.92569
vt 0.75000 10.92569
vt 1.00000 10.92569
vt 0.00000 11.97595
vt 0.25000 11.97595
vt 0.50000 11.97595
vt 0.75000 11.97595
vt 1.00000 11.97595
vt 0.00000 13.15230
vt 0.25000 13.15230
vt 0.50000 13.15230
vt 0.75000 13.15230
vt 1.00000 13.15230
vt 0.25000 14.30559
vt 0.75000 14.30559
vt 0.00000 9.55407
vt 0.25000 9.55407
vt 0.50000 9.55407
vt 0.75000 9.55407
vt 1.00000 9.55407
vt 0.00000 10.75871
vt 0.25000 10.75871
vt 0.50000 10.75871
vt 0.75000 10.75871
vt 1.00000 10.75871
vt 0.00000 11.65951
vt 0.25000 11.65951
vt 0.50000 11.65951
vt 0.75000 11.65951
vt 1.00000 11.65951
vt 0.00000 12.67128
vt 0.25000 12.67128
vt 0.50000 12.67128
vt 0.75000 12.67128
vt 1.00000 12.67128
vt 0.25000 13.66804
vt 0.75000 13.66804
vt 0.00000 10.76302
vt 0.33333 10.76302
vt 0.66667 10.76302
vt 1.00000 10.76302
vt 0.00000 11.89836
vt 0.33333 11.89836
vt 0.66667 11.89836
vt 1.00000 11.89836
vt 0.00000 13.15923
vt 0.33333 13.15923
vt 0.66667 13.15923
vt 1.00000 13.15923
vt 0.33333 14.38518
vt 1.00000 14.38518
vt 0.00000 10.52255
vt 0.33333 10.52255
vt 0.66667 10.52255
vt 1.00000 10.52255
vt 0.00000 11.89895
vt 0.33333 11.89895
vt 0.66667 11.89895
vt 1.00000 11.89895
vt 0.00000 13.16541
vt 0.33333 13.16541
vt 0.66667 13.16541
vt 1.00000 13.16541
vt 0.33333 14.39827
vt 1.00000 14.39827
vt 0.00000 10.35597
vt 0.33333 10.35597
vt 0.66667 10.35597
vt 1.00000 10.35597
vt 0.00000 11.65895
vt 0.33333 11.65895
vt 0.66667 11.65895
vt 1.00000 11.65895
vt 0.00000 12.80254
vt 0.33333 12.80254
vt 0.66667 12.80254
vt 1.00000 12.80254
vt 0.33333 13.91501
vt 1.00000 13.91501
vt 0.00000 12.82296
vt 0.33333 12.82296
vt 0.66667 12.82296
vt 1.00000 12.82296
vt 0.00000 14.09225
vt 0.33333 14.09225
vt 0.66667 14.09225
vt 1.00000 14.09225
vt 0.33333 15.30208
vt 1.00000 15.30208
vt 0.00000 11.96904
vt 0.33333 11.96904
vt 0.66667 11.96904
vt 1.00000 11.96904
vt 0.00000 13.76040
vt 0.33333 13.76040
vt 0.66667 13.76040
vt 1.00000 13.76040
vt 0.33333 15.48984
vt 1.00000 15.48984
vt 0.00000 14.21690
vt 0.33333 14.21690
vt 0.66667 14.21690
vt 1.00000 14.21690
vt 0.33333 16.38842
vt 1.00000 16.38842
vt 0.00000 11.33234
vt 0.33333 11.33234
vt 0.66667 11.33234
vt 1.00000 11.33234
vt 0.00000 13.52480
vt 0.33333 13.52480
vt 0.66667 13.52480
vt 1.00000 13.52480
vt 0.33333 15.16320
vt 1.00000 15.16320
vt 0.00000 14.16169
vt 0.33333 14.16169
vt 0.66667 14.16169
vt 1.00000 14.16169
vt 0.33333 16.10766
vt 1.00000 16.10766
vt 0.00000 11.90056
vt 0.33333 11.90056
vt 0.66667 11.90056
vt 1.00000 11.90056
vt 0.00000 13.57294
vt 0.33333 13.57294
vt 0.66667 13.57294
vt 1.00000 13.57294
vt 0.33333 15.17694
vt 1.00000 15.17694
vt 0.00000 14.07567
vt 0.33333 14.07567
vt 0.66667 14.07567
vt 1.00000 14.07567
vt 0.33333 16.61633
vt 1.00000 16.61633
vt 0.00000 15.19334
vt 0.33333 15.19334
vt 0.66667 15.19334
vt 1.00000 15.19334
vt 0.33333 17.18750
vt 1.00000 17.18750
vt 0.00000 11.27674
vt 0.00000 11.92720
vt 0.33333 12.10141
vt 0.33333 11.27674
vt 0.66667 11.27674
vt 0.66667 12.02385
vt 1.00000 11.92720
vt 1.00000 11.27674
vt 0.00000 12.57783
vt 0.33333 12.81512
vt 0.66667 12.70653
vt 1.00000 12.57783
vt 0.00000 13.88721
vt 0.33333 13.88721
vt 0.66667 13.88721
vt 1.00000 13.88721
vt 0.33333 16.01112
vt 1.00000 16.01112
vt 0.00000 10.61545
vt 0.00000 10.97284
vt 0.25000 11.15163
vt 0.25000 10.61545
vt 0.50000 10.61545
vt 0.50000 11.20077
vt 0.75000 11.12939
vt 0.75000 10.61545
vt 1.00000 10.61545
vt 1.00000 10.97284
vt 0.00000 11.38372
vt 0.25000 11.62955
vt 0.50000 11.69956
vt 0.75000 11.59979
vt 1.00000 11.38372
vt 0.00000 12.39717
vt 0.25000 12.39717
vt 0.50000 12.39717
vt 0.75000 12.39717
vt 1.00000 12.39717
vt 0.00000 13.99701
vt 0.25000 13.99701
vt 0.50000 13.99701
vt 0.75000 13.99701
vt 1.00000 13.99701
vt 0.25000 15.59570
vt 0.75000 15.59570
vt 0.00000 10.91556
vt 0.00000 11.53353
vt 0.33333 11.73497
vt 0.33333 10.91556
vt 0.66667 10.91556
vt 0.66667 11.67455
vt 1.00000 11.53353
vt 1.00000 10.91556
vt 0.00000 12.16730
vt 0.33333 12.44722
vt 0.66667 12.36052
vt 1.00000 12.16730
vt 0.00000 13.51457
vt 0.33333 13.51457
vt 0.66667 13.51457
vt 1.00000 13.51457
vt 0.33333 15.76594
vt 1.00000 15.76594
vt 0.00000 9.57761
vt 0.00000 9.87225
vt 0.25000 10.07316
vt 0.25000 9.57761
vt 0.50000 9.57761
vt 0.50000 10.13212
vt 0.75000 10.05780
vt 0.75000 9.57761
vt 1.00000 9.57761
vt 1.00000 9.87225
vt 0.00000 10.23790
vt 0.25000 10.51530
vt 0.50000 10.59813
vt 0.75000 10.49685
vt 1.00000 10.23790
vt 0.00000 11.21925
vt 0.25000 11.21925
vt 0.50000 11.21925
vt 0.75000 11.21925
vt 1.00000 11.21925
vt 0.00000 12.93726
vt 0.25000 12.93726
vt 0.50000 12.93726
vt 0.75000 12.93726
vt 1.00000 12.93726
vt 0.25000 14.71580
vt 0.75000 14.71580
vt 0.00000 7.21615
vt 0.00000 7.46920
vt 0.16667 7.49501
vt 0.16667 7.21615
vt 0.33333 7.21615
vt 0.33333 7.62218
vt 0.50000 7.65096
vt 0.50000 7.21615
vt 0.66667 7.21615
vt 0.66667 7.61904
vt 0.83333 7.57541
vt 0.83333 7.21615
vt 1.00000 7.21615
vt 1.00000 7.46920
vt 0.00000 7.75336
vt 0.16667 7.79639
vt 0.33333 7.96766
vt 0.50000 8.00486
vt 0.66667 7.96249
vt 0.83333 7.89947
vt 1.00000 7.75336
vt 0.00000 8.45295
vt 0.16667 8.45295
vt 0.33333 8.45295
vt 0.50000 8.45295
vt 0.66667 8.45295
vt 0.83333 8.45295
vt 1.00000 8.45295
vt 0.00000 10.05162
vt 0.16667 10.05162
vt 0.33333 10.05162
vt 0.50000 10.05162
vt 0.66667 10.05162
vt 0.83333 10.05162
vt 1.00000 10.05162
vt 0.00000 11.60670
vt 0.16667 11.60670
vt 0.33333 11.60670
vt 0.50000 11.60670
vt 0.66667 11.60670
vt 0.83333 11.60670
vt 1.00000 11.60670
vt 0.16667 13.15207
vt 0.50000 13.15207
vt 0.83333 13.15207
vt 0.00000 3.75965
vt 0.00000 4.00233
vt 0.20000 4.13722
vt 0.20000 3.75965
vt 0.40000 3.75965
vt 0.40000 4.24192
vt 0.60000 4.20920
vt 0.60000 3.75965
vt 0.80000 3.75965
vt 0.80000 4.16845
vt 1.00000 4.00233
vt 1.00000 3.75965
vt 0.00000 4.31186
vt 0.20000 4.49610
vt 0.40000 4.63452
vt 0.60000 4.59398
vt 0.80000 4.53034
vt 1.00000 4.31186
vt 0.00000 5.13395
vt 0.20000 5.13395
vt 0.40000 5.13395
vt 0.60000 5.13395
vt 0.80000 5.13395
vt 1.00000 5.13395
vt 0.00000 6.55469
vt 0.20000 6.55469
vt 0.40000 6.55469
vt 0.60000 6.55469
vt 0.80000 6.55469
vt 1.00000 6.55469
vt 0.00000 7.94307
vt 0.20000 7.94307
vt 0.40000 7.94307
vt 0.60000 7.94307
vt 0.80000 7.94307
vt 1.00000 7.94307
vt 0.20000 9.35408
vt 0.60000 9.35408
vt 1.00000 9.35408
vt 0.00000 7.52557
vt 0.00000 7.91993
vt 0.20000 8.05579
vt 0.20000 7.52557
vt 0.40000 7.52557
vt 0.40000 8.17119
vt 0.60000 8.16273
vt 0.60000 7.52557
vt 0.80000 7.52557
vt 0.80000 8.07664
vt 1.00000 7.91993
vt 1.00000 7.52557
vt 0.00000 8.37559
vt 0.20000 8.55795
vt 0.40000 8.72182
vt 0.60000 8.71087
vt 0.80000 8.58839
vt 1.00000 8.37559
vt 0.00000 9.49468
vt 0.20000 9.49468
vt 0.40000 9.49468
vt 0.60000 9.49468
vt 0.80000 9.49468
vt 1.00000 9.49468
vt 0.00000 11.19052
vt 0.20000 11.19052
vt 0.40000 11.19052
vt 0.60000 11.19052
vt 0.80000 11.19052
vt 1.00000 11.19052
vt 0.20000 12.88707
vt 0.60000 12.88707
vt 1.00000 12.88707
vt 0.00000 6.95952
vt 0.00000 7.18782
vt 0.16667 7.24563
vt 0.16667 6.95952
vt 0.33333 6.95952
vt 0.33333 7.37451
vt 0.50000 7.39965
vt 0.50000 6.95952
vt 0.66667 6.95952
vt 0.66667 7.37664
vt 0.83333 7.31031
vt 0.83333 6.95952
vt 1.00000 6.95952
vt 1.00000 7.18782
vt 0.00000 7.46225
vt 0.16667 7.54839
vt 0.33333 7.72551
vt 0.50000 7.75919
vt 0.66667 7.72722
vt 0.83333 7.63815
vt 1.00000 7.46225
vt 0.00000 8.21355
vt 0.16667 8.21355
vt 0.33333 8.21355
vt 0.50000 8.21355
vt 0.66667 8.21355
vt 0.83333 8.21355
vt 1.00000 8.21355
vt 0.00000 9.76533
vt 0.16667 9.76533
vt 0.33333 9.76533
vt 0.50000 9.76533
vt 0.66667 9.76533
vt 0.83333 9.76533
vt 1.00000 9.76533
vt 0.00000 11.27048
vt 0.16667 11.27048
vt 0.33333 11.27048
vt 0.50000 11.27048
vt 0.66667 11.27048
vt 0.83333 11.27048
vt 1.00000 11.27048
vt 0.16667 12.75345
vt 0.50000 12.75345
vt 0.83333 12.75345
vt 0.00000 6.69634
vt 0.00000 6.99036
vt 0.16667 7.09383
vt 0.16667 6.69634
vt 0.33333 6.69634
vt 0.33333 7.19481
vt 0.50000 7.22185
vt 0.50000 6.69634
vt 0.66667 6.69634
vt 0.66667 7.18064
vt 0.83333 7.11169
vt 0.83333 6.69634
vt 1.00000 6.69634
vt 1.00000 6.99036
vt 0.00000 7.33641
vt 0.16667 7.48234
vt 0.33333 7.62094
vt 0.50000 7.65481
vt 0.66667 7.59909
vt 0.83333 7.50087
vt 1.00000 7.33641
vt 0.00000 8.22199
vt 0.16667 8.22199
vt 0.33333 8.22199
vt 0.50000 8.22199
vt 0.66667 8.22199
vt 0.83333 8.22199
vt 1.00000 8.22199
vt 0.00000 9.80493
vt 0.16667 9.80493
vt 0.33333 9.80493
vt 0.50000 9.80493
vt 0.66667 9.80493
vt 0.83333 9.80493
vt 1.00000 9.80493
vt 0.00000 11.11310
vt 0.16667 11.11310
vt 0.33333 11.11310
vt 0.50000 11.11310
vt 0.66667 11.11310
vt 0.83333 11.11310
vt 1.00000 11.11310
vt 0.16667 12.43346
vt 0.50000 12.43346
vt 0.83333 12.43346
vt 0.00000 8.96440
vt 0.00000 9.30148
vt 0.25000 9.50524
vt 0.25000 8.96440
vt 0.50000 8.96440
vt 0.50000 9.54683
vt 0.75000 9.44621
vt 0.75000 8.96440
vt 1.00000 8.96440
vt 1.00000 9.30148
vt 0.00000 9.69361
vt 0.25000 9.98258
vt 0.50000 10.03563
vt 0.75000 9.89664
vt 1.00000 9.69361
vt 0.00000 10.70336
vt 0.25000 10.70336
vt 0.50000 10.70336
vt 0.75000 10.70336
vt 1.00000 10.70336
vt 0.00000 12.54551
vt 0.25000 12.54551
vt 0.50000 12.54551
vt 0.75000 12.54551
vt 1.00000 12.54551
vt 0.25000 14.45551
vt 0.75000 14.45551
vt 0.00000 6.54824
vt 0.00000 7.00648
vt 0.16667 6.91526
vt 0.16667 6.54824
vt 0.33333 6.54824
vt 0.33333 7.04499
vt 0.50000 7.07660
vt 0.50000 6.54824
vt 0.66667 6.54824
vt 0.66667 7.05238
vt 0.83333 7.04338
vt 0.83333 6.54824
vt 1.00000 6.54824
vt 1.00000 7.00648
vt 0.00000 7.41757
vt 0.16667 7.30191
vt 0.33333 7.47010
vt 0.50000 7.51777
vt 0.66667 7.49104
vt 0.83333 7.47458
vt 1.00000 7.41757
vt 0.00000 8.14362
vt 0.16667 8.14362
vt 0.33333 8.14362
vt 0.50000 8.14362
vt 0.66667 8.14362
vt 0.83333 8.14362
vt 1.00000 8.14362
vt 0.00000 9.55400
vt 0.16667 9.55400
vt 0.33333 9.55400
vt 0.50000 9.55400
vt 0.66667 9.55400
vt 0.83333 9.55400
vt 1.00000 9.55400
vt 0.00000 10.92857
vt 0.16667 10.92857
vt 0.33333 10.92857
vt 0.50000 10.92857
vt 0.66667 10.92857
vt 0.83333 10.92857
vt 1.00000 10.92857
vt 0.16667 12.23141
vt 0.50000 12.23141
vt 0.83333 12.23141
vt 0.00000 9.75320
vt 0.00000 10.03634
vt 0.25000 10.27353
vt 0.25000 9.75320
vt 0.50000 9.75320
vt 0.50000 10.32916
vt 0.75000 10.23467
vt 0.75000 9.75320
vt 1.00000 9.75320
vt 1.00000 10.03634
vt 0.00000 10.40776
vt 0.25000 10.73230
vt 0.50000 10.80943
vt 0.75000 10.68145
vt 1.00000 10.40776
vt 0.00000 11.45346
vt 0.25000 11.45346
vt 0.50000 11.45346
vt 0.75000 11.45346
vt 1.00000 11.45346
vt 0.00000 13.12295
vt 0.25000 13.12295
vt 0.50000 13.12295
vt 0.75000 13.12295
vt 1.00000 13.12295
vt 0.25000 14.82046
vt 0.75000 14.82046
vt 0.00000 11.62109
vt 0.00000 12.11503
vt 0.33333 12.30440
vt 0.33333 11.62109
vt 0.66667 11.62109
vt 0.66667 12.25347
vt 1.00000 12.11503
vt 1.00000 11.62109
vt 0.00000 12.62820
vt 0.33333 12.89732
vt 0.66667 12.81975
vt 1.00000 12.62820
vt 0.00000 13.77034
vt 0.33333 13.77034
vt 0.66667 13.77034
vt 1.00000 13.77034
vt 0.33333 15.84168
vt 1.00000 15.84168
vt 0.00000 8.03733
vt 0.00000 8.25924
vt 0.20000 8.40244
vt 0.20000 8.03733
vt 0.40000 8.03733
vt 0.40000 8.49843
vt 0.60000 8.48889
vt 0.60000 8.03733
vt 0.80000 8.03733
vt 0.80000 8.41850
vt 1.00000 8.25924
vt 1.00000 8.03733
vt 0.00000 8.54829
vt 0.20000 8.74998
vt 0.40000 8.87819
vt 0.60000 8.86438
vt 0.80000 8.76789
vt 1.00000 8.54829
vt 0.00000 9.36902
vt 0.20000 9.36902
vt 0.40000 9.36902
vt 0.60000 9.36902
vt 0.80000 9.36902
vt 1.00000 9.36902
vt 0.00000 10.74568
vt 0.20000 10.74568
vt 0.40000 10.74568
vt 0.60000 10.74568
vt 0.80000 10.74568
vt 1.00000 10.74568
vt 0.00000 12.18600
vt 0.20000 12.18600
vt 0.40000 12.18600
vt 0.60000 12.18600
vt 0.80000 12.18600
vt 1.00000 12.18600
vt 0.20000 13.65233
vt 0.60000 13.65233
vt 1.00000 13.65233
vt 0.00000 12.52007
vt 0.00000 13.00940
vt 0.33333 13.17351
vt 0.33333 12.52007
vt 0.66667 12.52007
vt 0.66667 13.10839
vt 1.00000 13.00940
vt 1.00000 12.52007
vt 0.00000 13.51374
vt 0.33333 13.73540
vt 0.66667 13.64583
vt 1.00000 13.51374
vt 0.00000 14.56701
vt 0.33333 14.56701
vt 0.66667 14.56701
vt 1.00000 14.56701
vt 0.33333 16.82779
vt 1.00000 16.82779
vt 0.00000 11.22122
vt 0.00000 11.81523
vt 0.33333 12.00960
vt 0.33333 11.22122
vt 0.66667 11.22122
vt 0.66667 11.93136
vt 1.00000 11.81523
vt 1.00000 11.22122
vt 0.00000 12.41571
vt 0.33333 12.68828
vt 0.66667 12.58172
vt 1.00000 12.41571
vt 0.00000 13.69320
vt 0.33333 13.69320
vt 0.66667 13.69320
vt 1.00000 13.69320
vt 0.33333 15.98402
vt 1.00000 15.98402
vt 0.00000 8.35216
vt 0.00000 8.52729
vt 0.20000 8.73210
vt 0.20000 8.35216
vt 0.40000 8.35216
vt 0.40000 8.82568
vt 0.60000 8.81098
vt 0.60000 8.35216
vt 0.80000 8.35216
vt 0.80000 8.72642
vt 1.00000 8.52729
vt 1.00000 8.35216
vt 0.00000 8.81446
vt 0.20000 9.08913
vt 0.40000 9.21359
vt 0.60000 9.19415
vt 0.80000 9.07971
vt 1.00000 8.81446
vt 0.00000 9.71370
vt 0.20000 9.71370
vt 0.40000 9.71370
vt 0.60000 9.71370
vt 0.80000 9.71370
vt 1.00000 9.71370
vt 0.00000 10.97784
vt 0.20000 10.97784
vt 0.40000 10.97784
vt 0.60000 10.97784
vt 0.80000 10.97784
vt 1.00000 10.97784
vt 0.00000 12.38639
vt 0.20000 12.38639
vt 0.40000 12.38639
vt 0.60000 12.38639
vt 0.80000 12.38639
vt 1.00000 12.38639
vt 0.20000 13.78267
vt 0.60000 13.78267
vt 1.00000 13.78267
vt 0.00000 8.50560
vt 0.00000 8.92468
vt 0.20000 9.05383
vt 0.20000 8.50560
vt 0.40000 8.50560
vt 0.40000 9.15117
vt 0.60000 9.12869
vt 0.60000 8.50560
vt 0.80000 8.50560
vt 0.80000 9.04490
vt 1.00000 8.92468
vt 1.00000 8.50560
vt 0.00000 9.38695
vt 0.20000 9.56518
vt 0.40000 9.69574
vt 0.60000 9.66432
vt 0.80000 9.54718
vt 1.00000 9.38695
vt 0.00000 10.46188
vt 0.20000 10.46188
vt 0.40000 10.46188
vt 0.60000 10.46188
vt 0.80000 10.46188
vt 1.00000 10.46188
vt 0.00000 12.08017
vt 0.20000 12.08017
vt 0.40000 12.08017
vt 0.60000 12.08017
vt 0.80000 12.08017
vt 1.00000 12.08017
vt 0.20000 13.71847
vt 0.60000 13.71847
vt 1.00000 13.71847
vt 0.00000 10.41099
vt 0.00000 10.75946
vt 0.25000 10.93730
vt 0.25000 10.41099
vt 0.50000 10.41099
vt 0.50000 10.98355
vt 0.75000 10.90730
vt 0.75000 10.41099
vt 1.00000 10.41099
vt 1.00000 10.75946
vt 0.00000 11.16079
vt 0.25000 11.40600
vt 0.50000 11.47057
vt 0.75000 11.36417
vt 1.00000 11.16079
vt 0.00000 12.15201
vt 0.25000 12.15201
vt 0.50000 12.15201
vt 0.75000 12.15201
vt 1.00000 12.15201
vt 0.00000 13.68749
vt 0.25000 13.68749
vt 0.50000 13.68749
vt 0.75000 13.68749
vt 1.00000 13.68749
vt 0.25000 15.22537
vt 0.75000 15.22537
vt 0.00000 9.23589
vt 0.00000 9.70627
vt 0.20000 9.67246
vt 0.20000 9.23589
vt 0.40000 9.23589
vt 0.40000 9.74080
vt 0.60000 9.72437
vt 0.60000 9.23589
vt 0.80000 9.23589
vt 0.80000 9.71939
vt 1.00000 9.70627
vt 1.00000 9.23589
vt 0.00000 10.12397
vt 0.20000 10.08305
vt 0.40000 10.17129
vt 0.60000 10.15361
vt 0.80000 10.14846
vt 1.00000 10.12397
vt 0.00000 10.83208
vt 0.20000 10.83208
vt 0.40000 10.83208
vt 0.60000 10.83208
vt 0.80000 10.83208
vt 1.00000 10.83208
vt 0.00000 12.65625
vt 0.20000 12.65625
vt 0.40000 12.65625
vt 0.60000 12.65625
vt 0.80000 12.65625
vt 1.00000 12.65625
vt 0.20000 14.50194
vt 0.60000 14.50194
vt 1.00000 14.50194
vt 0.00000 9.88632
vt 0.00000 10.28371
vt 0.25000 10.34979
vt 0.25000 9.88632
vt 0.50000 9.88632
vt 0.50000 10.39390
vt 0.75000 10.34587
vt 0.75000 9.88632
vt 1.00000 9.88632
vt 1.00000 10.28371
vt 0.00000 10.66356
vt 0.25000 10.75353
vt 0.50000 10.81679
vt 0.75000 10.75805
vt 1.00000 10.66356
vt 0.00000 11.40507
vt 0.25000 11.40507
vt 0.50000 11.40507
vt 0.75000 11.40507
vt 1.00000 11.40507
vt 0.00000 13.19363
vt 0.25000 13.19363
vt 0.50000 13.19363
vt 0.75000 13.19363
vt 1.00000 13.19363
vt 0.25000 15.00675
vt 0.75000 15.00675
vt 0.00000 13.89719
vt 0.00000 14.38256
vt 0.33333 14.49712
vt 0.33333 13.89719
vt 0.66667 13.89719
vt 0.66667 14.43069
vt 1.00000 14.38256
vt 1.00000 13.89719
vt 0.00000 14.84821
vt 0.33333 15.01497
vt 0.66667 14.92534
vt 1.00000 14.84821
vt 0.00000 15.77392
vt 0.33333 15.77392
vt 0.66667 15.77392
vt 1.00000 15.77392
vt 0.33333 17.75710
vt 1.00000 17.75710
vt 0.00000 7.98208
vt 0.00000 8.45127
vt 0.33333 8.68272
vt 0.33333 7.98208
vt 0.66667 7.98208
vt 0.66667 8.61930
vt 1.00000 8.45127
vt 1.00000 7.98208
vt 0.00000 8.95627
vt 0.33333 9.28212
vt 0.66667 9.19649
vt 1.00000 8.95627
vt 0.00000 10.14790
vt 0.33333 10.14790
vt 0.66667 10.14790
vt 1.00000 10.14790
vt 0.33333 12.28315
vt 1.00000 12.28315
vt 0.00000 8.89050
vt 0.00000 9.31826
vt 0.25000 9.38299
vt 0.25000 8.89050
vt 0.50000 8.89050
vt 0.50000 9.42479
vt 0.75000 9.37754
vt 0.75000 8.89050
vt 1.00000 8.89050
vt 1.00000 9.31826
vt 0.00000 9.72369
vt 0.25000 9.81360
vt 0.50000 9.87454
vt 0.75000 9.81595
vt 1.00000 9.72369
vt 0.00000 10.51504
vt 0.25000 10.51504
vt 0.50000 10.51504
vt 0.75000 10.51504
vt 1.00000 10.51504
vt 0.00000 12.13117
vt 0.25000 12.13117
vt 0.50000 12.13117
vt 0.75000 12.13117
vt 1.00000 12.13117
vt 0.25000 13.77483
vt 0.75000 13.77483
vt 0.00000 12.05139
vt 0.00000 12.73657
vt 0.33333 12.82700
vt 0.33333 12.05139
vt 0.66667 12.05139
vt 0.66667 12.78141
vt 1.00000 12.73657
vt 1.00000 12.05139
vt 0.00000 13.38385
vt 0.33333 13.50034
vt 0.66667 13.44812
vt 1.00000 13.38385
vt 0.00000 14.57197
vt 0.33333 14.57197
vt 0.66667 14.57197
vt 1.00000 14.57197
vt 0.33333 16.58224
vt 1.00000 16.58224
vt 0.00000 14.57205
vt 0.00000 15.03986
vt 0.33333 15.16446
vt 0.33333 14.57205
vt 0.66667 14.57205
vt 0.66667 15.12746
vt 1.00000 15.03986
vt 1.00000 14.57205
vt 0.00000 15.50883
vt 0.33333 15.68575
vt 0.66667 15.62659
vt 1.00000 15.50883
vt 0.00000 16.47813
vt 0.33333 16.47813
vt 0.66667 16.47813
vt 1.00000 16.47813
vt 0.33333 18.35654
vt 1.00000 18.35654
vt 0.00000 9.91211
vt 0.00000 10.35469
vt 0.25000 10.37903
vt 0.25000 9.91211
vt 0.50000 9.91211
vt 0.50000 10.40266
vt 0.75000 10.38478
vt 0.75000 9.91211
vt 1.00000 9.91211
vt 1.00000 10.35469
vt 0.00000 10.75503
vt 0.25000 10.78798
vt 0.50000 10.81995
vt 0.75000 10.80012
vt 1.00000 10.75503
vt 0.00000 11.44414
vt 0.25000 11.44414
vt 0.50000 11.44414
vt 0.75000 11.44414
vt 1.00000 11.44414
vt 0.00000 13.24919
vt 0.25000 13.24919
vt 0.50000 13.24919
vt 0.75000 13.24919
vt 1.00000 13.24919
vt 0.25000 15.07838
vt 0.75000 15.07838
vt 0.00000 8.99425
vt 0.00000 9.45432
vt 0.25000 9.51883
vt 0.25000 8.99425
vt 0.50000 8.99425
vt 0.50000 9.53436
vt 0.75000 9.50111
vt 0.75000 8.99425
vt 1.00000 8.99425
vt 1.00000 9.45432
vt 0.00000 9.89084
vt 0.25000 9.97986
vt 0.50000 9.99964
vt 0.75000 9.95425
vt 1.00000 9.89084
vt 0.00000 10.70808
vt 0.25000 10.70808
vt 0.50000 10.70808
vt 0.75000 10.70808
vt 1.00000 10.70808
vt 0.00000 12.20446
vt 0.25000 12.20446
vt 0.50000 12.20446
vt 0.75000 12.20446
vt 1.00000 12.20446
vt 0.25000 13.71646
vt 0.75000 13.71646
vt 0.00000 15.20119
vt 0.00000 15.71572
vt 0.33333 15.78933
vt 0.33333 15.20119
vt 0.66667 15.20119
vt 0.66667 15.76369
vt 1.00000 15.71572
vt 1.00000 15.20119
vt 0.00000 16.20698
vt 0.33333 16.30608
vt 0.66667 16.27622
vt 1.00000 16.20698
vt 0.00000 17.13530
vt 0.33333 17.13530
vt 0.66667 17.13530
vt 1.00000 17.13530
vt 0.33333 19.08992
vt 1.00000 19.08992
vt 0.00000 9.12453
vt 0.00000 9.57293
vt 0.33333 9.76100
vt 0.33333 9.12453
vt 0.66667 9.12453
vt 0.66667 9.69057
vt 1.00000 9.57293
vt 1.00000 9.12453
vt 0.00000 10.04178
vt 0.33333 10.30559
vt 0.66667 10.21006
vt 1.00000 10.04178
vt 0.00000 11.09260
vt 0.33333 11.09260
vt 0.66667 11.09260
vt 1.00000 11.09260
vt 0.33333 13.17447
vt 1.00000 13.17447
vt 0.00000 11.86665
vt 0.00000 12.33013
vt 0.25000 12.39566
vt 0.25000 11.86665
vt 0.50000 11.86665
vt 0.50000 12.41419
vt 0.75000 12.36889
vt 0.75000 11.86665
vt 1.00000 11.86665
vt 1.00000 12.33013
vt 0.00000 12.77101
vt 0.25000 12.86139
vt 0.50000 12.88557
vt 0.75000 12.82537
vt 1.00000 12.77101
vt 0.00000 13.60039
vt 0.25000 13.60039
vt 0.50000 13.60039
vt 0.75000 13.60039
vt 1.00000 13.60039
vt 0.00000 15.09484
vt 0.25000 15.09484
vt 0.50000 15.09484
vt 0.75000 15.09484
vt 1.00000 15.09484
vt 0.25000 16.60213
vt 0.75000 16.60213
vt 0.00000 11.86663
vt 0.00000 12.31552
vt 0.25000 12.36903
vt 0.25000 11.86663
vt 0.50000 11.86663
vt 0.50000 12.40498
vt 0.75000 12.38577
vt 0.75000 11.86663
vt 1.00000 11.86663
vt 1.00000 12.31552
vt 0.00000 12.74247
vt 0.25000 12.81468
vt 0.50000 12.86769
vt 0.75000 12.84351
vt 1.00000 12.74247
vt 0.00000 13.56454
vt 0.25000 13.56454
vt 0.50000 13.56454
vt 0.75000 13.56454
vt 1.00000 13.56454
vt 0.00000 14.93421
vt 0.25000 14.93421
vt 0.50000 14.93421
vt 0.75000 14.93421
vt 1.00000 14.93421
vt 0.25000 16.31557
vt 0.75000 16.31557
vt 0.00000 13.17155
vt 0.00000 13.79819
vt 0.33333 13.91653
vt 0.33333 13.17155
vt 0.66667 13.17155
vt 0.66667 13.88312
vt 1.00000 13.79819
vt 1.00000 13.17155
vt 0.00000 14.40039
vt 0.33333 14.56068
vt 0.66667 14.52635
vt 1.00000 14.40039
vt 0.00000 15.57278
vt 0.33333 15.57278
vt 0.66667 15.57278
vt 1.00000 15.57278
vt 0.33333 17.47557
vt 1.00000 17.47557
vt 0.00000 16.75365
vt 0.00000 17.16806
vt 0.33333 17.22048
vt 0.33333 16.75365
vt 0.66667 16.75365
vt 0.66667 17.19949
vt 1.00000 17.16806
vt 1.00000 16.75365
vt 0.00000 17.56470
vt 0.33333 17.63400
vt 0.66667 17.60828
vt 1.00000 17.56470
vt 0.00000 18.30537
vt 0.33333 18.30537
vt 0.66667 18.30537
vt 1.00000 18.30537
vt 0.33333 20.10231
vt 1.00000 20.10231
vt 0.00000 14.21328
vt 0.00000 14.69856
vt 0.33333 14.83273
vt 0.33333 14.21328
vt 0.66667 14.21328
vt 0.66667 14.75348
vt 1.00000 14.69856
vt 1.00000 14.21328
vt 0.00000 15.17340
vt 0.33333 15.36303
vt 0.66667 15.25000
vt 1.00000 15.17340
vt 0.00000 16.13319
vt 0.33333 16.13319
vt 0.66667 16.13319
vt 1.00000 16.13319
vt 0.33333 18.31224
vt 1.00000 18.31224
vt 0.00000 13.14930
vt 0.00000 13.81876
vt 0.33333 13.88834
vt 0.33333 13.14930
vt 0.66667 13.14930
vt 0.66667 13.84254
vt 1.00000 13.81876
vt 1.00000 13.14930
vt 0.00000 14.43923
vt 0.33333 14.53216
vt 0.66667 14.47655
vt 1.00000 14.43923
vt 0.00000 15.55517
vt 0.33333 15.55517
vt 0.66667 15.55517
vt 1.00000 15.55517
vt 0.33333 17.50943
vt 1.00000 17.50943
vt 0.00000 14.05913
vt 0.00000 14.66422
vt 0.33333 14.77005
vt 0.33333 14.05913
vt 0.66667 14.05913
vt 0.66667 14.71966
vt 1.00000 14.66422
vt 1.00000 14.05913
vt 0.00000 15.24128
vt 0.33333 15.38392
vt 0.66667 15.32134
vt 1.00000 15.24128
vt 0.00000 16.33306
vt 0.33333 16.33306
vt 0.66667 16.33306
vt 1.00000 16.33306
vt 0.33333 18.25539
vt 1.00000 18.25539
vt 0.00000 13.96673
vt 0.00000 14.52824
vt 0.33333 14.60098
vt 0.33333 13.96673
vt 0.66667 13.96673
vt 0.66667 14.56097
vt 1.00000 14.52824
vt 1.00000 13.96673
vt 0.00000 15.05528
vt 0.33333 15.14828
vt 0.66667 15.09437
vt 1.00000 15.05528
vt 0.00000 15.99999
vt 0.33333 15.99999
vt 0.66667 15.99999
vt 1.00000 15.99999
vt 0.33333 18.05569
vt 1.00000 18.05569
vt 0.00000 14.84133
vt 0.00000 15.41957
vt 0.33333 15.53180
vt 0.33333 14.84133
vt 0.66667 14.84133
vt 0.66667 15.45753
vt 1.00000 15.41957
vt 1.00000 14.84133
vt 0.00000 15.97630
vt 0.33333 16.12450
vt 0.66667 16.02245
vt 1.00000 15.97630
vt 0.00000 17.01486
vt 0.33333 17.01486
vt 0.66667 17.01486
vt 1.00000 17.01486
vt 0.33333 18.75360
vt 1.00000 18.75360
vt 0.00000 16.84291
vt 0.00000 17.26481
vt 0.33333 17.37563
vt 0.33333 16.84291
vt 0.66667 16.84291
vt 0.66667 17.35155
vt 1.00000 17.26481
vt 1.00000 16.84291
vt 0.00000 17.68819
vt 0.33333 17.83777
vt 0.66667 17.81118
vt 1.00000 17.68819
vt 0.00000 18.55727
vt 0.33333 18.55727
vt 0.66667 18.55727
vt 1.00000 18.55727
vt 0.33333 20.24353
vt 1.00000 20.24353
vt 0.00000 16.08710
vt 0.33333 16.08710
vt 0.66667 16.08710
vt 0.00000 13.85675
vt 0.25000 13.85675
vt 0.50000 13.85675
vt 0.75000 13.85675
vt 1.00000 13.85675
vt 0.25000 15.31228
vt 0.75000 15.31228
vt 0.00000 15.59731
vt 0.33333 15.59731
vt 0.66667 15.59731
vt 0.00000 12.82123
vt 0.25000 12.82123
vt 0.50000 12.82123
vt 0.75000 12.82123
vt 1.00000 12.82123
vt 0.25000 14.43048
vt 0.75000 14.43048
vt 0.00000 9.86004
vt 0.16667 9.86004
vt 0.33333 9.86004
vt 0.50000 9.86004
vt 0.66667 9.86004
vt 0.83333 9.86004
vt 1.00000 9.86004
vt 0.00000 11.19062
vt 0.16667 11.19062
vt 0.33333 11.19062
vt 0.50000 11.19062
vt 0.66667 11.19062
vt 0.83333 11.19062
vt 1.00000 11.19062
vt 0.16667 12.44040
vt 0.50000 12.44040
vt 0.83333 12.44040
vt 0.00000 7.94687
vt 0.20000 7.94687
vt 0.40000 7.94687
vt 0.60000 7.94687
vt 0.80000 7.94687
vt 1.00000 7.94687
vt 0.20000 9.34385
vt 0.60000 9.34385
vt 1.00000 9.34385
vt 0.00000 11.10510
vt 0.20000 11.10510
vt 0.40000 11.10510
vt 0.60000 11.10510
vt 0.80000 11.10510
vt 1.00000 11.10510
vt 0.20000 12.69469
vt 0.60000 12.69469
vt 1.00000 12.69469
vt 0.00000 9.65437
vt 0.16667 9.65437
vt 0.33333 9.65437
vt 0.50000 9.65437
vt 0.66667 9.65437
vt 0.83333 9.65437
vt 1.00000 9.65437
vt 0.00000 11.01453
vt 0.16667 11.01453
vt 0.33333 11.01453
vt 0.50000 11.01453
vt 0.66667 11.01453
vt 0.83333 11.01453
vt 1.00000 11.01453
vt 0.16667 12.30801
vt 0.50000 12.30801
vt 0.83333 12.30801
vt 0.00000 11.19289
vt 0.16667 11.19289
vt 0.33333 11.19289
vt 0.50000 11.19289
vt 0.66667 11.19289
vt 0.83333 11.19289
vt 1.00000 11.19289
vt 0.16667 12.57819
vt 0.50000 12.57819
vt 0.83333 12.57819
vt 0.00000 12.31744
vt 0.25000 12.31744
vt 0.50000 12.31744
vt 0.75000 12.31744
vt 1.00000 12.31744
vt 0.25000 13.94720
vt 0.75000 13.94720
vt 0.00000 9.57161
vt 0.16667 9.57161
vt 0.33333 9.57161
vt 0.50000 9.57161
vt 0.66667 9.57161
vt 0.83333 9.57161
vt 1.00000 9.57161
vt 0.00000 10.92999
vt 0.16667 10.92999
vt 0.33333 10.92999
vt 0.50000 10.92999
vt 0.66667 10.92999
vt 0.83333 10.92999
vt 1.00000 10.92999
vt 0.16667 12.30096
vt 0.50000 12.30096
vt 0.83333 12.30096
vt 0.00000 13.11105
vt 0.25000 13.11105
vt 0.50000 13.11105
vt 0.75000 13.11105
vt 1.00000 13.11105
vt 0.25000 14.76872
vt 0.75000 14.76872
vt 0.00000 13.70625
vt 0.33333 13.70625
vt 0.66667 13.70625
vt 1.00000 13.70625
vt 0.33333 15.73803
vt 1.00000 15.73803
vt 0.00000 12.00315
vt 0.20000 12.00315
vt 0.40000 12.00315
vt 0.60000 12.00315
vt 0.80000 12.00315
vt 1.00000 12.00315
vt 0.20000 13.26784
vt 0.60000 13.26784
vt 1.00000 13.26784
vt 0.00000 16.79217
vt 0.33333 16.79217
vt 0.66667 16.79217
vt 0.00000 15.63190
vt 0.33333 15.63190
vt 0.66667 15.63190
vt 0.00000 10.89902
vt 0.20000 10.89902
vt 0.40000 10.89902
vt 0.60000 10.89902
vt 0.80000 10.89902
vt 1.00000 10.89902
vt 0.00000 12.18573
vt 0.20000 12.18573
vt 0.40000 12.18573
vt 0.60000 12.18573
vt 0.80000 12.18573
vt 1.00000 12.18573
vt 0.20000 13.42530
vt 0.60000 13.42530
vt 1.00000 13.42530
vt 0.00000 12.15409
vt 0.20000 12.15409
vt 0.40000 12.15409
vt 0.60000 12.15409
vt 0.80000 12.15409
vt 1.00000 12.15409
vt 0.20000 13.84251
vt 0.60000 13.84251
vt 1.00000 13.84251
vt 0.00000 13.58859
vt 0.25000 13.58859
vt 0.50000 13.58859
vt 0.75000 13.58859
vt 1.00000 13.58859
vt 0.25000 15.01311
vt 0.75000 15.01311
vt 0.00000 12.57066
vt 0.20000 12.57066
vt 0.40000 12.57066
vt 0.60000 12.57066
vt 0.80000 12.57066
vt 1.00000 12.57066
vt 0.20000 14.30712
vt 0.60000 14.30712
vt 1.00000 14.30712
vt 0.00000 13.05766
vt 0.25000 13.05766
vt 0.50000 13.05766
vt 0.75000 13.05766
vt 1.00000 13.05766
vt 0.25000 14.70503
vt 0.75000 14.70503
vt 0.00000 18.01171
vt 0.33333 18.01171
vt 0.66667 18.01171
vt 0.00000 9.95196
vt 0.33333 9.95196
vt 0.66667 9.95196
vt 1.00000 9.95196
vt 0.33333 11.87485
vt 1.00000 11.87485
vt 0.00000 12.04804
vt 0.25000 12.04804
vt 0.50000 12.04804
vt 0.75000 12.04804
vt 1.00000 12.04804
vt 0.25000 13.59183
vt 0.75000 13.59183
vt 0.00000 16.80109
vt 0.33333 16.80109
vt 0.66667 16.80109
vt 0.00000 16.39040
vt 0.33333 16.39040
vt 0.66667 16.39040
vt 1.00000 16.39040
vt 0.33333 18.16032
vt 1.00000 18.16032
vt 0.00000 13.07780
vt 0.25000 13.07780
vt 0.50000 13.07780
vt 0.75000 13.07780
vt 1.00000 13.07780
vt 0.25000 14.69690
vt 0.75000 14.69690
vt 0.00000 12.07578
vt 0.25000 12.07578
vt 0.50000 12.07578
vt 0.75000 12.07578
vt 1.00000 12.07578
vt 0.25000 13.43407
vt 0.75000 13.43407
vt 0.00000 16.98696
vt 0.33333 16.98696
vt 0.66667 16.98696
vt 1.00000 16.98696
vt 0.33333 18.76092
vt 1.00000 18.76092
vt 0.00000 13.45428
vt 0.33333 13.45428
vt 0.66667 13.45428
vt 0.00000 14.99885
vt 0.25000 14.99885
vt 0.50000 14.99885
vt 0.75000 14.99885
vt 1.00000 14.99885
vt 0.25000 16.38970
vt 0.75000 16.38970
vt 0.00000 15.02844
vt 0.25000 15.02844
vt 0.50000 15.02844
vt 0.75000 15.02844
vt 1.00000 15.02844
vt 0.25000 16.49206
vt 0.75000 16.49206
vt 0.00000 17.72808
vt 0.33333 17.72808
vt 0.66667 17.72808
vt 0.00000 20.32606
vt 0.33333 20.32606
vt 0.66667 20.32606
vt 0.00000 18.04066
vt 0.33333 18.04066
vt 0.66667 18.04066
vt 0.00000 17.61969
vt 0.33333 17.61969
vt 0.66667 17.61969
vt 0.00000 18.18603
vt 0.33333 18.18603
vt 0.66667 18.18603
vt 0.00000 15.93244
vt 0.33333 15.93244
vt 0.66667 15.93244
vt 1.00000 15.93244
vt 0.33333 17.88704
vt 1.00000 17.88704
vt 0.00000 18.92691
vt 0.33333 18.92691
vt 0.66667 18.92691
vt 0.00000 18.33972
vt 0.33333 18.33972
vt 0.66667 18.33972
vt 1.00000 18.33972
vt 0.33333 19.81097
vt 1.00000 19.81097
vt 0.00000 0.00000
vt 0.00000 0.16405
vt 0.33333 0.16405
vt 0.33333 0.00000
vt 0.66667 0.16405
vt 0.66667 0.00000
vt 1.00000 0.16405
vt 1.00000 0.00000
vt 0.00000 0.35390
vt 0.33333 0.35390
vt 0.66667 0.35390
vt 1.00000 0.35390
vt 0.00000 0.56305
vt 0.33333 0.56305
vt 0.66667 0.56305
vt 1.00000 0.56305
vt 0.00000 0.84039
vt 0.33333 0.84039
vt 0.66667 0.84039
vt 1.00000 0.84039
vt 0.00000 1.09199
vt 0.33333 1.09199
vt 0.66667 1.09199
vt 1.00000 1.09199
vt 0.00000 1.37688
vt 0.33333 1.37688
vt 0.66667 1.37688
vt 1.00000 1.37688
vt 0.00000 1.73899
vt 0.33333 1.73899
vt 0.66667 1.73899
vt 1.00000 1.73899
vt 0.00000 2.07087
vt 0.33333 2.07087
vt 0.66667 2.07087
vt 1.00000 2.07087
vt 0.00000 2.42881
vt 0.33333 2.42881
vt 0.66667 2.42881
vt 1.00000 2.42881
vt 0.00000 2.88688
vt 0.33333 2.88688
vt 0.66667 2.88688
vt 1.00000 2.88688
vt 0.00000 3.30119
vt 0.33333 3.30119
vt 0.66667 3.30119
vt 1.00000 3.30119
vt 0.00000 3.74188
vt 0.33333 3.74188
vt 0.66667 3.74188
vt 1.00000 3.74188
vt 0.00000 4.29951
vt 0.33333 4.29951
vt 0.66667 4.29951
vt 1.00000 4.29951
vt 0.00000 4.79993
vt 0.33333 4.79993
vt 0.66667 4.79993
vt 1.00000 4.79993
vt 0.00000 5.32429
vt 0.33333 5.32429
vt 0.66667 5.32429
vt 1.00000 5.32429
vt 0.00000 5.98964
vt 0.33333 5.98964
vt 0.66667 5.98964
vt 1.00000 5.98964
vt 0.00000 6.58234
vt 0.33333 6.58234
vt 0.66667 6.58234
vt 1.00000 6.58234
vt 0.00000 7.19432
vt 0.33333 7.19432
vt 0.66667 7.19432
vt 1.00000 7.19432
vt 0.00000 7.96054
vt 0.33333 7.96054
vt 0.66667 7.96054
vt 1.00000 7.96054
vt 0.00000 8.62800
vt 0.33333 8.62800
vt 0.66667 8.62800
vt 1.00000 8.62800
vt 0.00000 9.31651
vt 0.33333 9.31651
vt 0.66667 9.31651
vt 1.00000 9.31651
vt 0.00000 10.17092
vt 0.33333 10.17092
vt 0.66667 10.17092
vt 1.00000 10.17092
vt 0.00000 10.91619
vt 0.33333 10.91619
vt 0.66667 10.91619
vt 1.00000 10.91619
vt 0.00000 11.81445
vt 0.33333 11.81445
vt 0.66667 11.81445
vt 1.00000 11.81445
vt 0.16667 11.78867
vt 0.50000 11.78867
vt 0.83333 11.78867
vt 0.75000 0.93301
vt 0.50000 0.50000
vt 0.75000 0.06699
vt 0.00000 0.50000
vt 0.75000 0.06699
vt 0.00000 1.00000
vt 1.00000 1.00000
vt 0.50000 0.50000
vt 1.00000 0.00000
vt 0.00000 0.00000
vt 1.00000 1.00000
vt 0.00000 1.00000
vt 0.50000 0.50000
vt 1.00000 0.00000
vt 0.00000 0.00000
vt 0.00000 1.00000
vt 1.00000 1.00000
vt 0.50000 0.50000
vt 1.00000 0.00000
vt 0.00000 0.00000
vt 1.00000 1.00000
vt 0.00000 1.00000
vt 0.50000 0.50000
vt 1.00000 0.00000
vt 0.00000 0.00000
vt 0.00000 1.00000
vt 1.00000 1.00000
vt 0.50000 0.50000
vt 1.00000 0.00000
vt 0.00000 0.00000
vt 1.00000 1.00000
vt 0.00000 1.00000
vt 0.50000 0.50000
vt 1.00000 0.00000
vt 0.00000 0.00000
vt 0.00000 1.00000
vt 1.00000 1.00000
vt 0.50000 0.50000
vt 1.00000 0.00000
vt 0.00000 0.00000
vt 1.00000 1.00000
vt 0.00000 1.00000
vt 0.50000 0.50000
vt 1.00000 0.00000
vt 0.00000 0.00000
vt 0.00000 1.00000
vt 1.00000 1.00000
vt 0.50000 0.50000
vt 1.00000 0.00000
vt 0.00000 0.00000
vt 1.00000 1.00000
vt 0.00000 1.00000
vt 0.50000 0.50000
vt 1.00000 0.00000
vt 0.00000 0.00000
vt 0.00000 1.00000
vt 1.00000 1.00000
vt 0.50000 0.50000
vt 1.00000 0.00000
vt 0.00000 0.00000
vt 1.00000 1.00000
vt 0.00000 1.00000
vt 0.50000 0.50000
vt 1.00000 0.00000
vt 0.00000 0.00000
vt 0.00000 1.00000
vt 1.00000 1.00000
vt 0.50000 0.50000
vt 1.00000 0.00000
vt 0.00000 0.00000
vt 1.00000 1.00000
vt 0.00000 1.00000
vt 0.50000 0.50000
vt 1.00000 0.00000
vt 0.00000 0.00000
vt 0.00000 1.00000
vt 1.00000 1.00000
vt 0.50000 0.50000
vt 1.00000 0.00000
vt 0.00000 0.00000
vt 1.00000 1.00000
vt 0.00000 1.00000
vt 0.50000 0.50000
vt 1.00000 0.00000
vt 0.00000 0.00000
vt 0.00000 1.00000
vt 1.00000 1.00000
vt 0.50000 0.50000
vt 1.00000 0.00000
vt 0.00000 0.00000
vt 1.00000 1.00000
vt 0.00000 1.00000
vt 0.50000 0.50000
vt 1.00000 0.00000
vt 0.00000 0.00000
vt 0.00000 1.00000
vt 1.00000 1.00000
vt 0.50000 0.50000
vt 1.00000 0.00000
vt 0.00000 0.00000
vt 1.00000 1.00000
vt 0.00000 1.00000
vt 0.50000 0.50000
vt 1.00000 0.00000
vt 0.00000 0.00000
vt 0.00000 1.00000
vt 1.00000 1.00000
vt 0.50000 0.50000
vt 1.00000 0.00000
vt 0.00000 0.00000
vt 1.00000 1.00000
vt 0.00000 1.00000
vt 0.50000 0.50000
vt 1.00000 0.00000
vt 0.00000 0.00000
vt 0.00000 1.00000
vt 1.00000 1.00000
vt 0.50000 0.50000
vt 1.00000 0.00000
vt 0.00000 0.00000
vt 1.00000 1.00000
vt 0.00000 1.00000
vt 0.50000 0.50000
vt 1.00000 0.00000
vt 0.00000 0.00000
vt 0.00000 1.00000
vt 1.00000 1.00000
vt 0.50000 0.50000
vt 1.00000 0.00000
vt 0.00000 0.00000
vt 1.00000 1.00000
vt 0.00000 1.00000
vt 0.50000 0.50000
vt 1.00000 0.00000
vt 0.00000 0.00000
vt 0.00000 1.00000
vt 1.00000 1.00000
vt 0.50000 0.50000
vt 1.00000 0.00000
vt 0.00000 0.00000
vt 1.00000 1.00000
vt 0.00000 1.00000
vt 0.50000 0.50000
vt 1.00000 0.00000
vt 0.00000 0.00000
vt 0.00000 1.00000
vt 1.00000 1.00000
vt 0.50000 0.50000
vt 1.00000 0.00000
vt 0.00000 0.00000
vt 1.00000 1.00000
vt 0.00000 1.00000
vt 0.50000 0.50000
vt 1.00000 0.00000
vt 0.00000 0.00000
vt 0.00000 1.00000
vt 1.00000 1.00000
vt 0.50000 0.50000
vt 1.00000 0.00000
vt 0.00000 0.00000
vt 1.00000 1.00000
vt 0.00000 1.00000
vt 0.50000 0.50000
vt 1.00000 0.00000
vt 0.00000 0.00000
vt 0.00000 1.00000
vt 1.00000 1.00000
vt 0.50000 0.50000
vt 1.00000 0.00000
vt 0.00000 0.00000
vt 1.00000 1.00000
vt 0.00000 1.00000
vt 0.50000 0.50000
vt 1.00000 0.00000
vt 0.00000 0.00000
vt 0.00000 1.00000
vt 1.00000 1.00000
vt 0.50000 0.50000
vt 1.00000 0.00000
vt 0.00000 0.00000
vt 1.00000 1.00000
vt 0.00000 1.00000
vt 0.50000 0.50000
vt 1.00000 0.00000
vt 0.00000 0.00000
vt 0.00000 1.00000
vt 1.00000 1.00000
vt 0.50000 0.50000
vt 1.00000 0.00000
vt 0.00000 0.00000
vt 1.00000 1.00000
vt 0.00000 1.00000
vt 0.50000 0.50000
vt 1.00000 0.00000
vt 0.00000 0.00000
vt 0.00000 1.00000
vt 1.00000 1.00000
vt 0.50000 0.50000
vt 1.00000 0.00000
vt 0.00000 0.00000
vt 1.00000 1.00000
vt 0.00000 1.00000
vt 0.50000 0.50000
vt 1.00000 0.00000
vt 0.00000 0.00000
vt 0.00000 1.00000
vt 1.00000 1.00000
vt 0.50000 0.50000
vt 1.00000 0.00000
vt 0.00000 0.00000
vt 1.00000 1.00000
vt 0.00000 1.00000
vt 0.50000 0.50000
vt 1.00000 0.00000
vt 0.00000 0.00000
vt 0.00000 1.00000
vt 1.00000 1.00000
vt 0.50000 0.50000
vt 1.00000 0.00000
vt 0.00000 0.00000
vt 1.00000 1.00000
vt 0.00000 1.00000
vt 0.50000 0.50000
vt 1.00000 0.00000
vt 0.00000 0.00000
vt 0.00000 1.00000
vt 1.00000 1.00000
vt 0.50000 0.50000
vt 1.00000 0.00000
vt 0.00000 0.00000
vt 1.00000 1.00000
vt 0.00000 1.00000
vt 0.50000 0.50000
vt 1.00000 0.00000
vt 0.00000 0.00000
vt 0.00000 1.00000
vt 1.00000 1.00000
vt 0.50000 0.50000
vt 1.00000 0.00000
vt 0.00000 0.00000
vt 1.00000 1.00000
vt 0.00000 1.00000
vt 0.50000 0.50000
vt 1.00000 0.00000
vt 0.00000 0.00000
vt 0.00000 1.00000
vt 1.00000 1.00000
vt 0.50000 0.50000
vt 1.00000 0.00000
vt 0.00000 0.00000
vt 1.00000 1.00000
vt 0.00000 1.00000
vt 0.50000 0.50000
vt 1.00000 0.00000
vt 0.00000 0.00000
vt 0.00000 1.00000
vt 1.00000 1.00000
vt 0.50000 0.50000
vt 1.00000 0.00000
vt 0.00000 0.00000
vt 1.00000 1.00000
vt 0.00000 1.00000
vt 0.50000 0.50000
vt 1.00000 0.00000
vt 0.00000 0.00000
vt 0.00000 1.00000
vt 1.00000 1.00000
vt 0.50000 0.50000
vt 1.00000 0.00000
vt 0.00000 0.00000
vt 1.00000 1.00000
vt 0.00000 1.00000
vt 0.50000 0.50000
vt 1.00000 0.00000
vt 0.00000 0.00000
vt 0.00000 1.00000
vt 1.00000 1.00000
vt 0.50000 0.50000
vt 1.00000 0.00000
vt 0.00000 0.00000
vt 1.00000 1.00000
vt 0.00000 1.00000
vt 0.50000 0.50000
vt 1.00000 0.00000
vt 0.00000 0.00000
vt 0.00000 1.00000
vt 1.00000 1.00000
vt 0.50000 0.50000
vt 1.00000 0.00000
vt 0.00000 0.00000
vt 1.00000 1.00000
vt 0.00000 1.00000
vt 0.50000 0.50000
vt 1.00000 0.00000
vt 0.00000 0.00000
vt 0.00000 1.00000
vt 1.00000 1.00000
vt 0.50000 0.50000
vt 1.00000 0.00000
vt 0.00000 0.00000
vt 1.00000 1.00000
vt 0.00000 1.00000
vt 0.50000 0.50000
vt 1.00000 0.00000
vt 0.00000 0.00000
vt 0.00000 1.00000
vt 1.00000 1.00000
vt 0.50000 0.50000
vt 1.00000 0.00000
vt 0.00000 0.00000
vt 1.00000 1.00000
vt 0.00000 1.00000
vt 0.50000 0.50000
vt 1.00000 0.00000
vt 0.00000 0.00000
vt 0.00000 1.00000
vt 1.00000 1.00000
vt 0.50000 0.50000
vt 1.00000 0.00000
vt 0.00000 0.00000
vt 1.00000 1.00000
vt 0.00000 1.00000
vt 0.50000 0.50000
vt 1.00000 0.00000
vt 0.00000 0.00000
vt 0.00000 1.00000
vt 1.00000 1.00000
vt 0.50000 0.50000
vt 1.00000 0.00000
vt 0.00000 0.00000
vt 1.00000 1.00000
vt 0.00000 1.00000
vt 0.50000 0.50000
vt 1.00000 0.00000
vt 0.00000 0.00000
vt 0.00000 1.00000
vt 1.00000 1.00000
vt 0.50000 0.50000
vt 1.00000 0.00000
vt 0.00000 0.00000
vt 1.00000 1.00000
vt 0.00000 1.00000
vt 0.50000 0.50000
vt 1.00000 0.00000
vt 0.00000 0.00000
vt 0.00000 1.00000
vt 1.00000 1.00000
vt 0.50000 0.50000
vt 1.00000 0.00000
vt 0.00000 0.00000
vt 1.00000 1.00000
vt 0.00000 1.00000
vt 0.50000 0.50000
vt 1.00000 0.00000
vt 0.00000 0.00000
vt 0.00000 1.00000
vt 1.00000 1.00000
vt 0.50000 0.50000
vt 1.00000 0.00000
vt 0.00000 0.00000
vt 1.00000 1.00000
vt 0.00000 1.00000
vt 0.50000 0.50000
vt 1.00000 0.00000
vt 0.00000 0.00000
vt 0.00000 1.00000
vt 1.00000 1.00000
vt 0.50000 0.50000
vt 1.00000 0.00000
vt 0.00000 0.00000
vt 1.00000 1.00000
vt 0.00000 1.00000
vt 0.50000 0.50000
vt 1.00000 0.00000
vt 0.00000 0.00000
vt 0.00000 1.00000
vt 1.00000 1.00000
vt 0.50000 0.50000
vt 1.00000 0.00000
vt 0.00000 0.00000
vt 1.00000 1.00000
vt 0.00000 1.00000
vt 0.50000 0.50000
vt 1.00000 0.00000
vt 0.00000 0.00000
vt 0.00000 1.00000
vt 1.00000 1.00000
vt 0.50000 0.50000
vt 1.00000 0.00000
vt 0.00000 0.00000
vt 1.00000 1.00000
vt 0.00000 1.00000
vt 0.50000 0.50000
vt 1.00000 0.00000
vt 0.00000 0.00000
vt 0.00000 1.00000
vt 1.00000 1.00000
vt 0.50000 0.50000
vt 1.00000 0.00000
vt 0.00000 0.00000
vt 1.00000 1.00000
vt 0.00000 1.00000
vt 0.50000 0.50000
vt 1.00000 0.00000
vt 0.00000 0.00000
vt 0.00000 1.00000
vt 1.00000 1.00000
vt 0.50000 0.50000
vt 1.00000 0.00000
vt 0.00000 0.00000
vt 1.00000 1.00000
vt 0.00000 1.00000
vt 0.50000 0.50000
vt 1.00000 0.00000
vt 0.00000 0.00000
vt 0.00000 1.00000
vt 1.00000 1.00000
vt 0.50000 0.50000
vt 1.00000 0.00000
vt 0.00000 0.00000
vt 1.00000 1.00000
vt 0.00000 1.00000
vt 0.50000 0.50000
vt 1.00000 0.00000
vt 0.00000 0.00000
vt 0.00000 1.00000
vt 1.00000 1.00000
vt 0.50000 0.50000
vt 1.00000 0.00000
vt 0.00000 0.00000
vt 1.00000 1.00000
vt 0.00000 1.00000
vt 0.50000 0.50000
vt 1.00000 0.00000
vt 0.00000 0.00000
vt 0.00000 1.00000
vt 1.00000 1.00000
vt 0.50000 0.50000
vt 1.00000 0.00000
vt 0.00000 0.00000
vt 1.00000 1.00000
vt 0.00000 1.00000
vt 0.50000 0.50000
vt 1.00000 0.00000
vt 0.00000 0.00000
vt 0.00000 1.00000
vt 1.00000 1.00000
vt 0.50000 0.50000
vt 1.00000 0.00000
vt 0.00000 0.00000
vt 1.00000 1.00000
vt 0.00000 1.00000
vt 0.50000 0.50000
vt 1.00000 0.00000
vt 0.00000 0.00000
vt 0.00000 1.00000
vt 1.00000 1.00000
vt 0.50000 0.50000
vt 1.00000 0.00000
vt 0.00000 0.00000
vt 1.00000 1.00000
vt 0.00000 1.00000
vt 0.50000 0.50000
vt 1.00000 0.00000
vt 0.00000 0.00000
vt 0.00000 1.00000
vt 1.00000 1.00000
vt 0.50000 0.50000
vt 1.00000 0.00000
vt 0.00000 0.00000
vt 1.00000 1.00000
vt 0.00000 1.00000
vt 0.50000 0.50000
vt 1.00000 0.00000
vt 0.00000 0.00000
vt 0.00000 1.00000
vt 1.00000 1.00000
vt 0.50000 0.50000
vt 1.00000 0.00000
vt 0.00000 0.00000
vt 1.00000 1.00000
vt 0.00000 1.00000
vt 0.50000 0.50000
vt 1.00000 0.00000
vt 0.00000 0.00000
vt 0.00000 1.00000
vt 1.00000 1.00000
vt 0.50000 0.50000
vt 1.00000 0.00000
vt 0.00000 0.00000
vt 1.00000 1.00000
vt 0.00000 1.00000
vt 0.50000 0.50000
vt 1.00000 0.00000
vt 0.00000 0.00000
vt 0.00000 1.00000
vt 1.00000 1.00000
vt 0.50000 0.50000
vt 1.00000 0.00000
vt 0.00000 0.00000
vt 1.00000 1.00000
vt 0.00000 1.00000
vt 0.50000 0.50000
vt 1.00000 0.00000
vt 0.00000 0.00000
vt 0.00000 1.00000
vt 1.00000 1.00000
vt 0.50000 0.50000
vt 1.00000 0.00000
vt 0.00000 0.00000
vt 1.00000 1.00000
vt 0.00000 1.00000
vt 0.50000 0.50000
vt 1.00000 0.00000
vt 0.00000 0.00000
vt 0.00000 1.00000
vt 1.00000 1.00000
vt 0.50000 0.50000
vt 1.00000 0.00000
vt 0.00000 0.00000
vt 1.00000 1.00000
vt 0.00000 1.00000
vt 0.50000 0.50000
vt 1.00000 0.00000
vt 0.00000 0.00000
vt 0.00000 1.00000
vt 1.00000 1.00000
vt 0.50000 0.50000
vt 1.00000 0.00000
vt 0.00000 0.00000
vt 1.00000 1.00000
vt 0.00000 1.00000
vt 0.50000 0.50000
vt 1.00000 0.00000
vt 0.00000 0.00000
vt 0.00000 1.00000
vt 1.00000 1.00000
vt 0.50000 0.50000
vt 1.00000 0.00000
vt 0.00000 0.00000
vt 1.00000 1.00000
vt 0.00000 1.00000
vt 0.50000 0.50000
vt 1.00000 0.00000
vt 0.00000 0.00000
vt 0.00000 1.00000
vt 1.00000 1.00000
vt 0.50000 0.50000
vt 1.00000 0.00000
vt 0.00000 0.00000
vt 1.00000 1.00000
vt 0.00000 1.00000
vt 0.50000 0.50000
vt 1.00000 0.00000
vt 0.00000 0.00000
vt 0.00000 1.00000
vt 1.00000 1.00000
vt 0.50000 0.50000
vt 1.00000 0.00000
vt 0.00000 0.00000
vt 1.00000 1.00000
vt 0.00000 1.00000
vt 0.50000 0.50000
vt 1.00000 0.00000
vt 0.00000 0.00000
vt 0.00000 1.00000
vt 1.00000 1.00000
vt 0.50000 0.50000
vt 1.00000 0.00000
vt 0.00000 0.00000
vt 1.00000 1.00000
vt 0.00000 1.00000
vt 0.50000 0.50000
vt 1.00000 0.00000
vt 0.00000 0.00000
vt 0.00000 1.00000
vt 1.00000 1.00000
vt 0.50000 0.50000
vt 1.00000 0.00000
vt 0.00000 0.00000
vt 1.00000 1.00000
vt 0.00000 1.00000
vt 0.50000 0.50000
vt 1.00000 0.00000
vt 0.00000 0.00000
vt 0.00000 1.00000
vt 1.00000 1.00000
vt 0.50000 0.50000
vt 1.00000 0.00000
vt 0.00000 0.00000
vt 1.00000 1.00000
vt 0.00000 1.00000
vt 0.50000 0.50000
vt 1.00000 0.00000
vt 0.00000 0.00000
vt 0.00000 1.00000
vt 1.00000 1.00000
vt 0.50000 0.50000
vt 1.00000 0.00000
vt 0.00000 0.00000
vt 1.00000 1.00000
vt 0.00000 1.00000
vt 0.50000 0.50000
vt 1.00000 0.00000
vt 0.00000 0.00000
vt 0.00000 1.00000
vt 1.00000 1.00000
vt 0.50000 0.50000
vt 1.00000 0.00000
vt 0.00000 0.00000
vt 1.00000 1.00000
vt 0.00000 1.00000
vt 0.50000 0.50000
vt 1.00000 0.00000
vt 0.00000 0.00000
vt 0.00000 1.00000
vt 1.00000 1.00000
vt 0.50000 0.50000
vt 1.00000 0.00000
vt 0.00000 0.00000
vt 1.00000 1.00000
vt 0.00000 1.00000
vt 0.50000 0.50000
vt 1.00000 0.00000
vt 0.00000 0.00000
vt 0.00000 1.00000
vt 1.00000 1.00000
vt 0.50000 0.50000
vt 1.00000 0.00000
vt 0.00000 0.00000
vt 1.00000 1.00000
vt 0.00000 1.00000
vt 0.50000 0.50000
vt 1.00000 0.00000
vt 0.00000 0.00000
vt 0.00000 1.00000
vt 1.00000 1.00000
vt 0.50000 0.50000
vt 1.00000 0.00000
vt 0.00000 0.00000
vt 1.00000 1.00000
vt 0.00000 1.00000
vt 0.50000 0.50000
vt 1.00000 0.00000
vt 0.00000 0.00000
vt 0.00000 1.00000
vt 1.00000 1.00000
vt 0.50000 0.50000
vt 1.00000 0.00000
vt 0.00000 0.00000
vt 1.00000 1.00000
vt 0.00000 1.00000
vt 0.50000 0.50000
vt 1.00000 0.00000
vt 0.00000 0.00000
vt 0.00000 1.00000
vt 1.00000 1.00000
vt 0.50000 0.50000
vt 1.00000 0.00000
vt 0.00000 0.00000
vt 1.00000 1.00000
vt 0.00000 1.00000
vt 0.50000 0.50000
vt 1.00000 0.00000
vt 0.00000 0.00000
vt 0.00000 1.00000
vt 1.00000 1.00000
vt 0.50000 0.50000
vt 1.00000 0.00000
vt 0.00000 0.00000
vt 1.00000 1.00000
vt 0.00000 1.00000
vt 0.50000 0.50000
vt 1.00000 0.00000
vt 0.00000 0.00000
vt 0.00000 1.00000
vt 1.00000 1.00000
vt 0.50000 0.50000
vt 1.00000 0.00000
vt 0.00000 0.00000
vt 1.00000 1.00000
vt 0.00000 1.00000
vt 0.50000 0.50000
vt 1.00000 0.00000
vt 0.00000 0.00000
vt 0.00000 1.00000
vt 1.00000 1.00000
vt 0.50000 0.50000
vt 1.00000 0.00000
vt 0.00000 0.00000
vt 1.00000 1.00000
vt 0.00000 1.00000
vt 0.50000 0.50000
vt 1.00000 0.00000
vt 0.00000 0.00000
vt 0.00000 1.00000
vt 1.00000 1.00000
vt 0.50000 0.50000
vt 1.00000 0.00000
vt 0.00000 0.00000
vt 1.00000 1.00000
vt 0.00000 1.00000
vt 0.50000 0.50000
vt 1.00000 0.00000
vt 0.00000 0.00000
vt 0.00000 1.00000
vt 1.00000 1.00000
vt 0.50000 0.50000
vt 1.00000 0.00000
vt 0.00000 0.00000
vt 1.00000 1.00000
vt 0.00000 1.00000
vt 0.50000 0.50000
vt 1.00000 0.00000
vt 0.00000 0.00000
vt 0.00000 1.00000
vt 1.00000 1.00000
vt 0.50000 0.50000
vt 1.00000 0.00000
vt 0.00000 0.00000
vt 1.00000 1.00000
vt 0.00000 1.00000
vt 0.50000 0.50000
vt 1.00000 0.00000
vt 0.00000 0.00000
vt 0.00000 1.00000
vt 1.00000 1.00000
vt 0.50000 0.50000
vt 1.00000 0.00000
vt 0.00000 0.00000
vt 1.00000 1.00000
vt 0.00000 1.00000
vt 0.50000 0.50000
vt 1.00000 0.00000
vt 0.00000 0.00000
vt 0.00000 1.00000
vt 1.00000 1.00000
vt 0.50000 0.50000
vt 1.00000 0.00000
vt 0.00000 0.00000
vt 1.00000 1.00000
vt 0.00000 1.00000
vt 0.50000 0.50000
vt 1.00000 0.00000
vt 0.00000 0.00000
vt 0.00000 1.00000
vt 1.00000 1.00000
vt 0.50000 0.50000
vt 1.00000 0.00000
vt 0.00000 0.00000
vt 1.00000 1.00000
vt 0.00000 1.00000
vt 0.50000 0.50000
vt 1.00000 0.00000
vt 0.00000 0.00000
vt 0.00000 1.00000
vt 1.00000 1.00000
vt 0.50000 0.50000
vt 1.00000 0.00000
vt 0.00000 0.00000
vt 1.00000 1.00000
vt 0.00000 1.00000
vt 0.50000 0.50000
vt 1.00000 0.00000
vt 0.00000 0.00000
vt 0.00000 1.00000
vt 1.00000 1.00000
vt 0.50000 0.50000
vt 1.00000 0.00000
vt 0.00000 0.00000
vt 1.00000 1.00000
vt 0.00000 1.00000
vt 0.50000 0.50000
vt 1.00000 0.00000
vt 0.00000 0.00000
vt 0.00000 1.00000
vt 1.00000 1.00000
vt 0.50000 0.50000
vt 1.00000 0.00000
vt 0.00000 0.00000
vt 1.00000 1.00000
vt 0.00000 1.00000
vt 0.50000 0.50000
vt 1.00000 0.00000
vt 0.00000 0.00000
vt 0.00000 1.00000
vt 1.00000 1.00000
vt 0.50000 0.50000
vt 1.00000 0.00000
vt 0.00000 0.00000
vt 1.00000 1.00000
vt 0.00000 1.00000
vt 0.50000 0.50000
vt 1.00000 0.00000
vt 0.00000 0.00000
vt 0.00000 1.00000
vt 1.00000 1.00000
vt 0.50000 0.50000
vt 1.00000 0.00000
vt 0.00000 0.00000
vt 1.00000 1.00000
vt 0.00000 1.00000
vt 0.50000 0.50000
vt 1.00000 0.00000
vt 0.00000 0.00000
vt 0.00000 1.00000
vt 1.00000 1.00000
vt 0.50000 0.50000
vt 1.00000 0.00000
vt 0.00000 0.00000
vt 1.00000 1.00000
vt 0.00000 1.00000
vt 0.50000 0.50000
vt 1.00000 0.00000
vt 0.00000 0.00000
vt 0.00000 1.00000
vt 1.00000 1.00000
vt 0.50000 0.50000
vt 1.00000 0.00000
vt 0.00000 0.00000
vt 1.00000 1.00000
vt 0.00000 1.00000
vt 0.50000 0.50000
vt 1.00000 0.00000
vt 0.00000 0.00000
vt 0.00000 1.00000
vt 1.00000 1.00000
vt 0.50000 0.50000
vt 1.00000 0.00000
vt 0.00000 0.00000
vt 1.00000 1.00000
vt 0.00000 1.00000
vt 0.50000 0.50000
vt 1.00000 0.00000
vt 0.00000 0.00000
vt 0.00000 1.00000
vt 1.00000 1.00000
vt 0.50000 0.50000
vt 1.00000 0.00000
vt 0.00000 0.00000
vt 1.00000 1.00000
vt 0.00000 1.00000
vt 0.50000 0.50000
vt 1.00000 0.00000
vt 0.00000 0.00000
vt 0.00000 1.00000
vt 1.00000 1.00000
vt 0.50000 0.50000
vt 1.00000 0.00000
vt 0.00000 0.00000
vt 1.00000 1.00000
vt 0.00000 1.00000
vt 0.50000 0.50000
vt 1.00000 0.00000
vt 0.00000 0.00000
vt 0.00000 1.00000
vt 1.00000 1.00000
vt 0.50000 0.50000
vt 1.00000 0.00000
vt 0.00000 0.00000
vt 1.00000 1.00000
vt 0.00000 1.00000
vt 0.50000 0.50000
vt 1.00000 0.00000
vt 0.00000 0.00000
vt 0.00000 1.00000
vt 1.00000 1.00000
vt 0.50000 0.50000
vt 1.00000 0.00000
vt 0.00000 0.00000
vt 1.00000 1.00000
vt 0.00000 1.00000
vt 0.50000 0.50000
vt 1.00000 0.00000
vt 0.00000 0.00000
vt 0.00000 1.00000
vt 1.00000 1.00000
vt 0.50000 0.50000
vt 1.00000 0.00000
vt 0.00000 0.00000
vt 1.00000 1.00000
vt 0.00000 1.00000
vt 0.50000 0.50000
vt 1.00000 0.00000
vt 0.00000 0.00000
vt 0.00000 1.00000
vt 1.00000 1.00000
vt 0.50000 0.50000
vt 1.00000 0.00000
vt 0.00000 0.00000
vt 1.00000 1.00000
vt 0.00000 1.00000
vt 0.50000 0.50000
vt 1.00000 0.00000
vt 0.00000 0.00000
vt 0.00000 1.00000
vt 1.00000 1.00000
vt 0.50000 0.50000
vt 1.00000 0.00000
vt 0.00000 0.00000
vt 1.00000 1.00000
vt 0.00000 1.00000
vt 0.50000 0.50000
vt 1.00000 0.00000
vt 0.00000 0.00000
vt 0.00000 1.00000
vt 1.00000 1.00000
vt 0.50000 0.50000
vt 1.00000 0.00000
vt 0.00000 0.00000
vt 1.00000 1.00000
vt 0.00000 1.00000
vt 0.50000 0.50000
vt 1.00000 0.00000
vt 0.00000 0.00000
vt 0.00000 1.00000
vt 1.00000 1.00000
vt 0.50000 0.50000
vt 1.00000 0.00000
vt 0.00000 0.00000
vt 1.00000 1.00000
vt 0.00000 1.00000
vt 0.50000 0.50000
vt 1.00000 0.00000
vt 0.00000 0.00000
vt 0.00000 1.00000
vt 1.00000 1.00000
vt 0.50000 0.50000
vt 1.00000 0.00000
vt 0.00000 0.00000
vt 1.00000 1.00000
vt 0.00000 1.00000
vt 0.50000 0.50000
vt 1.00000 0.00000
vt 0.00000 0.00000
vt 0.00000 1.00000
vt 1.00000 1.00000
vt 0.50000 0.50000
vt 1.00000 0.00000
vt 0.00000 0.00000
vt 1.00000 1.00000
vt 0.00000 1.00000
vt 0.50000 0.50000
vt 1.00000 0.00000
vt 0.00000 0.00000
vt 0.00000 1.00000
vt 1.00000 1.00000
vt 0.50000 0.50000
vt 1.00000 0.00000
vt 0.00000 0.00000
vt 1.00000 1.00000
vt 0.00000 1.00000
vt 0.50000 0.50000
vt 1.00000 0.00000
vt 0.00000 0.00000
vt 0.00000 1.00000
vt 1.00000 1.00000
vt 0.50000 0.50000
vt 1.00000 0.00000
vt 0.00000 0.00000
vt 1.00000 1.00000
vt 0.00000 1.00000
vt 0.50000 0.50000
vt 1.00000 0.00000
vt 0.00000 0.00000
vt 0.00000 1.00000
vt 1.00000 1.00000
vt 0.50000 0.50000
vt 1.00000 0.00000
vt 0.00000 0.00000
vt 1.00000 1.00000
vt 0.00000 1.00000
vt 0.50000 0.50000
vt 1.00000 0.00000
vt 0.00000 0.00000
vt 0.00000 1.00000
vt 1.00000 1.00000
vt 0.50000 0.50000
vt 1.00000 0.00000
vt 0.00000 0.00000
vt 1.00000 1.00000
vt 0.00000 1.00000
vt 0.50000 0.50000
vt 1.00000 0.00000
vt 0.00000 0.00000
vt 0.00000 1.00000
vt 1.00000 1.00000
vt 0.50000 0.50000
vt 1.00000 0.00000
vt 0.00000 0.00000
vt 1.00000 1.00000
vt 0.00000 1.00000
vt 0.50000 0.50000
vt 1.00000 0.00000
vt 0.00000 0.00000
vt 0.00000 1.00000
vt 1.00000 1.00000
vt 0.50000 0.50000
vt 1.00000 0.00000
vt 0.00000 0.00000
vt 1.00000 1.00000
vt 0.00000 1.00000
vt 0.50000 0.50000
vt 1.00000 0.00000
vt 0.00000 0.00000
vt 0.00000 1.00000
vt 1.00000 1.00000
vt 0.50000 0.50000
vt 1.00000 0.00000
vt 0.00000 0.00000
vt 1.00000 1.00000
vt 0.00000 1.00000
vt 0.50000 0.50000
vt 1.00000 0.00000
vt 0.00000 0.00000
vt 0.00000 1.00000
vt 1.00000 1.00000
vt 0.50000 0.50000
vt 1.00000 0.00000
vt 0.00000 0.00000
vt 1.00000 1.00000
vt 0.00000 1.00000
vt 0.50000 0.50000
vt 1.00000 0.00000
vt 0.00000 0.00000
vt 0.00000 1.00000
vt 1.00000 1.00000
vt 0.50000 0.50000
vt 1.00000 0.00000
vt 0.00000 0.00000
vt 1.00000 1.00000
vt 0.00000 1.00000
vt 0.50000 0.50000
vt 1.00000 0.00000
vt 0.00000 0.00000
vt 0.00000 1.00000
vt 1.00000 1.00000
vt 0.50000 0.50000
vt 1.00000 0.00000
vt 0.00000 0.00000
vt 1.00000 1.00000
vt 0.00000 1.00000
vt 0.50000 0.50000
vt 1.00000 0.00000
vt 0.00000 0.00000
vt 0.00000 1.00000
vt 1.00000 1.00000
vt 0.50000 0.50000
vt 1.00000 0.00000
vt 0.00000 0.00000
vt 1.00000 1.00000
vt 0.00000 1.00000
vt 0.50000 0.50000
vt 1.00000 0.00000
vt 0.00000 0.00000
vt 0.00000 1.00000
vt 1.00000 1.00000
vt 0.50000 0.50000
vt 1.00000 0.00000
vt 0.00000 0.00000
vt 1.00000 1.00000
vt 0.00000 1.00000
vt 0.50000 0.50000
vt 1.00000 0.00000
vt 0.00000 0.00000
vt 0.00000 1.00000
vt 1.00000 1.00000
vt 0.50000 0.50000
vt 1.00000 0.00000
vt 0.00000 0.00000
vt 1.00000 1.00000
vt 0.00000 1.00000
vt 0.50000 0.50000
vt 1.00000 0.00000
vt 0.00000 0.00000
vt 0.00000 1.00000
vt 1.00000 1.00000
vt 0.50000 0.50000
vt 1.00000 0.00000
vt 0.00000 0.00000
vt 1.00000 1.00000
vt 0.00000 1.00000
vt 0.50000 0.50000
vt 1.00000 0.00000
vt 0.00000 0.00000
vt 0.00000 1.00000
vt 1.00000 1.00000
vt 0.50000 0.50000
vt 1.00000 0.00000
vt 0.00000 0.00000
vt 1.00000 1.00000
vt 0.00000 1.00000
vt 0.50000 0.50000
vt 1.00000 0.00000
vt 0.00000 0.00000
vt 0.00000 1.00000
vt 1.00000 1.00000
vt 0.50000 0.50000
vt 1.00000 0.00000
vt 0.00000 0.00000
vt 1.00000 1.00000
vt 0.00000 1.00000
vt 0.50000 0.50000
vt 1.00000 0.00000
vt 0.00000 0.00000
vt 0.00000 1.00000
vt 1.00000 1.00000
vt 0.50000 0.50000
vt 1.00000 0.00000
vt 0.00000 0.00000
vt 1.00000 1.00000
vt 0.00000 1.00000
vt 0.50000 0.50000
vt 1.00000 0.00000
vt 0.00000 0.00000
vt 0.00000 1.00000
vt 1.00000 1.00000
vt 0.50000 0.50000
vt 1.00000 0.00000
vt 0.00000 0.00000
vt 1.00000 1.00000
vt 0.00000 1.00000
vt 0.50000 0.50000
vt 1.00000 0.00000
vt 0.00000 0.00000

g bark02
usemtl bark02
f 2/2/2 1/1/1 3/3/3
f 4/4/4 3/3/3 1/1/1
f 4/4/4 5/5/5 3/3/3
f 6/6/6 3/3/3 5/5/5
f 6/6/6 5/5/5 7/7/7
f 8/8/8 7/7/7 5/5/5
f 8/8/8 9/9/9 7/7/7
f 10/10/10 7/7/7 9/9/9
f 10/10/10 9/9/9 11/11/11
f 12/12/12 11/11/11 9/9/9
f 13/13/13 2/2/2 14/14/14
f 3/3/3 14/14/14 2/2/2
f 3/3/3 6/6/6 14/14/14
f 15/15/15 14/14/14 6/6/6
f 15/15/15 6/6/6 16/16/16
f 7/7/7 16/16/16 6/6/6
f 7/7/7 10/10/10 16/16/16
f 17/17/17 16/16/16 10/10/10
f 17/17/17 10/10/10 18/18/18
f 11/11/11 18/18/18 10/10/10
f 19/19/19 13/13/13 20/20/20
f 14/14/14 20/20/20 13/13/13
f 14/14/14 15/15/15 20/20/20
f 21/21/21 20/20/20 15/15/15
f 21/21/21 15/15/15 22/22/22
f 16/16/16 22/22/22 15/15/15
f 16/16/16 17/17/17 22/22/22
f 23/23/23 22/22/22 17/17/17
f 23/23/23 17/17/17 24/24/24
f 18/18/18 24/24/24 17/17/17
f 25/25/25 19/19/19 26/26/26
f 20/20/20 26/26/26 19/19/19
f 20/20/20 21/21/21 26/26/26
f 27/27/27 26/26/26 21/21/21
f 27/27/27 21/21/21 28/28/28
f 22/22/22 28/28/28 21/21/21
f 22/22/22 23/23/23 28/28/28
f 29/29/29 28/28/28 23/23/23
f 29/29/29 23/23/23 30/30/30
f 24/24/24 30/30/30 23/23/23
f 31/31/31 25/25/25 32/32/32
f 26/26/26 32/32/32 25/25/25
f 26/26/26 27/27/27 32/32/32
f 33/33/33 32/32/32 27/27/27
f 33/33/33 27/27/27 34/34/34
f 28/28/28 34/34/34 27/27/27
f 28/28/28 29/29/29 34/34/34
f 35/35/35 34/34/34 29/29/29
f 35/35/35 29/29/29 36/36/36
f 30/30/30 36/36/36 29/29/29
f 37/37/37 31/31/31 38/38/38
f 32/32/32 38/38/38 31/31/31
f 32/32/32 33/33/33 38/38/38
f 39/39/39 38/38/38 33/33/33
f 39/39/39 33/33/33 40/40/40
f 34/34/34 40/40/40 33/33/33
f 34/34/34 35/35/35 40/40/40
f 41/41/41 40/40/40 35/35/35
f 41/41/41 35/35/35 42/42/42
f 36/36/36 42/42/42 35/35/35
f 43/43/43 37/37/37 44/44/44
f 38/38/38 44/44/44 37/37/37
f 38/38/38 39/39/39 44/44/44
f 45/45/45 44/44/44 39/39/39
f 45/45/45 39/39/39 46/46/46
f 40/40/40 46/46/46 39/39/39
f 40/40/40 41/41/41 46/46/46
f 47/47/47 46/46/46 41/41/41
f 47/47/47 41/41/41 48/48/48
f 42/42/42 48/48/48 41/41/41
f 49/49/49 43/43/43 50/50/50
f 44/44/44 50/50/50 43/43/43
f 44/44/44 45/45/45 50/50/50
f 51/51/51 50/50/50 45/45/45
f 51/51/51 45/45/45 52/52/52
f 46/46/46 52/52/52 45/45/45
f 46/46/46 47/47/47 52/52/52
f 53/53/53 52/52/52 47/47/47
f 53/53/53 47/47/47 54/54/54
f 48/48/48 54/54/54 47/47/47
f 55/55/55 49/49/49 56/56/56
f 50/50/50 56/56/56 49/49/49
f 50/50/50 51/51/51 56/56/56
f 57/57/57 56/56/56 51/51/51
f 57/57/57 51/51/51 58/58/58
f 52/52/52 58/58/58 51/51/51
f 52/52/52 53/53/53 58/58/58
f 59/59/59 58/58/58 53/53/53
f 59/59/59 53/53/53 60/60/60
f 54/54/54 60/60/60 53/53/53
f 61/61/61 55/55/55 62/62/62
f 56/56/56 62/62/62 55/55/55
f 56/56/56 57/57/57 62/62/62
f 63/63/63 62/62/62 57/57/57
f 63/63/63 57/57/57 64/64/64
f 58/58/58 64/64/64 57/57/57
f 58/58/58 59/59/59 64/64/64
f 65/65/65 64/64/64 59/59/59
f 65/65/65 59/59/59 66/66/66
f 60/60/60 66/66/66 59/59/59
f 67/67/67 61/61/61 68/68/68
f 62/62/62 68/68/68 61/61/61
f 62/62/62 63/63/63 68/68/68
f 69/69/69 68/68/68 63/63/63
f 69/69/69 63/63/63 70/70/70
f 64/64/64 70/70/70 63/63/63
f 64/64/64 65/65/65 70/70/70
f 71/71/71 70/70/70 65/65/65
f 71/71/71 65/65/65 72/72/72
f 66/66/66 72/72/72 65/65/65
f 73/73/73 67/67/67 74/74/74
f 68/68/68 74/74/74 67/67/67
f 68/68/68 69/69/69 74/74/74
f 75/75/75 74/74/74 69/69/69
f 75/75/75 69/69/69 76/76/76
f 70/70/70 76/76/76 69/69/69
f 70/70/70 71/71/71 76/76/76
f 77/77/77 76/76/76 71/71/71
f 77/77/77 71/71/71 78/78/78
f 72/72/72 78/78/78 71/71/71
f 79/79/79 73/73/73 80/80/80
f 74/74/74 80/80/80 73/73/73
f 74/74/74 75/75/75 80/80/80
f 81/81/81 80/80/80 75/75/75
f 81/81/81 75/75/75 82/82/82
f 76/76/76 82/82/82 75/75/75
f 76/76/76 77/77/77 82/82/82
f 83/83/83 82/82/82 77/77/77
f 83/83/83 77/77/77 84/84/84
f 78/78/78 84/84/84 77/77/77
f 85/85/85 79/79/79 86/86/86
f 80/80/80 86/86/86 79/79/79
f 80/80/80 81/81/81 86/86/86
f 87/87/87 86/86/86 81/81/81
f 87/87/87 81/81/81 88/88/88
f 82/82/82 88/88/88 81/81/81
f 82/82/82 83/83/83 88/88/88
f 89/89/89 88/88/88 83/83/83
f 89/89/89 83/83/83 90/90/90
f 84/84/84 90/90/90 83/83/83
f 86/86/86 91/91/91 85/85/85
f 86/86/86 87/87/87 91/91/91
f 88/88/88 92/92/92 87/87/87
f 88/88/88 89/89/89 92/92/92
f 90/90/90 93/93/93 89/89/89
f 95/95/95 94/94/94 96/96/96
f 97/97/97 96/96/96 94/94/94
f 97/97/97 98/98/98 96/96/96
f 99/99/99 96/96/96 98/98/98
f 99/99/99 98/98/98 100/100/100
f 101/101/101 100/100/100 98/98/98
f 101/101/101 102/102/102 100/100/100
f 103/103/103 100/100/100 102/102/102
f 103/103/103 102/102/102 104/104/104
f 105/105/105 104/104/104 102/102/102
f 106/106/106 95/95/95 107/107/107
f 96/96/96 107/107/107 95/95/95
f 96/96/96 99/99/99 107/107/107
f 108/108/108 107/107/107 99/99/99
f 108/108/108 99/99/99 109/109/109
f 100/100/100 109/109/109 99/99/99
f 100/100/100 103/103/103 109/109/109
f 110/110/110 109/109/109 103/103/103
f 110/110/110 103/103/103 111/111/111
f 104/104/104 111/111/111 103/103/103
f 112/112/112 106/106/106 113/113/113
f 107/107/107 113/113/113 106/106/106
f 107/107/107 108/108/108 113/113/113
f 114/114/114 113/113/113 108/108/108
f 114/114/114 108/108/108 115/115/115
f 109/109/109 115/115/115 108/108/108
f 109/109/109 110/110/110 115/115/115
f 116/116/116 115/115/115 110/110/110
f 116/116/116 110/110/110 117/117/117
f 111/111/111 117/117/117 110/110/110
f 118/118/118 112/112/112 119/119/119
f 113/113/113 119/119/119 112/112/112
f 113/113/113 114/114/114 119/119/119
f 120/120/120 119/119/119 114/114/114
f 120/120/120 114/114/114 121/121/121
f 115/115/115 121/121/121 114/114/114
f 115/115/115 116/116/116 121/121/121
f 122/122/122 121/121/121 116/116/116
f 122/122/122 116/116/116 123/123/123
f 117/117/117 123/123/123 116/116/116
f 124/124/124 118/118/118 125/125/125
f 119/119/119 125/125/125 118/118/118
f 119/119/119 120/120/120 125/125/125
f 126/126/126 125/125/125 120/120/120
f 126/126/126 120/120/120 127/127/127
f 121/121/121 127/127/127 120/120/120
f 121/121/121 122/122/122 127/127/127
f 128/128/128 127/127/127 122/122/122
f 128/128/128 122/122/122 129/129/129
f 123/123/123 129/129/129 122/122/122
f 130/130/130 124/124/124 131/131/131
f 125/125/125 131/131/131 124/124/124
f 125/125/125 126/126/126 131/131/131
f 132/132/132 131/131/131 126/126/126
f 132/132/132 126/126/126 133/133/133
f 127/127/127 133/133/133 126/126/126
f 127/127/127 128/128/128 133/133/133
f 134/134/134 133/133/133 128/128/128
f 134/134/134 128/128/128 135/135/135
f 129/129/129 135/135/135 128/128/128
f 136/136/136 130/130/130 137/137/137
f 131/131/131 137/137/137 130/130/130
f 131/131/131 132/132/132 137/137/137
f 138/138/138 137/137/137 132/132/132
f 138/138/138 132/132/132 139/139/139
f 133/133/133 139/139/139 132/132/132
f 133/133/133 134/134/134 139/139/139
f 140/140/140 139/139/139 134/134/134
f 140/140/140 134/134/134 141/141/141
f 135/135/135 141/141/141 134/134/134
f 142/142/142 136/136/136 143/143/143
f 137/137/137 143/143/143 136/136/136
f 137/137/137 138/138/138 143/143/143
f 144/144/144 143/143/143 138/138/138
f 144/144/144 138/138/138 145/145/145
f 139/139/139 145/145/145 138/138/138
f 139/139/139 140/140/140 145/145/145
f 146/146/146 145/145/145 140/140/140
f 146/146/146 140/140/140 147/147/147
f 141/141/141 147/147/147 140/140/140
f 148/148/148 142/142/142 149/149/149
f 143/143/143 149/149/149 142/142/142
f 143/143/143 144/144/144 149/149/149
f 150/150/150 149/149/149 144/144/144
f 150/150/150 144/144/144 151/151/151
f 145/145/145 151/151/151 144/144/144
f 145/145/145 146/146/146 151/151/151
f 152/152/152 151/151/151 146/146/146
f 152/152/152 146/146/146 153/153/153
f 147/147/147 153/153/153 146/146/146
f 154/154/154 148/148/148 155/155/155
f 149/149/149 155/155/155 148/148/148
f 149/149/149 150/150/150 155/155/155
f 156/156/156 155/155/155 150/150/150
f 156/156/156 150/150/150 157/157/157
f 151/151/151 157/157/157 150/150/150
f 151/151/151 152/152/152 157/157/157
f 158/158/158 157/157/157 152/152/152
f 158/158/158 152/152/152 159/159/159
f 153/153/153 159/159/159 152/152/152
f 160/160/160 154/154/154 161/161/161
f 155/155/155 161/161/161 154/154/154
f 155/155/155 156/156/156 161/161/161
f 162/162/162 161/161/161 156/156/156
f 162/162/162 156/156/156 163/163/163
f 157/157/157 163/163/163 156/156/156
f 157/157/157 158/158/158 163/163/163
f 164/164/164 163/163/163 158/158/158
f 164/164/164 158/158/158 165/165/165
f 159/159/159 165/165/165 158/158/158
f 166/166/166 160/160/160 167/167/167
f 161/161/161 167/167/167 160/160/160
f 161/161/161 162/162/162 167/167/167
f 168/168/168 167/167/167 162/162/162
f 168/168/168 162/162/162 169/169/169
f 163/163/163 169/169/169 162/162/162
f 163/163/163 164/164/164 169/169/169
f 170/170/170 169/169/169 164/164/164
f 170/170/170 164/164/164 171/171/171
f 165/165/165 171/171/171 164/164/164
f 172/172/172 166/166/166 173/173/173
f 167/167/167 173/173/173 166/166/166
f 167/167/167 168/168/168 173/173/173
f 174/174/174 173/173/173 168/168/168
f 174/174/174 168/168/168 175/175/175
f 169/169/169 175/175/175 168/168/168
f 169/169/169 170/170/170 175/175/175
f 176/176/176 175/175/175 170/170/170
f 176/176/176 170/170/170 177/177/177
f 171/171/171 177/177/177 170/170/170
f 178/178/178 172/172/172 179/179/179
f 173/173/173 179/179/179 172/172/172
f 173/173/173 174/174/174 179/179/179
f 180/180/180 179/179/179 174/174/174
f 180/180/180 174/174/174 181/181/181
f 175/175/175 181/181/181 174/174/174
f 175/175/175 176/176/176 181/181/181
f 182/182/182 181/181/181 176/176/176
f 182/182/182 176/176/176 183/183/183
f 177/177/177 183/183/183 176/176/176
f 179/179/179 184/184/184 178/178/178
f 179/179/179 180/180/180 184/184/184
f 181/181/181 185/185/185 180/180/180
f 181/181/181 182/182/182 185/185/185
f 183/183/183 186/186/186 182/182/182
f 188/188/188 187/187/187 189/189/189
f 190/190/190 189/189/189 187/187/187
f 190/190/190 191/191/191 189/189/189
f 192/192/192 189/189/189 191/191/191
f 192/192/192 191/191/191 193/193/193
f 194/194/194 193/193/193 191/191/191
f 194/194/194 195/195/195 193/193/193
f 196/196/196 193/193/193 195/195/195
f 196/196/196 195/195/195 197/197/197
f 198/198/198 197/197/197 195/195/195
f 199/199/199 188/188/188 200/200/200
f 189/189/189 200/200/200 188/188/188
f 189/189/189 192/192/192 200/200/200
f 201/201/201 200/200/200 192/192/192
f 201/201/201 192/192/192 202/202/202
f 193/193/193 202/202/202 192/192/192
f 193/193/193 196/196/196 202/202/202
f 203/203/203 202/202/202 196/196/196
f 203/203/203 196/196/196 204/204/204
f 197/197/197 204/204/204 196/196/196
f 205/205/205 199/199/199 206/206/206
f 200/200/200 206/206/206 199/199/199
f 200/200/200 201/201/201 206/206/206
f 207/207/207 206/206/206 201/201/201
f 207/207/207 201/201/201 208/208/208
f 202/202/202 208/208/208 201/201/201
f 202/202/202 203/203/203 208/208/208
f 209/209/209 208/208/208 203/203/203
f 209/209/209 203/203/203 210/210/210
f 204/204/204 210/210/210 203/203/203
f 211/211/211 205/205/205 212/212/212
f 206/206/206 212/212/212 205/205/205
f 206/206/206 207/207/207 212/212/212
f 213/213/213 212/212/212 207/207/207
f 213/213/213 207/207/207 214/214/214
f 208/208/208 214/214/214 207/207/207
f 208/208/208 209/209/209 214/214/214
f 215/215/215 214/214/214 209/209/209
f 215/215/215 209/209/209 216/216/216
f 210/210/210 216/216/216 209/209/209
f 217/217/217 211/211/211 218/218/218
f 212/212/212 218/218/218 211/211/211
f 212/212/212 213/213/213 218/218/218
f 219/219/219 218/218/218 213/213/213
f 219/219/219 213/213/213 220/220/220
f 214/214/214 220/220/220 213/213/213
f 214/214/214 215/215/215 220/220/220
f 221/221/221 220/220/220 215/215/215
f 221/221/221 215/215/215 222/222/222
f 216/216/216 222/222/222 215/215/215
f 223/223/223 217/217/217 224/224/224
f 218/218/218 224/224/224 217/217/217
f 218/218/218 219/219/219 224/224/224
f 225/225/225 224/224/224 219/219/219
f 225/225/225 219/219/219 226/226/226
f 220/220/220 226/226/226 219/219/219
f 220/220/220 221/221/221 226/226/226
f 227/227/227 226/226/226 221/221/221
f 227/227/227 221/221/221 228/228/228
f 222/222/222 228/228/228 221/221/221
f 229/229/229 223/223/223 230/230/230
f 224/224/224 230/230/230 223/223/223
f 224/224/224 225/225/225 230/230/230
f 231/231/231 230/230/230 225/225/225
f 231/231/231 225/225/225 232/232/232
f 226/226/226 232/232/232 225/225/225
f 226/226/226 227/227/227 232/232/232
f 233/233/233 232/232/232 227/227/227
f 233/233/233 227/227/227 234/234/234
f 228/228/228 234/234/234 227/227/227
f 235/235/235 229/229/229 236/236/236
f 230/230/230 236/236/236 229/229/229
f 230/230/230 231/231/231 236/236/236
f 237/237/237 236/236/236 231/231/231
f 237/237/237 231/231/231 238/238/238
f 232/232/232 238/238/238 231/231/231
f 232/232/232 233/233/233 238/238/238
f 239/239/239 238/238/238 233/233/233
f 239/239/239 233/233/233 240/240/240
f 234/234/234 240/240/240 233/233/233
f 241/241/241 235/235/235 242/242/242
f 236/236/236 242/242/242 235/235/235
f 236/236/236 237/237/237 242/242/242
f 243/243/243 242/242/242 237/237/237
f 243/243/243 237/237/237 244/244/244
f 238/238/238 244/244/244 237/237/237
f 238/238/238 239/239/239 244/244/244
f 245/245/245 244/244/244 239/239/239
f 245/245/245 239/239/239 246/246/246
f 240/240/240 246/246/246 239/239/239
f 247/247/247 241/241/241 248/248/248
f 242/242/242 248/248/248 241/241/241
f 242/242/242 243/243/243 248/248/248
f 249/249/249 248/248/248 243/243/243
f 249/249/249 243/243/243 250/250/250
f 244/244/244 250/250/250 243/243/243
f 244/244/244 245/245/245 250/250/250
f 251/251/251 250/250/250 245/245/245
f 251/251/251 245/245/245 252/252/252
f 246/246/246 252/252/252 245/245/245
f 253/253/253 247/247/247 254/254/254
f 248/248/248 254/254/254 247/247/247
f 248/248/248 249/249/249 254/254/254
f 255/255/255 254/254/254 249/249/249
f 255/255/255 249/249/249 256/256/256
f 250/250/250 256/256/256 249/249/249
f 250/250/250 251/251/251 256/256/256
f 257/257/257 256/256/256 251/251/251
f 257/257/257 251/251/251 258/258/258
f 252/252/252 258/258/258 251/251/251
f 259/259/259 253/253/253 260/260/260
f 254/254/254 260/260/260 253/253/253
f 254/254/254 255/255/255 260/260/260
f 261/261/261 260/260/260 255/255/255
f 261/261/261 255/255/255 262/262/262
f 256/256/256 262/262/262 255/255/255
f 256/256/256 257/257/257 262/262/262
f 263/263/263 262/262/262 257/257/257
f 263/263/263 257/257/257 264/264/264
f 258/258/258 264/264/264 257/257/257
f 265/265/265 259/259/259 266/266/266
f 260/260/260 266/266/266 259/259/259
f 260/260/260 261/261/261 266/266/266
f 267/267/267 266/266/266 261/261/261
f 267/267/267 261/261/261 268/268/268
f 262/262/262 268/268/268 261/261/261
f 262/262/262 263/263/263 268/268/268
f 269/269/269 268/268/268 263/263/263
f 269/269/269 263/263/263 270/270/270
f 264/264/264 270/270/270 263/263/263
f 271/271/271 265/265/265 272/272/272
f 266/266/266 272/272/272 265/265/265
f 266/266/266 267/267/267 272/272/272
f 273/273/273 272/272/272 267/267/267
f 273/273/273 267/267/267 274/274/274
f 268/268/268 274/274/274 267/267/267
f 268/268/268 269/269/269 274/274/274
f 275/275/275 274/274/274 269/269/269
f 275/275/275 269/269/269 276/276/276
f 270/270/270 276/276/276 269/269/269
f 272/272/272 277/277/277 271/271/271
f 272/272/272 273/273/273 277/277/277
f 274/274/274 278/278/278 273/273/273
f 274/274/274 275/275/275 278/278/278
f 276/276/276 279/279/279 275/275/275
f 281/281/281 280/280/280 282/282/282
f 283/283/283 282/282/282 280/280/280
f 283/283/283 284/284/284 282/282/282
f 285/285/285 282/282/282 284/284/284
f 285/285/285 284/284/284 286/286/286
f 287/287/287 286/286/286 284/284/284
f 287/287/287 288/288/288 286/286/286
f 289/289/289 286/286/286 288/288/288
f 289/289/289 288/288/288 290/290/290
f 291/291/291 290/290/290 288/288/288
f 292/292/292 281/281/281 293/293/293
f 282/282/282 293/293/293 281/281/281
f 282/282/282 285/285/285 293/293/293
f 294/294/294 293/293/293 285/285/285
f 294/294/294 285/285/285 295/295/295
f 286/286/286 295/295/295 285/285/285
f 286/286/286 289/289/289 295/295/295
f 296/296/296 295/295/295 289/289/289
f 296/296/296 289/289/289 297/297/297
f 290/290/290 297/297/297 289/289/289
f 298/298/298 292/292/292 299/299/299
f 293/293/293 299/299/299 292/292/292
f 293/293/293 294/294/294 299/299/299
f 300/300/300 299/299/299 294/294/294
f 300/300/300 294/294/294 301/301/301
f 295/295/295 301/301/301 294/294/294
f 295/295/295 296/296/296 301/301/301
f 302/302/302 301/301/301 296/296/296
f 302/302/302 296/296/296 303/303/303
f 297/297/297 303/303/303 296/296/296
f 304/304/304 298/298/298 305/305/305
f 299/299/299 305/305/305 298/298/298
f 299/299/299 300/300/300 305/305/305
f 306/306/306 305/305/305 300/300/300
f 306/306/306 300/300/300 307/307/307
f 301/301/301 307/307/307 300/300/300
f 301/301/301 302/302/302 307/307/307
f 308/308/308 307/307/307 302/302/302
f 308/308/308 302/302/302 309/309/309
f 303/303/303 309/309/309 302/302/302
f 310/310/310 304/304/304 311/311/311
f 305/305/305 311/311/311 304/304/304
f 305/305/305 306/306/306 311/311/311
f 312/312/312 311/311/311 306/306/306
f 312/312/312 306/306/306 313/313/313
f 307/307/307 313/313/313 306/306/306
f 307/307/307 308/308/308 313/313/313
f 314/314/314 313/313/313 308/308/308
f 314/314/314 308/308/308 315/315/315
f 309/309/309 315/315/315 308/308/308
f 316/316/316 310/310/310 317/317/317
f 311/311/311 317/317/317 310/310/310
f 311/311/311 312/312/312 317/317/317
f 318/318/318 317/317/317 312/312/312
f 318/318/318 312/312/312 319/319/319
f 313/313/313 319/319/319 312/312/312
f 313/313/313 314/314/314 319/319/319
f 320/320/320 319/319/319 314/314/314
f 320/320/320 314/314/314 321/321/321
f 315/315/315 321/321/321 314/314/314
f 322/322/322 316/316/316 323/323/323
f 317/317/317 323/323/323 316/316/316
f 317/317/317 318/318/318 323/323/323
f 324/324/324 323/323/323 318/318/318
f 324/324/324 318/318/318 325/325/325
f 319/319/319 325/325/325 318/318/318
f 319/319/319 320/320/320 325/325/325
f 326/326/326 325/325/325 320/320/320
f 326/326/326 320/320/320 327/327/327
f 321/321/321 327/327/327 320/320/320
f 328/328/328 322/322/322 329/329/329
f 323/323/323 329/329/329 322/322/322
f 323/323/323 324/324/324 329/329/329
f 330/330/330 329/329/329 324/324/324
f 330/330/330 324/324/324 331/331/331
f 325/325/325 331/331/331 324/324/324
f 325/325/325 326/326/326 331/331/331
f 332/332/332 331/331/331 326/326/326
f 332/332/332 326/326/326 333/333/333
f 327/327/327 333/333/333 326/326/326
f 334/334/334 328/328/328 335/335/335
f 329/329/329 335/335/335 328/328/328
f 329/329/329 330/330/330 335/335/335
f 336/336/336 335/335/335 330/330/330
f 336/336/336 330/330/330 337/337/337
f 331/331/331 337/337/337 330/330/330
f 331/331/331 332/332/332 337/337/337
f 338/338/338 337/337/337 332/332/332
f 338/338/338 332/332/332 339/339/339
f 333/333/333 339/339/339 332/332/332
f 340/340/340 334/334/334 341/341/341
f 335/335/335 341/341/341 334/334/334
f 335/335/335 336/336/336 341/341/341
f 342/342/342 341/341/341 336/336/336
f 342/342/342 336/336/336 343/343/343
f 337/337/337 343/343/343 336/336/336
f 337/337/337 338/338/338 343/343/343
f 344/344/344 343/343/343 338/338/338
f 344/344/344 338/338/338 345/345/345
f 339/339/339 345/345/345 338/338/338
f 346/346/346 340/340/340 347/347/347
f 341/341/341 347/347/347 340/340/340
f 341/341/341 342/342/342 347/347/347
f 348/348/348 347/347/347 342/342/342
f 348/348/348 342/342/342 349/349/349
f 343/343/343 349/349/349 342/342/342
f 343/343/343 344/344/344 349/349/349
f 350/350/350 349/349/349 344/344/344
f 350/350/350 344/344/344 351/351/351
f 345/345/345 351/351/351 344/344/344
f 352/352/352 346/346/346 353/353/353
f 347/347/347 353/353/353 346/346/346
f 347/347/347 348/348/348 353/353/353
f 354/354/354 353/353/353 348/348/348
f 354/354/354 348/348/348 355/355/355
f 349/349/349 355/355/355 348/348/348
f 349/349/349 350/350/350 355/355/355
f 356/356/356 355/355/355 350/350/350
f 356/356/356 350/350/350 357/357/357
f 351/351/351 357/357/357 350/350/350
f 358/358/358 352/352/352 359/359/359
f 353/353/353 359/359/359 352/352/352
f 353/353/353 354/354/354 359/359/359
f 360/360/360 359/359/359 354/354/354
f 360/360/360 354/354/354 361/361/361
f 355/355/355 361/361/361 354/354/354
f 355/355/355 356/356/356 361/361/361
f 362/362/362 361/361/361 356/356/356
f 362/362/362 356/356/356 363/363/363
f 357/357/357 363/363/363 356/356/356
f 364/364/364 358/358/358 365/365/365
f 359/359/359 365/365/365 358/358/358
f 359/359/359 360/360/360 365/365/365
f 366/366/366 365/365/365 360/360/360
f 366/366/366 360/360/360 367/367/367
f 361/361/361 367/367/367 360/360/360
f 361/361/361 362/362/362 367/367/367
f 368/368/368 367/367/367 362/362/362
f 368/368/368 362/362/362 369/369/369
f 363/363/363 369/369/369 362/362/362
f 370/370/370 364/364/364 371/371/371
f 365/365/365 371/371/371 364/364/364
f 365/365/365 366/366/366 371/371/371
f 372/372/372 371/371/371 366/366/366
f 372/372/372 366/366/366 373/373/373
f 367/367/367 373/373/373 366/366/366
f 367/367/367 368/368/368 373/373/373
f 374/374/374 373/373/373 368/368/368
f 374/374/374 368/368/368 375/375/375
f 369/369/369 375/375/375 368/368/368
f 371/371/371 376/376/376 370/370/370
f 371/371/371 372/372/372 376/376/376
f 373/373/373 377/377/377 372/372/372
f 373/373/373 374/374/374 377/377/377
f 375/375/375 378/378/378 374/374/374
f 380/380/380 379/379/379 381/381/381
f 382/382/382 381/381/381 379/379/379
f 382/382/382 383/383/383 381/381/381
f 384/384/384 381/381/381 383/383/383
f 384/384/384 383/383/383 385/385/385
f 386/386/386 385/385/385 383/383/383
f 386/386/386 387/387/387 385/385/385
f 388/388/388 385/385/385 387/387/387
f 388/388/388 387/387/387 389/389/389
f 390/390/390 389/389/389 387/387/387
f 391/391/391 380/380/380 392/392/392
f 381/381/381 392/392/392 380/380/380
f 381/381/381 384/384/384 392/392/392
f 393/393/393 392/392/392 384/384/384
f 393/393/393 384/384/384 394/394/394
f 385/385/385 394/394/394 384/384/384
f 385/385/385 388/388/388 394/394/394
f 395/395/395 394/394/394 388/388/388
f 395/395/395 388/388/388 396/396/396
f 389/389/389 396/396/396 388/388/388
f 397/397/397 391/391/391 398/398/398
f 392/392/392 398/398/398 391/391/391
f 392/392/392 393/393/393 398/398/398
f 399/399/399 398/398/398 393/393/393
f 399/399/399 393/393/393 400/400/400
f 394/394/394 400/400/400 393/393/393
f 394/394/394 395/395/395 400/400/400
f 401/401/401 400/400/400 395/395/395
f 401/401/401 395/395/395 402/402/402
f 396/396/396 402/402/402 395/395/395
f 403/403/403 397/397/397 404/404/404
f 398/398/398 404/404/404 397/397/397
f 398/398/398 399/399/399 404/404/404
f 405/405/405 404/404/404 399/399/399
f 405/405/405 399/399/399 406/406/406
f 400/400/400 406/406/406 399/399/399
f 400/400/400 401/401/401 406/406/406
f 407/407/407 406/406/406 401/401/401
f 407/407/407 401/401/401 408/408/408
f 402/402/402 408/408/408 401/401/401
f 409/409/409 403/403/403 410/410/410
f 404/404/404 410/410/410 403/403/403
f 404/404/404 405/405/405 410/410/410
f 411/411/411 410/410/410 405/405/405
f 411/411/411 405/405/405 412/412/412
f 406/406/406 412/412/412 405/405/405
f 406/406/406 407/407/407 412/412/412
f 413/413/413 412/412/412 407/407/407
f 413/413/413 407/407/407 414/414/414
f 408/408/408 414/414/414 407/407/407
f 415/415/415 409/409/409 416/416/416
f 410/410/410 416/416/416 409/409/409
f 410/410/410 411/411/411 416/416/416
f 417/417/417 416/416/416 411/411/411
f 417/417/417 411/411/411 418/418/418
f 412/412/412 418/418/418 411/411/411
f 412/412/412 413/413/413 418/418/418
f 419/419/419 418/418/418 413/413/413
f 419/419/419 413/413/413 420/420/420
f 414/414/414 420/420/420 413/413/413
f 421/421/421 415/415/415 422/422/422
f 416/416/416 422/422/422 415/415/415
f 416/416/416 417/417/417 422/422/422
f 423/423/423 422/422/422 417/417/417
f 423/423/423 417/417/417 424/424/424
f 418/418/418 424/424/424 417/417/417
f 418/418/418 419/419/419 424/424/424
f 425/425/425 424/424/424 419/419/419
f 425/425/425 419/419/419 426/426/426
f 420/420/420 426/426/426 419/419/419
f 427/427/427 421/421/421 428/428/428
f 422/422/422 428/428/428 421/421/421
f 422/422/422 423/423/423 428/428/428
f 429/429/429 428/428/428 423/423/423
f 429/429/429 423/423/423 430/430/430
f 424/424/424 430/430/430 423/423/423
f 424/424/424 425/425/425 430/430/430
f 431/431/431 430/430/430 425/425/425
f 431/431/431 425/425/425 432/432/432
f 426/426/426 432/432/432 425/425/425
f 433/433/433 427/427/427 434/434/434
f 428/428/428 434/434/434 427/427/427
f 428/428/428 429/429/429 434/434/434
f 435/435/435 434/434/434 429/429/429
f 435/435/435 429/429/429 436/436/436
f 430/430/430 436/436/436 429/429/429
f 430/430/430 431/431/431 436/436/436
f 437/437/437 436/436/436 431/431/431
f 437/437/437 431/431/431 438/438/438
f 432/432/432 438/438/438 431/431/431
f 439/439/439 433/433/433 440/440/440
f 434/434/434 440/440/440 433/433/433
f 434/434/434 435/435/435 440/440/440
f 441/441/441 440/440/440 435/435/435
f 441/441/441 435/435/435 442/442/442
f 436/436/436 442/442/442 435/435/435
f 436/436/436 437/437/437 442/442/442
f 443/443/443 442/442/442 437/437/437
f 443/443/443 437/437/437 444/444/444
f 438/438/438 444/444/444 437/437/437
f 445/445/445 439/439/439 446/446/446
f 440/440/440 446/446/446 439/439/439
f 440/440/440 441/441/441 446/446/446
f 447/447/447 446/446/446 441/441/441
f 447/447/447 441/441/441 448/448/448
f 442/442/442 448/448/448 441/441/441
f 442/442/442 443/443/443 448/448/448
f 449/449/449 448/448/448 443/443/443
f 449/449/449 443/443/443 450/450/450
f 444/444/444 450/450/450 443/443/443
f 451/451/451 445/445/445 452/452/452
f 446/446/446 452/452/452 445/445/445
f 446/446/446 447/447/447 452/452/452
f 453/453/453 452/452/452 447/447/447
f 453/453/453 447/447/447 454/454/454
f 448/448/448 454/454/454 447/447/447
f 448/448/448 449/449/449 454/454/454
f 455/455/455 454/454/454 449/449/449
f 455/455/455 449/449/449 456/456/456
f 450/450/450 456/456/456 449/449/449
f 457/457/457 451/451/451 458/458/458
f 452/452/452 458/458/458 451/451/451
f 452/452/452 453/453/453 458/458/458
f 459/459/459 458/458/458 453/453/453
f 459/459/459 453/453/453 460/460/460
f 454/454/454 460/460/460 453/453/453
f 454/454/454 455/455/455 460/460/460
f 461/461/461 460/460/460 455/455/455
f 461/461/461 455/455/455 462/462/462
f 456/456/456 462/462/462 455/455/455
f 463/463/463 457/457/457 464/464/464
f 458/458/458 464/464/464 457/457/457
f 458/458/458 459/459/459 464/464/464
f 465/465/465 464/464/464 459/459/459
f 465/465/465 459/459/459 466/466/466
f 460/460/460 466/466/466 459/459/459
f 460/460/460 461/461/461 466/466/466
f 467/467/467 466/466/466 461/461/461
f 467/467/467 461/461/461 468/468/468
f 462/462/462 468/468/468 461/461/461
f 469/469/469 463/463/463 470/470/470
f 464/464/464 470/470/470 463/463/463
f 464/464/464 465/465/465 470/470/470
f 471/471/471 470/470/470 465/465/465
f 471/471/471 465/465/465 472/472/472
f 466/466/466 472/472/472 465/465/465
f 466/466/466 467/467/467 472/472/472
f 473/473/473 472/472/472 467/467/467
f 473/473/473 467/467/467 474/474/474
f 468/468/468 474/474/474 467/467/467
f 470/470/470 475/475/475 469/469/469
f 470/470/470 471/471/471 475/475/475
f 472/472/472 476/476/476 471/471/471
f 472/472/472 473/473/473 476/476/476
f 474/474/474 477/477/477 473/473/473
f 479/479/479 478/478/478 480/480/480
f 481/481/481 480/480/480 478/478/478
f 481/481/481 482/482/482 480/480/480
f 483/483/483 480/480/480 482/482/482
f 483/483/483 482/482/482 484/484/484
f 485/485/485 484/484/484 482/482/482
f 485/485/485 486/486/486 484/484/484
f 487/487/487 484/484/484 486/486/486
f 487/487/487 486/486/486 488/488/488
f 489/489/489 488/488/488 486/486/486
f 489/489/489 490/490/490 488/488/488
f 491/491/491 488/488/488 490/490/490
f 492/492/492 479/479/479 493/493/493
f 480/480/480 493/493/493 479/479/479
f 480/480/480 483/483/483 493/493/493
f 494/494/494 493/493/493 483/483/483
f 494/494/494 483/483/483 495/495/495
f 484/484/484 495/495/495 483/483/483
f 484/484/484 487/487/487 495/495/495
f 496/496/496 495/495/495 487/487/487
f 496/496/496 487/487/487 497/497/497
f 488/488/488 497/497/497 487/487/487
f 488/488/488 491/491/491 497/497/497
f 498/498/498 497/497/497 491/491/491
f 499/499/499 492/492/492 500/500/500
f 493/493/493 500/500/500 492/492/492
f 493/493/493 494/494/494 500/500/500
f 501/501/501 500/500/500 494/494/494
f 501/501/501 494/494/494 502/502/502
f 495/495/495 502/502/502 494/494/494
f 495/495/495 496/496/496 502/502/502
f 503/503/503 502/502/502 496/496/496
f 503/503/503 496/496/496 504/504/504
f 497/497/497 504/504/504 496/496/496
f 497/497/497 498/498/498 504/504/504
f 505/505/505 504/504/504 498/498/498
f 506/506/506 499/499/499 507/507/507
f 500/500/500 507/507/507 499/499/499
f 500/500/500 501/501/501 507/507/507
f 508/508/508 507/507/507 501/501/501
f 508/508/508 501/501/501 509/509/509
f 502/502/502 509/509/509 501/501/501
f 502/502/502 503/503/503 509/509/509
f 510/510/510 509/509/509 503/503/503
f 510/510/510 503/503/503 511/511/511
f 504/504/504 511/511/511 503/503/503
f 504/504/504 505/505/505 511/511/511
f 512/512/512 511/511/511 505/505/505
f 513/513/513 506/506/506 514/514/514
f 507/507/507 514/514/514 506/506/506
f 507/507/507 508/508/508 514/514/514
f 515/515/515 514/514/514 508/508/508
f 515/515/515 508/508/508 516/516/516
f 509/509/509 516/516/516 508/508/508
f 509/509/509 510/510/510 516/516/516
f 517/517/517 516/516/516 510/510/510
f 517/517/517 510/510/510 518/518/518
f 511/511/511 518/518/518 510/510/510
f 511/511/511 512/512/512 518/518/518
f 519/519/519 518/518/518 512/512/512
f 520/520/520 513/513/513 521/521/521
f 514/514/514 521/521/521 513/513/513
f 514/514/514 515/515/515 521/521/521
f 522/522/522 521/521/521 515/515/515
f 522/522/522 515/515/515 523/523/523
f 516/516/516 523/523/523 515/515/515
f 516/516/516 517/517/517 523/523/523
f 524/524/524 523/523/523 517/517/517
f 524/524/524 517/517/517 525/525/525
f 518/518/518 525/525/525 517/517/517
f 518/518/518 519/519/519 525/525/525
f 526/526/526 525/525/525 519/519/519
f 527/527/527 520/520/520 528/528/528
f 521/521/521 528/528/528 520/520/520
f 521/521/521 522/522/522 528/528/528
f 529/529/529 528/528/528 522/522/522
f 529/529/529 522/522/522 530/530/530
f 523/523/523 530/530/530 522/522/522
f 523/523/523 524/524/524 530/530/530
f 531/531/531 530/530/530 524/524/524
f 531/531/531 524/524/524 532/532/532
f 525/525/525 532/532/532 524/524/524
f 525/525/525 526/526/526 532/532/532
f 533/533/533 532/532/532 526/526/526
f 534/534/534 527/527/527 535/535/535
f 528/528/528 535/535/535 527/527/527
f 528/528/528 529/529/529 535/535/535
f 536/536/536 535/535/535 529/529/529
f 536/536/536 529/529/529 537/537/537
f 530/530/530 537/537/537 529/529/529
f 530/530/530 531/531/531 537/537/537
f 538/538/538 537/537/537 531/531/531
f 538/538/538 531/531/531 539/539/539
f 532/532/532 539/539/539 531/531/531
f 532/532/532 533/533/533 539/539/539
f 540/540/540 539/539/539 533/533/533
f 541/541/541 534/534/534 542/542/542
f 535/535/535 542/542/542 534/534/534
f 535/535/535 536/536/536 542/542/542
f 543/543/543 542/542/542 536/536/536
f 543/543/543 536/536/536 544/544/544
f 537/537/537 544/544/544 536/536/536
f 537/537/537 538/538/538 544/544/544
f 545/545/545 544/544/544 538/538/538
f 545/545/545 538/538/538 546/546/546
f 539/539/539 546/546/546 538/538/538
f 539/539/539 540/540/540 546/546/546
f 547/547/547 546/546/546 540/540/540
f 548/548/548 541/541/541 549/549/549
f 542/542/542 549/549/549 541/541/541
f 542/542/542 543/543/543 549/549/549
f 550/550/550 549/549/549 543/543/543
f 550/550/550 543/543/543 551/551/551
f 544/544/544 551/551/551 543/543/543
f 544/544/544 545/545/545 551/551/551
f 552/552/552 551/551/551 545/545/545
f 552/552/552 545/545/545 553/553/553
f 546/546/546 553/553/553 545/545/545
f 546/546/546 547/547/547 553/553/553
f 554/554/554 553/553/553 547/547/547
f 555/555/555 548/548/548 556/556/556
f 549/549/549 556/556/556 548/548/548
f 549/549/549 550/550/550 556/556/556
f 557/557/557 556/556/556 550/550/550
f 557/557/557 550/550/550 558/558/558
f 551/551/551 558/558/558 550/550/550
f 551/551/551 552/552/552 558/558/558
f 559/559/559 558/558/558 552/552/552
f 559/559/559 552/552/552 560/560/560
f 553/553/553 560/560/560 552/552/552
f 553/553/553 554/554/554 560/560/560
f 561/561/561 560/560/560 554/554/554
f 562/562/562 555/555/555 563/563/563
f 556/556/556 563/563/563 555/555/555
f 556/556/556 557/557/557 563/563/563
f 564/564/564 563/563/563 557/557/557
f 564/564/564 557/557/557 565/565/565
f 558/558/558 565/565/565 557/557/557
f 558/558/558 559/559/559 565/565/565
f 566/566/566 565/565/565 559/559/559
f 566/566/566 559/559/559 567/567/567
f 560/560/560 567/567/567 559/559/559
f 560/560/560 561/561/561 567/567/567
f 568/568/568 567/567/567 561/561/561
f 569/569/569 562/562/562 570/570/570
f 563/563/563 570/570/570 562/562/562
f 563/563/563 564/564/564 570/570/570
f 571/571/571 570/570/570 564/564/564
f 571/571/571 564/564/564 572/572/572
f 565/565/565 572/572/572 564/564/564
f 565/565/565 566/566/566 572/572/572
f 573/573/573 572/572/572 566/566/566
f 573/573/573 566/566/566 574/574/574
f 567/567/567 574/574/574 566/566/566
f 567/567/567 568/568/568 574/574/574
f 575/575/575 574/574/574 568/568/568
f 576/576/576 569/569/569 577/577/577
f 570/570/570 577/577/577 569/569/569
f 570/570/570 571/571/571 577/577/577
f 578/578/578 577/577/577 571/571/571
f 578/578/578 571/571/571 579/579/579
f 572/572/572 579/579/579 571/571/571
f 572/572/572 573/573/573 579/579/579
f 580/580/580 579/579/579 573/573/573
f 580/580/580 573/573/573 581/581/581
f 574/574/574 581/581/581 573/573/573
f 574/574/574 575/575/575 581/581/581
f 582/582/582 581/581/581 575/575/575
f 583/583/583 576/576/576 584/584/584
f 577/577/577 584/584/584 576/576/576
f 577/577/577 578/578/578 584/584/584
f 585/585/585 584/584/584 578/578/578
f 585/585/585 578/578/578 586/586/586
f 579/579/579 586/586/586 578/578/578
f 579/579/579 580/580/580 586/586/586
f 587/587/587 586/586/586 580/580/580
f 587/587/587 580/580/580 588/588/588
f 581/581/581 588/588/588 580/580/580
f 581/581/581 582/582/582 588/588/588
f 589/589/589 588/588/588 582/582/582
f 590/590/590 583/583/583 591/591/591
f 584/584/584 591/591/591 583/583/583
f 584/584/584 585/585/585 591/591/591
f 592/592/592 591/591/591 585/585/585
f 592/592/592 585/585/585 593/593/593
f 586/586/586 593/593/593 585/585/585
f 586/586/586 587/587/587 593/593/593
f 594/594/594 593/593/593 587/587/587
f 594/594/594 587/587/587 595/595/595
f 588/588/588 595/595/595 587/587/587
f 588/588/588 589/589/589 595/595/595
f 596/596/596 595/595/595 589/589/589
f 597/597/597 590/590/590 598/598/598
f 591/591/591 598/598/598 590/590/590
f 591/591/591 592/592/592 598/598/598
f 599/599/599 598/598/598 592/592/592
f 599/599/599 592/592/592 600/600/600
f 593/593/593 600/600/600 592/592/592
f 593/593/593 594/594/594 600/600/600
f 601/601/601 600/600/600 594/594/594
f 601/601/601 594/594/594 602/602/602
f 595/595/595 602/602/602 594/594/594
f 595/595/595 596/596/596 602/602/602
f 603/603/603 602/602/602 596/596/596
f 598/598/598 604/604/604 597/597/597
f 598/598/598 599/599/599 604/604/604
f 600/600/600 605/605/605 599/599/599
f 600/600/600 601/601/601 605/605/605
f 602/602/602 606/606/606 601/601/601
f 602/602/602 603/603/603 606/606/606
f 608/608/608 607/607/607 609/609/609
f 610/610/610 609/609/609 607/607/607
f 610/610/610 611/611/611 609/609/609
f 612/612/612 609/609/609 611/611/611
f 612/612/612 611/611/611 613/613/613
f 614/614/614 613/613/613 611/611/611
f 614/614/614 615/615/615 613/613/613
f 616/616/616 613/613/613 615/615/615
f 616/616/616 615/615/615 617/617/617
f 618/618/618 617/617/617 615/615/615
f 618/618/618 619/619/619 617/617/617
f 620/620/620 617/617/617 619/619/619
f 621/621/621 608/608/608 622/622/622
f 609/609/609 622/622/622 608/608/608
f 609/609/609 612/612/612 622/622/622
f 623/623/623 622/622/622 612/612/612
f 623/623/623 612/612/612 624/624/624
f 613/613/613 624/624/624 612/612/612
f 613/613/613 616/616/616 624/624/624
f 625/625/625 624/624/624 616/616/616
f 625/625/625 616/616/616 626/626/626
f 617/617/617 626/626/626 616/616/616
f 617/617/617 620/620/620 626/626/626
f 627/627/627 626/626/626 620/620/620
f 628/628/628 621/621/621 629/629/629
f 622/622/622 629/629/629 621/621/621
f 622/622/622 623/623/623 629/629/629
f 630/630/630 629/629/629 623/623/623
f 630/630/630 623/623/623 631/631/631
f 624/624/624 631/631/631 623/623/623
f 624/624/624 625/625/625 631/631/631
f 632/632/632 631/631/631 625/625/625
f 632/632/632 625/625/625 633/633/633
f 626/626/626 633/633/633 625/625/625
f 626/626/626 627/627/627 633/633/633
f 634/634/634 633/633/633 627/627/627
f 635/635/635 628/628/628 636/636/636
f 629/629/629 636/636/636 628/628/628
f 629/629/629 630/630/630 636/636/636
f 637/637/637 636/636/636 630/630/630
f 637/637/637 630/630/630 638/638/638
f 631/631/631 638/638/638 630/630/630
f 631/631/631 632/632/632 638/638/638
f 639/639/639 638/638/638 632/632/632
f 639/639/639 632/632/632 640/640/640
f 633/633/633 640/640/640 632/632/632
f 633/633/633 634/634/634 640/640/640
f 641/641/641 640/640/640 634/634/634
f 642/642/642 635/635/635 643/643/643
f 636/636/636 643/643/643 635/635/635
f 636/636/636 637/637/637 643/643/643
f 644/644/644 643/643/643 637/637/637
f 644/644/644 637/637/637 645/645/645
f 638/638/638 645/645/645 637/637/637
f 638/638/638 639/639/639 645/645/645
f 646/646/646 645/645/645 639/639/639
f 646/646/646 639/639/639 647/647/647
f 640/640/640 647/647/647 639/639/639
f 640/640/640 641/641/641 647/647/647
f 648/648/648 647/647/647 641/641/641
f 649/649/649 642/642/642 650/650/650
f 643/643/643 650/650/650 642/642/642
f 643/643/643 644/644/644 650/650/650
f 651/651/651 650/650/650 644/644/644
f 651/651/651 644/644/644 652/652/652
f 645/645/645 652/652/652 644/644/644
f 645/645/645 646/646/646 652/652/652
f 653/653/653 652/652/652 646/646/646
f 653/653/653 646/646/646 654/654/654
f 647/647/647 654/654/654 646/646/646
f 647/647/647 648/648/648 654/654/654
f 655/655/655 654/654/654 648/648/648
f 656/656/656 649/649/649 657/657/657
f 650/650/650 657/657/657 649/649/649
f 650/650/650 651/651/651 657/657/657
f 658/658/658 657/657/657 651/651/651
f 658/658/658 651/651/651 659/659/659
f 652/652/652 659/659/659 651/651/651
f 652/652/652 653/653/653 659/659/659
f 660/660/660 659/659/659 653/653/653
f 660/660/660 653/653/653 661/661/661
f 654/654/654 661/661/661 653/653/653
f 654/654/654 655/655/655 661/661/661
f 662/662/662 661/661/661 655/655/655
f 663/663/663 656/656/656 664/664/664
f 657/657/657 664/664/664 656/656/656
f 657/657/657 658/658/658 664/664/664
f 665/665/665 664/664/664 658/658/658
f 665/665/665 658/658/658 666/666/666
f 659/659/659 666/666/666 658/658/658
f 659/659/659 660/660/660 666/666/666
f 667/667/667 666/666/666 660/660/660
f 667/667/667 660/660/660 668/668/668
f 661/661/661 668/668/668 660/660/660
f 661/661/661 662/662/662 668/668/668
f 669/669/669 668/668/668 662/662/662
f 670/670/670 663/663/663 671/671/671
f 664/664/664 671/671/671 663/663/663
f 664/664/664 665/665/665 671/671/671
f 672/672/672 671/671/671 665/665/665
f 672/672/672 665/665/665 673/673/673
f 666/666/666 673/673/673 665/665/665
f 666/666/666 667/667/667 673/673/673
f 674/674/674 673/673/673 667/667/667
f 674/674/674 667/667/667 675/675/675
f 668/668/668 675/675/675 667/667/667
f 668/668/668 669/669/669 675/675/675
f 676/676/676 675/675/675 669/669/669
f 677/677/677 670/670/670 678/678/678
f 671/671/671 678/678/678 670/670/670
f 671/671/671 672/672/672 678/678/678
f 679/679/679 678/678/678 672/672/672
f 679/679/679 672/672/672 680/680/680
f 673/673/673 680/680/680 672/672/672
f 673/673/673 674/674/674 680/680/680
f 681/681/681 680/680/680 674/674/674
f 681/681/681 674/674/674 682/682/682
f 675/675/675 682/682/682 674/674/674
f 675/675/675 676/676/676 682/682/682
f 683/683/683 682/682/682 676/676/676
f 684/684/684 677/677/677 685/685/685
f 678/678/678 685/685/685 677/677/677
f 678/678/678 679/679/679 685/685/685
f 686/686/686 685/685/685 679/679/679
f 686/686/686 679/679/679 687/687/687
f 680/680/680 687/687/687 679/679/679
f 680/680/680 681/681/681 687/687/687
f 688/688/688 687/687/687 681/681/681
f 688/688/688 681/681/681 689/689/689
f 682/682/682 689/689/689 681/681/681
f 682/682/682 683/683/683 689/689/689
f 690/690/690 689/689/689 683/683/683
f 691/691/691 684/684/684 692/692/692
f 685/685/685 692/692/692 684/684/684
f 685/685/685 686/686/686 692/692/692
f 693/693/693 692/692/692 686/686/686
f 693/693/693 686/686/686 694/694/694
f 687/687/687 694/694/694 686/686/686
f 687/687/687 688/688/688 694/694/694
f 695/695/695 694/694/694 688/688/688
f 695/695/695 688/688/688 696/696/696
f 689/689/689 696/696/696 688/688/688
f 689/689/689 690/690/690 696/696/696
f 697/697/697 696/696/696 690/690/690
f 698/698/698 691/691/691 699/699/699
f 692/692/692 699/699/699 691/691/691
f 692/692/692 693/693/693 699/699/699
f 700/700/700 699/699/699 693/693/693
f 700/700/700 693/693/693 701/701/701
f 694/694/694 701/701/701 693/693/693
f 694/694/694 695/695/695 701/701/701
f 702/702/702 701/701/701 695/695/695
f 702/702/702 695/695/695 703/703/703
f 696/696/696 703/703/703 695/695/695
f 696/696/696 697/697/697 703/703/703
f 704/704/704 703/703/703 697/697/697
f 705/705/705 698/698/698 706/706/706
f 699/699/699 706/706/706 698/698/698
f 699/699/699 700/700/700 706/706/706
f 707/707/707 706/706/706 700/700/700
f 707/707/707 700/700/700 708/708/708
f 701/701/701 708/708/708 700/700/700
f 701/701/701 702/702/702 708/708/708
f 709/709/709 708/708/708 702/702/702
f 709/709/709 702/702/702 710/710/710
f 703/703/703 710/710/710 702/702/702
f 703/703/703 704/704/704 710/710/710
f 711/711/711 710/710/710 704/704/704
f 712/712/712 705/705/705 713/713/713
f 706/706/706 713/713/713 705/705/705
f 706/706/706 707/707/707 713/713/713
f 714/714/714 713/713/713 707/707/707
f 714/714/714 707/707/707 715/715/715
f 708/708/708 715/715/715 707/707/707
f 708/708/708 709/709/709 715/715/715
f 716/716/716 715/715/715 709/709/709
f 716/716/716 709/709/709 717/717/717
f 710/710/710 717/717/717 709/709/709
f 710/710/710 711/711/711 717/717/717
f 718/718/718 717/717/717 711/711/711
f 719/719/719 712/712/712 720/720/720
f 713/713/713 720/720/720 712/712/712
f 713/713/713 714/714/714 720/720/720
f 721/721/721 720/720/720 714/714/714
f 721/721/721 714/714/714 722/722/722
f 715/715/715 722/722/722 714/714/714
f 715/715/715 716/716/716 722/722/722
f 723/723/723 722/722/722 716/716/716
f 723/723/723 716/716/716 724/724/724
f 717/717/717 724/724/724 716/716/716
f 717/717/717 718/718/718 724/724/724
f 725/725/725 724/724/724 718/718/718
f 726/726/726 719/719/719 727/727/727
f 720/720/720 727/727/727 719/719/719
f 720/720/720 721/721/721 727/727/727
f 728/728/728 727/727/727 721/721/721
f 728/728/728 721/721/721 729/729/729
f 722/722/722 729/729/729 721/721/721
f 722/722/722 723/723/723 729/729/729
f 730/730/730 729/729/729 723/723/723
f 730/730/730 723/723/723 731/731/731
f 724/724/724 731/731/731 723/723/723
f 724/724/724 725/725/725 731/731/731
f 732/732/732 731/731/731 725/725/725
f 727/727/727 733/733/733 726/726/726
f 727/727/727 728/728/728 733/733/733
f 729/729/729 734/734/734 728/728/728
f 729/729/729 730/730/730 734/734/734
f 731/731/731 735/735/735 730/730/730
f 731/731/731 732/732/732 735/735/735
f 737/737/737 736/736/736 738/738/738
f 739/739/739 738/738/738 736/736/736
f 739/739/739 740/740/740 738/738/738
f 741/741/741 738/738/738 740/740/740
f 741/741/741 740/740/740 742/742/742
f 743/743/743 742/742/742 740/740/740
f 743/743/743 744/744/744 742/742/742
f 745/745/745 742/742/742 744/744/744
f 746/746/746 737/737/737 747/747/747
f 738/738/738 747/747/747 737/737/737
f 738/738/738 741/741/741 747/747/747
f 748/748/748 747/747/747 741/741/741
f 748/748/748 741/741/741 749/749/749
f 742/742/742 749/749/749 741/741/741
f 742/742/742 745/745/745 749/749/749
f 750/750/750 749/749/749 745/745/745
f 751/751/751 746/746/746 752/752/752
f 747/747/747 752/752/752 746/746/746
f 747/747/747 748/748/748 752/752/752
f 753/753/753 752/752/752 748/748/748
f 753/753/753 748/748/748 754/754/754
f 749/749/749 754/754/754 748/748/748
f 749/749/749 750/750/750 754/754/754
f 755/755/755 754/754/754 750/750/750
f 756/756/756 751/751/751 757/757/757
f 752/752/752 757/757/757 751/751/751
f 752/752/752 753/753/753 757/757/757
f 758/758/758 757/757/757 753/753/753
f 758/758/758 753/753/753 759/759/759
f 754/754/754 759/759/759 753/753/753
f 754/754/754 755/755/755 759/759/759
f 760/760/760 759/759/759 755/755/755
f 761/761/761 756/756/756 762/762/762
f 757/757/757 762/762/762 756/756/756
f 757/757/757 758/758/758 762/762/762
f 763/763/763 762/762/762 758/758/758
f 763/763/763 758/758/758 764/764/764
f 759/759/759 764/764/764 758/758/758
f 759/759/759 760/760/760 764/764/764
f 765/765/765 764/764/764 760/760/760
f 766/766/766 761/761/761 767/767/767
f 762/762/762 767/767/767 761/761/761
f 762/762/762 763/763/763 767/767/767
f 768/768/768 767/767/767 763/763/763
f 768/768/768 763/763/763 769/769/769
f 764/764/764 769/769/769 763/763/763
f 764/764/764 765/765/765 769/769/769
f 770/770/770 769/769/769 765/765/765
f 771/771/771 766/766/766 772/772/772
f 767/767/767 772/772/772 766/766/766
f 767/767/767 768/768/768 772/772/772
f 773/773/773 772/772/772 768/768/768
f 773/773/773 768/768/768 774/774/774
f 769/769/769 774/774/774 768/768/768
f 769/769/769 770/770/770 774/774/774
f 775/775/775 774/774/774 770/770/770
f 776/776/776 771/771/771 777/777/777
f 772/772/772 777/777/777 771/771/771
f 772/772/772 773/773/773 777/777/777
f 778/778/778 777/777/777 773/773/773
f 778/778/778 773/773/773 779/779/779
f 774/774/774 779/779/779 773/773/773
f 774/774/774 775/775/775 779/779/779
f 780/780/780 779/779/779 775/775/775
f 781/781/781 776/776/776 782/782/782
f 777/777/777 782/782/782 776/776/776
f 777/777/777 778/778/778 782/782/782
f 783/783/783 782/782/782 778/778/778
f 783/783/783 778/778/778 784/784/784
f 779/779/779 784/784/784 778/778/778
f 779/779/779 780/780/780 784/784/784
f 785/785/785 784/784/784 780/780/780
f 786/786/786 781/781/781 787/787/787
f 782/782/782 787/787/787 781/781/781
f 782/782/782 783/783/783 787/787/787
f 788/788/788 787/787/787 783/783/783
f 788/788/788 783/783/783 789/789/789
f 784/784/784 789/789/789 783/783/783
f 784/784/784 785/785/785 789/789/789
f 790/790/790 789/789/789 785/785/785
f 787/787/787 791/791/791 786/786/786
f 787/787/787 788/788/788 791/791/791
f 789/789/789 792/792/792 788/788/788
f 789/789/789 790/790/790 792/792/792
f 794/794/794 793/793/793 795/795/795
f 796/796/796 795/795/795 793/793/793
f 796/796/796 797/797/797 795/795/795
f 798/798/798 795/795/795 797/797/797
f 798/798/798 797/797/797 799/799/799
f 800/800/800 799/799/799 797/797/797
f 800/800/800 801/801/801 799/799/799
f 802/802/802 799/799/799 801/801/801
f 803/803/803 794/794/794 804/804/804
f 795/795/795 804/804/804 794/794/794
f 795/795/795 798/798/798 804/804/804
f 805/805/805 804/804/804 798/798/798
f 805/805/805 798/798/798 806/806/806
f 799/799/799 806/806/806 798/798/798
f 799/799/799 802/802/802 806/806/806
f 807/807/807 806/806/806 802/802/802
f 808/808/808 803/803/803 809/809/809
f 804/804/804 809/809/809 803/803/803
f 804/804/804 805/805/805 809/809/809
f 810/810/810 809/809/809 805/805/805
f 810/810/810 805/805/805 811/811/811
f 806/806/806 811/811/811 805/805/805
f 806/806/806 807/807/807 811/811/811
f 812/812/812 811/811/811 807/807/807
f 813/813/813 808/808/808 814/814/814
f 809/809/809 814/814/814 808/808/808
f 809/809/809 810/810/810 814/814/814
f 815/815/815 814/814/814 810/810/810
f 815/815/815 810/810/810 816/816/816
f 811/811/811 816/816/816 810/810/810
f 811/811/811 812/812/812 816/816/816
f 817/817/817 816/816/816 812/812/812
f 818/818/818 813/813/813 819/819/819
f 814/814/814 819/819/819 813/813/813
f 814/814/814 815/815/815 819/819/819
f 820/820/820 819/819/819 815/815/815
f 820/820/820 815/815/815 821/821/821
f 816/816/816 821/821/821 815/815/815
f 816/816/816 817/817/817 821/821/821
f 822/822/822 821/821/821 817/817/817
f 823/823/823 818/818/818 824/824/824
f 819/819/819 824/824/824 818/818/818
f 819/819/819 820/820/820 824/824/824
f 825/825/825 824/824/824 820/820/820
f 825/825/825 820/820/820 826/826/826
f 821/821/821 826/826/826 820/820/820
f 821/821/821 822/822/822 826/826/826
f 827/827/827 826/826/826 822/822/822
f 828/828/828 823/823/823 829/829/829
f 824/824/824 829/829/829 823/823/823
f 824/824/824 825/825/825 829/829/829
f 830/830/830 829/829/829 825/825/825
f 830/830/830 825/825/825 831/831/831
f 826/826/826 831/831/831 825/825/825
f 826/826/826 827/827/827 831/831/831
f 832/832/832 831/831/831 827/827/827
f 833/833/833 828/828/828 834/834/834
f 829/829/829 834/834/834 828/828/828
f 829/829/829 830/830/830 834/834/834
f 835/835/835 834/834/834 830/830/830
f 835/835/835 830/830/830 836/836/836
f 831/831/831 836/836/836 830/830/830
f 831/831/831 832/832/832 836/836/836
f 837/837/837 836/836/836 832/832/832
f 838/838/838 833/833/833 839/839/839
f 834/834/834 839/839/839 833/833/833
f 834/834/834 835/835/835 839/839/839
f 840/840/840 839/839/839 835/835/835
f 840/840/840 835/835/835 841/841/841
f 836/836/836 841/841/841 835/835/835
f 836/836/836 837/837/837 841/841/841
f 842/842/842 841/841/841 837/837/837
f 843/843/843 838/838/838 844/844/844
f 839/839/839 844/844/844 838/838/838
f 839/839/839 840/840/840 844/844/844
f 845/845/845 844/844/844 840/840/840
f 845/845/845 840/840/840 846/846/846
f 841/841/841 846/846/846 840/840/840
f 841/841/841 842/842/842 846/846/846
f 847/847/847 846/846/846 842/842/842
f 844/844/844 848/848/848 843/843/843
f 844/844/844 845/845/845 848/848/848
f 846/846/846 849/849/849 845/845/845
f 846/846/846 847/847/847 849/849/849
f 851/851/851 850/850/850 852/852/852
f 853/853/853 852/852/852 850/850/850
f 853/853/853 854/854/854 852/852/852
f 855/855/855 852/852/852 854/854/854
f 855/855/855 854/854/854 856/856/856
f 857/857/857 856/856/856 854/854/854
f 858/858/858 851/851/851 859/859/859
f 852/852/852 859/859/859 851/851/851
f 852/852/852 855/855/855 859/859/859
f 860/860/860 859/859/859 855/855/855
f 860/860/860 855/855/855 861/861/861
f 856/856/856 861/861/861 855/855/855
f 862/862/862 858/858/858 863/863/863
f 859/859/859 863/863/863 858/858/858
f 859/859/859 860/860/860 863/863/863
f 864/864/864 863/863/863 860/860/860
f 864/864/864 860/860/860 865/865/865
f 861/861/861 865/865/865 860/860/860
f 866/866/866 862/862/862 867/867/867
f 863/863/863 867/867/867 862/862/862
f 863/863/863 864/864/864 867/867/867
f 868/868/868 867/867/867 864/864/864
f 868/868/868 864/864/864 869/869/869
f 865/865/865 869/869/869 864/864/864
f 870/870/870 866/866/866 871/871/871
f 867/867/867 871/871/871 866/866/866
f 867/867/867 868/868/868 871/871/871
f 872/872/872 871/871/871 868/868/868
f 872/872/872 868/868/868 873/873/873
f 869/869/869 873/873/873 868/868/868
f 874/874/874 870/870/870 875/875/875
f 871/871/871 875/875/875 870/870/870
f 871/871/871 872/872/872 875/875/875
f 876/876/876 875/875/875 872/872/872
f 876/876/876 872/872/872 877/877/877
f 873/873/873 877/877/877 872/872/872
f 878/878/878 874/874/874 879/879/879
f 875/875/875 879/879/879 874/874/874
f 875/875/875 876/876/876 879/879/879
f 880/880/880 879/879/879 876/876/876
f 880/880/880 876/876/876 881/881/881
f 877/877/877 881/881/881 876/876/876
f 882/882/882 878/878/878 883/883/883
f 879/879/879 883/883/883 878/878/878
f 879/879/879 880/880/880 883/883/883
f 884/884/884 883/883/883 880/880/880
f 884/884/884 880/880/880 885/885/885
f 881/881/881 885/885/885 880/880/880
f 886/886/886 882/882/882 887/887/887
f 883/883/883 887/887/887 882/882/882
f 883/883/883 884/884/884 887/887/887
f 888/888/888 887/887/887 884/884/884
f 888/888/888 884/884/884 889/889/889
f 885/885/885 889/889/889 884/884/884
f 887/887/887 890/890/890 886/886/886
f 887/887/887 888/888/888 890/890/890
f 889/889/889 891/891/891 888/888/888
f 893/893/893 892/892/892 894/894/894
f 895/895/895 894/894/894 892/892/892
f 895/895/895 896/896/896 894/894/894
f 897/897/897 894/894/894 896/896/896
f 897/897/897 896/896/896 898/898/898
f 899/899/899 898/898/898 896/896/896
f 900/900/900 893/893/893 901/901/901
f 894/894/894 901/901/901 893/893/893
f 894/894/894 897/897/897 901/901/901
f 902/902/902 901/901/901 897/897/897
f 902/902/902 897/897/897 903/903/903
f 898/898/898 903/903/903 897/897/897
f 904/904/904 900/900/900 905/905/905
f 901/901/901 905/905/905 900/900/900
f 901/901/901 902/902/902 905/905/905
f 906/906/906 905/905/905 902/902/902
f 906/906/906 902/902/902 907/907/907
f 903/903/903 907/907/907 902/902/902
f 908/908/908 904/904/904 909/909/909
f 905/905/905 909/909/909 904/904/904
f 905/905/905 906/906/906 909/909/909
f 910/910/910 909/909/909 906/906/906
f 910/910/910 906/906/906 911/911/911
f 907/907/907 911/911/911 906/906/906
f 912/912/912 908/908/908 913/913/913
f 909/909/909 913/913/913 908/908/908
f 909/909/909 910/910/910 913/913/913
f 914/914/914 913/913/913 910/910/910
f 914/914/914 910/910/910 915/915/915
f 911/911/911 915/915/915 910/910/910
f 916/916/916 912/912/912 917/917/917
f 913/913/913 917/917/917 912/912/912
f 913/913/913 914/914/914 917/917/917
f 918/918/918 917/917/917 914/914/914
f 918/918/918 914/914/914 919/919/919
f 915/915/915 919/919/919 914/914/914
f 920/920/920 916/916/916 921/921/921
f 917/917/917 921/921/921 916/916/916
f 917/917/917 918/918/918 921/921/921
f 922/922/922 921/921/921 918/918/918
f 922/922/922 918/918/918 923/923/923
f 919/919/919 923/923/923 918/918/918
f 924/924/924 920/920/920 925/925/925
f 921/921/921 925/925/925 920/920/920
f 921/921/921 922/922/922 925/925/925
f 926/926/926 925/925/925 922/922/922
f 926/926/926 922/922/922 927/927/927
f 923/923/923 927/927/927 922/922/922
f 928/928/928 924/924/924 929/929/929
f 925/925/925 929/929/929 924/924/924
f 925/925/925 926/926/926 929/929/929
f 930/930/930 929/929/929 926/926/926
f 930/930/930 926/926/926 931/931/931
f 927/927/927 931/931/931 926/926/926
f 929/929/929 932/932/932 928/928/928
f 929/929/929 930/930/930 932/932/932
f 931/931/931 933/933/933 930/930/930
f 935/935/935 934/934/934 936/936/936
f 937/937/937 936/936/936 934/934/934
f 937/937/937 938/938/938 936/936/936
f 939/939/939 936/936/936 938/938/938
f 939/939/939 938/938/938 940/940/940
f 941/941/941 940/940/940 938/938/938
f 942/942/942 935/935/935 943/943/943
f 936/936/936 943/943/943 935/935/935
f 936/936/936 939/939/939 943/943/943
f 944/944/944 943/943/943 939/939/939
f 944/944/944 939/939/939 945/945/945
f 940/940/940 945/945/945 939/939/939
f 946/946/946 942/942/942 947/947/947
f 943/943/943 947/947/947 942/942/942
f 943/943/943 944/944/944 947/947/947
f 948/948/948 947/947/947 944/944/944
f 948/948/948 944/944/944 949/949/949
f 945/945/945 949/949/949 944/944/944
f 950/950/950 946/946/946 951/951/951
f 947/947/947 951/951/951 946/946/946
f 947/947/947 948/948/948 951/951/951
f 952/952/952 951/951/951 948/948/948
f 952/952/952 948/948/948 953/953/953
f 949/949/949 953/953/953 948/948/948
f 954/954/954 950/950/950 955/955/955
f 951/951/951 955/955/955 950/950/950
f 951/951/951 952/952/952 955/955/955
f 956/956/956 955/955/955 952/952/952
f 956/956/956 952/952/952 957/957/957
f 953/953/953 957/957/957 952/952/952
f 958/958/958 954/954/954 959/959/959
f 955/955/955 959/959/959 954/954/954
f 955/955/955 956/956/956 959/959/959
f 960/960/960 959/959/959 956/956/956
f 960/960/960 956/956/956 961/961/961
f 957/957/957 961/961/961 956/956/956
f 962/962/962 958/958/958 963/963/963
f 959/959/959 963/963/963 958/958/958
f 959/959/959 960/960/960 963/963/963
f 964/964/964 963/963/963 960/960/960
f 964/964/964 960/960/960 965/965/965
f 961/961/961 965/965/965 960/960/960
f 966/966/966 962/962/962 967/967/967
f 963/963/963 967/967/967 962/962/962
f 963/963/963 964/964/964 967/967/967
f 968/968/968 967/967/967 964/964/964
f 968/968/968 964/964/964 969/969/969
f 965/965/965 969/969/969 964/964/964
f 970/970/970 966/966/966 971/971/971
f 967/967/967 971/971/971 966/966/966
f 967/967/967 968/968/968 971/971/971
f 972/972/972 971/971/971 968/968/968
f 972/972/972 968/968/968 973/973/973
f 969/969/969 973/973/973 968/968/968
f 971/971/971 974/974/974 970/970/970
f 971/971/971 972/972/972 974/974/974
f 973/973/973 975/975/975 972/972/972
f 977/977/977 976/976/976 978/978/978
f 979/979/979 978/978/978 976/976/976
f 979/979/979 980/980/980 978/978/978
f 981/981/981 978/978/978 980/980/980
f 981/981/981 980/980/980 982/982/982
f 983/983/983 982/982/982 980/980/980
f 984/984/984 977/977/977 985/985/985
f 978/978/978 985/985/985 977/977/977
f 978/978/978 981/981/981 985/985/985
f 986/986/986 985/985/985 981/981/981
f 986/986/986 981/981/981 987/987/987
f 982/982/982 987/987/987 981/981/981
f 988/988/988 984/984/984 989/989/989
f 985/985/985 989/989/989 984/984/984
f 985/985/985 986/986/986 989/989/989
f 990/990/990 989/989/989 986/986/986
f 990/990/990 986/986/986 991/991/991
f 987/987/987 991/991/991 986/986/986
f 992/992/992 988/988/988 993/993/993
f 989/989/989 993/993/993 988/988/988
f 989/989/989 990/990/990 993/993/993
f 994/994/994 993/993/993 990/990/990
f 994/994/994 990/990/990 995/995/995
f 991/991/991 995/995/995 990/990/990
f 996/996/996 992/992/992 997/997/997
f 993/993/993 997/997/997 992/992/992
f 993/993/993 994/994/994 997/997/997
f 998/998/998 997/997/997 994/994/994
f 998/998/998 994/994/994 999/999/999
f 995/995/995 999/999/999 994/994/994
f 1000/1000/1000 996/996/996 1001/1001/1001
f 997/997/997 1001/1001/1001 996/996/996
f 997/997/997 998/998/998 1001/1001/1001
f 1002/1002/1002 1001/1001/1001 998/998/998
f 1002/1002/1002 998/998/998 1003/1003/1003
f 999/999/999 1003/1003/1003 998/998/998
f 1004/1004/1004 1000/1000/1000 1005/1005/1005
f 1001/1001/1001 1005/1005/1005 1000/1000/1000
f 1001/1001/1001 1002/1002/1002 1005/1005/1005
f 1006/1006/1006 1005/1005/1005 1002/1002/1002
f 1006/1006/1006 1002/1002/1002 1007/1007/1007
f 1003/1003/1003 1007/1007/1007 1002/1002/1002
f 1008/1008/1008 1004/1004/1004 1009/1009/1009
f 1005/1005/1005 1009/1009/1009 1004/1004/1004
f 1005/1005/1005 1006/1006/1006 1009/1009/1009
f 1010/1010/1010 1009/1009/1009 1006/1006/1006
f 1010/1010/1010 1006/1006/1006 1011/1011/1011
f 1007/1007/1007 1011/1011/1011 1006/1006/1006
f 1012/1012/1012 1008/1008/1008 1013/1013/1013
f 1009/1009/1009 1013/1013/1013 1008/1008/1008
f 1009/1009/1009 1010/1010/1010 1013/1013/1013
f 1014/1014/1014 1013/1013/1013 1010/1010/1010
f 1014/1014/1014 1010/1010/1010 1015/1015/1015
f 1011/1011/1011 1015/1015/1015 1010/1010/1010
f 1013/1013/1013 1016/1016/1016 1012/1012/1012
f 1013/1013/1013 1014/1014/1014 1016/1016/1016
f 1015/1015/1015 1017/1017/1017 1014/1014/1014
f 1019/1019/1019 1018/1018/1018 1020/1020/1020
f 1021/1021/1021 1020/1020/1020 1018/1018/1018
f 1021/1021/1021 1022/1022/1022 1020/1020/1020
f 1023/1023/1023 1020/1020/1020 1022/1022/1022
f 1023/1023/1023 1022/1022/1022 1024/1024/1024
f 1025/1025/1025 1024/1024/1024 1022/1022/1022
f 1026/1026/1026 1019/1019/1019 1027/1027/1027
f 1020/1020/1020 1027/1027/1027 1019/1019/1019
f 1020/1020/1020 1023/1023/1023 1027/1027/1027
f 1028/1028/1028 1027/1027/1027 1023/1023/1023
f 1028/1028/1028 1023/1023/1023 1029/1029/1029
f 1024/1024/1024 1029/1029/1029 1023/1023/1023
f 1030/1030/1030 1026/1026/1026 1031/1031/1031
f 1027/1027/1027 1031/1031/1031 1026/1026/1026
f 1027/1027/1027 1028/1028/1028 1031/1031/1031
f 1032/1032/1032 1031/1031/1031 1028/1028/1028
f 1032/1032/1032 1028/1028/1028 1033/1033/1033
f 1029/1029/1029 1033/1033/1033 1028/1028/1028
f 1034/1034/1034 1030/1030/1030 1035/1035/1035
f 1031/1031/1031 1035/1035/1035 1030/1030/1030
f 1031/1031/1031 1032/1032/1032 1035/1035/1035
f 1036/1036/1036 1035/1035/1035 1032/1032/1032
f 1036/1036/1036 1032/1032/1032 1037/1037/1037
f 1033/1033/1033 1037/1037/1037 1032/1032/1032
f 1038/1038/1038 1034/1034/1034 1039/1039/1039
f 1035/1035/1035 1039/1039/1039 1034/1034/1034
f 1035/1035/1035 1036/1036/1036 1039/1039/1039
f 1040/1040/1040 1039/1039/1039 1036/1036/1036
f 1040/1040/1040 1036/1036/1036 1041/1041/1041
f 1037/1037/1037 1041/1041/1041 1036/1036/1036
f 1042/1042/1042 1038/1038/1038 1043/1043/1043
f 1039/1039/1039 1043/1043/1043 1038/1038/1038
f 1039/1039/1039 1040/1040/1040 1043/1043/1043
f 1044/1044/1044 1043/1043/1043 1040/1040/1040
f 1044/1044/1044 1040/1040/1040 1045/1045/1045
f 1041/1041/1041 1045/1045/1045 1040/1040/1040
f 1043/1043/1043 1046/1046/1046 1042/1042/1042
f 1043/1043/1043 1044/1044/1044 1046/1046/1046
f 1045/1045/1045 1047/1047/1047 1044/1044/1044
f 1049/1049/1049 1048/1048/1048 1050/1050/1050
f 1051/1051/1051 1050/1050/1050 1048/1048/1048
f 1051/1051/1051 1052/1052/1052 1050/1050/1050
f 1053/1053/1053 1050/1050/1050 1052/1052/1052
f 1053/1053/1053 1052/1052/1052 1054/1054/1054
f 1055/1055/1055 1054/1054/1054 1052/1052/1052
f 1056/1056/1056 1049/1049/1049 1057/1057/1057
f 1050/1050/1050 1057/1057/1057 1049/1049/1049
f 1050/1050/1050 1053/1053/1053 1057/1057/1057
f 1058/1058/1058 1057/1057/1057 1053/1053/1053
f 1058/1058/1058 1053/1053/1053 1059/1059/1059
f 1054/1054/1054 1059/1059/1059 1053/1053/1053
f 1060/1060/1060 1056/1056/1056 1061/1061/1061
f 1057/1057/1057 1061/1061/1061 1056/1056/1056
f 1057/1057/1057 1058/1058/1058 1061/1061/1061
f 1062/1062/1062 1061/1061/1061 1058/1058/1058
f 1062/1062/1062 1058/1058/1058 1063/1063/1063
f 1059/1059/1059 1063/1063/1063 1058/1058/1058
f 1064/1064/1064 1060/1060/1060 1065/1065/1065
f 1061/1061/1061 1065/1065/1065 1060/1060/1060
f 1061/1061/1061 1062/1062/1062 1065/1065/1065
f 1066/1066/1066 1065/1065/1065 1062/1062/1062
f 1066/1066/1066 1062/1062/1062 1067/1067/1067
f 1063/1063/1063 1067/1067/1067 1062/1062/1062
f 1068/1068/1068 1064/1064/1064 1069/1069/1069
f 1065/1065/1065 1069/1069/1069 1064/1064/1064
f 1065/1065/1065 1066/1066/1066 1069/1069/1069
f 1070/1070/1070 1069/1069/1069 1066/1066/1066
f 1070/1070/1070 1066/1066/1066 1071/1071/1071
f 1067/1067/1067 1071/1071/1071 1066/1066/1066
f 1069/1069/1069 1072/1072/1072 1068/1068/1068
f 1069/1069/1069 1070/1070/1070 1072/1072/1072
f 1071/1071/1071 1073/1073/1073 1070/1070/1070
f 1075/1075/1075 1074/1074/1074 1076/1076/1076
f 1077/1077/1077 1076/1076/1076 1074/1074/1074
f 1077/1077/1077 1078/1078/1078 1076/1076/1076
f 1079/1079/1079 1076/1076/1076 1078/1078/1078
f 1079/1079/1079 1078/1078/1078 1080/1080/1080
f 1081/1081/1081 1080/1080/1080 1078/1078/1078
f 1082/1082/1082 1075/1075/1075 1083/1083/1083
f 1076/1076/1076 1083/1083/1083 1075/1075/1075
f 1076/1076/1076 1079/1079/1079 1083/1083/1083
f 1084/1084/1084 1083/1083/1083 1079/1079/1079
f 1084/1084/1084 1079/1079/1079 1085/1085/1085
f 1080/1080/1080 1085/1085/1085 1079/1079/1079
f 1086/1086/1086 1082/1082/1082 1087/1087/1087
f 1083/1083/1083 1087/1087/1087 1082/1082/1082
f 1083/1083/1083 1084/1084/1084 1087/1087/1087
f 1088/1088/1088 1087/1087/1087 1084/1084/1084
f 1088/1088/1088 1084/1084/1084 1089/1089/1089
f 1085/1085/1085 1089/1089/1089 1084/1084/1084
f 1090/1090/1090 1086/1086/1086 1091/1091/1091
f 1087/1087/1087 1091/1091/1091 1086/1086/1086
f 1087/1087/1087 1088/1088/1088 1091/1091/1091
f 1092/1092/1092 1091/1091/1091 1088/1088/1088
f 1092/1092/1092 1088/1088/1088 1093/1093/1093
f 1089/1089/1089 1093/1093/1093 1088/1088/1088
f 1094/1094/1094 1090/1090/1090 1095/1095/1095
f 1091/1091/1091 1095/1095/1095 1090/1090/1090
f 1091/1091/1091 1092/1092/1092 1095/1095/1095
f 1096/1096/1096 1095/1095/1095 1092/1092/1092
f 1096/1096/1096 1092/1092/1092 1097/1097/1097
f 1093/1093/1093 1097/1097/1097 1092/1092/1092
f 1095/1095/1095 1098/1098/1098 1094/1094/1094
f 1095/1095/1095 1096/1096/1096 1098/1098/1098
f 1097/1097/1097 1099/1099/1099 1096/1096/1096
f 1101/1101/1101 1100/1100/1100 1102/1102/1102
f 1103/1103/1103 1102/1102/1102 1100/1100/1100
f 1103/1103/1103 1104/1104/1104 1102/1102/1102
f 1105/1105/1105 1102/1102/1102 1104/1104/1104
f 1105/1105/1105 1104/1104/1104 1106/1106/1106
f 1107/1107/1107 1106/1106/1106 1104/1104/1104
f 1108/1108/1108 1101/1101/1101 1109/1109/1109
f 1102/1102/1102 1109/1109/1109 1101/1101/1101
f 1102/1102/1102 1105/1105/1105 1109/1109/1109
f 1110/1110/1110 1109/1109/1109 1105/1105/1105
f 1110/1110/1110 1105/1105/1105 1111/1111/1111
f 1106/1106/1106 1111/1111/1111 1105/1105/1105
f 1112/1112/1112 1108/1108/1108 1113/1113/1113
f 1109/1109/1109 1113/1113/1113 1108/1108/1108
f 1109/1109/1109 1110/1110/1110 1113/1113/1113
f 1114/1114/1114 1113/1113/1113 1110/1110/1110
f 1114/1114/1114 1110/1110/1110 1115/1115/1115
f 1111/1111/1111 1115/1115/1115 1110/1110/1110
f 1116/1116/1116 1112/1112/1112 1117/1117/1117
f 1113/1113/1113 1117/1117/1117 1112/1112/1112
f 1113/1113/1113 1114/1114/1114 1117/1117/1117
f 1118/1118/1118 1117/1117/1117 1114/1114/1114
f 1118/1118/1118 1114/1114/1114 1119/1119/1119
f 1115/1115/1115 1119/1119/1119 1114/1114/1114
f 1120/1120/1120 1116/1116/1116 1121/1121/1121
f 1117/1117/1117 1121/1121/1121 1116/1116/1116
f 1117/1117/1117 1118/1118/1118 1121/1121/1121
f 1122/1122/1122 1121/1121/1121 1118/1118/1118
f 1122/1122/1122 1118/1118/1118 1123/1123/1123
f 1119/1119/1119 1123/1123/1123 1118/1118/1118
f 1121/1121/1121 1124/1124/1124 1120/1120/1120
f 1121/1121/1121 1122/1122/1122 1124/1124/1124
f 1123/1123/1123 1125/1125/1125 1122/1122/1122
f 1127/1127/1127 1126/1126/1126 1128/1128/1128
f 1129/1129/1129 1128/1128/1128 1126/1126/1126
f 1129/1129/1129 1130/1130/1130 1128/1128/1128
f 1131/1131/1131 1128/1128/1128 1130/1130/1130
f 1131/1131/1131 1130/1130/1130 1132/1132/1132
f 1133/1133/1133 1132/1132/1132 1130/1130/1130
f 1134/1134/1134 1127/1127/1127 1135/1135/1135
f 1128/1128/1128 1135/1135/1135 1127/1127/1127
f 1128/1128/1128 1131/1131/1131 1135/1135/1135
f 1136/1136/1136 1135/1135/1135 1131/1131/1131
f 1136/1136/1136 1131/1131/1131 1137/1137/1137
f 1132/1132/1132 1137/1137/1137 1131/1131/1131
f 1138/1138/1138 1134/1134/1134 1139/1139/1139
f 1135/1135/1135 1139/1139/1139 1134/1134/1134
f 1135/1135/1135 1136/1136/1136 1139/1139/1139
f 1140/1140/1140 1139/1139/1139 1136/1136/1136
f 1140/1140/1140 1136/1136/1136 1141/1141/1141
f 1137/1137/1137 1141/1141/1141 1136/1136/1136
f 1142/1142/1142 1138/1138/1138 1143/1143/1143
f 1139/1139/1139 1143/1143/1143 1138/1138/1138
f 1139/1139/1139 1140/1140/1140 1143/1143/1143
f 1144/1144/1144 1143/1143/1143 1140/1140/1140
f 1144/1144/1144 1140/1140/1140 1145/1145/1145
f 1141/1141/1141 1145/1145/1145 1140/1140/1140
f 1146/1146/1146 1142/1142/1142 1147/1147/1147
f 1143/1143/1143 1147/1147/1147 1142/1142/1142
f 1143/1143/1143 1144/1144/1144 1147/1147/1147
f 1148/1148/1148 1147/1147/1147 1144/1144/1144
f 1148/1148/1148 1144/1144/1144 1149/1149/1149
f 1145/1145/1145 1149/1149/1149 1144/1144/1144
f 1150/1150/1150 1146/1146/1146 1151/1151/1151
f 1147/1147/1147 1151/1151/1151 1146/1146/1146
f 1147/1147/1147 1148/1148/1148 1151/1151/1151
f 1152/1152/1152 1151/1151/1151 1148/1148/1148
f 1152/1152/1152 1148/1148/1148 1153/1153/1153
f 1149/1149/1149 1153/1153/1153 1148/1148/1148
f 1151/1151/1151 1154/1154/1154 1150/1150/1150
f 1151/1151/1151 1152/1152/1152 1154/1154/1154
f 1153/1153/1153 1155/1155/1155 1152/1152/1152
f 1157/1157/1157 1156/1156/1156 1158/1158/1158
f 1159/1159/1159 1158/1158/1158 1156/1156/1156
f 1159/1159/1159 1160/1160/1160 1158/1158/1158
f 1161/1161/1161 1158/1158/1158 1160/1160/1160
f 1161/1161/1161 1160/1160/1160 1162/1162/1162
f 1163/1163/1163 1162/1162/1162 1160/1160/1160
f 1164/1164/1164 1157/1157/1157 1165/1165/1165
f 1158/1158/1158 1165/1165/1165 1157/1157/1157
f 1158/1158/1158 1161/1161/1161 1165/1165/1165
f 1166/1166/1166 1165/1165/1165 1161/1161/1161
f 1166/1166/1166 1161/1161/1161 1167/1167/1167
f 1162/1162/1162 1167/1167/1167 1161/1161/1161
f 1168/1168/1168 1164/1164/1164 1169/1169/1169
f 1165/1165/1165 1169/1169/1169 1164/1164/1164
f 1165/1165/1165 1166/1166/1166 1169/1169/1169
f 1170/1170/1170 1169/1169/1169 1166/1166/1166
f 1170/1170/1170 1166/1166/1166 1171/1171/1171
f 1167/1167/1167 1171/1171/1171 1166/1166/1166
f 1172/1172/1172 1168/1168/1168 1173/1173/1173
f 1169/1169/1169 1173/1173/1173 1168/1168/1168
f 1169/1169/1169 1170/1170/1170 1173/1173/1173
f 1174/1174/1174 1173/1173/1173 1170/1170/1170
f 1174/1174/1174 1170/1170/1170 1175/1175/1175
f 1171/1171/1171 1175/1175/1175 1170/1170/1170
f 1173/1173/1173 1176/1176/1176 1172/1172/1172
f 1173/1173/1173 1174/1174/1174 1176/1176/1176
f 1175/1175/1175 1177/1177/1177 1174/1174/1174
f 1179/1179/1179 1178/1178/1178 1180/1180/1180
f 1181/1181/1181 1180/1180/1180 1178/1178/1178
f 1181/1181/1181 1182/1182/1182 1180/1180/1180
f 1183/1183/1183 1180/1180/1180 1182/1182/1182
f 1183/1183/1183 1182/1182/1182 1184/1184/1184
f 1185/1185/1185 1184/1184/1184 1182/1182/1182
f 1186/1186/1186 1179/1179/1179 1187/1187/1187
f 1180/1180/1180 1187/1187/1187 1179/1179/1179
f 1180/1180/1180 1183/1183/1183 1187/1187/1187
f 1188/1188/1188 1187/1187/1187 1183/1183/1183
f 1188/1188/1188 1183/1183/1183 1189/1189/1189
f 1184/1184/1184 1189/1189/1189 1183/1183/1183
f 1190/1190/1190 1186/1186/1186 1191/1191/1191
f 1187/1187/1187 1191/1191/1191 1186/1186/1186
f 1187/1187/1187 1188/1188/1188 1191/1191/1191
f 1192/1192/1192 1191/1191/1191 1188/1188/1188
f 1192/1192/1192 1188/1188/1188 1193/1193/1193
f 1189/1189/1189 1193/1193/1193 1188/1188/1188
f 1194/1194/1194 1190/1190/1190 1195/1195/1195
f 1191/1191/1191 1195/1195/1195 1190/1190/1190
f 1191/1191/1191 1192/1192/1192 1195/1195/1195
f 1196/1196/1196 1195/1195/1195 1192/1192/1192
f 1196/1196/1196 1192/1192/1192 1197/1197/1197
f 1193/1193/1193 1197/1197/1197 1192/1192/1192
f 1198/1198/1198 1194/1194/1194 1199/1199/1199
f 1195/1195/1195 1199/1199/1199 1194/1194/1194
f 1195/1195/1195 1196/1196/1196 1199/1199/1199
f 1200/1200/1200 1199/1199/1199 1196/1196/1196
f 1200/1200/1200 1196/1196/1196 1201/1201/1201
f 1197/1197/1197 1201/1201/1201 1196/1196/1196
f 1199/1199/1199 1202/1202/1202 1198/1198/1198
f 1199/1199/1199 1200/1200/1200 1202/1202/1202
f 1201/1201/1201 1203/1203/1203 1200/1200/1200
f 1205/1205/1205 1204/1204/1204 1206/1206/1206
f 1207/1207/1207 1206/1206/1206 1204/1204/1204
f 1207/1207/1207 1208/1208/1208 1206/1206/1206
f 1209/1209/1209 1206/1206/1206 1208/1208/1208
f 1209/1209/1209 1208/1208/1208 1210/1210/1210
f 1211/1211/1211 1210/1210/1210 1208/1208/1208
f 1212/1212/1212 1205/1205/1205 1213/1213/1213
f 1206/1206/1206 1213/1213/1213 1205/1205/1205
f 1206/1206/1206 1209/1209/1209 1213/1213/1213
f 1214/1214/1214 1213/1213/1213 1209/1209/1209
f 1214/1214/1214 1209/1209/1209 1215/1215/1215
f 1210/1210/1210 1215/1215/1215 1209/1209/1209
f 1216/1216/1216 1212/1212/1212 1217/1217/1217
f 1213/1213/1213 1217/1217/1217 1212/1212/1212
f 1213/1213/1213 1214/1214/1214 1217/1217/1217
f 1218/1218/1218 1217/1217/1217 1214/1214/1214
f 1218/1218/1218 1214/1214/1214 1219/1219/1219
f 1215/1215/1215 1219/1219/1219 1214/1214/1214
f 1220/1220/1220 1216/1216/1216 1221/1221/1221
f 1217/1217/1217 1221/1221/1221 1216/1216/1216
f 1217/1217/1217 1218/1218/1218 1221/1221/1221
f 1222/1222/1222 1221/1221/1221 1218/1218/1218
f 1222/1222/1222 1218/1218/1218 1223/1223/1223
f 1219/1219/1219 1223/1223/1223 1218/1218/1218
f 1224/1224/1224 1220/1220/1220 1225/1225/1225
f 1221/1221/1221 1225/1225/1225 1220/1220/1220
f 1221/1221/1221 1222/1222/1222 1225/1225/1225
f 1226/1226/1226 1225/1225/1225 1222/1222/1222
f 1226/1226/1226 1222/1222/1222 1227/1227/1227
f 1223/1223/1223 1227/1227/1227 1222/1222/1222
f 1225/1225/1225 1228/1228/1228 1224/1224/1224
f 1225/1225/1225 1226/1226/1226 1228/1228/1228
f 1227/1227/1227 1229/1229/1229 1226/1226/1226
f 1231/1231/1231 1230/1230/1230 1232/1232/1232
f 1233/1233/1233 1232/1232/1232 1230/1230/1230
f 1233/1233/1233 1234/1234/1234 1232/1232/1232
f 1235/1235/1235 1232/1232/1232 1234/1234/1234
f 1235/1235/1235 1234/1234/1234 1236/1236/1236
f 1237/1237/1237 1236/1236/1236 1234/1234/1234
f 1238/1238/1238 1231/1231/1231 1239/1239/1239
f 1232/1232/1232 1239/1239/1239 1231/1231/1231
f 1232/1232/1232 1235/1235/1235 1239/1239/1239
f 1240/1240/1240 1239/1239/1239 1235/1235/1235
f 1240/1240/1240 1235/1235/1235 1241/1241/1241
f 1236/1236/1236 1241/1241/1241 1235/1235/1235
f 1242/1242/1242 1238/1238/1238 1243/1243/1243
f 1239/1239/1239 1243/1243/1243 1238/1238/1238
f 1239/1239/1239 1240/1240/1240 1243/1243/1243
f 1244/1244/1244 1243/1243/1243 1240/1240/1240
f 1244/1244/1244 1240/1240/1240 1245/1245/1245
f 1241/1241/1241 1245/1245/1245 1240/1240/1240
f 1246/1246/1246 1242/1242/1242 1247/1247/1247
f 1243/1243/1243 1247/1247/1247 1242/1242/1242
f 1243/1243/1243 1244/1244/1244 1247/1247/1247
f 1248/1248/1248 1247/1247/1247 1244/1244/1244
f 1248/1248/1248 1244/1244/1244 1249/1249/1249
f 1245/1245/1245 1249/1249/1249 1244/1244/1244
f 1247/1247/1247 1250/1250/1250 1246/1246/1246
f 1247/1247/1247 1248/1248/1248 1250/1250/1250
f 1249/1249/1249 1251/1251/1251 1248/1248/1248
f 1253/1253/1253 1252/1252/1252 1254/1254/1254
f 1255/1255/1255 1254/1254/1254 1252/1252/1252
f 1255/1255/1255 1256/1256/1256 1254/1254/1254
f 1257/1257/1257 1254/1254/1254 1256/1256/1256
f 1257/1257/1257 1256/1256/1256 1258/1258/1258
f 1259/1259/1259 1258/1258/1258 1256/1256/1256
f 1260/1260/1260 1253/1253/1253 1261/1261/1261
f 1254/1254/1254 1261/1261/1261 1253/1253/1253
f 1254/1254/1254 1257/1257/1257 1261/1261/1261
f 1262/1262/1262 1261/1261/1261 1257/1257/1257
f 1262/1262/1262 1257/1257/1257 1263/1263/1263
f 1258/1258/1258 1263/1263/1263 1257/1257/1257
f 1264/1264/1264 1260/1260/1260 1265/1265/1265
f 1261/1261/1261 1265/1265/1265 1260/1260/1260
f 1261/1261/1261 1262/1262/1262 1265/1265/1265
f 1266/1266/1266 1265/1265/1265 1262/1262/1262
f 1266/1266/1266 1262/1262/1262 1267/1267/1267
f 1263/1263/1263 1267/1267/1267 1262/1262/1262
f 1268/1268/1268 1264/1264/1264 1269/1269/1269
f 1265/1265/1265 1269/1269/1269 1264/1264/1264
f 1265/1265/1265 1266/1266/1266 1269/1269/1269
f 1270/1270/1270 1269/1269/1269 1266/1266/1266
f 1270/1270/1270 1266/1266/1266 1271/1271/1271
f 1267/1267/1267 1271/1271/1271 1266/1266/1266
f 1269/1269/1269 1272/1272/1272 1268/1268/1268
f 1269/1269/1269 1270/1270/1270 1272/1272/1272
f 1271/1271/1271 1273/1273/1273 1270/1270/1270
f 1275/1275/1275 1274/1274/1274 1276/1276/1276
f 1277/1277/1277 1276/1276/1276 1274/1274/1274
f 1277/1277/1277 1278/1278/1278 1276/1276/1276
f 1279/1279/1279 1276/1276/1276 1278/1278/1278
f 1279/1279/1279 1278/1278/1278 1280/1280/1280
f 1281/1281/1281 1280/1280/1280 1278/1278/1278
f 1282/1282/1282 1275/1275/1275 1283/1283/1283
f 1276/1276/1276 1283/1283/1283 1275/1275/1275
f 1276/1276/1276 1279/1279/1279 1283/1283/1283
f 1284/1284/1284 1283/1283/1283 1279/1279/1279
f 1284/1284/1284 1279/1279/1279 1285/1285/1285
f 1280/1280/1280 1285/1285/1285 1279/1279/1279
f 1286/1286/1286 1282/1282/1282 1287/1287/1287
f 1283/1283/1283 1287/1287/1287 1282/1282/1282
f 1283/1283/1283 1284/1284/1284 1287/1287/1287
f 1288/1288/1288 1287/1287/1287 1284/1284/1284
f 1288/1288/1288 1284/1284/1284 1289/1289/1289
f 1285/1285/1285 1289/1289/1289 1284/1284/1284
f 1290/1290/1290 1286/1286/1286 1291/1291/1291
f 1287/1287/1287 1291/1291/1291 1286/1286/1286
f 1287/1287/1287 1288/1288/1288 1291/1291/1291
f 1292/1292/1292 1291/1291/1291 1288/1288/1288
f 1292/1292/1292 1288/1288/1288 1293/1293/1293
f 1289/1289/1289 1293/1293/1293 1288/1288/1288
f 1291/1291/1291 1294/1294/1294 1290/1290/1290
f 1291/1291/1291 1292/1292/1292 1294/1294/1294
f 1293/1293/1293 1295/1295/1295 1292/1292/1292
f 1297/1297/1297 1296/1296/1296 1298/1298/1298
f 1299/1299/1299 1298/1298/1298 1296/1296/1296
f 1299/1299/1299 1300/1300/1300 1298/1298/1298
f 1301/1301/1301 1298/1298/1298 1300/1300/1300
f 1301/1301/1301 1300/1300/1300 1302/1302/1302
f 1303/1303/1303 1302/1302/1302 1300/1300/1300
f 1304/1304/1304 1297/1297/1297 1305/1305/1305
f 1298/1298/1298 1305/1305/1305 1297/1297/1297
f 1298/1298/1298 1301/1301/1301 1305/1305/1305
f 1306/1306/1306 1305/1305/1305 1301/1301/1301
f 1306/1306/1306 1301/1301/1301 1307/1307/1307
f 1302/1302/1302 1307/1307/1307 1301/1301/1301
f 1308/1308/1308 1304/1304/1304 1309/1309/1309
f 1305/1305/1305 1309/1309/1309 1304/1304/1304
f 1305/1305/1305 1306/1306/1306 1309/1309/1309
f 1310/1310/1310 1309/1309/1309 1306/1306/1306
f 1310/1310/1310 1306/1306/1306 1311/1311/1311
f 1307/1307/1307 1311/1311/1311 1306/1306/1306
f 1312/1312/1312 1308/1308/1308 1313/1313/1313
f 1309/1309/1309 1313/1313/1313 1308/1308/1308
f 1309/1309/1309 1310/1310/1310 1313/1313/1313
f 1314/1314/1314 1313/1313/1313 1310/1310/1310
f 1314/1314/1314 1310/1310/1310 1315/1315/1315
f 1311/1311/1311 1315/1315/1315 1310/1310/1310
f 1313/1313/1313 1316/1316/1316 1312/1312/1312
f 1313/1313/1313 1314/1314/1314 1316/1316/1316
f 1315/1315/1315 1317/1317/1317 1314/1314/1314
f 1319/1319/1319 1318/1318/1318 1320/1320/1320
f 1321/1321/1321 1320/1320/1320 1318/1318/1318
f 1321/1321/1321 1322/1322/1322 1320/1320/1320
f 1323/1323/1323 1320/1320/1320 1322/1322/1322
f 1323/1323/1323 1322/1322/1322 1324/1324/1324
f 1325/1325/1325 1324/1324/1324 1322/1322/1322
f 1326/1326/1326 1319/1319/1319 1327/1327/1327
f 1320/1320/1320 1327/1327/1327 1319/1319/1319
f 1320/1320/1320 1323/1323/1323 1327/1327/1327
f 1328/1328/1328 1327/1327/1327 1323/1323/1323
f 1328/1328/1328 1323/1323/1323 1329/1329/1329
f 1324/1324/1324 1329/1329/1329 1323/1323/1323
f 1330/1330/1330 1326/1326/1326 1331/1331/1331
f 1327/1327/1327 1331/1331/1331 1326/1326/1326
f 1327/1327/1327 1328/1328/1328 1331/1331/1331
f 1332/1332/1332 1331/1331/1331 1328/1328/1328
f 1332/1332/1332 1328/1328/1328 1333/1333/1333
f 1329/1329/1329 1333/1333/1333 1328/1328/1328
f 1334/1334/1334 1330/1330/1330 1335/1335/1335
f 1331/1331/1331 1335/1335/1335 1330/1330/1330
f 1331/1331/1331 1332/1332/1332 1335/1335/1335
f 1336/1336/1336 1335/1335/1335 1332/1332/1332
f 1336/1336/1336 1332/1332/1332 1337/1337/1337
f 1333/1333/1333 1337/1337/1337 1332/1332/1332
f 1335/1335/1335 1338/1338/1338 1334/1334/1334
f 1335/1335/1335 1336/1336/1336 1338/1338/1338
f 1337/1337/1337 1339/1339/1339 1336/1336/1336
f 1341/1341/1341 1340/1340/1340 1342/1342/1342
f 1343/1343/1343 1342/1342/1342 1340/1340/1340
f 1343/1343/1343 1344/1344/1344 1342/1342/1342
f 1345/1345/1345 1342/1342/1342 1344/1344/1344
f 1345/1345/1345 1344/1344/1344 1346/1346/1346
f 1347/1347/1347 1346/1346/1346 1344/1344/1344
f 1348/1348/1348 1341/1341/1341 1349/1349/1349
f 1342/1342/1342 1349/1349/1349 1341/1341/1341
f 1342/1342/1342 1345/1345/1345 1349/1349/1349
f 1350/1350/1350 1349/1349/1349 1345/1345/1345
f 1350/1350/1350 1345/1345/1345 1351/1351/1351
f 1346/1346/1346 1351/1351/1351 1345/1345/1345
f 1352/1352/1352 1348/1348/1348 1353/1353/1353
f 1349/1349/1349 1353/1353/1353 1348/1348/1348
f 1349/1349/1349 1350/1350/1350 1353/1353/1353
f 1354/1354/1354 1353/1353/1353 1350/1350/1350
f 1354/1354/1354 1350/1350/1350 1355/1355/1355
f 1351/1351/1351 1355/1355/1355 1350/1350/1350
f 1356/1356/1356 1352/1352/1352 1357/1357/1357
f 1353/1353/1353 1357/1357/1357 1352/1352/1352
f 1353/1353/1353 1354/1354/1354 1357/1357/1357
f 1358/1358/1358 1357/1357/1357 1354/1354/1354
f 1358/1358/1358 1354/1354/1354 1359/1359/1359
f 1355/1355/1355 1359/1359/1359 1354/1354/1354
f 1357/1357/1357 1360/1360/1360 1356/1356/1356
f 1357/1357/1357 1358/1358/1358 1360/1360/1360
f 1359/1359/1359 1361/1361/1361 1358/1358/1358
f 1363/1363/1363 1362/1362/1362 1364/1364/1364
f 1365/1365/1365 1364/1364/1364 1362/1362/1362
f 1365/1365/1365 1366/1366/1366 1364/1364/1364
f 1367/1367/1367 1364/1364/1364 1366/1366/1366
f 1367/1367/1367 1366/1366/1366 1368/1368/1368
f 1369/1369/1369 1368/1368/1368 1366/1366/1366
f 1370/1370/1370 1363/1363/1363 1371/1371/1371
f 1364/1364/1364 1371/1371/1371 1363/1363/1363
f 1364/1364/1364 1367/1367/1367 1371/1371/1371
f 1372/1372/1372 1371/1371/1371 1367/1367/1367
f 1372/1372/1372 1367/1367/1367 1373/1373/1373
f 1368/1368/1368 1373/1373/1373 1367/1367/1367
f 1374/1374/1374 1370/1370/1370 1375/1375/1375
f 1371/1371/1371 1375/1375/1375 1370/1370/1370
f 1371/1371/1371 1372/1372/1372 1375/1375/1375
f 1376/1376/1376 1375/1375/1375 1372/1372/1372
f 1376/1376/1376 1372/1372/1372 1377/1377/1377
f 1373/1373/1373 1377/1377/1377 1372/1372/1372
f 1378/1378/1378 1374/1374/1374 1379/1379/1379
f 1375/1375/1375 1379/1379/1379 1374/1374/1374
f 1375/1375/1375 1376/1376/1376 1379/1379/1379
f 1380/1380/1380 1379/1379/1379 1376/1376/1376
f 1380/1380/1380 1376/1376/1376 1381/1381/1381
f 1377/1377/1377 1381/1381/1381 1376/1376/1376
f 1379/1379/1379 1382/1382/1382 1378/1378/1378
f 1379/1379/1379 1380/1380/1380 1382/1382/1382
f 1381/1381/1381 1383/1383/1383 1380/1380/1380
f 61/61/61 62/62/62 1384/1384/1384
f 1385/1385/1385 1384/1384/1384 62/62/62
f 62/62/62 63/63/63 1385/1385/1385
f 1386/1386/1386 1385/1385/1385 63/63/63
f 63/63/63 64/64/64 1386/1386/1386
f 1387/1387/1387 1386/1386/1386 64/64/64
f 64/64/64 65/65/65 1387/1387/1387
f 1388/1388/1388 1387/1387/1387 65/65/65
f 65/65/65 66/66/66 1388/1388/1388
f 1389/1389/1389 1388/1388/1388 66/66/66
f 1390/1390/1390 1384/1384/1384 1391/1391/1391
f 1385/1385/1385 1391/1391/1391 1384/1384/1384
f 1385/1385/1385 1386/1386/1386 1391/1391/1391
f 1392/1392/1392 1391/1391/1391 1386/1386/1386
f 1392/1392/1392 1386/1386/1386 1393/1393/1393
f 1387/1387/1387 1393/1393/1393 1386/1386/1386
f 1387/1387/1387 1388/1388/1388 1393/1393/1393
f 1394/1394/1394 1393/1393/1393 1388/1388/1388
f 1394/1394/1394 1388/1388/1388 1395/1395/1395
f 1389/1389/1389 1395/1395/1395 1388/1388/1388
f 1396/1396/1396 1390/1390/1390 1397/1397/1397
f 1391/1391/1391 1397/1397/1397 1390/1390/1390
f 1391/1391/1391 1392/1392/1392 1397/1397/1397
f 1398/1398/1398 1397/1397/1397 1392/1392/1392
f 1398/1398/1398 1392/1392/1392 1399/1399/1399
f 1393/1393/1393 1399/1399/1399 1392/1392/1392
f 1393/1393/1393 1394/1394/1394 1399/1399/1399
f 1400/1400/1400 1399/1399/1399 1394/1394/1394
f 1400/1400/1400 1394/1394/1394 1401/1401/1401
f 1395/1395/1395 1401/1401/1401 1394/1394/1394
f 1402/1402/1402 1396/1396/1396 1403/1403/1403
f 1397/1397/1397 1403/1403/1403 1396/1396/1396
f 1397/1397/1397 1398/1398/1398 1403/1403/1403
f 1404/1404/1404 1403/1403/1403 1398/1398/1398
f 1404/1404/1404 1398/1398/1398 1405/1405/1405
f 1399/1399/1399 1405/1405/1405 1398/1398/1398
f 1399/1399/1399 1400/1400/1400 1405/1405/1405
f 1406/1406/1406 1405/1405/1405 1400/1400/1400
f 1406/1406/1406 1400/1400/1400 1407/1407/1407
f 1401/1401/1401 1407/1407/1407 1400/1400/1400
f 1403/1403/1403 1408/1408/1408 1402/1402/1402
f 1403/1403/1403 1404/1404/1404 1408/1408/1408
f 1405/1405/1405 1409/1409/1409 1404/1404/1404
f 1405/1405/1405 1406/1406/1406 1409/1409/1409
f 1407/1407/1407 1410/1410/1410 1406/1406/1406
f 148/148/148 149/149/149 1411/1411/1411
f 1412/1412/1412 1411/1411/1411 149/149/149
f 149/149/149 150/150/150 1412/1412/1412
f 1413/1413/1413 1412/1412/1412 150/150/150
f 150/150/150 151/151/151 1413/1413/1413
f 1414/1414/1414 1413/1413/1413 151/151/151
f 151/151/151 152/152/152 1414/1414/1414
f 1415/1415/1415 1414/1414/1414 152/152/152
f 152/152/152 153/153/153 1415/1415/1415
f 1416/1416/1416 1415/1415/1415 153/153/153
f 1417/1417/1417 1411/1411/1411 1418/1418/1418
f 1412/1412/1412 1418/1418/1418 1411/1411/1411
f 1412/1412/1412 1413/1413/1413 1418/1418/1418
f 1419/1419/1419 1418/1418/1418 1413/1413/1413
f 1419/1419/1419 1413/1413/1413 1420/1420/1420
f 1414/1414/1414 1420/1420/1420 1413/1413/1413
f 1414/1414/1414 1415/1415/1415 1420/1420/1420
f 1421/1421/1421 1420/1420/1420 1415/1415/1415
f 1421/1421/1421 1415/1415/1415 1422/1422/1422
f 1416/1416/1416 1422/1422/1422 1415/1415/1415
f 1423/1423/1423 1417/1417/1417 1424/1424/1424
f 1418/1418/1418 1424/1424/1424 1417/1417/1417
f 1418/1418/1418 1419/1419/1419 1424/1424/1424
f 1425/1425/1425 1424/1424/1424 1419/1419/1419
f 1425/1425/1425 1419/1419/1419 1426/1426/1426
f 1420/1420/1420 1426/1426/1426 1419/1419/1419
f 1420/1420/1420 1421/1421/1421 1426/1426/1426
f 1427/1427/1427 1426/1426/1426 1421/1421/1421
f 1427/1427/1427 1421/1421/1421 1428/1428/1428
f 1422/1422/1422 1428/1428/1428 1421/1421/1421
f 1429/1429/1429 1423/1423/1423 1430/1430/1430
f 1424/1424/1424 1430/1430/1430 1423/1423/1423
f 1424/1424/1424 1425/1425/1425 1430/1430/1430
f 1431/1431/1431 1430/1430/1430 1425/1425/1425
f 1431/1431/1431 1425/1425/1425 1432/1432/1432
f 1426/1426/1426 1432/1432/1432 1425/1425/1425
f 1426/1426/1426 1427/1427/1427 1432/1432/1432
f 1433/1433/1433 1432/1432/1432 1427/1427/1427
f 1433/1433/1433 1427/1427/1427 1434/1434/1434
f 1428/1428/1428 1434/1434/1434 1427/1427/1427
f 1435/1435/1435 1429/1429/1429 1436/1436/1436
f 1430/1430/1430 1436/1436/1436 1429/1429/1429
f 1430/1430/1430 1431/1431/1431 1436/1436/1436
f 1437/1437/1437 1436/1436/1436 1431/1431/1431
f 1437/1437/1437 1431/1431/1431 1438/1438/1438
f 1432/1432/1432 1438/1438/1438 1431/1431/1431
f 1432/1432/1432 1433/1433/1433 1438/1438/1438
f 1439/1439/1439 1438/1438/1438 1433/1433/1433
f 1439/1439/1439 1433/1433/1433 1440/1440/1440
f 1434/1434/1434 1440/1440/1440 1433/1433/1433
f 1436/1436/1436 1441/1441/1441 1435/1435/1435
f 1436/1436/1436 1437/1437/1437 1441/1441/1441
f 1438/1438/1438 1442/1442/1442 1437/1437/1437
f 1438/1438/1438 1439/1439/1439 1442/1442/1442
f 1440/1440/1440 1443/1443/1443 1439/1439/1439
f 241/241/241 242/242/242 1444/1444/1444
f 1445/1445/1445 1444/1444/1444 242/242/242
f 242/242/242 243/243/243 1445/1445/1445
f 1446/1446/1446 1445/1445/1445 243/243/243
f 243/243/243 244/244/244 1446/1446/1446
f 1447/1447/1447 1446/1446/1446 244/244/244
f 244/244/244 245/245/245 1447/1447/1447
f 1448/1448/1448 1447/1447/1447 245/245/245
f 245/245/245 246/246/246 1448/1448/1448
f 1449/1449/1449 1448/1448/1448 246/246/246
f 1450/1450/1450 1444/1444/1444 1451/1451/1451
f 1445/1445/1445 1451/1451/1451 1444/1444/1444
f 1445/1445/1445 1446/1446/1446 1451/1451/1451
f 1452/1452/1452 1451/1451/1451 1446/1446/1446
f 1452/1452/1452 1446/1446/1446 1453/1453/1453
f 1447/1447/1447 1453/1453/1453 1446/1446/1446
f 1447/1447/1447 1448/1448/1448 1453/1453/1453
f 1454/1454/1454 1453/1453/1453 1448/1448/1448
f 1454/1454/1454 1448/1448/1448 1455/1455/1455
f 1449/1449/1449 1455/1455/1455 1448/1448/1448
f 1456/1456/1456 1450/1450/1450 1457/1457/1457
f 1451/1451/1451 1457/1457/1457 1450/1450/1450
f 1451/1451/1451 1452/1452/1452 1457/1457/1457
f 1458/1458/1458 1457/1457/1457 1452/1452/1452
f 1458/1458/1458 1452/1452/1452 1459/1459/1459
f 1453/1453/1453 1459/1459/1459 1452/1452/1452
f 1453/1453/1453 1454/1454/1454 1459/1459/1459
f 1460/1460/1460 1459/1459/1459 1454/1454/1454
f 1460/1460/1460 1454/1454/1454 1461/1461/1461
f 1455/1455/1455 1461/1461/1461 1454/1454/1454
f 1462/1462/1462 1456/1456/1456 1463/1463/1463
f 1457/1457/1457 1463/1463/1463 1456/1456/1456
f 1457/1457/1457 1458/1458/1458 1463/1463/1463
f 1464/1464/1464 1463/1463/1463 1458/1458/1458
f 1464/1464/1464 1458/1458/1458 1465/1465/1465
f 1459/1459/1459 1465/1465/1465 1458/1458/1458
f 1459/1459/1459 1460/1460/1460 1465/1465/1465
f 1466/1466/1466 1465/1465/1465 1460/1460/1460
f 1466/1466/1466 1460/1460/1460 1467/1467/1467
f 1461/1461/1461 1467/1467/1467 1460/1460/1460
f 1468/1468/1468 1462/1462/1462 1469/1469/1469
f 1463/1463/1463 1469/1469/1469 1462/1462/1462
f 1463/1463/1463 1464/1464/1464 1469/1469/1469
f 1470/1470/1470 1469/1469/1469 1464/1464/1464
f 1470/1470/1470 1464/1464/1464 1471/1471/1471
f 1465/1465/1465 1471/1471/1471 1464/1464/1464
f 1465/1465/1465 1466/1466/1466 1471/1471/1471
f 1472/1472/1472 1471/1471/1471 1466/1466/1466
f 1472/1472/1472 1466/1466/1466 1473/1473/1473
f 1467/1467/1467 1473/1473/1473 1466/1466/1466
f 1469/1469/1469 1474/1474/1474 1468/1468/1468
f 1469/1469/1469 1470/1470/1470 1474/1474/1474
f 1471/1471/1471 1475/1475/1475 1470/1470/1470
f 1471/1471/1471 1472/1472/1472 1475/1475/1475
f 1473/1473/1473 1476/1476/1476 1472/1472/1472
f 334/334/334 335/335/335 1477/1477/1477
f 1478/1478/1478 1477/1477/1477 335/335/335
f 335/335/335 336/336/336 1478/1478/1478
f 1479/1479/1479 1478/1478/1478 336/336/336
f 336/336/336 337/337/337 1479/1479/1479
f 1480/1480/1480 1479/1479/1479 337/337/337
f 337/337/337 338/338/338 1480/1480/1480
f 1481/1481/1481 1480/1480/1480 338/338/338
f 338/338/338 339/339/339 1481/1481/1481
f 1482/1482/1482 1481/1481/1481 339/339/339
f 1483/1483/1483 1477/1477/1477 1484/1484/1484
f 1478/1478/1478 1484/1484/1484 1477/1477/1477
f 1478/1478/1478 1479/1479/1479 1484/1484/1484
f 1485/1485/1485 1484/1484/1484 1479/1479/1479
f 1485/1485/1485 1479/1479/1479 1486/1486/1486
f 1480/1480/1480 1486/1486/1486 1479/1479/1479
f 1480/1480/1480 1481/1481/1481 1486/1486/1486
f 1487/1487/1487 1486/1486/1486 1481/1481/1481
f 1487/1487/1487 1481/1481/1481 1488/1488/1488
f 1482/1482/1482 1488/1488/1488 1481/1481/1481
f 1489/1489/1489 1483/1483/1483 1490/1490/1490
f 1484/1484/1484 1490/1490/1490 1483/1483/1483
f 1484/1484/1484 1485/1485/1485 1490/1490/1490
f 1491/1491/1491 1490/1490/1490 1485/1485/1485
f 1491/1491/1491 1485/1485/1485 1492/1492/1492
f 1486/1486/1486 1492/1492/1492 1485/1485/1485
f 1486/1486/1486 1487/1487/1487 1492/1492/1492
f 1493/1493/1493 1492/1492/1492 1487/1487/1487
f 1493/1493/1493 1487/1487/1487 1494/1494/1494
f 1488/1488/1488 1494/1494/1494 1487/1487/1487
f 1495/1495/1495 1489/1489/1489 1496/1496/1496
f 1490/1490/1490 1496/1496/1496 1489/1489/1489
f 1490/1490/1490 1491/1491/1491 1496/1496/1496
f 1497/1497/1497 1496/1496/1496 1491/1491/1491
f 1497/1497/1497 1491/1491/1491 1498/1498/1498
f 1492/1492/1492 1498/1498/1498 1491/1491/1491
f 1492/1492/1492 1493/1493/1493 1498/1498/1498
f 1499/1499/1499 1498/1498/1498 1493/1493/1493
f 1499/1499/1499 1493/1493/1493 1500/1500/1500
f 1494/1494/1494 1500/1500/1500 1493/1493/1493
f 1501/1501/1501 1495/1495/1495 1502/1502/1502
f 1496/1496/1496 1502/1502/1502 1495/1495/1495
f 1496/1496/1496 1497/1497/1497 1502/1502/1502
f 1503/1503/1503 1502/1502/1502 1497/1497/1497
f 1503/1503/1503 1497/1497/1497 1504/1504/1504
f 1498/1498/1498 1504/1504/1504 1497/1497/1497
f 1498/1498/1498 1499/1499/1499 1504/1504/1504
f 1505/1505/1505 1504/1504/1504 1499/1499/1499
f 1505/1505/1505 1499/1499/1499 1506/1506/1506
f 1500/1500/1500 1506/1506/1506 1499/1499/1499
f 1507/1507/1507 1501/1501/1501 1508/1508/1508
f 1502/1502/1502 1508/1508/1508 1501/1501/1501
f 1502/1502/1502 1503/1503/1503 1508/1508/1508
f 1509/1509/1509 1508/1508/1508 1503/1503/1503
f 1509/1509/1509 1503/1503/1503 1510/1510/1510
f 1504/1504/1504 1510/1510/1510 1503/1503/1503
f 1504/1504/1504 1505/1505/1505 1510/1510/1510
f 1511/1511/1511 1510/1510/1510 1505/1505/1505
f 1511/1511/1511 1505/1505/1505 1512/1512/1512
f 1506/1506/1506 1512/1512/1512 1505/1505/1505
f 1508/1508/1508 1513/1513/1513 1507/1507/1507
f 1508/1508/1508 1509/1509/1509 1513/1513/1513
f 1510/1510/1510 1514/1514/1514 1509/1509/1509
f 1510/1510/1510 1511/1511/1511 1514/1514/1514
f 1512/1512/1512 1515/1515/1515 1511/1511/1511
f 433/433/433 434/434/434 1516/1516/1516
f 1517/1517/1517 1516/1516/1516 434/434/434
f 434/434/434 435/435/435 1517/1517/1517
f 1518/1518/1518 1517/1517/1517 435/435/435
f 435/435/435 436/436/436 1518/1518/1518
f 1519/1519/1519 1518/1518/1518 436/436/436
f 436/436/436 437/437/437 1519/1519/1519
f 1520/1520/1520 1519/1519/1519 437/437/437
f 437/437/437 438/438/438 1520/1520/1520
f 1521/1521/1521 1520/1520/1520 438/438/438
f 1522/1522/1522 1516/1516/1516 1523/1523/1523
f 1517/1517/1517 1523/1523/1523 1516/1516/1516
f 1517/1517/1517 1518/1518/1518 1523/1523/1523
f 1524/1524/1524 1523/1523/1523 1518/1518/1518
f 1524/1524/1524 1518/1518/1518 1525/1525/1525
f 1519/1519/1519 1525/1525/1525 1518/1518/1518
f 1519/1519/1519 1520/1520/1520 1525/1525/1525
f 1526/1526/1526 1525/1525/1525 1520/1520/1520
f 1526/1526/1526 1520/1520/1520 1527/1527/1527
f 1521/1521/1521 1527/1527/1527 1520/1520/1520
f 1528/1528/1528 1522/1522/1522 1529/1529/1529
f 1523/1523/1523 1529/1529/1529 1522/1522/1522
f 1523/1523/1523 1524/1524/1524 1529/1529/1529
f 1530/1530/1530 1529/1529/1529 1524/1524/1524
f 1530/1530/1530 1524/1524/1524 1531/1531/1531
f 1525/1525/1525 1531/1531/1531 1524/1524/1524
f 1525/1525/1525 1526/1526/1526 1531/1531/1531
f 1532/1532/1532 1531/1531/1531 1526/1526/1526
f 1532/1532/1532 1526/1526/1526 1533/1533/1533
f 1527/1527/1527 1533/1533/1533 1526/1526/1526
f 1534/1534/1534 1528/1528/1528 1535/1535/1535
f 1529/1529/1529 1535/1535/1535 1528/1528/1528
f 1529/1529/1529 1530/1530/1530 1535/1535/1535
f 1536/1536/1536 1535/1535/1535 1530/1530/1530
f 1536/1536/1536 1530/1530/1530 1537/1537/1537
f 1531/1531/1531 1537/1537/1537 1530/1530/1530
f 1531/1531/1531 1532/1532/1532 1537/1537/1537
f 1538/1538/1538 1537/1537/1537 1532/1532/1532
f 1538/1538/1538 1532/1532/1532 1539/1539/1539
f 1533/1533/1533 1539/1539/1539 1532/1532/1532
f 1540/1540/1540 1534/1534/1534 1541/1541/1541
f 1535/1535/1535 1541/1541/1541 1534/1534/1534
f 1535/1535/1535 1536/1536/1536 1541/1541/1541
f 1542/1542/1542 1541/1541/1541 1536/1536/1536
f 1542/1542/1542 1536/1536/1536 1543/1543/1543
f 1537/1537/1537 1543/1543/1543 1536/1536/1536
f 1537/1537/1537 1538/1538/1538 1543/1543/1543
f 1544/1544/1544 1543/1543/1543 1538/1538/1538
f 1544/1544/1544 1538/1538/1538 1545/1545/1545
f 1539/1539/1539 1545/1545/1545 1538/1538/1538
f 1546/1546/1546 1540/1540/1540 1547/1547/1547
f 1541/1541/1541 1547/1547/1547 1540/1540/1540
f 1541/1541/1541 1542/1542/1542 1547/1547/1547
f 1548/1548/1548 1547/1547/1547 1542/1542/1542
f 1548/1548/1548 1542/1542/1542 1549/1549/1549
f 1543/1543/1543 1549/1549/1549 1542/1542/1542
f 1543/1543/1543 1544/1544/1544 1549/1549/1549
f 1550/1550/1550 1549/1549/1549 1544/1544/1544
f 1550/1550/1550 1544/1544/1544 1551/1551/1551
f 1545/1545/1545 1551/1551/1551 1544/1544/1544
f 1547/1547/1547 1552/1552/1552 1546/1546/1546
f 1547/1547/1547 1548/1548/1548 1552/1552/1552
f 1549/1549/1549 1553/1553/1553 1548/1548/1548
f 1549/1549/1549 1550/1550/1550 1553/1553/1553
f 1551/1551/1551 1554/1554/1554 1550/1550/1550
f 548/548/548 549/549/549 1555/1555/1555
f 1556/1556/1556 1555/1555/1555 549/549/549
f 549/549/549 550/550/550 1556/1556/1556
f 1557/1557/1557 1556/1556/1556 550/550/550
f 550/550/550 551/551/551 1557/1557/1557
f 1558/1558/1558 1557/1557/1557 551/551/551
f 551/551/551 552/552/552 1558/1558/1558
f 1559/1559/1559 1558/1558/1558 552/552/552
f 552/552/552 553/553/553 1559/1559/1559
f 1560/1560/1560 1559/1559/1559 553/553/553
f 553/553/553 554/554/554 1560/1560/1560
f 1561/1561/1561 1560/1560/1560 554/554/554
f 1562/1562/1562 1555/1555/1555 1563/1563/1563
f 1556/1556/1556 1563/1563/1563 1555/1555/1555
f 1556/1556/1556 1557/1557/1557 1563/1563/1563
f 1564/1564/1564 1563/1563/1563 1557/1557/1557
f 1564/1564/1564 1557/1557/1557 1565/1565/1565
f 1558/1558/1558 1565/1565/1565 1557/1557/1557
f 1558/1558/1558 1559/1559/1559 1565/1565/1565
f 1566/1566/1566 1565/1565/1565 1559/1559/1559
f 1566/1566/1566 1559/1559/1559 1567/1567/1567
f 1560/1560/1560 1567/1567/1567 1559/1559/1559
f 1560/1560/1560 1561/1561/1561 1567/1567/1567
f 1568/1568/1568 1567/1567/1567 1561/1561/1561
f 1569/1569/1569 1562/1562/1562 1570/1570/1570
f 1563/1563/1563 1570/1570/1570 1562/1562/1562
f 1563/1563/1563 1564/1564/1564 1570/1570/1570
f 1571/1571/1571 1570/1570/1570 1564/1564/1564
f 1571/1571/1571 1564/1564/1564 1572/1572/1572
f 1565/1565/1565 1572/1572/1572 1564/1564/1564
f 1565/1565/1565 1566/1566/1566 1572/1572/1572
f 1573/1573/1573 1572/1572/1572 1566/1566/1566
f 1573/1573/1573 1566/1566/1566 1574/1574/1574
f 1567/1567/1567 1574/1574/1574 1566/1566/1566
f 1567/1567/1567 1568/1568/1568 1574/1574/1574
f 1575/1575/1575 1574/1574/1574 1568/1568/1568
f 1576/1576/1576 1569/1569/1569 1577/1577/1577
f 1570/1570/1570 1577/1577/1577 1569/1569/1569
f 1570/1570/1570 1571/1571/1571 1577/1577/1577
f 1578/1578/1578 1577/1577/1577 1571/1571/1571
f 1578/1578/1578 1571/1571/1571 1579/1579/1579
f 1572/1572/1572 1579/1579/1579 1571/1571/1571
f 1572/1572/1572 1573/1573/1573 1579/1579/1579
f 1580/1580/1580 1579/1579/1579 1573/1573/1573
f 1580/1580/1580 1573/1573/1573 1581/1581/1581
f 1574/1574/1574 1581/1581/1581 1573/1573/1573
f 1574/1574/1574 1575/1575/1575 1581/1581/1581
f 1582/1582/1582 1581/1581/1581 1575/1575/1575
f 1583/1583/1583 1576/1576/1576 1584/1584/1584
f 1577/1577/1577 1584/1584/1584 1576/1576/1576
f 1577/1577/1577 1578/1578/1578 1584/1584/1584
f 1585/1585/1585 1584/1584/1584 1578/1578/1578
f 1585/1585/1585 1578/1578/1578 1586/1586/1586
f 1579/1579/1579 1586/1586/1586 1578/1578/1578
f 1579/1579/1579 1580/1580/1580 1586/1586/1586
f 1587/1587/1587 1586/1586/1586 1580/1580/1580
f 1587/1587/1587 1580/1580/1580 1588/1588/1588
f 1581/1581/1581 1588/1588/1588 1580/1580/1580
f 1581/1581/1581 1582/1582/1582 1588/1588/1588
f 1589/1589/1589 1588/1588/1588 1582/1582/1582
f 1590/1590/1590 1583/1583/1583 1591/1591/1591
f 1584/1584/1584 1591/1591/1591 1583/1583/1583
f 1584/1584/1584 1585/1585/1585 1591/1591/1591
f 1592/1592/1592 1591/1591/1591 1585/1585/1585
f 1592/1592/1592 1585/1585/1585 1593/1593/1593
f 1586/1586/1586 1593/1593/1593 1585/1585/1585
f 1586/1586/1586 1587/1587/1587 1593/1593/1593
f 1594/1594/1594 1593/1593/1593 1587/1587/1587
f 1594/1594/1594 1587/1587/1587 1595/1595/1595
f 1588/1588/1588 1595/1595/1595 1587/1587/1587
f 1588/1588/1588 1589/1589/1589 1595/1595/1595
f 1596/1596/1596 1595/1595/1595 1589/1589/1589
f 1597/1597/1597 1590/1590/1590 1598/1598/1598
f 1591/1591/1591 1598/1598/1598 1590/1590/1590
f 1591/1591/1591 1592/1592/1592 1598/1598/1598
f 1599/1599/1599 1598/1598/1598 1592/1592/1592
f 1599/1599/1599 1592/1592/1592 1600/1600/1600
f 1593/1593/1593 1600/1600/1600 1592/1592/1592
f 1593/1593/1593 1594/1594/1594 1600/1600/1600
f 1601/1601/1601 1600/1600/1600 1594/1594/1594
f 1601/1601/1601 1594/1594/1594 1602/1602/1602
f 1595/1595/1595 1602/1602/1602 1594/1594/1594
f 1595/1595/1595 1596/1596/1596 1602/1602/1602
f 1603/1603/1603 1602/1602/1602 1596/1596/1596
f 1598/1598/1598 1604/1604/1604 1597/1597/1597
f 1598/1598/1598 1599/1599/1599 1604/1604/1604
f 1600/1600/1600 1605/1605/1605 1599/1599/1599
f 1600/1600/1600 1601/1601/1601 1605/1605/1605
f 1602/1602/1602 1606/1606/1606 1601/1601/1601
f 1602/1602/1602 1603/1603/1603 1606/1606/1606
f 677/677/677 678/678/678 1607/1607/1607
f 1608/1608/1608 1607/1607/1607 678/678/678
f 678/678/678 679/679/679 1608/1608/1608
f 1609/1609/1609 1608/1608/1608 679/679/679
f 679/679/679 680/680/680 1609/1609/1609
f 1610/1610/1610 1609/1609/1609 680/680/680
f 680/680/680 681/681/681 1610/1610/1610
f 1611/1611/1611 1610/1610/1610 681/681/681
f 681/681/681 682/682/682 1611/1611/1611
f 1612/1612/1612 1611/1611/1611 682/682/682
f 682/682/682 683/683/683 1612/1612/1612
f 1613/1613/1613 1612/1612/1612 683/683/683
f 1614/1614/1614 1607/1607/1607 1615/1615/1615
f 1608/1608/1608 1615/1615/1615 1607/1607/1607
f 1608/1608/1608 1609/1609/1609 1615/1615/1615
f 1616/1616/1616 1615/1615/1615 1609/1609/1609
f 1616/1616/1616 1609/1609/1609 1617/1617/1617
f 1610/1610/1610 1617/1617/1617 1609/1609/1609
f 1610/1610/1610 1611/1611/1611 1617/1617/1617
f 1618/1618/1618 1617/1617/1617 1611/1611/1611
f 1618/1618/1618 1611/1611/1611 1619/1619/1619
f 1612/1612/1612 1619/1619/1619 1611/1611/1611
f 1612/1612/1612 1613/1613/1613 1619/1619/1619
f 1620/1620/1620 1619/1619/1619 1613/1613/1613
f 1621/1621/1621 1614/1614/1614 1622/1622/1622
f 1615/1615/1615 1622/1622/1622 1614/1614/1614
f 1615/1615/1615 1616/1616/1616 1622/1622/1622
f 1623/1623/1623 1622/1622/1622 1616/1616/1616
f 1623/1623/1623 1616/1616/1616 1624/1624/1624
f 1617/1617/1617 1624/1624/1624 1616/1616/1616
f 1617/1617/1617 1618/1618/1618 1624/1624/1624
f 1625/1625/1625 1624/1624/1624 1618/1618/1618
f 1625/1625/1625 1618/1618/1618 1626/1626/1626
f 1619/1619/1619 1626/1626/1626 1618/1618/1618
f 1619/1619/1619 1620/1620/1620 1626/1626/1626
f 1627/1627/1627 1626/1626/1626 1620/1620/1620
f 1628/1628/1628 1621/1621/1621 1629/1629/1629
f 1622/1622/1622 1629/1629/1629 1621/1621/1621
f 1622/1622/1622 1623/1623/1623 1629/1629/1629
f 1630/1630/1630 1629/1629/1629 1623/1623/1623
f 1630/1630/1630 1623/1623/1623 1631/1631/1631
f 1624/1624/1624 1631/1631/1631 1623/1623/1623
f 1624/1624/1624 1625/1625/1625 1631/1631/1631
f 1632/1632/1632 1631/1631/1631 1625/1625/1625
f 1632/1632/1632 1625/1625/1625 1633/1633/1633
f 1626/1626/1626 1633/1633/1633 1625/1625/1625
f 1626/1626/1626 1627/1627/1627 1633/1633/1633
f 1634/1634/1634 1633/1633/1633 1627/1627/1627
f 1635/1635/1635 1628/1628/1628 1636/1636/1636
f 1629/1629/1629 1636/1636/1636 1628/1628/1628
f 1629/1629/1629 1630/1630/1630 1636/1636/1636
f 1637/1637/1637 1636/1636/1636 1630/1630/1630
f 1637/1637/1637 1630/1630/1630 1638/1638/1638
f 1631/1631/1631 1638/1638/1638 1630/1630/1630
f 1631/1631/1631 1632/1632/1632 1638/1638/1638
f 1639/1639/1639 1638/1638/1638 1632/1632/1632
f 1639/1639/1639 1632/1632/1632 1640/1640/1640
f 1633/1633/1633 1640/1640/1640 1632/1632/1632
f 1633/1633/1633 1634/1634/1634 1640/1640/1640
f 1641/1641/1641 1640/1640/1640 1634/1634/1634
f 1642/1642/1642 1635/1635/1635 1643/1643/1643
f 1636/1636/1636 1643/1643/1643 1635/1635/1635
f 1636/1636/1636 1637/1637/1637 1643/1643/1643
f 1644/1644/1644 1643/1643/1643 1637/1637/1637
f 1644/1644/1644 1637/1637/1637 1645/1645/1645
f 1638/1638/1638 1645/1645/1645 1637/1637/1637
f 1638/1638/1638 1639/1639/1639 1645/1645/1645
f 1646/1646/1646 1645/1645/1645 1639/1639/1639
f 1646/1646/1646 1639/1639/1639 1647/1647/1647
f 1640/1640/1640 1647/1647/1647 1639/1639/1639
f 1640/1640/1640 1641/1641/1641 1647/1647/1647
f 1648/1648/1648 1647/1647/1647 1641/1641/1641
f 1649/1649/1649 1642/1642/1642 1650/1650/1650
f 1643/1643/1643 1650/1650/1650 1642/1642/1642
f 1643/1643/1643 1644/1644/1644 1650/1650/1650
f 1651/1651/1651 1650/1650/1650 1644/1644/1644
f 1651/1651/1651 1644/1644/1644 1652/1652/1652
f 1645/1645/1645 1652/1652/1652 1644/1644/1644
f 1645/1645/1645 1646/1646/1646 1652/1652/1652
f 1653/1653/1653 1652/1652/1652 1646/1646/1646
f 1653/1653/1653 1646/1646/1646 1654/1654/1654
f 1647/1647/1647 1654/1654/1654 1646/1646/1646
f 1647/1647/1647 1648/1648/1648 1654/1654/1654
f 1655/1655/1655 1654/1654/1654 1648/1648/1648
f 1650/1650/1650 1656/1656/1656 1649/1649/1649
f 1650/1650/1650 1651/1651/1651 1656/1656/1656
f 1652/1652/1652 1657/1657/1657 1651/1651/1651
f 1652/1652/1652 1653/1653/1653 1657/1657/1657
f 1654/1654/1654 1658/1658/1658 1653/1653/1653
f 1654/1654/1654 1655/1655/1655 1658/1658/1658
f 771/771/771 772/772/772 1659/1659/1659
f 1660/1660/1660 1659/1659/1659 772/772/772
f 772/772/772 773/773/773 1660/1660/1660
f 1661/1661/1661 1660/1660/1660 773/773/773
f 773/773/773 774/774/774 1661/1661/1661
f 1662/1662/1662 1661/1661/1661 774/774/774
f 774/774/774 775/775/775 1662/1662/1662
f 1663/1663/1663 1662/1662/1662 775/775/775
f 1664/1664/1664 1659/1659/1659 1665/1665/1665
f 1660/1660/1660 1665/1665/1665 1659/1659/1659
f 1660/1660/1660 1661/1661/1661 1665/1665/1665
f 1666/1666/1666 1665/1665/1665 1661/1661/1661
f 1666/1666/1666 1661/1661/1661 1667/1667/1667
f 1662/1662/1662 1667/1667/1667 1661/1661/1661
f 1662/1662/1662 1663/1663/1663 1667/1667/1667
f 1668/1668/1668 1667/1667/1667 1663/1663/1663
f 1669/1669/1669 1664/1664/1664 1670/1670/1670
f 1665/1665/1665 1670/1670/1670 1664/1664/1664
f 1665/1665/1665 1666/1666/1666 1670/1670/1670
f 1671/1671/1671 1670/1670/1670 1666/1666/1666
f 1671/1671/1671 1666/1666/1666 1672/1672/1672
f 1667/1667/1667 1672/1672/1672 1666/1666/1666
f 1667/1667/1667 1668/1668/1668 1672/1672/1672
f 1673/1673/1673 1672/1672/1672 1668/1668/1668
f 1670/1670/1670 1674/1674/1674 1669/1669/1669
f 1670/1670/1670 1671/1671/1671 1674/1674/1674
f 1672/1672/1672 1675/1675/1675 1671/1671/1671
f 1672/1672/1672 1673/1673/1673 1675/1675/1675
f 823/823/823 824/824/824 1676/1676/1676
f 1677/1677/1677 1676/1676/1676 824/824/824
f 824/824/824 825/825/825 1677/1677/1677
f 1678/1678/1678 1677/1677/1677 825/825/825
f 825/825/825 826/826/826 1678/1678/1678
f 1679/1679/1679 1678/1678/1678 826/826/826
f 826/826/826 827/827/827 1679/1679/1679
f 1680/1680/1680 1679/1679/1679 827/827/827
f 1681/1681/1681 1676/1676/1676 1682/1682/1682
f 1677/1677/1677 1682/1682/1682 1676/1676/1676
f 1677/1677/1677 1678/1678/1678 1682/1682/1682
f 1683/1683/1683 1682/1682/1682 1678/1678/1678
f 1683/1683/1683 1678/1678/1678 1684/1684/1684
f 1679/1679/1679 1684/1684/1684 1678/1678/1678
f 1679/1679/1679 1680/1680/1680 1684/1684/1684
f 1685/1685/1685 1684/1684/1684 1680/1680/1680
f 1686/1686/1686 1681/1681/1681 1687/1687/1687
f 1682/1682/1682 1687/1687/1687 1681/1681/1681
f 1682/1682/1682 1683/1683/1683 1687/1687/1687
f 1688/1688/1688 1687/1687/1687 1683/1683/1683
f 1688/1688/1688 1683/1683/1683 1689/1689/1689
f 1684/1684/1684 1689/1689/1689 1683/1683/1683
f 1684/1684/1684 1685/1685/1685 1689/1689/1689
f 1690/1690/1690 1689/1689/1689 1685/1685/1685
f 1691/1691/1691 1686/1686/1686 1692/1692/1692
f 1687/1687/1687 1692/1692/1692 1686/1686/1686
f 1687/1687/1687 1688/1688/1688 1692/1692/1692
f 1693/1693/1693 1692/1692/1692 1688/1688/1688
f 1693/1693/1693 1688/1688/1688 1694/1694/1694
f 1689/1689/1689 1694/1694/1694 1688/1688/1688
f 1689/1689/1689 1690/1690/1690 1694/1694/1694
f 1695/1695/1695 1694/1694/1694 1690/1690/1690
f 1692/1692/1692 1696/1696/1696 1691/1691/1691
f 1692/1692/1692 1693/1693/1693 1696/1696/1696
f 1694/1694/1694 1697/1697/1697 1693/1693/1693
f 1694/1694/1694 1695/1695/1695 1697/1697/1697
f 874/874/874 875/875/875 1698/1698/1698
f 1699/1699/1699 1698/1698/1698 875/875/875
f 875/875/875 876/876/876 1699/1699/1699
f 1700/1700/1700 1699/1699/1699 876/876/876
f 876/876/876 877/877/877 1700/1700/1700
f 1701/1701/1701 1700/1700/1700 877/877/877
f 1702/1702/1702 1698/1698/1698 1703/1703/1703
f 1699/1699/1699 1703/1703/1703 1698/1698/1698
f 1699/1699/1699 1700/1700/1700 1703/1703/1703
f 1704/1704/1704 1703/1703/1703 1700/1700/1700
f 1704/1704/1704 1700/1700/1700 1705/1705/1705
f 1701/1701/1701 1705/1705/1705 1700/1700/1700
f 1706/1706/1706 1702/1702/1702 1707/1707/1707
f 1703/1703/1703 1707/1707/1707 1702/1702/1702
f 1703/1703/1703 1704/1704/1704 1707/1707/1707
f 1708/1708/1708 1707/1707/1707 1704/1704/1704
f 1708/1708/1708 1704/1704/1704 1709/1709/1709
f 1705/1705/1705 1709/1709/1709 1704/1704/1704
f 1707/1707/1707 1710/1710/1710 1706/1706/1706
f 1707/1707/1707 1708/1708/1708 1710/1710/1710
f 1709/1709/1709 1711/1711/1711 1708/1708/1708
f 916/916/916 917/917/917 1712/1712/1712
f 1713/1713/1713 1712/1712/1712 917/917/917
f 917/917/917 918/918/918 1713/1713/1713
f 1714/1714/1714 1713/1713/1713 918/918/918
f 918/918/918 919/919/919 1714/1714/1714
f 1715/1715/1715 1714/1714/1714 919/919/919
f 1716/1716/1716 1712/1712/1712 1717/1717/1717
f 1713/1713/1713 1717/1717/1717 1712/1712/1712
f 1713/1713/1713 1714/1714/1714 1717/1717/1717
f 1718/1718/1718 1717/1717/1717 1714/1714/1714
f 1718/1718/1718 1714/1714/1714 1719/1719/1719
f 1715/1715/1715 1719/1719/1719 1714/1714/1714
f 1720/1720/1720 1716/1716/1716 1721/1721/1721
f 1717/1717/1717 1721/1721/1721 1716/1716/1716
f 1717/1717/1717 1718/1718/1718 1721/1721/1721
f 1722/1722/1722 1721/1721/1721 1718/1718/1718
f 1722/1722/1722 1718/1718/1718 1723/1723/1723
f 1719/1719/1719 1723/1723/1723 1718/1718/1718
f 1721/1721/1721 1724/1724/1724 1720/1720/1720
f 1721/1721/1721 1722/1722/1722 1724/1724/1724
f 1723/1723/1723 1725/1725/1725 1722/1722/1722
f 958/958/958 959/959/959 1726/1726/1726
f 1727/1727/1727 1726/1726/1726 959/959/959
f 959/959/959 960/960/960 1727/1727/1727
f 1728/1728/1728 1727/1727/1727 960/960/960
f 960/960/960 961/961/961 1728/1728/1728
f 1729/1729/1729 1728/1728/1728 961/961/961
f 1730/1730/1730 1726/1726/1726 1731/1731/1731
f 1727/1727/1727 1731/1731/1731 1726/1726/1726
f 1727/1727/1727 1728/1728/1728 1731/1731/1731
f 1732/1732/1732 1731/1731/1731 1728/1728/1728
f 1732/1732/1732 1728/1728/1728 1733/1733/1733
f 1729/1729/1729 1733/1733/1733 1728/1728/1728
f 1734/1734/1734 1730/1730/1730 1735/1735/1735
f 1731/1731/1731 1735/1735/1735 1730/1730/1730
f 1731/1731/1731 1732/1732/1732 1735/1735/1735
f 1736/1736/1736 1735/1735/1735 1732/1732/1732
f 1736/1736/1736 1732/1732/1732 1737/1737/1737
f 1733/1733/1733 1737/1737/1737 1732/1732/1732
f 1735/1735/1735 1738/1738/1738 1734/1734/1734
f 1735/1735/1735 1736/1736/1736 1738/1738/1738
f 1737/1737/1737 1739/1739/1739 1736/1736/1736
f 1004/1004/1004 1005/1005/1005 1740/1740/1740
f 1741/1741/1741 1740/1740/1740 1005/1005/1005
f 1005/1005/1005 1006/1006/1006 1741/1741/1741
f 1742/1742/1742 1741/1741/1741 1006/1006/1006
f 1006/1006/1006 1007/1007/1007 1742/1742/1742
f 1743/1743/1743 1742/1742/1742 1007/1007/1007
f 1744/1744/1744 1740/1740/1740 1745/1745/1745
f 1741/1741/1741 1745/1745/1745 1740/1740/1740
f 1741/1741/1741 1742/1742/1742 1745/1745/1745
f 1746/1746/1746 1745/1745/1745 1742/1742/1742
f 1746/1746/1746 1742/1742/1742 1747/1747/1747
f 1743/1743/1743 1747/1747/1747 1742/1742/1742
f 1745/1745/1745 1748/1748/1748 1744/1744/1744
f 1745/1745/1745 1746/1746/1746 1748/1748/1748
f 1747/1747/1747 1749/1749/1749 1746/1746/1746
f 1034/1034/1034 1035/1035/1035 1750/1750/1750
f 1751/1751/1751 1750/1750/1750 1035/1035/1035
f 1035/1035/1035 1036/1036/1036 1751/1751/1751
f 1752/1752/1752 1751/1751/1751 1036/1036/1036
f 1036/1036/1036 1037/1037/1037 1752/1752/1752
f 1753/1753/1753 1752/1752/1752 1037/1037/1037
f 1754/1754/1754 1750/1750/1750 1755/1755/1755
f 1751/1751/1751 1755/1755/1755 1750/1750/1750
f 1751/1751/1751 1752/1752/1752 1755/1755/1755
f 1756/1756/1756 1755/1755/1755 1752/1752/1752
f 1756/1756/1756 1752/1752/1752 1757/1757/1757
f 1753/1753/1753 1757/1757/1757 1752/1752/1752
f 1755/1755/1755 1758/1758/1758 1754/1754/1754
f 1755/1755/1755 1756/1756/1756 1758/1758/1758
f 1757/1757/1757 1759/1759/1759 1756/1756/1756
f 1064/1064/1064 1065/1065/1065 1760/1760/1760
f 1761/1761/1761 1760/1760/1760 1065/1065/1065
f 1065/1065/1065 1066/1066/1066 1761/1761/1761
f 1762/1762/1762 1761/1761/1761 1066/1066/1066
f 1066/1066/1066 1067/1067/1067 1762/1762/1762
f 1763/1763/1763 1762/1762/1762 1067/1067/1067
f 1761/1761/1761 1764/1764/1764 1760/1760/1760
f 1761/1761/1761 1762/1762/1762 1764/1764/1764
f 1763/1763/1763 1765/1765/1765 1762/1762/1762
f 1086/1086/1086 1087/1087/1087 1766/1766/1766
f 1767/1767/1767 1766/1766/1766 1087/1087/1087
f 1087/1087/1087 1088/1088/1088 1767/1767/1767
f 1768/1768/1768 1767/1767/1767 1088/1088/1088
f 1088/1088/1088 1089/1089/1089 1768/1768/1768
f 1769/1769/1769 1768/1768/1768 1089/1089/1089
f 1770/1770/1770 1766/1766/1766 1771/1771/1771
f 1767/1767/1767 1771/1771/1771 1766/1766/1766
f 1767/1767/1767 1768/1768/1768 1771/1771/1771
f 1772/1772/1772 1771/1771/1771 1768/1768/1768
f 1772/1772/1772 1768/1768/1768 1773/1773/1773
f 1769/1769/1769 1773/1773/1773 1768/1768/1768
f 1771/1771/1771 1774/1774/1774 1770/1770/1770
f 1771/1771/1771 1772/1772/1772 1774/1774/1774
f 1773/1773/1773 1775/1775/1775 1772/1772/1772
f 1116/1116/1116 1117/1117/1117 1776/1776/1776
f 1777/1777/1777 1776/1776/1776 1117/1117/1117
f 1117/1117/1117 1118/1118/1118 1777/1777/1777
f 1778/1778/1778 1777/1777/1777 1118/1118/1118
f 1118/1118/1118 1119/1119/1119 1778/1778/1778
f 1779/1779/1779 1778/1778/1778 1119/1119/1119
f 1777/1777/1777 1780/1780/1780 1776/1776/1776
f 1777/1777/1777 1778/1778/1778 1780/1780/1780
f 1779/1779/1779 1781/1781/1781 1778/1778/1778
f 1142/1142/1142 1143/1143/1143 1782/1782/1782
f 1783/1783/1783 1782/1782/1782 1143/1143/1143
f 1143/1143/1143 1144/1144/1144 1783/1783/1783
f 1784/1784/1784 1783/1783/1783 1144/1144/1144
f 1144/1144/1144 1145/1145/1145 1784/1784/1784
f 1785/1785/1785 1784/1784/1784 1145/1145/1145
f 1786/1786/1786 1782/1782/1782 1787/1787/1787
f 1783/1783/1783 1787/1787/1787 1782/1782/1782
f 1783/1783/1783 1784/1784/1784 1787/1787/1787
f 1788/1788/1788 1787/1787/1787 1784/1784/1784
f 1788/1788/1788 1784/1784/1784 1789/1789/1789
f 1785/1785/1785 1789/1789/1789 1784/1784/1784
f 1787/1787/1787 1790/1790/1790 1786/1786/1786
f 1787/1787/1787 1788/1788/1788 1790/1790/1790
f 1789/1789/1789 1791/1791/1791 1788/1788/1788
f 1168/1168/1168 1169/1169/1169 1792/1792/1792
f 1793/1793/1793 1792/1792/1792 1169/1169/1169
f 1169/1169/1169 1170/1170/1170 1793/1793/1793
f 1794/1794/1794 1793/1793/1793 1170/1170/1170
f 1170/1170/1170 1171/1171/1171 1794/1794/1794
f 1795/1795/1795 1794/1794/1794 1171/1171/1171
f 1793/1793/1793 1796/1796/1796 1792/1792/1792
f 1793/1793/1793 1794/1794/1794 1796/1796/1796
f 1795/1795/1795 1797/1797/1797 1794/1794/1794
f 1194/1194/1194 1195/1195/1195 1798/1798/1798
f 1799/1799/1799 1798/1798/1798 1195/1195/1195
f 1195/1195/1195 1196/1196/1196 1799/1799/1799
f 1800/1800/1800 1799/1799/1799 1196/1196/1196
f 1196/1196/1196 1197/1197/1197 1800/1800/1800
f 1801/1801/1801 1800/1800/1800 1197/1197/1197
f 1799/1799/1799 1802/1802/1802 1798/1798/1798
f 1799/1799/1799 1800/1800/1800 1802/1802/1802
f 1801/1801/1801 1803/1803/1803 1800/1800/1800
f 1805/1805/1805 1804/1804/1804 1806/1806/1806
f 1807/1807/1807 1806/1806/1806 1804/1804/1804
f 1807/1807/1807 1808/1808/1808 1806/1806/1806
f 1809/1809/1809 1806/1806/1806 1808/1808/1808
f 1809/1809/1809 1808/1808/1808 1810/1810/1810
f 1811/1811/1811 1810/1810/1810 1808/1808/1808
f 1812/1812/1812 1805/1805/1805 1813/1813/1813
f 1806/1806/1806 1813/1813/1813 1805/1805/1805
f 1806/1806/1806 1809/1809/1809 1813/1813/1813
f 1814/1814/1814 1813/1813/1813 1809/1809/1809
f 1814/1814/1814 1809/1809/1809 1815/1815/1815
f 1810/1810/1810 1815/1815/1815 1809/1809/1809
f 1816/1816/1816 1812/1812/1812 1817/1817/1817
f 1813/1813/1813 1817/1817/1817 1812/1812/1812
f 1813/1813/1813 1814/1814/1814 1817/1817/1817
f 1818/1818/1818 1817/1817/1817 1814/1814/1814
f 1818/1818/1818 1814/1814/1814 1819/1819/1819
f 1815/1815/1815 1819/1819/1819 1814/1814/1814
f 1817/1817/1817 1820/1820/1820 1816/1816/1816
f 1817/1817/1817 1818/1818/1818 1820/1820/1820
f 1819/1819/1819 1821/1821/1821 1818/1818/1818
f 1823/1823/1823 1822/1822/1822 1824/1824/1824
f 1825/1825/1825 1824/1824/1824 1822/1822/1822
f 1825/1825/1825 1826/1826/1826 1824/1824/1824
f 1827/1827/1827 1824/1824/1824 1826/1826/1826
f 1827/1827/1827 1826/1826/1826 1828/1828/1828
f 1829/1829/1829 1828/1828/1828 1826/1826/1826
f 1829/1829/1829 1830/1830/1830 1828/1828/1828
f 1831/1831/1831 1828/1828/1828 1830/1830/1830
f 1832/1832/1832 1823/1823/1823 1833/1833/1833
f 1824/1824/1824 1833/1833/1833 1823/1823/1823
f 1824/1824/1824 1827/1827/1827 1833/1833/1833
f 1834/1834/1834 1833/1833/1833 1827/1827/1827
f 1834/1834/1834 1827/1827/1827 1835/1835/1835
f 1828/1828/1828 1835/1835/1835 1827/1827/1827
f 1828/1828/1828 1831/1831/1831 1835/1835/1835
f 1836/1836/1836 1835/1835/1835 1831/1831/1831
f 1837/1837/1837 1832/1832/1832 1838/1838/1838
f 1833/1833/1833 1838/1838/1838 1832/1832/1832
f 1833/1833/1833 1834/1834/1834 1838/1838/1838
f 1839/1839/1839 1838/1838/1838 1834/1834/1834
f 1839/1839/1839 1834/1834/1834 1840/1840/1840
f 1835/1835/1835 1840/1840/1840 1834/1834/1834
f 1835/1835/1835 1836/1836/1836 1840/1840/1840
f 1841/1841/1841 1840/1840/1840 1836/1836/1836
f 1842/1842/1842 1837/1837/1837 1843/1843/1843
f 1838/1838/1838 1843/1843/1843 1837/1837/1837
f 1838/1838/1838 1839/1839/1839 1843/1843/1843
f 1844/1844/1844 1843/1843/1843 1839/1839/1839
f 1844/1844/1844 1839/1839/1839 1845/1845/1845
f 1840/1840/1840 1845/1845/1845 1839/1839/1839
f 1840/1840/1840 1841/1841/1841 1845/1845/1845
f 1846/1846/1846 1845/1845/1845 1841/1841/1841
f 1843/1843/1843 1847/1847/1847 1842/1842/1842
f 1843/1843/1843 1844/1844/1844 1847/1847/1847
f 1845/1845/1845 1848/1848/1848 1844/1844/1844
f 1845/1845/1845 1846/1846/1846 1848/1848/1848
f 1850/1850/1850 1849/1849/1849 1851/1851/1851
f 1852/1852/1852 1851/1851/1851 1849/1849/1849
f 1852/1852/1852 1853/1853/1853 1851/1851/1851
f 1854/1854/1854 1851/1851/1851 1853/1853/1853
f 1854/1854/1854 1853/1853/1853 1855/1855/1855
f 1856/1856/1856 1855/1855/1855 1853/1853/1853
f 1857/1857/1857 1850/1850/1850 1858/1858/1858
f 1851/1851/1851 1858/1858/1858 1850/1850/1850
f 1851/1851/1851 1854/1854/1854 1858/1858/1858
f 1859/1859/1859 1858/1858/1858 1854/1854/1854
f 1859/1859/1859 1854/1854/1854 1860/1860/1860
f 1855/1855/1855 1860/1860/1860 1854/1854/1854
f 1861/1861/1861 1857/1857/1857 1862/1862/1862
f 1858/1858/1858 1862/1862/1862 1857/1857/1857
f 1858/1858/1858 1859/1859/1859 1862/1862/1862
f 1863/1863/1863 1862/1862/1862 1859/1859/1859
f 1863/1863/1863 1859/1859/1859 1864/1864/1864
f 1860/1860/1860 1864/1864/1864 1859/1859/1859
f 1862/1862/1862 1865/1865/1865 1861/1861/1861
f 1862/1862/1862 1863/1863/1863 1865/1865/1865
f 1864/1864/1864 1866/1866/1866 1863/1863/1863
f 1868/1868/1868 1867/1867/1867 1869/1869/1869
f 1870/1870/1870 1869/1869/1869 1867/1867/1867
f 1870/1870/1870 1871/1871/1871 1869/1869/1869
f 1872/1872/1872 1869/1869/1869 1871/1871/1871
f 1872/1872/1872 1871/1871/1871 1873/1873/1873
f 1874/1874/1874 1873/1873/1873 1871/1871/1871
f 1874/1874/1874 1875/1875/1875 1873/1873/1873
f 1876/1876/1876 1873/1873/1873 1875/1875/1875
f 1877/1877/1877 1868/1868/1868 1878/1878/1878
f 1869/1869/1869 1878/1878/1878 1868/1868/1868
f 1869/1869/1869 1872/1872/1872 1878/1878/1878
f 1879/1879/1879 1878/1878/1878 1872/1872/1872
f 1879/1879/1879 1872/1872/1872 1880/1880/1880
f 1873/1873/1873 1880/1880/1880 1872/1872/1872
f 1873/1873/1873 1876/1876/1876 1880/1880/1880
f 1881/1881/1881 1880/1880/1880 1876/1876/1876
f 1882/1882/1882 1877/1877/1877 1883/1883/1883
f 1878/1878/1878 1883/1883/1883 1877/1877/1877
f 1878/1878/1878 1879/1879/1879 1883/1883/1883
f 1884/1884/1884 1883/1883/1883 1879/1879/1879
f 1884/1884/1884 1879/1879/1879 1885/1885/1885
f 1880/1880/1880 1885/1885/1885 1879/1879/1879
f 1880/1880/1880 1881/1881/1881 1885/1885/1885
f 1886/1886/1886 1885/1885/1885 1881/1881/1881
f 1887/1887/1887 1882/1882/1882 1888/1888/1888
f 1883/1883/1883 1888/1888/1888 1882/1882/1882
f 1883/1883/1883 1884/1884/1884 1888/1888/1888
f 1889/1889/1889 1888/1888/1888 1884/1884/1884
f 1889/1889/1889 1884/1884/1884 1890/1890/1890
f 1885/1885/1885 1890/1890/1890 1884/1884/1884
f 1885/1885/1885 1886/1886/1886 1890/1890/1890
f 1891/1891/1891 1890/1890/1890 1886/1886/1886
f 1888/1888/1888 1892/1892/1892 1887/1887/1887
f 1888/1888/1888 1889/1889/1889 1892/1892/1892
f 1890/1890/1890 1893/1893/1893 1889/1889/1889
f 1890/1890/1890 1891/1891/1891 1893/1893/1893
f 1895/1895/1895 1894/1894/1894 1896/1896/1896
f 1897/1897/1897 1896/1896/1896 1894/1894/1894
f 1897/1897/1897 1898/1898/1898 1896/1896/1896
f 1899/1899/1899 1896/1896/1896 1898/1898/1898
f 1899/1899/1899 1898/1898/1898 1900/1900/1900
f 1901/1901/1901 1900/1900/1900 1898/1898/1898
f 1901/1901/1901 1902/1902/1902 1900/1900/1900
f 1903/1903/1903 1900/1900/1900 1902/1902/1902
f 1903/1903/1903 1902/1902/1902 1904/1904/1904
f 1905/1905/1905 1904/1904/1904 1902/1902/1902
f 1905/1905/1905 1906/1906/1906 1904/1904/1904
f 1907/1907/1907 1904/1904/1904 1906/1906/1906
f 1908/1908/1908 1895/1895/1895 1909/1909/1909
f 1896/1896/1896 1909/1909/1909 1895/1895/1895
f 1896/1896/1896 1899/1899/1899 1909/1909/1909
f 1910/1910/1910 1909/1909/1909 1899/1899/1899
f 1910/1910/1910 1899/1899/1899 1911/1911/1911
f 1900/1900/1900 1911/1911/1911 1899/1899/1899
f 1900/1900/1900 1903/1903/1903 1911/1911/1911
f 1912/1912/1912 1911/1911/1911 1903/1903/1903
f 1912/1912/1912 1903/1903/1903 1913/1913/1913
f 1904/1904/1904 1913/1913/1913 1903/1903/1903
f 1904/1904/1904 1907/1907/1907 1913/1913/1913
f 1914/1914/1914 1913/1913/1913 1907/1907/1907
f 1915/1915/1915 1908/1908/1908 1916/1916/1916
f 1909/1909/1909 1916/1916/1916 1908/1908/1908
f 1909/1909/1909 1910/1910/1910 1916/1916/1916
f 1917/1917/1917 1916/1916/1916 1910/1910/1910
f 1917/1917/1917 1910/1910/1910 1918/1918/1918
f 1911/1911/1911 1918/1918/1918 1910/1910/1910
f 1911/1911/1911 1912/1912/1912 1918/1918/1918
f 1919/1919/1919 1918/1918/1918 1912/1912/1912
f 1919/1919/1919 1912/1912/1912 1920/1920/1920
f 1913/1913/1913 1920/1920/1920 1912/1912/1912
f 1913/1913/1913 1914/1914/1914 1920/1920/1920
f 1921/1921/1921 1920/1920/1920 1914/1914/1914
f 1922/1922/1922 1915/1915/1915 1923/1923/1923
f 1916/1916/1916 1923/1923/1923 1915/1915/1915
f 1916/1916/1916 1917/1917/1917 1923/1923/1923
f 1924/1924/1924 1923/1923/1923 1917/1917/1917
f 1924/1924/1924 1917/1917/1917 1925/1925/1925
f 1918/1918/1918 1925/1925/1925 1917/1917/1917
f 1918/1918/1918 1919/1919/1919 1925/1925/1925
f 1926/1926/1926 1925/1925/1925 1919/1919/1919
f 1926/1926/1926 1919/1919/1919 1927/1927/1927
f 1920/1920/1920 1927/1927/1927 1919/1919/1919
f 1920/1920/1920 1921/1921/1921 1927/1927/1927
f 1928/1928/1928 1927/1927/1927 1921/1921/1921
f 1929/1929/1929 1922/1922/1922 1930/1930/1930
f 1923/1923/1923 1930/1930/1930 1922/1922/1922
f 1923/1923/1923 1924/1924/1924 1930/1930/1930
f 1931/1931/1931 1930/1930/1930 1924/1924/1924
f 1931/1931/1931 1924/1924/1924 1932/1932/1932
f 1925/1925/1925 1932/1932/1932 1924/1924/1924
f 1925/1925/1925 1926/1926/1926 1932/1932/1932
f 1933/1933/1933 1932/1932/1932 1926/1926/1926
f 1933/1933/1933 1926/1926/1926 1934/1934/1934
f 1927/1927/1927 1934/1934/1934 1926/1926/1926
f 1927/1927/1927 1928/1928/1928 1934/1934/1934
f 1935/1935/1935 1934/1934/1934 1928/1928/1928
f 1930/1930/1930 1936/1936/1936 1929/1929/1929
f 1930/1930/1930 1931/1931/1931 1936/1936/1936
f 1932/1932/1932 1937/1937/1937 1931/1931/1931
f 1932/1932/1932 1933/1933/1933 1937/1937/1937
f 1934/1934/1934 1938/1938/1938 1933/1933/1933
f 1934/1934/1934 1935/1935/1935 1938/1938/1938
f 1940/1940/1940 1939/1939/1939 1941/1941/1941
f 1942/1942/1942 1941/1941/1941 1939/1939/1939
f 1942/1942/1942 1943/1943/1943 1941/1941/1941
f 1944/1944/1944 1941/1941/1941 1943/1943/1943
f 1944/1944/1944 1943/1943/1943 1945/1945/1945
f 1946/1946/1946 1945/1945/1945 1943/1943/1943
f 1946/1946/1946 1947/1947/1947 1945/1945/1945
f 1948/1948/1948 1945/1945/1945 1947/1947/1947
f 1948/1948/1948 1947/1947/1947 1949/1949/1949
f 1950/1950/1950 1949/1949/1949 1947/1947/1947
f 1951/1951/1951 1940/1940/1940 1952/1952/1952
f 1941/1941/1941 1952/1952/1952 1940/1940/1940
f 1941/1941/1941 1944/1944/1944 1952/1952/1952
f 1953/1953/1953 1952/1952/1952 1944/1944/1944
f 1953/1953/1953 1944/1944/1944 1954/1954/1954
f 1945/1945/1945 1954/1954/1954 1944/1944/1944
f 1945/1945/1945 1948/1948/1948 1954/1954/1954
f 1955/1955/1955 1954/1954/1954 1948/1948/1948
f 1955/1955/1955 1948/1948/1948 1956/1956/1956
f 1949/1949/1949 1956/1956/1956 1948/1948/1948
f 1957/1957/1957 1951/1951/1951 1958/1958/1958
f 1952/1952/1952 1958/1958/1958 1951/1951/1951
f 1952/1952/1952 1953/1953/1953 1958/1958/1958
f 1959/1959/1959 1958/1958/1958 1953/1953/1953
f 1959/1959/1959 1953/1953/1953 1960/1960/1960
f 1954/1954/1954 1960/1960/1960 1953/1953/1953
f 1954/1954/1954 1955/1955/1955 1960/1960/1960
f 1961/1961/1961 1960/1960/1960 1955/1955/1955
f 1961/1961/1961 1955/1955/1955 1962/1962/1962
f 1956/1956/1956 1962/1962/1962 1955/1955/1955
f 1963/1963/1963 1957/1957/1957 1964/1964/1964
f 1958/1958/1958 1964/1964/1964 1957/1957/1957
f 1958/1958/1958 1959/1959/1959 1964/1964/1964
f 1965/1965/1965 1964/1964/1964 1959/1959/1959
f 1965/1965/1965 1959/1959/1959 1966/1966/1966
f 1960/1960/1960 1966/1966/1966 1959/1959/1959
f 1960/1960/1960 1961/1961/1961 1966/1966/1966
f 1967/1967/1967 1966/1966/1966 1961/1961/1961
f 1967/1967/1967 1961/1961/1961 1968/1968/1968
f 1962/1962/1962 1968/1968/1968 1961/1961/1961
f 1969/1969/1969 1963/1963/1963 1970/1970/1970
f 1964/1964/1964 1970/1970/1970 1963/1963/1963
f 1964/1964/1964 1965/1965/1965 1970/1970/1970
f 1971/1971/1971 1970/1970/1970 1965/1965/1965
f 1971/1971/1971 1965/1965/1965 1972/1972/1972
f 1966/1966/1966 1972/1972/1972 1965/1965/1965
f 1966/1966/1966 1967/1967/1967 1972/1972/1972
f 1973/1973/1973 1972/1972/1972 1967/1967/1967
f 1973/1973/1973 1967/1967/1967 1974/1974/1974
f 1968/1968/1968 1974/1974/1974 1967/1967/1967
f 1970/1970/1970 1975/1975/1975 1969/1969/1969
f 1970/1970/1970 1971/1971/1971 1975/1975/1975
f 1972/1972/1972 1976/1976/1976 1971/1971/1971
f 1972/1972/1972 1973/1973/1973 1976/1976/1976
f 1974/1974/1974 1977/1977/1977 1973/1973/1973
f 1979/1979/1979 1978/1978/1978 1980/1980/1980
f 1981/1981/1981 1980/1980/1980 1978/1978/1978
f 1981/1981/1981 1982/1982/1982 1980/1980/1980
f 1983/1983/1983 1980/1980/1980 1982/1982/1982
f 1983/1983/1983 1982/1982/1982 1984/1984/1984
f 1985/1985/1985 1984/1984/1984 1982/1982/1982
f 1985/1985/1985 1986/1986/1986 1984/1984/1984
f 1987/1987/1987 1984/1984/1984 1986/1986/1986
f 1987/1987/1987 1986/1986/1986 1988/1988/1988
f 1989/1989/1989 1988/1988/1988 1986/1986/1986
f 1990/1990/1990 1979/1979/1979 1991/1991/1991
f 1980/1980/1980 1991/1991/1991 1979/1979/1979
f 1980/1980/1980 1983/1983/1983 1991/1991/1991
f 1992/1992/1992 1991/1991/1991 1983/1983/1983
f 1992/1992/1992 1983/1983/1983 1993/1993/1993
f 1984/1984/1984 1993/1993/1993 1983/1983/1983
f 1984/1984/1984 1987/1987/1987 1993/1993/1993
f 1994/1994/1994 1993/1993/1993 1987/1987/1987
f 1994/1994/1994 1987/1987/1987 1995/1995/1995
f 1988/1988/1988 1995/1995/1995 1987/1987/1987
f 1996/1996/1996 1990/1990/1990 1997/1997/1997
f 1991/1991/1991 1997/1997/1997 1990/1990/1990
f 1991/1991/1991 1992/1992/1992 1997/1997/1997
f 1998/1998/1998 1997/1997/1997 1992/1992/1992
f 1998/1998/1998 1992/1992/1992 1999/1999/1999
f 1993/1993/1993 1999/1999/1999 1992/1992/1992
f 1993/1993/1993 1994/1994/1994 1999/1999/1999
f 2000/2000/2000 1999/1999/1999 1994/1994/1994
f 2000/2000/2000 1994/1994/1994 2001/2001/2001
f 1995/1995/1995 2001/2001/2001 1994/1994/1994
f 2002/2002/2002 1996/1996/1996 2003/2003/2003
f 1997/1997/1997 2003/2003/2003 1996/1996/1996
f 1997/1997/1997 1998/1998/1998 2003/2003/2003
f 2004/2004/2004 2003/2003/2003 1998/1998/1998
f 2004/2004/2004 1998/1998/1998 2005/2005/2005
f 1999/1999/1999 2005/2005/2005 1998/1998/1998
f 1999/1999/1999 2000/2000/2000 2005/2005/2005
f 2006/2006/2006 2005/2005/2005 2000/2000/2000
f 2006/2006/2006 2000/2000/2000 2007/2007/2007
f 2001/2001/2001 2007/2007/2007 2000/2000/2000
f 2003/2003/2003 2008/2008/2008 2002/2002/2002
f 2003/2003/2003 2004/2004/2004 2008/2008/2008
f 2005/2005/2005 2009/2009/2009 2004/2004/2004
f 2005/2005/2005 2006/2006/2006 2009/2009/2009
f 2007/2007/2007 2010/2010/2010 2006/2006/2006
f 2012/2012/2012 2011/2011/2011 2013/2013/2013
f 2014/2014/2014 2013/2013/2013 2011/2011/2011
f 2014/2014/2014 2015/2015/2015 2013/2013/2013
f 2016/2016/2016 2013/2013/2013 2015/2015/2015
f 2016/2016/2016 2015/2015/2015 2017/2017/2017
f 2018/2018/2018 2017/2017/2017 2015/2015/2015
f 2018/2018/2018 2019/2019/2019 2017/2017/2017
f 2020/2020/2020 2017/2017/2017 2019/2019/2019
f 2020/2020/2020 2019/2019/2019 2021/2021/2021
f 2022/2022/2022 2021/2021/2021 2019/2019/2019
f 2022/2022/2022 2023/2023/2023 2021/2021/2021
f 2024/2024/2024 2021/2021/2021 2023/2023/2023
f 2025/2025/2025 2012/2012/2012 2026/2026/2026
f 2013/2013/2013 2026/2026/2026 2012/2012/2012
f 2013/2013/2013 2016/2016/2016 2026/2026/2026
f 2027/2027/2027 2026/2026/2026 2016/2016/2016
f 2027/2027/2027 2016/2016/2016 2028/2028/2028
f 2017/2017/2017 2028/2028/2028 2016/2016/2016
f 2017/2017/2017 2020/2020/2020 2028/2028/2028
f 2029/2029/2029 2028/2028/2028 2020/2020/2020
f 2029/2029/2029 2020/2020/2020 2030/2030/2030
f 2021/2021/2021 2030/2030/2030 2020/2020/2020
f 2021/2021/2021 2024/2024/2024 2030/2030/2030
f 2031/2031/2031 2030/2030/2030 2024/2024/2024
f 2032/2032/2032 2025/2025/2025 2033/2033/2033
f 2026/2026/2026 2033/2033/2033 2025/2025/2025
f 2026/2026/2026 2027/2027/2027 2033/2033/2033
f 2034/2034/2034 2033/2033/2033 2027/2027/2027
f 2034/2034/2034 2027/2027/2027 2035/2035/2035
f 2028/2028/2028 2035/2035/2035 2027/2027/2027
f 2028/2028/2028 2029/2029/2029 2035/2035/2035
f 2036/2036/2036 2035/2035/2035 2029/2029/2029
f 2036/2036/2036 2029/2029/2029 2037/2037/2037
f 2030/2030/2030 2037/2037/2037 2029/2029/2029
f 2030/2030/2030 2031/2031/2031 2037/2037/2037
f 2038/2038/2038 2037/2037/2037 2031/2031/2031
f 2039/2039/2039 2032/2032/2032 2040/2040/2040
f 2033/2033/2033 2040/2040/2040 2032/2032/2032
f 2033/2033/2033 2034/2034/2034 2040/2040/2040
f 2041/2041/2041 2040/2040/2040 2034/2034/2034
f 2041/2041/2041 2034/2034/2034 2042/2042/2042
f 2035/2035/2035 2042/2042/2042 2034/2034/2034
f 2035/2035/2035 2036/2036/2036 2042/2042/2042
f 2043/2043/2043 2042/2042/2042 2036/2036/2036
f 2043/2043/2043 2036/2036/2036 2044/2044/2044
f 2037/2037/2037 2044/2044/2044 2036/2036/2036
f 2037/2037/2037 2038/2038/2038 2044/2044/2044
f 2045/2045/2045 2044/2044/2044 2038/2038/2038
f 2046/2046/2046 2039/2039/2039 2047/2047/2047
f 2040/2040/2040 2047/2047/2047 2039/2039/2039
f 2040/2040/2040 2041/2041/2041 2047/2047/2047
f 2048/2048/2048 2047/2047/2047 2041/2041/2041
f 2048/2048/2048 2041/2041/2041 2049/2049/2049
f 2042/2042/2042 2049/2049/2049 2041/2041/2041
f 2042/2042/2042 2043/2043/2043 2049/2049/2049
f 2050/2050/2050 2049/2049/2049 2043/2043/2043
f 2050/2050/2050 2043/2043/2043 2051/2051/2051
f 2044/2044/2044 2051/2051/2051 2043/2043/2043
f 2044/2044/2044 2045/2045/2045 2051/2051/2051
f 2052/2052/2052 2051/2051/2051 2045/2045/2045
f 2047/2047/2047 2053/2053/2053 2046/2046/2046
f 2047/2047/2047 2048/2048/2048 2053/2053/2053
f 2049/2049/2049 2054/2054/2054 2048/2048/2048
f 2049/2049/2049 2050/2050/2050 2054/2054/2054
f 2051/2051/2051 2055/2055/2055 2050/2050/2050
f 2051/2051/2051 2052/2052/2052 2055/2055/2055
f 2057/2057/2057 2056/2056/2056 2058/2058/2058
f 2059/2059/2059 2058/2058/2058 2056/2056/2056
f 2059/2059/2059 2060/2060/2060 2058/2058/2058
f 2061/2061/2061 2058/2058/2058 2060/2060/2060
f 2061/2061/2061 2060/2060/2060 2062/2062/2062
f 2063/2063/2063 2062/2062/2062 2060/2060/2060
f 2063/2063/2063 2064/2064/2064 2062/2062/2062
f 2065/2065/2065 2062/2062/2062 2064/2064/2064
f 2065/2065/2065 2064/2064/2064 2066/2066/2066
f 2067/2067/2067 2066/2066/2066 2064/2064/2064
f 2067/2067/2067 2068/2068/2068 2066/2066/2066
f 2069/2069/2069 2066/2066/2066 2068/2068/2068
f 2070/2070/2070 2057/2057/2057 2071/2071/2071
f 2058/2058/2058 2071/2071/2071 2057/2057/2057
f 2058/2058/2058 2061/2061/2061 2071/2071/2071
f 2072/2072/2072 2071/2071/2071 2061/2061/2061
f 2072/2072/2072 2061/2061/2061 2073/2073/2073
f 2062/2062/2062 2073/2073/2073 2061/2061/2061
f 2062/2062/2062 2065/2065/2065 2073/2073/2073
f 2074/2074/2074 2073/2073/2073 2065/2065/2065
f 2074/2074/2074 2065/2065/2065 2075/2075/2075
f 2066/2066/2066 2075/2075/2075 2065/2065/2065
f 2066/2066/2066 2069/2069/2069 2075/2075/2075
f 2076/2076/2076 2075/2075/2075 2069/2069/2069
f 2077/2077/2077 2070/2070/2070 2078/2078/2078
f 2071/2071/2071 2078/2078/2078 2070/2070/2070
f 2071/2071/2071 2072/2072/2072 2078/2078/2078
f 2079/2079/2079 2078/2078/2078 2072/2072/2072
f 2079/2079/2079 2072/2072/2072 2080/2080/2080
f 2073/2073/2073 2080/2080/2080 2072/2072/2072
f 2073/2073/2073 2074/2074/2074 2080/2080/2080
f 2081/2081/2081 2080/2080/2080 2074/2074/2074
f 2081/2081/2081 2074/2074/2074 2082/2082/2082
f 2075/2075/2075 2082/2082/2082 2074/2074/2074
f 2075/2075/2075 2076/2076/2076 2082/2082/2082
f 2083/2083/2083 2082/2082/2082 2076/2076/2076
f 2084/2084/2084 2077/2077/2077 2085/2085/2085
f 2078/2078/2078 2085/2085/2085 2077/2077/2077
f 2078/2078/2078 2079/2079/2079 2085/2085/2085
f 2086/2086/2086 2085/2085/2085 2079/2079/2079
f 2086/2086/2086 2079/2079/2079 2087/2087/2087
f 2080/2080/2080 2087/2087/2087 2079/2079/2079
f 2080/2080/2080 2081/2081/2081 2087/2087/2087
f 2088/2088/2088 2087/2087/2087 2081/2081/2081
f 2088/2088/2088 2081/2081/2081 2089/2089/2089
f 2082/2082/2082 2089/2089/2089 2081/2081/2081
f 2082/2082/2082 2083/2083/2083 2089/2089/2089
f 2090/2090/2090 2089/2089/2089 2083/2083/2083
f 2091/2091/2091 2084/2084/2084 2092/2092/2092
f 2085/2085/2085 2092/2092/2092 2084/2084/2084
f 2085/2085/2085 2086/2086/2086 2092/2092/2092
f 2093/2093/2093 2092/2092/2092 2086/2086/2086
f 2093/2093/2093 2086/2086/2086 2094/2094/2094
f 2087/2087/2087 2094/2094/2094 2086/2086/2086
f 2087/2087/2087 2088/2088/2088 2094/2094/2094
f 2095/2095/2095 2094/2094/2094 2088/2088/2088
f 2095/2095/2095 2088/2088/2088 2096/2096/2096
f 2089/2089/2089 2096/2096/2096 2088/2088/2088
f 2089/2089/2089 2090/2090/2090 2096/2096/2096
f 2097/2097/2097 2096/2096/2096 2090/2090/2090
f 2092/2092/2092 2098/2098/2098 2091/2091/2091
f 2092/2092/2092 2093/2093/2093 2098/2098/2098
f 2094/2094/2094 2099/2099/2099 2093/2093/2093
f 2094/2094/2094 2095/2095/2095 2099/2099/2099
f 2096/2096/2096 2100/2100/2100 2095/2095/2095
f 2096/2096/2096 2097/2097/2097 2100/2100/2100
f 2102/2102/2102 2101/2101/2101 2103/2103/2103
f 2104/2104/2104 2103/2103/2103 2101/2101/2101
f 2104/2104/2104 2105/2105/2105 2103/2103/2103
f 2106/2106/2106 2103/2103/2103 2105/2105/2105
f 2106/2106/2106 2105/2105/2105 2107/2107/2107
f 2108/2108/2108 2107/2107/2107 2105/2105/2105
f 2108/2108/2108 2109/2109/2109 2107/2107/2107
f 2110/2110/2110 2107/2107/2107 2109/2109/2109
f 2111/2111/2111 2102/2102/2102 2112/2112/2112
f 2103/2103/2103 2112/2112/2112 2102/2102/2102
f 2103/2103/2103 2106/2106/2106 2112/2112/2112
f 2113/2113/2113 2112/2112/2112 2106/2106/2106
f 2113/2113/2113 2106/2106/2106 2114/2114/2114
f 2107/2107/2107 2114/2114/2114 2106/2106/2106
f 2107/2107/2107 2110/2110/2110 2114/2114/2114
f 2115/2115/2115 2114/2114/2114 2110/2110/2110
f 2116/2116/2116 2111/2111/2111 2117/2117/2117
f 2112/2112/2112 2117/2117/2117 2111/2111/2111
f 2112/2112/2112 2113/2113/2113 2117/2117/2117
f 2118/2118/2118 2117/2117/2117 2113/2113/2113
f 2118/2118/2118 2113/2113/2113 2119/2119/2119
f 2114/2114/2114 2119/2119/2119 2113/2113/2113
f 2114/2114/2114 2115/2115/2115 2119/2119/2119
f 2120/2120/2120 2119/2119/2119 2115/2115/2115
f 2121/2121/2121 2116/2116/2116 2122/2122/2122
f 2117/2117/2117 2122/2122/2122 2116/2116/2116
f 2117/2117/2117 2118/2118/2118 2122/2122/2122
f 2123/2123/2123 2122/2122/2122 2118/2118/2118
f 2123/2123/2123 2118/2118/2118 2124/2124/2124
f 2119/2119/2119 2124/2124/2124 2118/2118/2118
f 2119/2119/2119 2120/2120/2120 2124/2124/2124
f 2125/2125/2125 2124/2124/2124 2120/2120/2120
f 2122/2122/2122 2126/2126/2126 2121/2121/2121
f 2122/2122/2122 2123/2123/2123 2126/2126/2126
f 2124/2124/2124 2127/2127/2127 2123/2123/2123
f 2124/2124/2124 2125/2125/2125 2127/2127/2127
f 2129/2129/2129 2128/2128/2128 2130/2130/2130
f 2131/2131/2131 2130/2130/2130 2128/2128/2128
f 2131/2131/2131 2132/2132/2132 2130/2130/2130
f 2133/2133/2133 2130/2130/2130 2132/2132/2132
f 2133/2133/2133 2132/2132/2132 2134/2134/2134
f 2135/2135/2135 2134/2134/2134 2132/2132/2132
f 2135/2135/2135 2136/2136/2136 2134/2134/2134
f 2137/2137/2137 2134/2134/2134 2136/2136/2136
f 2137/2137/2137 2136/2136/2136 2138/2138/2138
f 2139/2139/2139 2138/2138/2138 2136/2136/2136
f 2139/2139/2139 2140/2140/2140 2138/2138/2138
f 2141/2141/2141 2138/2138/2138 2140/2140/2140
f 2142/2142/2142 2129/2129/2129 2143/2143/2143
f 2130/2130/2130 2143/2143/2143 2129/2129/2129
f 2130/2130/2130 2133/2133/2133 2143/2143/2143
f 2144/2144/2144 2143/2143/2143 2133/2133/2133
f 2144/2144/2144 2133/2133/2133 2145/2145/2145
f 2134/2134/2134 2145/2145/2145 2133/2133/2133
f 2134/2134/2134 2137/2137/2137 2145/2145/2145
f 2146/2146/2146 2145/2145/2145 2137/2137/2137
f 2146/2146/2146 2137/2137/2137 2147/2147/2147
f 2138/2138/2138 2147/2147/2147 2137/2137/2137
f 2138/2138/2138 2141/2141/2141 2147/2147/2147
f 2148/2148/2148 2147/2147/2147 2141/2141/2141
f 2149/2149/2149 2142/2142/2142 2150/2150/2150
f 2143/2143/2143 2150/2150/2150 2142/2142/2142
f 2143/2143/2143 2144/2144/2144 2150/2150/2150
f 2151/2151/2151 2150/2150/2150 2144/2144/2144
f 2151/2151/2151 2144/2144/2144 2152/2152/2152
f 2145/2145/2145 2152/2152/2152 2144/2144/2144
f 2145/2145/2145 2146/2146/2146 2152/2152/2152
f 2153/2153/2153 2152/2152/2152 2146/2146/2146
f 2153/2153/2153 2146/2146/2146 2154/2154/2154
f 2147/2147/2147 2154/2154/2154 2146/2146/2146
f 2147/2147/2147 2148/2148/2148 2154/2154/2154
f 2155/2155/2155 2154/2154/2154 2148/2148/2148
f 2156/2156/2156 2149/2149/2149 2157/2157/2157
f 2150/2150/2150 2157/2157/2157 2149/2149/2149
f 2150/2150/2150 2151/2151/2151 2157/2157/2157
f 2158/2158/2158 2157/2157/2157 2151/2151/2151
f 2158/2158/2158 2151/2151/2151 2159/2159/2159
f 2152/2152/2152 2159/2159/2159 2151/2151/2151
f 2152/2152/2152 2153/2153/2153 2159/2159/2159
f 2160/2160/2160 2159/2159/2159 2153/2153/2153
f 2160/2160/2160 2153/2153/2153 2161/2161/2161
f 2154/2154/2154 2161/2161/2161 2153/2153/2153
f 2154/2154/2154 2155/2155/2155 2161/2161/2161
f 2162/2162/2162 2161/2161/2161 2155/2155/2155
f 2163/2163/2163 2156/2156/2156 2164/2164/2164
f 2157/2157/2157 2164/2164/2164 2156/2156/2156
f 2157/2157/2157 2158/2158/2158 2164/2164/2164
f 2165/2165/2165 2164/2164/2164 2158/2158/2158
f 2165/2165/2165 2158/2158/2158 2166/2166/2166
f 2159/2159/2159 2166/2166/2166 2158/2158/2158
f 2159/2159/2159 2160/2160/2160 2166/2166/2166
f 2167/2167/2167 2166/2166/2166 2160/2160/2160
f 2167/2167/2167 2160/2160/2160 2168/2168/2168
f 2161/2161/2161 2168/2168/2168 2160/2160/2160
f 2161/2161/2161 2162/2162/2162 2168/2168/2168
f 2169/2169/2169 2168/2168/2168 2162/2162/2162
f 2164/2164/2164 2170/2170/2170 2163/2163/2163
f 2164/2164/2164 2165/2165/2165 2170/2170/2170
f 2166/2166/2166 2171/2171/2171 2165/2165/2165
f 2166/2166/2166 2167/2167/2167 2171/2171/2171
f 2168/2168/2168 2172/2172/2172 2167/2167/2167
f 2168/2168/2168 2169/2169/2169 2172/2172/2172
f 2174/2174/2174 2173/2173/2173 2175/2175/2175
f 2176/2176/2176 2175/2175/2175 2173/2173/2173
f 2176/2176/2176 2177/2177/2177 2175/2175/2175
f 2178/2178/2178 2175/2175/2175 2177/2177/2177
f 2178/2178/2178 2177/2177/2177 2179/2179/2179
f 2180/2180/2180 2179/2179/2179 2177/2177/2177
f 2180/2180/2180 2181/2181/2181 2179/2179/2179
f 2182/2182/2182 2179/2179/2179 2181/2181/2181
f 2183/2183/2183 2174/2174/2174 2184/2184/2184
f 2175/2175/2175 2184/2184/2184 2174/2174/2174
f 2175/2175/2175 2178/2178/2178 2184/2184/2184
f 2185/2185/2185 2184/2184/2184 2178/2178/2178
f 2185/2185/2185 2178/2178/2178 2186/2186/2186
f 2179/2179/2179 2186/2186/2186 2178/2178/2178
f 2179/2179/2179 2182/2182/2182 2186/2186/2186
f 2187/2187/2187 2186/2186/2186 2182/2182/2182
f 2188/2188/2188 2183/2183/2183 2189/2189/2189
f 2184/2184/2184 2189/2189/2189 2183/2183/2183
f 2184/2184/2184 2185/2185/2185 2189/2189/2189
f 2190/2190/2190 2189/2189/2189 2185/2185/2185
f 2190/2190/2190 2185/2185/2185 2191/2191/2191
f 2186/2186/2186 2191/2191/2191 2185/2185/2185
f 2186/2186/2186 2187/2187/2187 2191/2191/2191
f 2192/2192/2192 2191/2191/2191 2187/2187/2187
f 2193/2193/2193 2188/2188/2188 2194/2194/2194
f 2189/2189/2189 2194/2194/2194 2188/2188/2188
f 2189/2189/2189 2190/2190/2190 2194/2194/2194
f 2195/2195/2195 2194/2194/2194 2190/2190/2190
f 2195/2195/2195 2190/2190/2190 2196/2196/2196
f 2191/2191/2191 2196/2196/2196 2190/2190/2190
f 2191/2191/2191 2192/2192/2192 2196/2196/2196
f 2197/2197/2197 2196/2196/2196 2192/2192/2192
f 2194/2194/2194 2198/2198/2198 2193/2193/2193
f 2194/2194/2194 2195/2195/2195 2198/2198/2198
f 2196/2196/2196 2199/2199/2199 2195/2195/2195
f 2196/2196/2196 2197/2197/2197 2199/2199/2199
f 2201/2201/2201 2200/2200/2200 2202/2202/2202
f 2203/2203/2203 2202/2202/2202 2200/2200/2200
f 2203/2203/2203 2204/2204/2204 2202/2202/2202
f 2205/2205/2205 2202/2202/2202 2204/2204/2204
f 2205/2205/2205 2204/2204/2204 2206/2206/2206
f 2207/2207/2207 2206/2206/2206 2204/2204/2204
f 2208/2208/2208 2201/2201/2201 2209/2209/2209
f 2202/2202/2202 2209/2209/2209 2201/2201/2201
f 2202/2202/2202 2205/2205/2205 2209/2209/2209
f 2210/2210/2210 2209/2209/2209 2205/2205/2205
f 2210/2210/2210 2205/2205/2205 2211/2211/2211
f 2206/2206/2206 2211/2211/2211 2205/2205/2205
f 2212/2212/2212 2208/2208/2208 2213/2213/2213
f 2209/2209/2209 2213/2213/2213 2208/2208/2208
f 2209/2209/2209 2210/2210/2210 2213/2213/2213
f 2214/2214/2214 2213/2213/2213 2210/2210/2210
f 2214/2214/2214 2210/2210/2210 2215/2215/2215
f 2211/2211/2211 2215/2215/2215 2210/2210/2210
f 2213/2213/2213 2216/2216/2216 2212/2212/2212
f 2213/2213/2213 2214/2214/2214 2216/2216/2216
f 2215/2215/2215 2217/2217/2217 2214/2214/2214
f 2219/2219/2219 2218/2218/2218 2220/2220/2220
f 2221/2221/2221 2220/2220/2220 2218/2218/2218
f 2221/2221/2221 2222/2222/2222 2220/2220/2220
f 2223/2223/2223 2220/2220/2220 2222/2222/2222
f 2223/2223/2223 2222/2222/2222 2224/2224/2224
f 2225/2225/2225 2224/2224/2224 2222/2222/2222
f 2225/2225/2225 2226/2226/2226 2224/2224/2224
f 2227/2227/2227 2224/2224/2224 2226/2226/2226
f 2227/2227/2227 2226/2226/2226 2228/2228/2228
f 2229/2229/2229 2228/2228/2228 2226/2226/2226
f 2230/2230/2230 2219/2219/2219 2231/2231/2231
f 2220/2220/2220 2231/2231/2231 2219/2219/2219
f 2220/2220/2220 2223/2223/2223 2231/2231/2231
f 2232/2232/2232 2231/2231/2231 2223/2223/2223
f 2232/2232/2232 2223/2223/2223 2233/2233/2233
f 2224/2224/2224 2233/2233/2233 2223/2223/2223
f 2224/2224/2224 2227/2227/2227 2233/2233/2233
f 2234/2234/2234 2233/2233/2233 2227/2227/2227
f 2234/2234/2234 2227/2227/2227 2235/2235/2235
f 2228/2228/2228 2235/2235/2235 2227/2227/2227
f 2236/2236/2236 2230/2230/2230 2237/2237/2237
f 2231/2231/2231 2237/2237/2237 2230/2230/2230
f 2231/2231/2231 2232/2232/2232 2237/2237/2237
f 2238/2238/2238 2237/2237/2237 2232/2232/2232
f 2238/2238/2238 2232/2232/2232 2239/2239/2239
f 2233/2233/2233 2239/2239/2239 2232/2232/2232
f 2233/2233/2233 2234/2234/2234 2239/2239/2239
f 2240/2240/2240 2239/2239/2239 2234/2234/2234
f 2240/2240/2240 2234/2234/2234 2241/2241/2241
f 2235/2235/2235 2241/2241/2241 2234/2234/2234
f 2242/2242/2242 2236/2236/2236 2243/2243/2243
f 2237/2237/2237 2243/2243/2243 2236/2236/2236
f 2237/2237/2237 2238/2238/2238 2243/2243/2243
f 2244/2244/2244 2243/2243/2243 2238/2238/2238
f 2244/2244/2244 2238/2238/2238 2245/2245/2245
f 2239/2239/2239 2245/2245/2245 2238/2238/2238
f 2239/2239/2239 2240/2240/2240 2245/2245/2245
f 2246/2246/2246 2245/2245/2245 2240/2240/2240
f 2246/2246/2246 2240/2240/2240 2247/2247/2247
f 2241/2241/2241 2247/2247/2247 2240/2240/2240
f 2248/2248/2248 2242/2242/2242 2249/2249/2249
f 2243/2243/2243 2249/2249/2249 2242/2242/2242
f 2243/2243/2243 2244/2244/2244 2249/2249/2249
f 2250/2250/2250 2249/2249/2249 2244/2244/2244
f 2250/2250/2250 2244/2244/2244 2251/2251/2251
f 2245/2245/2245 2251/2251/2251 2244/2244/2244
f 2245/2245/2245 2246/2246/2246 2251/2251/2251
f 2252/2252/2252 2251/2251/2251 2246/2246/2246
f 2252/2252/2252 2246/2246/2246 2253/2253/2253
f 2247/2247/2247 2253/2253/2253 2246/2246/2246
f 2249/2249/2249 2254/2254/2254 2248/2248/2248
f 2249/2249/2249 2250/2250/2250 2254/2254/2254
f 2251/2251/2251 2255/2255/2255 2250/2250/2250
f 2251/2251/2251 2252/2252/2252 2255/2255/2255
f 2253/2253/2253 2256/2256/2256 2252/2252/2252
f 2258/2258/2258 2257/2257/2257 2259/2259/2259
f 2260/2260/2260 2259/2259/2259 2257/2257/2257
f 2260/2260/2260 2261/2261/2261 2259/2259/2259
f 2262/2262/2262 2259/2259/2259 2261/2261/2261
f 2262/2262/2262 2261/2261/2261 2263/2263/2263
f 2264/2264/2264 2263/2263/2263 2261/2261/2261
f 2265/2265/2265 2258/2258/2258 2266/2266/2266
f 2259/2259/2259 2266/2266/2266 2258/2258/2258
f 2259/2259/2259 2262/2262/2262 2266/2266/2266
f 2267/2267/2267 2266/2266/2266 2262/2262/2262
f 2267/2267/2267 2262/2262/2262 2268/2268/2268
f 2263/2263/2263 2268/2268/2268 2262/2262/2262
f 2269/2269/2269 2265/2265/2265 2270/2270/2270
f 2266/2266/2266 2270/2270/2270 2265/2265/2265
f 2266/2266/2266 2267/2267/2267 2270/2270/2270
f 2271/2271/2271 2270/2270/2270 2267/2267/2267
f 2271/2271/2271 2267/2267/2267 2272/2272/2272
f 2268/2268/2268 2272/2272/2272 2267/2267/2267
f 2270/2270/2270 2273/2273/2273 2269/2269/2269
f 2270/2270/2270 2271/2271/2271 2273/2273/2273
f 2272/2272/2272 2274/2274/2274 2271/2271/2271
f 2276/2276/2276 2275/2275/2275 2277/2277/2277
f 2278/2278/2278 2277/2277/2277 2275/2275/2275
f 2278/2278/2278 2279/2279/2279 2277/2277/2277
f 2280/2280/2280 2277/2277/2277 2279/2279/2279
f 2280/2280/2280 2279/2279/2279 2281/2281/2281
f 2282/2282/2282 2281/2281/2281 2279/2279/2279
f 2283/2283/2283 2276/2276/2276 2284/2284/2284
f 2277/2277/2277 2284/2284/2284 2276/2276/2276
f 2277/2277/2277 2280/2280/2280 2284/2284/2284
f 2285/2285/2285 2284/2284/2284 2280/2280/2280
f 2285/2285/2285 2280/2280/2280 2286/2286/2286
f 2281/2281/2281 2286/2286/2286 2280/2280/2280
f 2287/2287/2287 2283/2283/2283 2288/2288/2288
f 2284/2284/2284 2288/2288/2288 2283/2283/2283
f 2284/2284/2284 2285/2285/2285 2288/2288/2288
f 2289/2289/2289 2288/2288/2288 2285/2285/2285
f 2289/2289/2289 2285/2285/2285 2290/2290/2290
f 2286/2286/2286 2290/2290/2290 2285/2285/2285
f 2288/2288/2288 2291/2291/2291 2287/2287/2287
f 2288/2288/2288 2289/2289/2289 2291/2291/2291
f 2290/2290/2290 2292/2292/2292 2289/2289/2289
f 2294/2294/2294 2293/2293/2293 2295/2295/2295
f 2296/2296/2296 2295/2295/2295 2293/2293/2293
f 2296/2296/2296 2297/2297/2297 2295/2295/2295
f 2298/2298/2298 2295/2295/2295 2297/2297/2297
f 2298/2298/2298 2297/2297/2297 2299/2299/2299
f 2300/2300/2300 2299/2299/2299 2297/2297/2297
f 2300/2300/2300 2301/2301/2301 2299/2299/2299
f 2302/2302/2302 2299/2299/2299 2301/2301/2301
f 2302/2302/2302 2301/2301/2301 2303/2303/2303
f 2304/2304/2304 2303/2303/2303 2301/2301/2301
f 2305/2305/2305 2294/2294/2294 2306/2306/2306
f 2295/2295/2295 2306/2306/2306 2294/2294/2294
f 2295/2295/2295 2298/2298/2298 2306/2306/2306
f 2307/2307/2307 2306/2306/2306 2298/2298/2298
f 2307/2307/2307 2298/2298/2298 2308/2308/2308
f 2299/2299/2299 2308/2308/2308 2298/2298/2298
f 2299/2299/2299 2302/2302/2302 2308/2308/2308
f 2309/2309/2309 2308/2308/2308 2302/2302/2302
f 2309/2309/2309 2302/2302/2302 2310/2310/2310
f 2303/2303/2303 2310/2310/2310 2302/2302/2302
f 2311/2311/2311 2305/2305/2305 2312/2312/2312
f 2306/2306/2306 2312/2312/2312 2305/2305/2305
f 2306/2306/2306 2307/2307/2307 2312/2312/2312
f 2313/2313/2313 2312/2312/2312 2307/2307/2307
f 2313/2313/2313 2307/2307/2307 2314/2314/2314
f 2308/2308/2308 2314/2314/2314 2307/2307/2307
f 2308/2308/2308 2309/2309/2309 2314/2314/2314
f 2315/2315/2315 2314/2314/2314 2309/2309/2309
f 2315/2315/2315 2309/2309/2309 2316/2316/2316
f 2310/2310/2310 2316/2316/2316 2309/2309/2309
f 2317/2317/2317 2311/2311/2311 2318/2318/2318
f 2312/2312/2312 2318/2318/2318 2311/2311/2311
f 2312/2312/2312 2313/2313/2313 2318/2318/2318
f 2319/2319/2319 2318/2318/2318 2313/2313/2313
f 2319/2319/2319 2313/2313/2313 2320/2320/2320
f 2314/2314/2314 2320/2320/2320 2313/2313/2313
f 2314/2314/2314 2315/2315/2315 2320/2320/2320
f 2321/2321/2321 2320/2320/2320 2315/2315/2315
f 2321/2321/2321 2315/2315/2315 2322/2322/2322
f 2316/2316/2316 2322/2322/2322 2315/2315/2315
f 2323/2323/2323 2317/2317/2317 2324/2324/2324
f 2318/2318/2318 2324/2324/2324 2317/2317/2317
f 2318/2318/2318 2319/2319/2319 2324/2324/2324
f 2325/2325/2325 2324/2324/2324 2319/2319/2319
f 2325/2325/2325 2319/2319/2319 2326/2326/2326
f 2320/2320/2320 2326/2326/2326 2319/2319/2319
f 2320/2320/2320 2321/2321/2321 2326/2326/2326
f 2327/2327/2327 2326/2326/2326 2321/2321/2321
f 2327/2327/2327 2321/2321/2321 2328/2328/2328
f 2322/2322/2322 2328/2328/2328 2321/2321/2321
f 2324/2324/2324 2329/2329/2329 2323/2323/2323
f 2324/2324/2324 2325/2325/2325 2329/2329/2329
f 2326/2326/2326 2330/2330/2330 2325/2325/2325
f 2326/2326/2326 2327/2327/2327 2330/2330/2330
f 2328/2328/2328 2331/2331/2331 2327/2327/2327
f 2333/2333/2333 2332/2332/2332 2334/2334/2334
f 2335/2335/2335 2334/2334/2334 2332/2332/2332
f 2335/2335/2335 2336/2336/2336 2334/2334/2334
f 2337/2337/2337 2334/2334/2334 2336/2336/2336
f 2337/2337/2337 2336/2336/2336 2338/2338/2338
f 2339/2339/2339 2338/2338/2338 2336/2336/2336
f 2339/2339/2339 2340/2340/2340 2338/2338/2338
f 2341/2341/2341 2338/2338/2338 2340/2340/2340
f 2341/2341/2341 2340/2340/2340 2342/2342/2342
f 2343/2343/2343 2342/2342/2342 2340/2340/2340
f 2344/2344/2344 2333/2333/2333 2345/2345/2345
f 2334/2334/2334 2345/2345/2345 2333/2333/2333
f 2334/2334/2334 2337/2337/2337 2345/2345/2345
f 2346/2346/2346 2345/2345/2345 2337/2337/2337
f 2346/2346/2346 2337/2337/2337 2347/2347/2347
f 2338/2338/2338 2347/2347/2347 2337/2337/2337
f 2338/2338/2338 2341/2341/2341 2347/2347/2347
f 2348/2348/2348 2347/2347/2347 2341/2341/2341
f 2348/2348/2348 2341/2341/2341 2349/2349/2349
f 2342/2342/2342 2349/2349/2349 2341/2341/2341
f 2350/2350/2350 2344/2344/2344 2351/2351/2351
f 2345/2345/2345 2351/2351/2351 2344/2344/2344
f 2345/2345/2345 2346/2346/2346 2351/2351/2351
f 2352/2352/2352 2351/2351/2351 2346/2346/2346
f 2352/2352/2352 2346/2346/2346 2353/2353/2353
f 2347/2347/2347 2353/2353/2353 2346/2346/2346
f 2347/2347/2347 2348/2348/2348 2353/2353/2353
f 2354/2354/2354 2353/2353/2353 2348/2348/2348
f 2354/2354/2354 2348/2348/2348 2355/2355/2355
f 2349/2349/2349 2355/2355/2355 2348/2348/2348
f 2356/2356/2356 2350/2350/2350 2357/2357/2357
f 2351/2351/2351 2357/2357/2357 2350/2350/2350
f 2351/2351/2351 2352/2352/2352 2357/2357/2357
f 2358/2358/2358 2357/2357/2357 2352/2352/2352
f 2358/2358/2358 2352/2352/2352 2359/2359/2359
f 2353/2353/2353 2359/2359/2359 2352/2352/2352
f 2353/2353/2353 2354/2354/2354 2359/2359/2359
f 2360/2360/2360 2359/2359/2359 2354/2354/2354
f 2360/2360/2360 2354/2354/2354 2361/2361/2361
f 2355/2355/2355 2361/2361/2361 2354/2354/2354
f 2357/2357/2357 2362/2362/2362 2356/2356/2356
f 2357/2357/2357 2358/2358/2358 2362/2362/2362
f 2359/2359/2359 2363/2363/2363 2358/2358/2358
f 2359/2359/2359 2360/2360/2360 2363/2363/2363
f 2361/2361/2361 2364/2364/2364 2360/2360/2360
f 2366/2366/2366 2365/2365/2365 2367/2367/2367
f 2368/2368/2368 2367/2367/2367 2365/2365/2365
f 2368/2368/2368 2369/2369/2369 2367/2367/2367
f 2370/2370/2370 2367/2367/2367 2369/2369/2369
f 2370/2370/2370 2369/2369/2369 2371/2371/2371
f 2372/2372/2372 2371/2371/2371 2369/2369/2369
f 2372/2372/2372 2373/2373/2373 2371/2371/2371
f 2374/2374/2374 2371/2371/2371 2373/2373/2373
f 2375/2375/2375 2366/2366/2366 2376/2376/2376
f 2367/2367/2367 2376/2376/2376 2366/2366/2366
f 2367/2367/2367 2370/2370/2370 2376/2376/2376
f 2377/2377/2377 2376/2376/2376 2370/2370/2370
f 2377/2377/2377 2370/2370/2370 2378/2378/2378
f 2371/2371/2371 2378/2378/2378 2370/2370/2370
f 2371/2371/2371 2374/2374/2374 2378/2378/2378
f 2379/2379/2379 2378/2378/2378 2374/2374/2374
f 2380/2380/2380 2375/2375/2375 2381/2381/2381
f 2376/2376/2376 2381/2381/2381 2375/2375/2375
f 2376/2376/2376 2377/2377/2377 2381/2381/2381
f 2382/2382/2382 2381/2381/2381 2377/2377/2377
f 2382/2382/2382 2377/2377/2377 2383/2383/2383
f 2378/2378/2378 2383/2383/2383 2377/2377/2377
f 2378/2378/2378 2379/2379/2379 2383/2383/2383
f 2384/2384/2384 2383/2383/2383 2379/2379/2379
f 2385/2385/2385 2380/2380/2380 2386/2386/2386
f 2381/2381/2381 2386/2386/2386 2380/2380/2380
f 2381/2381/2381 2382/2382/2382 2386/2386/2386
f 2387/2387/2387 2386/2386/2386 2382/2382/2382
f 2387/2387/2387 2382/2382/2382 2388/2388/2388
f 2383/2383/2383 2388/2388/2388 2382/2382/2382
f 2383/2383/2383 2384/2384/2384 2388/2388/2388
f 2389/2389/2389 2388/2388/2388 2384/2384/2384
f 2386/2386/2386 2390/2390/2390 2385/2385/2385
f 2386/2386/2386 2387/2387/2387 2390/2390/2390
f 2388/2388/2388 2391/2391/2391 2387/2387/2387
f 2388/2388/2388 2389/2389/2389 2391/2391/2391
f 2393/2393/2393 2392/2392/2392 2394/2394/2394
f 2395/2395/2395 2394/2394/2394 2392/2392/2392
f 2395/2395/2395 2396/2396/2396 2394/2394/2394
f 2397/2397/2397 2394/2394/2394 2396/2396/2396
f 2397/2397/2397 2396/2396/2396 2398/2398/2398
f 2399/2399/2399 2398/2398/2398 2396/2396/2396
f 2399/2399/2399 2400/2400/2400 2398/2398/2398
f 2401/2401/2401 2398/2398/2398 2400/2400/2400
f 2401/2401/2401 2400/2400/2400 2402/2402/2402
f 2403/2403/2403 2402/2402/2402 2400/2400/2400
f 2404/2404/2404 2393/2393/2393 2405/2405/2405
f 2394/2394/2394 2405/2405/2405 2393/2393/2393
f 2394/2394/2394 2397/2397/2397 2405/2405/2405
f 2406/2406/2406 2405/2405/2405 2397/2397/2397
f 2406/2406/2406 2397/2397/2397 2407/2407/2407
f 2398/2398/2398 2407/2407/2407 2397/2397/2397
f 2398/2398/2398 2401/2401/2401 2407/2407/2407
f 2408/2408/2408 2407/2407/2407 2401/2401/2401
f 2408/2408/2408 2401/2401/2401 2409/2409/2409
f 2402/2402/2402 2409/2409/2409 2401/2401/2401
f 2410/2410/2410 2404/2404/2404 2411/2411/2411
f 2405/2405/2405 2411/2411/2411 2404/2404/2404
f 2405/2405/2405 2406/2406/2406 2411/2411/2411
f 2412/2412/2412 2411/2411/2411 2406/2406/2406
f 2412/2412/2412 2406/2406/2406 2413/2413/2413
f 2407/2407/2407 2413/2413/2413 2406/2406/2406
f 2407/2407/2407 2408/2408/2408 2413/2413/2413
f 2414/2414/2414 2413/2413/2413 2408/2408/2408
f 2414/2414/2414 2408/2408/2408 2415/2415/2415
f 2409/2409/2409 2415/2415/2415 2408/2408/2408
f 2416/2416/2416 2410/2410/2410 2417/2417/2417
f 2411/2411/2411 2417/2417/2417 2410/2410/2410
f 2411/2411/2411 2412/2412/2412 2417/2417/2417
f 2418/2418/2418 2417/2417/2417 2412/2412/2412
f 2418/2418/2418 2412/2412/2412 2419/2419/2419
f 2413/2413/2413 2419/2419/2419 2412/2412/2412
f 2413/2413/2413 2414/2414/2414 2419/2419/2419
f 2420/2420/2420 2419/2419/2419 2414/2414/2414
f 2420/2420/2420 2414/2414/2414 2421/2421/2421
f 2415/2415/2415 2421/2421/2421 2414/2414/2414
f 2417/2417/2417 2422/2422/2422 2416/2416/2416
f 2417/2417/2417 2418/2418/2418 2422/2422/2422
f 2419/2419/2419 2423/2423/2423 2418/2418/2418
f 2419/2419/2419 2420/2420/2420 2423/2423/2423
f 2421/2421/2421 2424/2424/2424 2420/2420/2420
f 2426/2426/2426 2425/2425/2425 2427/2427/2427
f 2428/2428/2428 2427/2427/2427 2425/2425/2425
f 2428/2428/2428 2429/2429/2429 2427/2427/2427
f 2430/2430/2430 2427/2427/2427 2429/2429/2429
f 2430/2430/2430 2429/2429/2429 2431/2431/2431
f 2432/2432/2432 2431/2431/2431 2429/2429/2429
f 2432/2432/2432 2433/2433/2433 2431/2431/2431
f 2434/2434/2434 2431/2431/2431 2433/2433/2433
f 2435/2435/2435 2426/2426/2426 2436/2436/2436
f 2427/2427/2427 2436/2436/2436 2426/2426/2426
f 2427/2427/2427 2430/2430/2430 2436/2436/2436
f 2437/2437/2437 2436/2436/2436 2430/2430/2430
f 2437/2437/2437 2430/2430/2430 2438/2438/2438
f 2431/2431/2431 2438/2438/2438 2430/2430/2430
f 2431/2431/2431 2434/2434/2434 2438/2438/2438
f 2439/2439/2439 2438/2438/2438 2434/2434/2434
f 2440/2440/2440 2435/2435/2435 2441/2441/2441
f 2436/2436/2436 2441/2441/2441 2435/2435/2435
f 2436/2436/2436 2437/2437/2437 2441/2441/2441
f 2442/2442/2442 2441/2441/2441 2437/2437/2437
f 2442/2442/2442 2437/2437/2437 2443/2443/2443
f 2438/2438/2438 2443/2443/2443 2437/2437/2437
f 2438/2438/2438 2439/2439/2439 2443/2443/2443
f 2444/2444/2444 2443/2443/2443 2439/2439/2439
f 2445/2445/2445 2440/2440/2440 2446/2446/2446
f 2441/2441/2441 2446/2446/2446 2440/2440/2440
f 2441/2441/2441 2442/2442/2442 2446/2446/2446
f 2447/2447/2447 2446/2446/2446 2442/2442/2442
f 2447/2447/2447 2442/2442/2442 2448/2448/2448
f 2443/2443/2443 2448/2448/2448 2442/2442/2442
f 2443/2443/2443 2444/2444/2444 2448/2448/2448
f 2449/2449/2449 2448/2448/2448 2444/2444/2444
f 2446/2446/2446 2450/2450/2450 2445/2445/2445
f 2446/2446/2446 2447/2447/2447 2450/2450/2450
f 2448/2448/2448 2451/2451/2451 2447/2447/2447
f 2448/2448/2448 2449/2449/2449 2451/2451/2451
f 2453/2453/2453 2452/2452/2452 2454/2454/2454
f 2455/2455/2455 2454/2454/2454 2452/2452/2452
f 2455/2455/2455 2456/2456/2456 2454/2454/2454
f 2457/2457/2457 2454/2454/2454 2456/2456/2456
f 2457/2457/2457 2456/2456/2456 2458/2458/2458
f 2459/2459/2459 2458/2458/2458 2456/2456/2456
f 2460/2460/2460 2453/2453/2453 2461/2461/2461
f 2454/2454/2454 2461/2461/2461 2453/2453/2453
f 2454/2454/2454 2457/2457/2457 2461/2461/2461
f 2462/2462/2462 2461/2461/2461 2457/2457/2457
f 2462/2462/2462 2457/2457/2457 2463/2463/2463
f 2458/2458/2458 2463/2463/2463 2457/2457/2457
f 2464/2464/2464 2460/2460/2460 2465/2465/2465
f 2461/2461/2461 2465/2465/2465 2460/2460/2460
f 2461/2461/2461 2462/2462/2462 2465/2465/2465
f 2466/2466/2466 2465/2465/2465 2462/2462/2462
f 2466/2466/2466 2462/2462/2462 2467/2467/2467
f 2463/2463/2463 2467/2467/2467 2462/2462/2462
f 2465/2465/2465 2468/2468/2468 2464/2464/2464
f 2465/2465/2465 2466/2466/2466 2468/2468/2468
f 2467/2467/2467 2469/2469/2469 2466/2466/2466
f 2471/2471/2471 2470/2470/2470 2472/2472/2472
f 2473/2473/2473 2472/2472/2472 2470/2470/2470
f 2473/2473/2473 2474/2474/2474 2472/2472/2472
f 2475/2475/2475 2472/2472/2472 2474/2474/2474
f 2475/2475/2475 2474/2474/2474 2476/2476/2476
f 2477/2477/2477 2476/2476/2476 2474/2474/2474
f 2478/2478/2478 2471/2471/2471 2479/2479/2479
f 2472/2472/2472 2479/2479/2479 2471/2471/2471
f 2472/2472/2472 2475/2475/2475 2479/2479/2479
f 2480/2480/2480 2479/2479/2479 2475/2475/2475
f 2480/2480/2480 2475/2475/2475 2481/2481/2481
f 2476/2476/2476 2481/2481/2481 2475/2475/2475
f 2482/2482/2482 2478/2478/2478 2483/2483/2483
f 2479/2479/2479 2483/2483/2483 2478/2478/2478
f 2479/2479/2479 2480/2480/2480 2483/2483/2483
f 2484/2484/2484 2483/2483/2483 2480/2480/2480
f 2484/2484/2484 2480/2480/2480 2485/2485/2485
f 2481/2481/2481 2485/2485/2485 2480/2480/2480
f 2483/2483/2483 2486/2486/2486 2482/2482/2482
f 2483/2483/2483 2484/2484/2484 2486/2486/2486
f 2485/2485/2485 2487/2487/2487 2484/2484/2484
f 2489/2489/2489 2488/2488/2488 2490/2490/2490
f 2491/2491/2491 2490/2490/2490 2488/2488/2488
f 2491/2491/2491 2492/2492/2492 2490/2490/2490
f 2493/2493/2493 2490/2490/2490 2492/2492/2492
f 2493/2493/2493 2492/2492/2492 2494/2494/2494
f 2495/2495/2495 2494/2494/2494 2492/2492/2492
f 2495/2495/2495 2496/2496/2496 2494/2494/2494
f 2497/2497/2497 2494/2494/2494 2496/2496/2496
f 2498/2498/2498 2489/2489/2489 2499/2499/2499
f 2490/2490/2490 2499/2499/2499 2489/2489/2489
f 2490/2490/2490 2493/2493/2493 2499/2499/2499
f 2500/2500/2500 2499/2499/2499 2493/2493/2493
f 2500/2500/2500 2493/2493/2493 2501/2501/2501
f 2494/2494/2494 2501/2501/2501 2493/2493/2493
f 2494/2494/2494 2497/2497/2497 2501/2501/2501
f 2502/2502/2502 2501/2501/2501 2497/2497/2497
f 2503/2503/2503 2498/2498/2498 2504/2504/2504
f 2499/2499/2499 2504/2504/2504 2498/2498/2498
f 2499/2499/2499 2500/2500/2500 2504/2504/2504
f 2505/2505/2505 2504/2504/2504 2500/2500/2500
f 2505/2505/2505 2500/2500/2500 2506/2506/2506
f 2501/2501/2501 2506/2506/2506 2500/2500/2500
f 2501/2501/2501 2502/2502/2502 2506/2506/2506
f 2507/2507/2507 2506/2506/2506 2502/2502/2502
f 2508/2508/2508 2503/2503/2503 2509/2509/2509
f 2504/2504/2504 2509/2509/2509 2503/2503/2503
f 2504/2504/2504 2505/2505/2505 2509/2509/2509
f 2510/2510/2510 2509/2509/2509 2505/2505/2505
f 2510/2510/2510 2505/2505/2505 2511/2511/2511
f 2506/2506/2506 2511/2511/2511 2505/2505/2505
f 2506/2506/2506 2507/2507/2507 2511/2511/2511
f 2512/2512/2512 2511/2511/2511 2507/2507/2507
f 2509/2509/2509 2513/2513/2513 2508/2508/2508
f 2509/2509/2509 2510/2510/2510 2513/2513/2513
f 2511/2511/2511 2514/2514/2514 2510/2510/2510
f 2511/2511/2511 2512/2512/2512 2514/2514/2514
f 2516/2516/2516 2515/2515/2515 2517/2517/2517
f 2518/2518/2518 2517/2517/2517 2515/2515/2515
f 2518/2518/2518 2519/2519/2519 2517/2517/2517
f 2520/2520/2520 2517/2517/2517 2519/2519/2519
f 2520/2520/2520 2519/2519/2519 2521/2521/2521
f 2522/2522/2522 2521/2521/2521 2519/2519/2519
f 2523/2523/2523 2516/2516/2516 2524/2524/2524
f 2517/2517/2517 2524/2524/2524 2516/2516/2516
f 2517/2517/2517 2520/2520/2520 2524/2524/2524
f 2525/2525/2525 2524/2524/2524 2520/2520/2520
f 2525/2525/2525 2520/2520/2520 2526/2526/2526
f 2521/2521/2521 2526/2526/2526 2520/2520/2520
f 2527/2527/2527 2523/2523/2523 2528/2528/2528
f 2524/2524/2524 2528/2528/2528 2523/2523/2523
f 2524/2524/2524 2525/2525/2525 2528/2528/2528
f 2529/2529/2529 2528/2528/2528 2525/2525/2525
f 2529/2529/2529 2525/2525/2525 2530/2530/2530
f 2526/2526/2526 2530/2530/2530 2525/2525/2525
f 2528/2528/2528 2531/2531/2531 2527/2527/2527
f 2528/2528/2528 2529/2529/2529 2531/2531/2531
f 2530/2530/2530 2532/2532/2532 2529/2529/2529
f 2534/2534/2534 2533/2533/2533 2535/2535/2535
f 2536/2536/2536 2535/2535/2535 2533/2533/2533
f 2536/2536/2536 2537/2537/2537 2535/2535/2535
f 2538/2538/2538 2535/2535/2535 2537/2537/2537
f 2538/2538/2538 2537/2537/2537 2539/2539/2539
f 2540/2540/2540 2539/2539/2539 2537/2537/2537
f 2541/2541/2541 2534/2534/2534 2542/2542/2542
f 2535/2535/2535 2542/2542/2542 2534/2534/2534
f 2535/2535/2535 2538/2538/2538 2542/2542/2542
f 2543/2543/2543 2542/2542/2542 2538/2538/2538
f 2543/2543/2543 2538/2538/2538 2544/2544/2544
f 2539/2539/2539 2544/2544/2544 2538/2538/2538
f 2545/2545/2545 2541/2541/2541 2546/2546/2546
f 2542/2542/2542 2546/2546/2546 2541/2541/2541
f 2542/2542/2542 2543/2543/2543 2546/2546/2546
f 2547/2547/2547 2546/2546/2546 2543/2543/2543
f 2547/2547/2547 2543/2543/2543 2548/2548/2548
f 2544/2544/2544 2548/2548/2548 2543/2543/2543
f 2546/2546/2546 2549/2549/2549 2545/2545/2545
f 2546/2546/2546 2547/2547/2547 2549/2549/2549
f 2548/2548/2548 2550/2550/2550 2547/2547/2547
f 2552/2552/2552 2551/2551/2551 2553/2553/2553
f 2554/2554/2554 2553/2553/2553 2551/2551/2551
f 2554/2554/2554 2555/2555/2555 2553/2553/2553
f 2556/2556/2556 2553/2553/2553 2555/2555/2555
f 2556/2556/2556 2555/2555/2555 2557/2557/2557
f 2558/2558/2558 2557/2557/2557 2555/2555/2555
f 2558/2558/2558 2559/2559/2559 2557/2557/2557
f 2560/2560/2560 2557/2557/2557 2559/2559/2559
f 2561/2561/2561 2552/2552/2552 2562/2562/2562
f 2553/2553/2553 2562/2562/2562 2552/2552/2552
f 2553/2553/2553 2556/2556/2556 2562/2562/2562
f 2563/2563/2563 2562/2562/2562 2556/2556/2556
f 2563/2563/2563 2556/2556/2556 2564/2564/2564
f 2557/2557/2557 2564/2564/2564 2556/2556/2556
f 2557/2557/2557 2560/2560/2560 2564/2564/2564
f 2565/2565/2565 2564/2564/2564 2560/2560/2560
f 2566/2566/2566 2561/2561/2561 2567/2567/2567
f 2562/2562/2562 2567/2567/2567 2561/2561/2561
f 2562/2562/2562 2563/2563/2563 2567/2567/2567
f 2568/2568/2568 2567/2567/2567 2563/2563/2563
f 2568/2568/2568 2563/2563/2563 2569/2569/2569
f 2564/2564/2564 2569/2569/2569 2563/2563/2563
f 2564/2564/2564 2565/2565/2565 2569/2569/2569
f 2570/2570/2570 2569/2569/2569 2565/2565/2565
f 2571/2571/2571 2566/2566/2566 2572/2572/2572
f 2567/2567/2567 2572/2572/2572 2566/2566/2566
f 2567/2567/2567 2568/2568/2568 2572/2572/2572
f 2573/2573/2573 2572/2572/2572 2568/2568/2568
f 2573/2573/2573 2568/2568/2568 2574/2574/2574
f 2569/2569/2569 2574/2574/2574 2568/2568/2568
f 2569/2569/2569 2570/2570/2570 2574/2574/2574
f 2575/2575/2575 2574/2574/2574 2570/2570/2570
f 2572/2572/2572 2576/2576/2576 2571/2571/2571
f 2572/2572/2572 2573/2573/2573 2576/2576/2576
f 2574/2574/2574 2577/2577/2577 2573/2573/2573
f 2574/2574/2574 2575/2575/2575 2577/2577/2577
f 2579/2579/2579 2578/2578/2578 2580/2580/2580
f 2581/2581/2581 2580/2580/2580 2578/2578/2578
f 2581/2581/2581 2582/2582/2582 2580/2580/2580
f 2583/2583/2583 2580/2580/2580 2582/2582/2582
f 2583/2583/2583 2582/2582/2582 2584/2584/2584
f 2585/2585/2585 2584/2584/2584 2582/2582/2582
f 2585/2585/2585 2586/2586/2586 2584/2584/2584
f 2587/2587/2587 2584/2584/2584 2586/2586/2586
f 2588/2588/2588 2579/2579/2579 2589/2589/2589
f 2580/2580/2580 2589/2589/2589 2579/2579/2579
f 2580/2580/2580 2583/2583/2583 2589/2589/2589
f 2590/2590/2590 2589/2589/2589 2583/2583/2583
f 2590/2590/2590 2583/2583/2583 2591/2591/2591
f 2584/2584/2584 2591/2591/2591 2583/2583/2583
f 2584/2584/2584 2587/2587/2587 2591/2591/2591
f 2592/2592/2592 2591/2591/2591 2587/2587/2587
f 2593/2593/2593 2588/2588/2588 2594/2594/2594
f 2589/2589/2589 2594/2594/2594 2588/2588/2588
f 2589/2589/2589 2590/2590/2590 2594/2594/2594
f 2595/2595/2595 2594/2594/2594 2590/2590/2590
f 2595/2595/2595 2590/2590/2590 2596/2596/2596
f 2591/2591/2591 2596/2596/2596 2590/2590/2590
f 2591/2591/2591 2592/2592/2592 2596/2596/2596
f 2597/2597/2597 2596/2596/2596 2592/2592/2592
f 2598/2598/2598 2593/2593/2593 2599/2599/2599
f 2594/2594/2594 2599/2599/2599 2593/2593/2593
f 2594/2594/2594 2595/2595/2595 2599/2599/2599
f 2600/2600/2600 2599/2599/2599 2595/2595/2595
f 2600/2600/2600 2595/2595/2595 2601/2601/2601
f 2596/2596/2596 2601/2601/2601 2595/2595/2595
f 2596/2596/2596 2597/2597/2597 2601/2601/2601
f 2602/2602/2602 2601/2601/2601 2597/2597/2597
f 2599/2599/2599 2603/2603/2603 2598/2598/2598
f 2599/2599/2599 2600/2600/2600 2603/2603/2603
f 2601/2601/2601 2604/2604/2604 2600/2600/2600
f 2601/2601/2601 2602/2602/2602 2604/2604/2604
f 2606/2606/2606 2605/2605/2605 2607/2607/2607
f 2608/2608/2608 2607/2607/2607 2605/2605/2605
f 2608/2608/2608 2609/2609/2609 2607/2607/2607
f 2610/2610/2610 2607/2607/2607 2609/2609/2609
f 2610/2610/2610 2609/2609/2609 2611/2611/2611
f 2612/2612/2612 2611/2611/2611 2609/2609/2609
f 2613/2613/2613 2606/2606/2606 2614/2614/2614
f 2607/2607/2607 2614/2614/2614 2606/2606/2606
f 2607/2607/2607 2610/2610/2610 2614/2614/2614
f 2615/2615/2615 2614/2614/2614 2610/2610/2610
f 2615/2615/2615 2610/2610/2610 2616/2616/2616
f 2611/2611/2611 2616/2616/2616 2610/2610/2610
f 2617/2617/2617 2613/2613/2613 2618/2618/2618
f 2614/2614/2614 2618/2618/2618 2613/2613/2613
f 2614/2614/2614 2615/2615/2615 2618/2618/2618
f 2619/2619/2619 2618/2618/2618 2615/2615/2615
f 2619/2619/2619 2615/2615/2615 2620/2620/2620
f 2616/2616/2616 2620/2620/2620 2615/2615/2615
f 2618/2618/2618 2621/2621/2621 2617/2617/2617
f 2618/2618/2618 2619/2619/2619 2621/2621/2621
f 2620/2620/2620 2622/2622/2622 2619/2619/2619
f 2624/2624/2624 2623/2623/2623 2625/2625/2625
f 2626/2626/2626 2625/2625/2625 2623/2623/2623
f 2626/2626/2626 2627/2627/2627 2625/2625/2625
f 2628/2628/2628 2625/2625/2625 2627/2627/2627
f 2628/2628/2628 2627/2627/2627 2629/2629/2629
f 2630/2630/2630 2629/2629/2629 2627/2627/2627
f 2631/2631/2631 2624/2624/2624 2632/2632/2632
f 2625/2625/2625 2632/2632/2632 2624/2624/2624
f 2625/2625/2625 2628/2628/2628 2632/2632/2632
f 2633/2633/2633 2632/2632/2632 2628/2628/2628
f 2633/2633/2633 2628/2628/2628 2634/2634/2634
f 2629/2629/2629 2634/2634/2634 2628/2628/2628
f 2635/2635/2635 2631/2631/2631 2636/2636/2636
f 2632/2632/2632 2636/2636/2636 2631/2631/2631
f 2632/2632/2632 2633/2633/2633 2636/2636/2636
f 2637/2637/2637 2636/2636/2636 2633/2633/2633
f 2637/2637/2637 2633/2633/2633 2638/2638/2638
f 2634/2634/2634 2638/2638/2638 2633/2633/2633
f 2636/2636/2636 2639/2639/2639 2635/2635/2635
f 2636/2636/2636 2637/2637/2637 2639/2639/2639
f 2638/2638/2638 2640/2640/2640 2637/2637/2637
f 2642/2642/2642 2641/2641/2641 2643/2643/2643
f 2644/2644/2644 2643/2643/2643 2641/2641/2641
f 2644/2644/2644 2645/2645/2645 2643/2643/2643
f 2646/2646/2646 2643/2643/2643 2645/2645/2645
f 2646/2646/2646 2645/2645/2645 2647/2647/2647
f 2648/2648/2648 2647/2647/2647 2645/2645/2645
f 2648/2648/2648 2649/2649/2649 2647/2647/2647
f 2650/2650/2650 2647/2647/2647 2649/2649/2649
f 2651/2651/2651 2642/2642/2642 2652/2652/2652
f 2643/2643/2643 2652/2652/2652 2642/2642/2642
f 2643/2643/2643 2646/2646/2646 2652/2652/2652
f 2653/2653/2653 2652/2652/2652 2646/2646/2646
f 2653/2653/2653 2646/2646/2646 2654/2654/2654
f 2647/2647/2647 2654/2654/2654 2646/2646/2646
f 2647/2647/2647 2650/2650/2650 2654/2654/2654
f 2655/2655/2655 2654/2654/2654 2650/2650/2650
f 2656/2656/2656 2651/2651/2651 2657/2657/2657
f 2652/2652/2652 2657/2657/2657 2651/2651/2651
f 2652/2652/2652 2653/2653/2653 2657/2657/2657
f 2658/2658/2658 2657/2657/2657 2653/2653/2653
f 2658/2658/2658 2653/2653/2653 2659/2659/2659
f 2654/2654/2654 2659/2659/2659 2653/2653/2653
f 2654/2654/2654 2655/2655/2655 2659/2659/2659
f 2660/2660/2660 2659/2659/2659 2655/2655/2655
f 2661/2661/2661 2656/2656/2656 2662/2662/2662
f 2657/2657/2657 2662/2662/2662 2656/2656/2656
f 2657/2657/2657 2658/2658/2658 2662/2662/2662
f 2663/2663/2663 2662/2662/2662 2658/2658/2658
f 2663/2663/2663 2658/2658/2658 2664/2664/2664
f 2659/2659/2659 2664/2664/2664 2658/2658/2658
f 2659/2659/2659 2660/2660/2660 2664/2664/2664
f 2665/2665/2665 2664/2664/2664 2660/2660/2660
f 2662/2662/2662 2666/2666/2666 2661/2661/2661
f 2662/2662/2662 2663/2663/2663 2666/2666/2666
f 2664/2664/2664 2667/2667/2667 2663/2663/2663
f 2664/2664/2664 2665/2665/2665 2667/2667/2667
f 2669/2669/2669 2668/2668/2668 2670/2670/2670
f 2671/2671/2671 2670/2670/2670 2668/2668/2668
f 2671/2671/2671 2672/2672/2672 2670/2670/2670
f 2673/2673/2673 2670/2670/2670 2672/2672/2672
f 2673/2673/2673 2672/2672/2672 2674/2674/2674
f 2675/2675/2675 2674/2674/2674 2672/2672/2672
f 2675/2675/2675 2676/2676/2676 2674/2674/2674
f 2677/2677/2677 2674/2674/2674 2676/2676/2676
f 2678/2678/2678 2669/2669/2669 2679/2679/2679
f 2670/2670/2670 2679/2679/2679 2669/2669/2669
f 2670/2670/2670 2673/2673/2673 2679/2679/2679
f 2680/2680/2680 2679/2679/2679 2673/2673/2673
f 2680/2680/2680 2673/2673/2673 2681/2681/2681
f 2674/2674/2674 2681/2681/2681 2673/2673/2673
f 2674/2674/2674 2677/2677/2677 2681/2681/2681
f 2682/2682/2682 2681/2681/2681 2677/2677/2677
f 2683/2683/2683 2678/2678/2678 2684/2684/2684
f 2679/2679/2679 2684/2684/2684 2678/2678/2678
f 2679/2679/2679 2680/2680/2680 2684/2684/2684
f 2685/2685/2685 2684/2684/2684 2680/2680/2680
f 2685/2685/2685 2680/2680/2680 2686/2686/2686
f 2681/2681/2681 2686/2686/2686 2680/2680/2680
f 2681/2681/2681 2682/2682/2682 2686/2686/2686
f 2687/2687/2687 2686/2686/2686 2682/2682/2682
f 2688/2688/2688 2683/2683/2683 2689/2689/2689
f 2684/2684/2684 2689/2689/2689 2683/2683/2683
f 2684/2684/2684 2685/2685/2685 2689/2689/2689
f 2690/2690/2690 2689/2689/2689 2685/2685/2685
f 2690/2690/2690 2685/2685/2685 2691/2691/2691
f 2686/2686/2686 2691/2691/2691 2685/2685/2685
f 2686/2686/2686 2687/2687/2687 2691/2691/2691
f 2692/2692/2692 2691/2691/2691 2687/2687/2687
f 2689/2689/2689 2693/2693/2693 2688/2688/2688
f 2689/2689/2689 2690/2690/2690 2693/2693/2693
f 2691/2691/2691 2694/2694/2694 2690/2690/2690
f 2691/2691/2691 2692/2692/2692 2694/2694/2694
f 2696/2696/2696 2695/2695/2695 2697/2697/2697
f 2698/2698/2698 2697/2697/2697 2695/2695/2695
f 2698/2698/2698 2699/2699/2699 2697/2697/2697
f 2700/2700/2700 2697/2697/2697 2699/2699/2699
f 2700/2700/2700 2699/2699/2699 2701/2701/2701
f 2702/2702/2702 2701/2701/2701 2699/2699/2699
f 2703/2703/2703 2696/2696/2696 2704/2704/2704
f 2697/2697/2697 2704/2704/2704 2696/2696/2696
f 2697/2697/2697 2700/2700/2700 2704/2704/2704
f 2705/2705/2705 2704/2704/2704 2700/2700/2700
f 2705/2705/2705 2700/2700/2700 2706/2706/2706
f 2701/2701/2701 2706/2706/2706 2700/2700/2700
f 2707/2707/2707 2703/2703/2703 2708/2708/2708
f 2704/2704/2704 2708/2708/2708 2703/2703/2703
f 2704/2704/2704 2705/2705/2705 2708/2708/2708
f 2709/2709/2709 2708/2708/2708 2705/2705/2705
f 2709/2709/2709 2705/2705/2705 2710/2710/2710
f 2706/2706/2706 2710/2710/2710 2705/2705/2705
f 2708/2708/2708 2711/2711/2711 2707/2707/2707
f 2708/2708/2708 2709/2709/2709 2711/2711/2711
f 2710/2710/2710 2712/2712/2712 2709/2709/2709
f 2714/2714/2714 2713/2713/2713 2715/2715/2715
f 2716/2716/2716 2715/2715/2715 2713/2713/2713
f 2716/2716/2716 2717/2717/2717 2715/2715/2715
f 2718/2718/2718 2715/2715/2715 2717/2717/2717
f 2718/2718/2718 2717/2717/2717 2719/2719/2719
f 2720/2720/2720 2719/2719/2719 2717/2717/2717
f 2721/2721/2721 2714/2714/2714 2722/2722/2722
f 2715/2715/2715 2722/2722/2722 2714/2714/2714
f 2715/2715/2715 2718/2718/2718 2722/2722/2722
f 2723/2723/2723 2722/2722/2722 2718/2718/2718
f 2723/2723/2723 2718/2718/2718 2724/2724/2724
f 2719/2719/2719 2724/2724/2724 2718/2718/2718
f 2725/2725/2725 2721/2721/2721 2726/2726/2726
f 2722/2722/2722 2726/2726/2726 2721/2721/2721
f 2722/2722/2722 2723/2723/2723 2726/2726/2726
f 2727/2727/2727 2726/2726/2726 2723/2723/2723
f 2727/2727/2727 2723/2723/2723 2728/2728/2728
f 2724/2724/2724 2728/2728/2728 2723/2723/2723
f 2726/2726/2726 2729/2729/2729 2725/2725/2725
f 2726/2726/2726 2727/2727/2727 2729/2729/2729
f 2728/2728/2728 2730/2730/2730 2727/2727/2727
f 2732/2732/2732 2731/2731/2731 2733/2733/2733
f 2734/2734/2734 2733/2733/2733 2731/2731/2731
f 2734/2734/2734 2735/2735/2735 2733/2733/2733
f 2736/2736/2736 2733/2733/2733 2735/2735/2735
f 2736/2736/2736 2735/2735/2735 2737/2737/2737
f 2738/2738/2738 2737/2737/2737 2735/2735/2735
f 2739/2739/2739 2732/2732/2732 2740/2740/2740
f 2733/2733/2733 2740/2740/2740 2732/2732/2732
f 2733/2733/2733 2736/2736/2736 2740/2740/2740
f 2741/2741/2741 2740/2740/2740 2736/2736/2736
f 2741/2741/2741 2736/2736/2736 2742/2742/2742
f 2737/2737/2737 2742/2742/2742 2736/2736/2736
f 2743/2743/2743 2739/2739/2739 2744/2744/2744
f 2740/2740/2740 2744/2744/2744 2739/2739/2739
f 2740/2740/2740 2741/2741/2741 2744/2744/2744
f 2745/2745/2745 2744/2744/2744 2741/2741/2741
f 2745/2745/2745 2741/2741/2741 2746/2746/2746
f 2742/2742/2742 2746/2746/2746 2741/2741/2741
f 2744/2744/2744 2747/2747/2747 2743/2743/2743
f 2744/2744/2744 2745/2745/2745 2747/2747/2747
f 2746/2746/2746 2748/2748/2748 2745/2745/2745
f 2750/2750/2750 2749/2749/2749 2751/2751/2751
f 2752/2752/2752 2751/2751/2751 2749/2749/2749
f 2752/2752/2752 2753/2753/2753 2751/2751/2751
f 2754/2754/2754 2751/2751/2751 2753/2753/2753
f 2754/2754/2754 2753/2753/2753 2755/2755/2755
f 2756/2756/2756 2755/2755/2755 2753/2753/2753
f 2757/2757/2757 2750/2750/2750 2758/2758/2758
f 2751/2751/2751 2758/2758/2758 2750/2750/2750
f 2751/2751/2751 2754/2754/2754 2758/2758/2758
f 2759/2759/2759 2758/2758/2758 2754/2754/2754
f 2759/2759/2759 2754/2754/2754 2760/2760/2760
f 2755/2755/2755 2760/2760/2760 2754/2754/2754
f 2761/2761/2761 2757/2757/2757 2762/2762/2762
f 2758/2758/2758 2762/2762/2762 2757/2757/2757
f 2758/2758/2758 2759/2759/2759 2762/2762/2762
f 2763/2763/2763 2762/2762/2762 2759/2759/2759
f 2763/2763/2763 2759/2759/2759 2764/2764/2764
f 2760/2760/2760 2764/2764/2764 2759/2759/2759
f 2762/2762/2762 2765/2765/2765 2761/2761/2761
f 2762/2762/2762 2763/2763/2763 2765/2765/2765
f 2764/2764/2764 2766/2766/2766 2763/2763/2763
f 2768/2768/2768 2767/2767/2767 2769/2769/2769
f 2770/2770/2770 2769/2769/2769 2767/2767/2767
f 2770/2770/2770 2771/2771/2771 2769/2769/2769
f 2772/2772/2772 2769/2769/2769 2771/2771/2771
f 2772/2772/2772 2771/2771/2771 2773/2773/2773
f 2774/2774/2774 2773/2773/2773 2771/2771/2771
f 2775/2775/2775 2768/2768/2768 2776/2776/2776
f 2769/2769/2769 2776/2776/2776 2768/2768/2768
f 2769/2769/2769 2772/2772/2772 2776/2776/2776
f 2777/2777/2777 2776/2776/2776 2772/2772/2772
f 2777/2777/2777 2772/2772/2772 2778/2778/2778
f 2773/2773/2773 2778/2778/2778 2772/2772/2772
f 2779/2779/2779 2775/2775/2775 2780/2780/2780
f 2776/2776/2776 2780/2780/2780 2775/2775/2775
f 2776/2776/2776 2777/2777/2777 2780/2780/2780
f 2781/2781/2781 2780/2780/2780 2777/2777/2777
f 2781/2781/2781 2777/2777/2777 2782/2782/2782
f 2778/2778/2778 2782/2782/2782 2777/2777/2777
f 2780/2780/2780 2783/2783/2783 2779/2779/2779
f 2780/2780/2780 2781/2781/2781 2783/2783/2783
f 2782/2782/2782 2784/2784/2784 2781/2781/2781
f 2786/2786/2786 2785/2785/2785 2787/2787/2787
f 2788/2788/2788 2787/2787/2787 2785/2785/2785
f 2788/2788/2788 2789/2789/2789 2787/2787/2787
f 2790/2790/2790 2787/2787/2787 2789/2789/2789
f 2790/2790/2790 2789/2789/2789 2791/2791/2791
f 2792/2792/2792 2791/2791/2791 2789/2789/2789
f 2793/2793/2793 2786/2786/2786 2794/2794/2794
f 2787/2787/2787 2794/2794/2794 2786/2786/2786
f 2787/2787/2787 2790/2790/2790 2794/2794/2794
f 2795/2795/2795 2794/2794/2794 2790/2790/2790
f 2795/2795/2795 2790/2790/2790 2796/2796/2796
f 2791/2791/2791 2796/2796/2796 2790/2790/2790
f 2797/2797/2797 2793/2793/2793 2798/2798/2798
f 2794/2794/2794 2798/2798/2798 2793/2793/2793
f 2794/2794/2794 2795/2795/2795 2798/2798/2798
f 2799/2799/2799 2798/2798/2798 2795/2795/2795
f 2799/2799/2799 2795/2795/2795 2800/2800/2800
f 2796/2796/2796 2800/2800/2800 2795/2795/2795
f 2798/2798/2798 2801/2801/2801 2797/2797/2797
f 2798/2798/2798 2799/2799/2799 2801/2801/2801
f 2800/2800/2800 2802/2802/2802 2799/2799/2799
f 2804/2804/2804 2803/2803/2803 2805/2805/2805
f 2806/2806/2806 2805/2805/2805 2803/2803/2803
f 2806/2806/2806 2807/2807/2807 2805/2805/2805
f 2808/2808/2808 2805/2805/2805 2807/2807/2807
f 2808/2808/2808 2807/2807/2807 2809/2809/2809
f 2810/2810/2810 2809/2809/2809 2807/2807/2807
f 2811/2811/2811 2804/2804/2804 2812/2812/2812
f 2805/2805/2805 2812/2812/2812 2804/2804/2804
f 2805/2805/2805 2808/2808/2808 2812/2812/2812
f 2813/2813/2813 2812/2812/2812 2808/2808/2808
f 2813/2813/2813 2808/2808/2808 2814/2814/2814
f 2809/2809/2809 2814/2814/2814 2808/2808/2808
f 2815/2815/2815 2811/2811/2811 2816/2816/2816
f 2812/2812/2812 2816/2816/2816 2811/2811/2811
f 2812/2812/2812 2813/2813/2813 2816/2816/2816
f 2817/2817/2817 2816/2816/2816 2813/2813/2813
f 2817/2817/2817 2813/2813/2813 2818/2818/2818
f 2814/2814/2814 2818/2818/2818 2813/2813/2813
f 2816/2816/2816 2819/2819/2819 2815/2815/2815
f 2816/2816/2816 2817/2817/2817 2819/2819/2819
f 2818/2818/2818 2820/2820/2820 2817/2817/2817
f 2822/2822/2822 2821/2821/2821 2823/2823/2823
f 2824/2824/2824 2823/2823/2823 2821/2821/2821
f 2824/2824/2824 2825/2825/2825 2823/2823/2823
f 2826/2826/2826 2823/2823/2823 2825/2825/2825
f 2826/2826/2826 2825/2825/2825 2827/2827/2827
f 2828/2828/2828 2827/2827/2827 2825/2825/2825
f 2829/2829/2829 2822/2822/2822 2830/2830/2830
f 2823/2823/2823 2830/2830/2830 2822/2822/2822
f 2823/2823/2823 2826/2826/2826 2830/2830/2830
f 2831/2831/2831 2830/2830/2830 2826/2826/2826
f 2831/2831/2831 2826/2826/2826 2832/2832/2832
f 2827/2827/2827 2832/2832/2832 2826/2826/2826
f 2833/2833/2833 2829/2829/2829 2834/2834/2834
f 2830/2830/2830 2834/2834/2834 2829/2829/2829
f 2830/2830/2830 2831/2831/2831 2834/2834/2834
f 2835/2835/2835 2834/2834/2834 2831/2831/2831
f 2835/2835/2835 2831/2831/2831 2836/2836/2836
f 2832/2832/2832 2836/2836/2836 2831/2831/2831
f 2834/2834/2834 2837/2837/2837 2833/2833/2833
f 2834/2834/2834 2835/2835/2835 2837/2837/2837
f 2836/2836/2836 2838/2838/2838 2835/2835/2835
f 1816/1816/1816 1817/1817/1817 2839/2839/2839
f 1817/1817/1817 1818/1818/1818 2840/2840/2840
f 1818/1818/1818 1819/1819/1819 2841/2841/2841
f 1837/1837/1837 1838/1838/1838 2842/2842/2842
f 2843/2843/2843 2842/2842/2842 1838/1838/1838
f 1838/1838/1838 1839/1839/1839 2843/2843/2843
f 2844/2844/2844 2843/2843/2843 1839/1839/1839
f 1839/1839/1839 1840/1840/1840 2844/2844/2844
f 2845/2845/2845 2844/2844/2844 1840/1840/1840
f 1840/1840/1840 1841/1841/1841 2845/2845/2845
f 2846/2846/2846 2845/2845/2845 1841/1841/1841
f 2843/2843/2843 2847/2847/2847 2842/2842/2842
f 2843/2843/2843 2844/2844/2844 2847/2847/2847
f 2845/2845/2845 2848/2848/2848 2844/2844/2844
f 2845/2845/2845 2846/2846/2846 2848/2848/2848
f 1861/1861/1861 1862/1862/1862 2849/2849/2849
f 1862/1862/1862 1863/1863/1863 2850/2850/2850
f 1863/1863/1863 1864/1864/1864 2851/2851/2851
f 1882/1882/1882 1883/1883/1883 2852/2852/2852
f 2853/2853/2853 2852/2852/2852 1883/1883/1883
f 1883/1883/1883 1884/1884/1884 2853/2853/2853
f 2854/2854/2854 2853/2853/2853 1884/1884/1884
f 1884/1884/1884 1885/1885/1885 2854/2854/2854
f 2855/2855/2855 2854/2854/2854 1885/1885/1885
f 1885/1885/1885 1886/1886/1886 2855/2855/2855
f 2856/2856/2856 2855/2855/2855 1886/1886/1886
f 2853/2853/2853 2857/2857/2857 2852/2852/2852
f 2853/2853/2853 2854/2854/2854 2857/2857/2857
f 2855/2855/2855 2858/2858/2858 2854/2854/2854
f 2855/2855/2855 2856/2856/2856 2858/2858/2858
f 1915/1915/1915 1916/1916/1916 2859/2859/2859
f 2860/2860/2860 2859/2859/2859 1916/1916/1916
f 1916/1916/1916 1917/1917/1917 2860/2860/2860
f 2861/2861/2861 2860/2860/2860 1917/1917/1917
f 1917/1917/1917 1918/1918/1918 2861/2861/2861
f 2862/2862/2862 2861/2861/2861 1918/1918/1918
f 1918/1918/1918 1919/1919/1919 2862/2862/2862
f 2863/2863/2863 2862/2862/2862 1919/1919/1919
f 1919/1919/1919 1920/1920/1920 2863/2863/2863
f 2864/2864/2864 2863/2863/2863 1920/1920/1920
f 1920/1920/1920 1921/1921/1921 2864/2864/2864
f 2865/2865/2865 2864/2864/2864 1921/1921/1921
f 2866/2866/2866 2859/2859/2859 2867/2867/2867
f 2860/2860/2860 2867/2867/2867 2859/2859/2859
f 2860/2860/2860 2861/2861/2861 2867/2867/2867
f 2868/2868/2868 2867/2867/2867 2861/2861/2861
f 2868/2868/2868 2861/2861/2861 2869/2869/2869
f 2862/2862/2862 2869/2869/2869 2861/2861/2861
f 2862/2862/2862 2863/2863/2863 2869/2869/2869
f 2870/2870/2870 2869/2869/2869 2863/2863/2863
f 2870/2870/2870 2863/2863/2863 2871/2871/2871
f 2864/2864/2864 2871/2871/2871 2863/2863/2863
f 2864/2864/2864 2865/2865/2865 2871/2871/2871
f 2872/2872/2872 2871/2871/2871 2865/2865/2865
f 2867/2867/2867 2873/2873/2873 2866/2866/2866
f 2867/2867/2867 2868/2868/2868 2873/2873/2873
f 2869/2869/2869 2874/2874/2874 2868/2868/2868
f 2869/2869/2869 2870/2870/2870 2874/2874/2874
f 2871/2871/2871 2875/2875/2875 2870/2870/2870
f 2871/2871/2871 2872/2872/2872 2875/2875/2875
f 1963/1963/1963 1964/1964/1964 2876/2876/2876
f 2877/2877/2877 2876/2876/2876 1964/1964/1964
f 1964/1964/1964 1965/1965/1965 2877/2877/2877
f 2878/2878/2878 2877/2877/2877 1965/1965/1965
f 1965/1965/1965 1966/1966/1966 2878/2878/2878
f 2879/2879/2879 2878/2878/2878 1966/1966/1966
f 1966/1966/1966 1967/1967/1967 2879/2879/2879
f 2880/2880/2880 2879/2879/2879 1967/1967/1967
f 1967/1967/1967 1968/1968/1968 2880/2880/2880
f 2881/2881/2881 2880/2880/2880 1968/1968/1968
f 2877/2877/2877 2882/2882/2882 2876/2876/2876
f 2877/2877/2877 2878/2878/2878 2882/2882/2882
f 2879/2879/2879 2883/2883/2883 2878/2878/2878
f 2879/2879/2879 2880/2880/2880 2883/2883/2883
f 2881/2881/2881 2884/2884/2884 2880/2880/2880
f 1996/1996/1996 1997/1997/1997 2885/2885/2885
f 2886/2886/2886 2885/2885/2885 1997/1997/1997
f 1997/1997/1997 1998/1998/1998 2886/2886/2886
f 2887/2887/2887 2886/2886/2886 1998/1998/1998
f 1998/1998/1998 1999/1999/1999 2887/2887/2887
f 2888/2888/2888 2887/2887/2887 1999/1999/1999
f 1999/1999/1999 2000/2000/2000 2888/2888/2888
f 2889/2889/2889 2888/2888/2888 2000/2000/2000
f 2000/2000/2000 2001/2001/2001 2889/2889/2889
f 2890/2890/2890 2889/2889/2889 2001/2001/2001
f 2886/2886/2886 2891/2891/2891 2885/2885/2885
f 2886/2886/2886 2887/2887/2887 2891/2891/2891
f 2888/2888/2888 2892/2892/2892 2887/2887/2887
f 2888/2888/2888 2889/2889/2889 2892/2892/2892
f 2890/2890/2890 2893/2893/2893 2889/2889/2889
f 2032/2032/2032 2033/2033/2033 2894/2894/2894
f 2895/2895/2895 2894/2894/2894 2033/2033/2033
f 2033/2033/2033 2034/2034/2034 2895/2895/2895
f 2896/2896/2896 2895/2895/2895 2034/2034/2034
f 2034/2034/2034 2035/2035/2035 2896/2896/2896
f 2897/2897/2897 2896/2896/2896 2035/2035/2035
f 2035/2035/2035 2036/2036/2036 2897/2897/2897
f 2898/2898/2898 2897/2897/2897 2036/2036/2036
f 2036/2036/2036 2037/2037/2037 2898/2898/2898
f 2899/2899/2899 2898/2898/2898 2037/2037/2037
f 2037/2037/2037 2038/2038/2038 2899/2899/2899
f 2900/2900/2900 2899/2899/2899 2038/2038/2038
f 2901/2901/2901 2894/2894/2894 2902/2902/2902
f 2895/2895/2895 2902/2902/2902 2894/2894/2894
f 2895/2895/2895 2896/2896/2896 2902/2902/2902
f 2903/2903/2903 2902/2902/2902 2896/2896/2896
f 2903/2903/2903 2896/2896/2896 2904/2904/2904
f 2897/2897/2897 2904/2904/2904 2896/2896/2896
f 2897/2897/2897 2898/2898/2898 2904/2904/2904
f 2905/2905/2905 2904/2904/2904 2898/2898/2898
f 2905/2905/2905 2898/2898/2898 2906/2906/2906
f 2899/2899/2899 2906/2906/2906 2898/2898/2898
f 2899/2899/2899 2900/2900/2900 2906/2906/2906
f 2907/2907/2907 2906/2906/2906 2900/2900/2900
f 2902/2902/2902 2908/2908/2908 2901/2901/2901
f 2902/2902/2902 2903/2903/2903 2908/2908/2908
f 2904/2904/2904 2909/2909/2909 2903/2903/2903
f 2904/2904/2904 2905/2905/2905 2909/2909/2909
f 2906/2906/2906 2910/2910/2910 2905/2905/2905
f 2906/2906/2906 2907/2907/2907 2910/2910/2910
f 2084/2084/2084 2085/2085/2085 2911/2911/2911
f 2912/2912/2912 2911/2911/2911 2085/2085/2085
f 2085/2085/2085 2086/2086/2086 2912/2912/2912
f 2913/2913/2913 2912/2912/2912 2086/2086/2086
f 2086/2086/2086 2087/2087/2087 2913/2913/2913
f 2914/2914/2914 2913/2913/2913 2087/2087/2087
f 2087/2087/2087 2088/2088/2088 2914/2914/2914
f 2915/2915/2915 2914/2914/2914 2088/2088/2088
f 2088/2088/2088 2089/2089/2089 2915/2915/2915
f 2916/2916/2916 2915/2915/2915 2089/2089/2089
f 2089/2089/2089 2090/2090/2090 2916/2916/2916
f 2917/2917/2917 2916/2916/2916 2090/2090/2090
f 2912/2912/2912 2918/2918/2918 2911/2911/2911
f 2912/2912/2912 2913/2913/2913 2918/2918/2918
f 2914/2914/2914 2919/2919/2919 2913/2913/2913
f 2914/2914/2914 2915/2915/2915 2919/2919/2919
f 2916/2916/2916 2920/2920/2920 2915/2915/2915
f 2916/2916/2916 2917/2917/2917 2920/2920/2920
f 2116/2116/2116 2117/2117/2117 2921/2921/2921
f 2922/2922/2922 2921/2921/2921 2117/2117/2117
f 2117/2117/2117 2118/2118/2118 2922/2922/2922
f 2923/2923/2923 2922/2922/2922 2118/2118/2118
f 2118/2118/2118 2119/2119/2119 2923/2923/2923
f 2924/2924/2924 2923/2923/2923 2119/2119/2119
f 2119/2119/2119 2120/2120/2120 2924/2924/2924
f 2925/2925/2925 2924/2924/2924 2120/2120/2120
f 2922/2922/2922 2926/2926/2926 2921/2921/2921
f 2922/2922/2922 2923/2923/2923 2926/2926/2926
f 2924/2924/2924 2927/2927/2927 2923/2923/2923
f 2924/2924/2924 2925/2925/2925 2927/2927/2927
f 2149/2149/2149 2150/2150/2150 2928/2928/2928
f 2929/2929/2929 2928/2928/2928 2150/2150/2150
f 2150/2150/2150 2151/2151/2151 2929/2929/2929
f 2930/2930/2930 2929/2929/2929 2151/2151/2151
f 2151/2151/2151 2152/2152/2152 2930/2930/2930
f 2931/2931/2931 2930/2930/2930 2152/2152/2152
f 2152/2152/2152 2153/2153/2153 2931/2931/2931
f 2932/2932/2932 2931/2931/2931 2153/2153/2153
f 2153/2153/2153 2154/2154/2154 2932/2932/2932
f 2933/2933/2933 2932/2932/2932 2154/2154/2154
f 2154/2154/2154 2155/2155/2155 2933/2933/2933
f 2934/2934/2934 2933/2933/2933 2155/2155/2155
f 2935/2935/2935 2928/2928/2928 2936/2936/2936
f 2929/2929/2929 2936/2936/2936 2928/2928/2928
f 2929/2929/2929 2930/2930/2930 2936/2936/2936
f 2937/2937/2937 2936/2936/2936 2930/2930/2930
f 2937/2937/2937 2930/2930/2930 2938/2938/2938
f 2931/2931/2931 2938/2938/2938 2930/2930/2930
f 2931/2931/2931 2932/2932/2932 2938/2938/2938
f 2939/2939/2939 2938/2938/2938 2932/2932/2932
f 2939/2939/2939 2932/2932/2932 2940/2940/2940
f 2933/2933/2933 2940/2940/2940 2932/2932/2932
f 2933/2933/2933 2934/2934/2934 2940/2940/2940
f 2941/2941/2941 2940/2940/2940 2934/2934/2934
f 2936/2936/2936 2942/2942/2942 2935/2935/2935
f 2936/2936/2936 2937/2937/2937 2942/2942/2942
f 2938/2938/2938 2943/2943/2943 2937/2937/2937
f 2938/2938/2938 2939/2939/2939 2943/2943/2943
f 2940/2940/2940 2944/2944/2944 2939/2939/2939
f 2940/2940/2940 2941/2941/2941 2944/2944/2944
f 2188/2188/2188 2189/2189/2189 2945/2945/2945
f 2946/2946/2946 2945/2945/2945 2189/2189/2189
f 2189/2189/2189 2190/2190/2190 2946/2946/2946
f 2947/2947/2947 2946/2946/2946 2190/2190/2190
f 2190/2190/2190 2191/2191/2191 2947/2947/2947
f 2948/2948/2948 2947/2947/2947 2191/2191/2191
f 2191/2191/2191 2192/2192/2192 2948/2948/2948
f 2949/2949/2949 2948/2948/2948 2192/2192/2192
f 2946/2946/2946 2950/2950/2950 2945/2945/2945
f 2946/2946/2946 2947/2947/2947 2950/2950/2950
f 2948/2948/2948 2951/2951/2951 2947/2947/2947
f 2948/2948/2948 2949/2949/2949 2951/2951/2951
f 2200/2200/2200 2203/2203/2203 2952/2952/2952
f 2953/2953/2953 2952/2952/2952 2203/2203/2203
f 2203/2203/2203 2204/2204/2204 2953/2953/2953
f 2954/2954/2954 2953/2953/2953 2204/2204/2204
f 2204/2204/2204 2207/2207/2207 2954/2954/2954
f 2955/2955/2955 2954/2954/2954 2207/2207/2207
f 2953/2953/2953 2956/2956/2956 2952/2952/2952
f 2953/2953/2953 2954/2954/2954 2956/2956/2956
f 2955/2955/2955 2957/2957/2957 2954/2954/2954
f 2242/2242/2242 2243/2243/2243 2958/2958/2958
f 2959/2959/2959 2958/2958/2958 2243/2243/2243
f 2243/2243/2243 2244/2244/2244 2959/2959/2959
f 2960/2960/2960 2959/2959/2959 2244/2244/2244
f 2244/2244/2244 2245/2245/2245 2960/2960/2960
f 2961/2961/2961 2960/2960/2960 2245/2245/2245
f 2245/2245/2245 2246/2246/2246 2961/2961/2961
f 2962/2962/2962 2961/2961/2961 2246/2246/2246
f 2246/2246/2246 2247/2247/2247 2962/2962/2962
f 2963/2963/2963 2962/2962/2962 2247/2247/2247
f 2959/2959/2959 2964/2964/2964 2958/2958/2958
f 2959/2959/2959 2960/2960/2960 2964/2964/2964
f 2961/2961/2961 2965/2965/2965 2960/2960/2960
f 2961/2961/2961 2962/2962/2962 2965/2965/2965
f 2963/2963/2963 2966/2966/2966 2962/2962/2962
f 2269/2269/2269 2270/2270/2270 2967/2967/2967
f 2270/2270/2270 2271/2271/2271 2968/2968/2968
f 2271/2271/2271 2272/2272/2272 2969/2969/2969
f 2287/2287/2287 2288/2288/2288 2970/2970/2970
f 2288/2288/2288 2289/2289/2289 2971/2971/2971
f 2289/2289/2289 2290/2290/2290 2972/2972/2972
f 2311/2311/2311 2312/2312/2312 2973/2973/2973
f 2974/2974/2974 2973/2973/2973 2312/2312/2312
f 2312/2312/2312 2313/2313/2313 2974/2974/2974
f 2975/2975/2975 2974/2974/2974 2313/2313/2313
f 2313/2313/2313 2314/2314/2314 2975/2975/2975
f 2976/2976/2976 2975/2975/2975 2314/2314/2314
f 2314/2314/2314 2315/2315/2315 2976/2976/2976
f 2977/2977/2977 2976/2976/2976 2315/2315/2315
f 2315/2315/2315 2316/2316/2316 2977/2977/2977
f 2978/2978/2978 2977/2977/2977 2316/2316/2316
f 2979/2979/2979 2973/2973/2973 2980/2980/2980
f 2974/2974/2974 2980/2980/2980 2973/2973/2973
f 2974/2974/2974 2975/2975/2975 2980/2980/2980
f 2981/2981/2981 2980/2980/2980 2975/2975/2975
f 2981/2981/2981 2975/2975/2975 2982/2982/2982
f 2976/2976/2976 2982/2982/2982 2975/2975/2975
f 2976/2976/2976 2977/2977/2977 2982/2982/2982
f 2983/2983/2983 2982/2982/2982 2977/2977/2977
f 2983/2983/2983 2977/2977/2977 2984/2984/2984
f 2978/2978/2978 2984/2984/2984 2977/2977/2977
f 2980/2980/2980 2985/2985/2985 2979/2979/2979
f 2980/2980/2980 2981/2981/2981 2985/2985/2985
f 2982/2982/2982 2986/2986/2986 2981/2981/2981
f 2982/2982/2982 2983/2983/2983 2986/2986/2986
f 2984/2984/2984 2987/2987/2987 2983/2983/2983
f 2350/2350/2350 2351/2351/2351 2988/2988/2988
f 2989/2989/2989 2988/2988/2988 2351/2351/2351
f 2351/2351/2351 2352/2352/2352 2989/2989/2989
f 2990/2990/2990 2989/2989/2989 2352/2352/2352
f 2352/2352/2352 2353/2353/2353 2990/2990/2990
f 2991/2991/2991 2990/2990/2990 2353/2353/2353
f 2353/2353/2353 2354/2354/2354 2991/2991/2991
f 2992/2992/2992 2991/2991/2991 2354/2354/2354
f 2354/2354/2354 2355/2355/2355 2992/2992/2992
f 2993/2993/2993 2992/2992/2992 2355/2355/2355
f 2989/2989/2989 2994/2994/2994 2988/2988/2988
f 2989/2989/2989 2990/2990/2990 2994/2994/2994
f 2991/2991/2991 2995/2995/2995 2990/2990/2990
f 2991/2991/2991 2992/2992/2992 2995/2995/2995
f 2993/2993/2993 2996/2996/2996 2992/2992/2992
f 2380/2380/2380 2381/2381/2381 2997/2997/2997
f 2998/2998/2998 2997/2997/2997 2381/2381/2381
f 2381/2381/2381 2382/2382/2382 2998/2998/2998
f 2999/2999/2999 2998/2998/2998 2382/2382/2382
f 2382/2382/2382 2383/2383/2383 2999/2999/2999
f 3000/3000/3000 2999/2999/2999 2383/2383/2383
f 2383/2383/2383 2384/2384/2384 3000/3000/3000
f 3001/3001/3001 3000/3000/3000 2384/2384/2384
f 2998/2998/2998 3002/3002/3002 2997/2997/2997
f 2998/2998/2998 2999/2999/2999 3002/3002/3002
f 3000/3000/3000 3003/3003/3003 2999/2999/2999
f 3000/3000/3000 3001/3001/3001 3003/3003/3003
f 2410/2410/2410 2411/2411/2411 3004/3004/3004
f 3005/3005/3005 3004/3004/3004 2411/2411/2411
f 2411/2411/2411 2412/2412/2412 3005/3005/3005
f 3006/3006/3006 3005/3005/3005 2412/2412/2412
f 2412/2412/2412 2413/2413/2413 3006/3006/3006
f 3007/3007/3007 3006/3006/3006 2413/2413/2413
f 2413/2413/2413 2414/2414/2414 3007/3007/3007
f 3008/3008/3008 3007/3007/3007 2414/2414/2414
f 2414/2414/2414 2415/2415/2415 3008/3008/3008
f 3009/3009/3009 3008/3008/3008 2415/2415/2415
f 3005/3005/3005 3010/3010/3010 3004/3004/3004
f 3005/3005/3005 3006/3006/3006 3010/3010/3010
f 3007/3007/3007 3011/3011/3011 3006/3006/3006
f 3007/3007/3007 3008/3008/3008 3011/3011/3011
f 3009/3009/3009 3012/3012/3012 3008/3008/3008
f 2440/2440/2440 2441/2441/2441 3013/3013/3013
f 3014/3014/3014 3013/3013/3013 2441/2441/2441
f 2441/2441/2441 2442/2442/2442 3014/3014/3014
f 3015/3015/3015 3014/3014/3014 2442/2442/2442
f 2442/2442/2442 2443/2443/2443 3015/3015/3015
f 3016/3016/3016 3015/3015/3015 2443/2443/2443
f 2443/2443/2443 2444/2444/2444 3016/3016/3016
f 3017/3017/3017 3016/3016/3016 2444/2444/2444
f 3014/3014/3014 3018/3018/3018 3013/3013/3013
f 3014/3014/3014 3015/3015/3015 3018/3018/3018
f 3016/3016/3016 3019/3019/3019 3015/3015/3015
f 3016/3016/3016 3017/3017/3017 3019/3019/3019
f 2464/2464/2464 2465/2465/2465 3020/3020/3020
f 2465/2465/2465 2466/2466/2466 3021/3021/3021
f 2466/2466/2466 2467/2467/2467 3022/3022/3022
f 2470/2470/2470 2473/2473/2473 3023/3023/3023
f 3024/3024/3024 3023/3023/3023 2473/2473/2473
f 2473/2473/2473 2474/2474/2474 3024/3024/3024
f 3025/3025/3025 3024/3024/3024 2474/2474/2474
f 2474/2474/2474 2477/2477/2477 3025/3025/3025
f 3026/3026/3026 3025/3025/3025 2477/2477/2477
f 3024/3024/3024 3027/3027/3027 3023/3023/3023
f 3024/3024/3024 3025/3025/3025 3027/3027/3027
f 3026/3026/3026 3028/3028/3028 3025/3025/3025
f 2503/2503/2503 2504/2504/2504 3029/3029/3029
f 3030/3030/3030 3029/3029/3029 2504/2504/2504
f 2504/2504/2504 2505/2505/2505 3030/3030/3030
f 3031/3031/3031 3030/3030/3030 2505/2505/2505
f 2505/2505/2505 2506/2506/2506 3031/3031/3031
f 3032/3032/3032 3031/3031/3031 2506/2506/2506
f 2506/2506/2506 2507/2507/2507 3032/3032/3032
f 3033/3033/3033 3032/3032/3032 2507/2507/2507
f 3030/3030/3030 3034/3034/3034 3029/3029/3029
f 3030/3030/3030 3031/3031/3031 3034/3034/3034
f 3032/3032/3032 3035/3035/3035 3031/3031/3031
f 3032/3032/3032 3033/3033/3033 3035/3035/3035
f 2527/2527/2527 2528/2528/2528 3036/3036/3036
f 2528/2528/2528 2529/2529/2529 3037/3037/3037
f 2529/2529/2529 2530/2530/2530 3038/3038/3038
f 2533/2533/2533 2536/2536/2536 3039/3039/3039
f 3040/3040/3040 3039/3039/3039 2536/2536/2536
f 2536/2536/2536 2537/2537/2537 3040/3040/3040
f 3041/3041/3041 3040/3040/3040 2537/2537/2537
f 2537/2537/2537 2540/2540/2540 3041/3041/3041
f 3042/3042/3042 3041/3041/3041 2540/2540/2540
f 3040/3040/3040 3043/3043/3043 3039/3039/3039
f 3040/3040/3040 3041/3041/3041 3043/3043/3043
f 3042/3042/3042 3044/3044/3044 3041/3041/3041
f 2566/2566/2566 2567/2567/2567 3045/3045/3045
f 3046/3046/3046 3045/3045/3045 2567/2567/2567
f 2567/2567/2567 2568/2568/2568 3046/3046/3046
f 3047/3047/3047 3046/3046/3046 2568/2568/2568
f 2568/2568/2568 2569/2569/2569 3047/3047/3047
f 3048/3048/3048 3047/3047/3047 2569/2569/2569
f 2569/2569/2569 2570/2570/2570 3048/3048/3048
f 3049/3049/3049 3048/3048/3048 2570/2570/2570
f 3046/3046/3046 3050/3050/3050 3045/3045/3045
f 3046/3046/3046 3047/3047/3047 3050/3050/3050
f 3048/3048/3048 3051/3051/3051 3047/3047/3047
f 3048/3048/3048 3049/3049/3049 3051/3051/3051
f 2593/2593/2593 2594/2594/2594 3052/3052/3052
f 3053/3053/3053 3052/3052/3052 2594/2594/2594
f 2594/2594/2594 2595/2595/2595 3053/3053/3053
f 3054/3054/3054 3053/3053/3053 2595/2595/2595
f 2595/2595/2595 2596/2596/2596 3054/3054/3054
f 3055/3055/3055 3054/3054/3054 2596/2596/2596
f 2596/2596/2596 2597/2597/2597 3055/3055/3055
f 3056/3056/3056 3055/3055/3055 2597/2597/2597
f 3053/3053/3053 3057/3057/3057 3052/3052/3052
f 3053/3053/3053 3054/3054/3054 3057/3057/3057
f 3055/3055/3055 3058/3058/3058 3054/3054/3054
f 3055/3055/3055 3056/3056/3056 3058/3058/3058
f 2605/2605/2605 2608/2608/2608 3059/3059/3059
f 3060/3060/3060 3059/3059/3059 2608/2608/2608
f 2608/2608/2608 2609/2609/2609 3060/3060/3060
f 3061/3061/3061 3060/3060/3060 2609/2609/2609
f 2609/2609/2609 2612/2612/2612 3061/3061/3061
f 3062/3062/3062 3061/3061/3061 2612/2612/2612
f 3060/3060/3060 3063/3063/3063 3059/3059/3059
f 3060/3060/3060 3061/3061/3061 3063/3063/3063
f 3062/3062/3062 3064/3064/3064 3061/3061/3061
f 2635/2635/2635 2636/2636/2636 3065/3065/3065
f 2636/2636/2636 2637/2637/2637 3066/3066/3066
f 2637/2637/2637 2638/2638/2638 3067/3067/3067
f 2656/2656/2656 2657/2657/2657 3068/3068/3068
f 3069/3069/3069 3068/3068/3068 2657/2657/2657
f 2657/2657/2657 2658/2658/2658 3069/3069/3069
f 3070/3070/3070 3069/3069/3069 2658/2658/2658
f 2658/2658/2658 2659/2659/2659 3070/3070/3070
f 3071/3071/3071 3070/3070/3070 2659/2659/2659
f 2659/2659/2659 2660/2660/2660 3071/3071/3071
f 3072/3072/3072 3071/3071/3071 2660/2660/2660
f 3069/3069/3069 3073/3073/3073 3068/3068/3068
f 3069/3069/3069 3070/3070/3070 3073/3073/3073
f 3071/3071/3071 3074/3074/3074 3070/3070/3070
f 3071/3071/3071 3072/3072/3072 3074/3074/3074
f 2683/2683/2683 2684/2684/2684 3075/3075/3075
f 3076/3076/3076 3075/3075/3075 2684/2684/2684
f 2684/2684/2684 2685/2685/2685 3076/3076/3076
f 3077/3077/3077 3076/3076/3076 2685/2685/2685
f 2685/2685/2685 2686/2686/2686 3077/3077/3077
f 3078/3078/3078 3077/3077/3077 2686/2686/2686
f 2686/2686/2686 2687/2687/2687 3078/3078/3078
f 3079/3079/3079 3078/3078/3078 2687/2687/2687
f 3076/3076/3076 3080/3080/3080 3075/3075/3075
f 3076/3076/3076 3077/3077/3077 3080/3080/3080
f 3078/3078/3078 3081/3081/3081 3077/3077/3077
f 3078/3078/3078 3079/3079/3079 3081/3081/3081
f 2707/2707/2707 2708/2708/2708 3082/3082/3082
f 2708/2708/2708 2709/2709/2709 3083/3083/3083
f 2709/2709/2709 2710/2710/2710 3084/3084/3084
f 2725/2725/2725 2726/2726/2726 3085/3085/3085
f 2726/2726/2726 2727/2727/2727 3086/3086/3086
f 2727/2727/2727 2728/2728/2728 3087/3087/3087
f 2743/2743/2743 2744/2744/2744 3088/3088/3088
f 2744/2744/2744 2745/2745/2745 3089/3089/3089
f 2745/2745/2745 2746/2746/2746 3090/3090/3090
f 2761/2761/2761 2762/2762/2762 3091/3091/3091
f 2762/2762/2762 2763/2763/2763 3092/3092/3092
f 2763/2763/2763 2764/2764/2764 3093/3093/3093
f 2779/2779/2779 2780/2780/2780 3094/3094/3094
f 2780/2780/2780 2781/2781/2781 3095/3095/3095
f 2781/2781/2781 2782/2782/2782 3096/3096/3096
f 2785/2785/2785 2788/2788/2788 3097/3097/3097
f 3098/3098/3098 3097/3097/3097 2788/2788/2788
f 2788/2788/2788 2789/2789/2789 3098/3098/3098
f 3099/3099/3099 3098/3098/3098 2789/2789/2789
f 2789/2789/2789 2792/2792/2792 3099/3099/3099
f 3100/3100/3100 3099/3099/3099 2792/2792/2792
f 3098/3098/3098 3101/3101/3101 3097/3097/3097
f 3098/3098/3098 3099/3099/3099 3101/3101/3101
f 3100/3100/3100 3102/3102/3102 3099/3099/3099
f 2815/2815/2815 2816/2816/2816 3103/3103/3103
f 2816/2816/2816 2817/2817/2817 3104/3104/3104
f 2817/2817/2817 2818/2818/2818 3105/3105/3105
f 2821/2821/2821 2824/2824/2824 3106/3106/3106
f 3107/3107/3107 3106/3106/3106 2824/2824/2824
f 2824/2824/2824 2825/2825/2825 3107/3107/3107
f 3108/3108/3108 3107/3107/3107 2825/2825/2825
f 2825/2825/2825 2828/2828/2828 3108/3108/3108
f 3109/3109/3109 3108/3108/3108 2828/2828/2828
f 3107/3107/3107 3110/3110/3110 3106/3106/3106
f 3107/3107/3107 3108/3108/3108 3110/3110/3110
f 3109/3109/3109 3111/3111/3111 3108/3108/3108
f 3113/3113/3113 3112/3112/3112 3114/3114/3114
f 3115/3115/3115 3114/3114/3114 3112/3112/3112
f 3114/3114/3114 3115/3115/3115 3116/3116/3116
f 3117/3117/3117 3116/3116/3116 3115/3115/3115
f 3116/3116/3116 3117/3117/3117 3118/3118/3118
f 3119/3119/3119 3118/3118/3118 3117/3117/3117
f 3120/3120/3120 3113/3113/3113 3121/3121/3121
f 3114/3114/3114 3121/3121/3121 3113/3113/3113
f 3114/3114/3114 3116/3116/3116 3121/3121/3121
f 3122/3122/3122 3121/3121/3121 3116/3116/3116
f 3122/3122/3122 3116/3116/3116 3123/3123/3123
f 3118/3118/3118 3123/3123/3123 3116/3116/3116
f 3124/3124/3124 3120/3120/3120 3125/3125/3125
f 3121/3121/3121 3125/3125/3125 3120/3120/3120
f 3121/3121/3121 3122/3122/3122 3125/3125/3125
f 3126/3126/3126 3125/3125/3125 3122/3122/3122
f 3126/3126/3126 3122/3122/3122 3127/3127/3127
f 3123/3123/3123 3127/3127/3127 3122/3122/3122
f 3128/3128/3128 3124/3124/3124 3129/3129/3129
f 3125/3125/3125 3129/3129/3129 3124/3124/3124
f 3125/3125/3125 3126/3126/3126 3129/3129/3129
f 3130/3130/3130 3129/3129/3129 3126/3126/3126
f 3130/3130/3130 3126/3126/3126 3131/3131/3131
f 3127/3127/3127 3131/3131/3131 3126/3126/3126
f 3132/3132/3132 3128/3128/3128 3133/3133/3133
f 3129/3129/3129 3133/3133/3133 3128/3128/3128
f 3129/3129/3129 3130/3130/3130 3133/3133/3133
f 3134/3134/3134 3133/3133/3133 3130/3130/3130
f 3134/3134/3134 3130/3130/3130 3135/3135/3135
f 3131/3131/3131 3135/3135/3135 3130/3130/3130
f 3136/3136/3136 3132/3132/3132 3137/3137/3137
f 3133/3133/3133 3137/3137/3137 3132/3132/3132
f 3133/3133/3133 3134/3134/3134 3137/3137/3137
f 3138/3138/3138 3137/3137/3137 3134/3134/3134
f 3138/3138/3138 3134/3134/3134 3139/3139/3139
f 3135/3135/3135 3139/3139/3139 3134/3134/3134
f 3140/3140/3140 3136/3136/3136 3141/3141/3141
f 3137/3137/3137 3141/3141/3141 3136/3136/3136
f 3137/3137/3137 3138/3138/3138 3141/3141/3141
f 3142/3142/3142 3141/3141/3141 3138/3138/3138
f 3142/3142/3142 3138/3138/3138 3143/3143/3143
f 3139/3139/3139 3143/3143/3143 3138/3138/3138
f 3144/3144/3144 3140/3140/3140 3145/3145/3145
f 3141/3141/3141 3145/3145/3145 3140/3140/3140
f 3141/3141/3141 3142/3142/3142 3145/3145/3145
f 3146/3146/3146 3145/3145/3145 3142/3142/3142
f 3146/3146/3146 3142/3142/3142 3147/3147/3147
f 3143/3143/3143 3147/3147/3147 3142/3142/3142
f 3148/3148/3148 3144/3144/3144 3149/3149/3149
f 3145/3145/3145 3149/3149/3149 3144/3144/3144
f 3145/3145/3145 3146/3146/3146 3149/3149/3149
f 3150/3150/3150 3149/3149/3149 3146/3146/3146
f 3150/3150/3150 3146/3146/3146 3151/3151/3151
f 3147/3147/3147 3151/3151/3151 3146/3146/3146
f 3152/3152/3152 3148/3148/3148 3153/3153/3153
f 3149/3149/3149 3153/3153/3153 3148/3148/3148
f 3149/3149/3149 3150/3150/3150 3153/3153/3153
f 3154/3154/3154 3153/3153/3153 3150/3150/3150
f 3154/3154/3154 3150/3150/3150 3155/3155/3155
f 3151/3151/3151 3155/3155/3155 3150/3150/3150
f 3156/3156/3156 3152/3152/3152 3157/3157/3157
f 3153/3153/3153 3157/3157/3157 3152/3152/3152
f 3153/3153/3153 3154/3154/3154 3157/3157/3157
f 3158/3158/3158 3157/3157/3157 3154/3154/3154
f 3158/3158/3158 3154/3154/3154 3159/3159/3159
f 3155/3155/3155 3159/3159/3159 3154/3154/3154
f 3160/3160/3160 3156/3156/3156 3161/3161/3161
f 3157/3157/3157 3161/3161/3161 3156/3156/3156
f 3157/3157/3157 3158/3158/3158 3161/3161/3161
f 3162/3162/3162 3161/3161/3161 3158/3158/3158
f 3162/3162/3162 3158/3158/3158 3163/3163/3163
f 3159/3159/3159 3163/3163/3163 3158/3158/3158
f 3164/3164/3164 3160/3160/3160 3165/3165/3165
f 3161/3161/3161 3165/3165/3165 3160/3160/3160
f 3161/3161/3161 3162/3162/3162 3165/3165/3165
f 3166/3166/3166 3165/3165/3165 3162/3162/3162
f 3166/3166/3166 3162/3162/3162 3167/3167/3167
f 3163/3163/3163 3167/3167/3167 3162/3162/3162
f 3168/3168/3168 3164/3164/3164 3169/3169/3169
f 3165/3165/3165 3169/3169/3169 3164/3164/3164
f 3165/3165/3165 3166/3166/3166 3169/3169/3169
f 3170/3170/3170 3169/3169/3169 3166/3166/3166
f 3170/3170/3170 3166/3166/3166 3171/3171/3171
f 3167/3167/3167 3171/3171/3171 3166/3166/3166
f 3172/3172/3172 3168/3168/3168 3173/3173/3173
f 3169/3169/3169 3173/3173/3173 3168/3168/3168
f 3169/3169/3169 3170/3170/3170 3173/3173/3173
f 3174/3174/3174 3173/3173/3173 3170/3170/3170
f 3174/3174/3174 3170/3170/3170 3175/3175/3175
f 3171/3171/3171 3175/3175/3175 3170/3170/3170
f 3176/3176/3176 3172/3172/3172 3177/3177/3177
f 3173/3173/3173 3177/3177/3177 3172/3172/3172
f 3173/3173/3173 3174/3174/3174 3177/3177/3177
f 3178/3178/3178 3177/3177/3177 3174/3174/3174
f 3178/3178/3178 3174/3174/3174 3179/3179/3179
f 3175/3175/3175 3179/3179/3179 3174/3174/3174
f 3180/3180/3180 3176/3176/3176 3181/3181/3181
f 3177/3177/3177 3181/3181/3181 3176/3176/3176
f 3177/3177/3177 3178/3178/3178 3181/3181/3181
f 3182/3182/3182 3181/3181/3181 3178/3178/3178
f 3182/3182/3182 3178/3178/3178 3183/3183/3183
f 3179/3179/3179 3183/3183/3183 3178/3178/3178
f 3184/3184/3184 3180/3180/3180 3185/3185/3185
f 3181/3181/3181 3185/3185/3185 3180/3180/3180
f 3181/3181/3181 3182/3182/3182 3185/3185/3185
f 3186/3186/3186 3185/3185/3185 3182/3182/3182
f 3186/3186/3186 3182/3182/3182 3187/3187/3187
f 3183/3183/3183 3187/3187/3187 3182/3182/3182
f 3188/3188/3188 3184/3184/3184 3189/3189/3189
f 3185/3185/3185 3189/3189/3189 3184/3184/3184
f 3185/3185/3185 3186/3186/3186 3189/3189/3189
f 3190/3190/3190 3189/3189/3189 3186/3186/3186
f 3190/3190/3190 3186/3186/3186 3191/3191/3191
f 3187/3187/3187 3191/3191/3191 3186/3186/3186
f 3192/3192/3192 3188/3188/3188 3193/3193/3193
f 3189/3189/3189 3193/3193/3193 3188/3188/3188
f 3189/3189/3189 3190/3190/3190 3193/3193/3193
f 3194/3194/3194 3193/3193/3193 3190/3190/3190
f 3194/3194/3194 3190/3190/3190 3195/3195/3195
f 3191/3191/3191 3195/3195/3195 3190/3190/3190
f 3196/3196/3196 3192/3192/3192 3197/3197/3197
f 3193/3193/3193 3197/3197/3197 3192/3192/3192
f 3193/3193/3193 3194/3194/3194 3197/3197/3197
f 3198/3198/3198 3197/3197/3197 3194/3194/3194
f 3198/3198/3198 3194/3194/3194 3199/3199/3199
f 3195/3195/3195 3199/3199/3199 3194/3194/3194
f 3200/3200/3200 3196/3196/3196 3201/3201/3201
f 3197/3197/3197 3201/3201/3201 3196/3196/3196
f 3197/3197/3197 3198/3198/3198 3201/3201/3201
f 3202/3202/3202 3201/3201/3201 3198/3198/3198
f 3202/3202/3202 3198/3198/3198 3203/3203/3203
f 3199/3199/3199 3203/3203/3203 3198/3198/3198
f 3204/3204/3204 3200/3200/3200 3205/3205/3205
f 3201/3201/3201 3205/3205/3205 3200/3200/3200
f 3201/3201/3201 3202/3202/3202 3205/3205/3205
f 3206/3206/3206 3205/3205/3205 3202/3202/3202
f 3206/3206/3206 3202/3202/3202 3207/3207/3207
f 3203/3203/3203 3207/3207/3207 3202/3202/3202
f 3208/3208/3208 3204/3204/3204 3209/3209/3209
f 3205/3205/3205 3209/3209/3209 3204/3204/3204
f 3205/3205/3205 3206/3206/3206 3209/3209/3209
f 3210/3210/3210 3209/3209/3209 3206/3206/3206
f 3210/3210/3210 3206/3206/3206 3211/3211/3211
f 3207/3207/3207 3211/3211/3211 3206/3206/3206
f 3208/3208/3208 3209/3209/3209 3212/3212/3212
f 3209/3209/3209 3210/3210/3210 3213/3213/3213
f 3210/3210/3210 3211/3211/3211 3214/3214/3214

g 
usemtl 
f 3216/3216/3216 3215/3215/3215 3217/3217/3217
f 3216/3216/3216 3218/3218/3218 3215/3215/3215
f 3216/3216/3216 3219/3219/3219 3218/3218/3218

g branch04
usemtl branch04
f 3221/3221/3221 3220/3220/3220 3222/3222/3222
f 3223/3223/3223 3221/3221/3221 3222/3222/3222
f 3224/3224/3224 3223/3223/3223 3222/3222/3222
f 3220/3220/3220 3224/3224/3224 3222/3222/3222
f 3226/3226/3226 3225/3225/3225 3227/3227/3227
f 3225/3225/3225 3228/3228/3228 3227/3227/3227
f 3228/3228/3228 3229/3229/3229 3227/3227/3227
f 3229/3229/3229 3226/3226/3226 3227/3227/3227
f 3231/3231/3231 3230/3230/3230 3232/3232/3232
f 3233/3233/3233 3231/3231/3231 3232/3232/3232
f 3234/3234/3234 3233/3233/3233 3232/3232/3232
f 3230/3230/3230 3234/3234/3234 3232/3232/3232
f 3236/3236/3236 3235/3235/3235 3237/3237/3237
f 3235/3235/3235 3238/3238/3238 3237/3237/3237
f 3238/3238/3238 3239/3239/3239 3237/3237/3237
f 3239/3239/3239 3236/3236/3236 3237/3237/3237
f 3241/3241/3241 3240/3240/3240 3242/3242/3242
f 3243/3243/3243 3241/3241/3241 3242/3242/3242
f 3244/3244/3244 3243/3243/3243 3242/3242/3242
f 3240/3240/3240 3244/3244/3244 3242/3242/3242
f 3246/3246/3246 3245/3245/3245 3247/3247/3247
f 3245/3245/3245 3248/3248/3248 3247/3247/3247
f 3248/3248/3248 3249/3249/3249 3247/3247/3247
f 3249/3249/3249 3246/3246/3246 3247/3247/3247
f 3251/3251/3251 3250/3250/3250 3252/3252/3252
f 3253/3253/3253 3251/3251/3251 3252/3252/3252
f 3254/3254/3254 3253/3253/3253 3252/3252/3252
f 3250/3250/3250 3254/3254/3254 3252/3252/3252
f 3256/3256/3256 3255/3255/3255 3257/3257/3257
f 3255/3255/3255 3258/3258/3258 3257/3257/3257
f 3258/3258/3258 3259/3259/3259 3257/3257/3257
f 3259/3259/3259 3256/3256/3256 3257/3257/3257
f 3261/3261/3261 3260/3260/3260 3262/3262/3262
f 3263/3263/3263 3261/3261/3261 3262/3262/3262
f 3264/3264/3264 3263/3263/3263 3262/3262/3262
f 3260/3260/3260 3264/3264/3264 3262/3262/3262
f 3266/3266/3266 3265/3265/3265 3267/3267/3267
f 3265/3265/3265 3268/3268/3268 3267/3267/3267
f 3268/3268/3268 3269/3269/3269 3267/3267/3267
f 3269/3269/3269 3266/3266/3266 3267/3267/3267
f 3271/3271/3271 3270/3270/3270 3272/3272/3272
f 3273/3273/3273 3271/3271/3271 3272/3272/3272
f 3274/3274/3274 3273/3273/3273 3272/3272/3272
f 3270/3270/3270 3274/3274/3274 3272/3272/3272
f 3276/3276/3276 3275/3275/3275 3277/3277/3277
f 3275/3275/3275 3278/3278/3278 3277/3277/3277
f 3278/3278/3278 3279/3279/3279 3277/3277/3277
f 3279/3279/3279 3276/3276/3276 3277/3277/3277
f 3281/3281/3281 3280/3280/3280 3282/3282/3282
f 3283/3283/3283 3281/3281/3281 3282/3282/3282
f 3284/3284/3284 3283/3283/3283 3282/3282/3282
f 3280/3280/3280 3284/3284/3284 3282/3282/3282
f 3286/3286/3286 3285/3285/3285 3287/3287/3287
f 3285/3285/3285 3288/3288/3288 3287/3287/3287
f 3288/3288/3288 3289/3289/3289 3287/3287/3287
f 3289/3289/3289 3286/3286/3286 3287/3287/3287
f 3291/3291/3291 3290/3290/3290 3292/3292/3292
f 3293/3293/3293 3291/3291/3291 3292/3292/3292
f 3294/3294/3294 3293/3293/3293 3292/3292/3292
f 3290/3290/3290 3294/3294/3294 3292/3292/3292
f 3296/3296/3296 3295/3295/3295 3297/3297/3297
f 3295/3295/3295 3298/3298/3298 3297/3297/3297
f 3298/3298/3298 3299/3299/3299 3297/3297/3297
f 3299/3299/3299 3296/3296/3296 3297/3297/3297
f 3301/3301/3301 3300/3300/3300 3302/3302/3302
f 3303/3303/3303 3301/3301/3301 3302/3302/3302
f 3304/3304/3304 3303/3303/3303 3302/3302/3302
f 3300/3300/3300 3304/3304/3304 3302/3302/3302
f 3306/3306/3306 3305/3305/3305 3307/3307/3307
f 3305/3305/3305 3308/3308/3308 3307/3307/3307
f 3308/3308/3308 3309/3309/3309 3307/3307/3307
f 3309/3309/3309 3306/3306/3306 3307/3307/3307
f 3311/3311/3311 3310/3310/3310 3312/3312/3312
f 3313/3313/3313 3311/3311/3311 3312/3312/3312
f 3314/3314/3314 3313/3313/3313 3312/3312/3312
f 3310/3310/3310 3314/3314/3314 3312/3312/3312
f 3316/3316/3316 3315/3315/3315 3317/3317/3317
f 3315/3315/3315 3318/3318/3318 3317/3317/3317
f 3318/3318/3318 3319/3319/3319 3317/3317/3317
f 3319/3319/3319 3316/3316/3316 3317/3317/3317
f 3321/3321/3321 3320/3320/3320 3322/3322/3322
f 3323/3323/3323 3321/3321/3321 3322/3322/3322
f 3324/3324/3324 3323/3323/3323 3322/3322/3322
f 3320/3320/3320 3324/3324/3324 3322/3322/3322
f 3326/3326/3326 3325/3325/3325 3327/3327/3327
f 3325/3325/3325 3328/3328/3328 3327/3327/3327
f 3328/3328/3328 3329/3329/3329 3327/3327/3327
f 3329/3329/3329 3326/3326/3326 3327/3327/3327
f 3331/3331/3331 3330/3330/3330 3332/3332/3332
f 3333/3333/3333 3331/3331/3331 3332/3332/3332
f 3334/3334/3334 3333/3333/3333 3332/3332/3332
f 3330/3330/3330 3334/3334/3334 3332/3332/3332
f 3336/3336/3336 3335/3335/3335 3337/3337/3337
f 3335/3335/3335 3338/3338/3338 3337/3337/3337
f 3338/3338/3338 3339/3339/3339 3337/3337/3337
f 3339/3339/3339 3336/3336/3336 3337/3337/3337
f 3341/3341/3341 3340/3340/3340 3342/3342/3342
f 3343/3343/3343 3341/3341/3341 3342/3342/3342
f 3344/3344/3344 3343/3343/3343 3342/3342/3342
f 3340/3340/3340 3344/3344/3344 3342/3342/3342
f 3346/3346/3346 3345/3345/3345 3347/3347/3347
f 3345/3345/3345 3348/3348/3348 3347/3347/3347
f 3348/3348/3348 3349/3349/3349 3347/3347/3347
f 3349/3349/3349 3346/3346/3346 3347/3347/3347
f 3351/3351/3351 3350/3350/3350 3352/3352/3352
f 3353/3353/3353 3351/3351/3351 3352/3352/3352
f 3354/3354/3354 3353/3353/3353 3352/3352/3352
f 3350/3350/3350 3354/3354/3354 3352/3352/3352
f 3356/3356/3356 3355/3355/3355 3357/3357/3357
f 3355/3355/3355 3358/3358/3358 3357/3357/3357
f 3358/3358/3358 3359/3359/3359 3357/3357/3357
f 3359/3359/3359 3356/3356/3356 3357/3357/3357
f 3361/3361/3361 3360/3360/3360 3362/3362/3362
f 3363/3363/3363 3361/3361/3361 3362/3362/3362
f 3364/3364/3364 3363/3363/3363 3362/3362/3362
f 3360/3360/3360 3364/3364/3364 3362/3362/3362
f 3366/3366/3366 3365/3365/3365 3367/3367/3367
f 3365/3365/3365 3368/3368/3368 3367/3367/3367
f 3368/3368/3368 3369/3369/3369 3367/3367/3367
f 3369/3369/3369 3366/3366/3366 3367/3367/3367
f 3371/3371/3371 3370/3370/3370 3372/3372/3372
f 3373/3373/3373 3371/3371/3371 3372/3372/3372
f 3374/3374/3374 3373/3373/3373 3372/3372/3372
f 3370/3370/3370 3374/3374/3374 3372/3372/3372
f 3376/3376/3376 3375/3375/3375 3377/3377/3377
f 3375/3375/3375 3378/3378/3378 3377/3377/3377
f 3378/3378/3378 3379/3379/3379 3377/3377/3377
f 3379/3379/3379 3376/3376/3376 3377/3377/3377
f 3381/3381/3381 3380/3380/3380 3382/3382/3382
f 3383/3383/3383 3381/3381/3381 3382/3382/3382
f 3384/3384/3384 3383/3383/3383 3382/3382/3382
f 3380/3380/3380 3384/3384/3384 3382/3382/3382
f 3386/3386/3386 3385/3385/3385 3387/3387/3387
f 3385/3385/3385 3388/3388/3388 3387/3387/3387
f 3388/3388/3388 3389/3389/3389 3387/3387/3387
f 3389/3389/3389 3386/3386/3386 3387/3387/3387
f 3391/3391/3391 3390/3390/3390 3392/3392/3392
f 3393/3393/3393 3391/3391/3391 3392/3392/3392
f 3394/3394/3394 3393/3393/3393 3392/3392/3392
f 3390/3390/3390 3394/3394/3394 3392/3392/3392
f 3396/3396/3396 3395/3395/3395 3397/3397/3397
f 3395/3395/3395 3398/3398/3398 3397/3397/3397
f 3398/3398/3398 3399/3399/3399 3397/3397/3397
f 3399/3399/3399 3396/3396/3396 3397/3397/3397
f 3401/3401/3401 3400/3400/3400 3402/3402/3402
f 3403/3403/3403 3401/3401/3401 3402/3402/3402
f 3404/3404/3404 3403/3403/3403 3402/3402/3402
f 3400/3400/3400 3404/3404/3404 3402/3402/3402
f 3406/3406/3406 3405/3405/3405 3407/3407/3407
f 3405/3405/3405 3408/3408/3408 3407/3407/3407
f 3408/3408/3408 3409/3409/3409 3407/3407/3407
f 3409/3409/3409 3406/3406/3406 3407/3407/3407
f 3411/3411/3411 3410/3410/3410 3412/3412/3412
f 3413/3413/3413 3411/3411/3411 3412/3412/3412
f 3414/3414/3414 3413/3413/3413 3412/3412/3412
f 3410/3410/3410 3414/3414/3414 3412/3412/3412
f 3416/3416/3416 3415/3415/3415 3417/3417/3417
f 3415/3415/3415 3418/3418/3418 3417/3417/3417
f 3418/3418/3418 3419/3419/3419 3417/3417/3417
f 3419/3419/3419 3416/3416/3416 3417/3417/3417
f 3421/3421/3421 3420/3420/3420 3422/3422/3422
f 3423/3423/3423 3421/3421/3421 3422/3422/3422
f 3424/3424/3424 3423/3423/3423 3422/3422/3422
f 3420/3420/3420 3424/3424/3424 3422/3422/3422
f 3426/3426/3426 3425/3425/3425 3427/3427/3427
f 3425/3425/3425 3428/3428/3428 3427/3427/3427
f 3428/3428/3428 3429/3429/3429 3427/3427/3427
f 3429/3429/3429 3426/3426/3426 3427/3427/3427
f 3431/3431/3431 3430/3430/3430 3432/3432/3432
f 3433/3433/3433 3431/3431/3431 3432/3432/3432
f 3434/3434/3434 3433/3433/3433 3432/3432/3432
f 3430/3430/3430 3434/3434/3434 3432/3432/3432
f 3436/3436/3436 3435/3435/3435 3437/3437/3437
f 3435/3435/3435 3438/3438/3438 3437/3437/3437
f 3438/3438/3438 3439/3439/3439 3437/3437/3437
f 3439/3439/3439 3436/3436/3436 3437/3437/3437
f 3441/3441/3441 3440/3440/3440 3442/3442/3442
f 3443/3443/3443 3441/3441/3441 3442/3442/3442
f 3444/3444/3444 3443/3443/3443 3442/3442/3442
f 3440/3440/3440 3444/3444/3444 3442/3442/3442
f 3446/3446/3446 3445/3445/3445 3447/3447/3447
f 3445/3445/3445 3448/3448/3448 3447/3447/3447
f 3448/3448/3448 3449/3449/3449 3447/3447/3447
f 3449/3449/3449 3446/3446/3446 3447/3447/3447
f 3451/3451/3451 3450/3450/3450 3452/3452/3452
f 3453/3453/3453 3451/3451/3451 3452/3452/3452
f 3454/3454/3454 3453/3453/3453 3452/3452/3452
f 3450/3450/3450 3454/3454/3454 3452/3452/3452
f 3456/3456/3456 3455/3455/3455 3457/3457/3457
f 3455/3455/3455 3458/3458/3458 3457/3457/3457
f 3458/3458/3458 3459/3459/3459 3457/3457/3457
f 3459/3459/3459 3456/3456/3456 3457/3457/3457
f 3461/3461/3461 3460/3460/3460 3462/3462/3462
f 3463/3463/3463 3461/3461/3461 3462/3462/3462
f 3464/3464/3464 3463/3463/3463 3462/3462/3462
f 3460/3460/3460 3464/3464/3464 3462/3462/3462
f 3466/3466/3466 3465/3465/3465 3467/3467/3467
f 3465/3465/3465 3468/3468/3468 3467/3467/3467
f 3468/3468/3468 3469/3469/3469 3467/3467/3467
f 3469/3469/3469 3466/3466/3466 3467/3467/3467
f 3471/3471/3471 3470/3470/3470 3472/3472/3472
f 3473/3473/3473 3471/3471/3471 3472/3472/3472
f 3474/3474/3474 3473/3473/3473 3472/3472/3472
f 3470/3470/3470 3474/3474/3474 3472/3472/3472
f 3476/3476/3476 3475/3475/3475 3477/3477/3477
f 3475/3475/3475 3478/3478/3478 3477/3477/3477
f 3478/3478/3478 3479/3479/3479 3477/3477/3477
f 3479/3479/3479 3476/3476/3476 3477/3477/3477
f 3481/3481/3481 3480/3480/3480 3482/3482/3482
f 3483/3483/3483 3481/3481/3481 3482/3482/3482
f 3484/3484/3484 3483/3483/3483 3482/3482/3482
f 3480/3480/3480 3484/3484/3484 3482/3482/3482
f 3486/3486/3486 3485/3485/3485 3487/3487/3487
f 3485/3485/3485 3488/3488/3488 3487/3487/3487
f 3488/3488/3488 3489/3489/3489 3487/3487/3487
f 3489/3489/3489 3486/3486/3486 3487/3487/3487
f 3491/3491/3491 3490/3490/3490 3492/3492/3492
f 3493/3493/3493 3491/3491/3491 3492/3492/3492
f 3494/3494/3494 3493/3493/3493 3492/3492/3492
f 3490/3490/3490 3494/3494/3494 3492/3492/3492
f 3496/3496/3496 3495/3495/3495 3497/3497/3497
f 3495/3495/3495 3498/3498/3498 3497/3497/3497
f 3498/3498/3498 3499/3499/3499 3497/3497/3497
f 3499/3499/3499 3496/3496/3496 3497/3497/3497
f 3501/3501/3501 3500/3500/3500 3502/3502/3502
f 3503/3503/3503 3501/3501/3501 3502/3502/3502
f 3504/3504/3504 3503/3503/3503 3502/3502/3502
f 3500/3500/3500 3504/3504/3504 3502/3502/3502
f 3506/3506/3506 3505/3505/3505 3507/3507/3507
f 3505/3505/3505 3508/3508/3508 3507/3507/3507
f 3508/3508/3508 3509/3509/3509 3507/3507/3507
f 3509/3509/3509 3506/3506/3506 3507/3507/3507
f 3511/3511/3511 3510/3510/3510 3512/3512/3512
f 3513/3513/3513 3511/3511/3511 3512/3512/3512
f 3514/3514/3514 3513/3513/3513 3512/3512/3512
f 3510/3510/3510 3514/3514/3514 3512/3512/3512
f 3516/3516/3516 3515/3515/3515 3517/3517/3517
f 3515/3515/3515 3518/3518/3518 3517/3517/3517
f 3518/3518/3518 3519/3519/3519 3517/3517/3517
f 3519/3519/3519 3516/3516/3516 3517/3517/3517
f 3521/3521/3521 3520/3520/3520 3522/3522/3522
f 3523/3523/3523 3521/3521/3521 3522/3522/3522
f 3524/3524/3524 3523/3523/3523 3522/3522/3522
f 3520/3520/3520 3524/3524/3524 3522/3522/3522
f 3526/3526/3526 3525/3525/3525 3527/3527/3527
f 3525/3525/3525 3528/3528/3528 3527/3527/3527
f 3528/3528/3528 3529/3529/3529 3527/3527/3527
f 3529/3529/3529 3526/3526/3526 3527/3527/3527
f 3531/3531/3531 3530/3530/3530 3532/3532/3532
f 3533/3533/3533 3531/3531/3531 3532/3532/3532
f 3534/3534/3534 3533/3533/3533 3532/3532/3532
f 3530/3530/3530 3534/3534/3534 3532/3532/3532
f 3536/3536/3536 3535/3535/3535 3537/3537/3537
f 3535/3535/3535 3538/3538/3538 3537/3537/3537
f 3538/3538/3538 3539/3539/3539 3537/3537/3537
f 3539/3539/3539 3536/3536/3536 3537/3537/3537
f 3541/3541/3541 3540/3540/3540 3542/3542/3542
f 3543/3543/3543 3541/3541/3541 3542/3542/3542
f 3544/3544/3544 3543/3543/3543 3542/3542/3542
f 3540/3540/3540 3544/3544/3544 3542/3542/3542
f 3546/3546/3546 3545/3545/3545 3547/3547/3547
f 3545/3545/3545 3548/3548/3548 3547/3547/3547
f 3548/3548/3548 3549/3549/3549 3547/3547/3547
f 3549/3549/3549 3546/3546/3546 3547/3547/3547
f 3551/3551/3551 3550/3550/3550 3552/3552/3552
f 3553/3553/3553 3551/3551/3551 3552/3552/3552
f 3554/3554/3554 3553/3553/3553 3552/3552/3552
f 3550/3550/3550 3554/3554/3554 3552/3552/3552
f 3556/3556/3556 3555/3555/3555 3557/3557/3557
f 3555/3555/3555 3558/3558/3558 3557/3557/3557
f 3558/3558/3558 3559/3559/3559 3557/3557/3557
f 3559/3559/3559 3556/3556/3556 3557/3557/3557
f 3561/3561/3561 3560/3560/3560 3562/3562/3562
f 3563/3563/3563 3561/3561/3561 3562/3562/3562
f 3564/3564/3564 3563/3563/3563 3562/3562/3562
f 3560/3560/3560 3564/3564/3564 3562/3562/3562
f 3566/3566/3566 3565/3565/3565 3567/3567/3567
f 3565/3565/3565 3568/3568/3568 3567/3567/3567
f 3568/3568/3568 3569/3569/3569 3567/3567/3567
f 3569/3569/3569 3566/3566/3566 3567/3567/3567
f 3571/3571/3571 3570/3570/3570 3572/3572/3572
f 3573/3573/3573 3571/3571/3571 3572/3572/3572
f 3574/3574/3574 3573/3573/3573 3572/3572/3572
f 3570/3570/3570 3574/3574/3574 3572/3572/3572
f 3576/3576/3576 3575/3575/3575 3577/3577/3577
f 3575/3575/3575 3578/3578/3578 3577/3577/3577
f 3578/3578/3578 3579/3579/3579 3577/3577/3577
f 3579/3579/3579 3576/3576/3576 3577/3577/3577
f 3581/3581/3581 3580/3580/3580 3582/3582/3582
f 3583/3583/3583 3581/3581/3581 3582/3582/3582
f 3584/3584/3584 3583/3583/3583 3582/3582/3582
f 3580/3580/3580 3584/3584/3584 3582/3582/3582
f 3586/3586/3586 3585/3585/3585 3587/3587/3587
f 3585/3585/3585 3588/3588/3588 3587/3587/3587
f 3588/3588/3588 3589/3589/3589 3587/3587/3587
f 3589/3589/3589 3586/3586/3586 3587/3587/3587
f 3591/3591/3591 3590/3590/3590 3592/3592/3592
f 3593/3593/3593 3591/3591/3591 3592/3592/3592
f 3594/3594/3594 3593/3593/3593 3592/3592/3592
f 3590/3590/3590 3594/3594/3594 3592/3592/3592
f 3596/3596/3596 3595/3595/3595 3597/3597/3597
f 3595/3595/3595 3598/3598/3598 3597/3597/3597
f 3598/3598/3598 3599/3599/3599 3597/3597/3597
f 3599/3599/3599 3596/3596/3596 3597/3597/3597
f 3601/3601/3601 3600/3600/3600 3602/3602/3602
f 3603/3603/3603 3601/3601/3601 3602/3602/3602
f 3604/3604/3604 3603/3603/3603 3602/3602/3602
f 3600/3600/3600 3604/3604/3604 3602/3602/3602
f 3606/3606/3606 3605/3605/3605 3607/3607/3607
f 3605/3605/3605 3608/3608/3608 3607/3607/3607
f 3608/3608/3608 3609/3609/3609 3607/3607/3607
f 3609/3609/3609 3606/3606/3606 3607/3607/3607
f 3611/3611/3611 3610/3610/3610 3612/3612/3612
f 3613/3613/3613 3611/3611/3611 3612/3612/3612
f 3614/3614/3614 3613/3613/3613 3612/3612/3612
f 3610/3610/3610 3614/3614/3614 3612/3612/3612
f 3616/3616/3616 3615/3615/3615 3617/3617/3617
f 3615/3615/3615 3618/3618/3618 3617/3617/3617
f 3618/3618/3618 3619/3619/3619 3617/3617/3617
f 3619/3619/3619 3616/3616/3616 3617/3617/3617
f 3621/3621/3621 3620/3620/3620 3622/3622/3622
f 3623/3623/3623 3621/3621/3621 3622/3622/3622
f 3624/3624/3624 3623/3623/3623 3622/3622/3622
f 3620/3620/3620 3624/3624/3624 3622/3622/3622
f 3626/3626/3626 3625/3625/3625 3627/3627/3627
f 3625/3625/3625 3628/3628/3628 3627/3627/3627
f 3628/3628/3628 3629/3629/3629 3627/3627/3627
f 3629/3629/3629 3626/3626/3626 3627/3627/3627
f 3631/3631/3631 3630/3630/3630 3632/3632/3632
f 3633/3633/3633 3631/3631/3631 3632/3632/3632
f 3634/3634/3634 3633/3633/3633 3632/3632/3632
f 3630/3630/3630 3634/3634/3634 3632/3632/3632
f 3636/3636/3636 3635/3635/3635 3637/3637/3637
f 3635/3635/3635 3638/3638/3638 3637/3637/3637
f 3638/3638/3638 3639/3639/3639 3637/3637/3637
f 3639/3639/3639 3636/3636/3636 3637/3637/3637
f 3641/3641/3641 3640/3640/3640 3642/3642/3642
f 3643/3643/3643 3641/3641/3641 3642/3642/3642
f 3644/3644/3644 3643/3643/3643 3642/3642/3642
f 3640/3640/3640 3644/3644/3644 3642/3642/3642
f 3646/3646/3646 3645/3645/3645 3647/3647/3647
f 3645/3645/3645 3648/3648/3648 3647/3647/3647
f 3648/3648/3648 3649/3649/3649 3647/3647/3647
f 3649/3649/3649 3646/3646/3646 3647/3647/3647
f 3651/3651/3651 3650/3650/3650 3652/3652/3652
f 3653/3653/3653 3651/3651/3651 3652/3652/3652
f 3654/3654/3654 3653/3653/3653 3652/3652/3652
f 3650/3650/3650 3654/3654/3654 3652/3652/3652
f 3656/3656/3656 3655/3655/3655 3657/3657/3657
f 3655/3655/3655 3658/3658/3658 3657/3657/3657
f 3658/3658/3658 3659/3659/3659 3657/3657/3657
f 3659/3659/3659 3656/3656/3656 3657/3657/3657
f 3661/3661/3661 3660/3660/3660 3662/3662/3662
f 3663/3663/3663 3661/3661/3661 3662/3662/3662
f 3664/3664/3664 3663/3663/3663 3662/3662/3662
f 3660/3660/3660 3664/3664/3664 3662/3662/3662
f 3666/3666/3666 3665/3665/3665 3667/3667/3667
f 3665/3665/3665 3668/3668/3668 3667/3667/3667
f 3668/3668/3668 3669/3669/3669 3667/3667/3667
f 3669/3669/3669 3666/3666/3666 3667/3667/3667
f 3671/3671/3671 3670/3670/3670 3672/3672/3672
f 3673/3673/3673 3671/3671/3671 3672/3672/3672
f 3674/3674/3674 3673/3673/3673 3672/3672/3672
f 3670/3670/3670 3674/3674/3674 3672/3672/3672
f 3676/3676/3676 3675/3675/3675 3677/3677/3677
f 3675/3675/3675 3678/3678/3678 3677/3677/3677
f 3678/3678/3678 3679/3679/3679 3677/3677/3677
f 3679/3679/3679 3676/3676/3676 3677/3677/3677
f 3681/3681/3681 3680/3680/3680 3682/3682/3682
f 3683/3683/3683 3681/3681/3681 3682/3682/3682
f 3684/3684/3684 3683/3683/3683 3682/3682/3682
f 3680/3680/3680 3684/3684/3684 3682/3682/3682
f 3686/3686/3686 3685/3685/3685 3687/3687/3687
f 3685/3685/3685 3688/3688/3688 3687/3687/3687
f 3688/3688/3688 3689/3689/3689 3687/3687/3687
f 3689/3689/3689 3686/3686/3686 3687/3687/3687
f 3691/3691/3691 3690/3690/3690 3692/3692/3692
f 3693/3693/3693 3691/3691/3691 3692/3692/3692
f 3694/3694/3694 3693/3693/3693 3692/3692/3692
f 3690/3690/3690 3694/3694/3694 3692/3692/3692
f 3696/3696/3696 3695/3695/3695 3697/3697/3697
f 3695/3695/3695 3698/3698/3698 3697/3697/3697
f 3698/3698/3698 3699/3699/3699 3697/3697/3697
f 3699/3699/3699 3696/3696/3696 3697/3697/3697
f 3701/3701/3701 3700/3700/3700 3702/3702/3702
f 3703/3703/3703 3701/3701/3701 3702/3702/3702
f 3704/3704/3704 3703/3703/3703 3702/3702/3702
f 3700/3700/3700 3704/3704/3704 3702/3702/3702
f 3706/3706/3706 3705/3705/3705 3707/3707/3707
f 3705/3705/3705 3708/3708/3708 3707/3707/3707
f 3708/3708/3708 3709/3709/3709 3707/3707/3707
f 3709/3709/3709 3706/3706/3706 3707/3707/3707
f 3711/3711/3711 3710/3710/3710 3712/3712/3712
f 3713/3713/3713 3711/3711/3711 3712/3712/3712
f 3714/3714/3714 3713/3713/3713 3712/3712/3712
f 3710/3710/3710 3714/3714/3714 3712/3712/3712
f 3716/3716/3716 3715/3715/3715 3717/3717/3717
f 3715/3715/3715 3718/3718/3718 3717/3717/3717
f 3718/3718/3718 3719/3719/3719 3717/3717/3717
f 3719/3719/3719 3716/3716/3716 3717/3717/3717
f 3721/3721/3721 3720/3720/3720 3722/3722/3722
f 3723/3723/3723 3721/3721/3721 3722/3722/3722
f 3724/3724/3724 3723/3723/3723 3722/3722/3722
f 3720/3720/3720 3724/3724/3724 3722/3722/3722
f 3726/3726/3726 3725/3725/3725 3727/3727/3727
f 3725/3725/3725 3728/3728/3728 3727/3727/3727
f 3728/3728/3728 3729/3729/3729 3727/3727/3727
f 3729/3729/3729 3726/3726/3726 3727/3727/3727
f 3731/3731/3731 3730/3730/3730 3732/3732/3732
f 3733/3733/3733 3731/3731/3731 3732/3732/3732
f 3734/3734/3734 3733/3733/3733 3732/3732/3732
f 3730/3730/3730 3734/3734/3734 3732/3732/3732
f 3736/3736/3736 3735/3735/3735 3737/3737/3737
f 3735/3735/3735 3738/3738/3738 3737/3737/3737
f 3738/3738/3738 3739/3739/3739 3737/3737/3737
f 3739/3739/3739 3736/3736/3736 3737/3737/3737
f 3741/3741/3741 3740/3740/3740 3742/3742/3742
f 3743/3743/3743 3741/3741/3741 3742/3742/3742
f 3744/3744/3744 3743/3743/3743 3742/3742/3742
f 3740/3740/3740 3744/3744/3744 3742/3742/3742
f 3746/3746/3746 3745/3745/3745 3747/3747/3747
f 3745/3745/3745 3748/3748/3748 3747/3747/3747
f 3748/3748/3748 3749/3749/3749 3747/3747/3747
f 3749/3749/3749 3746/3746/3746 3747/3747/3747
f 3751/3751/3751 3750/3750/3750 3752/3752/3752
f 3753/3753/3753 3751/3751/3751 3752/3752/3752
f 3754/3754/3754 3753/3753/3753 3752/3752/3752
f 3750/3750/3750 3754/3754/3754 3752/3752/3752
f 3756/3756/3756 3755/3755/3755 3757/3757/3757
f 3755/3755/3755 3758/3758/3758 3757/3757/3757
f 3758/3758/3758 3759/3759/3759 3757/3757/3757
f 3759/3759/3759 3756/3756/3756 3757/3757/3757
f 3761/3761/3761 3760/3760/3760 3762/3762/3762
f 3763/3763/3763 3761/3761/3761 3762/3762/3762
f 3764/3764/3764 3763/3763/3763 3762/3762/3762
f 3760/3760/3760 3764/3764/3764 3762/3762/3762
f 3766/3766/3766 3765/3765/3765 3767/3767/3767
f 3765/3765/3765 3768/3768/3768 3767/3767/3767
f 3768/3768/3768 3769/3769/3769 3767/3767/3767
f 3769/3769/3769 3766/3766/3766 3767/3767/3767
f 3771/3771/3771 3770/3770/3770 3772/3772/3772
f 3773/3773/3773 3771/3771/3771 3772/3772/3772
f 3774/3774/3774 3773/3773/3773 3772/3772/3772
f 3770/3770/3770 3774/3774/3774 3772/3772/3772
f 3776/3776/3776 3775/3775/3775 3777/3777/3777
f 3775/3775/3775 3778/3778/3778 3777/3777/3777
f 3778/3778/3778 3779/3779/3779 3777/3777/3777
f 3779/3779/3779 3776/3776/3776 3777/3777/3777
f 3781/3781/3781 3780/3780/3780 3782/3782/3782
f 3783/3783/3783 3781/3781/3781 3782/3782/3782
f 3784/3784/3784 3783/3783/3783 3782/3782/3782
f 3780/3780/3780 3784/3784/3784 3782/3782/3782
f 3786/3786/3786 3785/3785/3785 3787/3787/3787
f 3785/3785/3785 3788/3788/3788 3787/3787/3787
f 3788/3788/3788 3789/3789/3789 3787/3787/3787
f 3789/3789/3789 3786/3786/3786 3787/3787/3787
f 3791/3791/3791 3790/3790/3790 3792/3792/3792
f 3793/3793/3793 3791/3791/3791 3792/3792/3792
f 3794/3794/3794 3793/3793/3793 3792/3792/3792
f 3790/3790/3790 3794/3794/3794 3792/3792/3792
f 3796/3796/3796 3795/3795/3795 3797/3797/3797
f 3795/3795/3795 3798/3798/3798 3797/3797/3797
f 3798/3798/3798 3799/3799/3799 3797/3797/3797
f 3799/3799/3799 3796/3796/3796 3797/3797/3797
f 3801/3801/3801 3800/3800/3800 3802/3802/3802
f 3803/3803/3803 3801/3801/3801 3802/3802/3802
f 3804/3804/3804 3803/3803/3803 3802/3802/3802
f 3800/3800/3800 3804/3804/3804 3802/3802/3802
f 3806/3806/3806 3805/3805/3805 3807/3807/3807
f 3805/3805/3805 3808/3808/3808 3807/3807/3807
f 3808/3808/3808 3809/3809/3809 3807/3807/3807
f 3809/3809/3809 3806/3806/3806 3807/3807/3807
f 3811/3811/3811 3810/3810/3810 3812/3812/3812
f 3813/3813/3813 3811/3811/3811 3812/3812/3812
f 3814/3814/3814 3813/3813/3813 3812/3812/3812
f 3810/3810/3810 3814/3814/3814 3812/3812/3812
f 3816/3816/3816 3815/3815/3815 3817/3817/3817
f 3815/3815/3815 3818/3818/3818 3817/3817/3817
f 3818/3818/3818 3819/3819/3819 3817/3817/3817
f 3819/3819/3819 3816/3816/3816 3817/3817/3817
f 3821/3821/3821 3820/3820/3820 3822/3822/3822
f 3823/3823/3823 3821/3821/3821 3822/3822/3822
f 3824/3824/3824 3823/3823/3823 3822/3822/3822
f 3820/3820/3820 3824/3824/3824 3822/3822/3822
f 3826/3826/3826 3825/3825/3825 3827/3827/3827
f 3825/3825/3825 3828/3828/3828 3827/3827/3827
f 3828/3828/3828 3829/3829/3829 3827/3827/3827
f 3829/3829/3829 3826/3826/3826 3827/3827/3827
f 3831/3831/3831 3830/3830/3830 3832/3832/3832
f 3833/3833/3833 3831/3831/3831 3832/3832/3832
f 3834/3834/3834 3833/3833/3833 3832/3832/3832
f 3830/3830/3830 3834/3834/3834 3832/3832/3832
f 3836/3836/3836 3835/3835/3835 3837/3837/3837
f 3835/3835/3835 3838/3838/3838 3837/3837/3837
f 3838/3838/3838 3839/3839/3839 3837/3837/3837
f 3839/3839/3839 3836/3836/3836 3837/3837/3837
f 3841/3841/3841 3840/3840/3840 3842/3842/3842
f 3843/3843/3843 3841/3841/3841 3842/3842/3842
f 3844/3844/3844 3843/3843/3843 3842/3842/3842
f 3840/3840/3840 3844/3844/3844 3842/3842/3842
f 3846/3846/3846 3845/3845/3845 3847/3847/3847
f 3845/3845/3845 3848/3848/3848 3847/3847/3847
f 3848/3848/3848 3849/3849/3849 3847/3847/3847
f 3849/3849/3849 3846/3846/3846 3847/3847/3847
f 3851/3851/3851 3850/3850/3850 3852/3852/3852
f 3853/3853/3853 3851/3851/3851 3852/3852/3852
f 3854/3854/3854 3853/3853/3853 3852/3852/3852
f 3850/3850/3850 3854/3854/3854 3852/3852/3852
f 3856/3856/3856 3855/3855/3855 3857/3857/3857
f 3855/3855/3855 3858/3858/3858 3857/3857/3857
f 3858/3858/3858 3859/3859/3859 3857/3857/3857
f 3859/3859/3859 3856/3856/3856 3857/3857/3857
f 3861/3861/3861 3860/3860/3860 3862/3862/3862
f 3863/3863/3863 3861/3861/3861 3862/3862/3862
f 3864/3864/3864 3863/3863/3863 3862/3862/3862
f 3860/3860/3860 3864/3864/3864 3862/3862/3862
f 3866/3866/3866 3865/3865/3865 3867/3867/3867
f 3865/3865/3865 3868/3868/3868 3867/3867/3867
f 3868/3868/3868 3869/3869/3869 3867/3867/3867
f 3869/3869/3869 3866/3866/3866 3867/3867/3867
f 3871/3871/3871 3870/3870/3870 3872/3872/3872
f 3873/3873/3873 3871/3871/3871 3872/3872/3872
f 3874/3874/3874 3873/3873/3873 3872/3872/3872
f 3870/3870/3870 3874/3874/3874 3872/3872/3872
f 3876/3876/3876 3875/3875/3875 3877/3877/3877
f 3875/3875/3875 3878/3878/3878 3877/3877/3877
f 3878/3878/3878 3879/3879/3879 3877/3877/3877
f 3879/3879/3879 3876/3876/3876 3877/3877/3877
f 3881/3881/3881 3880/3880/3880 3882/3882/3882
f 3883/3883/3883 3881/3881/3881 3882/3882/3882
f 3884/3884/3884 3883/3883/3883 3882/3882/3882
f 3880/3880/3880 3884/3884/3884 3882/3882/3882
f 3886/3886/3886 3885/3885/3885 3887/3887/3887
f 3885/3885/3885 3888/3888/3888 3887/3887/3887
f 3888/3888/3888 3889/3889/3889 3887/3887/3887
f 3889/3889/3889 3886/3886/3886 3887/3887/3887
f 3891/3891/3891 3890/3890/3890 3892/3892/3892
f 3893/3893/3893 3891/3891/3891 3892/3892/3892
f 3894/3894/3894 3893/3893/3893 3892/3892/3892
f 3890/3890/3890 3894/3894/3894 3892/3892/3892
f 3896/3896/3896 3895/3895/3895 3897/3897/3897
f 3895/3895/3895 3898/3898/3898 3897/3897/3897
f 3898/3898/3898 3899/3899/3899 3897/3897/3897
f 3899/3899/3899 3896/3896/3896 3897/3897/3897
f 3901/3901/3901 3900/3900/3900 3902/3902/3902
f 3903/3903/3903 3901/3901/3901 3902/3902/3902
f 3904/3904/3904 3903/3903/3903 3902/3902/3902
f 3900/3900/3900 3904/3904/3904 3902/3902/3902
f 3906/3906/3906 3905/3905/3905 3907/3907/3907
f 3905/3905/3905 3908/3908/3908 3907/3907/3907
f 3908/3908/3908 3909/3909/3909 3907/3907/3907
f 3909/3909/3909 3906/3906/3906 3907/3907/3907
f 3911/3911/3911 3910/3910/3910 3912/3912/3912
f 3913/3913/3913 3911/3911/3911 3912/3912/3912
f 3914/3914/3914 3913/3913/3913 3912/3912/3912
f 3910/3910/3910 3914/3914/3914 3912/3912/3912
f 3916/3916/3916 3915/3915/3915 3917/3917/3917
f 3915/3915/3915 3918/3918/3918 3917/3917/3917
f 3918/3918/3918 3919/3919/3919 3917/3917/3917
f 3919/3919/3919 3916/3916/3916 3917/3917/3917
f 3921/3921/3921 3920/3920/3920 3922/3922/3922
f 3923/3923/3923 3921/3921/3921 3922/3922/3922
f 3924/3924/3924 3923/3923/3923 3922/3922/3922
f 3920/3920/3920 3924/3924/3924 3922/3922/3922
f 3926/3926/3926 3925/3925/3925 3927/3927/3927
f 3925/3925/3925 3928/3928/3928 3927/3927/3927
f 3928/3928/3928 3929/3929/3929 3927/3927/3927
f 3929/3929/3929 3926/3926/3926 3927/3927/3927
f 3931/3931/3931 3930/3930/3930 3932/3932/3932
f 3933/3933/3933 3931/3931/3931 3932/3932/3932
f 3934/3934/3934 3933/3933/3933 3932/3932/3932
f 3930/3930/3930 3934/3934/3934 3932/3932/3932
f 3936/3936/3936 3935/3935/3935 3937/3937/3937
f 3935/3935/3935 3938/3938/3938 3937/3937/3937
f 3938/3938/3938 3939/3939/3939 3937/3937/3937
f 3939/3939/3939 3936/3936/3936 3937/3937/3937
f 3941/3941/3941 3940/3940/3940 3942/3942/3942
f 3943/3943/3943 3941/3941/3941 3942/3942/3942
f 3944/3944/3944 3943/3943/3943 3942/3942/3942
f 3940/3940/3940 3944/3944/3944 3942/3942/3942
f 3946/3946/3946 3945/3945/3945 3947/3947/3947
f 3945/3945/3945 3948/3948/3948 3947/3947/3947
f 3948/3948/3948 3949/3949/3949 3947/3947/3947
f 3949/3949/3949 3946/3946/3946 3947/3947/3947
f 3951/3951/3951 3950/3950/3950 3952/3952/3952
f 3953/3953/3953 3951/3951/3951 3952/3952/3952
f 3954/3954/3954 3953/3953/3953 3952/3952/3952
f 3950/3950/3950 3954/3954/3954 3952/3952/3952
f 3956/3956/3956 3955/3955/3955 3957/3957/3957
f 3955/3955/3955 3958/3958/3958 3957/3957/3957
f 3958/3958/3958 3959/3959/3959 3957/3957/3957
f 3959/3959/3959 3956/3956/3956 3957/3957/3957
f 3961/3961/3961 3960/3960/3960 3962/3962/3962
f 3963/3963/3963 3961/3961/3961 3962/3962/3962
f 3964/3964/3964 3963/3963/3963 3962/3962/3962
f 3960/3960/3960 3964/3964/3964 3962/3962/3962
f 3966/3966/3966 3965/3965/3965 3967/3967/3967
f 3965/3965/3965 3968/3968/3968 3967/3967/3967
f 3968/3968/3968 3969/3969/3969 3967/3967/3967
f 3969/3969/3969 3966/3966/3966 3967/3967/3967
f 3971/3971/3971 3970/3970/3970 3972/3972/3972
f 3973/3973/3973 3971/3971/3971 3972/3972/3972
f 3974/3974/3974 3973/3973/3973 3972/3972/3972
f 3970/3970/3970 3974/3974/3974 3972/3972/3972
f 3976/3976/3976 3975/3975/3975 3977/3977/3977
f 3975/3975/3975 3978/3978/3978 3977/3977/3977
f 3978/3978/3978 3979/3979/3979 3977/3977/3977
f 3979/3979/3979 3976/3976/3976 3977/3977/3977
f 3981/3981/3981 3980/3980/3980 3982/3982/3982
f 3983/3983/3983 3981/3981/3981 3982/3982/3982
f 3984/3984/3984 3983/3983/3983 3982/3982/3982
f 3980/3980/3980 3984/3984/3984 3982/3982/3982
f 3986/3986/3986 3985/3985/3985 3987/3987/3987
f 3985/3985/3985 3988/3988/3988 3987/3987/3987
f 3988/3988/3988 3989/3989/3989 3987/3987/3987
f 3989/3989/3989 3986/3986/3986 3987/3987/3987
f 3991/3991/3991 3990/3990/3990 3992/3992/3992
f 3993/3993/3993 3991/3991/3991 3992/3992/3992
f 3994/3994/3994 3993/3993/3993 3992/3992/3992
f 3990/3990/3990 3994/3994/3994 3992/3992/3992
f 3996/3996/3996 3995/3995/3995 3997/3997/3997
f 3995/3995/3995 3998/3998/3998 3997/3997/3997
f 3998/3998/3998 3999/3999/3999 3997/3997/3997
f 3999/3999/3999 3996/3996/3996 3997/3997/3997
f 4001/4001/4001 4000/4000/4000 4002/4002/4002
f 4003/4003/4003 4001/4001/4001 4002/4002/4002
f 4004/4004/4004 4003/4003/4003 4002/4002/4002
f 4000/4000/4000 4004/4004/4004 4002/4002/4002
f 4006/4006/4006 4005/4005/4005 4007/4007/4007
f 4005/4005/4005 4008/4008/4008 4007/4007/4007
f 4008/4008/4008 4009/4009/4009 4007/4007/4007
f 4009/4009/4009 4006/4006/4006 4007/4007/4007
f 4011/4011/4011 4010/4010/4010 4012/4012/4012
f 4013/4013/4013 4011/4011/4011 4012/4012/4012
f 4014/4014/4014 4013/4013/4013 4012/4012/4012
f 4010/4010/4010 4014/4014/4014 4012/4012/4012
f 4016/4016/4016 4015/4015/4015 4017/4017/4017
f 4015/4015/4015 4018/4018/4018 4017/4017/4017
f 4018/4018/4018 4019/4019/4019 4017/4017/4017
f 4019/4019/4019 4016/4016/4016 4017/4017/4017
f 4021/4021/4021 4020/4020/4020 4022/4022/4022
f 4023/4023/4023 4021/4021/4021 4022/4022/4022
f 4024/4024/4024 4023/4023/4023 4022/4022/4022
f 4020/4020/4020 4024/4024/4024 4022/4022/4022
f 4026/4026/4026 4025/4025/4025 4027/4027/4027
f 4025/4025/4025 4028/4028/4028 4027/4027/4027
f 4028/4028/4028 4029/4029/4029 4027/4027/4027
f 4029/4029/4029 4026/4026/4026 4027/4027/4027
f 4031/4031/4031 4030/4030/4030 4032/4032/4032
f 4033/4033/4033 4031/4031/4031 4032/4032/4032
f 4034/4034/4034 4033/4033/4033 4032/4032/4032
f 4030/4030/4030 4034/4034/4034 4032/4032/4032
f 4036/4036/4036 4035/4035/4035 4037/4037/4037
f 4035/4035/4035 4038/4038/4038 4037/4037/4037
f 4038/4038/4038 4039/4039/4039 4037/4037/4037
f 4039/4039/4039 4036/4036/4036 4037/4037/4037
f 4041/4041/4041 4040/4040/4040 4042/4042/4042
f 4043/4043/4043 4041/4041/4041 4042/4042/4042
f 4044/4044/4044 4043/4043/4043 4042/4042/4042
f 4040/4040/4040 4044/4044/4044 4042/4042/4042
f 4046/4046/4046 4045/4045/4045 4047/4047/4047
f 4045/4045/4045 4048/4048/4048 4047/4047/4047
f 4048/4048/4048 4049/4049/4049 4047/4047/4047
f 4049/4049/4049 4046/4046/4046 4047/4047/4047
f 4051/4051/4051 4050/4050/4050 4052/4052/4052
f 4053/4053/4053 4051/4051/4051 4052/4052/4052
f 4054/4054/4054 4053/4053/4053 4052/4052/4052
f 4050/4050/4050 4054/4054/4054 4052/4052/4052
f 4056/4056/4056 4055/4055/4055 4057/4057/4057
f 4055/4055/4055 4058/4058/4058 4057/4057/4057
f 4058/4058/4058 4059/4059/4059 4057/4057/4057
f 4059/4059/4059 4056/4056/4056 4057/4057/4057
f 4061/4061/4061 4060/4060/4060 4062/4062/4062
f 4063/4063/4063 4061/4061/4061 4062/4062/4062
f 4064/4064/4064 4063/4063/4063 4062/4062/4062
f 4060/4060/4060 4064/4064/4064 4062/4062/4062
f 4066/4066/4066 4065/4065/4065 4067/4067/4067
f 4065/4065/4065 4068/4068/4068 4067/4067/4067
f 4068/4068/4068 4069/4069/4069 4067/4067/4067
f 4069/4069/4069 4066/4066/4066 4067/4067/4067
f 4071/4071/4071 4070/4070/4070 4072/4072/4072
f 4073/4073/4073 4071/4071/4071 4072/4072/4072
f 4074/4074/4074 4073/4073/4073 4072/4072/4072
f 4070/4070/4070 4074/4074/4074 4072/4072/4072
f 4076/4076/4076 4075/4075/4075 4077/4077/4077
f 4075/4075/4075 4078/4078/4078 4077/4077/4077
f 4078/4078/4078 4079/4079/4079 4077/4077/4077
f 4079/4079/4079 4076/4076/4076 4077/4077/4077
f 4081/4081/4081 4080/4080/4080 4082/4082/4082
f 4083/4083/4083 4081/4081/4081 4082/4082/4082
f 4084/4084/4084 4083/4083/4083 4082/4082/4082
f 4080/4080/4080 4084/4084/4084 4082/4082/4082
f 4086/4086/4086 4085/4085/4085 4087/4087/4087
f 4085/4085/4085 4088/4088/4088 4087/4087/4087
f 4088/4088/4088 4089/4089/4089 4087/4087/4087
f 4089/4089/4089 4086/4086/4086 4087/4087/4087
f 4091/4091/4091 4090/4090/4090 4092/4092/4092
f 4093/4093/4093 4091/4091/4091 4092/4092/4092
f 4094/4094/4094 4093/4093/4093 4092/4092/4092
f 4090/4090/4090 4094/4094/4094 4092/4092/4092
f 4096/4096/4096 4095/4095/4095 4097/4097/4097
f 4095/4095/4095 4098/4098/4098 4097/4097/4097
f 4098/4098/4098 4099/4099/4099 4097/4097/4097
f 4099/4099/4099 4096/4096/4096 4097/4097/4097
f 4101/4101/4101 4100/4100/4100 4102/4102/4102
f 4103/4103/4103 4101/4101/4101 4102/4102/4102
f 4104/4104/4104 4103/4103/4103 4102/4102/4102
f 4100/4100/4100 4104/4104/4104 4102/4102/4102
f 4106/4106/4106 4105/4105/4105 4107/4107/4107
f 4105/4105/4105 4108/4108/4108 4107/4107/4107
f 4108/4108/4108 4109/4109/4109 4107/4107/4107
f 4109/4109/4109 4106/4106/4106 4107/4107/4107
f 4111/4111/4111 4110/4110/4110 4112/4112/4112
f 4113/4113/4113 4111/4111/4111 4112/4112/4112
f 4114/4114/4114 4113/4113/4113 4112/4112/4112
f 4110/4110/4110 4114/4114/4114 4112/4112/4112
f 4116/4116/4116 4115/4115/4115 4117/4117/4117
f 4115/4115/4115 4118/4118/4118 4117/4117/4117
f 4118/4118/4118 4119/4119/4119 4117/4117/4117
f 4119/4119/4119 4116/4116/4116 4117/4117/4117
f 4121/4121/4121 4120/4120/4120 4122/4122/4122
f 4123/4123/4123 4121/4121/4121 4122/4122/4122
f 4124/4124/4124 4123/4123/4123 4122/4122/4122
f 4120/4120/4120 4124/4124/4124 4122/4122/4122
f 4126/4126/4126 4125/4125/4125 4127/4127/4127
f 4125/4125/4125 4128/4128/4128 4127/4127/4127
f 4128/4128/4128 4129/4129/4129 4127/4127/4127
f 4129/4129/4129 4126/4126/4126 4127/4127/4127
f 4131/4131/4131 4130/4130/4130 4132/4132/4132
f 4133/4133/4133 4131/4131/4131 4132/4132/4132
f 4134/4134/4134 4133/4133/4133 4132/4132/4132
f 4130/4130/4130 4134/4134/4134 4132/4132/4132
f 4136/4136/4136 4135/4135/4135 4137/4137/4137
f 4135/4135/4135 4138/4138/4138 4137/4137/4137
f 4138/4138/4138 4139/4139/4139 4137/4137/4137
f 4139/4139/4139 4136/4136/4136 4137/4137/4137
f 4141/4141/4141 4140/4140/4140 4142/4142/4142
f 4143/4143/4143 4141/4141/4141 4142/4142/4142
f 4144/4144/4144 4143/4143/4143 4142/4142/4142
f 4140/4140/4140 4144/4144/4144 4142/4142/4142
f 4146/4146/4146 4145/4145/4145 4147/4147/4147
f 4145/4145/4145 4148/4148/4148 4147/4147/4147
f 4148/4148/4148 4149/4149/4149 4147/4147/4147
f 4149/4149/4149 4146/4146/4146 4147/4147/4147
f 4151/4151/4151 4150/4150/4150 4152/4152/4152
f 4153/4153/4153 4151/4151/4151 4152/4152/4152
f 4154/4154/4154 4153/4153/4153 4152/4152/4152
f 4150/4150/4150 4154/4154/4154 4152/4152/4152
f 4156/4156/4156 4155/4155/4155 4157/4157/4157
f 4155/4155/4155 4158/4158/4158 4157/4157/4157
f 4158/4158/4158 4159/4159/4159 4157/4157/4157
f 4159/4159/4159 4156/4156/4156 4157/4157/4157
f 4161/4161/4161 4160/4160/4160 4162/4162/4162
f 4163/4163/4163 4161/4161/4161 4162/4162/4162
f 4164/4164/4164 4163/4163/4163 4162/4162/4162
f 4160/4160/4160 4164/4164/4164 4162/4162/4162
f 4166/4166/4166 4165/4165/4165 4167/4167/4167
f 4165/4165/4165 4168/4168/4168 4167/4167/4167
f 4168/4168/4168 4169/4169/4169 4167/4167/4167
f 4169/4169/4169 4166/4166/4166 4167/4167/4167
f 4171/4171/4171 4170/4170/4170 4172/4172/4172
f 4173/4173/4173 4171/4171/4171 4172/4172/4172
f 4174/4174/4174 4173/4173/4173 4172/4172/4172
f 4170/4170/4170 4174/4174/4174 4172/4172/4172
f 4176/4176/4176 4175/4175/4175 4177/4177/4177
f 4175/4175/4175 4178/4178/4178 4177/4177/4177
f 4178/4178/4178 4179/4179/4179 4177/4177/4177
f 4179/4179/4179 4176/4176/4176 4177/4177/4177
f 4181/4181/4181 4180/4180/4180 4182/4182/4182
f 4183/4183/4183 4181/4181/4181 4182/4182/4182
f 4184/4184/4184 4183/4183/4183 4182/4182/4182
f 4180/4180/4180 4184/4184/4184 4182/4182/4182
f 4186/4186/4186 4185/4185/4185 4187/4187/4187
f 4185/4185/4185 4188/4188/4188 4187/4187/4187
f 4188/4188/4188 4189/4189/4189 4187/4187/4187
f 4189/4189/4189 4186/4186/4186 4187/4187/4187
f 4191/4191/4191 4190/4190/4190 4192/4192/4192
f 4193/4193/4193 4191/4191/4191 4192/4192/4192
f 4194/4194/4194 4193/4193/4193 4192/4192/4192
f 4190/4190/4190 4194/4194/4194 4192/4192/4192
f 4196/4196/4196 4195/4195/4195 4197/4197/4197
f 4195/4195/4195 4198/4198/4198 4197/4197/4197
f 4198/4198/4198 4199/4199/4199 4197/4197/4197
f 4199/4199/4199 4196/4196/4196 4197/4197/4197
f 4201/4201/4201 4200/4200/4200 4202/4202/4202
f 4203/4203/4203 4201/4201/4201 4202/4202/4202
f 4204/4204/4204 4203/4203/4203 4202/4202/4202
f 4200/4200/4200 4204/4204/4204 4202/4202/4202
f 4206/4206/4206 4205/4205/4205 4207/4207/4207
f 4205/4205/4205 4208/4208/4208 4207/4207/4207
f 4208/4208/4208 4209/4209/4209 4207/4207/4207
f 4209/4209/4209 4206/4206/4206 4207/4207/4207
f 4211/4211/4211 4210/4210/4210 4212/4212/4212
f 4213/4213/4213 4211/4211/4211 4212/4212/4212
f 4214/4214/4214 4213/4213/4213 4212/4212/4212
f 4210/4210/4210 4214/4214/4214 4212/4212/4212
f 4216/4216/4216 4215/4215/4215 4217/4217/4217
f 4215/4215/4215 4218/4218/4218 4217/4217/4217
f 4218/4218/4218 4219/4219/4219 4217/4217/4217
f 4219/4219/4219 4216/4216/4216 4217/4217/4217
f 4221/4221/4221 4220/4220/4220 4222/4222/4222
f 4223/4223/4223 4221/4221/4221 4222/4222/4222
f 4224/4224/4224 4223/4223/4223 4222/4222/4222
f 4220/4220/4220 4224/4224/4224 4222/4222/4222
f 4226/4226/4226 4225/4225/4225 4227/4227/4227
f 4225/4225/4225 4228/4228/4228 4227/4227/4227
f 4228/4228/4228 4229/4229/4229 4227/4227/4227
f 4229/4229/4229 4226/4226/4226 4227/4227/4227
f 4231/4231/4231 4230/4230/4230 4232/4232/4232
f 4233/4233/4233 4231/4231/4231 4232/4232/4232
f 4234/4234/4234 4233/4233/4233 4232/4232/4232
f 4230/4230/4230 4234/4234/4234 4232/4232/4232
f 4236/4236/4236 4235/4235/4235 4237/4237/4237
f 4235/4235/4235 4238/4238/4238 4237/4237/4237
f 4238/4238/4238 4239/4239/4239 4237/4237/4237
f 4239/4239/4239 4236/4236/4236 4237/4237/4237
f 4241/4241/4241 4240/4240/4240 4242/4242/4242
f 4243/4243/4243 4241/4241/4241 4242/4242/4242
f 4244/4244/4244 4243/4243/4243 4242/4242/4242
f 4240/4240/4240 4244/4244/4244 4242/4242/4242
f 4246/4246/4246 4245/4245/4245 4247/4247/4247
f 4245/4245/4245 4248/4248/4248 4247/4247/4247
f 4248/4248/4248 4249/4249/4249 4247/4247/4247
f 4249/4249/4249 4246/4246/4246 4247/4247/4247
f 4251/4251/4251 4250/4250/4250 4252/4252/4252
f 4253/4253/4253 4251/4251/4251 4252/4252/4252
f 4254/4254/4254 4253/4253/4253 4252/4252/4252
f 4250/4250/4250 4254/4254/4254 4252/4252/4252
f 4256/4256/4256 4255/4255/4255 4257/4257/4257
f 4255/4255/4255 4258/4258/4258 4257/4257/4257
f 4258/4258/4258 4259/4259/4259 4257/4257/4257
f 4259/4259/4259 4256/4256/4256 4257/4257/4257
f 4261/4261/4261 4260/4260/4260 4262/4262/4262
f 4263/4263/4263 4261/4261/4261 4262/4262/4262
f 4264/4264/4264 4263/4263/4263 4262/4262/4262
f 4260/4260/4260 4264/4264/4264 4262/4262/4262
f 4266/4266/4266 4265/4265/4265 4267/4267/4267
f 4265/4265/4265 4268/4268/4268 4267/4267/4267
f 4268/4268/4268 4269/4269/4269 4267/4267/4267
f 4269/4269/4269 4266/4266/4266 4267/4267/4267
f 4271/4271/4271 4270/4270/4270 4272/4272/4272
f 4273/4273/4273 4271/4271/4271 4272/4272/4272
f 4274/4274/4274 4273/4273/4273 4272/4272/4272
f 4270/4270/4270 4274/4274/4274 4272/4272/4272
f 4276/4276/4276 4275/4275/4275 4277/4277/4277
f 4275/4275/4275 4278/4278/4278 4277/4277/4277
f 4278/4278/4278 4279/4279/4279 4277/4277/4277
f 4279/4279/4279 4276/4276/4276 4277/4277/4277
f 4281/4281/4281 4280/4280/4280 4282/4282/4282
f 4283/4283/4283 4281/4281/4281 4282/4282/4282
f 4284/4284/4284 4283/4283/4283 4282/4282/4282
f 4280/4280/4280 4284/4284/4284 4282/4282/4282
f 4286/4286/4286 4285/4285/4285 4287/4287/4287
f 4285/4285/4285 4288/4288/4288 4287/4287/4287
f 4288/4288/4288 4289/4289/4289 4287/4287/4287
f 4289/4289/4289 4286/4286/4286 4287/4287/4287
f 4291/4291/4291 4290/4290/4290 4292/4292/4292
f 4293/4293/4293 4291/4291/4291 4292/4292/4292
f 4294/4294/4294 4293/4293/4293 4292/4292/4292
f 4290/4290/4290 4294/4294/4294 4292/4292/4292
f 4296/4296/4296 4295/4295/4295 4297/4297/4297
f 4295/4295/4295 4298/4298/4298 4297/4297/4297
f 4298/4298/4298 4299/4299/4299 4297/4297/4297
f 4299/4299/4299 4296/4296/4296 4297/4297/4297
f 4301/4301/4301 4300/4300/4300 4302/4302/4302
f 4303/4303/4303 4301/4301/4301 4302/4302/4302
f 4304/4304/4304 4303/4303/4303 4302/4302/4302
f 4300/4300/4300 4304/4304/4304 4302/4302/4302
f 4306/4306/4306 4305/4305/4305 4307/4307/4307
f 4305/4305/4305 4308/4308/4308 4307/4307/4307
f 4308/4308/4308 4309/4309/4309 4307/4307/4307
f 4309/4309/4309 4306/4306/4306 4307/4307/4307
f 4311/4311/4311 4310/4310/4310 4312/4312/4312
f 4313/4313/4313 4311/4311/4311 4312/4312/4312
f 4314/4314/4314 4313/4313/4313 4312/4312/4312
f 4310/4310/4310 4314/4314/4314 4312/4312/4312
f 4316/4316/4316 4315/4315/4315 4317/4317/4317
f 4315/4315/4315 4318/4318/4318 4317/4317/4317
f 4318/4318/4318 4319/4319/4319 4317/4317/4317
f 4319/4319/4319 4316/4316/4316 4317/4317/4317
f 4321/4321/4321 4320/4320/4320 4322/4322/4322
f 4323/4323/4323 4321/4321/4321 4322/4322/4322
f 4324/4324/4324 4323/4323/4323 4322/4322/4322
f 4320/4320/4320 4324/4324/4324 4322/4322/4322
f 4326/4326/4326 4325/4325/4325 4327/4327/4327
f 4325/4325/4325 4328/4328/4328 4327/4327/4327
f 4328/4328/4328 4329/4329/4329 4327/4327/4327
f 4329/4329/4329 4326/4326/4326 4327/4327/4327
f 4331/4331/4331 4330/4330/4330 4332/4332/4332
f 4333/4333/4333 4331/4331/4331 4332/4332/4332
f 4334/4334/4334 4333/4333/4333 4332/4332/4332
f 4330/4330/4330 4334/4334/4334 4332/4332/4332
f 4336/4336/4336 4335/4335/4335 4337/4337/4337
f 4335/4335/4335 4338/4338/4338 4337/4337/4337
f 4338/4338/4338 4339/4339/4339 4337/4337/4337
f 4339/4339/4339 4336/4336/4336 4337/4337/4337

